Requirement ID,Lifecycle/readiness class,Ledger packet destination,Derived packet rows,Exact resolved source,Contingent,Deferred,Result
KBDL-A11Y-001,Approved,None — Approved,[],Explicit None permitted only for Approved,False,False,PASS
KBDL-A11Y-002,Approved,None — Approved,[],Explicit None permitted only for Approved,False,False,PASS
KBDL-A11Y-003,Approved,None — Approved,[],Explicit None permitted only for Approved,False,False,PASS
KBDL-A11Y-004,Approved,None — Approved,[],Explicit None permitted only for Approved,False,False,PASS
KBDL-A11Y-005,Approved,None — Approved,[],Explicit None permitted only for Approved,False,False,PASS
KBDL-A11Y-006,Approved,None — Approved,[],Explicit None permitted only for Approved,False,False,PASS
KBDL-A11Y-007,Approved,None — Approved,[],Explicit None permitted only for Approved,False,False,PASS
KBDL-A11Y-008,Approved,None — Approved,[],Explicit None permitted only for Approved,False,False,PASS
KBDL-A11Y-009,Approved,None — Approved,[],Explicit None permitted only for Approved,False,False,PASS
KBDL-A11Y-010,Approved,None — Approved,[],Explicit None permitted only for Approved,False,False,PASS
KBDL-A11Y-011,Recommended,accessibility.md — 49.2 Recommended Decisions — Ready for Approval — item 2,"[{""Document"": ""components-core.md"", ""Section"": ""353-unresolved-or-not-approval-ready"", ""Section title"": ""35.3 Unresolved or Not Approval-Ready"", ""Line"": 2030, ""Item numbers"": [], ""Row"": ""(`KBDL-RSP-002`–`005`, `008`, `011`; `KBDL-A11Y-011`, `021`, `035`) as""}, {""Document"": ""accessibility.md"", ""Section"": ""492-recommended-decisions--ready-for-approval"", ""Section title"": ""49.2 Recommended Decisions — Ready for Approval"", ""Line"": 1155, ""Item numbers"": [2], ""Row"": ""| 2 | Forced-colors and high-contrast policy | Adopt the requirements in [§16](#16-light-dark-forced-colors-and-high-contrast-behavior) (`KBDL-A11Y-011`) | Fills a genuine gap explicitly excluded from KBDL-004's theme approval; framework-neutral, does not prescribe CSS | No forced-colors policy at all (rejected — leaves users of this OS/browser feature unsupported) | Requires testing light/dark/forced-colors as three separate cases, an added QA cost | This is itself the accessibility deliverable | Not applicable | Not applicable | Does not reopen any approved theme mapping; adds a parallel, independent presentation mode | Negligible | None | `KBDL-A11Y-011` | Item 2 only — does not approve any specific palette or CSS mechanism, policy only |""}, {""Document"": ""accessibility.md"", ""Section"": ""492-recommended-decisions--ready-for-approval"", ""Section title"": ""49.2 Recommended Decisions — Ready for Approval"", ""Line"": 1155, ""Item numbers"": [2], ""Row"": ""| 2 | Forced-colors and high-contrast policy | Adopt the requirements in [§16](#16-light-dark-forced-colors-and-high-contrast-behavior) (`KBDL-A11Y-011`) | Fills a genuine gap explicitly excluded from KBDL-004's theme approval; framework-neutral, does not prescribe CSS | No forced-colors policy at all (rejected — leaves users of this OS/browser feature unsupported) | Requires testing light/dark/forced-colors as three separate cases, an added QA cost | This is itself the accessibility deliverable | Not applicable | Not applicable | Does not reopen any approved theme mapping; adds a parallel, independent presentation mode | Negligible | None | `KBDL-A11Y-011` | Item 2 only — does not approve any specific palette or CSS mechanism, policy only |""}, {""Document"": ""components-system.md"", ""Section"": ""333-unresolved-or-not-approval-ready"", ""Section title"": ""33.3 Unresolved or Not Approval-Ready"", ""Line"": 1720, ""Item numbers"": [], ""Row"": ""depends on the still-unapproved `KBDL-A11Y-011`; cited as unapproved""}, {""Document"": ""components-system.md"", ""Section"": ""40-deferred-and-unresolved-items"", ""Section title"": ""40. Deferred and Unresolved Items"", ""Line"": 1906, ""Item numbers"": [], ""Row"": ""on unapproved `KBDL-A11Y-011`.""}]",accessibility.md:1155 item=[2]; accessibility.md:1155 item=[2],False,False,PASS
KBDL-A11Y-012,Approved,None — Approved,[],Explicit None permitted only for Approved,False,False,PASS
KBDL-A11Y-013,Approved,None — Approved,[],Explicit None permitted only for Approved,False,False,PASS
KBDL-A11Y-014,Approved,None — Approved,[],Explicit None permitted only for Approved,False,False,PASS
KBDL-A11Y-015,Approved,None — Approved,[],Explicit None permitted only for Approved,False,False,PASS
KBDL-A11Y-016,Approved,None — Approved,[],Explicit None permitted only for Approved,False,False,PASS
KBDL-A11Y-017,Approved,None — Approved,[],Explicit None permitted only for Approved,False,False,PASS
KBDL-A11Y-018,Approved,None — Approved,[],Explicit None permitted only for Approved,False,False,PASS
KBDL-A11Y-019,Approved,None — Approved,[],Explicit None permitted only for Approved,False,False,PASS
KBDL-A11Y-020,Approved,None — Approved,"[{""Document"": ""accessibility.md"", ""Section"": ""492-recommended-decisions--ready-for-approval"", ""Section title"": ""49.2 Recommended Decisions — Ready for Approval"", ""Line"": 1154, ""Item numbers"": [1], ""Row"": ""| 1 | Preferred enhanced target size | Adopt a 44-by-44 CSS-pixel preferred target for primary actions, above the 24-by-24 WCAG minimum (`KBDL-A11Y-021`) | Improves touch usability beyond the floor, consistent with common platform guidance | Keep only the WCAG 24×24 minimum (rejected — KBDL-005/006 already prefer generous touch targets elsewhere) | Larger targets consume more layout space at `compact`; must be reconciled with [responsive.md §10](responsive.md#10-gutters-and-responsive-spacing) | Exceeds, never weakens, the WCAG floor | Interacts with spacing-compression limits | Not applicable | Not applicable | Negligible | `KBDL-A11Y-020` | `KBDL-A11Y-021` | Item 1 only — does not touch the WCAG-mandated minimum (`KBDL-A11Y-020`), which remains Approved and unaffected either way |""}, {""Document"": ""accessibility.md"", ""Section"": ""492-recommended-decisions--ready-for-approval"", ""Section title"": ""49.2 Recommended Decisions — Ready for Approval"", ""Line"": 1154, ""Item numbers"": [1], ""Row"": ""| 1 | Preferred enhanced target size | Adopt a 44-by-44 CSS-pixel preferred target for primary actions, above the 24-by-24 WCAG minimum (`KBDL-A11Y-021`) | Improves touch usability beyond the floor, consistent with common platform guidance | Keep only the WCAG 24×24 minimum (rejected — KBDL-005/006 already prefer generous touch targets elsewhere) | Larger targets consume more layout space at `compact`; must be reconciled with [responsive.md §10](responsive.md#10-gutters-and-responsive-spacing) | Exceeds, never weakens, the WCAG floor | Interacts with spacing-compression limits | Not applicable | Not applicable | Negligible | `KBDL-A11Y-020` | `KBDL-A11Y-021` | Item 1 only — does not touch the WCAG-mandated minimum (`KBDL-A11Y-020`), which remains Approved and unaffected either way |""}]",Explicit None permitted only for Approved,False,False,PASS
KBDL-A11Y-021,Recommended,accessibility.md — 49.2 Recommended Decisions — Ready for Approval — item 1,"[{""Document"": ""components-core.md"", ""Section"": ""353-unresolved-or-not-approval-ready"", ""Section title"": ""35.3 Unresolved or Not Approval-Ready"", ""Line"": 1998, ""Item numbers"": [], ""Row"": ""independently approval-ready)** — adopting the KBDL-006 `KBDL-A11Y-021`""}, {""Document"": ""components-core.md"", ""Section"": ""353-unresolved-or-not-approval-ready"", ""Section title"": ""35.3 Unresolved or Not Approval-Ready"", ""Line"": 2000, ""Item numbers"": [], ""Row"": ""variants, once `KBDL-A11Y-021` itself is approved. This item is""}, {""Document"": ""components-core.md"", ""Section"": ""353-unresolved-or-not-approval-ready"", ""Section title"": ""35.3 Unresolved or Not Approval-Ready"", ""Line"": 2006, ""Item numbers"": [], ""Row"": ""whether `KBDL-A11Y-021` is ever approved. It remains outside the exact""}, {""Document"": ""components-core.md"", ""Section"": ""353-unresolved-or-not-approval-ready"", ""Section title"": ""35.3 Unresolved or Not Approval-Ready"", ""Line"": 2008, ""Item numbers"": [], ""Row"": ""authority. Related: `KBDL-A11Y-021`, `KBDL-CMP-010`, `014`, `016`.""}, {""Document"": ""components-core.md"", ""Section"": ""36-deferred-and-unresolved-items"", ""Section title"": ""36. Deferred and Unresolved Items"", ""Line"": 2135, ""Item numbers"": [], ""Row"": ""unapproved `KBDL-A11Y-021`; not independently approval-ready and not a""}, {""Document"": ""accessibility.md"", ""Section"": ""492-recommended-decisions--ready-for-approval"", ""Section title"": ""49.2 Recommended Decisions — Ready for Approval"", ""Line"": 1154, ""Item numbers"": [1], ""Row"": ""| 1 | Preferred enhanced target size | Adopt a 44-by-44 CSS-pixel preferred target for primary actions, above the 24-by-24 WCAG minimum (`KBDL-A11Y-021`) | Improves touch usability beyond the floor, consistent with common platform guidance | Keep only the WCAG 24×24 minimum (rejected — KBDL-005/006 already prefer generous touch targets elsewhere) | Larger targets consume more layout space at `compact`; must be reconciled with [responsive.md §10](responsive.md#10-gutters-and-responsive-spacing) | Exceeds, never weakens, the WCAG floor | Interacts with spacing-compression limits | Not applicable | Not applicable | Negligible | `KBDL-A11Y-020` | `KBDL-A11Y-021` | Item 1 only — does not touch the WCAG-mandated minimum (`KBDL-A11Y-020`), which remains Approved and unaffected either way |""}, {""Document"": ""accessibility.md"", ""Section"": ""492-recommended-decisions--ready-for-approval"", ""Section title"": ""49.2 Recommended Decisions — Ready for Approval"", ""Line"": 1154, ""Item numbers"": [1], ""Row"": ""| 1 | Preferred enhanced target size | Adopt a 44-by-44 CSS-pixel preferred target for primary actions, above the 24-by-24 WCAG minimum (`KBDL-A11Y-021`) | Improves touch usability beyond the floor, consistent with common platform guidance | Keep only the WCAG 24×24 minimum (rejected — KBDL-005/006 already prefer generous touch targets elsewhere) | Larger targets consume more layout space at `compact`; must be reconciled with [responsive.md §10](responsive.md#10-gutters-and-responsive-spacing) | Exceeds, never weakens, the WCAG floor | Interacts with spacing-compression limits | Not applicable | Not applicable | Negligible | `KBDL-A11Y-020` | `KBDL-A11Y-021` | Item 1 only — does not touch the WCAG-mandated minimum (`KBDL-A11Y-020`), which remains Approved and unaffected either way |""}]",accessibility.md:1154 item=[1]; accessibility.md:1154 item=[1],False,False,PASS
KBDL-A11Y-022,Approved,None — Approved,[],Explicit None permitted only for Approved,False,False,PASS
KBDL-A11Y-023,Approved,None — Approved,[],Explicit None permitted only for Approved,False,False,PASS
KBDL-A11Y-024,Approved,None — Approved,[],Explicit None permitted only for Approved,False,False,PASS
KBDL-A11Y-025,Approved,None — Approved,[],Explicit None permitted only for Approved,False,False,PASS
KBDL-A11Y-026,Approved,None — Approved,[],Explicit None permitted only for Approved,False,False,PASS
KBDL-A11Y-027,Approved,None — Approved,[],Explicit None permitted only for Approved,False,False,PASS
KBDL-A11Y-028,Approved,None — Approved,[],Explicit None permitted only for Approved,False,False,PASS
KBDL-A11Y-029,Approved,None — Approved,[],Explicit None permitted only for Approved,False,False,PASS
KBDL-A11Y-030,Approved,None — Approved,[],Explicit None permitted only for Approved,False,False,PASS
KBDL-A11Y-031,Approved,None — Approved,[],Explicit None permitted only for Approved,False,False,PASS
KBDL-A11Y-032,Approved,None — Approved,[],Explicit None permitted only for Approved,False,False,PASS
KBDL-A11Y-033,Approved,None — Approved,[],Explicit None permitted only for Approved,False,False,PASS
KBDL-A11Y-034,Approved,None — Approved,[],Explicit None permitted only for Approved,False,False,PASS
KBDL-A11Y-035,Recommended,accessibility.md — 49.2 Recommended Decisions — Ready for Approval — item 3,"[{""Document"": ""profiles.md"", ""Section"": ""333-unresolved-or-not-approval-ready"", ""Section title"": ""33.3 Unresolved or Not Approval-Ready"", ""Line"": 1170, ""Item numbers"": [], ""Row"": ""the unapproved `KBDL-A11Y-035`.""}, {""Document"": ""profiles.md"", ""Section"": ""39-deferred-and-unresolved-items"", ""Section title"": ""39. Deferred and Unresolved Items"", ""Line"": 1342, ""Item numbers"": [], ""Row"": ""depend on unapproved `KBDL-A11Y-035`.""}, {""Document"": ""components-core.md"", ""Section"": ""353-unresolved-or-not-approval-ready"", ""Section title"": ""35.3 Unresolved or Not Approval-Ready"", ""Line"": 2025, ""Item numbers"": [], ""Row"": ""`KBDL-A11Y-035`, itself unapproved.""}, {""Document"": ""components-core.md"", ""Section"": ""36-deferred-and-unresolved-items"", ""Section title"": ""36. Deferred and Unresolved Items"", ""Line"": 2127, ""Item numbers"": [], ""Row"": ""`KBDL-A11Y-035`.""}, {""Document"": ""accessibility.md"", ""Section"": ""492-recommended-decisions--ready-for-approval"", ""Section title"": ""49.2 Recommended Decisions — Ready for Approval"", ""Line"": 1156, ""Item numbers"": [3], ""Row"": ""| 3 | Preferred accessibility testing matrix | Adopt a defined set of screen-reader/browser pairings to test once an implementation exists (`KBDL-A11Y-035`) | Gives future implementation work a concrete, repeatable testing target | No defined matrix (rejected — ad hoc testing risks inconsistent coverage) | Matrix will need periodic revision as products update | Ensures testing actually covers real assistive-technology combinations | Not applicable | Not applicable | Not applicable | Not applicable | None | `KBDL-A11Y-035` | Item 3 only — testing-process guidance only, not a conformance claim |""}, {""Document"": ""accessibility.md"", ""Section"": ""492-recommended-decisions--ready-for-approval"", ""Section title"": ""49.2 Recommended Decisions — Ready for Approval"", ""Line"": 1156, ""Item numbers"": [3], ""Row"": ""| 3 | Preferred accessibility testing matrix | Adopt a defined set of screen-reader/browser pairings to test once an implementation exists (`KBDL-A11Y-035`) | Gives future implementation work a concrete, repeatable testing target | No defined matrix (rejected — ad hoc testing risks inconsistent coverage) | Matrix will need periodic revision as products update | Ensures testing actually covers real assistive-technology combinations | Not applicable | Not applicable | Not applicable | Not applicable | None | `KBDL-A11Y-035` | Item 3 only — testing-process guidance only, not a conformance claim |""}, {""Document"": ""components-system.md"", ""Section"": ""333-unresolved-or-not-approval-ready"", ""Section title"": ""33.3 Unresolved or Not Approval-Ready"", ""Line"": 1723, ""Item numbers"": [], ""Row"": ""— depends on the still-unapproved `KBDL-A11Y-035`.""}, {""Document"": ""components-system.md"", ""Section"": ""40-deferred-and-unresolved-items"", ""Section title"": ""40. Deferred and Unresolved Items"", ""Line"": 1908, ""Item numbers"": [], ""Row"": ""`KBDL-A11Y-035`.""}]",accessibility.md:1156 item=[3]; accessibility.md:1156 item=[3],False,False,PASS
KBDL-A11Y-036,Approved,None — Approved,[],Explicit None permitted only for Approved,False,False,PASS
KBDL-A11Y-037,Approved,None — Approved,[],Explicit None permitted only for Approved,False,False,PASS
KBDL-A11Y-038,Approved,None — Approved,[],Explicit None permitted only for Approved,False,False,PASS
KBDL-A11Y-039,Approved,None — Approved,[],Explicit None permitted only for Approved,False,False,PASS
KBDL-A11Y-040,Approved,None — Approved,[],Explicit None permitted only for Approved,False,False,PASS
KBDL-CMP-001,Approved,None — Approved,[],Explicit None permitted only for Approved,False,False,PASS
KBDL-CMP-002,Approved,None — Approved,[],Explicit None permitted only for Approved,False,False,PASS
KBDL-CMP-003,Approved,None — Approved,[],Explicit None permitted only for Approved,False,False,PASS
KBDL-CMP-004,Approved,None — Approved,[],Explicit None permitted only for Approved,False,False,PASS
KBDL-CMP-005,Approved,None — Approved,[],Explicit None permitted only for Approved,False,False,PASS
KBDL-CMP-006,Approved,None — Approved,[],Explicit None permitted only for Approved,False,False,PASS
KBDL-CMP-007,Approved,None — Approved,[],Explicit None permitted only for Approved,False,False,PASS
KBDL-CMP-008,Approved,None — Approved,[],Explicit None permitted only for Approved,False,False,PASS
KBDL-CMP-009,Approved,None — Approved,[],Explicit None permitted only for Approved,False,False,PASS
KBDL-CMP-010,Approved,None — Approved,"[{""Document"": ""profiles.md"", ""Section"": ""332-recommended-decisions--ready-for-approval"", ""Section title"": ""33.2 Recommended Decisions — Ready for Approval"", ""Line"": 1125, ""Item numbers"": [2], ""Row"": ""| 2 | Precision density and component-emphasis defaults | Adopt exact Precision spacing-intensity and table-presentation defaults (`KBDL-PRO-017`) | Gives Precision projects a consistent starting density | Leaving density fully per-project (rejected — inconsistent cross-project recognizability) | Exact spacing values remain bound by the already-approved spacing scale | Target-size minimum (`KBDL-CMP-010`) unaffected either way | Depends on eventual `KBDL-RSP-002`/`003` values for exact grid interaction, cited as context only | None | None | Static Data Table/Grid distinction (`KBDL-CMP-070`) unaffected | None | Precision only | `KBDL-CMP-010`, `KBDL-CMP-070` | `KBDL-PRO-017` | Item 2 only |""}, {""Document"": ""profiles.md"", ""Section"": ""332-recommended-decisions--ready-for-approval"", ""Section title"": ""33.2 Recommended Decisions — Ready for Approval"", ""Line"": 1125, ""Item numbers"": [2], ""Row"": ""| 2 | Precision density and component-emphasis defaults | Adopt exact Precision spacing-intensity and table-presentation defaults (`KBDL-PRO-017`) | Gives Precision projects a consistent starting density | Leaving density fully per-project (rejected — inconsistent cross-project recognizability) | Exact spacing values remain bound by the already-approved spacing scale | Target-size minimum (`KBDL-CMP-010`) unaffected either way | Depends on eventual `KBDL-RSP-002`/`003` values for exact grid interaction, cited as context only | None | None | Static Data Table/Grid distinction (`KBDL-CMP-070`) unaffected | None | Precision only | `KBDL-CMP-010`, `KBDL-CMP-070` | `KBDL-PRO-017` | Item 2 only |""}, {""Document"": ""components-core.md"", ""Section"": ""353-unresolved-or-not-approval-ready"", ""Section title"": ""35.3 Unresolved or Not Approval-Ready"", ""Line"": 2004, ""Item numbers"": [], ""Row"": ""lifecycle record — `KBDL-CMP-010` (the WCAG 24×24 minimum) remains""}, {""Document"": ""components-core.md"", ""Section"": ""353-unresolved-or-not-approval-ready"", ""Section title"": ""35.3 Unresolved or Not Approval-Ready"", ""Line"": 2008, ""Item numbers"": [], ""Row"": ""authority. Related: `KBDL-A11Y-021`, `KBDL-CMP-010`, `014`, `016`.""}, {""Document"": ""components-core.md"", ""Section"": ""355-decision-packet-coverage-audit"", ""Section title"": ""35.5 Decision-Packet Coverage Audit"", ""Line"": 2091, ""Item numbers"": [], ""Row"": ""an eleventh `Recommended` requirement — `KBDL-CMP-010` (the WCAG""}]",Explicit None permitted only for Approved,False,False,PASS
KBDL-CMP-011,Approved,None — Approved,[],Explicit None permitted only for Approved,False,False,PASS
KBDL-CMP-012,Approved,None — Approved,[],Explicit None permitted only for Approved,False,False,PASS
KBDL-CMP-013,Approved,None — Approved,[],Explicit None permitted only for Approved,False,False,PASS
KBDL-CMP-014,Approved,None — Approved,"[{""Document"": ""components-core.md"", ""Section"": ""352-recommended-decisions--ready-for-approval"", ""Section title"": ""35.2 Recommended Decisions — Ready for Approval"", ""Line"": 1981, ""Item numbers"": [9], ""Row"": ""| 9 | Button-group composition guidance | Adopt the labeling, tab-order, primary-action-clarity, and destructive-action-separation guidance in [§20.5](#205-button-group) (`KBDL-CMP-020`) | Gives related-action groups a consistent, predictable composition pattern | No composition guidance, left entirely to per-project judgment (rejected — risks inconsistent action-group density and unclear primary-action prominence across projects) | None significant | Primary-action clarity and destructive-action separation directly support comprehension and error prevention | None | None | None | None | Applies identically across profiles | `KBDL-CMP-014` | `KBDL-CMP-020` | Item 9 only |""}]",Explicit None permitted only for Approved,False,False,PASS
KBDL-CMP-015,Recommended,components-core.md — 35.2 Recommended Decisions — Ready for Approval — item 1,"[{""Document"": ""profiles.md"", ""Section"": ""333-unresolved-or-not-approval-ready"", ""Section title"": ""33.3 Unresolved or Not Approval-Ready"", ""Line"": 1143, ""Item numbers"": [], ""Row"": ""the unapproved KBDL-007 button-hierarchy (`KBDL-CMP-015`) and""}, {""Document"": ""profiles.md"", ""Section"": ""333-unresolved-or-not-approval-ready"", ""Section title"": ""33.3 Unresolved or Not Approval-Ready"", ""Line"": 1146, ""Item numbers"": [], ""Row"": ""may become approval-ready only after `KBDL-CMP-015`/`036` are""}, {""Document"": ""profiles.md"", ""Section"": ""333-unresolved-or-not-approval-ready"", ""Section title"": ""33.3 Unresolved or Not Approval-Ready"", ""Line"": 1148, ""Item numbers"": [], ""Row"": ""`KBDL-CMP-015`, `KBDL-CMP-036`.""}, {""Document"": ""profiles.md"", ""Section"": ""34-approval-ready-versus-contingent-decisions"", ""Section title"": ""34. Approval-Ready versus Contingent Decisions"", ""Line"": 1207, ""Item numbers"": [], ""Row"": ""unapproved KBDL-007 `KBDL-CMP-015`/`036`) — see""}, {""Document"": ""profiles.md"", ""Section"": ""38-decision-packet-coverage-audit"", ""Section title"": ""38. Decision-Packet Coverage Audit"", ""Line"": 1303, ""Item numbers"": [], ""Row"": ""| `KBDL-PRO-018` | Contingent item (§33.3) | No — depends on unapproved `KBDL-CMP-015`/`036` | `KBDL-CMP-015`, `KBDL-CMP-036` |""}, {""Document"": ""profiles.md"", ""Section"": ""38-decision-packet-coverage-audit"", ""Section title"": ""38. Decision-Packet Coverage Audit"", ""Line"": 1303, ""Item numbers"": [], ""Row"": ""| `KBDL-PRO-018` | Contingent item (§33.3) | No — depends on unapproved `KBDL-CMP-015`/`036` | `KBDL-CMP-015`, `KBDL-CMP-036` |""}, {""Document"": ""components-core.md"", ""Section"": ""352-recommended-decisions--ready-for-approval"", ""Section title"": ""35.2 Recommended Decisions — Ready for Approval"", ""Line"": 1973, ""Item numbers"": [1], ""Row"": ""| 1 | Button hierarchy taxonomy | Adopt Primary/Secondary/Tertiary/Destructive as the button-variant taxonomy (`KBDL-CMP-015`) | Gives a consistent, small vocabulary for action prominence across the system | An unbounded/ad hoc variant set (rejected — fragments consistency) | Requires per-project mapping to visual treatment once themes are implemented | Destructive variant must still map to Critical status + action role, unaffected either way | None | None | None | None | Showcase may use more variants visibly; Precision favors Primary/Secondary only | None | `KBDL-CMP-015` | Item 1 only |""}, {""Document"": ""components-core.md"", ""Section"": ""352-recommended-decisions--ready-for-approval"", ""Section title"": ""35.2 Recommended Decisions — Ready for Approval"", ""Line"": 1973, ""Item numbers"": [1], ""Row"": ""| 1 | Button hierarchy taxonomy | Adopt Primary/Secondary/Tertiary/Destructive as the button-variant taxonomy (`KBDL-CMP-015`) | Gives a consistent, small vocabulary for action prominence across the system | An unbounded/ad hoc variant set (rejected — fragments consistency) | Requires per-project mapping to visual treatment once themes are implemented | Destructive variant must still map to Critical status + action role, unaffected either way | None | None | None | None | Showcase may use more variants visibly; Precision favors Primary/Secondary only | None | `KBDL-CMP-015` | Item 1 only |""}, {""Document"": ""components-core.md"", ""Section"": ""355-decision-packet-coverage-audit"", ""Section title"": ""35.5 Decision-Packet Coverage Audit"", ""Line"": 2072, ""Item numbers"": [], ""Row"": ""| `KBDL-CMP-015` | 1 | Yes | None |""}]",components-core.md:1973 item=[1]; components-core.md:1973 item=[1],False,False,PASS
KBDL-CMP-016,Approved,None — Approved,"[{""Document"": ""components-core.md"", ""Section"": ""352-recommended-decisions--ready-for-approval"", ""Section title"": ""35.2 Recommended Decisions — Ready for Approval"", ""Line"": 1975, ""Item numbers"": [3], ""Row"": ""| 3 | Icon-only visible-label threshold | Adopt a qualitative threshold: universally understood actions (e.g., close, search) may remain icon-only; anything else requires a visible label (`KBDL-CMP-017`) | Balances compact icon-only density against discoverability | Icon-only always requiring a label (rejected — overly verbose for extremely common actions); no threshold at all (rejected — risks ambiguous icon-only actions) | Requires an enumerated \""universally understood\"" list eventually, not yet produced | Directly serves discoverability; the accessible-name requirement (`KBDL-CMP-016`) is unaffected either way | None | None | None | None | Precision/Flow lean toward more visible labels; Showcase may use more icon-only in controlled contexts | `KBDL-CMP-016` | `KBDL-CMP-017` | Item 3 only |""}, {""Document"": ""components-core.md"", ""Section"": ""352-recommended-decisions--ready-for-approval"", ""Section title"": ""35.2 Recommended Decisions — Ready for Approval"", ""Line"": 1975, ""Item numbers"": [3], ""Row"": ""| 3 | Icon-only visible-label threshold | Adopt a qualitative threshold: universally understood actions (e.g., close, search) may remain icon-only; anything else requires a visible label (`KBDL-CMP-017`) | Balances compact icon-only density against discoverability | Icon-only always requiring a label (rejected — overly verbose for extremely common actions); no threshold at all (rejected — risks ambiguous icon-only actions) | Requires an enumerated \""universally understood\"" list eventually, not yet produced | Directly serves discoverability; the accessible-name requirement (`KBDL-CMP-016`) is unaffected either way | None | None | None | None | Precision/Flow lean toward more visible labels; Showcase may use more icon-only in controlled contexts | `KBDL-CMP-016` | `KBDL-CMP-017` | Item 3 only |""}]",Explicit None permitted only for Approved,False,False,PASS
KBDL-CMP-017,Recommended,components-core.md — 35.2 Recommended Decisions — Ready for Approval — item 3,"[{""Document"": ""components-core.md"", ""Section"": ""352-recommended-decisions--ready-for-approval"", ""Section title"": ""35.2 Recommended Decisions — Ready for Approval"", ""Line"": 1975, ""Item numbers"": [3], ""Row"": ""| 3 | Icon-only visible-label threshold | Adopt a qualitative threshold: universally understood actions (e.g., close, search) may remain icon-only; anything else requires a visible label (`KBDL-CMP-017`) | Balances compact icon-only density against discoverability | Icon-only always requiring a label (rejected — overly verbose for extremely common actions); no threshold at all (rejected — risks ambiguous icon-only actions) | Requires an enumerated \""universally understood\"" list eventually, not yet produced | Directly serves discoverability; the accessible-name requirement (`KBDL-CMP-016`) is unaffected either way | None | None | None | None | Precision/Flow lean toward more visible labels; Showcase may use more icon-only in controlled contexts | `KBDL-CMP-016` | `KBDL-CMP-017` | Item 3 only |""}, {""Document"": ""components-core.md"", ""Section"": ""352-recommended-decisions--ready-for-approval"", ""Section title"": ""35.2 Recommended Decisions — Ready for Approval"", ""Line"": 1975, ""Item numbers"": [3], ""Row"": ""| 3 | Icon-only visible-label threshold | Adopt a qualitative threshold: universally understood actions (e.g., close, search) may remain icon-only; anything else requires a visible label (`KBDL-CMP-017`) | Balances compact icon-only density against discoverability | Icon-only always requiring a label (rejected — overly verbose for extremely common actions); no threshold at all (rejected — risks ambiguous icon-only actions) | Requires an enumerated \""universally understood\"" list eventually, not yet produced | Directly serves discoverability; the accessible-name requirement (`KBDL-CMP-016`) is unaffected either way | None | None | None | None | Precision/Flow lean toward more visible labels; Showcase may use more icon-only in controlled contexts | `KBDL-CMP-016` | `KBDL-CMP-017` | Item 3 only |""}, {""Document"": ""components-core.md"", ""Section"": ""355-decision-packet-coverage-audit"", ""Section title"": ""35.5 Decision-Packet Coverage Audit"", ""Line"": 2074, ""Item numbers"": [], ""Row"": ""| `KBDL-CMP-017` | 3 | Yes | None |""}]",components-core.md:1975 item=[3]; components-core.md:1975 item=[3],False,False,PASS
KBDL-CMP-018,Approved,None — Approved,[],Explicit None permitted only for Approved,False,False,PASS
KBDL-CMP-019,Approved,None — Approved,[],Explicit None permitted only for Approved,False,False,PASS
KBDL-CMP-020,Recommended,components-core.md — 35.2 Recommended Decisions — Ready for Approval — item 9,"[{""Document"": ""components-core.md"", ""Section"": ""352-recommended-decisions--ready-for-approval"", ""Section title"": ""35.2 Recommended Decisions — Ready for Approval"", ""Line"": 1981, ""Item numbers"": [9], ""Row"": ""| 9 | Button-group composition guidance | Adopt the labeling, tab-order, primary-action-clarity, and destructive-action-separation guidance in [§20.5](#205-button-group) (`KBDL-CMP-020`) | Gives related-action groups a consistent, predictable composition pattern | No composition guidance, left entirely to per-project judgment (rejected — risks inconsistent action-group density and unclear primary-action prominence across projects) | None significant | Primary-action clarity and destructive-action separation directly support comprehension and error prevention | None | None | None | None | Applies identically across profiles | `KBDL-CMP-014` | `KBDL-CMP-020` | Item 9 only |""}, {""Document"": ""components-core.md"", ""Section"": ""352-recommended-decisions--ready-for-approval"", ""Section title"": ""35.2 Recommended Decisions — Ready for Approval"", ""Line"": 1981, ""Item numbers"": [9], ""Row"": ""| 9 | Button-group composition guidance | Adopt the labeling, tab-order, primary-action-clarity, and destructive-action-separation guidance in [§20.5](#205-button-group) (`KBDL-CMP-020`) | Gives related-action groups a consistent, predictable composition pattern | No composition guidance, left entirely to per-project judgment (rejected — risks inconsistent action-group density and unclear primary-action prominence across projects) | None significant | Primary-action clarity and destructive-action separation directly support comprehension and error prevention | None | None | None | None | Applies identically across profiles | `KBDL-CMP-014` | `KBDL-CMP-020` | Item 9 only |""}, {""Document"": ""components-core.md"", ""Section"": ""355-decision-packet-coverage-audit"", ""Section title"": ""35.5 Decision-Packet Coverage Audit"", ""Line"": 2080, ""Item numbers"": [], ""Row"": ""| `KBDL-CMP-020` | 9 | Yes | None |""}]",components-core.md:1981 item=[9]; components-core.md:1981 item=[9],False,False,PASS
KBDL-CMP-021,Approved,None — Approved,"[{""Document"": ""components-core.md"", ""Section"": ""352-recommended-decisions--ready-for-approval"", ""Section title"": ""35.2 Recommended Decisions — Ready for Approval"", ""Line"": 1979, ""Item numbers"": [7], ""Row"": ""| 7 | Breadcrumb truncation model | Adopt collapsing middle levels behind a single overflow control (e.g., an ellipsis trigger) that reveals all hidden levels, never removing them (`KBDL-CMP-044`) | Preserves full hierarchy access while managing space at `compact` | Silently dropping middle levels (rejected — loses navigable history); horizontal scroll (rejected — awkward for a short list) | Overflow trigger itself must follow the Disclosure Trigger contract | Overflow trigger inherits the already-Approved disclosure accessibility contract | Depends on approved breakpoint values for exact trigger point | None | None | None | Applies identically across profiles | `KBDL-CMP-021` | `KBDL-CMP-044` | Item 7 only |""}]",Explicit None permitted only for Approved,False,False,PASS
KBDL-CMP-022,Approved,None — Approved,[],Explicit None permitted only for Approved,False,False,PASS
KBDL-CMP-023,Approved,None — Approved,[],Explicit None permitted only for Approved,False,False,PASS
KBDL-CMP-024,Approved,None — Approved,[],Explicit None permitted only for Approved,False,False,PASS
KBDL-CMP-025,Recommended,components-core.md — 35.2 Recommended Decisions — Ready for Approval — item 4,"[{""Document"": ""components-core.md"", ""Section"": ""352-recommended-decisions--ready-for-approval"", ""Section title"": ""35.2 Recommended Decisions — Ready for Approval"", ""Line"": 1976, ""Item numbers"": [4], ""Row"": ""| 4 | Search-field model (filtering vs. navigation) | Adopt both models as valid, selected per use case, with the field contract in §22.3 (`KBDL-CMP-025`) | Reflects real product needs without forcing one universal search behavior | A single mandated model (rejected — too restrictive for different search contexts) | Requires clear per-instance documentation of which model applies | Result/loading-status boundary with KBDL-008 remains unaffected | None | None | None | None | Applies identically across profiles | None | `KBDL-CMP-025` | Item 4 only |""}, {""Document"": ""components-core.md"", ""Section"": ""352-recommended-decisions--ready-for-approval"", ""Section title"": ""35.2 Recommended Decisions — Ready for Approval"", ""Line"": 1976, ""Item numbers"": [4], ""Row"": ""| 4 | Search-field model (filtering vs. navigation) | Adopt both models as valid, selected per use case, with the field contract in §22.3 (`KBDL-CMP-025`) | Reflects real product needs without forcing one universal search behavior | A single mandated model (rejected — too restrictive for different search contexts) | Requires clear per-instance documentation of which model applies | Result/loading-status boundary with KBDL-008 remains unaffected | None | None | None | None | Applies identically across profiles | None | `KBDL-CMP-025` | Item 4 only |""}, {""Document"": ""components-core.md"", ""Section"": ""355-decision-packet-coverage-audit"", ""Section title"": ""35.5 Decision-Packet Coverage Audit"", ""Line"": 2075, ""Item numbers"": [], ""Row"": ""| `KBDL-CMP-025` | 4 | Yes | None |""}]",components-core.md:1976 item=[4]; components-core.md:1976 item=[4],False,False,PASS
KBDL-CMP-026,Approved,None — Approved,[],Explicit None permitted only for Approved,False,False,PASS
KBDL-CMP-027,Approved,None — Approved,[],Explicit None permitted only for Approved,False,False,PASS
KBDL-CMP-028,Approved,None — Approved,"[{""Document"": ""components-core.md"", ""Section"": ""352-recommended-decisions--ready-for-approval"", ""Section title"": ""35.2 Recommended Decisions — Ready for Approval"", ""Line"": 1977, ""Item numbers"": [5], ""Row"": ""| 5 | Combobox-justification threshold | Adopt a threshold: a custom combobox is justified only when native select cannot support filtering/searching within a large option set (`KBDL-CMP-029`) | Keeps native select as the default, reserving the added ARIA complexity for genuine need | No threshold, leaving it to implementer judgment (rejected — invites unnecessary custom widgets) | Requires implementers to document why native select was insufficient | Reinforces native-semantics-first; the ARIA contract itself (`KBDL-CMP-028`) is unaffected | None | None | None | None | Applies identically across profiles | `KBDL-CMP-028` | `KBDL-CMP-029` | Item 5 only |""}, {""Document"": ""components-core.md"", ""Section"": ""352-recommended-decisions--ready-for-approval"", ""Section title"": ""35.2 Recommended Decisions — Ready for Approval"", ""Line"": 1977, ""Item numbers"": [5], ""Row"": ""| 5 | Combobox-justification threshold | Adopt a threshold: a custom combobox is justified only when native select cannot support filtering/searching within a large option set (`KBDL-CMP-029`) | Keeps native select as the default, reserving the added ARIA complexity for genuine need | No threshold, leaving it to implementer judgment (rejected — invites unnecessary custom widgets) | Requires implementers to document why native select was insufficient | Reinforces native-semantics-first; the ARIA contract itself (`KBDL-CMP-028`) is unaffected | None | None | None | None | Applies identically across profiles | `KBDL-CMP-028` | `KBDL-CMP-029` | Item 5 only |""}]",Explicit None permitted only for Approved,False,False,PASS
KBDL-CMP-029,Recommended,components-core.md — 35.2 Recommended Decisions — Ready for Approval — item 5,"[{""Document"": ""components-core.md"", ""Section"": ""352-recommended-decisions--ready-for-approval"", ""Section title"": ""35.2 Recommended Decisions — Ready for Approval"", ""Line"": 1977, ""Item numbers"": [5], ""Row"": ""| 5 | Combobox-justification threshold | Adopt a threshold: a custom combobox is justified only when native select cannot support filtering/searching within a large option set (`KBDL-CMP-029`) | Keeps native select as the default, reserving the added ARIA complexity for genuine need | No threshold, leaving it to implementer judgment (rejected — invites unnecessary custom widgets) | Requires implementers to document why native select was insufficient | Reinforces native-semantics-first; the ARIA contract itself (`KBDL-CMP-028`) is unaffected | None | None | None | None | Applies identically across profiles | `KBDL-CMP-028` | `KBDL-CMP-029` | Item 5 only |""}, {""Document"": ""components-core.md"", ""Section"": ""352-recommended-decisions--ready-for-approval"", ""Section title"": ""35.2 Recommended Decisions — Ready for Approval"", ""Line"": 1977, ""Item numbers"": [5], ""Row"": ""| 5 | Combobox-justification threshold | Adopt a threshold: a custom combobox is justified only when native select cannot support filtering/searching within a large option set (`KBDL-CMP-029`) | Keeps native select as the default, reserving the added ARIA complexity for genuine need | No threshold, leaving it to implementer judgment (rejected — invites unnecessary custom widgets) | Requires implementers to document why native select was insufficient | Reinforces native-semantics-first; the ARIA contract itself (`KBDL-CMP-028`) is unaffected | None | None | None | None | Applies identically across profiles | `KBDL-CMP-028` | `KBDL-CMP-029` | Item 5 only |""}, {""Document"": ""components-core.md"", ""Section"": ""355-decision-packet-coverage-audit"", ""Section title"": ""35.5 Decision-Packet Coverage Audit"", ""Line"": 2076, ""Item numbers"": [], ""Row"": ""| `KBDL-CMP-029` | 5 | Yes | None |""}]",components-core.md:1977 item=[5]; components-core.md:1977 item=[5],False,False,PASS
KBDL-CMP-030,Approved,None — Approved,[],Explicit None permitted only for Approved,False,False,PASS
KBDL-CMP-031,Approved,None — Approved,[],Explicit None permitted only for Approved,False,False,PASS
KBDL-CMP-032,Approved,None — Approved,[],Explicit None permitted only for Approved,False,False,PASS
KBDL-CMP-033,Approved,None — Approved,[],Explicit None permitted only for Approved,False,False,PASS
KBDL-CMP-034,Approved,None — Approved,[],Explicit None permitted only for Approved,False,False,PASS
KBDL-CMP-035,Approved,None — Approved,[],Explicit None permitted only for Approved,False,False,PASS
KBDL-CMP-036,Recommended,components-core.md — 35.2 Recommended Decisions — Ready for Approval — item 6,"[{""Document"": ""profiles.md"", ""Section"": ""333-unresolved-or-not-approval-ready"", ""Section title"": ""33.3 Unresolved or Not Approval-Ready"", ""Line"": 1144, ""Item numbers"": [], ""Row"": ""form-action-row-ordering (`KBDL-CMP-036`) recommendations and""}, {""Document"": ""profiles.md"", ""Section"": ""333-unresolved-or-not-approval-ready"", ""Section title"": ""33.3 Unresolved or Not Approval-Ready"", ""Line"": 1148, ""Item numbers"": [], ""Row"": ""`KBDL-CMP-015`, `KBDL-CMP-036`.""}, {""Document"": ""profiles.md"", ""Section"": ""38-decision-packet-coverage-audit"", ""Section title"": ""38. Decision-Packet Coverage Audit"", ""Line"": 1303, ""Item numbers"": [], ""Row"": ""| `KBDL-PRO-018` | Contingent item (§33.3) | No — depends on unapproved `KBDL-CMP-015`/`036` | `KBDL-CMP-015`, `KBDL-CMP-036` |""}, {""Document"": ""components-core.md"", ""Section"": ""352-recommended-decisions--ready-for-approval"", ""Section title"": ""35.2 Recommended Decisions — Ready for Approval"", ""Line"": 1978, ""Item numbers"": [6], ""Row"": ""| 6 | Form action row reflow order | Adopt primary action first (top or leading) at every breakpoint, with secondary/cancel following, reversing to a stacked column at `compact` (`KBDL-CMP-036`) | Keeps the primary action most reachable and visually first regardless of viewport | Reversing order at `compact` (rejected — de-emphasizes the primary action exactly where thumb reach matters most) | None significant | None beyond what §23 already requires | Depends on eventual approved breakpoint values for exact stacking point | None | None | None | Applies identically across profiles | `KBDL-RSP-002` (eventual) | `KBDL-CMP-036` | Item 6 only |""}, {""Document"": ""components-core.md"", ""Section"": ""352-recommended-decisions--ready-for-approval"", ""Section title"": ""35.2 Recommended Decisions — Ready for Approval"", ""Line"": 1978, ""Item numbers"": [6], ""Row"": ""| 6 | Form action row reflow order | Adopt primary action first (top or leading) at every breakpoint, with secondary/cancel following, reversing to a stacked column at `compact` (`KBDL-CMP-036`) | Keeps the primary action most reachable and visually first regardless of viewport | Reversing order at `compact` (rejected — de-emphasizes the primary action exactly where thumb reach matters most) | None significant | None beyond what §23 already requires | Depends on eventual approved breakpoint values for exact stacking point | None | None | None | Applies identically across profiles | `KBDL-RSP-002` (eventual) | `KBDL-CMP-036` | Item 6 only |""}, {""Document"": ""components-core.md"", ""Section"": ""355-decision-packet-coverage-audit"", ""Section title"": ""35.5 Decision-Packet Coverage Audit"", ""Line"": 2077, ""Item numbers"": [], ""Row"": ""| `KBDL-CMP-036` | 6 | Yes | None (eventual `KBDL-RSP-002` value affects exact stacking point only, not the ordering rule itself) |""}]",components-core.md:1978 item=[6]; components-core.md:1978 item=[6],False,False,PASS
KBDL-CMP-037,Approved,None — Approved,[],Explicit None permitted only for Approved,False,False,PASS
KBDL-CMP-038,Approved,None — Approved,[],Explicit None permitted only for Approved,False,False,PASS
KBDL-CMP-039,Approved,None — Approved,[],Explicit None permitted only for Approved,False,False,PASS
KBDL-CMP-040,Approved,None — Approved,[],Explicit None permitted only for Approved,False,False,PASS
KBDL-CMP-041,Recommended,components-core.md — §35.3 Unresolved or Not Approval-Ready — contingent item KBDL-CMP-041,"[{""Document"": ""components-core.md"", ""Section"": ""353-unresolved-or-not-approval-ready"", ""Section title"": ""35.3 Unresolved or Not Approval-Ready"", ""Line"": 1986, ""Item numbers"": [], ""Row"": ""independently approval-ready)** — maps to `KBDL-CMP-041`, which""}, {""Document"": ""components-core.md"", ""Section"": ""355-decision-packet-coverage-audit"", ""Section title"": ""35.5 Decision-Packet Coverage Audit"", ""Line"": 2081, ""Item numbers"": [], ""Row"": ""| `KBDL-CMP-041` | Contingent item ([§35.3](#353-unresolved-or-not-approval-ready)) | No — depends on unapproved `KBDL-RSP-002` and `KBDL-RSP-008` for its own approval | `KBDL-RSP-002`, `KBDL-RSP-008` |""}, {""Document"": ""components-core.md"", ""Section"": ""355-decision-packet-coverage-audit"", ""Section title"": ""35.5 Decision-Packet Coverage Audit"", ""Line"": 2085, ""Item numbers"": [], ""Row"": ""(`KBDL-CMP-041`) maps once to the non-approval-ready contingent item.""}, {""Document"": ""components-core.md"", ""Section"": ""355-decision-packet-coverage-audit"", ""Section title"": ""35.5 Decision-Packet Coverage Audit"", ""Line"": 2097, ""Item numbers"": [], ""Row"": ""exactly items 1–9 above. It would **not** approve `KBDL-CMP-041`, the""}, {""Document"": ""components-core.md"", ""Section"": ""36-deferred-and-unresolved-items"", ""Section title"": ""36. Deferred and Unresolved Items"", ""Line"": 2137, ""Item numbers"": [], ""Row"": ""- The navigation collapse-trigger threshold (`KBDL-CMP-041`,""}, {""Document"": ""components-system.md"", ""Section"": ""332-recommended-decisions--ready-for-approval"", ""Section title"": ""33.2 Recommended Decisions — Ready for Approval"", ""Line"": 1690, ""Item numbers"": [7], ""Row"": ""| 7 | Drawer/Sheet taxonomy and default modality | Adopt a general drawer/sheet taxonomy and default modality for each conceptual variant (`KBDL-CMP-083`) | Gives edge-attached surfaces a consistent default behavior | Treating every drawer as identical to a modal dialog (rejected — collapses a useful distinction) | Navigation-collapse use remains separately contingent on `KBDL-CMP-041` regardless of this item's approval | KBDL-007 navigation-trigger boundary (`KBDL-CMP-082`) unaffected either way | None | None | None | None | Applies identically across profiles | `KBDL-CMP-082` | `KBDL-CMP-083` | Item 7 only |""}, {""Document"": ""components-system.md"", ""Section"": ""34-decision-packet-coverage-audit"", ""Section title"": ""34. Decision-Packet Coverage Audit"", ""Line"": 1762, ""Item numbers"": [], ""Row"": ""| `KBDL-CMP-083` | 7 | Yes | None (navigation-drawer use remains separately bound by `KBDL-CMP-041`, KBDL-007, not by this item) |""}, {""Document"": ""components-system.md"", ""Section"": ""34-decision-packet-coverage-audit"", ""Section title"": ""34. Decision-Packet Coverage Audit"", ""Line"": 1794, ""Item numbers"": [], ""Row"": ""(including `KBDL-CMP-041`), any data-visualization palette, any forced-""}]",components-core.md:1986 item=[]; components-core.md:2081 item=[]; components-core.md:2085 item=[]; components-core.md:2097 item=[]; components-core.md:2137 item=[],True,False,PASS
KBDL-CMP-042,Approved,None — Approved,[],Explicit None permitted only for Approved,False,False,PASS
KBDL-CMP-043,Approved,None — Approved,[],Explicit None permitted only for Approved,False,False,PASS
KBDL-CMP-044,Recommended,components-core.md — 35.2 Recommended Decisions — Ready for Approval — item 7,"[{""Document"": ""components-core.md"", ""Section"": ""352-recommended-decisions--ready-for-approval"", ""Section title"": ""35.2 Recommended Decisions — Ready for Approval"", ""Line"": 1979, ""Item numbers"": [7], ""Row"": ""| 7 | Breadcrumb truncation model | Adopt collapsing middle levels behind a single overflow control (e.g., an ellipsis trigger) that reveals all hidden levels, never removing them (`KBDL-CMP-044`) | Preserves full hierarchy access while managing space at `compact` | Silently dropping middle levels (rejected — loses navigable history); horizontal scroll (rejected — awkward for a short list) | Overflow trigger itself must follow the Disclosure Trigger contract | Overflow trigger inherits the already-Approved disclosure accessibility contract | Depends on approved breakpoint values for exact trigger point | None | None | None | Applies identically across profiles | `KBDL-CMP-021` | `KBDL-CMP-044` | Item 7 only |""}, {""Document"": ""components-core.md"", ""Section"": ""352-recommended-decisions--ready-for-approval"", ""Section title"": ""35.2 Recommended Decisions — Ready for Approval"", ""Line"": 1979, ""Item numbers"": [7], ""Row"": ""| 7 | Breadcrumb truncation model | Adopt collapsing middle levels behind a single overflow control (e.g., an ellipsis trigger) that reveals all hidden levels, never removing them (`KBDL-CMP-044`) | Preserves full hierarchy access while managing space at `compact` | Silently dropping middle levels (rejected — loses navigable history); horizontal scroll (rejected — awkward for a short list) | Overflow trigger itself must follow the Disclosure Trigger contract | Overflow trigger inherits the already-Approved disclosure accessibility contract | Depends on approved breakpoint values for exact trigger point | None | None | None | Applies identically across profiles | `KBDL-CMP-021` | `KBDL-CMP-044` | Item 7 only |""}, {""Document"": ""components-core.md"", ""Section"": ""355-decision-packet-coverage-audit"", ""Section title"": ""35.5 Decision-Packet Coverage Audit"", ""Line"": 2078, ""Item numbers"": [], ""Row"": ""| `KBDL-CMP-044` | 7 | Yes | None |""}]",components-core.md:1979 item=[7]; components-core.md:1979 item=[7],False,False,PASS
KBDL-CMP-045,Approved,None — Approved,"[{""Document"": ""components-core.md"", ""Section"": ""352-recommended-decisions--ready-for-approval"", ""Section title"": ""35.2 Recommended Decisions — Ready for Approval"", ""Line"": 1974, ""Item numbers"": [2], ""Row"": ""| 2 | Tabs activation model | Adopt manual activation (arrow keys move focus; a separate key/click activates the panel) as the default, per APG guidance for asynchronous panel content (`KBDL-CMP-046`) | Reduces unintended panel loads while navigating with arrow keys, per APG recommendation for panels with non-trivial load cost | Automatic activation (rejected as the sole default — can trigger unwanted loads while arrow-key browsing, though valid for lightweight panels) | Requires clear instructions/affordance for users on how to activate a focused-but-not-yet-active tab | None beyond APG's own guidance, which this follows | None | None | None | None | Applies identically across profiles | `KBDL-CMP-045` | `KBDL-CMP-046` | Item 2 only |""}]",Explicit None permitted only for Approved,False,False,PASS
KBDL-CMP-046,Recommended,components-core.md — 35.2 Recommended Decisions — Ready for Approval — item 2,"[{""Document"": ""components-core.md"", ""Section"": ""352-recommended-decisions--ready-for-approval"", ""Section title"": ""35.2 Recommended Decisions — Ready for Approval"", ""Line"": 1974, ""Item numbers"": [2], ""Row"": ""| 2 | Tabs activation model | Adopt manual activation (arrow keys move focus; a separate key/click activates the panel) as the default, per APG guidance for asynchronous panel content (`KBDL-CMP-046`) | Reduces unintended panel loads while navigating with arrow keys, per APG recommendation for panels with non-trivial load cost | Automatic activation (rejected as the sole default — can trigger unwanted loads while arrow-key browsing, though valid for lightweight panels) | Requires clear instructions/affordance for users on how to activate a focused-but-not-yet-active tab | None beyond APG's own guidance, which this follows | None | None | None | None | Applies identically across profiles | `KBDL-CMP-045` | `KBDL-CMP-046` | Item 2 only |""}, {""Document"": ""components-core.md"", ""Section"": ""352-recommended-decisions--ready-for-approval"", ""Section title"": ""35.2 Recommended Decisions — Ready for Approval"", ""Line"": 1974, ""Item numbers"": [2], ""Row"": ""| 2 | Tabs activation model | Adopt manual activation (arrow keys move focus; a separate key/click activates the panel) as the default, per APG guidance for asynchronous panel content (`KBDL-CMP-046`) | Reduces unintended panel loads while navigating with arrow keys, per APG recommendation for panels with non-trivial load cost | Automatic activation (rejected as the sole default — can trigger unwanted loads while arrow-key browsing, though valid for lightweight panels) | Requires clear instructions/affordance for users on how to activate a focused-but-not-yet-active tab | None beyond APG's own guidance, which this follows | None | None | None | None | Applies identically across profiles | `KBDL-CMP-045` | `KBDL-CMP-046` | Item 2 only |""}, {""Document"": ""components-core.md"", ""Section"": ""355-decision-packet-coverage-audit"", ""Section title"": ""35.5 Decision-Packet Coverage Audit"", ""Line"": 2073, ""Item numbers"": [], ""Row"": ""| `KBDL-CMP-046` | 2 | Yes | None |""}]",components-core.md:1974 item=[2]; components-core.md:1974 item=[2],False,False,PASS
KBDL-CMP-047,Approved,None — Approved,"[{""Document"": ""components-core.md"", ""Section"": ""352-recommended-decisions--ready-for-approval"", ""Section title"": ""35.2 Recommended Decisions — Ready for Approval"", ""Line"": 1980, ""Item numbers"": [8], ""Row"": ""| 8 | Pagination truncation model | Adopt an ellipsis-based truncation showing first, last, current, and immediate neighbors, with the ellipsis itself non-interactive text (`KBDL-CMP-048`) | Common, well-understood pattern that preserves orientation without excessive control count | Showing every page number always (rejected — unusable for very large sets); a \""load more\"" model only (rejected — loses direct page access) | None significant | Ellipsis must not be the only way to reach hidden pages — a documented current-page/total-count text should remain available | None | None | None | None | Applies identically across profiles | `KBDL-CMP-047` | `KBDL-CMP-048` | Item 8 only |""}]",Explicit None permitted only for Approved,False,False,PASS
KBDL-CMP-048,Recommended,components-core.md — 35.2 Recommended Decisions — Ready for Approval — item 8,"[{""Document"": ""components-core.md"", ""Section"": ""352-recommended-decisions--ready-for-approval"", ""Section title"": ""35.2 Recommended Decisions — Ready for Approval"", ""Line"": 1980, ""Item numbers"": [8], ""Row"": ""| 8 | Pagination truncation model | Adopt an ellipsis-based truncation showing first, last, current, and immediate neighbors, with the ellipsis itself non-interactive text (`KBDL-CMP-048`) | Common, well-understood pattern that preserves orientation without excessive control count | Showing every page number always (rejected — unusable for very large sets); a \""load more\"" model only (rejected — loses direct page access) | None significant | Ellipsis must not be the only way to reach hidden pages — a documented current-page/total-count text should remain available | None | None | None | None | Applies identically across profiles | `KBDL-CMP-047` | `KBDL-CMP-048` | Item 8 only |""}, {""Document"": ""components-core.md"", ""Section"": ""352-recommended-decisions--ready-for-approval"", ""Section title"": ""35.2 Recommended Decisions — Ready for Approval"", ""Line"": 1980, ""Item numbers"": [8], ""Row"": ""| 8 | Pagination truncation model | Adopt an ellipsis-based truncation showing first, last, current, and immediate neighbors, with the ellipsis itself non-interactive text (`KBDL-CMP-048`) | Common, well-understood pattern that preserves orientation without excessive control count | Showing every page number always (rejected — unusable for very large sets); a \""load more\"" model only (rejected — loses direct page access) | None significant | Ellipsis must not be the only way to reach hidden pages — a documented current-page/total-count text should remain available | None | None | None | None | Applies identically across profiles | `KBDL-CMP-047` | `KBDL-CMP-048` | Item 8 only |""}, {""Document"": ""components-core.md"", ""Section"": ""355-decision-packet-coverage-audit"", ""Section title"": ""35.5 Decision-Packet Coverage Audit"", ""Line"": 2079, ""Item numbers"": [], ""Row"": ""| `KBDL-CMP-048` | 8 | Yes | None |""}]",components-core.md:1980 item=[8]; components-core.md:1980 item=[8],False,False,PASS
KBDL-CMP-049,Approved,None — Approved,[],Explicit None permitted only for Approved,False,False,PASS
KBDL-CMP-050,Approved,None — Approved,[],Explicit None permitted only for Approved,False,False,PASS
KBDL-CMP-051,Approved,None — Approved,[],Explicit None permitted only for Approved,False,False,PASS
KBDL-CMP-052,Approved,None — Approved,[],Explicit None permitted only for Approved,False,False,PASS
KBDL-CMP-053,Approved,None — Approved,[],Explicit None permitted only for Approved,False,False,PASS
KBDL-CMP-054,Approved,None — Approved,[],Explicit None permitted only for Approved,False,False,PASS
KBDL-CMP-055,Approved,None — Approved,"[{""Document"": ""components-system.md"", ""Section"": ""332-recommended-decisions--ready-for-approval"", ""Section title"": ""33.2 Recommended Decisions — Ready for Approval"", ""Line"": 1684, ""Item numbers"": [1], ""Row"": ""| 1 | Card-variant taxonomy | Adopt a defined set of card variants for media relationship and action placement (`KBDL-CMP-067`) | Gives summary/preview surfaces a consistent, predictable structure | An unbounded per-project card taxonomy (rejected — fragments consistency) | Requires per-project mapping to visual treatment once themes/foundations are implemented | Nested-interaction and hover-only prohibitions (`KBDL-CMP-055`) remain unaffected either way | None | None | None | None | Applies identically across profiles | `KBDL-CMP-055` | `KBDL-CMP-067` | Item 1 only |""}, {""Document"": ""components-system.md"", ""Section"": ""332-recommended-decisions--ready-for-approval"", ""Section title"": ""33.2 Recommended Decisions — Ready for Approval"", ""Line"": 1684, ""Item numbers"": [1], ""Row"": ""| 1 | Card-variant taxonomy | Adopt a defined set of card variants for media relationship and action placement (`KBDL-CMP-067`) | Gives summary/preview surfaces a consistent, predictable structure | An unbounded per-project card taxonomy (rejected — fragments consistency) | Requires per-project mapping to visual treatment once themes/foundations are implemented | Nested-interaction and hover-only prohibitions (`KBDL-CMP-055`) remain unaffected either way | None | None | None | None | Applies identically across profiles | `KBDL-CMP-055` | `KBDL-CMP-067` | Item 1 only |""}]",Explicit None permitted only for Approved,False,False,PASS
KBDL-CMP-056,Approved,None — Approved,[],Explicit None permitted only for Approved,False,False,PASS
KBDL-CMP-057,Approved,None — Approved,[],Explicit None permitted only for Approved,False,False,PASS
KBDL-CMP-058,Approved,None — Approved,[],Explicit None permitted only for Approved,False,False,PASS
KBDL-CMP-059,Approved,None — Approved,[],Explicit None permitted only for Approved,False,False,PASS
KBDL-CMP-060,Approved,None — Approved,[],Explicit None permitted only for Approved,False,False,PASS
KBDL-CMP-061,Approved,None — Approved,[],Explicit None permitted only for Approved,False,False,PASS
KBDL-CMP-062,Approved,None — Approved,[],Explicit None permitted only for Approved,False,False,PASS
KBDL-CMP-063,Approved,None — Approved,[],Explicit None permitted only for Approved,False,False,PASS
KBDL-CMP-064,Approved,None — Approved,[],Explicit None permitted only for Approved,False,False,PASS
KBDL-CMP-065,Approved,None — Approved,[],Explicit None permitted only for Approved,False,False,PASS
KBDL-CMP-066,Approved,None — Approved,[],Explicit None permitted only for Approved,False,False,PASS
KBDL-CMP-067,Recommended,components-system.md — 33.2 Recommended Decisions — Ready for Approval — item 1,"[{""Document"": ""profiles.md"", ""Section"": ""333-unresolved-or-not-approval-ready"", ""Section title"": ""33.3 Unresolved or Not Approval-Ready"", ""Line"": 1135, ""Item numbers"": [], ""Row"": ""the unapproved KBDL-008 card-variant taxonomy (`KBDL-CMP-067`) and""}, {""Document"": ""profiles.md"", ""Section"": ""333-unresolved-or-not-approval-ready"", ""Section title"": ""33.3 Unresolved or Not Approval-Ready"", ""Line"": 1137, ""Item numbers"": [], ""Row"": ""may become approval-ready only after `KBDL-CMP-067` itself is""}, {""Document"": ""profiles.md"", ""Section"": ""333-unresolved-or-not-approval-ready"", ""Section title"": ""33.3 Unresolved or Not Approval-Ready"", ""Line"": 1139, ""Item numbers"": [], ""Row"": ""approves no exact card variant. Related: `KBDL-CMP-067`.""}, {""Document"": ""profiles.md"", ""Section"": ""34-approval-ready-versus-contingent-decisions"", ""Section title"": ""34. Approval-Ready versus Contingent Decisions"", ""Line"": 1206, ""Item numbers"": [], ""Row"": ""unapproved KBDL-008 `KBDL-CMP-067`) and `KBDL-PRO-018` (blocked on the""}, {""Document"": ""profiles.md"", ""Section"": ""38-decision-packet-coverage-audit"", ""Section title"": ""38. Decision-Packet Coverage Audit"", ""Line"": 1302, ""Item numbers"": [], ""Row"": ""| `KBDL-PRO-016` | Contingent item (§33.3) | No — depends on unapproved `KBDL-CMP-067` | `KBDL-CMP-067` |""}, {""Document"": ""profiles.md"", ""Section"": ""38-decision-packet-coverage-audit"", ""Section title"": ""38. Decision-Packet Coverage Audit"", ""Line"": 1302, ""Item numbers"": [], ""Row"": ""| `KBDL-PRO-016` | Contingent item (§33.3) | No — depends on unapproved `KBDL-CMP-067` | `KBDL-CMP-067` |""}, {""Document"": ""components-system.md"", ""Section"": ""332-recommended-decisions--ready-for-approval"", ""Section title"": ""33.2 Recommended Decisions — Ready for Approval"", ""Line"": 1684, ""Item numbers"": [1], ""Row"": ""| 1 | Card-variant taxonomy | Adopt a defined set of card variants for media relationship and action placement (`KBDL-CMP-067`) | Gives summary/preview surfaces a consistent, predictable structure | An unbounded per-project card taxonomy (rejected — fragments consistency) | Requires per-project mapping to visual treatment once themes/foundations are implemented | Nested-interaction and hover-only prohibitions (`KBDL-CMP-055`) remain unaffected either way | None | None | None | None | Applies identically across profiles | `KBDL-CMP-055` | `KBDL-CMP-067` | Item 1 only |""}, {""Document"": ""components-system.md"", ""Section"": ""332-recommended-decisions--ready-for-approval"", ""Section title"": ""33.2 Recommended Decisions — Ready for Approval"", ""Line"": 1684, ""Item numbers"": [1], ""Row"": ""| 1 | Card-variant taxonomy | Adopt a defined set of card variants for media relationship and action placement (`KBDL-CMP-067`) | Gives summary/preview surfaces a consistent, predictable structure | An unbounded per-project card taxonomy (rejected — fragments consistency) | Requires per-project mapping to visual treatment once themes/foundations are implemented | Nested-interaction and hover-only prohibitions (`KBDL-CMP-055`) remain unaffected either way | None | None | None | None | Applies identically across profiles | `KBDL-CMP-055` | `KBDL-CMP-067` | Item 1 only |""}, {""Document"": ""components-system.md"", ""Section"": ""34-decision-packet-coverage-audit"", ""Section title"": ""34. Decision-Packet Coverage Audit"", ""Line"": 1756, ""Item numbers"": [], ""Row"": ""| `KBDL-CMP-067` | 1 | Yes | None |""}]",components-system.md:1684 item=[1]; components-system.md:1684 item=[1],False,False,PASS
KBDL-CMP-068,Approved,None — Approved,"[{""Document"": ""components-system.md"", ""Section"": ""332-recommended-decisions--ready-for-approval"", ""Section title"": ""33.2 Recommended Decisions — Ready for Approval"", ""Line"": 1685, ""Item numbers"": [2], ""Row"": ""| 2 | Accordion open model | Adopt a default single-open or multiple-open accordion behavior | Gives expandable-content lists a consistent default | Leaving the choice fully per-instance (rejected — inconsistent expectations) | Requires documenting any mandatory-open exception | Trigger/panel relationship (`KBDL-CMP-068`) unaffected either way | None | None | None | None | Applies identically across profiles | `KBDL-CMP-068` | `KBDL-CMP-069` | Item 2 only |""}, {""Document"": ""components-system.md"", ""Section"": ""332-recommended-decisions--ready-for-approval"", ""Section title"": ""33.2 Recommended Decisions — Ready for Approval"", ""Line"": 1685, ""Item numbers"": [2], ""Row"": ""| 2 | Accordion open model | Adopt a default single-open or multiple-open accordion behavior | Gives expandable-content lists a consistent default | Leaving the choice fully per-instance (rejected — inconsistent expectations) | Requires documenting any mandatory-open exception | Trigger/panel relationship (`KBDL-CMP-068`) unaffected either way | None | None | None | None | Applies identically across profiles | `KBDL-CMP-068` | `KBDL-CMP-069` | Item 2 only |""}, {""Document"": ""components-system.md"", ""Section"": ""332-recommended-decisions--ready-for-approval"", ""Section title"": ""33.2 Recommended Decisions — Ready for Approval"", ""Line"": 1697, ""Item numbers"": [14], ""Row"": ""| 14 | Tree/treegrid justification threshold | Adopt a threshold for when hierarchical, tabular, or combined interaction genuinely requires tree/treegrid semantics, and the resulting model (`KBDL-CMP-106`) | Prevents casual misuse of a composite hierarchical widget for simple nested lists | Using tree semantics for any nested list (rejected — unnecessary complexity) | None significant | Distinction from Accordion (`KBDL-CMP-068`) and Grid (`KBDL-CMP-105`) unaffected either way | None | None | None | None | Applies identically across profiles | `KBDL-CMP-068`, `KBDL-CMP-105` | `KBDL-CMP-106` | Item 14 only |""}, {""Document"": ""components-system.md"", ""Section"": ""332-recommended-decisions--ready-for-approval"", ""Section title"": ""33.2 Recommended Decisions — Ready for Approval"", ""Line"": 1697, ""Item numbers"": [14], ""Row"": ""| 14 | Tree/treegrid justification threshold | Adopt a threshold for when hierarchical, tabular, or combined interaction genuinely requires tree/treegrid semantics, and the resulting model (`KBDL-CMP-106`) | Prevents casual misuse of a composite hierarchical widget for simple nested lists | Using tree semantics for any nested list (rejected — unnecessary complexity) | None significant | Distinction from Accordion (`KBDL-CMP-068`) and Grid (`KBDL-CMP-105`) unaffected either way | None | None | None | None | Applies identically across profiles | `KBDL-CMP-068`, `KBDL-CMP-105` | `KBDL-CMP-106` | Item 14 only |""}]",Explicit None permitted only for Approved,False,False,PASS
KBDL-CMP-069,Recommended,components-system.md — 33.2 Recommended Decisions — Ready for Approval — item 2,"[{""Document"": ""components-system.md"", ""Section"": ""332-recommended-decisions--ready-for-approval"", ""Section title"": ""33.2 Recommended Decisions — Ready for Approval"", ""Line"": 1685, ""Item numbers"": [2], ""Row"": ""| 2 | Accordion open model | Adopt a default single-open or multiple-open accordion behavior | Gives expandable-content lists a consistent default | Leaving the choice fully per-instance (rejected — inconsistent expectations) | Requires documenting any mandatory-open exception | Trigger/panel relationship (`KBDL-CMP-068`) unaffected either way | None | None | None | None | Applies identically across profiles | `KBDL-CMP-068` | `KBDL-CMP-069` | Item 2 only |""}, {""Document"": ""components-system.md"", ""Section"": ""34-decision-packet-coverage-audit"", ""Section title"": ""34. Decision-Packet Coverage Audit"", ""Line"": 1757, ""Item numbers"": [], ""Row"": ""| `KBDL-CMP-069` | 2 | Yes | None |""}]",components-system.md:1685 item=[2],False,False,PASS
KBDL-CMP-070,Approved,None — Approved,"[{""Document"": ""profiles.md"", ""Section"": ""332-recommended-decisions--ready-for-approval"", ""Section title"": ""33.2 Recommended Decisions — Ready for Approval"", ""Line"": 1125, ""Item numbers"": [2], ""Row"": ""| 2 | Precision density and component-emphasis defaults | Adopt exact Precision spacing-intensity and table-presentation defaults (`KBDL-PRO-017`) | Gives Precision projects a consistent starting density | Leaving density fully per-project (rejected — inconsistent cross-project recognizability) | Exact spacing values remain bound by the already-approved spacing scale | Target-size minimum (`KBDL-CMP-010`) unaffected either way | Depends on eventual `KBDL-RSP-002`/`003` values for exact grid interaction, cited as context only | None | None | Static Data Table/Grid distinction (`KBDL-CMP-070`) unaffected | None | Precision only | `KBDL-CMP-010`, `KBDL-CMP-070` | `KBDL-PRO-017` | Item 2 only |""}, {""Document"": ""profiles.md"", ""Section"": ""332-recommended-decisions--ready-for-approval"", ""Section title"": ""33.2 Recommended Decisions — Ready for Approval"", ""Line"": 1125, ""Item numbers"": [2], ""Row"": ""| 2 | Precision density and component-emphasis defaults | Adopt exact Precision spacing-intensity and table-presentation defaults (`KBDL-PRO-017`) | Gives Precision projects a consistent starting density | Leaving density fully per-project (rejected — inconsistent cross-project recognizability) | Exact spacing values remain bound by the already-approved spacing scale | Target-size minimum (`KBDL-CMP-010`) unaffected either way | Depends on eventual `KBDL-RSP-002`/`003` values for exact grid interaction, cited as context only | None | None | Static Data Table/Grid distinction (`KBDL-CMP-070`) unaffected | None | Precision only | `KBDL-CMP-010`, `KBDL-CMP-070` | `KBDL-PRO-017` | Item 2 only |""}, {""Document"": ""components-system.md"", ""Section"": ""332-recommended-decisions--ready-for-approval"", ""Section title"": ""33.2 Recommended Decisions — Ready for Approval"", ""Line"": 1696, ""Item numbers"": [13], ""Row"": ""| 13 | Grid-versus-table threshold and interactive-grid model | Adopt a threshold for when grid semantics are justified and the resulting composite-widget keyboard model (`KBDL-CMP-105`) | Prevents casual misuse of a composite keyboard model on effectively static data | Using grid semantics by default for any tabular data (rejected — unnecessary complexity and keyboard-model risk) | Exact virtualization/resizing/pinning behavior remains a later implementation decision | Static-table distinction (`KBDL-CMP-070`) unaffected either way | `KBDL-RSP-011` cited as unapproved context, not adopted as authority | None | None | None | Applies identically across profiles | `KBDL-CMP-070` | `KBDL-CMP-105` | Item 13 only |""}, {""Document"": ""components-system.md"", ""Section"": ""332-recommended-decisions--ready-for-approval"", ""Section title"": ""33.2 Recommended Decisions — Ready for Approval"", ""Line"": 1696, ""Item numbers"": [13], ""Row"": ""| 13 | Grid-versus-table threshold and interactive-grid model | Adopt a threshold for when grid semantics are justified and the resulting composite-widget keyboard model (`KBDL-CMP-105`) | Prevents casual misuse of a composite keyboard model on effectively static data | Using grid semantics by default for any tabular data (rejected — unnecessary complexity and keyboard-model risk) | Exact virtualization/resizing/pinning behavior remains a later implementation decision | Static-table distinction (`KBDL-CMP-070`) unaffected either way | `KBDL-RSP-011` cited as unapproved context, not adopted as authority | None | None | None | Applies identically across profiles | `KBDL-CMP-070` | `KBDL-CMP-105` | Item 13 only |""}, {""Document"": ""components-system.md"", ""Section"": ""332-recommended-decisions--ready-for-approval"", ""Section title"": ""33.2 Recommended Decisions — Ready for Approval"", ""Line"": 1700, ""Item numbers"": [17], ""Row"": ""| 17 | Responsive transformation policy for overlays and tabular data | Adopt content-driven transformation patterns (dialog-to-full-screen, table-to-cards, popover-to-sheet) independent of the exact unapproved breakpoint values (`KBDL-CMP-111`) | Gives narrow-viewport adaptation a consistent, predictable pattern set | Ad hoc, per-project transformation choices (rejected — inconsistent responsive behavior) | Exact trigger breakpoint remains dependent on the eventual `KBDL-RSP-002` value | Static Data Table semantics (`KBDL-CMP-070`) unaffected either way | `KBDL-RSP-002` cited as eventual, unapproved context for the exact trigger point only, not adopted as authority | None | None | None | Applies identically across profiles | `KBDL-CMP-070`, `KBDL-CMP-080` | `KBDL-CMP-111` | Item 17 only |""}, {""Document"": ""components-system.md"", ""Section"": ""332-recommended-decisions--ready-for-approval"", ""Section title"": ""33.2 Recommended Decisions — Ready for Approval"", ""Line"": 1700, ""Item numbers"": [17], ""Row"": ""| 17 | Responsive transformation policy for overlays and tabular data | Adopt content-driven transformation patterns (dialog-to-full-screen, table-to-cards, popover-to-sheet) independent of the exact unapproved breakpoint values (`KBDL-CMP-111`) | Gives narrow-viewport adaptation a consistent, predictable pattern set | Ad hoc, per-project transformation choices (rejected — inconsistent responsive behavior) | Exact trigger breakpoint remains dependent on the eventual `KBDL-RSP-002` value | Static Data Table semantics (`KBDL-CMP-070`) unaffected either way | `KBDL-RSP-002` cited as eventual, unapproved context for the exact trigger point only, not adopted as authority | None | None | None | Applies identically across profiles | `KBDL-CMP-070`, `KBDL-CMP-080` | `KBDL-CMP-111` | Item 17 only |""}]",Explicit None permitted only for Approved,False,False,PASS
KBDL-CMP-071,Approved,None — Approved,[],Explicit None permitted only for Approved,False,False,PASS
KBDL-CMP-072,Approved,None — Approved,"[{""Document"": ""components-system.md"", ""Section"": ""332-recommended-decisions--ready-for-approval"", ""Section title"": ""33.2 Recommended Decisions — Ready for Approval"", ""Line"": 1686, ""Item numbers"": [3], ""Row"": ""| 3 | Tooltip trigger/persistence/placement policy | Adopt KBDL-specific hover/focus timing and default placement behavior for tooltips (`KBDL-CMP-073`) | Provides a consistent tooltip feel without relying on the non-consensus APG timing guidance | Deferring entirely to implementation judgment (rejected — inconsistent behavior across projects) | Exact millisecond delay values remain a later implementation decision | Naming independence (`KBDL-CMP-072`) unaffected either way | None | None | None | None | Applies identically across profiles | `KBDL-CMP-072` | `KBDL-CMP-073` | Item 3 only |""}, {""Document"": ""components-system.md"", ""Section"": ""332-recommended-decisions--ready-for-approval"", ""Section title"": ""33.2 Recommended Decisions — Ready for Approval"", ""Line"": 1686, ""Item numbers"": [3], ""Row"": ""| 3 | Tooltip trigger/persistence/placement policy | Adopt KBDL-specific hover/focus timing and default placement behavior for tooltips (`KBDL-CMP-073`) | Provides a consistent tooltip feel without relying on the non-consensus APG timing guidance | Deferring entirely to implementation judgment (rejected — inconsistent behavior across projects) | Exact millisecond delay values remain a later implementation decision | Naming independence (`KBDL-CMP-072`) unaffected either way | None | None | None | None | Applies identically across profiles | `KBDL-CMP-072` | `KBDL-CMP-073` | Item 3 only |""}]",Explicit None permitted only for Approved,False,False,PASS
KBDL-CMP-073,Recommended,components-system.md — 33.2 Recommended Decisions — Ready for Approval — item 3,"[{""Document"": ""components-system.md"", ""Section"": ""332-recommended-decisions--ready-for-approval"", ""Section title"": ""33.2 Recommended Decisions — Ready for Approval"", ""Line"": 1686, ""Item numbers"": [3], ""Row"": ""| 3 | Tooltip trigger/persistence/placement policy | Adopt KBDL-specific hover/focus timing and default placement behavior for tooltips (`KBDL-CMP-073`) | Provides a consistent tooltip feel without relying on the non-consensus APG timing guidance | Deferring entirely to implementation judgment (rejected — inconsistent behavior across projects) | Exact millisecond delay values remain a later implementation decision | Naming independence (`KBDL-CMP-072`) unaffected either way | None | None | None | None | Applies identically across profiles | `KBDL-CMP-072` | `KBDL-CMP-073` | Item 3 only |""}, {""Document"": ""components-system.md"", ""Section"": ""332-recommended-decisions--ready-for-approval"", ""Section title"": ""33.2 Recommended Decisions — Ready for Approval"", ""Line"": 1686, ""Item numbers"": [3], ""Row"": ""| 3 | Tooltip trigger/persistence/placement policy | Adopt KBDL-specific hover/focus timing and default placement behavior for tooltips (`KBDL-CMP-073`) | Provides a consistent tooltip feel without relying on the non-consensus APG timing guidance | Deferring entirely to implementation judgment (rejected — inconsistent behavior across projects) | Exact millisecond delay values remain a later implementation decision | Naming independence (`KBDL-CMP-072`) unaffected either way | None | None | None | None | Applies identically across profiles | `KBDL-CMP-072` | `KBDL-CMP-073` | Item 3 only |""}, {""Document"": ""components-system.md"", ""Section"": ""34-decision-packet-coverage-audit"", ""Section title"": ""34. Decision-Packet Coverage Audit"", ""Line"": 1758, ""Item numbers"": [], ""Row"": ""| `KBDL-CMP-073` | 3 | Yes | None |""}]",components-system.md:1686 item=[3]; components-system.md:1686 item=[3],False,False,PASS
KBDL-CMP-074,Recommended,components-system.md — 33.2 Recommended Decisions — Ready for Approval — item 4,"[{""Document"": ""components-system.md"", ""Section"": ""332-recommended-decisions--ready-for-approval"", ""Section title"": ""33.2 Recommended Decisions — Ready for Approval"", ""Line"": 1687, ""Item numbers"": [4], ""Row"": ""| 4 | Popover taxonomy and dismissal model | Adopt a defined popover-versus-menu-versus-modal taxonomy and a default outside-pointer/Escape/focus-loss dismissal model (`KBDL-CMP-074`) | Prevents ad hoc, inconsistent choices between overlapping overlay types | No taxonomy, decided per instance (rejected — inconsistent dismissal expectations) | None significant | None beyond what non-modal focus rules already require | None | None | None | None | Applies identically across profiles | None | `KBDL-CMP-074` | Item 4 only |""}, {""Document"": ""components-system.md"", ""Section"": ""332-recommended-decisions--ready-for-approval"", ""Section title"": ""33.2 Recommended Decisions — Ready for Approval"", ""Line"": 1687, ""Item numbers"": [4], ""Row"": ""| 4 | Popover taxonomy and dismissal model | Adopt a defined popover-versus-menu-versus-modal taxonomy and a default outside-pointer/Escape/focus-loss dismissal model (`KBDL-CMP-074`) | Prevents ad hoc, inconsistent choices between overlapping overlay types | No taxonomy, decided per instance (rejected — inconsistent dismissal expectations) | None significant | None beyond what non-modal focus rules already require | None | None | None | None | Applies identically across profiles | None | `KBDL-CMP-074` | Item 4 only |""}, {""Document"": ""components-system.md"", ""Section"": ""34-decision-packet-coverage-audit"", ""Section title"": ""34. Decision-Packet Coverage Audit"", ""Line"": 1759, ""Item numbers"": [], ""Row"": ""| `KBDL-CMP-074` | 4 | Yes | None |""}]",components-system.md:1687 item=[4]; components-system.md:1687 item=[4],False,False,PASS
KBDL-CMP-075,Approved,None — Approved,"[{""Document"": ""components-system.md"", ""Section"": ""332-recommended-decisions--ready-for-approval"", ""Section title"": ""33.2 Recommended Decisions — Ready for Approval"", ""Line"": 1688, ""Item numbers"": [5], ""Row"": ""| 5 | Menu interaction and dismissal model | Adopt a defined menu focus-movement, type-ahead, submenu, and return-focus model (`KBDL-CMP-076`) | Gives command/choice menus a consistent, predictable keyboard model | Relying on the APG menu pattern's exact behavior without KBDL adoption (rejected — the APG pattern is not automatically Approved) | None significant | ARIA role relationship (`KBDL-CMP-075`) unaffected either way | None | None | None | None | Applies identically across profiles | `KBDL-CMP-075` | `KBDL-CMP-076` | Item 5 only |""}, {""Document"": ""components-system.md"", ""Section"": ""332-recommended-decisions--ready-for-approval"", ""Section title"": ""33.2 Recommended Decisions — Ready for Approval"", ""Line"": 1688, ""Item numbers"": [5], ""Row"": ""| 5 | Menu interaction and dismissal model | Adopt a defined menu focus-movement, type-ahead, submenu, and return-focus model (`KBDL-CMP-076`) | Gives command/choice menus a consistent, predictable keyboard model | Relying on the APG menu pattern's exact behavior without KBDL adoption (rejected — the APG pattern is not automatically Approved) | None significant | ARIA role relationship (`KBDL-CMP-075`) unaffected either way | None | None | None | None | Applies identically across profiles | `KBDL-CMP-075` | `KBDL-CMP-076` | Item 5 only |""}]",Explicit None permitted only for Approved,False,False,PASS
KBDL-CMP-076,Recommended,components-system.md — 33.2 Recommended Decisions — Ready for Approval — item 5,"[{""Document"": ""components-system.md"", ""Section"": ""332-recommended-decisions--ready-for-approval"", ""Section title"": ""33.2 Recommended Decisions — Ready for Approval"", ""Line"": 1688, ""Item numbers"": [5], ""Row"": ""| 5 | Menu interaction and dismissal model | Adopt a defined menu focus-movement, type-ahead, submenu, and return-focus model (`KBDL-CMP-076`) | Gives command/choice menus a consistent, predictable keyboard model | Relying on the APG menu pattern's exact behavior without KBDL adoption (rejected — the APG pattern is not automatically Approved) | None significant | ARIA role relationship (`KBDL-CMP-075`) unaffected either way | None | None | None | None | Applies identically across profiles | `KBDL-CMP-075` | `KBDL-CMP-076` | Item 5 only |""}, {""Document"": ""components-system.md"", ""Section"": ""332-recommended-decisions--ready-for-approval"", ""Section title"": ""33.2 Recommended Decisions — Ready for Approval"", ""Line"": 1688, ""Item numbers"": [5], ""Row"": ""| 5 | Menu interaction and dismissal model | Adopt a defined menu focus-movement, type-ahead, submenu, and return-focus model (`KBDL-CMP-076`) | Gives command/choice menus a consistent, predictable keyboard model | Relying on the APG menu pattern's exact behavior without KBDL adoption (rejected — the APG pattern is not automatically Approved) | None significant | ARIA role relationship (`KBDL-CMP-075`) unaffected either way | None | None | None | None | Applies identically across profiles | `KBDL-CMP-075` | `KBDL-CMP-076` | Item 5 only |""}, {""Document"": ""components-system.md"", ""Section"": ""34-decision-packet-coverage-audit"", ""Section title"": ""34. Decision-Packet Coverage Audit"", ""Line"": 1760, ""Item numbers"": [], ""Row"": ""| `KBDL-CMP-076` | 5 | Yes | None |""}]",components-system.md:1688 item=[5]; components-system.md:1688 item=[5],False,False,PASS
KBDL-CMP-077,Approved,None — Approved,[],Explicit None permitted only for Approved,False,False,PASS
KBDL-CMP-078,Approved,None — Approved,[],Explicit None permitted only for Approved,False,False,PASS
KBDL-CMP-079,Approved,None — Approved,"[{""Document"": ""components-system.md"", ""Section"": ""332-recommended-decisions--ready-for-approval"", ""Section title"": ""33.2 Recommended Decisions — Ready for Approval"", ""Line"": 1689, ""Item numbers"": [6], ""Row"": ""| 6 | Modal sizing and nested-modal policy | Adopt a modal sizing model and a one-modal-at-a-time (or defined exception) nesting policy (`KBDL-CMP-080`) | Prevents ambiguous or competing modal stacking | Unlimited nested modals (rejected — focus/Escape ownership becomes ambiguous) | None significant | Modal integrity (`KBDL-CMP-079`) unaffected either way | None | None | None | None | Applies identically across profiles | `KBDL-CMP-079`, `KBDL-CMP-084` | `KBDL-CMP-080` | Item 6 only |""}, {""Document"": ""components-system.md"", ""Section"": ""332-recommended-decisions--ready-for-approval"", ""Section title"": ""33.2 Recommended Decisions — Ready for Approval"", ""Line"": 1689, ""Item numbers"": [6], ""Row"": ""| 6 | Modal sizing and nested-modal policy | Adopt a modal sizing model and a one-modal-at-a-time (or defined exception) nesting policy (`KBDL-CMP-080`) | Prevents ambiguous or competing modal stacking | Unlimited nested modals (rejected — focus/Escape ownership becomes ambiguous) | None significant | Modal integrity (`KBDL-CMP-079`) unaffected either way | None | None | None | None | Applies identically across profiles | `KBDL-CMP-079`, `KBDL-CMP-084` | `KBDL-CMP-080` | Item 6 only |""}]",Explicit None permitted only for Approved,False,False,PASS
KBDL-CMP-080,Recommended,components-system.md — 33.2 Recommended Decisions — Ready for Approval — item 6,"[{""Document"": ""components-system.md"", ""Section"": ""332-recommended-decisions--ready-for-approval"", ""Section title"": ""33.2 Recommended Decisions — Ready for Approval"", ""Line"": 1689, ""Item numbers"": [6], ""Row"": ""| 6 | Modal sizing and nested-modal policy | Adopt a modal sizing model and a one-modal-at-a-time (or defined exception) nesting policy (`KBDL-CMP-080`) | Prevents ambiguous or competing modal stacking | Unlimited nested modals (rejected — focus/Escape ownership becomes ambiguous) | None significant | Modal integrity (`KBDL-CMP-079`) unaffected either way | None | None | None | None | Applies identically across profiles | `KBDL-CMP-079`, `KBDL-CMP-084` | `KBDL-CMP-080` | Item 6 only |""}, {""Document"": ""components-system.md"", ""Section"": ""332-recommended-decisions--ready-for-approval"", ""Section title"": ""33.2 Recommended Decisions — Ready for Approval"", ""Line"": 1689, ""Item numbers"": [6], ""Row"": ""| 6 | Modal sizing and nested-modal policy | Adopt a modal sizing model and a one-modal-at-a-time (or defined exception) nesting policy (`KBDL-CMP-080`) | Prevents ambiguous or competing modal stacking | Unlimited nested modals (rejected — focus/Escape ownership becomes ambiguous) | None significant | Modal integrity (`KBDL-CMP-079`) unaffected either way | None | None | None | None | Applies identically across profiles | `KBDL-CMP-079`, `KBDL-CMP-084` | `KBDL-CMP-080` | Item 6 only |""}, {""Document"": ""components-system.md"", ""Section"": ""332-recommended-decisions--ready-for-approval"", ""Section title"": ""33.2 Recommended Decisions — Ready for Approval"", ""Line"": 1691, ""Item numbers"": [6, 8], ""Row"": ""| 8 | Overlay nesting/stacking policy | Adopt a maximum practical non-modal stacking depth and confirm the one-modal-at-a-time default (`KBDL-CMP-085`) | Keeps layering deterministic and testable | Unbounded nesting (rejected — same ambiguity risk as item 6) | None significant | Layering ownership (`KBDL-CMP-084`) unaffected either way | None | None | None | None | Applies identically across profiles | `KBDL-CMP-080`, `KBDL-CMP-084` | `KBDL-CMP-085` | Item 8 only |""}, {""Document"": ""components-system.md"", ""Section"": ""332-recommended-decisions--ready-for-approval"", ""Section title"": ""33.2 Recommended Decisions — Ready for Approval"", ""Line"": 1700, ""Item numbers"": [17], ""Row"": ""| 17 | Responsive transformation policy for overlays and tabular data | Adopt content-driven transformation patterns (dialog-to-full-screen, table-to-cards, popover-to-sheet) independent of the exact unapproved breakpoint values (`KBDL-CMP-111`) | Gives narrow-viewport adaptation a consistent, predictable pattern set | Ad hoc, per-project transformation choices (rejected — inconsistent responsive behavior) | Exact trigger breakpoint remains dependent on the eventual `KBDL-RSP-002` value | Static Data Table semantics (`KBDL-CMP-070`) unaffected either way | `KBDL-RSP-002` cited as eventual, unapproved context for the exact trigger point only, not adopted as authority | None | None | None | Applies identically across profiles | `KBDL-CMP-070`, `KBDL-CMP-080` | `KBDL-CMP-111` | Item 17 only |""}, {""Document"": ""components-system.md"", ""Section"": ""34-decision-packet-coverage-audit"", ""Section title"": ""34. Decision-Packet Coverage Audit"", ""Line"": 1761, ""Item numbers"": [], ""Row"": ""| `KBDL-CMP-080` | 6 | Yes | None |""}]","components-system.md:1689 item=[6]; components-system.md:1689 item=[6]; components-system.md:1691 item=[6, 8]",False,False,PASS
KBDL-CMP-081,Approved,None — Approved,[],Explicit None permitted only for Approved,False,False,PASS
KBDL-CMP-082,Approved,None — Approved,"[{""Document"": ""components-system.md"", ""Section"": ""332-recommended-decisions--ready-for-approval"", ""Section title"": ""33.2 Recommended Decisions — Ready for Approval"", ""Line"": 1690, ""Item numbers"": [7], ""Row"": ""| 7 | Drawer/Sheet taxonomy and default modality | Adopt a general drawer/sheet taxonomy and default modality for each conceptual variant (`KBDL-CMP-083`) | Gives edge-attached surfaces a consistent default behavior | Treating every drawer as identical to a modal dialog (rejected — collapses a useful distinction) | Navigation-collapse use remains separately contingent on `KBDL-CMP-041` regardless of this item's approval | KBDL-007 navigation-trigger boundary (`KBDL-CMP-082`) unaffected either way | None | None | None | None | Applies identically across profiles | `KBDL-CMP-082` | `KBDL-CMP-083` | Item 7 only |""}, {""Document"": ""components-system.md"", ""Section"": ""332-recommended-decisions--ready-for-approval"", ""Section title"": ""33.2 Recommended Decisions — Ready for Approval"", ""Line"": 1690, ""Item numbers"": [7], ""Row"": ""| 7 | Drawer/Sheet taxonomy and default modality | Adopt a general drawer/sheet taxonomy and default modality for each conceptual variant (`KBDL-CMP-083`) | Gives edge-attached surfaces a consistent default behavior | Treating every drawer as identical to a modal dialog (rejected — collapses a useful distinction) | Navigation-collapse use remains separately contingent on `KBDL-CMP-041` regardless of this item's approval | KBDL-007 navigation-trigger boundary (`KBDL-CMP-082`) unaffected either way | None | None | None | None | Applies identically across profiles | `KBDL-CMP-082` | `KBDL-CMP-083` | Item 7 only |""}]",Explicit None permitted only for Approved,False,False,PASS
KBDL-CMP-083,Recommended,components-system.md — 33.2 Recommended Decisions — Ready for Approval — item 7,"[{""Document"": ""components-system.md"", ""Section"": ""332-recommended-decisions--ready-for-approval"", ""Section title"": ""33.2 Recommended Decisions — Ready for Approval"", ""Line"": 1690, ""Item numbers"": [7], ""Row"": ""| 7 | Drawer/Sheet taxonomy and default modality | Adopt a general drawer/sheet taxonomy and default modality for each conceptual variant (`KBDL-CMP-083`) | Gives edge-attached surfaces a consistent default behavior | Treating every drawer as identical to a modal dialog (rejected — collapses a useful distinction) | Navigation-collapse use remains separately contingent on `KBDL-CMP-041` regardless of this item's approval | KBDL-007 navigation-trigger boundary (`KBDL-CMP-082`) unaffected either way | None | None | None | None | Applies identically across profiles | `KBDL-CMP-082` | `KBDL-CMP-083` | Item 7 only |""}, {""Document"": ""components-system.md"", ""Section"": ""332-recommended-decisions--ready-for-approval"", ""Section title"": ""33.2 Recommended Decisions — Ready for Approval"", ""Line"": 1690, ""Item numbers"": [7], ""Row"": ""| 7 | Drawer/Sheet taxonomy and default modality | Adopt a general drawer/sheet taxonomy and default modality for each conceptual variant (`KBDL-CMP-083`) | Gives edge-attached surfaces a consistent default behavior | Treating every drawer as identical to a modal dialog (rejected — collapses a useful distinction) | Navigation-collapse use remains separately contingent on `KBDL-CMP-041` regardless of this item's approval | KBDL-007 navigation-trigger boundary (`KBDL-CMP-082`) unaffected either way | None | None | None | None | Applies identically across profiles | `KBDL-CMP-082` | `KBDL-CMP-083` | Item 7 only |""}, {""Document"": ""components-system.md"", ""Section"": ""34-decision-packet-coverage-audit"", ""Section title"": ""34. Decision-Packet Coverage Audit"", ""Line"": 1762, ""Item numbers"": [], ""Row"": ""| `KBDL-CMP-083` | 7 | Yes | None (navigation-drawer use remains separately bound by `KBDL-CMP-041`, KBDL-007, not by this item) |""}]",components-system.md:1690 item=[7]; components-system.md:1690 item=[7],False,False,PASS
KBDL-CMP-084,Approved,None — Approved,"[{""Document"": ""components-system.md"", ""Section"": ""332-recommended-decisions--ready-for-approval"", ""Section title"": ""33.2 Recommended Decisions — Ready for Approval"", ""Line"": 1689, ""Item numbers"": [6], ""Row"": ""| 6 | Modal sizing and nested-modal policy | Adopt a modal sizing model and a one-modal-at-a-time (or defined exception) nesting policy (`KBDL-CMP-080`) | Prevents ambiguous or competing modal stacking | Unlimited nested modals (rejected — focus/Escape ownership becomes ambiguous) | None significant | Modal integrity (`KBDL-CMP-079`) unaffected either way | None | None | None | None | Applies identically across profiles | `KBDL-CMP-079`, `KBDL-CMP-084` | `KBDL-CMP-080` | Item 6 only |""}, {""Document"": ""components-system.md"", ""Section"": ""332-recommended-decisions--ready-for-approval"", ""Section title"": ""33.2 Recommended Decisions — Ready for Approval"", ""Line"": 1691, ""Item numbers"": [6, 8], ""Row"": ""| 8 | Overlay nesting/stacking policy | Adopt a maximum practical non-modal stacking depth and confirm the one-modal-at-a-time default (`KBDL-CMP-085`) | Keeps layering deterministic and testable | Unbounded nesting (rejected — same ambiguity risk as item 6) | None significant | Layering ownership (`KBDL-CMP-084`) unaffected either way | None | None | None | None | Applies identically across profiles | `KBDL-CMP-080`, `KBDL-CMP-084` | `KBDL-CMP-085` | Item 8 only |""}, {""Document"": ""components-system.md"", ""Section"": ""332-recommended-decisions--ready-for-approval"", ""Section title"": ""33.2 Recommended Decisions — Ready for Approval"", ""Line"": 1691, ""Item numbers"": [6, 8], ""Row"": ""| 8 | Overlay nesting/stacking policy | Adopt a maximum practical non-modal stacking depth and confirm the one-modal-at-a-time default (`KBDL-CMP-085`) | Keeps layering deterministic and testable | Unbounded nesting (rejected — same ambiguity risk as item 6) | None significant | Layering ownership (`KBDL-CMP-084`) unaffected either way | None | None | None | None | Applies identically across profiles | `KBDL-CMP-080`, `KBDL-CMP-084` | `KBDL-CMP-085` | Item 8 only |""}]",Explicit None permitted only for Approved,False,False,PASS
KBDL-CMP-085,Recommended,components-system.md — 33.2 Recommended Decisions — Ready for Approval — item 8,"[{""Document"": ""components-system.md"", ""Section"": ""332-recommended-decisions--ready-for-approval"", ""Section title"": ""33.2 Recommended Decisions — Ready for Approval"", ""Line"": 1691, ""Item numbers"": [6, 8], ""Row"": ""| 8 | Overlay nesting/stacking policy | Adopt a maximum practical non-modal stacking depth and confirm the one-modal-at-a-time default (`KBDL-CMP-085`) | Keeps layering deterministic and testable | Unbounded nesting (rejected — same ambiguity risk as item 6) | None significant | Layering ownership (`KBDL-CMP-084`) unaffected either way | None | None | None | None | Applies identically across profiles | `KBDL-CMP-080`, `KBDL-CMP-084` | `KBDL-CMP-085` | Item 8 only |""}, {""Document"": ""components-system.md"", ""Section"": ""332-recommended-decisions--ready-for-approval"", ""Section title"": ""33.2 Recommended Decisions — Ready for Approval"", ""Line"": 1691, ""Item numbers"": [6, 8], ""Row"": ""| 8 | Overlay nesting/stacking policy | Adopt a maximum practical non-modal stacking depth and confirm the one-modal-at-a-time default (`KBDL-CMP-085`) | Keeps layering deterministic and testable | Unbounded nesting (rejected — same ambiguity risk as item 6) | None significant | Layering ownership (`KBDL-CMP-084`) unaffected either way | None | None | None | None | Applies identically across profiles | `KBDL-CMP-080`, `KBDL-CMP-084` | `KBDL-CMP-085` | Item 8 only |""}, {""Document"": ""components-system.md"", ""Section"": ""34-decision-packet-coverage-audit"", ""Section title"": ""34. Decision-Packet Coverage Audit"", ""Line"": 1763, ""Item numbers"": [], ""Row"": ""| `KBDL-CMP-085` | 8 | Yes | None |""}]","components-system.md:1691 item=[6, 8]; components-system.md:1691 item=[6, 8]",False,False,PASS
KBDL-CMP-086,Approved,None — Approved,[],Explicit None permitted only for Approved,False,False,PASS
KBDL-CMP-087,Approved,None — Approved,[],Explicit None permitted only for Approved,False,False,PASS
KBDL-CMP-088,Approved,None — Approved,"[{""Document"": ""components-system.md"", ""Section"": ""332-recommended-decisions--ready-for-approval"", ""Section title"": ""33.2 Recommended Decisions — Ready for Approval"", ""Line"": 1692, ""Item numbers"": [9], ""Row"": ""| 9 | Banner severity taxonomy | Adopt a defined banner severity/variant set (`KBDL-CMP-089`) | Gives page-level messages a consistent, predictable set of meanings | An unbounded per-project banner variant set (rejected — fragments consistency) | None significant | Alert-role boundary (`KBDL-CMP-088`) unaffected either way | None | None | None | None | Applies identically across profiles | `KBDL-CMP-088` | `KBDL-CMP-089` | Item 9 only |""}, {""Document"": ""components-system.md"", ""Section"": ""332-recommended-decisions--ready-for-approval"", ""Section title"": ""33.2 Recommended Decisions — Ready for Approval"", ""Line"": 1692, ""Item numbers"": [9], ""Row"": ""| 9 | Banner severity taxonomy | Adopt a defined banner severity/variant set (`KBDL-CMP-089`) | Gives page-level messages a consistent, predictable set of meanings | An unbounded per-project banner variant set (rejected — fragments consistency) | None significant | Alert-role boundary (`KBDL-CMP-088`) unaffected either way | None | None | None | None | Applies identically across profiles | `KBDL-CMP-088` | `KBDL-CMP-089` | Item 9 only |""}]",Explicit None permitted only for Approved,False,False,PASS
KBDL-CMP-089,Recommended,components-system.md — 33.2 Recommended Decisions — Ready for Approval — item 9,"[{""Document"": ""components-system.md"", ""Section"": ""332-recommended-decisions--ready-for-approval"", ""Section title"": ""33.2 Recommended Decisions — Ready for Approval"", ""Line"": 1692, ""Item numbers"": [9], ""Row"": ""| 9 | Banner severity taxonomy | Adopt a defined banner severity/variant set (`KBDL-CMP-089`) | Gives page-level messages a consistent, predictable set of meanings | An unbounded per-project banner variant set (rejected — fragments consistency) | None significant | Alert-role boundary (`KBDL-CMP-088`) unaffected either way | None | None | None | None | Applies identically across profiles | `KBDL-CMP-088` | `KBDL-CMP-089` | Item 9 only |""}, {""Document"": ""components-system.md"", ""Section"": ""332-recommended-decisions--ready-for-approval"", ""Section title"": ""33.2 Recommended Decisions — Ready for Approval"", ""Line"": 1692, ""Item numbers"": [9], ""Row"": ""| 9 | Banner severity taxonomy | Adopt a defined banner severity/variant set (`KBDL-CMP-089`) | Gives page-level messages a consistent, predictable set of meanings | An unbounded per-project banner variant set (rejected — fragments consistency) | None significant | Alert-role boundary (`KBDL-CMP-088`) unaffected either way | None | None | None | None | Applies identically across profiles | `KBDL-CMP-088` | `KBDL-CMP-089` | Item 9 only |""}, {""Document"": ""components-system.md"", ""Section"": ""34-decision-packet-coverage-audit"", ""Section title"": ""34. Decision-Packet Coverage Audit"", ""Line"": 1764, ""Item numbers"": [], ""Row"": ""| `KBDL-CMP-089` | 9 | Yes | None |""}]",components-system.md:1692 item=[9]; components-system.md:1692 item=[9],False,False,PASS
KBDL-CMP-090,Approved,None — Approved,"[{""Document"": ""components-system.md"", ""Section"": ""332-recommended-decisions--ready-for-approval"", ""Section title"": ""33.2 Recommended Decisions — Ready for Approval"", ""Line"": 1693, ""Item numbers"": [10], ""Row"": ""| 10 | Toast lifecycle model | Adopt auto-dismiss timing, queueing, duplicate suppression, and stacking/placement defaults for toasts (`KBDL-CMP-091`) | Gives transient feedback a consistent, testable lifecycle | Leaving timing fully to implementation judgment (rejected — inconsistent, risks WCAG 2.2.1 issues if timing is too short) | Exact millisecond/second values remain a later implementation decision | Critical-information boundary (`KBDL-CMP-090`) unaffected either way | None | None | None | None | Applies identically across profiles | `KBDL-CMP-090` | `KBDL-CMP-091` | Item 10 only |""}, {""Document"": ""components-system.md"", ""Section"": ""332-recommended-decisions--ready-for-approval"", ""Section title"": ""33.2 Recommended Decisions — Ready for Approval"", ""Line"": 1693, ""Item numbers"": [10], ""Row"": ""| 10 | Toast lifecycle model | Adopt auto-dismiss timing, queueing, duplicate suppression, and stacking/placement defaults for toasts (`KBDL-CMP-091`) | Gives transient feedback a consistent, testable lifecycle | Leaving timing fully to implementation judgment (rejected — inconsistent, risks WCAG 2.2.1 issues if timing is too short) | Exact millisecond/second values remain a later implementation decision | Critical-information boundary (`KBDL-CMP-090`) unaffected either way | None | None | None | None | Applies identically across profiles | `KBDL-CMP-090` | `KBDL-CMP-091` | Item 10 only |""}]",Explicit None permitted only for Approved,False,False,PASS
KBDL-CMP-091,Recommended,components-system.md — 33.2 Recommended Decisions — Ready for Approval — item 10,"[{""Document"": ""components-system.md"", ""Section"": ""332-recommended-decisions--ready-for-approval"", ""Section title"": ""33.2 Recommended Decisions — Ready for Approval"", ""Line"": 1693, ""Item numbers"": [10], ""Row"": ""| 10 | Toast lifecycle model | Adopt auto-dismiss timing, queueing, duplicate suppression, and stacking/placement defaults for toasts (`KBDL-CMP-091`) | Gives transient feedback a consistent, testable lifecycle | Leaving timing fully to implementation judgment (rejected — inconsistent, risks WCAG 2.2.1 issues if timing is too short) | Exact millisecond/second values remain a later implementation decision | Critical-information boundary (`KBDL-CMP-090`) unaffected either way | None | None | None | None | Applies identically across profiles | `KBDL-CMP-090` | `KBDL-CMP-091` | Item 10 only |""}, {""Document"": ""components-system.md"", ""Section"": ""332-recommended-decisions--ready-for-approval"", ""Section title"": ""33.2 Recommended Decisions — Ready for Approval"", ""Line"": 1693, ""Item numbers"": [10], ""Row"": ""| 10 | Toast lifecycle model | Adopt auto-dismiss timing, queueing, duplicate suppression, and stacking/placement defaults for toasts (`KBDL-CMP-091`) | Gives transient feedback a consistent, testable lifecycle | Leaving timing fully to implementation judgment (rejected — inconsistent, risks WCAG 2.2.1 issues if timing is too short) | Exact millisecond/second values remain a later implementation decision | Critical-information boundary (`KBDL-CMP-090`) unaffected either way | None | None | None | None | Applies identically across profiles | `KBDL-CMP-090` | `KBDL-CMP-091` | Item 10 only |""}, {""Document"": ""components-system.md"", ""Section"": ""34-decision-packet-coverage-audit"", ""Section title"": ""34. Decision-Packet Coverage Audit"", ""Line"": 1765, ""Item numbers"": [], ""Row"": ""| `KBDL-CMP-091` | 10 | Yes | None |""}]",components-system.md:1693 item=[10]; components-system.md:1693 item=[10],False,False,PASS
KBDL-CMP-092,Approved,None — Approved,[],Explicit None permitted only for Approved,False,False,PASS
KBDL-CMP-093,Approved,None — Approved,[],Explicit None permitted only for Approved,False,False,PASS
KBDL-CMP-094,Approved,None — Approved,[],Explicit None permitted only for Approved,False,False,PASS
KBDL-CMP-095,Approved,None — Approved,[],Explicit None permitted only for Approved,False,False,PASS
KBDL-CMP-096,Approved,None — Approved,[],Explicit None permitted only for Approved,False,False,PASS
KBDL-CMP-097,Approved,None — Approved,"[{""Document"": ""components-system.md"", ""Section"": ""332-recommended-decisions--ready-for-approval"", ""Section title"": ""33.2 Recommended Decisions — Ready for Approval"", ""Line"": 1694, ""Item numbers"": [11], ""Row"": ""| 11 | Empty-state taxonomy | Adopt an empty-state taxonomy (first-use, user-cleared, permission-limited, genuinely-empty), illustration policy, and action hierarchy (`KBDL-CMP-099`) | Gives absence-of-content states a consistent, predictable structure | A single undifferentiated \""empty\"" treatment (rejected — conflates causes with different correct actions) | None significant | Programmatic-determinability requirement (`KBDL-CMP-097`) unaffected either way | None | None | None | None | Applies identically across profiles | `KBDL-CMP-097`, `KBDL-CMP-100` | `KBDL-CMP-099` | Item 11 only |""}, {""Document"": ""components-system.md"", ""Section"": ""332-recommended-decisions--ready-for-approval"", ""Section title"": ""33.2 Recommended Decisions — Ready for Approval"", ""Line"": 1694, ""Item numbers"": [11], ""Row"": ""| 11 | Empty-state taxonomy | Adopt an empty-state taxonomy (first-use, user-cleared, permission-limited, genuinely-empty), illustration policy, and action hierarchy (`KBDL-CMP-099`) | Gives absence-of-content states a consistent, predictable structure | A single undifferentiated \""empty\"" treatment (rejected — conflates causes with different correct actions) | None significant | Programmatic-determinability requirement (`KBDL-CMP-097`) unaffected either way | None | None | None | None | Applies identically across profiles | `KBDL-CMP-097`, `KBDL-CMP-100` | `KBDL-CMP-099` | Item 11 only |""}]",Explicit None permitted only for Approved,False,False,PASS
KBDL-CMP-098,Approved,None — Approved,[],Explicit None permitted only for Approved,False,False,PASS
KBDL-CMP-099,Recommended,components-system.md — 33.2 Recommended Decisions — Ready for Approval — item 11,"[{""Document"": ""components-system.md"", ""Section"": ""332-recommended-decisions--ready-for-approval"", ""Section title"": ""33.2 Recommended Decisions — Ready for Approval"", ""Line"": 1694, ""Item numbers"": [11], ""Row"": ""| 11 | Empty-state taxonomy | Adopt an empty-state taxonomy (first-use, user-cleared, permission-limited, genuinely-empty), illustration policy, and action hierarchy (`KBDL-CMP-099`) | Gives absence-of-content states a consistent, predictable structure | A single undifferentiated \""empty\"" treatment (rejected — conflates causes with different correct actions) | None significant | Programmatic-determinability requirement (`KBDL-CMP-097`) unaffected either way | None | None | None | None | Applies identically across profiles | `KBDL-CMP-097`, `KBDL-CMP-100` | `KBDL-CMP-099` | Item 11 only |""}, {""Document"": ""components-system.md"", ""Section"": ""332-recommended-decisions--ready-for-approval"", ""Section title"": ""33.2 Recommended Decisions — Ready for Approval"", ""Line"": 1694, ""Item numbers"": [11], ""Row"": ""| 11 | Empty-state taxonomy | Adopt an empty-state taxonomy (first-use, user-cleared, permission-limited, genuinely-empty), illustration policy, and action hierarchy (`KBDL-CMP-099`) | Gives absence-of-content states a consistent, predictable structure | A single undifferentiated \""empty\"" treatment (rejected — conflates causes with different correct actions) | None significant | Programmatic-determinability requirement (`KBDL-CMP-097`) unaffected either way | None | None | None | None | Applies identically across profiles | `KBDL-CMP-097`, `KBDL-CMP-100` | `KBDL-CMP-099` | Item 11 only |""}, {""Document"": ""components-system.md"", ""Section"": ""34-decision-packet-coverage-audit"", ""Section title"": ""34. Decision-Packet Coverage Audit"", ""Line"": 1766, ""Item numbers"": [], ""Row"": ""| `KBDL-CMP-099` | 11 | Yes | None |""}]",components-system.md:1694 item=[11]; components-system.md:1694 item=[11],False,False,PASS
KBDL-CMP-100,Approved,None — Approved,"[{""Document"": ""components-system.md"", ""Section"": ""332-recommended-decisions--ready-for-approval"", ""Section title"": ""33.2 Recommended Decisions — Ready for Approval"", ""Line"": 1694, ""Item numbers"": [11], ""Row"": ""| 11 | Empty-state taxonomy | Adopt an empty-state taxonomy (first-use, user-cleared, permission-limited, genuinely-empty), illustration policy, and action hierarchy (`KBDL-CMP-099`) | Gives absence-of-content states a consistent, predictable structure | A single undifferentiated \""empty\"" treatment (rejected — conflates causes with different correct actions) | None significant | Programmatic-determinability requirement (`KBDL-CMP-097`) unaffected either way | None | None | None | None | Applies identically across profiles | `KBDL-CMP-097`, `KBDL-CMP-100` | `KBDL-CMP-099` | Item 11 only |""}]",Explicit None permitted only for Approved,False,False,PASS
KBDL-CMP-101,Approved,None — Approved,"[{""Document"": ""components-system.md"", ""Section"": ""332-recommended-decisions--ready-for-approval"", ""Section title"": ""33.2 Recommended Decisions — Ready for Approval"", ""Line"": 1695, ""Item numbers"": [12], ""Row"": ""| 12 | Error/system-state severity taxonomy and recovery hierarchy | Adopt a severity taxonomy and recovery hierarchy distinguishing maintenance, unavailable, and degraded conditions (`KBDL-CMP-102`) | Gives system-wide disruption states a consistent, predictable escalation model | Treating all disruptions identically (rejected — obscures whether an action is possible) | None significant | Recovery/error-identification requirement (`KBDL-CMP-101`) unaffected either way | None | None | None | None | Applies identically across profiles | `KBDL-CMP-101`, `KBDL-CMP-103` | `KBDL-CMP-102` | Item 12 only |""}, {""Document"": ""components-system.md"", ""Section"": ""332-recommended-decisions--ready-for-approval"", ""Section title"": ""33.2 Recommended Decisions — Ready for Approval"", ""Line"": 1695, ""Item numbers"": [12], ""Row"": ""| 12 | Error/system-state severity taxonomy and recovery hierarchy | Adopt a severity taxonomy and recovery hierarchy distinguishing maintenance, unavailable, and degraded conditions (`KBDL-CMP-102`) | Gives system-wide disruption states a consistent, predictable escalation model | Treating all disruptions identically (rejected — obscures whether an action is possible) | None significant | Recovery/error-identification requirement (`KBDL-CMP-101`) unaffected either way | None | None | None | None | Applies identically across profiles | `KBDL-CMP-101`, `KBDL-CMP-103` | `KBDL-CMP-102` | Item 12 only |""}]",Explicit None permitted only for Approved,False,False,PASS
KBDL-CMP-102,Recommended,components-system.md — 33.2 Recommended Decisions — Ready for Approval — item 12,"[{""Document"": ""components-system.md"", ""Section"": ""332-recommended-decisions--ready-for-approval"", ""Section title"": ""33.2 Recommended Decisions — Ready for Approval"", ""Line"": 1695, ""Item numbers"": [12], ""Row"": ""| 12 | Error/system-state severity taxonomy and recovery hierarchy | Adopt a severity taxonomy and recovery hierarchy distinguishing maintenance, unavailable, and degraded conditions (`KBDL-CMP-102`) | Gives system-wide disruption states a consistent, predictable escalation model | Treating all disruptions identically (rejected — obscures whether an action is possible) | None significant | Recovery/error-identification requirement (`KBDL-CMP-101`) unaffected either way | None | None | None | None | Applies identically across profiles | `KBDL-CMP-101`, `KBDL-CMP-103` | `KBDL-CMP-102` | Item 12 only |""}, {""Document"": ""components-system.md"", ""Section"": ""332-recommended-decisions--ready-for-approval"", ""Section title"": ""33.2 Recommended Decisions — Ready for Approval"", ""Line"": 1695, ""Item numbers"": [12], ""Row"": ""| 12 | Error/system-state severity taxonomy and recovery hierarchy | Adopt a severity taxonomy and recovery hierarchy distinguishing maintenance, unavailable, and degraded conditions (`KBDL-CMP-102`) | Gives system-wide disruption states a consistent, predictable escalation model | Treating all disruptions identically (rejected — obscures whether an action is possible) | None significant | Recovery/error-identification requirement (`KBDL-CMP-101`) unaffected either way | None | None | None | None | Applies identically across profiles | `KBDL-CMP-101`, `KBDL-CMP-103` | `KBDL-CMP-102` | Item 12 only |""}, {""Document"": ""components-system.md"", ""Section"": ""34-decision-packet-coverage-audit"", ""Section title"": ""34. Decision-Packet Coverage Audit"", ""Line"": 1767, ""Item numbers"": [], ""Row"": ""| `KBDL-CMP-102` | 12 | Yes | None |""}, {""Document"": ""components-system.md"", ""Section"": ""34-decision-packet-coverage-audit"", ""Section title"": ""34. Decision-Packet Coverage Audit"", ""Line"": 1777, ""Item numbers"": [], ""Row"": ""ready packet items tabulated above. `KBDL-CMP-102` serves both the""}]",components-system.md:1695 item=[12]; components-system.md:1695 item=[12],False,False,PASS
KBDL-CMP-103,Approved,None — Approved,"[{""Document"": ""components-system.md"", ""Section"": ""332-recommended-decisions--ready-for-approval"", ""Section title"": ""33.2 Recommended Decisions — Ready for Approval"", ""Line"": 1695, ""Item numbers"": [12], ""Row"": ""| 12 | Error/system-state severity taxonomy and recovery hierarchy | Adopt a severity taxonomy and recovery hierarchy distinguishing maintenance, unavailable, and degraded conditions (`KBDL-CMP-102`) | Gives system-wide disruption states a consistent, predictable escalation model | Treating all disruptions identically (rejected — obscures whether an action is possible) | None significant | Recovery/error-identification requirement (`KBDL-CMP-101`) unaffected either way | None | None | None | None | Applies identically across profiles | `KBDL-CMP-101`, `KBDL-CMP-103` | `KBDL-CMP-102` | Item 12 only |""}]",Explicit None permitted only for Approved,False,False,PASS
KBDL-CMP-104,Approved,None — Approved,[],Explicit None permitted only for Approved,False,False,PASS
KBDL-CMP-105,Recommended,components-system.md — 33.2 Recommended Decisions — Ready for Approval — item 13,"[{""Document"": ""components-system.md"", ""Section"": ""332-recommended-decisions--ready-for-approval"", ""Section title"": ""33.2 Recommended Decisions — Ready for Approval"", ""Line"": 1696, ""Item numbers"": [13], ""Row"": ""| 13 | Grid-versus-table threshold and interactive-grid model | Adopt a threshold for when grid semantics are justified and the resulting composite-widget keyboard model (`KBDL-CMP-105`) | Prevents casual misuse of a composite keyboard model on effectively static data | Using grid semantics by default for any tabular data (rejected — unnecessary complexity and keyboard-model risk) | Exact virtualization/resizing/pinning behavior remains a later implementation decision | Static-table distinction (`KBDL-CMP-070`) unaffected either way | `KBDL-RSP-011` cited as unapproved context, not adopted as authority | None | None | None | Applies identically across profiles | `KBDL-CMP-070` | `KBDL-CMP-105` | Item 13 only |""}, {""Document"": ""components-system.md"", ""Section"": ""332-recommended-decisions--ready-for-approval"", ""Section title"": ""33.2 Recommended Decisions — Ready for Approval"", ""Line"": 1696, ""Item numbers"": [13], ""Row"": ""| 13 | Grid-versus-table threshold and interactive-grid model | Adopt a threshold for when grid semantics are justified and the resulting composite-widget keyboard model (`KBDL-CMP-105`) | Prevents casual misuse of a composite keyboard model on effectively static data | Using grid semantics by default for any tabular data (rejected — unnecessary complexity and keyboard-model risk) | Exact virtualization/resizing/pinning behavior remains a later implementation decision | Static-table distinction (`KBDL-CMP-070`) unaffected either way | `KBDL-RSP-011` cited as unapproved context, not adopted as authority | None | None | None | Applies identically across profiles | `KBDL-CMP-070` | `KBDL-CMP-105` | Item 13 only |""}, {""Document"": ""components-system.md"", ""Section"": ""332-recommended-decisions--ready-for-approval"", ""Section title"": ""33.2 Recommended Decisions — Ready for Approval"", ""Line"": 1697, ""Item numbers"": [14], ""Row"": ""| 14 | Tree/treegrid justification threshold | Adopt a threshold for when hierarchical, tabular, or combined interaction genuinely requires tree/treegrid semantics, and the resulting model (`KBDL-CMP-106`) | Prevents casual misuse of a composite hierarchical widget for simple nested lists | Using tree semantics for any nested list (rejected — unnecessary complexity) | None significant | Distinction from Accordion (`KBDL-CMP-068`) and Grid (`KBDL-CMP-105`) unaffected either way | None | None | None | None | Applies identically across profiles | `KBDL-CMP-068`, `KBDL-CMP-105` | `KBDL-CMP-106` | Item 14 only |""}, {""Document"": ""components-system.md"", ""Section"": ""332-recommended-decisions--ready-for-approval"", ""Section title"": ""33.2 Recommended Decisions — Ready for Approval"", ""Line"": 1697, ""Item numbers"": [14], ""Row"": ""| 14 | Tree/treegrid justification threshold | Adopt a threshold for when hierarchical, tabular, or combined interaction genuinely requires tree/treegrid semantics, and the resulting model (`KBDL-CMP-106`) | Prevents casual misuse of a composite hierarchical widget for simple nested lists | Using tree semantics for any nested list (rejected — unnecessary complexity) | None significant | Distinction from Accordion (`KBDL-CMP-068`) and Grid (`KBDL-CMP-105`) unaffected either way | None | None | None | None | Applies identically across profiles | `KBDL-CMP-068`, `KBDL-CMP-105` | `KBDL-CMP-106` | Item 14 only |""}, {""Document"": ""components-system.md"", ""Section"": ""34-decision-packet-coverage-audit"", ""Section title"": ""34. Decision-Packet Coverage Audit"", ""Line"": 1768, ""Item numbers"": [], ""Row"": ""| `KBDL-CMP-105` | 13 | Yes | None (`KBDL-RSP-011` cited as unapproved context only) |""}]",components-system.md:1696 item=[13]; components-system.md:1696 item=[13],False,False,PASS
KBDL-CMP-106,Recommended,components-system.md — 33.2 Recommended Decisions — Ready for Approval — item 14,"[{""Document"": ""components-system.md"", ""Section"": ""332-recommended-decisions--ready-for-approval"", ""Section title"": ""33.2 Recommended Decisions — Ready for Approval"", ""Line"": 1697, ""Item numbers"": [14], ""Row"": ""| 14 | Tree/treegrid justification threshold | Adopt a threshold for when hierarchical, tabular, or combined interaction genuinely requires tree/treegrid semantics, and the resulting model (`KBDL-CMP-106`) | Prevents casual misuse of a composite hierarchical widget for simple nested lists | Using tree semantics for any nested list (rejected — unnecessary complexity) | None significant | Distinction from Accordion (`KBDL-CMP-068`) and Grid (`KBDL-CMP-105`) unaffected either way | None | None | None | None | Applies identically across profiles | `KBDL-CMP-068`, `KBDL-CMP-105` | `KBDL-CMP-106` | Item 14 only |""}, {""Document"": ""components-system.md"", ""Section"": ""332-recommended-decisions--ready-for-approval"", ""Section title"": ""33.2 Recommended Decisions — Ready for Approval"", ""Line"": 1697, ""Item numbers"": [14], ""Row"": ""| 14 | Tree/treegrid justification threshold | Adopt a threshold for when hierarchical, tabular, or combined interaction genuinely requires tree/treegrid semantics, and the resulting model (`KBDL-CMP-106`) | Prevents casual misuse of a composite hierarchical widget for simple nested lists | Using tree semantics for any nested list (rejected — unnecessary complexity) | None significant | Distinction from Accordion (`KBDL-CMP-068`) and Grid (`KBDL-CMP-105`) unaffected either way | None | None | None | None | Applies identically across profiles | `KBDL-CMP-068`, `KBDL-CMP-105` | `KBDL-CMP-106` | Item 14 only |""}, {""Document"": ""components-system.md"", ""Section"": ""34-decision-packet-coverage-audit"", ""Section title"": ""34. Decision-Packet Coverage Audit"", ""Line"": 1769, ""Item numbers"": [], ""Row"": ""| `KBDL-CMP-106` | 14 | Yes | None |""}]",components-system.md:1697 item=[14]; components-system.md:1697 item=[14],False,False,PASS
KBDL-CMP-107,Approved,None — Approved,"[{""Document"": ""components-system.md"", ""Section"": ""332-recommended-decisions--ready-for-approval"", ""Section title"": ""33.2 Recommended Decisions — Ready for Approval"", ""Line"": 1698, ""Item numbers"": [15], ""Row"": ""| 15 | Carousel auto-rotation default policy | Adopt a default policy on automatic rotation and, if permitted, an interval and hover/focus-pause behavior (`KBDL-CMP-108`) | Establishes whether auto-rotation is even a default before any interval is chosen | Always auto-rotating by default (rejected pending review — raises distraction/motion-safety concerns); never auto-rotating (a valid, conservative option this item may adopt) | None significant | Pause/stop/hide requirement (`KBDL-CMP-107`) applies regardless of this item's outcome | None | None | Any auto-rotation is itself a motion choice subject to the approved motion-safety baseline | None | Applies identically across profiles | `KBDL-CMP-107` | `KBDL-CMP-108` | Item 15 only |""}, {""Document"": ""components-system.md"", ""Section"": ""332-recommended-decisions--ready-for-approval"", ""Section title"": ""33.2 Recommended Decisions — Ready for Approval"", ""Line"": 1698, ""Item numbers"": [15], ""Row"": ""| 15 | Carousel auto-rotation default policy | Adopt a default policy on automatic rotation and, if permitted, an interval and hover/focus-pause behavior (`KBDL-CMP-108`) | Establishes whether auto-rotation is even a default before any interval is chosen | Always auto-rotating by default (rejected pending review — raises distraction/motion-safety concerns); never auto-rotating (a valid, conservative option this item may adopt) | None significant | Pause/stop/hide requirement (`KBDL-CMP-107`) applies regardless of this item's outcome | None | None | Any auto-rotation is itself a motion choice subject to the approved motion-safety baseline | None | Applies identically across profiles | `KBDL-CMP-107` | `KBDL-CMP-108` | Item 15 only |""}]",Explicit None permitted only for Approved,False,False,PASS
KBDL-CMP-108,Recommended,components-system.md — 33.2 Recommended Decisions — Ready for Approval — item 15,"[{""Document"": ""components-system.md"", ""Section"": ""332-recommended-decisions--ready-for-approval"", ""Section title"": ""33.2 Recommended Decisions — Ready for Approval"", ""Line"": 1698, ""Item numbers"": [15], ""Row"": ""| 15 | Carousel auto-rotation default policy | Adopt a default policy on automatic rotation and, if permitted, an interval and hover/focus-pause behavior (`KBDL-CMP-108`) | Establishes whether auto-rotation is even a default before any interval is chosen | Always auto-rotating by default (rejected pending review — raises distraction/motion-safety concerns); never auto-rotating (a valid, conservative option this item may adopt) | None significant | Pause/stop/hide requirement (`KBDL-CMP-107`) applies regardless of this item's outcome | None | None | Any auto-rotation is itself a motion choice subject to the approved motion-safety baseline | None | Applies identically across profiles | `KBDL-CMP-107` | `KBDL-CMP-108` | Item 15 only |""}, {""Document"": ""components-system.md"", ""Section"": ""332-recommended-decisions--ready-for-approval"", ""Section title"": ""33.2 Recommended Decisions — Ready for Approval"", ""Line"": 1698, ""Item numbers"": [15], ""Row"": ""| 15 | Carousel auto-rotation default policy | Adopt a default policy on automatic rotation and, if permitted, an interval and hover/focus-pause behavior (`KBDL-CMP-108`) | Establishes whether auto-rotation is even a default before any interval is chosen | Always auto-rotating by default (rejected pending review — raises distraction/motion-safety concerns); never auto-rotating (a valid, conservative option this item may adopt) | None significant | Pause/stop/hide requirement (`KBDL-CMP-107`) applies regardless of this item's outcome | None | None | Any auto-rotation is itself a motion choice subject to the approved motion-safety baseline | None | Applies identically across profiles | `KBDL-CMP-107` | `KBDL-CMP-108` | Item 15 only |""}, {""Document"": ""components-system.md"", ""Section"": ""34-decision-packet-coverage-audit"", ""Section title"": ""34. Decision-Packet Coverage Audit"", ""Line"": 1770, ""Item numbers"": [], ""Row"": ""| `KBDL-CMP-108` | 15 | Yes | None |""}]",components-system.md:1698 item=[15]; components-system.md:1698 item=[15],False,False,PASS
KBDL-CMP-109,Approved,None — Approved,"[{""Document"": ""components-system.md"", ""Section"": ""332-recommended-decisions--ready-for-approval"", ""Section title"": ""33.2 Recommended Decisions — Ready for Approval"", ""Line"": 1699, ""Item numbers"": [16], ""Row"": ""| 16 | Data-visualization chart taxonomy and interaction model | Adopt a chart taxonomy, tooltip-interaction behavior, and keyboard-navigation model for interactive charts, independent of the still-unapproved exact palette (`KBDL-CMP-110`) | Gives data-heavy views a consistent, accessible interaction pattern without waiting on palette decisions | No defined taxonomy, chosen per project (rejected — inconsistent accessibility quality across charts) | None significant | Non-color-encoding requirement (`KBDL-CMP-109`) unaffected either way; palette itself remains unapproved and unaffected by this item | None | None | None | None | Applies identically across profiles | `KBDL-CMP-109` | `KBDL-CMP-110` | Item 16 only |""}, {""Document"": ""components-system.md"", ""Section"": ""332-recommended-decisions--ready-for-approval"", ""Section title"": ""33.2 Recommended Decisions — Ready for Approval"", ""Line"": 1699, ""Item numbers"": [16], ""Row"": ""| 16 | Data-visualization chart taxonomy and interaction model | Adopt a chart taxonomy, tooltip-interaction behavior, and keyboard-navigation model for interactive charts, independent of the still-unapproved exact palette (`KBDL-CMP-110`) | Gives data-heavy views a consistent, accessible interaction pattern without waiting on palette decisions | No defined taxonomy, chosen per project (rejected — inconsistent accessibility quality across charts) | None significant | Non-color-encoding requirement (`KBDL-CMP-109`) unaffected either way; palette itself remains unapproved and unaffected by this item | None | None | None | None | Applies identically across profiles | `KBDL-CMP-109` | `KBDL-CMP-110` | Item 16 only |""}]",Explicit None permitted only for Approved,False,False,PASS
KBDL-CMP-110,Recommended,components-system.md — 33.2 Recommended Decisions — Ready for Approval — item 16,"[{""Document"": ""components-system.md"", ""Section"": ""332-recommended-decisions--ready-for-approval"", ""Section title"": ""33.2 Recommended Decisions — Ready for Approval"", ""Line"": 1699, ""Item numbers"": [16], ""Row"": ""| 16 | Data-visualization chart taxonomy and interaction model | Adopt a chart taxonomy, tooltip-interaction behavior, and keyboard-navigation model for interactive charts, independent of the still-unapproved exact palette (`KBDL-CMP-110`) | Gives data-heavy views a consistent, accessible interaction pattern without waiting on palette decisions | No defined taxonomy, chosen per project (rejected — inconsistent accessibility quality across charts) | None significant | Non-color-encoding requirement (`KBDL-CMP-109`) unaffected either way; palette itself remains unapproved and unaffected by this item | None | None | None | None | Applies identically across profiles | `KBDL-CMP-109` | `KBDL-CMP-110` | Item 16 only |""}, {""Document"": ""components-system.md"", ""Section"": ""332-recommended-decisions--ready-for-approval"", ""Section title"": ""33.2 Recommended Decisions — Ready for Approval"", ""Line"": 1699, ""Item numbers"": [16], ""Row"": ""| 16 | Data-visualization chart taxonomy and interaction model | Adopt a chart taxonomy, tooltip-interaction behavior, and keyboard-navigation model for interactive charts, independent of the still-unapproved exact palette (`KBDL-CMP-110`) | Gives data-heavy views a consistent, accessible interaction pattern without waiting on palette decisions | No defined taxonomy, chosen per project (rejected — inconsistent accessibility quality across charts) | None significant | Non-color-encoding requirement (`KBDL-CMP-109`) unaffected either way; palette itself remains unapproved and unaffected by this item | None | None | None | None | Applies identically across profiles | `KBDL-CMP-109` | `KBDL-CMP-110` | Item 16 only |""}, {""Document"": ""components-system.md"", ""Section"": ""34-decision-packet-coverage-audit"", ""Section title"": ""34. Decision-Packet Coverage Audit"", ""Line"": 1771, ""Item numbers"": [], ""Row"": ""| `KBDL-CMP-110` | 16 | Yes | None (data-viz palette remains separately unapproved, not required for this item) |""}]",components-system.md:1699 item=[16]; components-system.md:1699 item=[16],False,False,PASS
KBDL-CMP-111,Recommended,components-system.md — 33.2 Recommended Decisions — Ready for Approval — item 17,"[{""Document"": ""components-system.md"", ""Section"": ""332-recommended-decisions--ready-for-approval"", ""Section title"": ""33.2 Recommended Decisions — Ready for Approval"", ""Line"": 1700, ""Item numbers"": [17], ""Row"": ""| 17 | Responsive transformation policy for overlays and tabular data | Adopt content-driven transformation patterns (dialog-to-full-screen, table-to-cards, popover-to-sheet) independent of the exact unapproved breakpoint values (`KBDL-CMP-111`) | Gives narrow-viewport adaptation a consistent, predictable pattern set | Ad hoc, per-project transformation choices (rejected — inconsistent responsive behavior) | Exact trigger breakpoint remains dependent on the eventual `KBDL-RSP-002` value | Static Data Table semantics (`KBDL-CMP-070`) unaffected either way | `KBDL-RSP-002` cited as eventual, unapproved context for the exact trigger point only, not adopted as authority | None | None | None | Applies identically across profiles | `KBDL-CMP-070`, `KBDL-CMP-080` | `KBDL-CMP-111` | Item 17 only |""}, {""Document"": ""components-system.md"", ""Section"": ""332-recommended-decisions--ready-for-approval"", ""Section title"": ""33.2 Recommended Decisions — Ready for Approval"", ""Line"": 1700, ""Item numbers"": [17], ""Row"": ""| 17 | Responsive transformation policy for overlays and tabular data | Adopt content-driven transformation patterns (dialog-to-full-screen, table-to-cards, popover-to-sheet) independent of the exact unapproved breakpoint values (`KBDL-CMP-111`) | Gives narrow-viewport adaptation a consistent, predictable pattern set | Ad hoc, per-project transformation choices (rejected — inconsistent responsive behavior) | Exact trigger breakpoint remains dependent on the eventual `KBDL-RSP-002` value | Static Data Table semantics (`KBDL-CMP-070`) unaffected either way | `KBDL-RSP-002` cited as eventual, unapproved context for the exact trigger point only, not adopted as authority | None | None | None | Applies identically across profiles | `KBDL-CMP-070`, `KBDL-CMP-080` | `KBDL-CMP-111` | Item 17 only |""}, {""Document"": ""components-system.md"", ""Section"": ""34-decision-packet-coverage-audit"", ""Section title"": ""34. Decision-Packet Coverage Audit"", ""Line"": 1772, ""Item numbers"": [], ""Row"": ""| `KBDL-CMP-111` | 17 | Yes (the pattern-adoption itself); exact trigger breakpoint depends on eventual `KBDL-RSP-002` | `KBDL-RSP-002` (eventual, unapproved) |""}]",components-system.md:1700 item=[17]; components-system.md:1700 item=[17],False,False,PASS
KBDL-CUS-001,Approved,None — Approved,[],Explicit None permitted only for Approved,False,False,PASS
KBDL-CUS-002,Approved,None — Approved,[],Explicit None permitted only for Approved,False,False,PASS
KBDL-CUS-003,Approved,None — Approved,[],Explicit None permitted only for Approved,False,False,PASS
KBDL-CUS-004,Approved,None — Approved,[],Explicit None permitted only for Approved,False,False,PASS
KBDL-CUS-005,Approved,None — Approved,[],Explicit None permitted only for Approved,False,False,PASS
KBDL-CUS-006,Approved,None — Approved,[],Explicit None permitted only for Approved,False,False,PASS
KBDL-CUS-007,Approved,None — Approved,[],Explicit None permitted only for Approved,False,False,PASS
KBDL-CUS-008,Approved,None — Approved,[],Explicit None permitted only for Approved,False,False,PASS
KBDL-CUS-009,Approved,None — Approved,[],Explicit None permitted only for Approved,False,False,PASS
KBDL-CUS-010,Approved,None — Approved,"[{""Document"": ""traceability-matrix.md"", ""Section"": ""deferred-machine-readable-format-kbdl-cus-030"", ""Section title"": ""Deferred machine-readable format (KBDL-CUS-030)"", ""Line"": 1108, ""Item numbers"": [], ""Row"": ""- **Related prior requirements:** `KBDL-CUS-010`, `022`.""}]",Explicit None permitted only for Approved,False,False,PASS
KBDL-CUS-011,Approved,None — Approved,[],Explicit None permitted only for Approved,False,False,PASS
KBDL-CUS-012,Approved,None — Approved,[],Explicit None permitted only for Approved,False,False,PASS
KBDL-CUS-013,Approved,None — Approved,[],Explicit None permitted only for Approved,False,False,PASS
KBDL-CUS-014,Approved,None — Approved,[],Explicit None permitted only for Approved,False,False,PASS
KBDL-CUS-015,Approved,None — Approved,[],Explicit None permitted only for Approved,False,False,PASS
KBDL-CUS-016,Approved,None — Approved,[],Explicit None permitted only for Approved,False,False,PASS
KBDL-CUS-017,Approved,None — Approved,[],Explicit None permitted only for Approved,False,False,PASS
KBDL-CUS-018,Approved,None — Approved,[],Explicit None permitted only for Approved,False,False,PASS
KBDL-CUS-019,Approved,None — Approved,[],Explicit None permitted only for Approved,False,False,PASS
KBDL-CUS-020,Approved,None — Approved,[],Explicit None permitted only for Approved,False,False,PASS
KBDL-CUS-021,Approved,None — Approved,[],Explicit None permitted only for Approved,False,False,PASS
KBDL-CUS-022,Approved,None — Approved,[],Explicit None permitted only for Approved,False,False,PASS
KBDL-CUS-023,Recommended,Approval-ready item 1,"[{""Document"": ""customization.md"", ""Section"": ""independently-approval-ready"", ""Section title"": ""Independently approval-ready"", ""Line"": 595, ""Item numbers"": [1], ""Row"": ""| 1 | `KBDL-CUS-023` | None | None | None | None | Independent | Identifier policy excludes schemas, generators, and implementation registries |""}, {""Document"": ""customization.md"", ""Section"": ""40-decision-packet-coverage-audit"", ""Section title"": ""40. Decision-Packet Coverage Audit"", ""Line"": 687, ""Item numbers"": [1], ""Row"": ""| `KBDL-CUS-023` | Approval-ready item 1 |""}]",customization.md:595 item=[1]; customization.md:687 item=[1],False,False,PASS
KBDL-CUS-024,Recommended,Approval-ready item 2,"[{""Document"": ""customization.md"", ""Section"": ""independently-approval-ready"", ""Section title"": ""Independently approval-ready"", ""Line"": 596, ""Item numbers"": [2, 3], ""Row"": ""| 2 | `KBDL-CUS-024` | None | None | None | None | Independent | Accessibility/security triggers are direct impacts; material-risk triggers are expressly excluded and owned by item 3 |""}, {""Document"": ""customization.md"", ""Section"": ""40-decision-packet-coverage-audit"", ""Section title"": ""40. Decision-Packet Coverage Audit"", ""Line"": 688, ""Item numbers"": [2], ""Row"": ""| `KBDL-CUS-024` | Approval-ready item 2 |""}]","customization.md:596 item=[2, 3]; customization.md:688 item=[2]",False,False,PASS
KBDL-CUS-025,Recommended,Approval-ready item 3,"[{""Document"": ""customization.md"", ""Section"": ""independently-approval-ready"", ""Section title"": ""Independently approval-ready"", ""Line"": 597, ""Item numbers"": [3], ""Row"": ""| 3 | `KBDL-CUS-025` | None | None | None — final-validation policy expressly excluded | None | Independent | Owns risk tiers, minor/material thresholds, proportional evidence, and material-classification reviewer triggers |""}, {""Document"": ""customization.md"", ""Section"": ""40-decision-packet-coverage-audit"", ""Section title"": ""40. Decision-Packet Coverage Audit"", ""Line"": 689, ""Item numbers"": [3], ""Row"": ""| `KBDL-CUS-025` | Approval-ready item 3 |""}]",customization.md:597 item=[3]; customization.md:689 item=[3],False,False,PASS
KBDL-CUS-026,Recommended,Approval-ready item 4,"[{""Document"": ""customization.md"", ""Section"": ""independently-approval-ready"", ""Section title"": ""Independently approval-ready"", ""Line"": 598, ""Item numbers"": [4], ""Row"": ""| 4 | `KBDL-CUS-026` | None | None | None | None | Independent | Event-triggered record review does not require an exact earlier-module cadence |""}, {""Document"": ""customization.md"", ""Section"": ""40-decision-packet-coverage-audit"", ""Section title"": ""40. Decision-Packet Coverage Audit"", ""Line"": 690, ""Item numbers"": [4], ""Row"": ""| `KBDL-CUS-026` | Approval-ready item 4 |""}]",customization.md:598 item=[4]; customization.md:690 item=[4],False,False,PASS
KBDL-CUS-027,Recommended,Approval-ready item 5,"[{""Document"": ""customization.md"", ""Section"": ""independently-approval-ready"", ""Section title"": ""Independently approval-ready"", ""Line"": 599, ""Item numbers"": [5], ""Row"": ""| 5 | `KBDL-CUS-027` | None | None | None | None | Independent | Record precedence is governance-only and excludes implementation cascades |""}, {""Document"": ""customization.md"", ""Section"": ""40-decision-packet-coverage-audit"", ""Section title"": ""40. Decision-Packet Coverage Audit"", ""Line"": 691, ""Item numbers"": [5], ""Row"": ""| `KBDL-CUS-027` | Approval-ready item 5 |""}]",customization.md:599 item=[5]; customization.md:691 item=[5],False,False,PASS
KBDL-CUS-028,Recommended,Approval-ready item 6,"[{""Document"": ""customization.md"", ""Section"": ""independently-approval-ready"", ""Section title"": ""Independently approval-ready"", ""Line"": 600, ""Item numbers"": [6], ""Row"": ""| 6 | `KBDL-CUS-028` | None | None | None | None | Independent | Reuse threshold governs escalation only and approves no extension |""}, {""Document"": ""customization.md"", ""Section"": ""40-decision-packet-coverage-audit"", ""Section title"": ""40. Decision-Packet Coverage Audit"", ""Line"": 692, ""Item numbers"": [6], ""Row"": ""| `KBDL-CUS-028` | Approval-ready item 6 |""}]",customization.md:600 item=[6]; customization.md:692 item=[6],False,False,PASS
KBDL-CUS-029,Recommended,Approval-ready item 7,"[{""Document"": ""customization.md"", ""Section"": ""independently-approval-ready"", ""Section title"": ""Independently approval-ready"", ""Line"": 601, ""Item numbers"": [7], ""Row"": ""| 7 | `KBDL-CUS-029` | None | None | None | None | Independent | Archive/licensing/rollback-evidence policy excludes retention duration and implementation architecture |""}, {""Document"": ""customization.md"", ""Section"": ""40-decision-packet-coverage-audit"", ""Section title"": ""40. Decision-Packet Coverage Audit"", ""Line"": 693, ""Item numbers"": [7], ""Row"": ""| `KBDL-CUS-029` | Approval-ready item 7 |""}]",customization.md:601 item=[7]; customization.md:693 item=[7],False,False,PASS
KBDL-CUS-030,Deferred,Deferred tracking,"[{""Document"": ""customization.md"", ""Section"": ""contingent-or-not-approval-ready"", ""Section title"": ""Contingent or not approval-ready"", ""Line"": 611, ""Item numbers"": [], ""Row"": ""No KBDL-010 packet item is contingent. `KBDL-CUS-030` is Deferred, not a packet item: its blocker is later tooling authorization; no earlier recommendation can unblock it inside KBDL-010, and it grants no implementation authority.""}, {""Document"": ""customization.md"", ""Section"": ""40-decision-packet-coverage-audit"", ""Section title"": ""40. Decision-Packet Coverage Audit"", ""Line"": 694, ""Item numbers"": [], ""Row"": ""| `KBDL-CUS-030` | Deferred tracking |""}, {""Document"": ""traceability-matrix.md"", ""Section"": ""deferred-machine-readable-format-kbdl-cus-030"", ""Section title"": ""Deferred machine-readable format (KBDL-CUS-030)"", ""Line"": 1094, ""Item numbers"": [], ""Row"": ""### Deferred machine-readable format (KBDL-CUS-030)""}, {""Document"": ""traceability-matrix.md"", ""Section"": ""deferred-machine-readable-format-kbdl-cus-030"", ""Section title"": ""Deferred machine-readable format (KBDL-CUS-030)"", ""Line"": 1098, ""Item numbers"": [], ""Row"": ""- **Requirement ID:** `KBDL-CUS-030`""}]",customization.md:611 item=[]; customization.md:694 item=[],False,True,PASS
KBDL-FND-001,Approved,None — Approved,[],Explicit None permitted only for Approved,False,False,PASS
KBDL-FND-002,Approved,None — Approved,[],Explicit None permitted only for Approved,False,False,PASS
KBDL-FND-003,Approved,None — Approved,[],Explicit None permitted only for Approved,False,False,PASS
KBDL-FND-004,Approved,None — Approved,[],Explicit None permitted only for Approved,False,False,PASS
KBDL-FND-005,Approved,None — Approved,[],Explicit None permitted only for Approved,False,False,PASS
KBDL-FND-006,Approved,None — Approved,[],Explicit None permitted only for Approved,False,False,PASS
KBDL-FND-007,Approved,None — Approved,[],Explicit None permitted only for Approved,False,False,PASS
KBDL-FND-008,Approved,None — Approved,[],Explicit None permitted only for Approved,False,False,PASS
KBDL-FND-009,Approved,None — Approved,"[{""Document"": ""decision-register.md"", ""Section"": ""kbdl-dec-012--foundation-decision-packet-approved"", ""Section title"": ""KBDL-DEC-012 — Foundation decision packet approved"", ""Line"": 271, ""Item numbers"": [], ""Row"": ""- **Affected requirements:** `KBDL-FND-009`, `KBDL-FND-010`, `KBDL-FND-011`, `KBDL-FND-012` (lifecycle status changed from `Recommended` to `Approved`).""}]",Explicit None permitted only for Approved,False,False,PASS
KBDL-FND-010,Approved,None — Approved,"[{""Document"": ""decision-register.md"", ""Section"": ""kbdl-dec-012--foundation-decision-packet-approved"", ""Section title"": ""KBDL-DEC-012 — Foundation decision packet approved"", ""Line"": 271, ""Item numbers"": [], ""Row"": ""- **Affected requirements:** `KBDL-FND-009`, `KBDL-FND-010`, `KBDL-FND-011`, `KBDL-FND-012` (lifecycle status changed from `Recommended` to `Approved`).""}]",Explicit None permitted only for Approved,False,False,PASS
KBDL-FND-011,Approved,None — Approved,"[{""Document"": ""responsive.md"", ""Section"": ""352-recommended-decisions--ready-for-approval"", ""Section title"": ""35.2 Recommended Decisions — Ready for Approval"", ""Line"": 859, ""Item numbers"": [1], ""Row"": ""| 1 | Exact breakpoint thresholds | Adopt 0/600/905/1240px for compact/standard/expanded/wide ([§7](#7-proposed-exact-breakpoint-thresholds), `KBDL-RSP-002`) | Reflects genuine content-reorganization points at common reading-column widths | Device-based thresholds (rejected, violates approved philosophy) | May need revision once real content is authored | Must remain compatible with 320px reflow regardless of value | None at this level | Showcase may add profile-scoped breakpoints within these; shared roles unaffected | `KBDL-FND-011` |""}, {""Document"": ""decision-register.md"", ""Section"": ""kbdl-dec-012--foundation-decision-packet-approved"", ""Section title"": ""KBDL-DEC-012 — Foundation decision packet approved"", ""Line"": 271, ""Item numbers"": [], ""Row"": ""- **Affected requirements:** `KBDL-FND-009`, `KBDL-FND-010`, `KBDL-FND-011`, `KBDL-FND-012` (lifecycle status changed from `Recommended` to `Approved`).""}]",Explicit None permitted only for Approved,False,False,PASS
KBDL-FND-012,Approved,None — Approved,"[{""Document"": ""decision-register.md"", ""Section"": ""kbdl-dec-012--foundation-decision-packet-approved"", ""Section title"": ""KBDL-DEC-012 — Foundation decision packet approved"", ""Line"": 271, ""Item numbers"": [], ""Row"": ""- **Affected requirements:** `KBDL-FND-009`, `KBDL-FND-010`, `KBDL-FND-011`, `KBDL-FND-012` (lifecycle status changed from `Recommended` to `Approved`).""}]",Explicit None permitted only for Approved,False,False,PASS
KBDL-GOV-001,Approved,None — Approved,[],Explicit None permitted only for Approved,False,False,PASS
KBDL-GOV-002,Approved,None — Approved,[],Explicit None permitted only for Approved,False,False,PASS
KBDL-GOV-003,Approved,None — Approved,[],Explicit None permitted only for Approved,False,False,PASS
KBDL-MOT-001,Approved,None — Approved,[],Explicit None permitted only for Approved,False,False,PASS
KBDL-MOT-002,Approved,None — Approved,[],Explicit None permitted only for Approved,False,False,PASS
KBDL-MOT-003,Approved,None — Approved,[],Explicit None permitted only for Approved,False,False,PASS
KBDL-MOT-004,Approved,None — Approved,[],Explicit None permitted only for Approved,False,False,PASS
KBDL-MOT-005,Approved,None — Approved,[],Explicit None permitted only for Approved,False,False,PASS
KBDL-MOT-006,Approved,None — Approved,[],Explicit None permitted only for Approved,False,False,PASS
KBDL-MOT-007,Approved,None — Approved,[],Explicit None permitted only for Approved,False,False,PASS
KBDL-MOT-008,Approved,None — Approved,[],Explicit None permitted only for Approved,False,False,PASS
KBDL-MOT-009,Approved,None — Approved,[],Explicit None permitted only for Approved,False,False,PASS
KBDL-MOT-010,Approved,None — Approved,[],Explicit None permitted only for Approved,False,False,PASS
KBDL-MOT-011,Approved,None — Approved,[],Explicit None permitted only for Approved,False,False,PASS
KBDL-MOT-012,Approved,None — Approved,[],Explicit None permitted only for Approved,False,False,PASS
KBDL-MOT-013,Approved,None — Approved,[],Explicit None permitted only for Approved,False,False,PASS
KBDL-MOT-014,Approved,None — Approved,[],Explicit None permitted only for Approved,False,False,PASS
KBDL-MOT-015,Approved,None — Approved,[],Explicit None permitted only for Approved,False,False,PASS
KBDL-MOT-016,Approved,None — Approved,[],Explicit None permitted only for Approved,False,False,PASS
KBDL-MOT-017,Approved,None — Approved,[],Explicit None permitted only for Approved,False,False,PASS
KBDL-MOT-018,Approved,None — Approved,[],Explicit None permitted only for Approved,False,False,PASS
KBDL-MOT-019,Approved,None — Approved,[],Explicit None permitted only for Approved,False,False,PASS
KBDL-MOT-020,Approved,None — Approved,[],Explicit None permitted only for Approved,False,False,PASS
KBDL-MOT-021,Approved,None — Approved,[],Explicit None permitted only for Approved,False,False,PASS
KBDL-MOT-022,Approved,None — Approved,[],Explicit None permitted only for Approved,False,False,PASS
KBDL-MOT-023,Approved,None — Approved,[],Explicit None permitted only for Approved,False,False,PASS
KBDL-MOT-024,Approved,None — Approved,[],Explicit None permitted only for Approved,False,False,PASS
KBDL-MOT-025,Approved,None — Approved,[],Explicit None permitted only for Approved,False,False,PASS
KBDL-MOT-026,Approved,None — Approved,[],Explicit None permitted only for Approved,False,False,PASS
KBDL-MOT-027,Approved,None — Approved,[],Explicit None permitted only for Approved,False,False,PASS
KBDL-MOT-028,Approved,None — Approved,[],Explicit None permitted only for Approved,False,False,PASS
KBDL-MOT-029,Approved,None — Approved,[],Explicit None permitted only for Approved,False,False,PASS
KBDL-MOT-030,Approved,None — Approved,[],Explicit None permitted only for Approved,False,False,PASS
KBDL-MOT-031,Approved,None — Approved,[],Explicit None permitted only for Approved,False,False,PASS
KBDL-MOT-032,Approved,None — Approved,[],Explicit None permitted only for Approved,False,False,PASS
KBDL-MOT-033,Approved,None — Approved,[],Explicit None permitted only for Approved,False,False,PASS
KBDL-MOT-034,Approved,None — Approved,[],Explicit None permitted only for Approved,False,False,PASS
KBDL-PRN-001,Approved,None — Approved,[],Explicit None permitted only for Approved,False,False,PASS
KBDL-PRN-002,Approved,None — Approved,[],Explicit None permitted only for Approved,False,False,PASS
KBDL-PRN-003,Approved,None — Approved,[],Explicit None permitted only for Approved,False,False,PASS
KBDL-PRN-004,Approved,None — Approved,[],Explicit None permitted only for Approved,False,False,PASS
KBDL-PRN-005,Approved,None — Approved,[],Explicit None permitted only for Approved,False,False,PASS
KBDL-PRN-006,Approved,None — Approved,[],Explicit None permitted only for Approved,False,False,PASS
KBDL-PRN-007,Approved,None — Approved,[],Explicit None permitted only for Approved,False,False,PASS
KBDL-PRN-008,Approved,None — Approved,[],Explicit None permitted only for Approved,False,False,PASS
KBDL-PRO-001,Approved,None — Approved,[],Explicit None permitted only for Approved,False,False,PASS
KBDL-PRO-002,Approved,None — Approved,[],Explicit None permitted only for Approved,False,False,PASS
KBDL-PRO-003,Approved,None — Approved,[],Explicit None permitted only for Approved,False,False,PASS
KBDL-PRO-004,Approved,None — Approved,[],Explicit None permitted only for Approved,False,False,PASS
KBDL-PRO-005,Approved,None — Approved,[],Explicit None permitted only for Approved,False,False,PASS
KBDL-PRO-006,Approved,None — Approved,[],Explicit None permitted only for Approved,False,False,PASS
KBDL-PRO-007,Approved,None — Approved,"[{""Document"": ""profiles.md"", ""Section"": ""332-recommended-decisions--ready-for-approval"", ""Section title"": ""33.2 Recommended Decisions — Ready for Approval"", ""Line"": 1127, ""Item numbers"": [4], ""Row"": ""| 4 | Profile-selection rubric | Adopt a qualitative rubric (not a numeric score) for matching project characteristics to a profile | Gives projects a consistent, repeatable selection method beyond ad hoc judgment | A numeric scoring model (rejected for now — risks false precision without validated weighting) | Requires periodic review as new project types emerge | None significant | None | None | None | None | None | Applies to profile selection generally | `KBDL-PRO-007`, `KBDL-PRO-008` | `KBDL-PRO-028` | Item 4 only |""}]",Explicit None permitted only for Approved,False,False,PASS
KBDL-PRO-008,Approved,None — Approved,"[{""Document"": ""profiles.md"", ""Section"": ""332-recommended-decisions--ready-for-approval"", ""Section title"": ""33.2 Recommended Decisions — Ready for Approval"", ""Line"": 1127, ""Item numbers"": [4], ""Row"": ""| 4 | Profile-selection rubric | Adopt a qualitative rubric (not a numeric score) for matching project characteristics to a profile | Gives projects a consistent, repeatable selection method beyond ad hoc judgment | A numeric scoring model (rejected for now — risks false precision without validated weighting) | Requires periodic review as new project types emerge | None significant | None | None | None | None | None | Applies to profile selection generally | `KBDL-PRO-007`, `KBDL-PRO-008` | `KBDL-PRO-028` | Item 4 only |""}]",Explicit None permitted only for Approved,False,False,PASS
KBDL-PRO-009,Recommended,Approval-ready item 1,"[{""Document"": ""profiles.md"", ""Section"": ""332-recommended-decisions--ready-for-approval"", ""Section title"": ""33.2 Recommended Decisions — Ready for Approval"", ""Line"": 1124, ""Item numbers"": [1], ""Row"": ""| 1 | Primary/secondary/hybrid profile policy | Adopt a policy on primary-profile exclusivity, secondary-profile permission, and hybrid precedence (`KBDL-PRO-009`) | Prevents undocumented, inconsistent profile-mixing across projects | No policy, decided per project (rejected — risks silent fragmentation) | Requires documenting precedence for any approved hybrid case | None beyond what the declaration process already requires | None | None | None | None | None | Applies to how any profile is declared | None | `KBDL-PRO-009` | Item 1 only |""}, {""Document"": ""profiles.md"", ""Section"": ""332-recommended-decisions--ready-for-approval"", ""Section title"": ""33.2 Recommended Decisions — Ready for Approval"", ""Line"": 1124, ""Item numbers"": [1], ""Row"": ""| 1 | Primary/secondary/hybrid profile policy | Adopt a policy on primary-profile exclusivity, secondary-profile permission, and hybrid precedence (`KBDL-PRO-009`) | Prevents undocumented, inconsistent profile-mixing across projects | No policy, decided per project (rejected — risks silent fragmentation) | Requires documenting precedence for any approved hybrid case | None beyond what the declaration process already requires | None | None | None | None | None | Applies to how any profile is declared | None | `KBDL-PRO-009` | Item 1 only |""}, {""Document"": ""profiles.md"", ""Section"": ""34-approval-ready-versus-contingent-decisions"", ""Section title"": ""34. Approval-Ready versus Contingent Decisions"", ""Line"": 1201, ""Item numbers"": [], ""Row"": ""(`KBDL-PRO-009`, `017`, `027`, `028`, `029`) — none depends on approving""}, {""Document"": ""profiles.md"", ""Section"": ""38-decision-packet-coverage-audit"", ""Section title"": ""38. Decision-Packet Coverage Audit"", ""Line"": 1297, ""Item numbers"": [], ""Row"": ""| `KBDL-PRO-009` | 1 | Yes | None |""}]",profiles.md:1124 item=[1]; profiles.md:1124 item=[1],False,False,PASS
KBDL-PRO-010,Approved,None — Approved,[],Explicit None permitted only for Approved,False,False,PASS
KBDL-PRO-011,Approved,None — Approved,[],Explicit None permitted only for Approved,False,False,PASS
KBDL-PRO-012,Approved,None — Approved,[],Explicit None permitted only for Approved,False,False,PASS
KBDL-PRO-013,Approved,None — Approved,[],Explicit None permitted only for Approved,False,False,PASS
KBDL-PRO-014,Approved,None — Approved,[],Explicit None permitted only for Approved,False,False,PASS
KBDL-PRO-015,Approved,None — Approved,[],Explicit None permitted only for Approved,False,False,PASS
KBDL-PRO-016,Recommended,Contingent — [§33.3](#333-unresolved-or-not-approval-ready); not independently approval-ready,"[{""Document"": ""profiles.md"", ""Section"": ""333-unresolved-or-not-approval-ready"", ""Section title"": ""33.3 Unresolved or Not Approval-Ready"", ""Line"": 1134, ""Item numbers"": [], ""Row"": ""`KBDL-PRO-016`, which remains `Recommended`. It depends directly on""}, {""Document"": ""profiles.md"", ""Section"": ""34-approval-ready-versus-contingent-decisions"", ""Section title"": ""34. Approval-Ready versus Contingent Decisions"", ""Line"": 1205, ""Item numbers"": [], ""Row"": ""Contingent, not approval-ready: `KBDL-PRO-016` (blocked on the""}, {""Document"": ""profiles.md"", ""Section"": ""38-decision-packet-coverage-audit"", ""Section title"": ""38. Decision-Packet Coverage Audit"", ""Line"": 1302, ""Item numbers"": [], ""Row"": ""| `KBDL-PRO-016` | Contingent item (§33.3) | No — depends on unapproved `KBDL-CMP-067` | `KBDL-CMP-067` |""}, {""Document"": ""profiles.md"", ""Section"": ""38-decision-packet-coverage-audit"", ""Section title"": ""38. Decision-Packet Coverage Audit"", ""Line"": 1307, ""Item numbers"": [], ""Row"": ""(`KBDL-PRO-016`, `018`) map to the two contingent items described in""}, {""Document"": ""profiles.md"", ""Section"": ""38-decision-packet-coverage-audit"", ""Section title"": ""38. Decision-Packet Coverage Audit"", ""Line"": 1324, ""Item numbers"": [], ""Row"": ""exactly items 1–5. It does not approve `KBDL-PRO-016`, `018`, any other""}]",profiles.md:1134 item=[]; profiles.md:1205 item=[]; profiles.md:1302 item=[]; profiles.md:1307 item=[]; profiles.md:1324 item=[],True,False,PASS
KBDL-PRO-017,Recommended,Approval-ready item 2,"[{""Document"": ""profiles.md"", ""Section"": ""332-recommended-decisions--ready-for-approval"", ""Section title"": ""33.2 Recommended Decisions — Ready for Approval"", ""Line"": 1125, ""Item numbers"": [2], ""Row"": ""| 2 | Precision density and component-emphasis defaults | Adopt exact Precision spacing-intensity and table-presentation defaults (`KBDL-PRO-017`) | Gives Precision projects a consistent starting density | Leaving density fully per-project (rejected — inconsistent cross-project recognizability) | Exact spacing values remain bound by the already-approved spacing scale | Target-size minimum (`KBDL-CMP-010`) unaffected either way | Depends on eventual `KBDL-RSP-002`/`003` values for exact grid interaction, cited as context only | None | None | Static Data Table/Grid distinction (`KBDL-CMP-070`) unaffected | None | Precision only | `KBDL-CMP-010`, `KBDL-CMP-070` | `KBDL-PRO-017` | Item 2 only |""}, {""Document"": ""profiles.md"", ""Section"": ""332-recommended-decisions--ready-for-approval"", ""Section title"": ""33.2 Recommended Decisions — Ready for Approval"", ""Line"": 1125, ""Item numbers"": [2], ""Row"": ""| 2 | Precision density and component-emphasis defaults | Adopt exact Precision spacing-intensity and table-presentation defaults (`KBDL-PRO-017`) | Gives Precision projects a consistent starting density | Leaving density fully per-project (rejected — inconsistent cross-project recognizability) | Exact spacing values remain bound by the already-approved spacing scale | Target-size minimum (`KBDL-CMP-010`) unaffected either way | Depends on eventual `KBDL-RSP-002`/`003` values for exact grid interaction, cited as context only | None | None | Static Data Table/Grid distinction (`KBDL-CMP-070`) unaffected | None | Precision only | `KBDL-CMP-010`, `KBDL-CMP-070` | `KBDL-PRO-017` | Item 2 only |""}, {""Document"": ""profiles.md"", ""Section"": ""38-decision-packet-coverage-audit"", ""Section title"": ""38. Decision-Packet Coverage Audit"", ""Line"": 1298, ""Item numbers"": [], ""Row"": ""| `KBDL-PRO-017` | 2 | Yes | None (`KBDL-RSP-002`/`003` cited as unapproved context for the exact grid-interaction point only) |""}]",profiles.md:1125 item=[2]; profiles.md:1125 item=[2],False,False,PASS
KBDL-PRO-018,Recommended,Contingent — [§33.3](#333-unresolved-or-not-approval-ready); not independently approval-ready,"[{""Document"": ""profiles.md"", ""Section"": ""333-unresolved-or-not-approval-ready"", ""Section title"": ""33.3 Unresolved or Not Approval-Ready"", ""Line"": 1142, ""Item numbers"": [], ""Row"": ""`KBDL-PRO-018`, which remains `Recommended`. It depends directly on""}, {""Document"": ""profiles.md"", ""Section"": ""34-approval-ready-versus-contingent-decisions"", ""Section title"": ""34. Approval-Ready versus Contingent Decisions"", ""Line"": 1206, ""Item numbers"": [], ""Row"": ""unapproved KBDL-008 `KBDL-CMP-067`) and `KBDL-PRO-018` (blocked on the""}, {""Document"": ""profiles.md"", ""Section"": ""38-decision-packet-coverage-audit"", ""Section title"": ""38. Decision-Packet Coverage Audit"", ""Line"": 1303, ""Item numbers"": [], ""Row"": ""| `KBDL-PRO-018` | Contingent item (§33.3) | No — depends on unapproved `KBDL-CMP-015`/`036` | `KBDL-CMP-015`, `KBDL-CMP-036` |""}]",profiles.md:1142 item=[]; profiles.md:1206 item=[]; profiles.md:1303 item=[],True,False,PASS
KBDL-PRO-019,Approved,None — Approved,[],Explicit None permitted only for Approved,False,False,PASS
KBDL-PRO-020,Approved,None — Approved,[],Explicit None permitted only for Approved,False,False,PASS
KBDL-PRO-021,Approved,None — Approved,[],Explicit None permitted only for Approved,False,False,PASS
KBDL-PRO-022,Approved,None — Approved,[],Explicit None permitted only for Approved,False,False,PASS
KBDL-PRO-023,Approved,None — Approved,[],Explicit None permitted only for Approved,False,False,PASS
KBDL-PRO-024,Approved,None — Approved,[],Explicit None permitted only for Approved,False,False,PASS
KBDL-PRO-025,Approved,None — Approved,[],Explicit None permitted only for Approved,False,False,PASS
KBDL-PRO-026,Approved,None — Approved,"[{""Document"": ""profiles.md"", ""Section"": ""332-recommended-decisions--ready-for-approval"", ""Section title"": ""33.2 Recommended Decisions — Ready for Approval"", ""Line"": 1126, ""Item numbers"": [3], ""Row"": ""| 3 | Change and migration governance | Adopt a profile-change and migration review policy (`KBDL-PRO-027`) | Gives profile changes a consistent, auditable process | No governance, changes undocumented (rejected — loses adoption-history integrity) | Requires review-date tracking in the adoption record | None significant | None | None | None | None | None | Applies to any project changing profile | `KBDL-PRO-026` | `KBDL-PRO-027` | Item 3 only |""}, {""Document"": ""profiles.md"", ""Section"": ""332-recommended-decisions--ready-for-approval"", ""Section title"": ""33.2 Recommended Decisions — Ready for Approval"", ""Line"": 1128, ""Item numbers"": [5], ""Row"": ""| 5 | Profile review cadence | Adopt a default review-date interval for profile adoption records | Keeps profile fit and pending-dependency status current | No default cadence, left to each project (rejected — risks stale declarations) | None significant | None | None | None | None | None | None | Applies to any adopted profile | `KBDL-PRO-026` | `KBDL-PRO-029` | Item 5 only |""}]",Explicit None permitted only for Approved,False,False,PASS
KBDL-PRO-027,Recommended,Approval-ready item 3,"[{""Document"": ""profiles.md"", ""Section"": ""332-recommended-decisions--ready-for-approval"", ""Section title"": ""33.2 Recommended Decisions — Ready for Approval"", ""Line"": 1126, ""Item numbers"": [3], ""Row"": ""| 3 | Change and migration governance | Adopt a profile-change and migration review policy (`KBDL-PRO-027`) | Gives profile changes a consistent, auditable process | No governance, changes undocumented (rejected — loses adoption-history integrity) | Requires review-date tracking in the adoption record | None significant | None | None | None | None | None | Applies to any project changing profile | `KBDL-PRO-026` | `KBDL-PRO-027` | Item 3 only |""}, {""Document"": ""profiles.md"", ""Section"": ""332-recommended-decisions--ready-for-approval"", ""Section title"": ""33.2 Recommended Decisions — Ready for Approval"", ""Line"": 1126, ""Item numbers"": [3], ""Row"": ""| 3 | Change and migration governance | Adopt a profile-change and migration review policy (`KBDL-PRO-027`) | Gives profile changes a consistent, auditable process | No governance, changes undocumented (rejected — loses adoption-history integrity) | Requires review-date tracking in the adoption record | None significant | None | None | None | None | None | Applies to any project changing profile | `KBDL-PRO-026` | `KBDL-PRO-027` | Item 3 only |""}, {""Document"": ""profiles.md"", ""Section"": ""38-decision-packet-coverage-audit"", ""Section title"": ""38. Decision-Packet Coverage Audit"", ""Line"": 1299, ""Item numbers"": [], ""Row"": ""| `KBDL-PRO-027` | 3 | Yes | None |""}]",profiles.md:1126 item=[3]; profiles.md:1126 item=[3],False,False,PASS
KBDL-PRO-028,Recommended,Approval-ready item 4,"[{""Document"": ""profiles.md"", ""Section"": ""332-recommended-decisions--ready-for-approval"", ""Section title"": ""33.2 Recommended Decisions — Ready for Approval"", ""Line"": 1127, ""Item numbers"": [4], ""Row"": ""| 4 | Profile-selection rubric | Adopt a qualitative rubric (not a numeric score) for matching project characteristics to a profile | Gives projects a consistent, repeatable selection method beyond ad hoc judgment | A numeric scoring model (rejected for now — risks false precision without validated weighting) | Requires periodic review as new project types emerge | None significant | None | None | None | None | None | Applies to profile selection generally | `KBDL-PRO-007`, `KBDL-PRO-008` | `KBDL-PRO-028` | Item 4 only |""}, {""Document"": ""profiles.md"", ""Section"": ""38-decision-packet-coverage-audit"", ""Section title"": ""38. Decision-Packet Coverage Audit"", ""Line"": 1300, ""Item numbers"": [], ""Row"": ""| `KBDL-PRO-028` | 4 | Yes | None |""}]",profiles.md:1127 item=[4],False,False,PASS
KBDL-PRO-029,Recommended,Approval-ready item 5,"[{""Document"": ""profiles.md"", ""Section"": ""332-recommended-decisions--ready-for-approval"", ""Section title"": ""33.2 Recommended Decisions — Ready for Approval"", ""Line"": 1128, ""Item numbers"": [5], ""Row"": ""| 5 | Profile review cadence | Adopt a default review-date interval for profile adoption records | Keeps profile fit and pending-dependency status current | No default cadence, left to each project (rejected — risks stale declarations) | None significant | None | None | None | None | None | None | Applies to any adopted profile | `KBDL-PRO-026` | `KBDL-PRO-029` | Item 5 only |""}, {""Document"": ""profiles.md"", ""Section"": ""38-decision-packet-coverage-audit"", ""Section title"": ""38. Decision-Packet Coverage Audit"", ""Line"": 1301, ""Item numbers"": [], ""Row"": ""| `KBDL-PRO-029` | 5 | Yes | None |""}]",profiles.md:1128 item=[5],False,False,PASS
KBDL-RSP-001,Approved,None — Approved,"[{""Document"": ""responsive.md"", ""Section"": ""352-recommended-decisions--ready-for-approval"", ""Section title"": ""35.2 Recommended Decisions — Ready for Approval"", ""Line"": 864, ""Item numbers"": [6], ""Row"": ""| 6 | Data-dense/tabular responsive strategy | Adopt scoped horizontal scroll, card transformation, and column-priority collapse as the three permitted strategies (`KBDL-RSP-011`) | Covers the realistic range of dense-table responsive needs without prescribing one universal technique | A single mandatory technique (rejected — different data shapes need different strategies) | Requires per-table judgment about which strategy fits | Column-priority collapse must never silently drop data | None | Precision benefits most; Showcase/Flow rarely apply | `KBDL-RSP-001` |""}]",Explicit None permitted only for Approved,False,False,PASS
KBDL-RSP-002,Recommended,responsive.md — 35.2 Recommended Decisions — Ready for Approval — item 1,"[{""Document"": ""profiles.md"", ""Section"": ""332-recommended-decisions--ready-for-approval"", ""Section title"": ""33.2 Recommended Decisions — Ready for Approval"", ""Line"": 1125, ""Item numbers"": [2], ""Row"": ""| 2 | Precision density and component-emphasis defaults | Adopt exact Precision spacing-intensity and table-presentation defaults (`KBDL-PRO-017`) | Gives Precision projects a consistent starting density | Leaving density fully per-project (rejected — inconsistent cross-project recognizability) | Exact spacing values remain bound by the already-approved spacing scale | Target-size minimum (`KBDL-CMP-010`) unaffected either way | Depends on eventual `KBDL-RSP-002`/`003` values for exact grid interaction, cited as context only | None | None | Static Data Table/Grid distinction (`KBDL-CMP-070`) unaffected | None | Precision only | `KBDL-CMP-010`, `KBDL-CMP-070` | `KBDL-PRO-017` | Item 2 only |""}, {""Document"": ""profiles.md"", ""Section"": ""333-unresolved-or-not-approval-ready"", ""Section title"": ""33.3 Unresolved or Not Approval-Ready"", ""Line"": 1158, ""Item numbers"": [], ""Row"": ""transformations** — depend on the unapproved `KBDL-RSP-002`–`005`,""}, {""Document"": ""profiles.md"", ""Section"": ""38-decision-packet-coverage-audit"", ""Section title"": ""38. Decision-Packet Coverage Audit"", ""Line"": 1298, ""Item numbers"": [], ""Row"": ""| `KBDL-PRO-017` | 2 | Yes | None (`KBDL-RSP-002`/`003` cited as unapproved context for the exact grid-interaction point only) |""}, {""Document"": ""responsive.md"", ""Section"": ""352-recommended-decisions--ready-for-approval"", ""Section title"": ""35.2 Recommended Decisions — Ready for Approval"", ""Line"": 859, ""Item numbers"": [1], ""Row"": ""| 1 | Exact breakpoint thresholds | Adopt 0/600/905/1240px for compact/standard/expanded/wide ([§7](#7-proposed-exact-breakpoint-thresholds), `KBDL-RSP-002`) | Reflects genuine content-reorganization points at common reading-column widths | Device-based thresholds (rejected, violates approved philosophy) | May need revision once real content is authored | Must remain compatible with 320px reflow regardless of value | None at this level | Showcase may add profile-scoped breakpoints within these; shared roles unaffected | `KBDL-FND-011` |""}, {""Document"": ""responsive.md"", ""Section"": ""352-recommended-decisions--ready-for-approval"", ""Section title"": ""35.2 Recommended Decisions — Ready for Approval"", ""Line"": 860, ""Item numbers"": [2], ""Row"": ""| 2 | Grid column counts | Adopt 4/8/12/12 columns ([§8](#8-grid-and-column-behavior), `KBDL-RSP-003`) | Matches typical multi-region layout needs per role | A fixed 12-column grid at every size (rejected — forces unnecessary subdivision at compact) | Column count is a proportion reference, not a rigid mandate | Not applicable at this level | None | Precision benefits most from higher column counts at expanded/wide | `KBDL-RSP-002` |""}, {""Document"": ""responsive.md"", ""Section"": ""352-recommended-decisions--ready-for-approval"", ""Section title"": ""35.2 Recommended Decisions — Ready for Approval"", ""Line"": 861, ""Item numbers"": [3], ""Row"": ""| 3 | Container widths and reading measures | Adopt the values in [§9](#9-container-widths-and-reading-measures) (`KBDL-RSP-004`) | Keeps reading measure within the already-approved 45–75 character range at every breakpoint | Unconstrained full-width text at wide (rejected — breaks reading measure) | Requires per-column width tracking at multi-column breakpoints | Supports reading comprehension, an accessibility-adjacent benefit | None | Applies identically across profiles | `KBDL-RSP-002`, foundation typography |""}, {""Document"": ""responsive.md"", ""Section"": ""352-recommended-decisions--ready-for-approval"", ""Section title"": ""35.2 Recommended Decisions — Ready for Approval"", ""Line"": 862, ""Item numbers"": [4], ""Row"": ""| 4 | Gutters and margins | Adopt the values in [§10](#10-gutters-and-responsive-spacing) (`KBDL-RSP-005`) | Uses the existing approved spacing scale, no new unit | A separate gutter-specific scale (rejected — fragments the spacing system) | None significant | Spacing compression must not go below target-size-compatible minimums | None | Applies identically across profiles | `KBDL-RSP-002`, foundation spacing scale |""}, {""Document"": ""responsive.md"", ""Section"": ""352-recommended-decisions--ready-for-approval"", ""Section title"": ""35.2 Recommended Decisions — Ready for Approval"", ""Line"": 863, ""Item numbers"": [5], ""Row"": ""| 5 | Navigation collapse thresholds | Adopt collapse at `standard` for persistent-to-menu transition (`KBDL-RSP-008`) | Matches the point where a persistent sidebar plus content no longer fits comfortably | Collapsing only at `compact` (rejected — persistent nav at 600–904px crowds content) | Requires testing the exact collapse point against real navigation content | Collapsed trigger must remain keyboard/screen-reader operable, unaffected by this decision | None | Applies identically; profiles vary navigation style, not the threshold | `KBDL-RSP-002` |""}, {""Document"": ""components-core.md"", ""Section"": ""352-recommended-decisions--ready-for-approval"", ""Section title"": ""35.2 Recommended Decisions — Ready for Approval"", ""Line"": 1978, ""Item numbers"": [6], ""Row"": ""| 6 | Form action row reflow order | Adopt primary action first (top or leading) at every breakpoint, with secondary/cancel following, reversing to a stacked column at `compact` (`KBDL-CMP-036`) | Keeps the primary action most reachable and visually first regardless of viewport | Reversing order at `compact` (rejected — de-emphasizes the primary action exactly where thumb reach matters most) | None significant | None beyond what §23 already requires | Depends on eventual approved breakpoint values for exact stacking point | None | None | None | Applies identically across profiles | `KBDL-RSP-002` (eventual) | `KBDL-CMP-036` | Item 6 only |""}, {""Document"": ""components-core.md"", ""Section"": ""353-unresolved-or-not-approval-ready"", ""Section title"": ""35.3 Unresolved or Not Approval-Ready"", ""Line"": 1989, ""Item numbers"": [], ""Row"": ""therefore **depends directly on unapproved `KBDL-RSP-002` and""}, {""Document"": ""components-core.md"", ""Section"": ""353-unresolved-or-not-approval-ready"", ""Section title"": ""35.3 Unresolved or Not Approval-Ready"", ""Line"": 1992, ""Item numbers"": [], ""Row"": ""relevant KBDL-006 responsive decisions (`KBDL-RSP-002`, `KBDL-RSP-008`)""}, {""Document"": ""components-core.md"", ""Section"": ""353-unresolved-or-not-approval-ready"", ""Section title"": ""35.3 Unresolved or Not Approval-Ready"", ""Line"": 1995, ""Item numbers"": [], ""Row"": ""Related: `KBDL-RSP-002`, `KBDL-RSP-008`.""}, {""Document"": ""components-core.md"", ""Section"": ""353-unresolved-or-not-approval-ready"", ""Section title"": ""35.3 Unresolved or Not Approval-Ready"", ""Line"": 2030, ""Item numbers"": [], ""Row"": ""(`KBDL-RSP-002`–`005`, `008`, `011`; `KBDL-A11Y-011`, `021`, `035`) as""}, {""Document"": ""components-core.md"", ""Section"": ""355-decision-packet-coverage-audit"", ""Section title"": ""35.5 Decision-Packet Coverage Audit"", ""Line"": 2077, ""Item numbers"": [], ""Row"": ""| `KBDL-CMP-036` | 6 | Yes | None (eventual `KBDL-RSP-002` value affects exact stacking point only, not the ordering rule itself) |""}, {""Document"": ""components-core.md"", ""Section"": ""355-decision-packet-coverage-audit"", ""Section title"": ""35.5 Decision-Packet Coverage Audit"", ""Line"": 2081, ""Item numbers"": [], ""Row"": ""| `KBDL-CMP-041` | Contingent item ([§35.3](#353-unresolved-or-not-approval-ready)) | No — depends on unapproved `KBDL-RSP-002` and `KBDL-RSP-008` for its own approval | `KBDL-RSP-002`, `KBDL-RSP-008` |""}, {""Document"": ""components-core.md"", ""Section"": ""355-decision-packet-coverage-audit"", ""Section title"": ""35.5 Decision-Packet Coverage Audit"", ""Line"": 2081, ""Item numbers"": [], ""Row"": ""| `KBDL-CMP-041` | Contingent item ([§35.3](#353-unresolved-or-not-approval-ready)) | No — depends on unapproved `KBDL-RSP-002` and `KBDL-RSP-008` for its own approval | `KBDL-RSP-002`, `KBDL-RSP-008` |""}, {""Document"": ""components-core.md"", ""Section"": ""36-deferred-and-unresolved-items"", ""Section title"": ""36. Deferred and Unresolved Items"", ""Line"": 2139, ""Item numbers"": [], ""Row"": ""`Recommended`, but is contingent on the unapproved `KBDL-RSP-002` and""}, {""Document"": ""components-system.md"", ""Section"": ""332-recommended-decisions--ready-for-approval"", ""Section title"": ""33.2 Recommended Decisions — Ready for Approval"", ""Line"": 1700, ""Item numbers"": [17], ""Row"": ""| 17 | Responsive transformation policy for overlays and tabular data | Adopt content-driven transformation patterns (dialog-to-full-screen, table-to-cards, popover-to-sheet) independent of the exact unapproved breakpoint values (`KBDL-CMP-111`) | Gives narrow-viewport adaptation a consistent, predictable pattern set | Ad hoc, per-project transformation choices (rejected — inconsistent responsive behavior) | Exact trigger breakpoint remains dependent on the eventual `KBDL-RSP-002` value | Static Data Table semantics (`KBDL-CMP-070`) unaffected either way | `KBDL-RSP-002` cited as eventual, unapproved context for the exact trigger point only, not adopted as authority | None | None | None | Applies identically across profiles | `KBDL-CMP-070`, `KBDL-CMP-080` | `KBDL-CMP-111` | Item 17 only |""}, {""Document"": ""components-system.md"", ""Section"": ""332-recommended-decisions--ready-for-approval"", ""Section title"": ""33.2 Recommended Decisions — Ready for Approval"", ""Line"": 1700, ""Item numbers"": [17], ""Row"": ""| 17 | Responsive transformation policy for overlays and tabular data | Adopt content-driven transformation patterns (dialog-to-full-screen, table-to-cards, popover-to-sheet) independent of the exact unapproved breakpoint values (`KBDL-CMP-111`) | Gives narrow-viewport adaptation a consistent, predictable pattern set | Ad hoc, per-project transformation choices (rejected — inconsistent responsive behavior) | Exact trigger breakpoint remains dependent on the eventual `KBDL-RSP-002` value | Static Data Table semantics (`KBDL-CMP-070`) unaffected either way | `KBDL-RSP-002` cited as eventual, unapproved context for the exact trigger point only, not adopted as authority | None | None | None | Applies identically across profiles | `KBDL-CMP-070`, `KBDL-CMP-080` | `KBDL-CMP-111` | Item 17 only |""}, {""Document"": ""components-system.md"", ""Section"": ""34-decision-packet-coverage-audit"", ""Section title"": ""34. Decision-Packet Coverage Audit"", ""Line"": 1772, ""Item numbers"": [], ""Row"": ""| `KBDL-CMP-111` | 17 | Yes (the pattern-adoption itself); exact trigger breakpoint depends on eventual `KBDL-RSP-002` | `KBDL-RSP-002` (eventual, unapproved) |""}, {""Document"": ""components-system.md"", ""Section"": ""34-decision-packet-coverage-audit"", ""Section title"": ""34. Decision-Packet Coverage Audit"", ""Line"": 1772, ""Item numbers"": [], ""Row"": ""| `KBDL-CMP-111` | 17 | Yes (the pattern-adoption itself); exact trigger breakpoint depends on eventual `KBDL-RSP-002` | `KBDL-RSP-002` (eventual, unapproved) |""}]",responsive.md:859 item=[1],False,False,PASS
KBDL-RSP-003,Recommended,responsive.md — 35.2 Recommended Decisions — Ready for Approval — item 2,"[{""Document"": ""responsive.md"", ""Section"": ""352-recommended-decisions--ready-for-approval"", ""Section title"": ""35.2 Recommended Decisions — Ready for Approval"", ""Line"": 860, ""Item numbers"": [2], ""Row"": ""| 2 | Grid column counts | Adopt 4/8/12/12 columns ([§8](#8-grid-and-column-behavior), `KBDL-RSP-003`) | Matches typical multi-region layout needs per role | A fixed 12-column grid at every size (rejected — forces unnecessary subdivision at compact) | Column count is a proportion reference, not a rigid mandate | Not applicable at this level | None | Precision benefits most from higher column counts at expanded/wide | `KBDL-RSP-002` |""}]",responsive.md:860 item=[2],False,False,PASS
KBDL-RSP-004,Recommended,responsive.md — 35.2 Recommended Decisions — Ready for Approval — item 3,"[{""Document"": ""responsive.md"", ""Section"": ""352-recommended-decisions--ready-for-approval"", ""Section title"": ""35.2 Recommended Decisions — Ready for Approval"", ""Line"": 861, ""Item numbers"": [3], ""Row"": ""| 3 | Container widths and reading measures | Adopt the values in [§9](#9-container-widths-and-reading-measures) (`KBDL-RSP-004`) | Keeps reading measure within the already-approved 45–75 character range at every breakpoint | Unconstrained full-width text at wide (rejected — breaks reading measure) | Requires per-column width tracking at multi-column breakpoints | Supports reading comprehension, an accessibility-adjacent benefit | None | Applies identically across profiles | `KBDL-RSP-002`, foundation typography |""}]",responsive.md:861 item=[3],False,False,PASS
KBDL-RSP-005,Recommended,responsive.md — 35.2 Recommended Decisions — Ready for Approval — item 4,"[{""Document"": ""responsive.md"", ""Section"": ""352-recommended-decisions--ready-for-approval"", ""Section title"": ""35.2 Recommended Decisions — Ready for Approval"", ""Line"": 862, ""Item numbers"": [4], ""Row"": ""| 4 | Gutters and margins | Adopt the values in [§10](#10-gutters-and-responsive-spacing) (`KBDL-RSP-005`) | Uses the existing approved spacing scale, no new unit | A separate gutter-specific scale (rejected — fragments the spacing system) | None significant | Spacing compression must not go below target-size-compatible minimums | None | Applies identically across profiles | `KBDL-RSP-002`, foundation spacing scale |""}]",responsive.md:862 item=[4],False,False,PASS
KBDL-RSP-006,Approved,None — Approved,[],Explicit None permitted only for Approved,False,False,PASS
KBDL-RSP-007,Approved,None — Approved,[],Explicit None permitted only for Approved,False,False,PASS
KBDL-RSP-008,Recommended,responsive.md — 35.2 Recommended Decisions — Ready for Approval — item 5,"[{""Document"": ""responsive.md"", ""Section"": ""352-recommended-decisions--ready-for-approval"", ""Section title"": ""35.2 Recommended Decisions — Ready for Approval"", ""Line"": 863, ""Item numbers"": [5], ""Row"": ""| 5 | Navigation collapse thresholds | Adopt collapse at `standard` for persistent-to-menu transition (`KBDL-RSP-008`) | Matches the point where a persistent sidebar plus content no longer fits comfortably | Collapsing only at `compact` (rejected — persistent nav at 600–904px crowds content) | Requires testing the exact collapse point against real navigation content | Collapsed trigger must remain keyboard/screen-reader operable, unaffected by this decision | None | Applies identically; profiles vary navigation style, not the threshold | `KBDL-RSP-002` |""}, {""Document"": ""components-core.md"", ""Section"": ""353-unresolved-or-not-approval-ready"", ""Section title"": ""35.3 Unresolved or Not Approval-Ready"", ""Line"": 1987, ""Item numbers"": [], ""Row"": ""remains `Recommended`. It reuses `KBDL-RSP-008`'s proposed""}, {""Document"": ""components-core.md"", ""Section"": ""353-unresolved-or-not-approval-ready"", ""Section title"": ""35.3 Unresolved or Not Approval-Ready"", ""Line"": 1990, ""Item numbers"": [], ""Row"": ""`KBDL-RSP-008`**. It **cannot be approved independently through the""}, {""Document"": ""components-core.md"", ""Section"": ""353-unresolved-or-not-approval-ready"", ""Section title"": ""35.3 Unresolved or Not Approval-Ready"", ""Line"": 1992, ""Item numbers"": [], ""Row"": ""relevant KBDL-006 responsive decisions (`KBDL-RSP-002`, `KBDL-RSP-008`)""}, {""Document"": ""components-core.md"", ""Section"": ""353-unresolved-or-not-approval-ready"", ""Section title"": ""35.3 Unresolved or Not Approval-Ready"", ""Line"": 1995, ""Item numbers"": [], ""Row"": ""Related: `KBDL-RSP-002`, `KBDL-RSP-008`.""}, {""Document"": ""components-core.md"", ""Section"": ""355-decision-packet-coverage-audit"", ""Section title"": ""35.5 Decision-Packet Coverage Audit"", ""Line"": 2081, ""Item numbers"": [], ""Row"": ""| `KBDL-CMP-041` | Contingent item ([§35.3](#353-unresolved-or-not-approval-ready)) | No — depends on unapproved `KBDL-RSP-002` and `KBDL-RSP-008` for its own approval | `KBDL-RSP-002`, `KBDL-RSP-008` |""}, {""Document"": ""components-core.md"", ""Section"": ""355-decision-packet-coverage-audit"", ""Section title"": ""35.5 Decision-Packet Coverage Audit"", ""Line"": 2081, ""Item numbers"": [], ""Row"": ""| `KBDL-CMP-041` | Contingent item ([§35.3](#353-unresolved-or-not-approval-ready)) | No — depends on unapproved `KBDL-RSP-002` and `KBDL-RSP-008` for its own approval | `KBDL-RSP-002`, `KBDL-RSP-008` |""}, {""Document"": ""components-core.md"", ""Section"": ""36-deferred-and-unresolved-items"", ""Section title"": ""36. Deferred and Unresolved Items"", ""Line"": 2140, ""Item numbers"": [], ""Row"": ""`KBDL-RSP-008`; not independently approval-ready through the KBDL-007""}]",responsive.md:863 item=[5],False,False,PASS
KBDL-RSP-009,Approved,None — Approved,[],Explicit None permitted only for Approved,False,False,PASS
KBDL-RSP-010,Approved,None — Approved,[],Explicit None permitted only for Approved,False,False,PASS
KBDL-RSP-011,Recommended,responsive.md — 35.2 Recommended Decisions — Ready for Approval — item 6,"[{""Document"": ""responsive.md"", ""Section"": ""352-recommended-decisions--ready-for-approval"", ""Section title"": ""35.2 Recommended Decisions — Ready for Approval"", ""Line"": 864, ""Item numbers"": [6], ""Row"": ""| 6 | Data-dense/tabular responsive strategy | Adopt scoped horizontal scroll, card transformation, and column-priority collapse as the three permitted strategies (`KBDL-RSP-011`) | Covers the realistic range of dense-table responsive needs without prescribing one universal technique | A single mandatory technique (rejected — different data shapes need different strategies) | Requires per-table judgment about which strategy fits | Column-priority collapse must never silently drop data | None | Precision benefits most; Showcase/Flow rarely apply | `KBDL-RSP-001` |""}, {""Document"": ""components-system.md"", ""Section"": ""332-recommended-decisions--ready-for-approval"", ""Section title"": ""33.2 Recommended Decisions — Ready for Approval"", ""Line"": 1696, ""Item numbers"": [13], ""Row"": ""| 13 | Grid-versus-table threshold and interactive-grid model | Adopt a threshold for when grid semantics are justified and the resulting composite-widget keyboard model (`KBDL-CMP-105`) | Prevents casual misuse of a composite keyboard model on effectively static data | Using grid semantics by default for any tabular data (rejected — unnecessary complexity and keyboard-model risk) | Exact virtualization/resizing/pinning behavior remains a later implementation decision | Static-table distinction (`KBDL-CMP-070`) unaffected either way | `KBDL-RSP-011` cited as unapproved context, not adopted as authority | None | None | None | Applies identically across profiles | `KBDL-CMP-070` | `KBDL-CMP-105` | Item 13 only |""}, {""Document"": ""components-system.md"", ""Section"": ""34-decision-packet-coverage-audit"", ""Section title"": ""34. Decision-Packet Coverage Audit"", ""Line"": 1768, ""Item numbers"": [], ""Row"": ""| `KBDL-CMP-105` | 13 | Yes | None (`KBDL-RSP-011` cited as unapproved context only) |""}]",responsive.md:864 item=[6],False,False,PASS
KBDL-RSP-012,Approved,None — Approved,[],Explicit None permitted only for Approved,False,False,PASS
KBDL-RSP-013,Approved,None — Approved,[],Explicit None permitted only for Approved,False,False,PASS
KBDL-RSP-014,Approved,None — Approved,[],Explicit None permitted only for Approved,False,False,PASS
KBDL-RSP-015,Approved,None — Approved,[],Explicit None permitted only for Approved,False,False,PASS
KBDL-RSP-016,Approved,None — Approved,[],Explicit None permitted only for Approved,False,False,PASS
KBDL-RSP-017,Approved,None — Approved,[],Explicit None permitted only for Approved,False,False,PASS
KBDL-RSP-018,Approved,None — Approved,[],Explicit None permitted only for Approved,False,False,PASS
KBDL-RSP-019,Approved,None — Approved,[],Explicit None permitted only for Approved,False,False,PASS
KBDL-RSP-020,Approved,None — Approved,[],Explicit None permitted only for Approved,False,False,PASS
KBDL-RSP-021,Approved,None — Approved,[],Explicit None permitted only for Approved,False,False,PASS
KBDL-RSP-022,Approved,None — Approved,[],Explicit None permitted only for Approved,False,False,PASS
KBDL-THM-001,Approved,None — Approved,[],Explicit None permitted only for Approved,False,False,PASS
KBDL-THM-002,Approved,None — Approved,[],Explicit None permitted only for Approved,False,False,PASS
KBDL-THM-003,Approved,None — Approved,[],Explicit None permitted only for Approved,False,False,PASS
KBDL-THM-004,Approved,None — Approved,[],Explicit None permitted only for Approved,False,False,PASS
KBDL-THM-005,Approved,None — Approved,[],Explicit None permitted only for Approved,False,False,PASS
KBDL-THM-006,Approved,None — Approved,[],Explicit None permitted only for Approved,False,False,PASS
KBDL-THM-007,Approved,None — Approved,[],Explicit None permitted only for Approved,False,False,PASS
KBDL-THM-008,Approved,None — Approved,[],Explicit None permitted only for Approved,False,False,PASS
KBDL-THM-009,Approved,None — Approved,[],Explicit None permitted only for Approved,False,False,PASS
KBDL-THM-010,Approved,None — Approved,[],Explicit None permitted only for Approved,False,False,PASS
KBDL-THM-011,Approved,None — Approved,[],Explicit None permitted only for Approved,False,False,PASS
KBDL-THM-012,Approved,None — Approved,[],Explicit None permitted only for Approved,False,False,PASS
KBDL-THM-012a,Approved,None — Approved,[],Explicit None permitted only for Approved,False,False,PASS
KBDL-THM-013,Approved,None — Approved,[],Explicit None permitted only for Approved,False,False,PASS
KBDL-THM-014,Approved,None — Approved,[],Explicit None permitted only for Approved,False,False,PASS
KBDL-THM-015,Approved,None — Approved,[],Explicit None permitted only for Approved,False,False,PASS
KBDL-VAL-001,Approved,None — Approved,[],Explicit None permitted only for Approved,False,False,PASS
KBDL-VAL-002,Approved,None — Approved,[],Explicit None permitted only for Approved,False,False,PASS
KBDL-VAL-003,Approved,None — Approved,[],Explicit None permitted only for Approved,False,False,PASS
KBDL-VAL-004,Approved,None — Approved,[],Explicit None permitted only for Approved,False,False,PASS
KBDL-VAL-005,Approved,None — Approved,[],Explicit None permitted only for Approved,False,False,PASS
KBDL-VAL-006,Approved,None — Approved,[],Explicit None permitted only for Approved,False,False,PASS
KBDL-VAL-007,Approved,None — Approved,[],Explicit None permitted only for Approved,False,False,PASS
KBDL-VAL-008,Approved,None — Approved,[],Explicit None permitted only for Approved,False,False,PASS
KBDL-VAL-009,Approved,None — Approved,[],Explicit None permitted only for Approved,False,False,PASS
KBDL-VAL-010,Approved,None — Approved,[],Explicit None permitted only for Approved,False,False,PASS
KBDL-VAL-011,Approved,None — Approved,[],Explicit None permitted only for Approved,False,False,PASS
KBDL-VAL-012,Approved,None — Approved,[],Explicit None permitted only for Approved,False,False,PASS
