Requirement ID,Field name,Group heading,Raw group field,Parsed grammar,Per-ID resolved value,Classification,Overriding status,Resolution result,Defect details
KBDL-GOV-001,Blueprint section,Specification architecture,Specification architecture and governance foundation,Uniform default,Specification architecture and governance foundation,Uniform default,Yes,PASS,None
KBDL-GOV-001,Roadmap prompt,Specification architecture,KBDL-001,Uniform default,KBDL-001,Uniform default,Yes,PASS,None
KBDL-GOV-001,Specification location,Specification architecture,[governance.md § KBDL-GOV-001](governance.md#kbdl-gov-001--specification-architecture-is-established),Broad descriptive summary,[governance.md § KBDL-GOV-001](governance.md#kbdl-gov-001--specification-architecture-is-established),Non-overriding summary,No,PASS,None
KBDL-GOV-001,Lifecycle status,Specification architecture,MISSING,Missing,MISSING,Missing,No,PASS,None
KBDL-GOV-001,Provenance,Specification architecture,MISSING,Missing,MISSING,Missing,No,PASS,None
KBDL-GOV-001,Validation classification,Specification architecture,Verified,Uniform status default,Verified,Uniform default,Yes,PASS,None
KBDL-GOV-001,Authority,Specification architecture,MISSING,Missing,MISSING,Missing,No,PASS,None
KBDL-GOV-001,Validation method,Specification architecture,"Manual review — heading hierarchy, relative-link resolution, and heading-anchor correctness checked across all KBDL-001 files.",Broad descriptive summary,"Manual review — heading hierarchy, relative-link resolution, and heading-anchor correctness checked across all KBDL-001 files.",Non-overriding summary,No,PASS,None
KBDL-GOV-001,Validation evidence,Specification architecture,Manual review recorded in commit `2d356b4` (KBDL-001 initial commit); re-checked for this remediation in commit-to-follow (see [decision-register.md § KBDL-DEC-011](decision-register.md#kbdl-dec-011--status-model-correction-approval-vs-provenance-vs-validation)).,Broad descriptive summary,Manual review recorded in commit `2d356b4` (KBDL-001 initial commit); re-checked for this remediation in commit-to-follow (see [decision-register.md § KBDL-DEC-011](decision-register.md#kbdl-dec-011--status-model-correction-approval-vs-provenance-vs-validation)).,Non-overriding summary,No,PASS,None
KBDL-GOV-001,Known limitation,Specification architecture,"No automated Markdown linter or link checker was available in this environment; verification is manual, not tool-based.",Broad descriptive summary,"No automated Markdown linter or link checker was available in this environment; verification is manual, not tool-based.",Non-overriding summary,No,PASS,None
KBDL-GOV-001,Packet or tracking destination,Specification architecture,MISSING,Missing,MISSING,Missing,No,PASS,None
KBDL-GOV-001,Pending dependencies,Specification architecture,MISSING,Missing,MISSING,Missing,No,PASS,None
KBDL-GOV-001,Related decision,Specification architecture,Not applicable,Broad descriptive summary,Not applicable,Non-overriding summary,No,PASS,None
KBDL-GOV-001,Notes or exclusions,Specification architecture,Demonstrates the requirement-ID convention.,Broad descriptive summary,Demonstrates the requirement-ID convention.,Non-overriding summary,No,PASS,None
KBDL-GOV-002,Blueprint section,Accessibility baseline protection,WCAG 2.2 AA baseline with enhanced motion safety (locked-rule protection),Uniform default,WCAG 2.2 AA baseline with enhanced motion safety (locked-rule protection),Uniform default,Yes,PASS,None
KBDL-GOV-002,Roadmap prompt,Accessibility baseline protection,KBDL-001,Uniform default,KBDL-001,Uniform default,Yes,PASS,None
KBDL-GOV-002,Specification location,Accessibility baseline protection,[governance.md § KBDL-GOV-002](governance.md#kbdl-gov-002--accessibility-requirements-are-protected),Broad descriptive summary,[governance.md § KBDL-GOV-002](governance.md#kbdl-gov-002--accessibility-requirements-are-protected),Non-overriding summary,No,PASS,None
KBDL-GOV-002,Lifecycle status,Accessibility baseline protection,MISSING,Missing,MISSING,Missing,No,PASS,None
KBDL-GOV-002,Provenance,Accessibility baseline protection,MISSING,Missing,MISSING,Missing,No,PASS,None
KBDL-GOV-002,Validation classification,Accessibility baseline protection,Not verified,Uniform status default,Not verified,Uniform default,Yes,PASS,None
KBDL-GOV-002,Authority,Accessibility baseline protection,MISSING,Missing,MISSING,Missing,No,PASS,None
KBDL-GOV-002,Validation method,Accessibility baseline protection,Manual review; no automated check is applicable yet.,Broad descriptive summary,Manual review; no automated check is applicable yet.,Non-overriding summary,No,PASS,None
KBDL-GOV-002,Validation evidence,Accessibility baseline protection,Not verified — no `A11Y` requirement exists yet for this rule to be checked against.,Broad descriptive summary,Not verified — no `A11Y` requirement exists yet for this rule to be checked against.,Non-overriding summary,No,PASS,None
KBDL-GOV-002,Known limitation,Accessibility baseline protection,"Cannot be validated against a real accessibility requirement, since none exist yet.",Broad descriptive summary,"Cannot be validated against a real accessibility requirement, since none exist yet.",Non-overriding summary,No,PASS,None
KBDL-GOV-002,Packet or tracking destination,Accessibility baseline protection,MISSING,Missing,MISSING,Missing,No,PASS,None
KBDL-GOV-002,Pending dependencies,Accessibility baseline protection,MISSING,Missing,MISSING,Missing,No,PASS,None
KBDL-GOV-002,Related decision,Accessibility baseline protection,KBDL-DEC-010,Broad descriptive summary,KBDL-DEC-010,Non-overriding summary,No,PASS,None
KBDL-GOV-002,Notes or exclusions,Accessibility baseline protection,Rule takes effect once `A11Y` requirements exist in a later module.,Broad descriptive summary,Rule takes effect once `A11Y` requirements exist in a later module.,Non-overriding summary,No,PASS,None
KBDL-GOV-003,Blueprint section,Documentation governance process,Governance and change control,Uniform default,Governance and change control,Uniform default,Yes,PASS,None
KBDL-GOV-003,Roadmap prompt,Documentation governance process,KBDL-001,Uniform default,KBDL-001,Uniform default,Yes,PASS,None
KBDL-GOV-003,Specification location,Documentation governance process,[governance.md § KBDL-GOV-003](governance.md#kbdl-gov-003--documentation-governance-process),Broad descriptive summary,[governance.md § KBDL-GOV-003](governance.md#kbdl-gov-003--documentation-governance-process),Non-overriding summary,No,PASS,None
KBDL-GOV-003,Lifecycle status,Documentation governance process,MISSING,Missing,MISSING,Missing,No,PASS,None
KBDL-GOV-003,Provenance,Documentation governance process,MISSING,Missing,MISSING,Missing,No,PASS,None
KBDL-GOV-003,Validation classification,Documentation governance process,Verified,Uniform status default,Verified,Uniform default,Yes,PASS,None
KBDL-GOV-003,Authority,Documentation governance process,MISSING,Missing,MISSING,Missing,No,PASS,None
KBDL-GOV-003,Validation method,Documentation governance process,"Manual review against this prompt's required governance topics (ownership, proposal, review, approval, scope-change, exception, deprecation, versioning, documentation-update, accessibility/motion/responsive review, conformance-review, conflict-resolution, restoration, evidence).",Broad descriptive summary,"Manual review against this prompt's required governance topics (ownership, proposal, review, approval, scope-change, exception, deprecation, versioning, documentation-update, accessibility/motion/responsive review, conformance-review, conflict-resolution, restoration, evidence).",Non-overriding summary,No,PASS,None
KBDL-GOV-003,Validation evidence,Documentation governance process,"Manual review recorded in commit `2d356b4`, corrected in the remediation commit for this status-model fix.",Broad descriptive summary,"Manual review recorded in commit `2d356b4`, corrected in the remediation commit for this status-model fix.",Non-overriding summary,No,PASS,None
KBDL-GOV-003,Known limitation,Documentation governance process,None identified.,Broad descriptive summary,None identified.,Non-overriding summary,No,PASS,None
KBDL-GOV-003,Packet or tracking destination,Documentation governance process,MISSING,Missing,MISSING,Missing,No,PASS,None
KBDL-GOV-003,Pending dependencies,Documentation governance process,MISSING,Missing,MISSING,Missing,No,PASS,None
KBDL-GOV-003,Related decision,Documentation governance process,Not applicable,Broad descriptive summary,Not applicable,Non-overriding summary,No,PASS,None
KBDL-GOV-003,Notes or exclusions,Documentation governance process,Establishes change control before design content exists.,Broad descriptive summary,Establishes change control before design content exists.,Non-overriding summary,No,PASS,None
KBDL-PRN-001,Blueprint section,KBDL identity statement and exclusions,"KBDL identity, personality, and explicit exclusions",Uniform default,"KBDL identity, personality, and explicit exclusions",Uniform default,Yes,PASS,None
KBDL-PRN-001,Roadmap prompt,KBDL identity statement and exclusions,KBDL-002,Uniform default,KBDL-002,Uniform default,Yes,PASS,None
KBDL-PRN-001,Specification location,KBDL identity statement and exclusions,[principles.md § 1](principles.md#1-identity-statement),Broad descriptive summary,[principles.md § 1](principles.md#1-identity-statement),Non-overriding summary,No,PASS,None
KBDL-PRN-001,Lifecycle status,KBDL identity statement and exclusions,MISSING,Missing,MISSING,Missing,No,PASS,None
KBDL-PRN-001,Provenance,KBDL identity statement and exclusions,MISSING,Missing,MISSING,Missing,No,PASS,None
KBDL-PRN-001,Validation classification,KBDL identity statement and exclusions,Not verified,Uniform status default,Not verified,Uniform default,Yes,PASS,None
KBDL-PRN-001,Authority,KBDL identity statement and exclusions,MISSING,Missing,MISSING,Missing,No,PASS,None
KBDL-PRN-001,Validation method,KBDL identity statement and exclusions,Manual design review against Section 1 at each later module's approval gate.,Broad descriptive summary,Manual design review against Section 1 at each later module's approval gate.,Non-overriding summary,No,PASS,None
KBDL-PRN-001,Validation evidence,KBDL identity statement and exclusions,"Not verified — validation method has not yet been run against a later module, since none exist yet.",Broad descriptive summary,"Not verified — validation method has not yet been run against a later module, since none exist yet.",Non-overriding summary,No,PASS,None
KBDL-PRN-001,Known limitation,KBDL identity statement and exclusions,"Cannot be checked against real foundation, theme, or component content until those modules exist.",Broad descriptive summary,"Cannot be checked against real foundation, theme, or component content until those modules exist.",Non-overriding summary,No,PASS,None
KBDL-PRN-001,Packet or tracking destination,KBDL identity statement and exclusions,MISSING,Missing,MISSING,Missing,No,PASS,None
KBDL-PRN-001,Pending dependencies,KBDL identity statement and exclusions,MISSING,Missing,MISSING,Missing,No,PASS,None
KBDL-PRN-001,Related decision,KBDL identity statement and exclusions,Not applicable,Broad descriptive summary,Not applicable,Non-overriding summary,No,PASS,None
KBDL-PRN-001,Notes or exclusions,KBDL identity statement and exclusions,Establishes what KBDL is and explicitly is not.,Broad descriptive summary,Establishes what KBDL is and explicitly is not.,Non-overriding summary,No,PASS,None
KBDL-PRN-002,Blueprint section,Luxury/utility conflict resolution,Relationship between Digital Luxury and Technical Utility,Uniform default,Relationship between Digital Luxury and Technical Utility,Uniform default,Yes,PASS,None
KBDL-PRN-002,Roadmap prompt,Luxury/utility conflict resolution,KBDL-002,Uniform default,KBDL-002,Uniform default,Yes,PASS,None
KBDL-PRN-002,Specification location,Luxury/utility conflict resolution,[principles.md § 4](principles.md#4-relationship-between-luxury-and-utility),Broad descriptive summary,[principles.md § 4](principles.md#4-relationship-between-luxury-and-utility),Non-overriding summary,No,PASS,None
KBDL-PRN-002,Lifecycle status,Luxury/utility conflict resolution,MISSING,Missing,MISSING,Missing,No,PASS,None
KBDL-PRN-002,Provenance,Luxury/utility conflict resolution,MISSING,Missing,MISSING,Missing,No,PASS,None
KBDL-PRN-002,Validation classification,Luxury/utility conflict resolution,Not verified,Uniform status default,Not verified,Uniform default,Yes,PASS,None
KBDL-PRN-002,Authority,Luxury/utility conflict resolution,MISSING,Missing,MISSING,Missing,No,PASS,None
KBDL-PRN-002,Validation method,Luxury/utility conflict resolution,Manual review of design decisions against the priority order.,Broad descriptive summary,Manual review of design decisions against the priority order.,Non-overriding summary,No,PASS,None
KBDL-PRN-002,Validation evidence,Luxury/utility conflict resolution,Not verified.,Broad descriptive summary,Not verified.,Non-overriding summary,No,PASS,None
KBDL-PRN-002,Known limitation,Luxury/utility conflict resolution,No real design decisions exist yet to test the priority order against.,Broad descriptive summary,No real design decisions exist yet to test the priority order against.,Non-overriding summary,No,PASS,None
KBDL-PRN-002,Packet or tracking destination,Luxury/utility conflict resolution,MISSING,Missing,MISSING,Missing,No,PASS,None
KBDL-PRN-002,Pending dependencies,Luxury/utility conflict resolution,MISSING,Missing,MISSING,Missing,No,PASS,None
KBDL-PRN-002,Related decision,Luxury/utility conflict resolution,Not applicable,Broad descriptive summary,Not applicable,Non-overriding summary,No,PASS,None
KBDL-PRN-002,Notes or exclusions,Luxury/utility conflict resolution,Includes five worked conflict examples.,Broad descriptive summary,Includes five worked conflict examples.,Non-overriding summary,No,PASS,None
KBDL-PRN-003,Blueprint section,Core principles,Core enforceable design principles,Uniform default,Core enforceable design principles,Uniform default,Yes,PASS,None
KBDL-PRN-003,Roadmap prompt,Core principles,KBDL-002,Uniform default,KBDL-002,Uniform default,Yes,PASS,None
KBDL-PRN-003,Specification location,Core principles,[principles.md § 6](principles.md#6-core-principles),Broad descriptive summary,[principles.md § 6](principles.md#6-core-principles),Non-overriding summary,No,PASS,None
KBDL-PRN-003,Lifecycle status,Core principles,MISSING,Missing,MISSING,Missing,No,PASS,None
KBDL-PRN-003,Provenance,Core principles,MISSING,Missing,MISSING,Missing,No,PASS,None
KBDL-PRN-003,Validation classification,Core principles,Not verified,Uniform status default,Not verified,Uniform default,Yes,PASS,None
KBDL-PRN-003,Authority,Core principles,MISSING,Missing,MISSING,Missing,No,PASS,None
KBDL-PRN-003,Validation method,Core principles,"Manual review confirming all nine principles include every required field (normative statement, purpose, required/prohibited behavior, profile interpretation, accessibility/responsive/motion implications, review questions) and that the nine required concepts (clarity before spectacle, precision, comprehension, hierarchy, controlled expression, consistency, adaptability, accessibility by default, performance) are all present.",Broad descriptive summary,"Manual review confirming all nine principles include every required field (normative statement, purpose, required/prohibited behavior, profile interpretation, accessibility/responsive/motion implications, review questions) and that the nine required concepts (clarity before spectacle, precision, comprehension, hierarchy, controlled expression, consistency, adaptability, accessibility by default, performance) are all present.",Non-overriding summary,No,PASS,None
KBDL-PRN-003,Validation evidence,Core principles,Not verified — the requirement's later-module approval-gate method has not been executed completely.,Broad descriptive summary,Not verified — the requirement's later-module approval-gate method has not been executed completely.,Non-overriding summary,No,PASS,None
KBDL-PRN-003,Known limitation,Core principles,Complete evidence across every later module is unavailable.,Broad descriptive summary,Complete evidence across every later module is unavailable.,Non-overriding summary,No,PASS,None
KBDL-PRN-003,Packet or tracking destination,Core principles,MISSING,Missing,MISSING,Missing,No,PASS,None
KBDL-PRN-003,Pending dependencies,Core principles,MISSING,Missing,MISSING,Missing,No,PASS,None
KBDL-PRN-003,Related decision,Core principles,Not applicable,Broad descriptive summary,Not applicable,Non-overriding summary,No,PASS,None
KBDL-PRN-003,Notes or exclusions,Core principles,Nine principles defined (blueprint required six to nine).,Broad descriptive summary,Nine principles defined (blueprint required six to nine).,Non-overriding summary,No,PASS,None
KBDL-PRN-004,Blueprint section,Visual-consistency relationships,Cross-project visual consistency,Uniform default,Cross-project visual consistency,Uniform default,Yes,PASS,None
KBDL-PRN-004,Roadmap prompt,Visual-consistency relationships,KBDL-002,Uniform default,KBDL-002,Uniform default,Yes,PASS,None
KBDL-PRN-004,Specification location,Visual-consistency relationships,[principles.md § 7](principles.md#7-visual-consistency),Broad descriptive summary,[principles.md § 7](principles.md#7-visual-consistency),Non-overriding summary,No,PASS,None
KBDL-PRN-004,Lifecycle status,Visual-consistency relationships,MISSING,Missing,MISSING,Missing,No,PASS,None
KBDL-PRN-004,Provenance,Visual-consistency relationships,MISSING,Missing,MISSING,Missing,No,PASS,None
KBDL-PRN-004,Validation classification,Visual-consistency relationships,Not verified,Uniform status default,Not verified,Uniform default,Yes,PASS,None
KBDL-PRN-004,Authority,Visual-consistency relationships,MISSING,Missing,MISSING,Missing,No,PASS,None
KBDL-PRN-004,Validation method,Visual-consistency relationships,"Manual cross-reference review once foundation, theme, and responsive modules are approved.",Broad descriptive summary,"Manual cross-reference review once foundation, theme, and responsive modules are approved.",Non-overriding summary,No,PASS,None
KBDL-PRN-004,Validation evidence,Visual-consistency relationships,Not verified — dependent modules do not exist yet.,Broad descriptive summary,Not verified — dependent modules do not exist yet.,Non-overriding summary,No,PASS,None
KBDL-PRN-004,Known limitation,Visual-consistency relationships,"Cannot be fully validated until `FND`, `THM`, and `RSP` requirements exist.",Broad descriptive summary,"Cannot be fully validated until `FND`, `THM`, and `RSP` requirements exist.",Non-overriding summary,No,PASS,None
KBDL-PRN-004,Packet or tracking destination,Visual-consistency relationships,MISSING,Missing,MISSING,Missing,No,PASS,None
KBDL-PRN-004,Pending dependencies,Visual-consistency relationships,MISSING,Missing,MISSING,Missing,No,PASS,None
KBDL-PRN-004,Related decision,Visual-consistency relationships,KBDL-DEC-003,Broad descriptive summary,KBDL-DEC-003,Non-overriding summary,No,PASS,None
KBDL-PRN-004,Notes or exclusions,Visual-consistency relationships,Defines relationships only; no final values.,Broad descriptive summary,Defines relationships only; no final values.,Non-overriding summary,No,PASS,None
KBDL-PRN-005,Blueprint section,"Locked, controlled, and open identity model",Stable and variable identity elements,Uniform default,Stable and variable identity elements,Uniform default,Yes,PASS,None
KBDL-PRN-005,Roadmap prompt,"Locked, controlled, and open identity model",KBDL-002,Uniform default,KBDL-002,Uniform default,Yes,PASS,None
KBDL-PRN-005,Specification location,"Locked, controlled, and open identity model",[principles.md § 5](principles.md#5-stable-and-variable-identity-elements),Broad descriptive summary,[principles.md § 5](principles.md#5-stable-and-variable-identity-elements),Non-overriding summary,No,PASS,None
KBDL-PRN-005,Lifecycle status,"Locked, controlled, and open identity model",MISSING,Missing,MISSING,Missing,No,PASS,None
KBDL-PRN-005,Provenance,"Locked, controlled, and open identity model",MISSING,Missing,MISSING,Missing,No,PASS,None
KBDL-PRN-005,Validation classification,"Locked, controlled, and open identity model",Not verified,Uniform status default,Not verified,Uniform default,Yes,PASS,None
KBDL-PRN-005,Authority,"Locked, controlled, and open identity model",MISSING,Missing,MISSING,Missing,No,PASS,None
KBDL-PRN-005,Validation method,"Locked, controlled, and open identity model","Manual review confirming all three categories (locked, controlled, open) address every element listed in this prompt's scope, and that no final ranges or values were introduced.",Broad descriptive summary,"Manual review confirming all three categories (locked, controlled, open) address every element listed in this prompt's scope, and that no final ranges or values were introduced.",Non-overriding summary,No,PASS,None
KBDL-PRN-005,Validation evidence,"Locked, controlled, and open identity model",Not verified — the requirement's full later-module and implementation review has not been executed.,Broad descriptive summary,Not verified — the requirement's full later-module and implementation review has not been executed.,Non-overriding summary,No,PASS,None
KBDL-PRN-005,Known limitation,"Locked, controlled, and open identity model",Controlled-variable ranges are intentionally undefined pending later modules.,Broad descriptive summary,Controlled-variable ranges are intentionally undefined pending later modules.,Non-overriding summary,No,PASS,None
KBDL-PRN-005,Packet or tracking destination,"Locked, controlled, and open identity model",MISSING,Missing,MISSING,Missing,No,PASS,None
KBDL-PRN-005,Pending dependencies,"Locked, controlled, and open identity model",MISSING,Missing,MISSING,Missing,No,PASS,None
KBDL-PRN-005,Related decision,"Locked, controlled, and open identity model",Not applicable,Broad descriptive summary,Not applicable,Non-overriding summary,No,PASS,None
KBDL-PRN-005,Notes or exclusions,"Locked, controlled, and open identity model",Ties directly to [governance.md § Exception process](governance.md#exception-process).,Broad descriptive summary,Ties directly to [governance.md § Exception process](governance.md#exception-process).,Non-overriding summary,No,PASS,None
KBDL-PRN-006,Blueprint section,Design-decision hierarchy,Design-decision hierarchy and conflict handling,Uniform default,Design-decision hierarchy and conflict handling,Uniform default,Yes,PASS,None
KBDL-PRN-006,Roadmap prompt,Design-decision hierarchy,KBDL-002,Uniform default,KBDL-002,Uniform default,Yes,PASS,None
KBDL-PRN-006,Specification location,Design-decision hierarchy,[principles.md § 8](principles.md#8-design-decision-hierarchy),Broad descriptive summary,[principles.md § 8](principles.md#8-design-decision-hierarchy),Non-overriding summary,No,PASS,None
KBDL-PRN-006,Lifecycle status,Design-decision hierarchy,MISSING,Missing,MISSING,Missing,No,PASS,None
KBDL-PRN-006,Provenance,Design-decision hierarchy,MISSING,Missing,MISSING,Missing,No,PASS,None
KBDL-PRN-006,Validation classification,Design-decision hierarchy,Not verified,Uniform status default,Not verified,Uniform default,Yes,PASS,None
KBDL-PRN-006,Authority,Design-decision hierarchy,MISSING,Missing,MISSING,Missing,No,PASS,None
KBDL-PRN-006,Validation method,Design-decision hierarchy,Manual review of decision records against the hierarchy; conflicts escalated per governance's conflict-resolution process.,Broad descriptive summary,Manual review of decision records against the hierarchy; conflicts escalated per governance's conflict-resolution process.,Non-overriding summary,No,PASS,None
KBDL-PRN-006,Validation evidence,Design-decision hierarchy,Not verified — no real design decision has been escalated through this hierarchy yet.,Broad descriptive summary,Not verified — no real design decision has been escalated through this hierarchy yet.,Non-overriding summary,No,PASS,None
KBDL-PRN-006,Known limitation,Design-decision hierarchy,None identified.,Broad descriptive summary,None identified.,Non-overriding summary,No,PASS,None
KBDL-PRN-006,Packet or tracking destination,Design-decision hierarchy,MISSING,Missing,MISSING,Missing,No,PASS,None
KBDL-PRN-006,Pending dependencies,Design-decision hierarchy,MISSING,Missing,MISSING,Missing,No,PASS,None
KBDL-PRN-006,Related decision,Design-decision hierarchy,Not applicable,Broad descriptive summary,Not applicable,Non-overriding summary,No,PASS,None
KBDL-PRN-006,Notes or exclusions,Design-decision hierarchy,Aligns with [governance.md § Conflict-resolution process](governance.md#conflict-resolution-process).,Broad descriptive summary,Aligns with [governance.md § Conflict-resolution process](governance.md#conflict-resolution-process).,Non-overriding summary,No,PASS,None
KBDL-PRN-007,Blueprint section,"Profile-level interpretation (Showcase, Precision, Flow)",Profile-level interpretation of shared principles,Uniform default,Profile-level interpretation of shared principles,Uniform default,Yes,PASS,None
KBDL-PRN-007,Roadmap prompt,"Profile-level interpretation (Showcase, Precision, Flow)",KBDL-002,Uniform default,KBDL-002,Uniform default,Yes,PASS,None
KBDL-PRN-007,Specification location,"Profile-level interpretation (Showcase, Precision, Flow)",[principles.md § 9](principles.md#9-profile-level-interpretation),Broad descriptive summary,[principles.md § 9](principles.md#9-profile-level-interpretation),Non-overriding summary,No,PASS,None
KBDL-PRN-007,Lifecycle status,"Profile-level interpretation (Showcase, Precision, Flow)",MISSING,Missing,MISSING,Missing,No,PASS,None
KBDL-PRN-007,Provenance,"Profile-level interpretation (Showcase, Precision, Flow)",MISSING,Missing,MISSING,Missing,No,PASS,None
KBDL-PRN-007,Validation classification,"Profile-level interpretation (Showcase, Precision, Flow)",Not verified,Uniform status default,Not verified,Uniform default,Yes,PASS,None
KBDL-PRN-007,Authority,"Profile-level interpretation (Showcase, Precision, Flow)",MISSING,Missing,MISSING,Missing,No,PASS,None
KBDL-PRN-007,Validation method,"Profile-level interpretation (Showcase, Precision, Flow)",Manual cross-profile consistency review once the project-profiles module is approved.,Broad descriptive summary,Manual cross-profile consistency review once the project-profiles module is approved.,Non-overriding summary,No,PASS,None
KBDL-PRN-007,Validation evidence,"Profile-level interpretation (Showcase, Precision, Flow)",Not verified — the project-profiles module (`PRO`) does not exist yet.,Broad descriptive summary,Not verified — the project-profiles module (`PRO`) does not exist yet.,Non-overriding summary,No,PASS,None
KBDL-PRN-007,Known limitation,"Profile-level interpretation (Showcase, Precision, Flow)",Cannot be fully validated until `PRO` requirements exist.,Broad descriptive summary,Cannot be fully validated until `PRO` requirements exist.,Non-overriding summary,No,PASS,None
KBDL-PRN-007,Packet or tracking destination,"Profile-level interpretation (Showcase, Precision, Flow)",MISSING,Missing,MISSING,Missing,No,PASS,None
KBDL-PRN-007,Pending dependencies,"Profile-level interpretation (Showcase, Precision, Flow)",MISSING,Missing,MISSING,Missing,No,PASS,None
KBDL-PRN-007,Related decision,"Profile-level interpretation (Showcase, Precision, Flow)",KBDL-DEC-006,Broad descriptive summary,KBDL-DEC-006,Non-overriding summary,No,PASS,None
KBDL-PRN-007,Notes or exclusions,"Profile-level interpretation (Showcase, Precision, Flow)","Confirms Showcase, Precision, and Flow share all locked rules and principles.",Broad descriptive summary,"Confirms Showcase, Precision, and Flow share all locked rules and principles.",Non-overriding summary,No,PASS,None
KBDL-PRN-008,Blueprint section,Conforming and non-conforming design directions,Conceptual examples distinguishing conformance from non-conformance,Uniform default,Conceptual examples distinguishing conformance from non-conformance,Uniform default,Yes,PASS,None
KBDL-PRN-008,Roadmap prompt,Conforming and non-conforming design directions,KBDL-002,Uniform default,KBDL-002,Uniform default,Yes,PASS,None
KBDL-PRN-008,Specification location,Conforming and non-conforming design directions,"[principles.md § 10](principles.md#10-conforming-design-directions), [principles.md § 11](principles.md#11-non-conforming-design-directions)",Broad descriptive summary,"[principles.md § 10](principles.md#10-conforming-design-directions), [principles.md § 11](principles.md#11-non-conforming-design-directions)",Non-overriding summary,No,PASS,None
KBDL-PRN-008,Lifecycle status,Conforming and non-conforming design directions,MISSING,Missing,MISSING,Missing,No,PASS,None
KBDL-PRN-008,Provenance,Conforming and non-conforming design directions,MISSING,Missing,MISSING,Missing,No,PASS,None
KBDL-PRN-008,Validation classification,Conforming and non-conforming design directions,Not verified,Uniform status default,Not verified,Uniform default,Yes,PASS,None
KBDL-PRN-008,Authority,Conforming and non-conforming design directions,MISSING,Missing,MISSING,Missing,No,PASS,None
KBDL-PRN-008,Validation method,Conforming and non-conforming design directions,"Manual count and coverage review confirming at least six conforming examples spanning all three profiles, both themes, an expressive moment, a repeated workflow, and a mobile context; and at least eight non-conforming patterns each with reason, broken principle, risk, and correction.",Broad descriptive summary,"Manual count and coverage review confirming at least six conforming examples spanning all three profiles, both themes, an expressive moment, a repeated workflow, and a mobile context; and at least eight non-conforming patterns each with reason, broken principle, risk, and correction.",Non-overriding summary,No,PASS,None
KBDL-PRN-008,Validation evidence,Conforming and non-conforming design directions,Not verified — example-count evidence does not execute the requirement's later-module conformance-review method.,Broad descriptive summary,Not verified — example-count evidence does not execute the requirement's later-module conformance-review method.,Non-overriding summary,No,PASS,None
KBDL-PRN-008,Known limitation,Conforming and non-conforming design directions,Examples are conceptual; no mockups or token values exist to check them against yet.,Broad descriptive summary,Examples are conceptual; no mockups or token values exist to check them against yet.,Non-overriding summary,No,PASS,None
KBDL-PRN-008,Packet or tracking destination,Conforming and non-conforming design directions,MISSING,Missing,MISSING,Missing,No,PASS,None
KBDL-PRN-008,Pending dependencies,Conforming and non-conforming design directions,MISSING,Missing,MISSING,Missing,No,PASS,None
KBDL-PRN-008,Related decision,Conforming and non-conforming design directions,Not applicable,Broad descriptive summary,Not applicable,Non-overriding summary,No,PASS,None
KBDL-PRN-008,Notes or exclusions,Conforming and non-conforming design directions,Sixteen non-conforming patterns exceed the required minimum of eight.,Broad descriptive summary,Sixteen non-conforming patterns exceed the required minimum of eight.,Non-overriding summary,No,PASS,None
KBDL-FND-001,Blueprint section,"Color role architecture (KBDL-FND-001, KBDL-FND-002)",Color architecture — semantic roles and color- only-meaning prohibition,Uniform default,Color architecture — semantic roles and color- only-meaning prohibition,Uniform default,Yes,PASS,None
KBDL-FND-002,Blueprint section,"Color role architecture (KBDL-FND-001, KBDL-FND-002)",Color architecture — semantic roles and color- only-meaning prohibition,Uniform default,Color architecture — semantic roles and color- only-meaning prohibition,Uniform default,Yes,PASS,None
KBDL-FND-001,Roadmap prompt,"Color role architecture (KBDL-FND-001, KBDL-FND-002)",KBDL-003,Uniform default,KBDL-003,Uniform default,Yes,PASS,None
KBDL-FND-002,Roadmap prompt,"Color role architecture (KBDL-FND-001, KBDL-FND-002)",KBDL-003,Uniform default,KBDL-003,Uniform default,Yes,PASS,None
KBDL-FND-001,Specification location,"Color role architecture (KBDL-FND-001, KBDL-FND-002)",[foundations/color.md §1–§2](foundations/color.md#1-architectural-principles-approved),Broad descriptive summary,[foundations/color.md §1–§2](foundations/color.md#1-architectural-principles-approved),Non-overriding summary,No,PASS,None
KBDL-FND-002,Specification location,"Color role architecture (KBDL-FND-001, KBDL-FND-002)",[foundations/color.md §1–§2](foundations/color.md#1-architectural-principles-approved),Broad descriptive summary,[foundations/color.md §1–§2](foundations/color.md#1-architectural-principles-approved),Non-overriding summary,No,PASS,None
KBDL-FND-001,Lifecycle status,"Color role architecture (KBDL-FND-001, KBDL-FND-002)",MISSING,Missing,MISSING,Missing,No,PASS,None
KBDL-FND-002,Lifecycle status,"Color role architecture (KBDL-FND-001, KBDL-FND-002)",MISSING,Missing,MISSING,Missing,No,PASS,None
KBDL-FND-001,Provenance,"Color role architecture (KBDL-FND-001, KBDL-FND-002)",MISSING,Missing,MISSING,Missing,No,PASS,None
KBDL-FND-002,Provenance,"Color role architecture (KBDL-FND-001, KBDL-FND-002)",MISSING,Missing,MISSING,Missing,No,PASS,None
KBDL-FND-001,Validation classification,"Color role architecture (KBDL-FND-001, KBDL-FND-002)",Not verified,Uniform status default,Not verified,Uniform default,Yes,PASS,None
KBDL-FND-002,Validation classification,"Color role architecture (KBDL-FND-001, KBDL-FND-002)",Not verified,Uniform status default,Not verified,Uniform default,Yes,PASS,None
KBDL-FND-001,Authority,"Color role architecture (KBDL-FND-001, KBDL-FND-002)",MISSING,Missing,MISSING,Missing,No,PASS,None
KBDL-FND-002,Authority,"Color role architecture (KBDL-FND-001, KBDL-FND-002)",MISSING,Missing,MISSING,Missing,No,PASS,None
KBDL-FND-001,Validation method,"Color role architecture (KBDL-FND-001, KBDL-FND-002)",Manual review of role names and color-only-meaning usage at each later module's approval gate.,Broad descriptive summary,Manual review of role names and color-only-meaning usage at each later module's approval gate.,Non-overriding summary,No,PASS,None
KBDL-FND-002,Validation method,"Color role architecture (KBDL-FND-001, KBDL-FND-002)",Manual review of role names and color-only-meaning usage at each later module's approval gate.,Broad descriptive summary,Manual review of role names and color-only-meaning usage at each later module's approval gate.,Non-overriding summary,No,PASS,None
KBDL-FND-001,Validation evidence,"Color role architecture (KBDL-FND-001, KBDL-FND-002)",Not verified — no theme or component content exists yet to check role usage against.,Broad descriptive summary,Not verified — no theme or component content exists yet to check role usage against.,Non-overriding summary,No,PASS,None
KBDL-FND-002,Validation evidence,"Color role architecture (KBDL-FND-001, KBDL-FND-002)",Not verified — no theme or component content exists yet to check role usage against.,Broad descriptive summary,Not verified — no theme or component content exists yet to check role usage against.,Non-overriding summary,No,PASS,None
KBDL-FND-001,Known limitation,"Color role architecture (KBDL-FND-001, KBDL-FND-002)",Cannot be fully validated until `THM` and `CMP` requirements exist.,Broad descriptive summary,Cannot be fully validated until `THM` and `CMP` requirements exist.,Non-overriding summary,No,PASS,None
KBDL-FND-002,Known limitation,"Color role architecture (KBDL-FND-001, KBDL-FND-002)",Cannot be fully validated until `THM` and `CMP` requirements exist.,Broad descriptive summary,Cannot be fully validated until `THM` and `CMP` requirements exist.,Non-overriding summary,No,PASS,None
KBDL-FND-001,Packet or tracking destination,"Color role architecture (KBDL-FND-001, KBDL-FND-002)",MISSING,Missing,MISSING,Missing,No,PASS,None
KBDL-FND-002,Packet or tracking destination,"Color role architecture (KBDL-FND-001, KBDL-FND-002)",MISSING,Missing,MISSING,Missing,No,PASS,None
KBDL-FND-001,Pending dependencies,"Color role architecture (KBDL-FND-001, KBDL-FND-002)",MISSING,Missing,MISSING,Missing,No,PASS,None
KBDL-FND-002,Pending dependencies,"Color role architecture (KBDL-FND-001, KBDL-FND-002)",MISSING,Missing,MISSING,Missing,No,PASS,None
KBDL-FND-001,Related decision,"Color role architecture (KBDL-FND-001, KBDL-FND-002)",Not applicable,Broad descriptive summary,Not applicable,Non-overriding summary,No,PASS,None
KBDL-FND-002,Related decision,"Color role architecture (KBDL-FND-001, KBDL-FND-002)",Not applicable,Broad descriptive summary,Not applicable,Non-overriding summary,No,PASS,None
KBDL-FND-001,Notes or exclusions,"Color role architecture (KBDL-FND-001, KBDL-FND-002)",Architecture only; recommended hue values are tracked separately below (KBDL-FND-009).,Broad descriptive summary,Architecture only; recommended hue values are tracked separately below (KBDL-FND-009).,Non-overriding summary,No,PASS,None
KBDL-FND-002,Notes or exclusions,"Color role architecture (KBDL-FND-001, KBDL-FND-002)",Architecture only; recommended hue values are tracked separately below (KBDL-FND-009).,Broad descriptive summary,Architecture only; recommended hue values are tracked separately below (KBDL-FND-009).,Non-overriding summary,No,PASS,None
KBDL-FND-003,Blueprint section,"Spacing rhythm and responsive content priority (KBDL-FND-003, KBDL-FND-004)",Spacing rhythm and content-driven breakpoints,Uniform default,Spacing rhythm and content-driven breakpoints,Uniform default,Yes,PASS,None
KBDL-FND-004,Blueprint section,"Spacing rhythm and responsive content priority (KBDL-FND-003, KBDL-FND-004)",Spacing rhythm and content-driven breakpoints,Uniform default,Spacing rhythm and content-driven breakpoints,Uniform default,Yes,PASS,None
KBDL-FND-003,Roadmap prompt,"Spacing rhythm and responsive content priority (KBDL-FND-003, KBDL-FND-004)",KBDL-003,Uniform default,KBDL-003,Uniform default,Yes,PASS,None
KBDL-FND-004,Roadmap prompt,"Spacing rhythm and responsive content priority (KBDL-FND-003, KBDL-FND-004)",KBDL-003,Uniform default,KBDL-003,Uniform default,Yes,PASS,None
KBDL-FND-003,Specification location,"Spacing rhythm and responsive content priority (KBDL-FND-003, KBDL-FND-004)","[foundations/spacing-layout.md §1, §3](foundations/spacing-layout.md#1-spacing-and-sizing-logic)",Broad descriptive summary,"[foundations/spacing-layout.md §1, §3](foundations/spacing-layout.md#1-spacing-and-sizing-logic)",Non-overriding summary,No,PASS,None
KBDL-FND-004,Specification location,"Spacing rhythm and responsive content priority (KBDL-FND-003, KBDL-FND-004)","[foundations/spacing-layout.md §1, §3](foundations/spacing-layout.md#1-spacing-and-sizing-logic)",Broad descriptive summary,"[foundations/spacing-layout.md §1, §3](foundations/spacing-layout.md#1-spacing-and-sizing-logic)",Non-overriding summary,No,PASS,None
KBDL-FND-003,Lifecycle status,"Spacing rhythm and responsive content priority (KBDL-FND-003, KBDL-FND-004)",MISSING,Missing,MISSING,Missing,No,PASS,None
KBDL-FND-004,Lifecycle status,"Spacing rhythm and responsive content priority (KBDL-FND-003, KBDL-FND-004)",MISSING,Missing,MISSING,Missing,No,PASS,None
KBDL-FND-003,Provenance,"Spacing rhythm and responsive content priority (KBDL-FND-003, KBDL-FND-004)",MISSING,Missing,MISSING,Missing,No,PASS,None
KBDL-FND-004,Provenance,"Spacing rhythm and responsive content priority (KBDL-FND-003, KBDL-FND-004)",MISSING,Missing,MISSING,Missing,No,PASS,None
KBDL-FND-003,Validation classification,"Spacing rhythm and responsive content priority (KBDL-FND-003, KBDL-FND-004)",Not verified,Uniform status default,Not verified,Uniform default,Yes,PASS,None
KBDL-FND-004,Validation classification,"Spacing rhythm and responsive content priority (KBDL-FND-003, KBDL-FND-004)",Not verified,Uniform status default,Not verified,Uniform default,Yes,PASS,None
KBDL-FND-003,Authority,"Spacing rhythm and responsive content priority (KBDL-FND-003, KBDL-FND-004)",MISSING,Missing,MISSING,Missing,No,PASS,None
KBDL-FND-004,Authority,"Spacing rhythm and responsive content priority (KBDL-FND-003, KBDL-FND-004)",MISSING,Missing,MISSING,Missing,No,PASS,None
KBDL-FND-003,Validation method,"Spacing rhythm and responsive content priority (KBDL-FND-003, KBDL-FND-004)",Manual review of spacing usage and breakpoint justification once `RSP` requirements exist.,Broad descriptive summary,Manual review of spacing usage and breakpoint justification once `RSP` requirements exist.,Non-overriding summary,No,PASS,None
KBDL-FND-004,Validation method,"Spacing rhythm and responsive content priority (KBDL-FND-003, KBDL-FND-004)",Manual review of spacing usage and breakpoint justification once `RSP` requirements exist.,Broad descriptive summary,Manual review of spacing usage and breakpoint justification once `RSP` requirements exist.,Non-overriding summary,No,PASS,None
KBDL-FND-003,Validation evidence,"Spacing rhythm and responsive content priority (KBDL-FND-003, KBDL-FND-004)",Not verified — no responsive-behavior module exists yet.,Broad descriptive summary,Not verified — no responsive-behavior module exists yet.,Non-overriding summary,No,PASS,None
KBDL-FND-004,Validation evidence,"Spacing rhythm and responsive content priority (KBDL-FND-003, KBDL-FND-004)",Not verified — no responsive-behavior module exists yet.,Broad descriptive summary,Not verified — no responsive-behavior module exists yet.,Non-overriding summary,No,PASS,None
KBDL-FND-003,Known limitation,"Spacing rhythm and responsive content priority (KBDL-FND-003, KBDL-FND-004)",Cannot be fully validated until `RSP` requirements exist.,Broad descriptive summary,Cannot be fully validated until `RSP` requirements exist.,Non-overriding summary,No,PASS,None
KBDL-FND-004,Known limitation,"Spacing rhythm and responsive content priority (KBDL-FND-003, KBDL-FND-004)",Cannot be fully validated until `RSP` requirements exist.,Broad descriptive summary,Cannot be fully validated until `RSP` requirements exist.,Non-overriding summary,No,PASS,None
KBDL-FND-003,Packet or tracking destination,"Spacing rhythm and responsive content priority (KBDL-FND-003, KBDL-FND-004)",MISSING,Missing,MISSING,Missing,No,PASS,None
KBDL-FND-004,Packet or tracking destination,"Spacing rhythm and responsive content priority (KBDL-FND-003, KBDL-FND-004)",MISSING,Missing,MISSING,Missing,No,PASS,None
KBDL-FND-003,Pending dependencies,"Spacing rhythm and responsive content priority (KBDL-FND-003, KBDL-FND-004)",MISSING,Missing,MISSING,Missing,No,PASS,None
KBDL-FND-004,Pending dependencies,"Spacing rhythm and responsive content priority (KBDL-FND-003, KBDL-FND-004)",MISSING,Missing,MISSING,Missing,No,PASS,None
KBDL-FND-003,Related decision,"Spacing rhythm and responsive content priority (KBDL-FND-003, KBDL-FND-004)","KBDL-DEC-003, KBDL-DEC-007",Broad descriptive summary,"KBDL-DEC-003, KBDL-DEC-007",Non-overriding summary,No,PASS,None
KBDL-FND-004,Related decision,"Spacing rhythm and responsive content priority (KBDL-FND-003, KBDL-FND-004)","KBDL-DEC-003, KBDL-DEC-007",Broad descriptive summary,"KBDL-DEC-003, KBDL-DEC-007",Non-overriding summary,No,PASS,None
KBDL-FND-003,Notes or exclusions,"Spacing rhythm and responsive content priority (KBDL-FND-003, KBDL-FND-004)",Restates locked rules from [principles.md §5.1](principles.md#51-locked-identity-rules) at foundation-level specificity.,Broad descriptive summary,Restates locked rules from [principles.md §5.1](principles.md#51-locked-identity-rules) at foundation-level specificity.,Non-overriding summary,No,PASS,None
KBDL-FND-004,Notes or exclusions,"Spacing rhythm and responsive content priority (KBDL-FND-003, KBDL-FND-004)",Restates locked rules from [principles.md §5.1](principles.md#51-locked-identity-rules) at foundation-level specificity.,Broad descriptive summary,Restates locked rules from [principles.md §5.1](principles.md#51-locked-identity-rules) at foundation-level specificity.,Non-overriding summary,No,PASS,None
KBDL-FND-005,Blueprint section,"Elevation and icon/media accessibility anticipation (KBDL-FND-005, KBDL-FND-006, KBDL-FND-007)",Depth semantics; icon and media accessibility anticipation,Uniform default,Depth semantics; icon and media accessibility anticipation,Uniform default,Yes,PASS,None
KBDL-FND-006,Blueprint section,"Elevation and icon/media accessibility anticipation (KBDL-FND-005, KBDL-FND-006, KBDL-FND-007)",Depth semantics; icon and media accessibility anticipation,Uniform default,Depth semantics; icon and media accessibility anticipation,Uniform default,Yes,PASS,None
KBDL-FND-007,Blueprint section,"Elevation and icon/media accessibility anticipation (KBDL-FND-005, KBDL-FND-006, KBDL-FND-007)",Depth semantics; icon and media accessibility anticipation,Uniform default,Depth semantics; icon and media accessibility anticipation,Uniform default,Yes,PASS,None
KBDL-FND-005,Roadmap prompt,"Elevation and icon/media accessibility anticipation (KBDL-FND-005, KBDL-FND-006, KBDL-FND-007)",KBDL-003,Uniform default,KBDL-003,Uniform default,Yes,PASS,None
KBDL-FND-006,Roadmap prompt,"Elevation and icon/media accessibility anticipation (KBDL-FND-005, KBDL-FND-006, KBDL-FND-007)",KBDL-003,Uniform default,KBDL-003,Uniform default,Yes,PASS,None
KBDL-FND-007,Roadmap prompt,"Elevation and icon/media accessibility anticipation (KBDL-FND-005, KBDL-FND-006, KBDL-FND-007)",KBDL-003,Uniform default,KBDL-003,Uniform default,Yes,PASS,None
KBDL-FND-005,Specification location,"Elevation and icon/media accessibility anticipation (KBDL-FND-005, KBDL-FND-006, KBDL-FND-007)","[foundations/shape-depth.md §3](foundations/shape-depth.md#3-elevation-and-depth), [foundations/iconography-media.md §1.1, §2.1](foundations/iconography-media.md#1-iconography)",Broad descriptive summary,"[foundations/shape-depth.md §3](foundations/shape-depth.md#3-elevation-and-depth), [foundations/iconography-media.md §1.1, §2.1](foundations/iconography-media.md#1-iconography)",Non-overriding summary,No,PASS,None
KBDL-FND-006,Specification location,"Elevation and icon/media accessibility anticipation (KBDL-FND-005, KBDL-FND-006, KBDL-FND-007)","[foundations/shape-depth.md §3](foundations/shape-depth.md#3-elevation-and-depth), [foundations/iconography-media.md §1.1, §2.1](foundations/iconography-media.md#1-iconography)",Broad descriptive summary,"[foundations/shape-depth.md §3](foundations/shape-depth.md#3-elevation-and-depth), [foundations/iconography-media.md §1.1, §2.1](foundations/iconography-media.md#1-iconography)",Non-overriding summary,No,PASS,None
KBDL-FND-007,Specification location,"Elevation and icon/media accessibility anticipation (KBDL-FND-005, KBDL-FND-006, KBDL-FND-007)","[foundations/shape-depth.md §3](foundations/shape-depth.md#3-elevation-and-depth), [foundations/iconography-media.md §1.1, §2.1](foundations/iconography-media.md#1-iconography)",Broad descriptive summary,"[foundations/shape-depth.md §3](foundations/shape-depth.md#3-elevation-and-depth), [foundations/iconography-media.md §1.1, §2.1](foundations/iconography-media.md#1-iconography)",Non-overriding summary,No,PASS,None
KBDL-FND-005,Lifecycle status,"Elevation and icon/media accessibility anticipation (KBDL-FND-005, KBDL-FND-006, KBDL-FND-007)",MISSING,Missing,MISSING,Missing,No,PASS,None
KBDL-FND-006,Lifecycle status,"Elevation and icon/media accessibility anticipation (KBDL-FND-005, KBDL-FND-006, KBDL-FND-007)",MISSING,Missing,MISSING,Missing,No,PASS,None
KBDL-FND-007,Lifecycle status,"Elevation and icon/media accessibility anticipation (KBDL-FND-005, KBDL-FND-006, KBDL-FND-007)",MISSING,Missing,MISSING,Missing,No,PASS,None
KBDL-FND-005,Provenance,"Elevation and icon/media accessibility anticipation (KBDL-FND-005, KBDL-FND-006, KBDL-FND-007)",MISSING,Missing,MISSING,Missing,No,PASS,None
KBDL-FND-006,Provenance,"Elevation and icon/media accessibility anticipation (KBDL-FND-005, KBDL-FND-006, KBDL-FND-007)",MISSING,Missing,MISSING,Missing,No,PASS,None
KBDL-FND-007,Provenance,"Elevation and icon/media accessibility anticipation (KBDL-FND-005, KBDL-FND-006, KBDL-FND-007)",MISSING,Missing,MISSING,Missing,No,PASS,None
KBDL-FND-005,Validation classification,"Elevation and icon/media accessibility anticipation (KBDL-FND-005, KBDL-FND-006, KBDL-FND-007)",Not verified,Uniform status default,Not verified,Uniform default,Yes,PASS,None
KBDL-FND-006,Validation classification,"Elevation and icon/media accessibility anticipation (KBDL-FND-005, KBDL-FND-006, KBDL-FND-007)",Not verified,Uniform status default,Not verified,Uniform default,Yes,PASS,None
KBDL-FND-007,Validation classification,"Elevation and icon/media accessibility anticipation (KBDL-FND-005, KBDL-FND-006, KBDL-FND-007)",Not verified,Uniform status default,Not verified,Uniform default,Yes,PASS,None
KBDL-FND-005,Authority,"Elevation and icon/media accessibility anticipation (KBDL-FND-005, KBDL-FND-006, KBDL-FND-007)",MISSING,Missing,MISSING,Missing,No,PASS,None
KBDL-FND-006,Authority,"Elevation and icon/media accessibility anticipation (KBDL-FND-005, KBDL-FND-006, KBDL-FND-007)",MISSING,Missing,MISSING,Missing,No,PASS,None
KBDL-FND-007,Authority,"Elevation and icon/media accessibility anticipation (KBDL-FND-005, KBDL-FND-006, KBDL-FND-007)",MISSING,Missing,MISSING,Missing,No,PASS,None
KBDL-FND-005,Validation method,"Elevation and icon/media accessibility anticipation (KBDL-FND-005, KBDL-FND-006, KBDL-FND-007)","Manual review confirming each elevation level states a simplified fallback, and that icon/media required principles explicitly state the state-clarity and reduced-motion anticipation rules.",Broad descriptive summary,"Manual review confirming each elevation level states a simplified fallback, and that icon/media required principles explicitly state the state-clarity and reduced-motion anticipation rules.",Non-overriding summary,No,PASS,None
KBDL-FND-006,Validation method,"Elevation and icon/media accessibility anticipation (KBDL-FND-005, KBDL-FND-006, KBDL-FND-007)","Manual review confirming each elevation level states a simplified fallback, and that icon/media required principles explicitly state the state-clarity and reduced-motion anticipation rules.",Broad descriptive summary,"Manual review confirming each elevation level states a simplified fallback, and that icon/media required principles explicitly state the state-clarity and reduced-motion anticipation rules.",Non-overriding summary,No,PASS,None
KBDL-FND-007,Validation method,"Elevation and icon/media accessibility anticipation (KBDL-FND-005, KBDL-FND-006, KBDL-FND-007)","Manual review confirming each elevation level states a simplified fallback, and that icon/media required principles explicitly state the state-clarity and reduced-motion anticipation rules.",Broad descriptive summary,"Manual review confirming each elevation level states a simplified fallback, and that icon/media required principles explicitly state the state-clarity and reduced-motion anticipation rules.",Non-overriding summary,No,PASS,None
KBDL-FND-005,Validation evidence,"Elevation and icon/media accessibility anticipation (KBDL-FND-005, KBDL-FND-006, KBDL-FND-007)","Manual completeness review recorded in the KBDL-003 commit — confirmed all five elevation levels list a non-shadow-dependent fallback, and both icon and media sections state their respective anticipation requirements.",Broad descriptive summary,"Manual completeness review recorded in the KBDL-003 commit — confirmed all five elevation levels list a non-shadow-dependent fallback, and both icon and media sections state their respective anticipation requirements.",Non-overriding summary,No,PASS,None
KBDL-FND-006,Validation evidence,"Elevation and icon/media accessibility anticipation (KBDL-FND-005, KBDL-FND-006, KBDL-FND-007)","Manual completeness review recorded in the KBDL-003 commit — confirmed all five elevation levels list a non-shadow-dependent fallback, and both icon and media sections state their respective anticipation requirements.",Broad descriptive summary,"Manual completeness review recorded in the KBDL-003 commit — confirmed all five elevation levels list a non-shadow-dependent fallback, and both icon and media sections state their respective anticipation requirements.",Non-overriding summary,No,PASS,None
KBDL-FND-007,Validation evidence,"Elevation and icon/media accessibility anticipation (KBDL-FND-005, KBDL-FND-006, KBDL-FND-007)","Manual completeness review recorded in the KBDL-003 commit — confirmed all five elevation levels list a non-shadow-dependent fallback, and both icon and media sections state their respective anticipation requirements.",Broad descriptive summary,"Manual completeness review recorded in the KBDL-003 commit — confirmed all five elevation levels list a non-shadow-dependent fallback, and both icon and media sections state their respective anticipation requirements.",Non-overriding summary,No,PASS,None
KBDL-FND-005,Known limitation,"Elevation and icon/media accessibility anticipation (KBDL-FND-005, KBDL-FND-006, KBDL-FND-007)",None identified.,Broad descriptive summary,None identified.,Non-overriding summary,No,PASS,None
KBDL-FND-006,Known limitation,"Elevation and icon/media accessibility anticipation (KBDL-FND-005, KBDL-FND-006, KBDL-FND-007)",None identified.,Broad descriptive summary,None identified.,Non-overriding summary,No,PASS,None
KBDL-FND-007,Known limitation,"Elevation and icon/media accessibility anticipation (KBDL-FND-005, KBDL-FND-006, KBDL-FND-007)",None identified.,Broad descriptive summary,None identified.,Non-overriding summary,No,PASS,None
KBDL-FND-005,Packet or tracking destination,"Elevation and icon/media accessibility anticipation (KBDL-FND-005, KBDL-FND-006, KBDL-FND-007)",MISSING,Missing,MISSING,Missing,No,PASS,None
KBDL-FND-006,Packet or tracking destination,"Elevation and icon/media accessibility anticipation (KBDL-FND-005, KBDL-FND-006, KBDL-FND-007)",MISSING,Missing,MISSING,Missing,No,PASS,None
KBDL-FND-007,Packet or tracking destination,"Elevation and icon/media accessibility anticipation (KBDL-FND-005, KBDL-FND-006, KBDL-FND-007)",MISSING,Missing,MISSING,Missing,No,PASS,None
KBDL-FND-005,Pending dependencies,"Elevation and icon/media accessibility anticipation (KBDL-FND-005, KBDL-FND-006, KBDL-FND-007)",MISSING,Missing,MISSING,Missing,No,PASS,None
KBDL-FND-006,Pending dependencies,"Elevation and icon/media accessibility anticipation (KBDL-FND-005, KBDL-FND-006, KBDL-FND-007)",MISSING,Missing,MISSING,Missing,No,PASS,None
KBDL-FND-007,Pending dependencies,"Elevation and icon/media accessibility anticipation (KBDL-FND-005, KBDL-FND-006, KBDL-FND-007)",MISSING,Missing,MISSING,Missing,No,PASS,None
KBDL-FND-005,Related decision,"Elevation and icon/media accessibility anticipation (KBDL-FND-005, KBDL-FND-006, KBDL-FND-007)",Not applicable,Broad descriptive summary,Not applicable,Non-overriding summary,No,PASS,None
KBDL-FND-006,Related decision,"Elevation and icon/media accessibility anticipation (KBDL-FND-005, KBDL-FND-006, KBDL-FND-007)",Not applicable,Broad descriptive summary,Not applicable,Non-overriding summary,No,PASS,None
KBDL-FND-007,Related decision,"Elevation and icon/media accessibility anticipation (KBDL-FND-005, KBDL-FND-006, KBDL-FND-007)",Not applicable,Broad descriptive summary,Not applicable,Non-overriding summary,No,PASS,None
KBDL-FND-005,Notes or exclusions,"Elevation and icon/media accessibility anticipation (KBDL-FND-005, KBDL-FND-006, KBDL-FND-007)","""Anticipation"" language is intentional — full reduced-motion and accessibility markup rules belong to KBDL-005/006.",Broad descriptive summary,"""Anticipation"" language is intentional — full reduced-motion and accessibility markup rules belong to KBDL-005/006.",Non-overriding summary,No,PASS,None
KBDL-FND-006,Notes or exclusions,"Elevation and icon/media accessibility anticipation (KBDL-FND-005, KBDL-FND-006, KBDL-FND-007)","""Anticipation"" language is intentional — full reduced-motion and accessibility markup rules belong to KBDL-005/006.",Broad descriptive summary,"""Anticipation"" language is intentional — full reduced-motion and accessibility markup rules belong to KBDL-005/006.",Non-overriding summary,No,PASS,None
KBDL-FND-007,Notes or exclusions,"Elevation and icon/media accessibility anticipation (KBDL-FND-005, KBDL-FND-006, KBDL-FND-007)","""Anticipation"" language is intentional — full reduced-motion and accessibility markup rules belong to KBDL-005/006.",Broad descriptive summary,"""Anticipation"" language is intentional — full reduced-motion and accessibility markup rules belong to KBDL-005/006.",Non-overriding summary,No,PASS,None
KBDL-FND-008,Blueprint section,Shared foundation architecture across profiles (KBDL-FND-008),Profile-level foundation adjustments,Uniform default,Profile-level foundation adjustments,Uniform default,Yes,PASS,None
KBDL-FND-008,Roadmap prompt,Shared foundation architecture across profiles (KBDL-FND-008),KBDL-003,Uniform default,KBDL-003,Uniform default,Yes,PASS,None
KBDL-FND-008,Specification location,Shared foundation architecture across profiles (KBDL-FND-008),[foundations/README.md §4](foundations/README.md#4-project-profile-adjustments--foundation-summary),Broad descriptive summary,[foundations/README.md §4](foundations/README.md#4-project-profile-adjustments--foundation-summary),Non-overriding summary,No,PASS,None
KBDL-FND-008,Lifecycle status,Shared foundation architecture across profiles (KBDL-FND-008),MISSING,Missing,MISSING,Missing,No,PASS,None
KBDL-FND-008,Provenance,Shared foundation architecture across profiles (KBDL-FND-008),MISSING,Missing,MISSING,Missing,No,PASS,None
KBDL-FND-008,Validation classification,Shared foundation architecture across profiles (KBDL-FND-008),Not verified,Uniform status default,Not verified,Uniform default,Yes,PASS,None
KBDL-FND-008,Authority,Shared foundation architecture across profiles (KBDL-FND-008),MISSING,Missing,MISSING,Missing,No,PASS,None
KBDL-FND-008,Validation method,Shared foundation architecture across profiles (KBDL-FND-008),Manual cross-profile consistency review once the project-profiles module (`PRO`) is approved.,Broad descriptive summary,Manual cross-profile consistency review once the project-profiles module (`PRO`) is approved.,Non-overriding summary,No,PASS,None
KBDL-FND-008,Validation evidence,Shared foundation architecture across profiles (KBDL-FND-008),Not verified — `PRO` requirements do not exist yet.,Broad descriptive summary,Not verified — `PRO` requirements do not exist yet.,Non-overriding summary,No,PASS,None
KBDL-FND-008,Known limitation,Shared foundation architecture across profiles (KBDL-FND-008),Cannot be fully validated until `PRO` requirements exist.,Broad descriptive summary,Cannot be fully validated until `PRO` requirements exist.,Non-overriding summary,No,PASS,None
KBDL-FND-008,Packet or tracking destination,Shared foundation architecture across profiles (KBDL-FND-008),MISSING,Missing,MISSING,Missing,No,PASS,None
KBDL-FND-008,Pending dependencies,Shared foundation architecture across profiles (KBDL-FND-008),MISSING,Missing,MISSING,Missing,No,PASS,None
KBDL-FND-008,Related decision,Shared foundation architecture across profiles (KBDL-FND-008),KBDL-DEC-006,Broad descriptive summary,KBDL-DEC-006,Non-overriding summary,No,PASS,None
KBDL-FND-008,Notes or exclusions,Shared foundation architecture across profiles (KBDL-FND-008),Restates [principles.md §9.4](principles.md#94-shared-constraints-across-profiles) at foundation-level specificity.,Broad descriptive summary,Restates [principles.md §9.4](principles.md#94-shared-constraints-across-profiles) at foundation-level specificity.,Non-overriding summary,No,PASS,None
KBDL-FND-009,Blueprint section,"Approved color, typography, spacing, and shape/elevation defaults (KBDL-FND-009 through KBDL-FND-012)",Foundation decision packet — default values,Uniform default,Foundation decision packet — default values,Uniform default,Yes,PASS,None
KBDL-FND-010,Blueprint section,"Approved color, typography, spacing, and shape/elevation defaults (KBDL-FND-009 through KBDL-FND-012)",Foundation decision packet — default values,Uniform default,Foundation decision packet — default values,Uniform default,Yes,PASS,None
KBDL-FND-011,Blueprint section,"Approved color, typography, spacing, and shape/elevation defaults (KBDL-FND-009 through KBDL-FND-012)",Foundation decision packet — default values,Uniform default,Foundation decision packet — default values,Uniform default,Yes,PASS,None
KBDL-FND-012,Blueprint section,"Approved color, typography, spacing, and shape/elevation defaults (KBDL-FND-009 through KBDL-FND-012)",Foundation decision packet — default values,Uniform default,Foundation decision packet — default values,Uniform default,Yes,PASS,None
KBDL-FND-009,Roadmap prompt,"Approved color, typography, spacing, and shape/elevation defaults (KBDL-FND-009 through KBDL-FND-012)",KBDL-003 (approved via project-owner review following KBDL-003-R1),Uniform default,KBDL-003 (approved via project-owner review following KBDL-003-R1),Uniform default,Yes,PASS,None
KBDL-FND-010,Roadmap prompt,"Approved color, typography, spacing, and shape/elevation defaults (KBDL-FND-009 through KBDL-FND-012)",KBDL-003 (approved via project-owner review following KBDL-003-R1),Uniform default,KBDL-003 (approved via project-owner review following KBDL-003-R1),Uniform default,Yes,PASS,None
KBDL-FND-011,Roadmap prompt,"Approved color, typography, spacing, and shape/elevation defaults (KBDL-FND-009 through KBDL-FND-012)",KBDL-003 (approved via project-owner review following KBDL-003-R1),Uniform default,KBDL-003 (approved via project-owner review following KBDL-003-R1),Uniform default,Yes,PASS,None
KBDL-FND-012,Roadmap prompt,"Approved color, typography, spacing, and shape/elevation defaults (KBDL-FND-009 through KBDL-FND-012)",KBDL-003 (approved via project-owner review following KBDL-003-R1),Uniform default,KBDL-003 (approved via project-owner review following KBDL-003-R1),Uniform default,Yes,PASS,None
KBDL-FND-009,Specification location,"Approved color, typography, spacing, and shape/elevation defaults (KBDL-FND-009 through KBDL-FND-012)",[foundations/README.md §6](foundations/README.md#6-foundation-decision-packet),Broad descriptive summary,[foundations/README.md §6](foundations/README.md#6-foundation-decision-packet),Non-overriding summary,No,PASS,None
KBDL-FND-010,Specification location,"Approved color, typography, spacing, and shape/elevation defaults (KBDL-FND-009 through KBDL-FND-012)",[foundations/README.md §6](foundations/README.md#6-foundation-decision-packet),Broad descriptive summary,[foundations/README.md §6](foundations/README.md#6-foundation-decision-packet),Non-overriding summary,No,PASS,None
KBDL-FND-011,Specification location,"Approved color, typography, spacing, and shape/elevation defaults (KBDL-FND-009 through KBDL-FND-012)",[foundations/README.md §6](foundations/README.md#6-foundation-decision-packet),Broad descriptive summary,[foundations/README.md §6](foundations/README.md#6-foundation-decision-packet),Non-overriding summary,No,PASS,None
KBDL-FND-012,Specification location,"Approved color, typography, spacing, and shape/elevation defaults (KBDL-FND-009 through KBDL-FND-012)",[foundations/README.md §6](foundations/README.md#6-foundation-decision-packet),Broad descriptive summary,[foundations/README.md §6](foundations/README.md#6-foundation-decision-packet),Non-overriding summary,No,PASS,None
KBDL-FND-009,Lifecycle status,"Approved color, typography, spacing, and shape/elevation defaults (KBDL-FND-009 through KBDL-FND-012)",MISSING,Missing,MISSING,Missing,No,PASS,None
KBDL-FND-010,Lifecycle status,"Approved color, typography, spacing, and shape/elevation defaults (KBDL-FND-009 through KBDL-FND-012)",MISSING,Missing,MISSING,Missing,No,PASS,None
KBDL-FND-011,Lifecycle status,"Approved color, typography, spacing, and shape/elevation defaults (KBDL-FND-009 through KBDL-FND-012)",MISSING,Missing,MISSING,Missing,No,PASS,None
KBDL-FND-012,Lifecycle status,"Approved color, typography, spacing, and shape/elevation defaults (KBDL-FND-009 through KBDL-FND-012)",MISSING,Missing,MISSING,Missing,No,PASS,None
KBDL-FND-009,Provenance,"Approved color, typography, spacing, and shape/elevation defaults (KBDL-FND-009 through KBDL-FND-012)",MISSING,Missing,MISSING,Missing,No,PASS,None
KBDL-FND-010,Provenance,"Approved color, typography, spacing, and shape/elevation defaults (KBDL-FND-009 through KBDL-FND-012)",MISSING,Missing,MISSING,Missing,No,PASS,None
KBDL-FND-011,Provenance,"Approved color, typography, spacing, and shape/elevation defaults (KBDL-FND-009 through KBDL-FND-012)",MISSING,Missing,MISSING,Missing,No,PASS,None
KBDL-FND-012,Provenance,"Approved color, typography, spacing, and shape/elevation defaults (KBDL-FND-009 through KBDL-FND-012)",MISSING,Missing,MISSING,Missing,No,PASS,None
KBDL-FND-009,Validation classification,"Approved color, typography, spacing, and shape/elevation defaults (KBDL-FND-009 through KBDL-FND-012)","Mixed — Verified / Not verified: KBDL-FND-009; Not verified: KBDL-FND-010, KBDL-FND-011, KBDL-FND-012",Status bucket,Mixed — Verified / Not verified,Exact per-ID mapping,Yes,PASS,None
KBDL-FND-010,Validation classification,"Approved color, typography, spacing, and shape/elevation defaults (KBDL-FND-009 through KBDL-FND-012)","Mixed — Verified / Not verified: KBDL-FND-009; Not verified: KBDL-FND-010, KBDL-FND-011, KBDL-FND-012",Status bucket,Not verified,Exact per-ID mapping,Yes,PASS,None
KBDL-FND-011,Validation classification,"Approved color, typography, spacing, and shape/elevation defaults (KBDL-FND-009 through KBDL-FND-012)","Mixed — Verified / Not verified: KBDL-FND-009; Not verified: KBDL-FND-010, KBDL-FND-011, KBDL-FND-012",Status bucket,Not verified,Exact per-ID mapping,Yes,PASS,None
KBDL-FND-012,Validation classification,"Approved color, typography, spacing, and shape/elevation defaults (KBDL-FND-009 through KBDL-FND-012)","Mixed — Verified / Not verified: KBDL-FND-009; Not verified: KBDL-FND-010, KBDL-FND-011, KBDL-FND-012",Status bucket,Not verified,Exact per-ID mapping,Yes,PASS,None
KBDL-FND-009,Authority,"Approved color, typography, spacing, and shape/elevation defaults (KBDL-FND-009 through KBDL-FND-012)",MISSING,Missing,MISSING,Missing,No,PASS,None
KBDL-FND-010,Authority,"Approved color, typography, spacing, and shape/elevation defaults (KBDL-FND-009 through KBDL-FND-012)",MISSING,Missing,MISSING,Missing,No,PASS,None
KBDL-FND-011,Authority,"Approved color, typography, spacing, and shape/elevation defaults (KBDL-FND-009 through KBDL-FND-012)",MISSING,Missing,MISSING,Missing,No,PASS,None
KBDL-FND-012,Authority,"Approved color, typography, spacing, and shape/elevation defaults (KBDL-FND-009 through KBDL-FND-012)",MISSING,Missing,MISSING,Missing,No,PASS,None
KBDL-FND-009,Validation method,"Approved color, typography, spacing, and shape/elevation defaults (KBDL-FND-009 through KBDL-FND-012)","WCAG relative-luminance contrast calculation (completed for the color pairs listed); project-owner review (completed — see KBDL-DEC-012); typeface-licensing verification (not yet performed, applies to a future specific font-family decision).",Broad descriptive summary,"WCAG relative-luminance contrast calculation (completed for the color pairs listed); project-owner review (completed — see KBDL-DEC-012); typeface-licensing verification (not yet performed, applies to a future specific font-family decision).",Non-overriding summary,No,PASS,None
KBDL-FND-010,Validation method,"Approved color, typography, spacing, and shape/elevation defaults (KBDL-FND-009 through KBDL-FND-012)","WCAG relative-luminance contrast calculation (completed for the color pairs listed); project-owner review (completed — see KBDL-DEC-012); typeface-licensing verification (not yet performed, applies to a future specific font-family decision).",Broad descriptive summary,"WCAG relative-luminance contrast calculation (completed for the color pairs listed); project-owner review (completed — see KBDL-DEC-012); typeface-licensing verification (not yet performed, applies to a future specific font-family decision).",Non-overriding summary,No,PASS,None
KBDL-FND-011,Validation method,"Approved color, typography, spacing, and shape/elevation defaults (KBDL-FND-009 through KBDL-FND-012)","WCAG relative-luminance contrast calculation (completed for the color pairs listed); project-owner review (completed — see KBDL-DEC-012); typeface-licensing verification (not yet performed, applies to a future specific font-family decision).",Broad descriptive summary,"WCAG relative-luminance contrast calculation (completed for the color pairs listed); project-owner review (completed — see KBDL-DEC-012); typeface-licensing verification (not yet performed, applies to a future specific font-family decision).",Non-overriding summary,No,PASS,None
KBDL-FND-012,Validation method,"Approved color, typography, spacing, and shape/elevation defaults (KBDL-FND-009 through KBDL-FND-012)","WCAG relative-luminance contrast calculation (completed for the color pairs listed); project-owner review (completed — see KBDL-DEC-012); typeface-licensing verification (not yet performed, applies to a future specific font-family decision).",Broad descriptive summary,"WCAG relative-luminance contrast calculation (completed for the color pairs listed); project-owner review (completed — see KBDL-DEC-012); typeface-licensing verification (not yet performed, applies to a future specific font-family decision).",Non-overriding summary,No,PASS,None
KBDL-FND-009,Validation evidence,"Approved color, typography, spacing, and shape/elevation defaults (KBDL-FND-009 through KBDL-FND-012)","Contrast-ratio table in [foundations/color.md §4](foundations/color.md#4-contrast-evidence-illustrative-not-a-theme-mapping), computed via a local dependency-free script (see the KBDL-003 validation evidence for the script and full output). Updated under KBDL-003-R1: `neutral-50` (3.25:1) was found to fail the 4.5:1 normal-text threshold and is now restricted to large-text/non-text-UI/decorative use only; a new `neutral-60` (5.59:1) was added and verified as the safe value for normal-sized secondary/tertiary text.",Broad descriptive summary,"Contrast-ratio table in [foundations/color.md §4](foundations/color.md#4-contrast-evidence-illustrative-not-a-theme-mapping), computed via a local dependency-free script (see the KBDL-003 validation evidence for the script and full output). Updated under KBDL-003-R1: `neutral-50` (3.25:1) was found to fail the 4.5:1 normal-text threshold and is now restricted to large-text/non-text-UI/decorative use only; a new `neutral-60` (5.59:1) was added and verified as the safe value for normal-sized secondary/tertiary text.",Non-overriding summary,No,PASS,None
KBDL-FND-010,Validation evidence,"Approved color, typography, spacing, and shape/elevation defaults (KBDL-FND-009 through KBDL-FND-012)","Contrast-ratio table in [foundations/color.md §4](foundations/color.md#4-contrast-evidence-illustrative-not-a-theme-mapping), computed via a local dependency-free script (see the KBDL-003 validation evidence for the script and full output). Updated under KBDL-003-R1: `neutral-50` (3.25:1) was found to fail the 4.5:1 normal-text threshold and is now restricted to large-text/non-text-UI/decorative use only; a new `neutral-60` (5.59:1) was added and verified as the safe value for normal-sized secondary/tertiary text.",Broad descriptive summary,"Contrast-ratio table in [foundations/color.md §4](foundations/color.md#4-contrast-evidence-illustrative-not-a-theme-mapping), computed via a local dependency-free script (see the KBDL-003 validation evidence for the script and full output). Updated under KBDL-003-R1: `neutral-50` (3.25:1) was found to fail the 4.5:1 normal-text threshold and is now restricted to large-text/non-text-UI/decorative use only; a new `neutral-60` (5.59:1) was added and verified as the safe value for normal-sized secondary/tertiary text.",Non-overriding summary,No,PASS,None
KBDL-FND-011,Validation evidence,"Approved color, typography, spacing, and shape/elevation defaults (KBDL-FND-009 through KBDL-FND-012)","Contrast-ratio table in [foundations/color.md §4](foundations/color.md#4-contrast-evidence-illustrative-not-a-theme-mapping), computed via a local dependency-free script (see the KBDL-003 validation evidence for the script and full output). Updated under KBDL-003-R1: `neutral-50` (3.25:1) was found to fail the 4.5:1 normal-text threshold and is now restricted to large-text/non-text-UI/decorative use only; a new `neutral-60` (5.59:1) was added and verified as the safe value for normal-sized secondary/tertiary text.",Broad descriptive summary,"Contrast-ratio table in [foundations/color.md §4](foundations/color.md#4-contrast-evidence-illustrative-not-a-theme-mapping), computed via a local dependency-free script (see the KBDL-003 validation evidence for the script and full output). Updated under KBDL-003-R1: `neutral-50` (3.25:1) was found to fail the 4.5:1 normal-text threshold and is now restricted to large-text/non-text-UI/decorative use only; a new `neutral-60` (5.59:1) was added and verified as the safe value for normal-sized secondary/tertiary text.",Non-overriding summary,No,PASS,None
KBDL-FND-012,Validation evidence,"Approved color, typography, spacing, and shape/elevation defaults (KBDL-FND-009 through KBDL-FND-012)","Contrast-ratio table in [foundations/color.md §4](foundations/color.md#4-contrast-evidence-illustrative-not-a-theme-mapping), computed via a local dependency-free script (see the KBDL-003 validation evidence for the script and full output). Updated under KBDL-003-R1: `neutral-50` (3.25:1) was found to fail the 4.5:1 normal-text threshold and is now restricted to large-text/non-text-UI/decorative use only; a new `neutral-60` (5.59:1) was added and verified as the safe value for normal-sized secondary/tertiary text.",Broad descriptive summary,"Contrast-ratio table in [foundations/color.md §4](foundations/color.md#4-contrast-evidence-illustrative-not-a-theme-mapping), computed via a local dependency-free script (see the KBDL-003 validation evidence for the script and full output). Updated under KBDL-003-R1: `neutral-50` (3.25:1) was found to fail the 4.5:1 normal-text threshold and is now restricted to large-text/non-text-UI/decorative use only; a new `neutral-60` (5.59:1) was added and verified as the safe value for normal-sized secondary/tertiary text.",Non-overriding summary,No,PASS,None
KBDL-FND-009,Known limitation,"Approved color, typography, spacing, and shape/elevation defaults (KBDL-FND-009 through KBDL-FND-012)","Approval authorizes these defaults for implementation; it does not itself constitute rendering, brand-suitability, or licensing validation — those remain `Not verified` as noted above.",Broad descriptive summary,"Approval authorizes these defaults for implementation; it does not itself constitute rendering, brand-suitability, or licensing validation — those remain `Not verified` as noted above.",Non-overriding summary,No,PASS,None
KBDL-FND-010,Known limitation,"Approved color, typography, spacing, and shape/elevation defaults (KBDL-FND-009 through KBDL-FND-012)","Approval authorizes these defaults for implementation; it does not itself constitute rendering, brand-suitability, or licensing validation — those remain `Not verified` as noted above.",Broad descriptive summary,"Approval authorizes these defaults for implementation; it does not itself constitute rendering, brand-suitability, or licensing validation — those remain `Not verified` as noted above.",Non-overriding summary,No,PASS,None
KBDL-FND-011,Known limitation,"Approved color, typography, spacing, and shape/elevation defaults (KBDL-FND-009 through KBDL-FND-012)","Approval authorizes these defaults for implementation; it does not itself constitute rendering, brand-suitability, or licensing validation — those remain `Not verified` as noted above.",Broad descriptive summary,"Approval authorizes these defaults for implementation; it does not itself constitute rendering, brand-suitability, or licensing validation — those remain `Not verified` as noted above.",Non-overriding summary,No,PASS,None
KBDL-FND-012,Known limitation,"Approved color, typography, spacing, and shape/elevation defaults (KBDL-FND-009 through KBDL-FND-012)","Approval authorizes these defaults for implementation; it does not itself constitute rendering, brand-suitability, or licensing validation — those remain `Not verified` as noted above.",Broad descriptive summary,"Approval authorizes these defaults for implementation; it does not itself constitute rendering, brand-suitability, or licensing validation — those remain `Not verified` as noted above.",Non-overriding summary,No,PASS,None
KBDL-FND-009,Packet or tracking destination,"Approved color, typography, spacing, and shape/elevation defaults (KBDL-FND-009 through KBDL-FND-012)",MISSING,Missing,MISSING,Missing,No,PASS,None
KBDL-FND-010,Packet or tracking destination,"Approved color, typography, spacing, and shape/elevation defaults (KBDL-FND-009 through KBDL-FND-012)",MISSING,Missing,MISSING,Missing,No,PASS,None
KBDL-FND-011,Packet or tracking destination,"Approved color, typography, spacing, and shape/elevation defaults (KBDL-FND-009 through KBDL-FND-012)",MISSING,Missing,MISSING,Missing,No,PASS,None
KBDL-FND-012,Packet or tracking destination,"Approved color, typography, spacing, and shape/elevation defaults (KBDL-FND-009 through KBDL-FND-012)",MISSING,Missing,MISSING,Missing,No,PASS,None
KBDL-FND-009,Pending dependencies,"Approved color, typography, spacing, and shape/elevation defaults (KBDL-FND-009 through KBDL-FND-012)",MISSING,Missing,MISSING,Missing,No,PASS,None
KBDL-FND-010,Pending dependencies,"Approved color, typography, spacing, and shape/elevation defaults (KBDL-FND-009 through KBDL-FND-012)",MISSING,Missing,MISSING,Missing,No,PASS,None
KBDL-FND-011,Pending dependencies,"Approved color, typography, spacing, and shape/elevation defaults (KBDL-FND-009 through KBDL-FND-012)",MISSING,Missing,MISSING,Missing,No,PASS,None
KBDL-FND-012,Pending dependencies,"Approved color, typography, spacing, and shape/elevation defaults (KBDL-FND-009 through KBDL-FND-012)",MISSING,Missing,MISSING,Missing,No,PASS,None
KBDL-FND-009,Related decision,"Approved color, typography, spacing, and shape/elevation defaults (KBDL-FND-009 through KBDL-FND-012)",KBDL-DEC-012,Broad descriptive summary,KBDL-DEC-012,Non-overriding summary,No,PASS,None
KBDL-FND-010,Related decision,"Approved color, typography, spacing, and shape/elevation defaults (KBDL-FND-009 through KBDL-FND-012)",KBDL-DEC-012,Broad descriptive summary,KBDL-DEC-012,Non-overriding summary,No,PASS,None
KBDL-FND-011,Related decision,"Approved color, typography, spacing, and shape/elevation defaults (KBDL-FND-009 through KBDL-FND-012)",KBDL-DEC-012,Broad descriptive summary,KBDL-DEC-012,Non-overriding summary,No,PASS,None
KBDL-FND-012,Related decision,"Approved color, typography, spacing, and shape/elevation defaults (KBDL-FND-009 through KBDL-FND-012)",KBDL-DEC-012,Broad descriptive summary,KBDL-DEC-012,Non-overriding summary,No,PASS,None
KBDL-FND-009,Notes or exclusions,"Approved color, typography, spacing, and shape/elevation defaults (KBDL-FND-009 through KBDL-FND-012)",This row's approval status changed from `Recommended` to `Approved` following the project owner's decision recorded in KBDL-DEC-012. See KBDL-003-R1 for the accessibility and lifecycle corrections applied to this row's underlying content before approval.,Broad descriptive summary,This row's approval status changed from `Recommended` to `Approved` following the project owner's decision recorded in KBDL-DEC-012. See KBDL-003-R1 for the accessibility and lifecycle corrections applied to this row's underlying content before approval.,Non-overriding summary,No,PASS,None
KBDL-FND-010,Notes or exclusions,"Approved color, typography, spacing, and shape/elevation defaults (KBDL-FND-009 through KBDL-FND-012)",This row's approval status changed from `Recommended` to `Approved` following the project owner's decision recorded in KBDL-DEC-012. See KBDL-003-R1 for the accessibility and lifecycle corrections applied to this row's underlying content before approval.,Broad descriptive summary,This row's approval status changed from `Recommended` to `Approved` following the project owner's decision recorded in KBDL-DEC-012. See KBDL-003-R1 for the accessibility and lifecycle corrections applied to this row's underlying content before approval.,Non-overriding summary,No,PASS,None
KBDL-FND-011,Notes or exclusions,"Approved color, typography, spacing, and shape/elevation defaults (KBDL-FND-009 through KBDL-FND-012)",This row's approval status changed from `Recommended` to `Approved` following the project owner's decision recorded in KBDL-DEC-012. See KBDL-003-R1 for the accessibility and lifecycle corrections applied to this row's underlying content before approval.,Broad descriptive summary,This row's approval status changed from `Recommended` to `Approved` following the project owner's decision recorded in KBDL-DEC-012. See KBDL-003-R1 for the accessibility and lifecycle corrections applied to this row's underlying content before approval.,Non-overriding summary,No,PASS,None
KBDL-FND-012,Notes or exclusions,"Approved color, typography, spacing, and shape/elevation defaults (KBDL-FND-009 through KBDL-FND-012)",This row's approval status changed from `Recommended` to `Approved` following the project owner's decision recorded in KBDL-DEC-012. See KBDL-003-R1 for the accessibility and lifecycle corrections applied to this row's underlying content before approval.,Broad descriptive summary,This row's approval status changed from `Recommended` to `Approved` following the project owner's decision recorded in KBDL-DEC-012. See KBDL-003-R1 for the accessibility and lifecycle corrections applied to this row's underlying content before approval.,Non-overriding summary,No,PASS,None
KBDL-THM-001,Blueprint section,"Theme architecture, terminology, and semantic-role inventory (KBDL-THM-001)",Theme architecture and semantic-role inventory,Uniform default,Theme architecture and semantic-role inventory,Uniform default,Yes,PASS,None
KBDL-THM-001,Roadmap prompt,"Theme architecture, terminology, and semantic-role inventory (KBDL-THM-001)",KBDL-004,Uniform default,KBDL-004,Uniform default,Yes,PASS,None
KBDL-THM-001,Specification location,"Theme architecture, terminology, and semantic-role inventory (KBDL-THM-001)",[themes/semantic-roles.md §1](themes/semantic-roles.md#1-semantic-role-inventory),Broad descriptive summary,[themes/semantic-roles.md §1](themes/semantic-roles.md#1-semantic-role-inventory),Non-overriding summary,No,PASS,None
KBDL-THM-001,Lifecycle status,"Theme architecture, terminology, and semantic-role inventory (KBDL-THM-001)",MISSING,Missing,MISSING,Missing,No,PASS,None
KBDL-THM-001,Provenance,"Theme architecture, terminology, and semantic-role inventory (KBDL-THM-001)",MISSING,Missing,MISSING,Missing,No,PASS,None
KBDL-THM-001,Validation classification,"Theme architecture, terminology, and semantic-role inventory (KBDL-THM-001)",Not verified,Uniform status default,Not verified,Uniform default,Yes,PASS,None
KBDL-THM-001,Authority,"Theme architecture, terminology, and semantic-role inventory (KBDL-THM-001)",MISSING,Missing,MISSING,Missing,No,PASS,None
KBDL-THM-001,Validation method,"Theme architecture, terminology, and semantic-role inventory (KBDL-THM-001)",Manual review of role usage against the inventory at each later module's approval gate.,Broad descriptive summary,Manual review of role usage against the inventory at each later module's approval gate.,Non-overriding summary,No,PASS,None
KBDL-THM-001,Validation evidence,"Theme architecture, terminology, and semantic-role inventory (KBDL-THM-001)",Not verified — no component module exists yet to check role usage against.,Broad descriptive summary,Not verified — no component module exists yet to check role usage against.,Non-overriding summary,No,PASS,None
KBDL-THM-001,Known limitation,"Theme architecture, terminology, and semantic-role inventory (KBDL-THM-001)",Cannot be fully validated until component modules (`CMP`) exist.,Broad descriptive summary,Cannot be fully validated until component modules (`CMP`) exist.,Non-overriding summary,No,PASS,None
KBDL-THM-001,Packet or tracking destination,"Theme architecture, terminology, and semantic-role inventory (KBDL-THM-001)",MISSING,Missing,MISSING,Missing,No,PASS,None
KBDL-THM-001,Pending dependencies,"Theme architecture, terminology, and semantic-role inventory (KBDL-THM-001)",MISSING,Missing,MISSING,Missing,No,PASS,None
KBDL-THM-001,Related decision,"Theme architecture, terminology, and semantic-role inventory (KBDL-THM-001)",Not applicable,Broad descriptive summary,Not applicable,Non-overriding summary,No,PASS,None
KBDL-THM-001,Notes or exclusions,"Theme architecture, terminology, and semantic-role inventory (KBDL-THM-001)",Restates the color-role architecture from `KBDL-FND-001`/`002` at theme-level specificity; 72 distinct semantic roles across 6 categories.,Broad descriptive summary,Restates the color-role architecture from `KBDL-FND-001`/`002` at theme-level specificity; 72 distinct semantic roles across 6 categories.,Non-overriding summary,No,PASS,None
KBDL-THM-002,Blueprint section,Semantic parity (KBDL-THM-002),Light/dark theme parity,Uniform default,Light/dark theme parity,Uniform default,Yes,PASS,None
KBDL-THM-002,Roadmap prompt,Semantic parity (KBDL-THM-002),KBDL-004,Uniform default,KBDL-004,Uniform default,Yes,PASS,None
KBDL-THM-002,Specification location,Semantic parity (KBDL-THM-002),[themes/semantic-roles.md §2](themes/semantic-roles.md#2-semantic-parity),Broad descriptive summary,[themes/semantic-roles.md §2](themes/semantic-roles.md#2-semantic-parity),Non-overriding summary,No,PASS,None
KBDL-THM-002,Lifecycle status,Semantic parity (KBDL-THM-002),MISSING,Missing,MISSING,Missing,No,PASS,None
KBDL-THM-002,Provenance,Semantic parity (KBDL-THM-002),MISSING,Missing,MISSING,Missing,No,PASS,None
KBDL-THM-002,Validation classification,Semantic parity (KBDL-THM-002),Verified,Uniform status default,Verified,Uniform default,Yes,PASS,None
KBDL-THM-002,Authority,Semantic parity (KBDL-THM-002),MISSING,Missing,MISSING,Missing,No,PASS,None
KBDL-THM-002,Validation method,Semantic parity (KBDL-THM-002),"Direct count of every role in the inventory against the actual light and dark mapping tables (re-run under KBDL-004-R1 and again under KBDL-004-R3, not a re-assertion of the prior report each time).",Broad descriptive summary,"Direct count of every role in the inventory against the actual light and dark mapping tables (re-run under KBDL-004-R1 and again under KBDL-004-R3, not a re-assertion of the prior report each time).",Non-overriding summary,No,PASS,None
KBDL-THM-002,Validation evidence,Semantic parity (KBDL-THM-002),"Parity matrix in [themes/semantic-roles.md § Parity Matrix](themes/semantic-roles.md#parity-matrix-corrected-under-kbdl-004-r1) — 72 unique roles, 72 light mappings, 72 dark mappings, **1** role-level alias (corrected under KBDL-004-R3, previously miscounted as 2), 0 unresolved; recorded in the KBDL-004-R3 commit. The KBDL-004-R1 re-run found and fixed a real table-formatting defect (an inserted paragraph had broken the Status Families table in `light-theme.md §5`, orphaning its ""Neutral status"" row).",Broad descriptive summary,"Parity matrix in [themes/semantic-roles.md § Parity Matrix](themes/semantic-roles.md#parity-matrix-corrected-under-kbdl-004-r1) — 72 unique roles, 72 light mappings, 72 dark mappings, **1** role-level alias (corrected under KBDL-004-R3, previously miscounted as 2), 0 unresolved; recorded in the KBDL-004-R3 commit. The KBDL-004-R1 re-run found and fixed a real table-formatting defect (an inserted paragraph had broken the Status Families table in `light-theme.md §5`, orphaning its ""Neutral status"" row).",Non-overriding summary,No,PASS,None
KBDL-THM-002,Known limitation,Semantic parity (KBDL-THM-002),None identified.,Broad descriptive summary,None identified.,Non-overriding summary,No,PASS,None
KBDL-THM-002,Packet or tracking destination,Semantic parity (KBDL-THM-002),MISSING,Missing,MISSING,Missing,No,PASS,None
KBDL-THM-002,Pending dependencies,Semantic parity (KBDL-THM-002),MISSING,Missing,MISSING,Missing,No,PASS,None
KBDL-THM-002,Related decision,Semantic parity (KBDL-THM-002),Not applicable,Broad descriptive summary,Not applicable,Non-overriding summary,No,PASS,None
KBDL-THM-002,Notes or exclusions,Semantic parity (KBDL-THM-002),"The category-label wording error (""×5 sub-roles ×5 families"") in the original parity matrix — which contradicted its own correct 4×6=24 total — is corrected under KBDL-004-R1; the total of 72 was independently re-verified, not merely preserved. Under KBDL-004-R2, the alias *definition* was reconciled to one model across all documents: an alias is a role with no separate definition of its own; a role whose *value* merely reuses (or, for Keyboard focus, is required to equal) another role's color is not an alias. However, the KBDL-004-R2 pass still classified **Keyboard focus** as an alias while simultaneously counting it among the Actions category's 10 distinct roles — an internal contradiction, since an aliased role contributes 0 to a distinct-role count, not 1. **KBDL-004-R3 resolves this**: Keyboard focus is now consistently classified as a distinct role (value/behavior equivalence with Focus indicator, not aliasing), leaving **Neutral status as the only true alias**. The unique-role, light-mapping, and dark-mapping totals are unchanged (72/72/72); only the alias total changes, from the previously irreproducible ""2"" to the correct **1**.",Broad descriptive summary,"The category-label wording error (""×5 sub-roles ×5 families"") in the original parity matrix — which contradicted its own correct 4×6=24 total — is corrected under KBDL-004-R1; the total of 72 was independently re-verified, not merely preserved. Under KBDL-004-R2, the alias *definition* was reconciled to one model across all documents: an alias is a role with no separate definition of its own; a role whose *value* merely reuses (or, for Keyboard focus, is required to equal) another role's color is not an alias. However, the KBDL-004-R2 pass still classified **Keyboard focus** as an alias while simultaneously counting it among the Actions category's 10 distinct roles — an internal contradiction, since an aliased role contributes 0 to a distinct-role count, not 1. **KBDL-004-R3 resolves this**: Keyboard focus is now consistently classified as a distinct role (value/behavior equivalence with Focus indicator, not aliasing), leaving **Neutral status as the only true alias**. The unique-role, light-mapping, and dark-mapping totals are unchanged (72/72/72); only the alias total changes, from the previously irreproducible ""2"" to the correct **1**.",Non-overriding summary,No,PASS,None
KBDL-THM-003,Blueprint section,"Theme selection precedence — approved core (KBDL-THM-003, narrowed under KBDL-004-R1)",Theme-selection precedence — explicit-choice-over-system-preference core,Uniform default,Theme-selection precedence — explicit-choice-over-system-preference core,Uniform default,Yes,PASS,None
KBDL-THM-003,Roadmap prompt,"Theme selection precedence — approved core (KBDL-THM-003, narrowed under KBDL-004-R1)",KBDL-004 (narrowed KBDL-004-R1),Uniform default,KBDL-004 (narrowed KBDL-004-R1),Uniform default,Yes,PASS,None
KBDL-THM-003,Specification location,"Theme selection precedence — approved core (KBDL-THM-003, narrowed under KBDL-004-R1)",[themes/README.md §5](themes/README.md#5-theme-selection-precedence),Broad descriptive summary,[themes/README.md §5](themes/README.md#5-theme-selection-precedence),Non-overriding summary,No,PASS,None
KBDL-THM-003,Lifecycle status,"Theme selection precedence — approved core (KBDL-THM-003, narrowed under KBDL-004-R1)",MISSING,Missing,MISSING,Missing,No,PASS,None
KBDL-THM-003,Provenance,"Theme selection precedence — approved core (KBDL-THM-003, narrowed under KBDL-004-R1)",MISSING,Missing,MISSING,Missing,No,PASS,None
KBDL-THM-003,Validation classification,"Theme selection precedence — approved core (KBDL-THM-003, narrowed under KBDL-004-R1)",Not verified,Uniform status default,Not verified,Uniform default,Yes,PASS,None
KBDL-THM-003,Authority,"Theme selection precedence — approved core (KBDL-THM-003, narrowed under KBDL-004-R1)",MISSING,Missing,MISSING,Missing,No,PASS,None
KBDL-THM-003,Validation method,"Theme selection precedence — approved core (KBDL-THM-003, narrowed under KBDL-004-R1)",Manual review of precedence logic once implemented.,Broad descriptive summary,Manual review of precedence logic once implemented.,Non-overriding summary,No,PASS,None
KBDL-THM-003,Validation evidence,"Theme selection precedence — approved core (KBDL-THM-003, narrowed under KBDL-004-R1)",Not verified — no implementation exists yet.,Broad descriptive summary,Not verified — no implementation exists yet.,Non-overriding summary,No,PASS,None
KBDL-THM-003,Known limitation,"Theme selection precedence — approved core (KBDL-THM-003, narrowed under KBDL-004-R1)",Cannot be validated until an implementation exists.,Broad descriptive summary,Cannot be validated until an implementation exists.,Non-overriding summary,No,PASS,None
KBDL-THM-003,Packet or tracking destination,"Theme selection precedence — approved core (KBDL-THM-003, narrowed under KBDL-004-R1)",MISSING,Missing,MISSING,Missing,No,PASS,None
KBDL-THM-003,Pending dependencies,"Theme selection precedence — approved core (KBDL-THM-003, narrowed under KBDL-004-R1)",MISSING,Missing,MISSING,Missing,No,PASS,None
KBDL-THM-003,Related decision,"Theme selection precedence — approved core (KBDL-THM-003, narrowed under KBDL-004-R1)",Not applicable,Broad descriptive summary,Not applicable,Non-overriding summary,No,PASS,None
KBDL-THM-003,Notes or exclusions,"Theme selection precedence — approved core (KBDL-THM-003, narrowed under KBDL-004-R1)","Narrowed under KBDL-004-R1; the full six-level ordering was found to exceed what any prior decision explicitly supports and moved to `KBDL-THM-013` (Recommended, see below).",Broad descriptive summary,"Narrowed under KBDL-004-R1; the full six-level ordering was found to exceed what any prior decision explicitly supports and moved to `KBDL-THM-013` (Recommended, see below).",Non-overriding summary,No,PASS,None
KBDL-THM-013,Blueprint section,"Detailed selection-precedence ordering (KBDL-THM-013, new under KBDL-004-R1)",Full six-level theme-selection precedence ordering,Uniform default,Full six-level theme-selection precedence ordering,Uniform default,Yes,PASS,None
KBDL-THM-013,Roadmap prompt,"Detailed selection-precedence ordering (KBDL-THM-013, new under KBDL-004-R1)",KBDL-004-R1,Uniform default,KBDL-004-R1,Uniform default,Yes,PASS,None
KBDL-THM-013,Specification location,"Detailed selection-precedence ordering (KBDL-THM-013, new under KBDL-004-R1)",[themes/README.md §5](themes/README.md#5-theme-selection-precedence),Broad descriptive summary,[themes/README.md §5](themes/README.md#5-theme-selection-precedence),Non-overriding summary,No,PASS,None
KBDL-THM-013,Lifecycle status,"Detailed selection-precedence ordering (KBDL-THM-013, new under KBDL-004-R1)",MISSING,Missing,MISSING,Missing,No,PASS,None
KBDL-THM-013,Provenance,"Detailed selection-precedence ordering (KBDL-THM-013, new under KBDL-004-R1)",MISSING,Missing,MISSING,Missing,No,PASS,None
KBDL-THM-013,Validation classification,"Detailed selection-precedence ordering (KBDL-THM-013, new under KBDL-004-R1)",Not verified,Uniform status default,Not verified,Uniform default,Yes,PASS,None
KBDL-THM-013,Authority,"Detailed selection-precedence ordering (KBDL-THM-013, new under KBDL-004-R1)",MISSING,Missing,MISSING,Missing,No,PASS,None
KBDL-THM-013,Validation method,"Detailed selection-precedence ordering (KBDL-THM-013, new under KBDL-004-R1)","Manual review of the full precedence flow once implemented; project-owner review (performed for approval scope, not for implementation).",Broad descriptive summary,"Manual review of the full precedence flow once implemented; project-owner review (performed for approval scope, not for implementation).",Non-overriding summary,No,PASS,None
KBDL-THM-013,Validation evidence,"Detailed selection-precedence ordering (KBDL-THM-013, new under KBDL-004-R1)","Not verified — approval is a lifecycle decision, not validation evidence.",Broad descriptive summary,"Not verified — approval is a lifecycle decision, not validation evidence.",Non-overriding summary,No,PASS,None
KBDL-THM-013,Known limitation,"Detailed selection-precedence ordering (KBDL-THM-013, new under KBDL-004-R1)",Cannot be validated until an implementation exists.,Broad descriptive summary,Cannot be validated until an implementation exists.,Non-overriding summary,No,PASS,None
KBDL-THM-013,Packet or tracking destination,"Detailed selection-precedence ordering (KBDL-THM-013, new under KBDL-004-R1)",MISSING,Missing,MISSING,Missing,No,PASS,None
KBDL-THM-013,Pending dependencies,"Detailed selection-precedence ordering (KBDL-THM-013, new under KBDL-004-R1)",MISSING,Missing,MISSING,Missing,No,PASS,None
KBDL-THM-013,Related decision,"Detailed selection-precedence ordering (KBDL-THM-013, new under KBDL-004-R1)",KBDL-DEC-013,Broad descriptive summary,KBDL-DEC-013,Non-overriding summary,No,PASS,None
KBDL-THM-013,Notes or exclusions,"Detailed selection-precedence ordering (KBDL-THM-013, new under KBDL-004-R1)",Split out of the original `KBDL-THM-003` during KBDL-004-R1 because only two of the six levels are directly pre-approved; the full six-level ordering was approved under KBDL-004-A1.,Broad descriptive summary,Split out of the original `KBDL-THM-003` during KBDL-004-R1 because only two of the six levels are directly pre-approved; the full six-level ordering was approved under KBDL-004-A1.,Non-overriding summary,No,PASS,None
KBDL-THM-004,Blueprint section,"Persistence baseline (KBDL-THM-004, reclassified under KBDL-004-R1)",Theme preference persistence baseline,Uniform default,Theme preference persistence baseline,Uniform default,Yes,PASS,None
KBDL-THM-004,Roadmap prompt,"Persistence baseline (KBDL-THM-004, reclassified under KBDL-004-R1)",KBDL-004 (reclassified KBDL-004-R1),Uniform default,KBDL-004 (reclassified KBDL-004-R1),Uniform default,Yes,PASS,None
KBDL-THM-004,Specification location,"Persistence baseline (KBDL-THM-004, reclassified under KBDL-004-R1)",[themes/README.md §7](themes/README.md#7-persistence-guidance),Broad descriptive summary,[themes/README.md §7](themes/README.md#7-persistence-guidance),Non-overriding summary,No,PASS,None
KBDL-THM-004,Lifecycle status,"Persistence baseline (KBDL-THM-004, reclassified under KBDL-004-R1)",MISSING,Missing,MISSING,Missing,No,PASS,None
KBDL-THM-004,Provenance,"Persistence baseline (KBDL-THM-004, reclassified under KBDL-004-R1)",MISSING,Missing,MISSING,Missing,No,PASS,None
KBDL-THM-004,Validation classification,"Persistence baseline (KBDL-THM-004, reclassified under KBDL-004-R1)",Not verified,Uniform status default,Not verified,Uniform default,Yes,PASS,None
KBDL-THM-004,Authority,"Persistence baseline (KBDL-THM-004, reclassified under KBDL-004-R1)",MISSING,Missing,MISSING,Missing,No,PASS,None
KBDL-THM-004,Validation method,"Persistence baseline (KBDL-THM-004, reclassified under KBDL-004-R1)",Manual review of persistence design once implemented; project-owner review (performed for approval scope).,Broad descriptive summary,Manual review of persistence design once implemented; project-owner review (performed for approval scope).,Non-overriding summary,No,PASS,None
KBDL-THM-004,Validation evidence,"Persistence baseline (KBDL-THM-004, reclassified under KBDL-004-R1)","Not verified — no implementation exists yet; approval is a lifecycle decision, not validation evidence.",Broad descriptive summary,"Not verified — no implementation exists yet; approval is a lifecycle decision, not validation evidence.",Non-overriding summary,No,PASS,None
KBDL-THM-004,Known limitation,"Persistence baseline (KBDL-THM-004, reclassified under KBDL-004-R1)",Cannot be validated until an implementation exists.,Broad descriptive summary,Cannot be validated until an implementation exists.,Non-overriding summary,No,PASS,None
KBDL-THM-004,Packet or tracking destination,"Persistence baseline (KBDL-THM-004, reclassified under KBDL-004-R1)",MISSING,Missing,MISSING,Missing,No,PASS,None
KBDL-THM-004,Pending dependencies,"Persistence baseline (KBDL-THM-004, reclassified under KBDL-004-R1)",MISSING,Missing,MISSING,Missing,No,PASS,None
KBDL-THM-004,Related decision,"Persistence baseline (KBDL-THM-004, reclassified under KBDL-004-R1)",KBDL-DEC-013,Broad descriptive summary,KBDL-DEC-013,Non-overriding summary,No,PASS,None
KBDL-THM-004,Notes or exclusions,"Persistence baseline (KBDL-THM-004, reclassified under KBDL-004-R1)","Previously mislabeled `Approved`, then corrected to `Recommended` under KBDL-004-R1; approved for real under KBDL-004-A1.",Broad descriptive summary,"Previously mislabeled `Approved`, then corrected to `Recommended` under KBDL-004-R1; approved for real under KBDL-004-A1.",Non-overriding summary,No,PASS,None
KBDL-THM-005,Blueprint section,"Accessibility-preserving override core (KBDL-THM-005, narrowed) and profile sharing (KBDL-THM-006)",Accessibility cannot be weakened by a project theme override; shared theme architecture across profiles,Uniform default,Accessibility cannot be weakened by a project theme override; shared theme architecture across profiles,Uniform default,Yes,PASS,None
KBDL-THM-006,Blueprint section,"Accessibility-preserving override core (KBDL-THM-005, narrowed) and profile sharing (KBDL-THM-006)",Accessibility cannot be weakened by a project theme override; shared theme architecture across profiles,Uniform default,Accessibility cannot be weakened by a project theme override; shared theme architecture across profiles,Uniform default,Yes,PASS,None
KBDL-THM-005,Roadmap prompt,"Accessibility-preserving override core (KBDL-THM-005, narrowed) and profile sharing (KBDL-THM-006)",KBDL-004 (narrowed KBDL-004-R1),Uniform default,KBDL-004 (narrowed KBDL-004-R1),Uniform default,Yes,PASS,None
KBDL-THM-006,Roadmap prompt,"Accessibility-preserving override core (KBDL-THM-005, narrowed) and profile sharing (KBDL-THM-006)",KBDL-004 (narrowed KBDL-004-R1),Uniform default,KBDL-004 (narrowed KBDL-004-R1),Uniform default,Yes,PASS,None
KBDL-THM-005,Specification location,"Accessibility-preserving override core (KBDL-THM-005, narrowed) and profile sharing (KBDL-THM-006)","[themes/adaptation.md §1.2](themes/adaptation.md#12-projects-must-not), [themes/README.md §8](themes/README.md#8-project-profile-theme-interpretation)",Broad descriptive summary,"[themes/adaptation.md §1.2](themes/adaptation.md#12-projects-must-not), [themes/README.md §8](themes/README.md#8-project-profile-theme-interpretation)",Non-overriding summary,No,PASS,None
KBDL-THM-006,Specification location,"Accessibility-preserving override core (KBDL-THM-005, narrowed) and profile sharing (KBDL-THM-006)","[themes/adaptation.md §1.2](themes/adaptation.md#12-projects-must-not), [themes/README.md §8](themes/README.md#8-project-profile-theme-interpretation)",Broad descriptive summary,"[themes/adaptation.md §1.2](themes/adaptation.md#12-projects-must-not), [themes/README.md §8](themes/README.md#8-project-profile-theme-interpretation)",Non-overriding summary,No,PASS,None
KBDL-THM-005,Lifecycle status,"Accessibility-preserving override core (KBDL-THM-005, narrowed) and profile sharing (KBDL-THM-006)",MISSING,Missing,MISSING,Missing,No,PASS,None
KBDL-THM-006,Lifecycle status,"Accessibility-preserving override core (KBDL-THM-005, narrowed) and profile sharing (KBDL-THM-006)",MISSING,Missing,MISSING,Missing,No,PASS,None
KBDL-THM-005,Provenance,"Accessibility-preserving override core (KBDL-THM-005, narrowed) and profile sharing (KBDL-THM-006)",MISSING,Missing,MISSING,Missing,No,PASS,None
KBDL-THM-006,Provenance,"Accessibility-preserving override core (KBDL-THM-005, narrowed) and profile sharing (KBDL-THM-006)",MISSING,Missing,MISSING,Missing,No,PASS,None
KBDL-THM-005,Validation classification,"Accessibility-preserving override core (KBDL-THM-005, narrowed) and profile sharing (KBDL-THM-006)",Not verified,Uniform status default,Not verified,Uniform default,Yes,PASS,None
KBDL-THM-006,Validation classification,"Accessibility-preserving override core (KBDL-THM-005, narrowed) and profile sharing (KBDL-THM-006)",Not verified,Uniform status default,Not verified,Uniform default,Yes,PASS,None
KBDL-THM-005,Authority,"Accessibility-preserving override core (KBDL-THM-005, narrowed) and profile sharing (KBDL-THM-006)",MISSING,Missing,MISSING,Missing,No,PASS,None
KBDL-THM-006,Authority,"Accessibility-preserving override core (KBDL-THM-005, narrowed) and profile sharing (KBDL-THM-006)",MISSING,Missing,MISSING,Missing,No,PASS,None
KBDL-THM-005,Validation method,"Accessibility-preserving override core (KBDL-THM-005, narrowed) and profile sharing (KBDL-THM-006)",Manual review of any project theme against the documented boundaries; manual cross-profile review once the project-profiles module is approved.,Broad descriptive summary,Manual review of any project theme against the documented boundaries; manual cross-profile review once the project-profiles module is approved.,Non-overriding summary,No,PASS,None
KBDL-THM-006,Validation method,"Accessibility-preserving override core (KBDL-THM-005, narrowed) and profile sharing (KBDL-THM-006)",Manual review of any project theme against the documented boundaries; manual cross-profile review once the project-profiles module is approved.,Broad descriptive summary,Manual review of any project theme against the documented boundaries; manual cross-profile review once the project-profiles module is approved.,Non-overriding summary,No,PASS,None
KBDL-THM-005,Validation evidence,"Accessibility-preserving override core (KBDL-THM-005, narrowed) and profile sharing (KBDL-THM-006)",Not verified — no project theme or `PRO` module exists yet.,Broad descriptive summary,Not verified — no project theme or `PRO` module exists yet.,Non-overriding summary,No,PASS,None
KBDL-THM-006,Validation evidence,"Accessibility-preserving override core (KBDL-THM-005, narrowed) and profile sharing (KBDL-THM-006)",Not verified — no project theme or `PRO` module exists yet.,Broad descriptive summary,Not verified — no project theme or `PRO` module exists yet.,Non-overriding summary,No,PASS,None
KBDL-THM-005,Known limitation,"Accessibility-preserving override core (KBDL-THM-005, narrowed) and profile sharing (KBDL-THM-006)",Cannot be fully validated until `PRO` requirements exist.,Broad descriptive summary,Cannot be fully validated until `PRO` requirements exist.,Non-overriding summary,No,PASS,None
KBDL-THM-006,Known limitation,"Accessibility-preserving override core (KBDL-THM-005, narrowed) and profile sharing (KBDL-THM-006)",Cannot be fully validated until `PRO` requirements exist.,Broad descriptive summary,Cannot be fully validated until `PRO` requirements exist.,Non-overriding summary,No,PASS,None
KBDL-THM-005,Packet or tracking destination,"Accessibility-preserving override core (KBDL-THM-005, narrowed) and profile sharing (KBDL-THM-006)",MISSING,Missing,MISSING,Missing,No,PASS,None
KBDL-THM-006,Packet or tracking destination,"Accessibility-preserving override core (KBDL-THM-005, narrowed) and profile sharing (KBDL-THM-006)",MISSING,Missing,MISSING,Missing,No,PASS,None
KBDL-THM-005,Pending dependencies,"Accessibility-preserving override core (KBDL-THM-005, narrowed) and profile sharing (KBDL-THM-006)",MISSING,Missing,MISSING,Missing,No,PASS,None
KBDL-THM-006,Pending dependencies,"Accessibility-preserving override core (KBDL-THM-005, narrowed) and profile sharing (KBDL-THM-006)",MISSING,Missing,MISSING,Missing,No,PASS,None
KBDL-THM-005,Related decision,"Accessibility-preserving override core (KBDL-THM-005, narrowed) and profile sharing (KBDL-THM-006)",KBDL-DEC-006,Broad descriptive summary,KBDL-DEC-006,Non-overriding summary,No,PASS,None
KBDL-THM-006,Related decision,"Accessibility-preserving override core (KBDL-THM-005, narrowed) and profile sharing (KBDL-THM-006)",KBDL-DEC-006,Broad descriptive summary,KBDL-DEC-006,Non-overriding summary,No,PASS,None
KBDL-THM-005,Notes or exclusions,"Accessibility-preserving override core (KBDL-THM-005, narrowed) and profile sharing (KBDL-THM-006)","`KBDL-THM-005`'s detailed permitted-override list moved to `KBDL-THM-014` (Recommended, see below); `KBDL-THM-006` restates `KBDL-FND-008` at theme-level specificity, unchanged.",Broad descriptive summary,"`KBDL-THM-005`'s detailed permitted-override list moved to `KBDL-THM-014` (Recommended, see below); `KBDL-THM-006` restates `KBDL-FND-008` at theme-level specificity, unchanged.",Non-overriding summary,No,PASS,None
KBDL-THM-006,Notes or exclusions,"Accessibility-preserving override core (KBDL-THM-005, narrowed) and profile sharing (KBDL-THM-006)","`KBDL-THM-005`'s detailed permitted-override list moved to `KBDL-THM-014` (Recommended, see below); `KBDL-THM-006` restates `KBDL-FND-008` at theme-level specificity, unchanged.",Broad descriptive summary,"`KBDL-THM-005`'s detailed permitted-override list moved to `KBDL-THM-014` (Recommended, see below); `KBDL-THM-006` restates `KBDL-FND-008` at theme-level specificity, unchanged.",Non-overriding summary,No,PASS,None
KBDL-THM-014,Blueprint section,"Detailed project-override list (KBDL-THM-014, new under KBDL-004-R1)",Detailed permitted project-override list and documentation requirement,Uniform default,Detailed permitted project-override list and documentation requirement,Uniform default,Yes,PASS,None
KBDL-THM-014,Roadmap prompt,"Detailed project-override list (KBDL-THM-014, new under KBDL-004-R1)",KBDL-004-R1,Uniform default,KBDL-004-R1,Uniform default,Yes,PASS,None
KBDL-THM-014,Specification location,"Detailed project-override list (KBDL-THM-014, new under KBDL-004-R1)","[themes/adaptation.md §1.1, §1.3](themes/adaptation.md#1-project-controlled-adaptation)",Broad descriptive summary,"[themes/adaptation.md §1.1, §1.3](themes/adaptation.md#1-project-controlled-adaptation)",Non-overriding summary,No,PASS,None
KBDL-THM-014,Lifecycle status,"Detailed project-override list (KBDL-THM-014, new under KBDL-004-R1)",MISSING,Missing,MISSING,Missing,No,PASS,None
KBDL-THM-014,Provenance,"Detailed project-override list (KBDL-THM-014, new under KBDL-004-R1)",MISSING,Missing,MISSING,Missing,No,PASS,None
KBDL-THM-014,Validation classification,"Detailed project-override list (KBDL-THM-014, new under KBDL-004-R1)",Not verified,Uniform status default,Not verified,Uniform default,Yes,PASS,None
KBDL-THM-014,Authority,"Detailed project-override list (KBDL-THM-014, new under KBDL-004-R1)",MISSING,Missing,MISSING,Missing,No,PASS,None
KBDL-THM-014,Validation method,"Detailed project-override list (KBDL-THM-014, new under KBDL-004-R1)",Manual review of the override list once a project theme exists; project-owner review (performed for approval scope).,Broad descriptive summary,Manual review of the override list once a project theme exists; project-owner review (performed for approval scope).,Non-overriding summary,No,PASS,None
KBDL-THM-014,Validation evidence,"Detailed project-override list (KBDL-THM-014, new under KBDL-004-R1)","Not verified — approval is a lifecycle decision, not validation evidence.",Broad descriptive summary,"Not verified — approval is a lifecycle decision, not validation evidence.",Non-overriding summary,No,PASS,None
KBDL-THM-014,Known limitation,"Detailed project-override list (KBDL-THM-014, new under KBDL-004-R1)",Cannot be validated until a project theme exists.,Broad descriptive summary,Cannot be validated until a project theme exists.,Non-overriding summary,No,PASS,None
KBDL-THM-014,Packet or tracking destination,"Detailed project-override list (KBDL-THM-014, new under KBDL-004-R1)",MISSING,Missing,MISSING,Missing,No,PASS,None
KBDL-THM-014,Pending dependencies,"Detailed project-override list (KBDL-THM-014, new under KBDL-004-R1)",MISSING,Missing,MISSING,Missing,No,PASS,None
KBDL-THM-014,Related decision,"Detailed project-override list (KBDL-THM-014, new under KBDL-004-R1)",KBDL-DEC-013,Broad descriptive summary,KBDL-DEC-013,Non-overriding summary,No,PASS,None
KBDL-THM-014,Notes or exclusions,"Detailed project-override list (KBDL-THM-014, new under KBDL-004-R1)",Split out of the original `KBDL-THM-005` during KBDL-004-R1; approved under KBDL-004-A1.,Broad descriptive summary,Split out of the original `KBDL-THM-005` during KBDL-004-R1; approved under KBDL-004-A1.,Non-overriding summary,No,PASS,None
KBDL-THM-015,Blueprint section,"Local contrast contexts (KBDL-THM-015, new under KBDL-004-R1)",Named local-contrast-context set and nesting rules,Uniform default,Named local-contrast-context set and nesting rules,Uniform default,Yes,PASS,None
KBDL-THM-015,Roadmap prompt,"Local contrast contexts (KBDL-THM-015, new under KBDL-004-R1)",KBDL-004-R1,Uniform default,KBDL-004-R1,Uniform default,Yes,PASS,None
KBDL-THM-015,Specification location,"Local contrast contexts (KBDL-THM-015, new under KBDL-004-R1)",[themes/adaptation.md §2](themes/adaptation.md#2-local-contrast-contexts),Broad descriptive summary,[themes/adaptation.md §2](themes/adaptation.md#2-local-contrast-contexts),Non-overriding summary,No,PASS,None
KBDL-THM-015,Lifecycle status,"Local contrast contexts (KBDL-THM-015, new under KBDL-004-R1)",MISSING,Missing,MISSING,Missing,No,PASS,None
KBDL-THM-015,Provenance,"Local contrast contexts (KBDL-THM-015, new under KBDL-004-R1)",MISSING,Missing,MISSING,Missing,No,PASS,None
KBDL-THM-015,Validation classification,"Local contrast contexts (KBDL-THM-015, new under KBDL-004-R1)",Not verified,Uniform status default,Not verified,Uniform default,Yes,PASS,None
KBDL-THM-015,Authority,"Local contrast contexts (KBDL-THM-015, new under KBDL-004-R1)",MISSING,Missing,MISSING,Missing,No,PASS,None
KBDL-THM-015,Validation method,"Local contrast contexts (KBDL-THM-015, new under KBDL-004-R1)",Manual review of context usage against the defined set and rules once implemented; project-owner review (performed for approval scope).,Broad descriptive summary,Manual review of context usage against the defined set and rules once implemented; project-owner review (performed for approval scope).,Non-overriding summary,No,PASS,None
KBDL-THM-015,Validation evidence,"Local contrast contexts (KBDL-THM-015, new under KBDL-004-R1)","Not verified — approval is a lifecycle decision, not validation evidence.",Broad descriptive summary,"Not verified — approval is a lifecycle decision, not validation evidence.",Non-overriding summary,No,PASS,None
KBDL-THM-015,Known limitation,"Local contrast contexts (KBDL-THM-015, new under KBDL-004-R1)",Cannot be validated until an implementation exists.,Broad descriptive summary,Cannot be validated until an implementation exists.,Non-overriding summary,No,PASS,None
KBDL-THM-015,Packet or tracking destination,"Local contrast contexts (KBDL-THM-015, new under KBDL-004-R1)",MISSING,Missing,MISSING,Missing,No,PASS,None
KBDL-THM-015,Pending dependencies,"Local contrast contexts (KBDL-THM-015, new under KBDL-004-R1)",MISSING,Missing,MISSING,Missing,No,PASS,None
KBDL-THM-015,Related decision,"Local contrast contexts (KBDL-THM-015, new under KBDL-004-R1)",KBDL-DEC-013,Broad descriptive summary,KBDL-DEC-013,Non-overriding summary,No,PASS,None
KBDL-THM-015,Notes or exclusions,"Local contrast contexts (KBDL-THM-015, new under KBDL-004-R1)",No prior KBDL decision defines local contrast contexts; this new KBDL-004-R1 architecture was approved under KBDL-004-A1.,Broad descriptive summary,No prior KBDL decision defines local contrast contexts; this new KBDL-004-R1 architecture was approved under KBDL-004-A1.,Non-overriding summary,No,PASS,None
KBDL-THM-007,Blueprint section,"Recommended light and dark theme mappings (KBDL-THM-007, KBDL-THM-008)",Light and dark theme semantic mappings,Uniform default,Light and dark theme semantic mappings,Uniform default,Yes,PASS,None
KBDL-THM-008,Blueprint section,"Recommended light and dark theme mappings (KBDL-THM-007, KBDL-THM-008)",Light and dark theme semantic mappings,Uniform default,Light and dark theme semantic mappings,Uniform default,Yes,PASS,None
KBDL-THM-007,Roadmap prompt,"Recommended light and dark theme mappings (KBDL-THM-007, KBDL-THM-008)",KBDL-004,Uniform default,KBDL-004,Uniform default,Yes,PASS,None
KBDL-THM-008,Roadmap prompt,"Recommended light and dark theme mappings (KBDL-THM-007, KBDL-THM-008)",KBDL-004,Uniform default,KBDL-004,Uniform default,Yes,PASS,None
KBDL-THM-007,Specification location,"Recommended light and dark theme mappings (KBDL-THM-007, KBDL-THM-008)","[themes/light-theme.md §1–§7](themes/light-theme.md#1-canvas-and-surfaces), [themes/dark-theme.md §1–§8](themes/dark-theme.md#1-elevation-strategy)",Broad descriptive summary,"[themes/light-theme.md §1–§7](themes/light-theme.md#1-canvas-and-surfaces), [themes/dark-theme.md §1–§8](themes/dark-theme.md#1-elevation-strategy)",Non-overriding summary,No,PASS,None
KBDL-THM-008,Specification location,"Recommended light and dark theme mappings (KBDL-THM-007, KBDL-THM-008)","[themes/light-theme.md §1–§7](themes/light-theme.md#1-canvas-and-surfaces), [themes/dark-theme.md §1–§8](themes/dark-theme.md#1-elevation-strategy)",Broad descriptive summary,"[themes/light-theme.md §1–§7](themes/light-theme.md#1-canvas-and-surfaces), [themes/dark-theme.md §1–§8](themes/dark-theme.md#1-elevation-strategy)",Non-overriding summary,No,PASS,None
KBDL-THM-007,Lifecycle status,"Recommended light and dark theme mappings (KBDL-THM-007, KBDL-THM-008)",MISSING,Missing,MISSING,Missing,No,PASS,None
KBDL-THM-008,Lifecycle status,"Recommended light and dark theme mappings (KBDL-THM-007, KBDL-THM-008)",MISSING,Missing,MISSING,Missing,No,PASS,None
KBDL-THM-007,Provenance,"Recommended light and dark theme mappings (KBDL-THM-007, KBDL-THM-008)",MISSING,Missing,MISSING,Missing,No,PASS,None
KBDL-THM-008,Provenance,"Recommended light and dark theme mappings (KBDL-THM-007, KBDL-THM-008)",MISSING,Missing,MISSING,Missing,No,PASS,None
KBDL-THM-007,Validation classification,"Recommended light and dark theme mappings (KBDL-THM-007, KBDL-THM-008)",Mixed — Verified / Not verified,Uniform status default,Mixed — Verified / Not verified,Uniform default,Yes,PASS,None
KBDL-THM-008,Validation classification,"Recommended light and dark theme mappings (KBDL-THM-007, KBDL-THM-008)",Mixed — Verified / Not verified,Uniform status default,Mixed — Verified / Not verified,Uniform default,Yes,PASS,None
KBDL-THM-007,Authority,"Recommended light and dark theme mappings (KBDL-THM-007, KBDL-THM-008)",MISSING,Missing,MISSING,Missing,No,PASS,None
KBDL-THM-008,Authority,"Recommended light and dark theme mappings (KBDL-THM-007, KBDL-THM-008)",MISSING,Missing,MISSING,Missing,No,PASS,None
KBDL-THM-007,Validation method,"Recommended light and dark theme mappings (KBDL-THM-007, KBDL-THM-008)","WCAG relative-luminance contrast calculation via a local dependency-free script (completed for opaque pairs); project-owner review (performed for approval scope, per KBDL-DEC-013).",Broad descriptive summary,"WCAG relative-luminance contrast calculation via a local dependency-free script (completed for opaque pairs); project-owner review (performed for approval scope, per KBDL-DEC-013).",Non-overriding summary,No,PASS,None
KBDL-THM-008,Validation method,"Recommended light and dark theme mappings (KBDL-THM-007, KBDL-THM-008)","WCAG relative-luminance contrast calculation via a local dependency-free script (completed for opaque pairs); project-owner review (performed for approval scope, per KBDL-DEC-013).",Broad descriptive summary,"WCAG relative-luminance contrast calculation via a local dependency-free script (completed for opaque pairs); project-owner review (performed for approval scope, per KBDL-DEC-013).",Non-overriding summary,No,PASS,None
KBDL-THM-007,Validation evidence,"Recommended light and dark theme mappings (KBDL-THM-007, KBDL-THM-008)","[themes/validation.md §3](themes/validation.md#3-consolidated-contrast-evidence) — 52 pairs tested, all opaque, all passing their applicable threshold except 4 explicitly decorative-exempt borders/gridlines. The two Informational failures identified in the original KBDL-004 report (3.78:1, 4.21:1) are resolved by a revised hue (`#164499`) for the Text/Icon/Border/Strong-surface roles, with `neutral-10` correctly retained for On-strong-surface content (role assignment corrected under KBDL-004-R2) — see [adaptation.md §5.2](themes/adaptation.md#52-informational-correction-kbdl-004-r1). The Media caption row was corrected under KBDL-004-R2 to describe a fully opaque `neutral-100` band (17.17:1 is directly correct for this pair, not inherited or assumed).",Broad descriptive summary,"[themes/validation.md §3](themes/validation.md#3-consolidated-contrast-evidence) — 52 pairs tested, all opaque, all passing their applicable threshold except 4 explicitly decorative-exempt borders/gridlines. The two Informational failures identified in the original KBDL-004 report (3.78:1, 4.21:1) are resolved by a revised hue (`#164499`) for the Text/Icon/Border/Strong-surface roles, with `neutral-10` correctly retained for On-strong-surface content (role assignment corrected under KBDL-004-R2) — see [adaptation.md §5.2](themes/adaptation.md#52-informational-correction-kbdl-004-r1). The Media caption row was corrected under KBDL-004-R2 to describe a fully opaque `neutral-100` band (17.17:1 is directly correct for this pair, not inherited or assumed).",Non-overriding summary,No,PASS,None
KBDL-THM-008,Validation evidence,"Recommended light and dark theme mappings (KBDL-THM-007, KBDL-THM-008)","[themes/validation.md §3](themes/validation.md#3-consolidated-contrast-evidence) — 52 pairs tested, all opaque, all passing their applicable threshold except 4 explicitly decorative-exempt borders/gridlines. The two Informational failures identified in the original KBDL-004 report (3.78:1, 4.21:1) are resolved by a revised hue (`#164499`) for the Text/Icon/Border/Strong-surface roles, with `neutral-10` correctly retained for On-strong-surface content (role assignment corrected under KBDL-004-R2) — see [adaptation.md §5.2](themes/adaptation.md#52-informational-correction-kbdl-004-r1). The Media caption row was corrected under KBDL-004-R2 to describe a fully opaque `neutral-100` band (17.17:1 is directly correct for this pair, not inherited or assumed).",Broad descriptive summary,"[themes/validation.md §3](themes/validation.md#3-consolidated-contrast-evidence) — 52 pairs tested, all opaque, all passing their applicable threshold except 4 explicitly decorative-exempt borders/gridlines. The two Informational failures identified in the original KBDL-004 report (3.78:1, 4.21:1) are resolved by a revised hue (`#164499`) for the Text/Icon/Border/Strong-surface roles, with `neutral-10` correctly retained for On-strong-surface content (role assignment corrected under KBDL-004-R2) — see [adaptation.md §5.2](themes/adaptation.md#52-informational-correction-kbdl-004-r1). The Media caption row was corrected under KBDL-004-R2 to describe a fully opaque `neutral-100` band (17.17:1 is directly correct for this pair, not inherited or assumed).",Non-overriding summary,No,PASS,None
KBDL-THM-007,Known limitation,"Recommended light and dark theme mappings (KBDL-THM-007, KBDL-THM-008)","Approval covers the opaque mappings only; opacity values must not be treated as `Approved` or implemented until a future decision addresses them. The dark theme was independently designed, not inverted from light — see [dark-theme.md § Design Strategy](themes/dark-theme.md#design-strategy--why-some-roles-use-a-different-step-than-light-mode) for the `neutral-60`/`neutral-50` asymmetry this produced. Translucent opacity values remain entirely out of scope for this row.",Broad descriptive summary,"Approval covers the opaque mappings only; opacity values must not be treated as `Approved` or implemented until a future decision addresses them. The dark theme was independently designed, not inverted from light — see [dark-theme.md § Design Strategy](themes/dark-theme.md#design-strategy--why-some-roles-use-a-different-step-than-light-mode) for the `neutral-60`/`neutral-50` asymmetry this produced. Translucent opacity values remain entirely out of scope for this row.",Non-overriding summary,No,PASS,None
KBDL-THM-008,Known limitation,"Recommended light and dark theme mappings (KBDL-THM-007, KBDL-THM-008)","Approval covers the opaque mappings only; opacity values must not be treated as `Approved` or implemented until a future decision addresses them. The dark theme was independently designed, not inverted from light — see [dark-theme.md § Design Strategy](themes/dark-theme.md#design-strategy--why-some-roles-use-a-different-step-than-light-mode) for the `neutral-60`/`neutral-50` asymmetry this produced. Translucent opacity values remain entirely out of scope for this row.",Broad descriptive summary,"Approval covers the opaque mappings only; opacity values must not be treated as `Approved` or implemented until a future decision addresses them. The dark theme was independently designed, not inverted from light — see [dark-theme.md § Design Strategy](themes/dark-theme.md#design-strategy--why-some-roles-use-a-different-step-than-light-mode) for the `neutral-60`/`neutral-50` asymmetry this produced. Translucent opacity values remain entirely out of scope for this row.",Non-overriding summary,No,PASS,None
KBDL-THM-007,Packet or tracking destination,"Recommended light and dark theme mappings (KBDL-THM-007, KBDL-THM-008)",MISSING,Missing,MISSING,Missing,No,PASS,None
KBDL-THM-008,Packet or tracking destination,"Recommended light and dark theme mappings (KBDL-THM-007, KBDL-THM-008)",MISSING,Missing,MISSING,Missing,No,PASS,None
KBDL-THM-007,Pending dependencies,"Recommended light and dark theme mappings (KBDL-THM-007, KBDL-THM-008)",MISSING,Missing,MISSING,Missing,No,PASS,None
KBDL-THM-008,Pending dependencies,"Recommended light and dark theme mappings (KBDL-THM-007, KBDL-THM-008)",MISSING,Missing,MISSING,Missing,No,PASS,None
KBDL-THM-007,Related decision,"Recommended light and dark theme mappings (KBDL-THM-007, KBDL-THM-008)",KBDL-DEC-013 (opaque mappings only),Broad descriptive summary,KBDL-DEC-013 (opaque mappings only),Non-overriding summary,No,PASS,None
KBDL-THM-008,Related decision,"Recommended light and dark theme mappings (KBDL-THM-007, KBDL-THM-008)",KBDL-DEC-013 (opaque mappings only),Broad descriptive summary,KBDL-DEC-013 (opaque mappings only),Non-overriding summary,No,PASS,None
KBDL-THM-007,Notes or exclusions,"Recommended light and dark theme mappings (KBDL-THM-007, KBDL-THM-008)","Uses only already-`Approved` KBDL-003 foundation colors (`neutral-*`, `accent-30`/`accent-50`); no new primitive hues were introduced for the light/dark base mapping.",Broad descriptive summary,"Uses only already-`Approved` KBDL-003 foundation colors (`neutral-*`, `accent-30`/`accent-50`); no new primitive hues were introduced for the light/dark base mapping.",Non-overriding summary,No,PASS,None
KBDL-THM-008,Notes or exclusions,"Recommended light and dark theme mappings (KBDL-THM-007, KBDL-THM-008)","Uses only already-`Approved` KBDL-003 foundation colors (`neutral-*`, `accent-30`/`accent-50`); no new primitive hues were introduced for the light/dark base mapping.",Broad descriptive summary,"Uses only already-`Approved` KBDL-003 foundation colors (`neutral-*`, `accent-30`/`accent-50`); no new primitive hues were introduced for the light/dark base mapping.",Non-overriding summary,No,PASS,None
KBDL-THM-009,Blueprint section,"Status-family theme values, gradient strategy, and color-value expression (KBDL-THM-009, KBDL-THM-010, KBDL-THM-011)",Status-family theme colors; gradient strategy; color-value expression convention,Uniform default,Status-family theme colors; gradient strategy; color-value expression convention,Uniform default,Yes,PASS,None
KBDL-THM-010,Blueprint section,"Status-family theme values, gradient strategy, and color-value expression (KBDL-THM-009, KBDL-THM-010, KBDL-THM-011)",Status-family theme colors; gradient strategy; color-value expression convention,Uniform default,Status-family theme colors; gradient strategy; color-value expression convention,Uniform default,Yes,PASS,None
KBDL-THM-011,Blueprint section,"Status-family theme values, gradient strategy, and color-value expression (KBDL-THM-009, KBDL-THM-010, KBDL-THM-011)",Status-family theme colors; gradient strategy; color-value expression convention,Uniform default,Status-family theme colors; gradient strategy; color-value expression convention,Uniform default,Yes,PASS,None
KBDL-THM-009,Roadmap prompt,"Status-family theme values, gradient strategy, and color-value expression (KBDL-THM-009, KBDL-THM-010, KBDL-THM-011)",KBDL-004,Uniform default,KBDL-004,Uniform default,Yes,PASS,None
KBDL-THM-010,Roadmap prompt,"Status-family theme values, gradient strategy, and color-value expression (KBDL-THM-009, KBDL-THM-010, KBDL-THM-011)",KBDL-004,Uniform default,KBDL-004,Uniform default,Yes,PASS,None
KBDL-THM-011,Roadmap prompt,"Status-family theme values, gradient strategy, and color-value expression (KBDL-THM-009, KBDL-THM-010, KBDL-THM-011)",KBDL-004,Uniform default,KBDL-004,Uniform default,Yes,PASS,None
KBDL-THM-009,Specification location,"Status-family theme values, gradient strategy, and color-value expression (KBDL-THM-009, KBDL-THM-010, KBDL-THM-011)","[themes/adaptation.md §5, §4, §6](themes/adaptation.md#5-status-family-theme-behavior)",Broad descriptive summary,"[themes/adaptation.md §5, §4, §6](themes/adaptation.md#5-status-family-theme-behavior)",Non-overriding summary,No,PASS,None
KBDL-THM-010,Specification location,"Status-family theme values, gradient strategy, and color-value expression (KBDL-THM-009, KBDL-THM-010, KBDL-THM-011)","[themes/adaptation.md §5, §4, §6](themes/adaptation.md#5-status-family-theme-behavior)",Broad descriptive summary,"[themes/adaptation.md §5, §4, §6](themes/adaptation.md#5-status-family-theme-behavior)",Non-overriding summary,No,PASS,None
KBDL-THM-011,Specification location,"Status-family theme values, gradient strategy, and color-value expression (KBDL-THM-009, KBDL-THM-010, KBDL-THM-011)","[themes/adaptation.md §5, §4, §6](themes/adaptation.md#5-status-family-theme-behavior)",Broad descriptive summary,"[themes/adaptation.md §5, §4, §6](themes/adaptation.md#5-status-family-theme-behavior)",Non-overriding summary,No,PASS,None
KBDL-THM-009,Lifecycle status,"Status-family theme values, gradient strategy, and color-value expression (KBDL-THM-009, KBDL-THM-010, KBDL-THM-011)",MISSING,Missing,MISSING,Missing,No,PASS,None
KBDL-THM-010,Lifecycle status,"Status-family theme values, gradient strategy, and color-value expression (KBDL-THM-009, KBDL-THM-010, KBDL-THM-011)",MISSING,Missing,MISSING,Missing,No,PASS,None
KBDL-THM-011,Lifecycle status,"Status-family theme values, gradient strategy, and color-value expression (KBDL-THM-009, KBDL-THM-010, KBDL-THM-011)",MISSING,Missing,MISSING,Missing,No,PASS,None
KBDL-THM-009,Provenance,"Status-family theme values, gradient strategy, and color-value expression (KBDL-THM-009, KBDL-THM-010, KBDL-THM-011)",MISSING,Missing,MISSING,Missing,No,PASS,None
KBDL-THM-010,Provenance,"Status-family theme values, gradient strategy, and color-value expression (KBDL-THM-009, KBDL-THM-010, KBDL-THM-011)",MISSING,Missing,MISSING,Missing,No,PASS,None
KBDL-THM-011,Provenance,"Status-family theme values, gradient strategy, and color-value expression (KBDL-THM-009, KBDL-THM-010, KBDL-THM-011)",MISSING,Missing,MISSING,Missing,No,PASS,None
KBDL-THM-009,Validation classification,"Status-family theme values, gradient strategy, and color-value expression (KBDL-THM-009, KBDL-THM-010, KBDL-THM-011)","Mixed — Verified / Not verified: KBDL-THM-009, KBDL-THM-010; Not applicable: KBDL-THM-011",Status bucket,Mixed — Verified / Not verified,Exact per-ID mapping,Yes,PASS,None
KBDL-THM-010,Validation classification,"Status-family theme values, gradient strategy, and color-value expression (KBDL-THM-009, KBDL-THM-010, KBDL-THM-011)","Mixed — Verified / Not verified: KBDL-THM-009, KBDL-THM-010; Not applicable: KBDL-THM-011",Status bucket,Mixed — Verified / Not verified,Exact per-ID mapping,Yes,PASS,None
KBDL-THM-011,Validation classification,"Status-family theme values, gradient strategy, and color-value expression (KBDL-THM-009, KBDL-THM-010, KBDL-THM-011)","Mixed — Verified / Not verified: KBDL-THM-009, KBDL-THM-010; Not applicable: KBDL-THM-011",Status bucket,Not applicable,Exact per-ID mapping,Yes,PASS,None
KBDL-THM-009,Authority,"Status-family theme values, gradient strategy, and color-value expression (KBDL-THM-009, KBDL-THM-010, KBDL-THM-011)",MISSING,Missing,MISSING,Missing,No,PASS,None
KBDL-THM-010,Authority,"Status-family theme values, gradient strategy, and color-value expression (KBDL-THM-009, KBDL-THM-010, KBDL-THM-011)",MISSING,Missing,MISSING,Missing,No,PASS,None
KBDL-THM-011,Authority,"Status-family theme values, gradient strategy, and color-value expression (KBDL-THM-009, KBDL-THM-010, KBDL-THM-011)",MISSING,Missing,MISSING,Missing,No,PASS,None
KBDL-THM-009,Validation method,"Status-family theme values, gradient strategy, and color-value expression (KBDL-THM-009, KBDL-THM-010, KBDL-THM-011)","WCAG contrast calculation (completed for status pairs and the opaque gradient caption substitute); manual review (color-expression, performed for approval scope).",Broad descriptive summary,"WCAG contrast calculation (completed for status pairs and the opaque gradient caption substitute); manual review (color-expression, performed for approval scope).",Non-overriding summary,No,PASS,None
KBDL-THM-010,Validation method,"Status-family theme values, gradient strategy, and color-value expression (KBDL-THM-009, KBDL-THM-010, KBDL-THM-011)","WCAG contrast calculation (completed for status pairs and the opaque gradient caption substitute); manual review (color-expression, performed for approval scope).",Broad descriptive summary,"WCAG contrast calculation (completed for status pairs and the opaque gradient caption substitute); manual review (color-expression, performed for approval scope).",Non-overriding summary,No,PASS,None
KBDL-THM-011,Validation method,"Status-family theme values, gradient strategy, and color-value expression (KBDL-THM-009, KBDL-THM-010, KBDL-THM-011)","WCAG contrast calculation (completed for status pairs and the opaque gradient caption substitute); manual review (color-expression, performed for approval scope).",Broad descriptive summary,"WCAG contrast calculation (completed for status pairs and the opaque gradient caption substitute); manual review (color-expression, performed for approval scope).",Non-overriding summary,No,PASS,None
KBDL-THM-009,Validation evidence,"Status-family theme values, gradient strategy, and color-value expression (KBDL-THM-009, KBDL-THM-010, KBDL-THM-011)","[themes/validation.md §3](themes/validation.md#3-consolidated-contrast-evidence) for the recalculated pairs and [themes/adaptation.md §5.2](themes/adaptation.md#52-informational-correction-kbdl-004-r1) for the Informational correction record. [themes/adaptation.md §4.3](themes/adaptation.md#43-worked-example--worst-case-contrast-corrected-kbdl-004-r1) documents both gradient endpoints tested against both candidate text colors and the corrected, fully-opaque caption-band resolution (KBDL-004-R2).",Broad descriptive summary,"[themes/validation.md §3](themes/validation.md#3-consolidated-contrast-evidence) for the recalculated pairs and [themes/adaptation.md §5.2](themes/adaptation.md#52-informational-correction-kbdl-004-r1) for the Informational correction record. [themes/adaptation.md §4.3](themes/adaptation.md#43-worked-example--worst-case-contrast-corrected-kbdl-004-r1) documents both gradient endpoints tested against both candidate text colors and the corrected, fully-opaque caption-band resolution (KBDL-004-R2).",Non-overriding summary,No,PASS,None
KBDL-THM-010,Validation evidence,"Status-family theme values, gradient strategy, and color-value expression (KBDL-THM-009, KBDL-THM-010, KBDL-THM-011)","[themes/validation.md §3](themes/validation.md#3-consolidated-contrast-evidence) for the recalculated pairs and [themes/adaptation.md §5.2](themes/adaptation.md#52-informational-correction-kbdl-004-r1) for the Informational correction record. [themes/adaptation.md §4.3](themes/adaptation.md#43-worked-example--worst-case-contrast-corrected-kbdl-004-r1) documents both gradient endpoints tested against both candidate text colors and the corrected, fully-opaque caption-band resolution (KBDL-004-R2).",Broad descriptive summary,"[themes/validation.md §3](themes/validation.md#3-consolidated-contrast-evidence) for the recalculated pairs and [themes/adaptation.md §5.2](themes/adaptation.md#52-informational-correction-kbdl-004-r1) for the Informational correction record. [themes/adaptation.md §4.3](themes/adaptation.md#43-worked-example--worst-case-contrast-corrected-kbdl-004-r1) documents both gradient endpoints tested against both candidate text colors and the corrected, fully-opaque caption-band resolution (KBDL-004-R2).",Non-overriding summary,No,PASS,None
KBDL-THM-011,Validation evidence,"Status-family theme values, gradient strategy, and color-value expression (KBDL-THM-009, KBDL-THM-010, KBDL-THM-011)","[themes/validation.md §3](themes/validation.md#3-consolidated-contrast-evidence) for the recalculated pairs and [themes/adaptation.md §5.2](themes/adaptation.md#52-informational-correction-kbdl-004-r1) for the Informational correction record. [themes/adaptation.md §4.3](themes/adaptation.md#43-worked-example--worst-case-contrast-corrected-kbdl-004-r1) documents both gradient endpoints tested against both candidate text colors and the corrected, fully-opaque caption-band resolution (KBDL-004-R2).",Broad descriptive summary,"[themes/validation.md §3](themes/validation.md#3-consolidated-contrast-evidence) for the recalculated pairs and [themes/adaptation.md §5.2](themes/adaptation.md#52-informational-correction-kbdl-004-r1) for the Informational correction record. [themes/adaptation.md §4.3](themes/adaptation.md#43-worked-example--worst-case-contrast-corrected-kbdl-004-r1) documents both gradient endpoints tested against both candidate text colors and the corrected, fully-opaque caption-band resolution (KBDL-004-R2).",Non-overriding summary,No,PASS,None
KBDL-THM-009,Known limitation,"Status-family theme values, gradient strategy, and color-value expression (KBDL-THM-009, KBDL-THM-010, KBDL-THM-011)","New dark-mode status hues (`#7CC4FF`, `#6FD19A`, `#E0A840`, `#FF8A80`) were introduced here since the light-mode-only values from KBDL-003 fail contrast against a dark canvas; these dark hues, along with the light-mode Informational value revised to `#164499` under KBDL-004-R1, are now `Approved` as part of the theme layer under KBDL-004-A1 (its correct role assignment — `#164499` for Text/Icon/Border/Strong-surface, `neutral-10` for On-strong-surface content — was clarified under KBDL-004-R2). Any translucent caption-band variant remains outside this row's approved scope.",Broad descriptive summary,"New dark-mode status hues (`#7CC4FF`, `#6FD19A`, `#E0A840`, `#FF8A80`) were introduced here since the light-mode-only values from KBDL-003 fail contrast against a dark canvas; these dark hues, along with the light-mode Informational value revised to `#164499` under KBDL-004-R1, are now `Approved` as part of the theme layer under KBDL-004-A1 (its correct role assignment — `#164499` for Text/Icon/Border/Strong-surface, `neutral-10` for On-strong-surface content — was clarified under KBDL-004-R2). Any translucent caption-band variant remains outside this row's approved scope.",Non-overriding summary,No,PASS,None
KBDL-THM-010,Known limitation,"Status-family theme values, gradient strategy, and color-value expression (KBDL-THM-009, KBDL-THM-010, KBDL-THM-011)","New dark-mode status hues (`#7CC4FF`, `#6FD19A`, `#E0A840`, `#FF8A80`) were introduced here since the light-mode-only values from KBDL-003 fail contrast against a dark canvas; these dark hues, along with the light-mode Informational value revised to `#164499` under KBDL-004-R1, are now `Approved` as part of the theme layer under KBDL-004-A1 (its correct role assignment — `#164499` for Text/Icon/Border/Strong-surface, `neutral-10` for On-strong-surface content — was clarified under KBDL-004-R2). Any translucent caption-band variant remains outside this row's approved scope.",Broad descriptive summary,"New dark-mode status hues (`#7CC4FF`, `#6FD19A`, `#E0A840`, `#FF8A80`) were introduced here since the light-mode-only values from KBDL-003 fail contrast against a dark canvas; these dark hues, along with the light-mode Informational value revised to `#164499` under KBDL-004-R1, are now `Approved` as part of the theme layer under KBDL-004-A1 (its correct role assignment — `#164499` for Text/Icon/Border/Strong-surface, `neutral-10` for On-strong-surface content — was clarified under KBDL-004-R2). Any translucent caption-band variant remains outside this row's approved scope.",Non-overriding summary,No,PASS,None
KBDL-THM-011,Known limitation,"Status-family theme values, gradient strategy, and color-value expression (KBDL-THM-009, KBDL-THM-010, KBDL-THM-011)","New dark-mode status hues (`#7CC4FF`, `#6FD19A`, `#E0A840`, `#FF8A80`) were introduced here since the light-mode-only values from KBDL-003 fail contrast against a dark canvas; these dark hues, along with the light-mode Informational value revised to `#164499` under KBDL-004-R1, are now `Approved` as part of the theme layer under KBDL-004-A1 (its correct role assignment — `#164499` for Text/Icon/Border/Strong-surface, `neutral-10` for On-strong-surface content — was clarified under KBDL-004-R2). Any translucent caption-band variant remains outside this row's approved scope.",Broad descriptive summary,"New dark-mode status hues (`#7CC4FF`, `#6FD19A`, `#E0A840`, `#FF8A80`) were introduced here since the light-mode-only values from KBDL-003 fail contrast against a dark canvas; these dark hues, along with the light-mode Informational value revised to `#164499` under KBDL-004-R1, are now `Approved` as part of the theme layer under KBDL-004-A1 (its correct role assignment — `#164499` for Text/Icon/Border/Strong-surface, `neutral-10` for On-strong-surface content — was clarified under KBDL-004-R2). Any translucent caption-band variant remains outside this row's approved scope.",Non-overriding summary,No,PASS,None
KBDL-THM-009,Packet or tracking destination,"Status-family theme values, gradient strategy, and color-value expression (KBDL-THM-009, KBDL-THM-010, KBDL-THM-011)",MISSING,Missing,MISSING,Missing,No,PASS,None
KBDL-THM-010,Packet or tracking destination,"Status-family theme values, gradient strategy, and color-value expression (KBDL-THM-009, KBDL-THM-010, KBDL-THM-011)",MISSING,Missing,MISSING,Missing,No,PASS,None
KBDL-THM-011,Packet or tracking destination,"Status-family theme values, gradient strategy, and color-value expression (KBDL-THM-009, KBDL-THM-010, KBDL-THM-011)",MISSING,Missing,MISSING,Missing,No,PASS,None
KBDL-THM-009,Pending dependencies,"Status-family theme values, gradient strategy, and color-value expression (KBDL-THM-009, KBDL-THM-010, KBDL-THM-011)",MISSING,Missing,MISSING,Missing,No,PASS,None
KBDL-THM-010,Pending dependencies,"Status-family theme values, gradient strategy, and color-value expression (KBDL-THM-009, KBDL-THM-010, KBDL-THM-011)",MISSING,Missing,MISSING,Missing,No,PASS,None
KBDL-THM-011,Pending dependencies,"Status-family theme values, gradient strategy, and color-value expression (KBDL-THM-009, KBDL-THM-010, KBDL-THM-011)",MISSING,Missing,MISSING,Missing,No,PASS,None
KBDL-THM-009,Related decision,"Status-family theme values, gradient strategy, and color-value expression (KBDL-THM-009, KBDL-THM-010, KBDL-THM-011)",KBDL-DEC-013,Broad descriptive summary,KBDL-DEC-013,Non-overriding summary,No,PASS,None
KBDL-THM-010,Related decision,"Status-family theme values, gradient strategy, and color-value expression (KBDL-THM-009, KBDL-THM-010, KBDL-THM-011)",KBDL-DEC-013,Broad descriptive summary,KBDL-DEC-013,Non-overriding summary,No,PASS,None
KBDL-THM-011,Related decision,"Status-family theme values, gradient strategy, and color-value expression (KBDL-THM-009, KBDL-THM-010, KBDL-THM-011)",KBDL-DEC-013,Broad descriptive summary,KBDL-DEC-013,Non-overriding summary,No,PASS,None
KBDL-THM-009,Notes or exclusions,"Status-family theme values, gradient strategy, and color-value expression (KBDL-THM-009, KBDL-THM-010, KBDL-THM-011)","Corrected under KBDL-004-R1: Informational no longer carries a large-text/icon restriction — the revised hue passes 4.5:1 in every context this family is used, in both modes. Corrected under KBDL-004-R2: the gradient caption-band example is now explicitly opaque, and Informational's role assignment is stated precisely.",Broad descriptive summary,"Corrected under KBDL-004-R1: Informational no longer carries a large-text/icon restriction — the revised hue passes 4.5:1 in every context this family is used, in both modes. Corrected under KBDL-004-R2: the gradient caption-band example is now explicitly opaque, and Informational's role assignment is stated precisely.",Non-overriding summary,No,PASS,None
KBDL-THM-010,Notes or exclusions,"Status-family theme values, gradient strategy, and color-value expression (KBDL-THM-009, KBDL-THM-010, KBDL-THM-011)","Corrected under KBDL-004-R1: Informational no longer carries a large-text/icon restriction — the revised hue passes 4.5:1 in every context this family is used, in both modes. Corrected under KBDL-004-R2: the gradient caption-band example is now explicitly opaque, and Informational's role assignment is stated precisely.",Broad descriptive summary,"Corrected under KBDL-004-R1: Informational no longer carries a large-text/icon restriction — the revised hue passes 4.5:1 in every context this family is used, in both modes. Corrected under KBDL-004-R2: the gradient caption-band example is now explicitly opaque, and Informational's role assignment is stated precisely.",Non-overriding summary,No,PASS,None
KBDL-THM-011,Notes or exclusions,"Status-family theme values, gradient strategy, and color-value expression (KBDL-THM-009, KBDL-THM-010, KBDL-THM-011)","Corrected under KBDL-004-R1: Informational no longer carries a large-text/icon restriction — the revised hue passes 4.5:1 in every context this family is used, in both modes. Corrected under KBDL-004-R2: the gradient caption-band example is now explicitly opaque, and Informational's role assignment is stated precisely.",Broad descriptive summary,"Corrected under KBDL-004-R1: Informational no longer carries a large-text/icon restriction — the revised hue passes 4.5:1 in every context this family is used, in both modes. Corrected under KBDL-004-R2: the gradient caption-band example is now explicitly opaque, and Informational's role assignment is stated precisely.",Non-overriding summary,No,PASS,None
KBDL-THM-012,Blueprint section,"Theme-transition guidance (KBDL-THM-012, KBDL-THM-012a)","Theme-transition guidance (conceptual, no timing/easing); reduced-motion requirement",Uniform default,"Theme-transition guidance (conceptual, no timing/easing); reduced-motion requirement",Uniform default,Yes,PASS,None
KBDL-THM-012a,Blueprint section,"Theme-transition guidance (KBDL-THM-012, KBDL-THM-012a)","Theme-transition guidance (conceptual, no timing/easing); reduced-motion requirement",Uniform default,"Theme-transition guidance (conceptual, no timing/easing); reduced-motion requirement",Uniform default,Yes,PASS,None
KBDL-THM-012,Roadmap prompt,"Theme-transition guidance (KBDL-THM-012, KBDL-THM-012a)",KBDL-004,Uniform default,KBDL-004,Uniform default,Yes,PASS,None
KBDL-THM-012a,Roadmap prompt,"Theme-transition guidance (KBDL-THM-012, KBDL-THM-012a)",KBDL-004,Uniform default,KBDL-004,Uniform default,Yes,PASS,None
KBDL-THM-012,Specification location,"Theme-transition guidance (KBDL-THM-012, KBDL-THM-012a)",[themes/adaptation.md §7](themes/adaptation.md#7-theme-transition-guidance),Broad descriptive summary,[themes/adaptation.md §7](themes/adaptation.md#7-theme-transition-guidance),Non-overriding summary,No,PASS,None
KBDL-THM-012a,Specification location,"Theme-transition guidance (KBDL-THM-012, KBDL-THM-012a)",[themes/adaptation.md §7](themes/adaptation.md#7-theme-transition-guidance),Broad descriptive summary,[themes/adaptation.md §7](themes/adaptation.md#7-theme-transition-guidance),Non-overriding summary,No,PASS,None
KBDL-THM-012,Lifecycle status,"Theme-transition guidance (KBDL-THM-012, KBDL-THM-012a)",MISSING,Missing,MISSING,Missing,No,PASS,None
KBDL-THM-012a,Lifecycle status,"Theme-transition guidance (KBDL-THM-012, KBDL-THM-012a)",MISSING,Missing,MISSING,Missing,No,PASS,None
KBDL-THM-012,Provenance,"Theme-transition guidance (KBDL-THM-012, KBDL-THM-012a)",MISSING,Missing,MISSING,Missing,No,PASS,None
KBDL-THM-012a,Provenance,"Theme-transition guidance (KBDL-THM-012, KBDL-THM-012a)",MISSING,Missing,MISSING,Missing,No,PASS,None
KBDL-THM-012,Validation classification,"Theme-transition guidance (KBDL-THM-012, KBDL-THM-012a)",Not verified,Uniform status default,Not verified,Uniform default,Yes,PASS,None
KBDL-THM-012a,Validation classification,"Theme-transition guidance (KBDL-THM-012, KBDL-THM-012a)",Not verified,Uniform status default,Not verified,Uniform default,Yes,PASS,None
KBDL-THM-012,Authority,"Theme-transition guidance (KBDL-THM-012, KBDL-THM-012a)",MISSING,Missing,MISSING,Missing,No,PASS,None
KBDL-THM-012a,Authority,"Theme-transition guidance (KBDL-THM-012, KBDL-THM-012a)",MISSING,Missing,MISSING,Missing,No,PASS,None
KBDL-THM-012,Validation method,"Theme-transition guidance (KBDL-THM-012, KBDL-THM-012a)",Manual review confirming no timing/easing values were introduced (performed); manual review confirming reduced-motion behavior once implemented.,Broad descriptive summary,Manual review confirming no timing/easing values were introduced (performed); manual review confirming reduced-motion behavior once implemented.,Non-overriding summary,No,PASS,None
KBDL-THM-012a,Validation method,"Theme-transition guidance (KBDL-THM-012, KBDL-THM-012a)",Manual review confirming no timing/easing values were introduced (performed); manual review confirming reduced-motion behavior once implemented.,Broad descriptive summary,Manual review confirming no timing/easing values were introduced (performed); manual review confirming reduced-motion behavior once implemented.,Non-overriding summary,No,PASS,None
KBDL-THM-012,Validation evidence,"Theme-transition guidance (KBDL-THM-012, KBDL-THM-012a)",Manual scope-compliance review recorded in the KBDL-004 commit — confirmed zero millisecond/easing values anywhere in `docs/kbdl/themes/`.,Broad descriptive summary,Manual scope-compliance review recorded in the KBDL-004 commit — confirmed zero millisecond/easing values anywhere in `docs/kbdl/themes/`.,Non-overriding summary,No,PASS,None
KBDL-THM-012a,Validation evidence,"Theme-transition guidance (KBDL-THM-012, KBDL-THM-012a)",Manual scope-compliance review recorded in the KBDL-004 commit — confirmed zero millisecond/easing values anywhere in `docs/kbdl/themes/`.,Broad descriptive summary,Manual scope-compliance review recorded in the KBDL-004 commit — confirmed zero millisecond/easing values anywhere in `docs/kbdl/themes/`.,Non-overriding summary,No,PASS,None
KBDL-THM-012,Known limitation,"Theme-transition guidance (KBDL-THM-012, KBDL-THM-012a)","Exact timing/easing depends entirely on KBDL-005, which is eligible for its own future prompt and has not been started by this approval.",Broad descriptive summary,"Exact timing/easing depends entirely on KBDL-005, which is eligible for its own future prompt and has not been started by this approval.",Non-overriding summary,No,PASS,None
KBDL-THM-012a,Known limitation,"Theme-transition guidance (KBDL-THM-012, KBDL-THM-012a)","Exact timing/easing depends entirely on KBDL-005, which is eligible for its own future prompt and has not been started by this approval.",Broad descriptive summary,"Exact timing/easing depends entirely on KBDL-005, which is eligible for its own future prompt and has not been started by this approval.",Non-overriding summary,No,PASS,None
KBDL-THM-012,Packet or tracking destination,"Theme-transition guidance (KBDL-THM-012, KBDL-THM-012a)",MISSING,Missing,MISSING,Missing,No,PASS,None
KBDL-THM-012a,Packet or tracking destination,"Theme-transition guidance (KBDL-THM-012, KBDL-THM-012a)",MISSING,Missing,MISSING,Missing,No,PASS,None
KBDL-THM-012,Pending dependencies,"Theme-transition guidance (KBDL-THM-012, KBDL-THM-012a)",MISSING,Missing,MISSING,Missing,No,PASS,None
KBDL-THM-012a,Pending dependencies,"Theme-transition guidance (KBDL-THM-012, KBDL-THM-012a)",MISSING,Missing,MISSING,Missing,No,PASS,None
KBDL-THM-012,Related decision,"Theme-transition guidance (KBDL-THM-012, KBDL-THM-012a)",KBDL-DEC-013 (for `KBDL-THM-012`'s conceptual approval); KBDL-DEC-010 (for `KBDL-THM-012a`'s reduced-motion basis),Broad descriptive summary,KBDL-DEC-013 (for `KBDL-THM-012`'s conceptual approval); KBDL-DEC-010 (for `KBDL-THM-012a`'s reduced-motion basis),Non-overriding summary,No,PASS,None
KBDL-THM-012a,Related decision,"Theme-transition guidance (KBDL-THM-012, KBDL-THM-012a)",KBDL-DEC-013 (for `KBDL-THM-012`'s conceptual approval); KBDL-DEC-010 (for `KBDL-THM-012a`'s reduced-motion basis),Broad descriptive summary,KBDL-DEC-013 (for `KBDL-THM-012`'s conceptual approval); KBDL-DEC-010 (for `KBDL-THM-012a`'s reduced-motion basis),Non-overriding summary,No,PASS,None
KBDL-THM-012,Notes or exclusions,"Theme-transition guidance (KBDL-THM-012, KBDL-THM-012a)",Explicitly defers all durations and easing curves to Motion (KBDL-005). The lifecycle contradiction identified in KBDL-004 validation is resolved by this split.,Broad descriptive summary,Explicitly defers all durations and easing curves to Motion (KBDL-005). The lifecycle contradiction identified in KBDL-004 validation is resolved by this split.,Non-overriding summary,No,PASS,None
KBDL-THM-012a,Notes or exclusions,"Theme-transition guidance (KBDL-THM-012, KBDL-THM-012a)",Explicitly defers all durations and easing curves to Motion (KBDL-005). The lifecycle contradiction identified in KBDL-004 validation is resolved by this split.,Broad descriptive summary,Explicitly defers all durations and easing curves to Motion (KBDL-005). The lifecycle contradiction identified in KBDL-004 validation is resolved by this split.,Non-overriding summary,No,PASS,None
KBDL-MOT-001,Blueprint section,"Motion purpose, terminology, and conflict resolution (KBDL-MOT-001, KBDL-MOT-002, KBDL-MOT-003)",Motion purpose requirement; motion terminology; expressive-versus-usability conflict resolution,Uniform default,Motion purpose requirement; motion terminology; expressive-versus-usability conflict resolution,Uniform default,Yes,PASS,None
KBDL-MOT-002,Blueprint section,"Motion purpose, terminology, and conflict resolution (KBDL-MOT-001, KBDL-MOT-002, KBDL-MOT-003)",Motion purpose requirement; motion terminology; expressive-versus-usability conflict resolution,Uniform default,Motion purpose requirement; motion terminology; expressive-versus-usability conflict resolution,Uniform default,Yes,PASS,None
KBDL-MOT-003,Blueprint section,"Motion purpose, terminology, and conflict resolution (KBDL-MOT-001, KBDL-MOT-002, KBDL-MOT-003)",Motion purpose requirement; motion terminology; expressive-versus-usability conflict resolution,Uniform default,Motion purpose requirement; motion terminology; expressive-versus-usability conflict resolution,Uniform default,Yes,PASS,None
KBDL-MOT-001,Roadmap prompt,"Motion purpose, terminology, and conflict resolution (KBDL-MOT-001, KBDL-MOT-002, KBDL-MOT-003)",KBDL-005,Uniform default,KBDL-005,Uniform default,Yes,PASS,None
KBDL-MOT-002,Roadmap prompt,"Motion purpose, terminology, and conflict resolution (KBDL-MOT-001, KBDL-MOT-002, KBDL-MOT-003)",KBDL-005,Uniform default,KBDL-005,Uniform default,Yes,PASS,None
KBDL-MOT-003,Roadmap prompt,"Motion purpose, terminology, and conflict resolution (KBDL-MOT-001, KBDL-MOT-002, KBDL-MOT-003)",KBDL-005,Uniform default,KBDL-005,Uniform default,Yes,PASS,None
KBDL-MOT-001,Specification location,"Motion purpose, terminology, and conflict resolution (KBDL-MOT-001, KBDL-MOT-002, KBDL-MOT-003)","[motion/README.md §2, §3.3](motion/README.md#2-motion-terminology), [motion/foundations.md §1](motion/foundations.md#1-motion-purposes)",Broad descriptive summary,"[motion/README.md §2, §3.3](motion/README.md#2-motion-terminology), [motion/foundations.md §1](motion/foundations.md#1-motion-purposes)",Non-overriding summary,No,PASS,None
KBDL-MOT-002,Specification location,"Motion purpose, terminology, and conflict resolution (KBDL-MOT-001, KBDL-MOT-002, KBDL-MOT-003)","[motion/README.md §2, §3.3](motion/README.md#2-motion-terminology), [motion/foundations.md §1](motion/foundations.md#1-motion-purposes)",Broad descriptive summary,"[motion/README.md §2, §3.3](motion/README.md#2-motion-terminology), [motion/foundations.md §1](motion/foundations.md#1-motion-purposes)",Non-overriding summary,No,PASS,None
KBDL-MOT-003,Specification location,"Motion purpose, terminology, and conflict resolution (KBDL-MOT-001, KBDL-MOT-002, KBDL-MOT-003)","[motion/README.md §2, §3.3](motion/README.md#2-motion-terminology), [motion/foundations.md §1](motion/foundations.md#1-motion-purposes)",Broad descriptive summary,"[motion/README.md §2, §3.3](motion/README.md#2-motion-terminology), [motion/foundations.md §1](motion/foundations.md#1-motion-purposes)",Non-overriding summary,No,PASS,None
KBDL-MOT-001,Lifecycle status,"Motion purpose, terminology, and conflict resolution (KBDL-MOT-001, KBDL-MOT-002, KBDL-MOT-003)",MISSING,Missing,MISSING,Missing,No,PASS,None
KBDL-MOT-002,Lifecycle status,"Motion purpose, terminology, and conflict resolution (KBDL-MOT-001, KBDL-MOT-002, KBDL-MOT-003)",MISSING,Missing,MISSING,Missing,No,PASS,None
KBDL-MOT-003,Lifecycle status,"Motion purpose, terminology, and conflict resolution (KBDL-MOT-001, KBDL-MOT-002, KBDL-MOT-003)",MISSING,Missing,MISSING,Missing,No,PASS,None
KBDL-MOT-001,Provenance,"Motion purpose, terminology, and conflict resolution (KBDL-MOT-001, KBDL-MOT-002, KBDL-MOT-003)",MISSING,Missing,MISSING,Missing,No,PASS,None
KBDL-MOT-002,Provenance,"Motion purpose, terminology, and conflict resolution (KBDL-MOT-001, KBDL-MOT-002, KBDL-MOT-003)",MISSING,Missing,MISSING,Missing,No,PASS,None
KBDL-MOT-003,Provenance,"Motion purpose, terminology, and conflict resolution (KBDL-MOT-001, KBDL-MOT-002, KBDL-MOT-003)",MISSING,Missing,MISSING,Missing,No,PASS,None
KBDL-MOT-001,Validation classification,"Motion purpose, terminology, and conflict resolution (KBDL-MOT-001, KBDL-MOT-002, KBDL-MOT-003)",Not verified,Uniform status default,Not verified,Uniform default,Yes,PASS,None
KBDL-MOT-002,Validation classification,"Motion purpose, terminology, and conflict resolution (KBDL-MOT-001, KBDL-MOT-002, KBDL-MOT-003)",Not verified,Uniform status default,Not verified,Uniform default,Yes,PASS,None
KBDL-MOT-003,Validation classification,"Motion purpose, terminology, and conflict resolution (KBDL-MOT-001, KBDL-MOT-002, KBDL-MOT-003)",Not verified,Uniform status default,Not verified,Uniform default,Yes,PASS,None
KBDL-MOT-001,Authority,"Motion purpose, terminology, and conflict resolution (KBDL-MOT-001, KBDL-MOT-002, KBDL-MOT-003)",MISSING,Missing,MISSING,Missing,No,PASS,None
KBDL-MOT-002,Authority,"Motion purpose, terminology, and conflict resolution (KBDL-MOT-001, KBDL-MOT-002, KBDL-MOT-003)",MISSING,Missing,MISSING,Missing,No,PASS,None
KBDL-MOT-003,Authority,"Motion purpose, terminology, and conflict resolution (KBDL-MOT-001, KBDL-MOT-002, KBDL-MOT-003)",MISSING,Missing,MISSING,Missing,No,PASS,None
KBDL-MOT-001,Validation method,"Motion purpose, terminology, and conflict resolution (KBDL-MOT-001, KBDL-MOT-002, KBDL-MOT-003)",Manual review confirming every documented pattern cites an approved purpose; manual terminology-consistency review (performed).,Broad descriptive summary,Manual review confirming every documented pattern cites an approved purpose; manual terminology-consistency review (performed).,Non-overriding summary,No,PASS,None
KBDL-MOT-002,Validation method,"Motion purpose, terminology, and conflict resolution (KBDL-MOT-001, KBDL-MOT-002, KBDL-MOT-003)",Manual review confirming every documented pattern cites an approved purpose; manual terminology-consistency review (performed).,Broad descriptive summary,Manual review confirming every documented pattern cites an approved purpose; manual terminology-consistency review (performed).,Non-overriding summary,No,PASS,None
KBDL-MOT-003,Validation method,"Motion purpose, terminology, and conflict resolution (KBDL-MOT-001, KBDL-MOT-002, KBDL-MOT-003)",Manual review confirming every documented pattern cites an approved purpose; manual terminology-consistency review (performed).,Broad descriptive summary,Manual review confirming every documented pattern cites an approved purpose; manual terminology-consistency review (performed).,Non-overriding summary,No,PASS,None
KBDL-MOT-001,Validation evidence,"Motion purpose, terminology, and conflict resolution (KBDL-MOT-001, KBDL-MOT-002, KBDL-MOT-003)",Manual review recorded in [motion/validation.md §6](motion/validation.md#6-manual-documentation-reviews-performed).,Broad descriptive summary,Manual review recorded in [motion/validation.md §6](motion/validation.md#6-manual-documentation-reviews-performed).,Non-overriding summary,No,PASS,None
KBDL-MOT-002,Validation evidence,"Motion purpose, terminology, and conflict resolution (KBDL-MOT-001, KBDL-MOT-002, KBDL-MOT-003)",Manual review recorded in [motion/validation.md §6](motion/validation.md#6-manual-documentation-reviews-performed).,Broad descriptive summary,Manual review recorded in [motion/validation.md §6](motion/validation.md#6-manual-documentation-reviews-performed).,Non-overriding summary,No,PASS,None
KBDL-MOT-003,Validation evidence,"Motion purpose, terminology, and conflict resolution (KBDL-MOT-001, KBDL-MOT-002, KBDL-MOT-003)",Manual review recorded in [motion/validation.md §6](motion/validation.md#6-manual-documentation-reviews-performed).,Broad descriptive summary,Manual review recorded in [motion/validation.md §6](motion/validation.md#6-manual-documentation-reviews-performed).,Non-overriding summary,No,PASS,None
KBDL-MOT-001,Known limitation,"Motion purpose, terminology, and conflict resolution (KBDL-MOT-001, KBDL-MOT-002, KBDL-MOT-003)","Per-component purpose assignment depends on the Components module (`CMP`), not yet reached.",Broad descriptive summary,"Per-component purpose assignment depends on the Components module (`CMP`), not yet reached.",Non-overriding summary,No,PASS,None
KBDL-MOT-002,Known limitation,"Motion purpose, terminology, and conflict resolution (KBDL-MOT-001, KBDL-MOT-002, KBDL-MOT-003)","Per-component purpose assignment depends on the Components module (`CMP`), not yet reached.",Broad descriptive summary,"Per-component purpose assignment depends on the Components module (`CMP`), not yet reached.",Non-overriding summary,No,PASS,None
KBDL-MOT-003,Known limitation,"Motion purpose, terminology, and conflict resolution (KBDL-MOT-001, KBDL-MOT-002, KBDL-MOT-003)","Per-component purpose assignment depends on the Components module (`CMP`), not yet reached.",Broad descriptive summary,"Per-component purpose assignment depends on the Components module (`CMP`), not yet reached.",Non-overriding summary,No,PASS,None
KBDL-MOT-001,Packet or tracking destination,"Motion purpose, terminology, and conflict resolution (KBDL-MOT-001, KBDL-MOT-002, KBDL-MOT-003)",MISSING,Missing,MISSING,Missing,No,PASS,None
KBDL-MOT-002,Packet or tracking destination,"Motion purpose, terminology, and conflict resolution (KBDL-MOT-001, KBDL-MOT-002, KBDL-MOT-003)",MISSING,Missing,MISSING,Missing,No,PASS,None
KBDL-MOT-003,Packet or tracking destination,"Motion purpose, terminology, and conflict resolution (KBDL-MOT-001, KBDL-MOT-002, KBDL-MOT-003)",MISSING,Missing,MISSING,Missing,No,PASS,None
KBDL-MOT-001,Pending dependencies,"Motion purpose, terminology, and conflict resolution (KBDL-MOT-001, KBDL-MOT-002, KBDL-MOT-003)",MISSING,Missing,MISSING,Missing,No,PASS,None
KBDL-MOT-002,Pending dependencies,"Motion purpose, terminology, and conflict resolution (KBDL-MOT-001, KBDL-MOT-002, KBDL-MOT-003)",MISSING,Missing,MISSING,Missing,No,PASS,None
KBDL-MOT-003,Pending dependencies,"Motion purpose, terminology, and conflict resolution (KBDL-MOT-001, KBDL-MOT-002, KBDL-MOT-003)",MISSING,Missing,MISSING,Missing,No,PASS,None
KBDL-MOT-001,Related decision,"Motion purpose, terminology, and conflict resolution (KBDL-MOT-001, KBDL-MOT-002, KBDL-MOT-003)",Not applicable,Broad descriptive summary,Not applicable,Non-overriding summary,No,PASS,None
KBDL-MOT-002,Related decision,"Motion purpose, terminology, and conflict resolution (KBDL-MOT-001, KBDL-MOT-002, KBDL-MOT-003)",Not applicable,Broad descriptive summary,Not applicable,Non-overriding summary,No,PASS,None
KBDL-MOT-003,Related decision,"Motion purpose, terminology, and conflict resolution (KBDL-MOT-001, KBDL-MOT-002, KBDL-MOT-003)",Not applicable,Broad descriptive summary,Not applicable,Non-overriding summary,No,PASS,None
KBDL-MOT-001,Notes or exclusions,"Motion purpose, terminology, and conflict resolution (KBDL-MOT-001, KBDL-MOT-002, KBDL-MOT-003)",These three requirements restate already-`Approved` KBDL-002 principles at motion-specific granularity; no new policy is introduced.,Broad descriptive summary,These three requirements restate already-`Approved` KBDL-002 principles at motion-specific granularity; no new policy is introduced.,Non-overriding summary,No,PASS,None
KBDL-MOT-002,Notes or exclusions,"Motion purpose, terminology, and conflict resolution (KBDL-MOT-001, KBDL-MOT-002, KBDL-MOT-003)",These three requirements restate already-`Approved` KBDL-002 principles at motion-specific granularity; no new policy is introduced.,Broad descriptive summary,These three requirements restate already-`Approved` KBDL-002 principles at motion-specific granularity; no new policy is introduced.,Non-overriding summary,No,PASS,None
KBDL-MOT-003,Notes or exclusions,"Motion purpose, terminology, and conflict resolution (KBDL-MOT-001, KBDL-MOT-002, KBDL-MOT-003)",These three requirements restate already-`Approved` KBDL-002 principles at motion-specific granularity; no new policy is introduced.,Broad descriptive summary,These three requirements restate already-`Approved` KBDL-002 principles at motion-specific granularity; no new policy is introduced.,Non-overriding summary,No,PASS,None
KBDL-MOT-004,Blueprint section,"Motion category and hierarchy structure (KBDL-MOT-004, KBDL-MOT-005, KBDL-MOT-006)",Ten motion categories; five-level motion hierarchy; multi-factor intensity model,Uniform default,Ten motion categories; five-level motion hierarchy; multi-factor intensity model,Uniform default,Yes,PASS,None
KBDL-MOT-005,Blueprint section,"Motion category and hierarchy structure (KBDL-MOT-004, KBDL-MOT-005, KBDL-MOT-006)",Ten motion categories; five-level motion hierarchy; multi-factor intensity model,Uniform default,Ten motion categories; five-level motion hierarchy; multi-factor intensity model,Uniform default,Yes,PASS,None
KBDL-MOT-006,Blueprint section,"Motion category and hierarchy structure (KBDL-MOT-004, KBDL-MOT-005, KBDL-MOT-006)",Ten motion categories; five-level motion hierarchy; multi-factor intensity model,Uniform default,Ten motion categories; five-level motion hierarchy; multi-factor intensity model,Uniform default,Yes,PASS,None
KBDL-MOT-004,Roadmap prompt,"Motion category and hierarchy structure (KBDL-MOT-004, KBDL-MOT-005, KBDL-MOT-006)",KBDL-005,Uniform default,KBDL-005,Uniform default,Yes,PASS,None
KBDL-MOT-005,Roadmap prompt,"Motion category and hierarchy structure (KBDL-MOT-004, KBDL-MOT-005, KBDL-MOT-006)",KBDL-005,Uniform default,KBDL-005,Uniform default,Yes,PASS,None
KBDL-MOT-006,Roadmap prompt,"Motion category and hierarchy structure (KBDL-MOT-004, KBDL-MOT-005, KBDL-MOT-006)",KBDL-005,Uniform default,KBDL-005,Uniform default,Yes,PASS,None
KBDL-MOT-004,Specification location,"Motion category and hierarchy structure (KBDL-MOT-004, KBDL-MOT-005, KBDL-MOT-006)","[motion/foundations.md §2, §3, §4](motion/foundations.md#2-motion-categories)",Broad descriptive summary,"[motion/foundations.md §2, §3, §4](motion/foundations.md#2-motion-categories)",Non-overriding summary,No,PASS,None
KBDL-MOT-005,Specification location,"Motion category and hierarchy structure (KBDL-MOT-004, KBDL-MOT-005, KBDL-MOT-006)","[motion/foundations.md §2, §3, §4](motion/foundations.md#2-motion-categories)",Broad descriptive summary,"[motion/foundations.md §2, §3, §4](motion/foundations.md#2-motion-categories)",Non-overriding summary,No,PASS,None
KBDL-MOT-006,Specification location,"Motion category and hierarchy structure (KBDL-MOT-004, KBDL-MOT-005, KBDL-MOT-006)","[motion/foundations.md §2, §3, §4](motion/foundations.md#2-motion-categories)",Broad descriptive summary,"[motion/foundations.md §2, §3, §4](motion/foundations.md#2-motion-categories)",Non-overriding summary,No,PASS,None
KBDL-MOT-004,Lifecycle status,"Motion category and hierarchy structure (KBDL-MOT-004, KBDL-MOT-005, KBDL-MOT-006)",MISSING,Missing,MISSING,Missing,No,PASS,None
KBDL-MOT-005,Lifecycle status,"Motion category and hierarchy structure (KBDL-MOT-004, KBDL-MOT-005, KBDL-MOT-006)",MISSING,Missing,MISSING,Missing,No,PASS,None
KBDL-MOT-006,Lifecycle status,"Motion category and hierarchy structure (KBDL-MOT-004, KBDL-MOT-005, KBDL-MOT-006)",MISSING,Missing,MISSING,Missing,No,PASS,None
KBDL-MOT-004,Provenance,"Motion category and hierarchy structure (KBDL-MOT-004, KBDL-MOT-005, KBDL-MOT-006)",MISSING,Missing,MISSING,Missing,No,PASS,None
KBDL-MOT-005,Provenance,"Motion category and hierarchy structure (KBDL-MOT-004, KBDL-MOT-005, KBDL-MOT-006)",MISSING,Missing,MISSING,Missing,No,PASS,None
KBDL-MOT-006,Provenance,"Motion category and hierarchy structure (KBDL-MOT-004, KBDL-MOT-005, KBDL-MOT-006)",MISSING,Missing,MISSING,Missing,No,PASS,None
KBDL-MOT-004,Validation classification,"Motion category and hierarchy structure (KBDL-MOT-004, KBDL-MOT-005, KBDL-MOT-006)",Not verified,Uniform status default,Not verified,Uniform default,Yes,PASS,None
KBDL-MOT-005,Validation classification,"Motion category and hierarchy structure (KBDL-MOT-004, KBDL-MOT-005, KBDL-MOT-006)",Not verified,Uniform status default,Not verified,Uniform default,Yes,PASS,None
KBDL-MOT-006,Validation classification,"Motion category and hierarchy structure (KBDL-MOT-004, KBDL-MOT-005, KBDL-MOT-006)",Not verified,Uniform status default,Not verified,Uniform default,Yes,PASS,None
KBDL-MOT-004,Authority,"Motion category and hierarchy structure (KBDL-MOT-004, KBDL-MOT-005, KBDL-MOT-006)",MISSING,Missing,MISSING,Missing,No,PASS,None
KBDL-MOT-005,Authority,"Motion category and hierarchy structure (KBDL-MOT-004, KBDL-MOT-005, KBDL-MOT-006)",MISSING,Missing,MISSING,Missing,No,PASS,None
KBDL-MOT-006,Authority,"Motion category and hierarchy structure (KBDL-MOT-004, KBDL-MOT-005, KBDL-MOT-006)",MISSING,Missing,MISSING,Missing,No,PASS,None
KBDL-MOT-004,Validation method,"Motion category and hierarchy structure (KBDL-MOT-004, KBDL-MOT-005, KBDL-MOT-006)","Manual completeness review per category (performed); project-owner review of the hierarchy/intensity model (performed, see KBDL-DEC-014).",Broad descriptive summary,"Manual completeness review per category (performed); project-owner review of the hierarchy/intensity model (performed, see KBDL-DEC-014).",Non-overriding summary,No,PASS,None
KBDL-MOT-005,Validation method,"Motion category and hierarchy structure (KBDL-MOT-004, KBDL-MOT-005, KBDL-MOT-006)","Manual completeness review per category (performed); project-owner review of the hierarchy/intensity model (performed, see KBDL-DEC-014).",Broad descriptive summary,"Manual completeness review per category (performed); project-owner review of the hierarchy/intensity model (performed, see KBDL-DEC-014).",Non-overriding summary,No,PASS,None
KBDL-MOT-006,Validation method,"Motion category and hierarchy structure (KBDL-MOT-004, KBDL-MOT-005, KBDL-MOT-006)","Manual completeness review per category (performed); project-owner review of the hierarchy/intensity model (performed, see KBDL-DEC-014).",Broad descriptive summary,"Manual completeness review per category (performed); project-owner review of the hierarchy/intensity model (performed, see KBDL-DEC-014).",Non-overriding summary,No,PASS,None
KBDL-MOT-004,Validation evidence,"Motion category and hierarchy structure (KBDL-MOT-004, KBDL-MOT-005, KBDL-MOT-006)",Manual review recorded in [motion/validation.md §1](motion/validation.md#1-motion-validation-specification).,Broad descriptive summary,Manual review recorded in [motion/validation.md §1](motion/validation.md#1-motion-validation-specification).,Non-overriding summary,No,PASS,None
KBDL-MOT-005,Validation evidence,"Motion category and hierarchy structure (KBDL-MOT-004, KBDL-MOT-005, KBDL-MOT-006)",Manual review recorded in [motion/validation.md §1](motion/validation.md#1-motion-validation-specification).,Broad descriptive summary,Manual review recorded in [motion/validation.md §1](motion/validation.md#1-motion-validation-specification).,Non-overriding summary,No,PASS,None
KBDL-MOT-006,Validation evidence,"Motion category and hierarchy structure (KBDL-MOT-004, KBDL-MOT-005, KBDL-MOT-006)",Manual review recorded in [motion/validation.md §1](motion/validation.md#1-motion-validation-specification).,Broad descriptive summary,Manual review recorded in [motion/validation.md §1](motion/validation.md#1-motion-validation-specification).,Non-overriding summary,No,PASS,None
KBDL-MOT-004,Known limitation,"Motion category and hierarchy structure (KBDL-MOT-004, KBDL-MOT-005, KBDL-MOT-006)","Exceptional-level (Level 4) usage requires project-owner review each time; not yet exercised, since no implementation exists.",Broad descriptive summary,"Exceptional-level (Level 4) usage requires project-owner review each time; not yet exercised, since no implementation exists.",Non-overriding summary,No,PASS,None
KBDL-MOT-005,Known limitation,"Motion category and hierarchy structure (KBDL-MOT-004, KBDL-MOT-005, KBDL-MOT-006)","Exceptional-level (Level 4) usage requires project-owner review each time; not yet exercised, since no implementation exists.",Broad descriptive summary,"Exceptional-level (Level 4) usage requires project-owner review each time; not yet exercised, since no implementation exists.",Non-overriding summary,No,PASS,None
KBDL-MOT-006,Known limitation,"Motion category and hierarchy structure (KBDL-MOT-004, KBDL-MOT-005, KBDL-MOT-006)","Exceptional-level (Level 4) usage requires project-owner review each time; not yet exercised, since no implementation exists.",Broad descriptive summary,"Exceptional-level (Level 4) usage requires project-owner review each time; not yet exercised, since no implementation exists.",Non-overriding summary,No,PASS,None
KBDL-MOT-004,Packet or tracking destination,"Motion category and hierarchy structure (KBDL-MOT-004, KBDL-MOT-005, KBDL-MOT-006)",MISSING,Missing,MISSING,Missing,No,PASS,None
KBDL-MOT-005,Packet or tracking destination,"Motion category and hierarchy structure (KBDL-MOT-004, KBDL-MOT-005, KBDL-MOT-006)",MISSING,Missing,MISSING,Missing,No,PASS,None
KBDL-MOT-006,Packet or tracking destination,"Motion category and hierarchy structure (KBDL-MOT-004, KBDL-MOT-005, KBDL-MOT-006)",MISSING,Missing,MISSING,Missing,No,PASS,None
KBDL-MOT-004,Pending dependencies,"Motion category and hierarchy structure (KBDL-MOT-004, KBDL-MOT-005, KBDL-MOT-006)",MISSING,Missing,MISSING,Missing,No,PASS,None
KBDL-MOT-005,Pending dependencies,"Motion category and hierarchy structure (KBDL-MOT-004, KBDL-MOT-005, KBDL-MOT-006)",MISSING,Missing,MISSING,Missing,No,PASS,None
KBDL-MOT-006,Pending dependencies,"Motion category and hierarchy structure (KBDL-MOT-004, KBDL-MOT-005, KBDL-MOT-006)",MISSING,Missing,MISSING,Missing,No,PASS,None
KBDL-MOT-004,Related decision,"Motion category and hierarchy structure (KBDL-MOT-004, KBDL-MOT-005, KBDL-MOT-006)","[KBDL-DEC-014](decision-register.md#kbdl-dec-014--kbdl-005-motion-decisions-approved). `KBDL-MOT-005` maps to [motion decision packet](motion/README.md#10-motion-decision-packet) item 1; `KBDL-MOT-006` maps to item 14 (added under KBDL-005-R2, which corrected the packet's initial omission of this requirement; approved under KBDL-005-A1).",Broad descriptive summary,"[KBDL-DEC-014](decision-register.md#kbdl-dec-014--kbdl-005-motion-decisions-approved). `KBDL-MOT-005` maps to [motion decision packet](motion/README.md#10-motion-decision-packet) item 1; `KBDL-MOT-006` maps to item 14 (added under KBDL-005-R2, which corrected the packet's initial omission of this requirement; approved under KBDL-005-A1).",Non-overriding summary,No,PASS,None
KBDL-MOT-005,Related decision,"Motion category and hierarchy structure (KBDL-MOT-004, KBDL-MOT-005, KBDL-MOT-006)","[KBDL-DEC-014](decision-register.md#kbdl-dec-014--kbdl-005-motion-decisions-approved). `KBDL-MOT-005` maps to [motion decision packet](motion/README.md#10-motion-decision-packet) item 1; `KBDL-MOT-006` maps to item 14 (added under KBDL-005-R2, which corrected the packet's initial omission of this requirement; approved under KBDL-005-A1).",Broad descriptive summary,"[KBDL-DEC-014](decision-register.md#kbdl-dec-014--kbdl-005-motion-decisions-approved). `KBDL-MOT-005` maps to [motion decision packet](motion/README.md#10-motion-decision-packet) item 1; `KBDL-MOT-006` maps to item 14 (added under KBDL-005-R2, which corrected the packet's initial omission of this requirement; approved under KBDL-005-A1).",Non-overriding summary,No,PASS,None
KBDL-MOT-006,Related decision,"Motion category and hierarchy structure (KBDL-MOT-004, KBDL-MOT-005, KBDL-MOT-006)","[KBDL-DEC-014](decision-register.md#kbdl-dec-014--kbdl-005-motion-decisions-approved). `KBDL-MOT-005` maps to [motion decision packet](motion/README.md#10-motion-decision-packet) item 1; `KBDL-MOT-006` maps to item 14 (added under KBDL-005-R2, which corrected the packet's initial omission of this requirement; approved under KBDL-005-A1).",Broad descriptive summary,"[KBDL-DEC-014](decision-register.md#kbdl-dec-014--kbdl-005-motion-decisions-approved). `KBDL-MOT-005` maps to [motion decision packet](motion/README.md#10-motion-decision-packet) item 1; `KBDL-MOT-006` maps to item 14 (added under KBDL-005-R2, which corrected the packet's initial omission of this requirement; approved under KBDL-005-A1).",Non-overriding summary,No,PASS,None
KBDL-MOT-004,Notes or exclusions,"Motion category and hierarchy structure (KBDL-MOT-004, KBDL-MOT-005, KBDL-MOT-006)",The requirement that categories be documented completely is itself already supported by KBDL-002's visual-consistency principle; the specific five-level names and intensity factors are new.,Broad descriptive summary,The requirement that categories be documented completely is itself already supported by KBDL-002's visual-consistency principle; the specific five-level names and intensity factors are new.,Non-overriding summary,No,PASS,None
KBDL-MOT-005,Notes or exclusions,"Motion category and hierarchy structure (KBDL-MOT-004, KBDL-MOT-005, KBDL-MOT-006)",The requirement that categories be documented completely is itself already supported by KBDL-002's visual-consistency principle; the specific five-level names and intensity factors are new.,Broad descriptive summary,The requirement that categories be documented completely is itself already supported by KBDL-002's visual-consistency principle; the specific five-level names and intensity factors are new.,Non-overriding summary,No,PASS,None
KBDL-MOT-006,Notes or exclusions,"Motion category and hierarchy structure (KBDL-MOT-004, KBDL-MOT-005, KBDL-MOT-006)",The requirement that categories be documented completely is itself already supported by KBDL-002's visual-consistency principle; the specific five-level names and intensity factors are new.,Broad descriptive summary,The requirement that categories be documented completely is itself already supported by KBDL-002's visual-consistency principle; the specific five-level names and intensity factors are new.,Non-overriding summary,No,PASS,None
KBDL-MOT-007,Blueprint section,"Timing, duration, and easing architecture (KBDL-MOT-007, KBDL-MOT-008, KBDL-MOT-009)",Semantic timing classes; duration recommendations; easing categories and exact curves,Uniform default,Semantic timing classes; duration recommendations; easing categories and exact curves,Uniform default,Yes,PASS,None
KBDL-MOT-008,Blueprint section,"Timing, duration, and easing architecture (KBDL-MOT-007, KBDL-MOT-008, KBDL-MOT-009)",Semantic timing classes; duration recommendations; easing categories and exact curves,Uniform default,Semantic timing classes; duration recommendations; easing categories and exact curves,Uniform default,Yes,PASS,None
KBDL-MOT-009,Blueprint section,"Timing, duration, and easing architecture (KBDL-MOT-007, KBDL-MOT-008, KBDL-MOT-009)",Semantic timing classes; duration recommendations; easing categories and exact curves,Uniform default,Semantic timing classes; duration recommendations; easing categories and exact curves,Uniform default,Yes,PASS,None
KBDL-MOT-007,Roadmap prompt,"Timing, duration, and easing architecture (KBDL-MOT-007, KBDL-MOT-008, KBDL-MOT-009)",KBDL-005,Uniform default,KBDL-005,Uniform default,Yes,PASS,None
KBDL-MOT-008,Roadmap prompt,"Timing, duration, and easing architecture (KBDL-MOT-007, KBDL-MOT-008, KBDL-MOT-009)",KBDL-005,Uniform default,KBDL-005,Uniform default,Yes,PASS,None
KBDL-MOT-009,Roadmap prompt,"Timing, duration, and easing architecture (KBDL-MOT-007, KBDL-MOT-008, KBDL-MOT-009)",KBDL-005,Uniform default,KBDL-005,Uniform default,Yes,PASS,None
KBDL-MOT-007,Specification location,"Timing, duration, and easing architecture (KBDL-MOT-007, KBDL-MOT-008, KBDL-MOT-009)","[motion/timing-easing.md §1, §2, §3](motion/timing-easing.md#1-timing-architecture)",Broad descriptive summary,"[motion/timing-easing.md §1, §2, §3](motion/timing-easing.md#1-timing-architecture)",Non-overriding summary,No,PASS,None
KBDL-MOT-008,Specification location,"Timing, duration, and easing architecture (KBDL-MOT-007, KBDL-MOT-008, KBDL-MOT-009)","[motion/timing-easing.md §1, §2, §3](motion/timing-easing.md#1-timing-architecture)",Broad descriptive summary,"[motion/timing-easing.md §1, §2, §3](motion/timing-easing.md#1-timing-architecture)",Non-overriding summary,No,PASS,None
KBDL-MOT-009,Specification location,"Timing, duration, and easing architecture (KBDL-MOT-007, KBDL-MOT-008, KBDL-MOT-009)","[motion/timing-easing.md §1, §2, §3](motion/timing-easing.md#1-timing-architecture)",Broad descriptive summary,"[motion/timing-easing.md §1, §2, §3](motion/timing-easing.md#1-timing-architecture)",Non-overriding summary,No,PASS,None
KBDL-MOT-007,Lifecycle status,"Timing, duration, and easing architecture (KBDL-MOT-007, KBDL-MOT-008, KBDL-MOT-009)",MISSING,Missing,MISSING,Missing,No,PASS,None
KBDL-MOT-008,Lifecycle status,"Timing, duration, and easing architecture (KBDL-MOT-007, KBDL-MOT-008, KBDL-MOT-009)",MISSING,Missing,MISSING,Missing,No,PASS,None
KBDL-MOT-009,Lifecycle status,"Timing, duration, and easing architecture (KBDL-MOT-007, KBDL-MOT-008, KBDL-MOT-009)",MISSING,Missing,MISSING,Missing,No,PASS,None
KBDL-MOT-007,Provenance,"Timing, duration, and easing architecture (KBDL-MOT-007, KBDL-MOT-008, KBDL-MOT-009)",MISSING,Missing,MISSING,Missing,No,PASS,None
KBDL-MOT-008,Provenance,"Timing, duration, and easing architecture (KBDL-MOT-007, KBDL-MOT-008, KBDL-MOT-009)",MISSING,Missing,MISSING,Missing,No,PASS,None
KBDL-MOT-009,Provenance,"Timing, duration, and easing architecture (KBDL-MOT-007, KBDL-MOT-008, KBDL-MOT-009)",MISSING,Missing,MISSING,Missing,No,PASS,None
KBDL-MOT-007,Validation classification,"Timing, duration, and easing architecture (KBDL-MOT-007, KBDL-MOT-008, KBDL-MOT-009)","Not verified: KBDL-MOT-007; Not applicable: KBDL-MOT-008, KBDL-MOT-009",Status bucket,Not verified,Exact per-ID mapping,Yes,PASS,None
KBDL-MOT-008,Validation classification,"Timing, duration, and easing architecture (KBDL-MOT-007, KBDL-MOT-008, KBDL-MOT-009)","Not verified: KBDL-MOT-007; Not applicable: KBDL-MOT-008, KBDL-MOT-009",Status bucket,Not applicable,Exact per-ID mapping,Yes,PASS,None
KBDL-MOT-009,Validation classification,"Timing, duration, and easing architecture (KBDL-MOT-007, KBDL-MOT-008, KBDL-MOT-009)","Not verified: KBDL-MOT-007; Not applicable: KBDL-MOT-008, KBDL-MOT-009",Status bucket,Not applicable,Exact per-ID mapping,Yes,PASS,None
KBDL-MOT-007,Authority,"Timing, duration, and easing architecture (KBDL-MOT-007, KBDL-MOT-008, KBDL-MOT-009)",MISSING,Missing,MISSING,Missing,No,PASS,None
KBDL-MOT-008,Authority,"Timing, duration, and easing architecture (KBDL-MOT-007, KBDL-MOT-008, KBDL-MOT-009)",MISSING,Missing,MISSING,Missing,No,PASS,None
KBDL-MOT-009,Authority,"Timing, duration, and easing architecture (KBDL-MOT-007, KBDL-MOT-008, KBDL-MOT-009)",MISSING,Missing,MISSING,Missing,No,PASS,None
KBDL-MOT-007,Validation method,"Timing, duration, and easing architecture (KBDL-MOT-007, KBDL-MOT-008, KBDL-MOT-009)","Manual internal-consistency review (performed, see [motion/validation.md §2](motion/validation.md#2-numerical-consistency-review-performed)); project-owner review (performed, see KBDL-DEC-014); implementation-level review once an implementation exists.",Broad descriptive summary,"Manual internal-consistency review (performed, see [motion/validation.md §2](motion/validation.md#2-numerical-consistency-review-performed)); project-owner review (performed, see KBDL-DEC-014); implementation-level review once an implementation exists.",Non-overriding summary,No,PASS,None
KBDL-MOT-008,Validation method,"Timing, duration, and easing architecture (KBDL-MOT-007, KBDL-MOT-008, KBDL-MOT-009)","Manual internal-consistency review (performed, see [motion/validation.md §2](motion/validation.md#2-numerical-consistency-review-performed)); project-owner review (performed, see KBDL-DEC-014); implementation-level review once an implementation exists.",Broad descriptive summary,"Manual internal-consistency review (performed, see [motion/validation.md §2](motion/validation.md#2-numerical-consistency-review-performed)); project-owner review (performed, see KBDL-DEC-014); implementation-level review once an implementation exists.",Non-overriding summary,No,PASS,None
KBDL-MOT-009,Validation method,"Timing, duration, and easing architecture (KBDL-MOT-007, KBDL-MOT-008, KBDL-MOT-009)","Manual internal-consistency review (performed, see [motion/validation.md §2](motion/validation.md#2-numerical-consistency-review-performed)); project-owner review (performed, see KBDL-DEC-014); implementation-level review once an implementation exists.",Broad descriptive summary,"Manual internal-consistency review (performed, see [motion/validation.md §2](motion/validation.md#2-numerical-consistency-review-performed)); project-owner review (performed, see KBDL-DEC-014); implementation-level review once an implementation exists.",Non-overriding summary,No,PASS,None
KBDL-MOT-007,Validation evidence,"Timing, duration, and easing architecture (KBDL-MOT-007, KBDL-MOT-008, KBDL-MOT-009)","[motion/validation.md §2](motion/validation.md#2-numerical-consistency-review-performed) — every value has a stated purpose, exit durations are equal to or shorter than paired entrances, and no value is marked `Verified` without implementation evidence.",Broad descriptive summary,"[motion/validation.md §2](motion/validation.md#2-numerical-consistency-review-performed) — every value has a stated purpose, exit durations are equal to or shorter than paired entrances, and no value is marked `Verified` without implementation evidence.",Non-overriding summary,No,PASS,None
KBDL-MOT-008,Validation evidence,"Timing, duration, and easing architecture (KBDL-MOT-007, KBDL-MOT-008, KBDL-MOT-009)","[motion/validation.md §2](motion/validation.md#2-numerical-consistency-review-performed) — every value has a stated purpose, exit durations are equal to or shorter than paired entrances, and no value is marked `Verified` without implementation evidence.",Broad descriptive summary,"[motion/validation.md §2](motion/validation.md#2-numerical-consistency-review-performed) — every value has a stated purpose, exit durations are equal to or shorter than paired entrances, and no value is marked `Verified` without implementation evidence.",Non-overriding summary,No,PASS,None
KBDL-MOT-009,Validation evidence,"Timing, duration, and easing architecture (KBDL-MOT-007, KBDL-MOT-008, KBDL-MOT-009)","[motion/validation.md §2](motion/validation.md#2-numerical-consistency-review-performed) — every value has a stated purpose, exit durations are equal to or shorter than paired entrances, and no value is marked `Verified` without implementation evidence.",Broad descriptive summary,"[motion/validation.md §2](motion/validation.md#2-numerical-consistency-review-performed) — every value has a stated purpose, exit durations are equal to or shorter than paired entrances, and no value is marked `Verified` without implementation evidence.",Non-overriding summary,No,PASS,None
KBDL-MOT-007,Known limitation,"Timing, duration, and easing architecture (KBDL-MOT-007, KBDL-MOT-008, KBDL-MOT-009)","Approval is a lifecycle decision, not implementation validation; these values must not be treated as `Verified` until an implementation exists and is measured.",Broad descriptive summary,"Approval is a lifecycle decision, not implementation validation; these values must not be treated as `Verified` until an implementation exists and is measured.",Non-overriding summary,No,PASS,None
KBDL-MOT-008,Known limitation,"Timing, duration, and easing architecture (KBDL-MOT-007, KBDL-MOT-008, KBDL-MOT-009)","Approval is a lifecycle decision, not implementation validation; these values must not be treated as `Verified` until an implementation exists and is measured.",Broad descriptive summary,"Approval is a lifecycle decision, not implementation validation; these values must not be treated as `Verified` until an implementation exists and is measured.",Non-overriding summary,No,PASS,None
KBDL-MOT-009,Known limitation,"Timing, duration, and easing architecture (KBDL-MOT-007, KBDL-MOT-008, KBDL-MOT-009)","Approval is a lifecycle decision, not implementation validation; these values must not be treated as `Verified` until an implementation exists and is measured.",Broad descriptive summary,"Approval is a lifecycle decision, not implementation validation; these values must not be treated as `Verified` until an implementation exists and is measured.",Non-overriding summary,No,PASS,None
KBDL-MOT-007,Packet or tracking destination,"Timing, duration, and easing architecture (KBDL-MOT-007, KBDL-MOT-008, KBDL-MOT-009)",MISSING,Missing,MISSING,Missing,No,PASS,None
KBDL-MOT-008,Packet or tracking destination,"Timing, duration, and easing architecture (KBDL-MOT-007, KBDL-MOT-008, KBDL-MOT-009)",MISSING,Missing,MISSING,Missing,No,PASS,None
KBDL-MOT-009,Packet or tracking destination,"Timing, duration, and easing architecture (KBDL-MOT-007, KBDL-MOT-008, KBDL-MOT-009)",MISSING,Missing,MISSING,Missing,No,PASS,None
KBDL-MOT-007,Pending dependencies,"Timing, duration, and easing architecture (KBDL-MOT-007, KBDL-MOT-008, KBDL-MOT-009)",MISSING,Missing,MISSING,Missing,No,PASS,None
KBDL-MOT-008,Pending dependencies,"Timing, duration, and easing architecture (KBDL-MOT-007, KBDL-MOT-008, KBDL-MOT-009)",MISSING,Missing,MISSING,Missing,No,PASS,None
KBDL-MOT-009,Pending dependencies,"Timing, duration, and easing architecture (KBDL-MOT-007, KBDL-MOT-008, KBDL-MOT-009)",MISSING,Missing,MISSING,Missing,No,PASS,None
KBDL-MOT-007,Related decision,"Timing, duration, and easing architecture (KBDL-MOT-007, KBDL-MOT-008, KBDL-MOT-009)",[KBDL-DEC-014](decision-register.md#kbdl-dec-014--kbdl-005-motion-decisions-approved). `KBDL-MOT-007` and `KBDL-MOT-008` together map to [motion decision packet](motion/README.md#10-motion-decision-packet) item 2 (one timing system); `KBDL-MOT-009` maps to item 3.,Broad descriptive summary,[KBDL-DEC-014](decision-register.md#kbdl-dec-014--kbdl-005-motion-decisions-approved). `KBDL-MOT-007` and `KBDL-MOT-008` together map to [motion decision packet](motion/README.md#10-motion-decision-packet) item 2 (one timing system); `KBDL-MOT-009` maps to item 3.,Non-overriding summary,No,PASS,None
KBDL-MOT-008,Related decision,"Timing, duration, and easing architecture (KBDL-MOT-007, KBDL-MOT-008, KBDL-MOT-009)",[KBDL-DEC-014](decision-register.md#kbdl-dec-014--kbdl-005-motion-decisions-approved). `KBDL-MOT-007` and `KBDL-MOT-008` together map to [motion decision packet](motion/README.md#10-motion-decision-packet) item 2 (one timing system); `KBDL-MOT-009` maps to item 3.,Broad descriptive summary,[KBDL-DEC-014](decision-register.md#kbdl-dec-014--kbdl-005-motion-decisions-approved). `KBDL-MOT-007` and `KBDL-MOT-008` together map to [motion decision packet](motion/README.md#10-motion-decision-packet) item 2 (one timing system); `KBDL-MOT-009` maps to item 3.,Non-overriding summary,No,PASS,None
KBDL-MOT-009,Related decision,"Timing, duration, and easing architecture (KBDL-MOT-007, KBDL-MOT-008, KBDL-MOT-009)",[KBDL-DEC-014](decision-register.md#kbdl-dec-014--kbdl-005-motion-decisions-approved). `KBDL-MOT-007` and `KBDL-MOT-008` together map to [motion decision packet](motion/README.md#10-motion-decision-packet) item 2 (one timing system); `KBDL-MOT-009` maps to item 3.,Broad descriptive summary,[KBDL-DEC-014](decision-register.md#kbdl-dec-014--kbdl-005-motion-decisions-approved). `KBDL-MOT-007` and `KBDL-MOT-008` together map to [motion decision packet](motion/README.md#10-motion-decision-packet) item 2 (one timing system); `KBDL-MOT-009` maps to item 3.,Non-overriding summary,No,PASS,None
KBDL-MOT-007,Notes or exclusions,"Timing, duration, and easing architecture (KBDL-MOT-007, KBDL-MOT-008, KBDL-MOT-009)","Resolves the exact timing/easing KBDL-004 explicitly deferred (`KBDL-THM-012`); no CSS, JSON, or animation-library format is introduced.",Broad descriptive summary,"Resolves the exact timing/easing KBDL-004 explicitly deferred (`KBDL-THM-012`); no CSS, JSON, or animation-library format is introduced.",Non-overriding summary,No,PASS,None
KBDL-MOT-008,Notes or exclusions,"Timing, duration, and easing architecture (KBDL-MOT-007, KBDL-MOT-008, KBDL-MOT-009)","Resolves the exact timing/easing KBDL-004 explicitly deferred (`KBDL-THM-012`); no CSS, JSON, or animation-library format is introduced.",Broad descriptive summary,"Resolves the exact timing/easing KBDL-004 explicitly deferred (`KBDL-THM-012`); no CSS, JSON, or animation-library format is introduced.",Non-overriding summary,No,PASS,None
KBDL-MOT-009,Notes or exclusions,"Timing, duration, and easing architecture (KBDL-MOT-007, KBDL-MOT-008, KBDL-MOT-009)","Resolves the exact timing/easing KBDL-004 explicitly deferred (`KBDL-THM-012`); no CSS, JSON, or animation-library format is introduced.",Broad descriptive summary,"Resolves the exact timing/easing KBDL-004 explicitly deferred (`KBDL-THM-012`); no CSS, JSON, or animation-library format is introduced.",Non-overriding summary,No,PASS,None
KBDL-MOT-010,Blueprint section,"Spatial movement and choreography (KBDL-MOT-010, KBDL-MOT-011, KBDL-MOT-012)",Spatial-movement constraints; choreography and sequencing; entrance/exit behavior,Uniform default,Spatial-movement constraints; choreography and sequencing; entrance/exit behavior,Uniform default,Yes,PASS,None
KBDL-MOT-011,Blueprint section,"Spatial movement and choreography (KBDL-MOT-010, KBDL-MOT-011, KBDL-MOT-012)",Spatial-movement constraints; choreography and sequencing; entrance/exit behavior,Uniform default,Spatial-movement constraints; choreography and sequencing; entrance/exit behavior,Uniform default,Yes,PASS,None
KBDL-MOT-012,Blueprint section,"Spatial movement and choreography (KBDL-MOT-010, KBDL-MOT-011, KBDL-MOT-012)",Spatial-movement constraints; choreography and sequencing; entrance/exit behavior,Uniform default,Spatial-movement constraints; choreography and sequencing; entrance/exit behavior,Uniform default,Yes,PASS,None
KBDL-MOT-010,Roadmap prompt,"Spatial movement and choreography (KBDL-MOT-010, KBDL-MOT-011, KBDL-MOT-012)",KBDL-005,Uniform default,KBDL-005,Uniform default,Yes,PASS,None
KBDL-MOT-011,Roadmap prompt,"Spatial movement and choreography (KBDL-MOT-010, KBDL-MOT-011, KBDL-MOT-012)",KBDL-005,Uniform default,KBDL-005,Uniform default,Yes,PASS,None
KBDL-MOT-012,Roadmap prompt,"Spatial movement and choreography (KBDL-MOT-010, KBDL-MOT-011, KBDL-MOT-012)",KBDL-005,Uniform default,KBDL-005,Uniform default,Yes,PASS,None
KBDL-MOT-010,Specification location,"Spatial movement and choreography (KBDL-MOT-010, KBDL-MOT-011, KBDL-MOT-012)","[motion/foundations.md §6, §5, §7](motion/foundations.md#6-spatial-movement)",Broad descriptive summary,"[motion/foundations.md §6, §5, §7](motion/foundations.md#6-spatial-movement)",Non-overriding summary,No,PASS,None
KBDL-MOT-011,Specification location,"Spatial movement and choreography (KBDL-MOT-010, KBDL-MOT-011, KBDL-MOT-012)","[motion/foundations.md §6, §5, §7](motion/foundations.md#6-spatial-movement)",Broad descriptive summary,"[motion/foundations.md §6, §5, §7](motion/foundations.md#6-spatial-movement)",Non-overriding summary,No,PASS,None
KBDL-MOT-012,Specification location,"Spatial movement and choreography (KBDL-MOT-010, KBDL-MOT-011, KBDL-MOT-012)","[motion/foundations.md §6, §5, §7](motion/foundations.md#6-spatial-movement)",Broad descriptive summary,"[motion/foundations.md §6, §5, §7](motion/foundations.md#6-spatial-movement)",Non-overriding summary,No,PASS,None
KBDL-MOT-010,Lifecycle status,"Spatial movement and choreography (KBDL-MOT-010, KBDL-MOT-011, KBDL-MOT-012)",MISSING,Missing,MISSING,Missing,No,PASS,None
KBDL-MOT-011,Lifecycle status,"Spatial movement and choreography (KBDL-MOT-010, KBDL-MOT-011, KBDL-MOT-012)",MISSING,Missing,MISSING,Missing,No,PASS,None
KBDL-MOT-012,Lifecycle status,"Spatial movement and choreography (KBDL-MOT-010, KBDL-MOT-011, KBDL-MOT-012)",MISSING,Missing,MISSING,Missing,No,PASS,None
KBDL-MOT-010,Provenance,"Spatial movement and choreography (KBDL-MOT-010, KBDL-MOT-011, KBDL-MOT-012)",MISSING,Missing,MISSING,Missing,No,PASS,None
KBDL-MOT-011,Provenance,"Spatial movement and choreography (KBDL-MOT-010, KBDL-MOT-011, KBDL-MOT-012)",MISSING,Missing,MISSING,Missing,No,PASS,None
KBDL-MOT-012,Provenance,"Spatial movement and choreography (KBDL-MOT-010, KBDL-MOT-011, KBDL-MOT-012)",MISSING,Missing,MISSING,Missing,No,PASS,None
KBDL-MOT-010,Validation classification,"Spatial movement and choreography (KBDL-MOT-010, KBDL-MOT-011, KBDL-MOT-012)",Not verified,Uniform status default,Not verified,Uniform default,Yes,PASS,None
KBDL-MOT-011,Validation classification,"Spatial movement and choreography (KBDL-MOT-010, KBDL-MOT-011, KBDL-MOT-012)",Not verified,Uniform status default,Not verified,Uniform default,Yes,PASS,None
KBDL-MOT-012,Validation classification,"Spatial movement and choreography (KBDL-MOT-010, KBDL-MOT-011, KBDL-MOT-012)",Not verified,Uniform status default,Not verified,Uniform default,Yes,PASS,None
KBDL-MOT-010,Authority,"Spatial movement and choreography (KBDL-MOT-010, KBDL-MOT-011, KBDL-MOT-012)",MISSING,Missing,MISSING,Missing,No,PASS,None
KBDL-MOT-011,Authority,"Spatial movement and choreography (KBDL-MOT-010, KBDL-MOT-011, KBDL-MOT-012)",MISSING,Missing,MISSING,Missing,No,PASS,None
KBDL-MOT-012,Authority,"Spatial movement and choreography (KBDL-MOT-010, KBDL-MOT-011, KBDL-MOT-012)",MISSING,Missing,MISSING,Missing,No,PASS,None
KBDL-MOT-010,Validation method,"Spatial movement and choreography (KBDL-MOT-010, KBDL-MOT-011, KBDL-MOT-012)","Manual review once implemented; project-owner review of `KBDL-MOT-010`/`011` (performed, see KBDL-DEC-014).",Broad descriptive summary,"Manual review once implemented; project-owner review of `KBDL-MOT-010`/`011` (performed, see KBDL-DEC-014).",Non-overriding summary,No,PASS,None
KBDL-MOT-011,Validation method,"Spatial movement and choreography (KBDL-MOT-010, KBDL-MOT-011, KBDL-MOT-012)","Manual review once implemented; project-owner review of `KBDL-MOT-010`/`011` (performed, see KBDL-DEC-014).",Broad descriptive summary,"Manual review once implemented; project-owner review of `KBDL-MOT-010`/`011` (performed, see KBDL-DEC-014).",Non-overriding summary,No,PASS,None
KBDL-MOT-012,Validation method,"Spatial movement and choreography (KBDL-MOT-010, KBDL-MOT-011, KBDL-MOT-012)","Manual review once implemented; project-owner review of `KBDL-MOT-010`/`011` (performed, see KBDL-DEC-014).",Broad descriptive summary,"Manual review once implemented; project-owner review of `KBDL-MOT-010`/`011` (performed, see KBDL-DEC-014).",Non-overriding summary,No,PASS,None
KBDL-MOT-010,Validation evidence,"Spatial movement and choreography (KBDL-MOT-010, KBDL-MOT-011, KBDL-MOT-012)",Not verified — no implementation exists yet.,Broad descriptive summary,Not verified — no implementation exists yet.,Non-overriding summary,No,PASS,None
KBDL-MOT-011,Validation evidence,"Spatial movement and choreography (KBDL-MOT-010, KBDL-MOT-011, KBDL-MOT-012)",Not verified — no implementation exists yet.,Broad descriptive summary,Not verified — no implementation exists yet.,Non-overriding summary,No,PASS,None
KBDL-MOT-012,Validation evidence,"Spatial movement and choreography (KBDL-MOT-010, KBDL-MOT-011, KBDL-MOT-012)",Not verified — no implementation exists yet.,Broad descriptive summary,Not verified — no implementation exists yet.,Non-overriding summary,No,PASS,None
KBDL-MOT-010,Known limitation,"Spatial movement and choreography (KBDL-MOT-010, KBDL-MOT-011, KBDL-MOT-012)",Exact pixel/percentage movement and scale values are deferred to the Components module.,Broad descriptive summary,Exact pixel/percentage movement and scale values are deferred to the Components module.,Non-overriding summary,No,PASS,None
KBDL-MOT-011,Known limitation,"Spatial movement and choreography (KBDL-MOT-010, KBDL-MOT-011, KBDL-MOT-012)",Exact pixel/percentage movement and scale values are deferred to the Components module.,Broad descriptive summary,Exact pixel/percentage movement and scale values are deferred to the Components module.,Non-overriding summary,No,PASS,None
KBDL-MOT-012,Known limitation,"Spatial movement and choreography (KBDL-MOT-010, KBDL-MOT-011, KBDL-MOT-012)",Exact pixel/percentage movement and scale values are deferred to the Components module.,Broad descriptive summary,Exact pixel/percentage movement and scale values are deferred to the Components module.,Non-overriding summary,No,PASS,None
KBDL-MOT-010,Packet or tracking destination,"Spatial movement and choreography (KBDL-MOT-010, KBDL-MOT-011, KBDL-MOT-012)",MISSING,Missing,MISSING,Missing,No,PASS,None
KBDL-MOT-011,Packet or tracking destination,"Spatial movement and choreography (KBDL-MOT-010, KBDL-MOT-011, KBDL-MOT-012)",MISSING,Missing,MISSING,Missing,No,PASS,None
KBDL-MOT-012,Packet or tracking destination,"Spatial movement and choreography (KBDL-MOT-010, KBDL-MOT-011, KBDL-MOT-012)",MISSING,Missing,MISSING,Missing,No,PASS,None
KBDL-MOT-010,Pending dependencies,"Spatial movement and choreography (KBDL-MOT-010, KBDL-MOT-011, KBDL-MOT-012)",MISSING,Missing,MISSING,Missing,No,PASS,None
KBDL-MOT-011,Pending dependencies,"Spatial movement and choreography (KBDL-MOT-010, KBDL-MOT-011, KBDL-MOT-012)",MISSING,Missing,MISSING,Missing,No,PASS,None
KBDL-MOT-012,Pending dependencies,"Spatial movement and choreography (KBDL-MOT-010, KBDL-MOT-011, KBDL-MOT-012)",MISSING,Missing,MISSING,Missing,No,PASS,None
KBDL-MOT-010,Related decision,"Spatial movement and choreography (KBDL-MOT-010, KBDL-MOT-011, KBDL-MOT-012)",[KBDL-DEC-014](decision-register.md#kbdl-dec-014--kbdl-005-motion-decisions-approved) (for `KBDL-MOT-010`/`011`),Broad descriptive summary,[KBDL-DEC-014](decision-register.md#kbdl-dec-014--kbdl-005-motion-decisions-approved) (for `KBDL-MOT-010`/`011`),Non-overriding summary,No,PASS,None
KBDL-MOT-011,Related decision,"Spatial movement and choreography (KBDL-MOT-010, KBDL-MOT-011, KBDL-MOT-012)",[KBDL-DEC-014](decision-register.md#kbdl-dec-014--kbdl-005-motion-decisions-approved) (for `KBDL-MOT-010`/`011`),Broad descriptive summary,[KBDL-DEC-014](decision-register.md#kbdl-dec-014--kbdl-005-motion-decisions-approved) (for `KBDL-MOT-010`/`011`),Non-overriding summary,No,PASS,None
KBDL-MOT-012,Related decision,"Spatial movement and choreography (KBDL-MOT-010, KBDL-MOT-011, KBDL-MOT-012)",[KBDL-DEC-014](decision-register.md#kbdl-dec-014--kbdl-005-motion-decisions-approved) (for `KBDL-MOT-010`/`011`),Broad descriptive summary,[KBDL-DEC-014](decision-register.md#kbdl-dec-014--kbdl-005-motion-decisions-approved) (for `KBDL-MOT-010`/`011`),Non-overriding summary,No,PASS,None
KBDL-MOT-010,Notes or exclusions,"Spatial movement and choreography (KBDL-MOT-010, KBDL-MOT-011, KBDL-MOT-012)","The individual safety-relevant constraints (e.g., destructive actions must not rely on exit animation as confirmation) restate existing approved priorities; the consolidated spatial/choreography architecture is new.",Broad descriptive summary,"The individual safety-relevant constraints (e.g., destructive actions must not rely on exit animation as confirmation) restate existing approved priorities; the consolidated spatial/choreography architecture is new.",Non-overriding summary,No,PASS,None
KBDL-MOT-011,Notes or exclusions,"Spatial movement and choreography (KBDL-MOT-010, KBDL-MOT-011, KBDL-MOT-012)","The individual safety-relevant constraints (e.g., destructive actions must not rely on exit animation as confirmation) restate existing approved priorities; the consolidated spatial/choreography architecture is new.",Broad descriptive summary,"The individual safety-relevant constraints (e.g., destructive actions must not rely on exit animation as confirmation) restate existing approved priorities; the consolidated spatial/choreography architecture is new.",Non-overriding summary,No,PASS,None
KBDL-MOT-012,Notes or exclusions,"Spatial movement and choreography (KBDL-MOT-010, KBDL-MOT-011, KBDL-MOT-012)","The individual safety-relevant constraints (e.g., destructive actions must not rely on exit animation as confirmation) restate existing approved priorities; the consolidated spatial/choreography architecture is new.",Broad descriptive summary,"The individual safety-relevant constraints (e.g., destructive actions must not rely on exit animation as confirmation) restate existing approved priorities; the consolidated spatial/choreography architecture is new.",Non-overriding summary,No,PASS,None
KBDL-MOT-013,Blueprint section,Interaction-category motion rules (KBDL-MOT-013 through KBDL-MOT-019),Navigation continuity; loading/progress; direct manipulation; attention motion; ambient/continuous motion; scroll-linked motion; media motion,Uniform default,Navigation continuity; loading/progress; direct manipulation; attention motion; ambient/continuous motion; scroll-linked motion; media motion,Uniform default,Yes,PASS,None
KBDL-MOT-014,Blueprint section,Interaction-category motion rules (KBDL-MOT-013 through KBDL-MOT-019),Navigation continuity; loading/progress; direct manipulation; attention motion; ambient/continuous motion; scroll-linked motion; media motion,Uniform default,Navigation continuity; loading/progress; direct manipulation; attention motion; ambient/continuous motion; scroll-linked motion; media motion,Uniform default,Yes,PASS,None
KBDL-MOT-015,Blueprint section,Interaction-category motion rules (KBDL-MOT-013 through KBDL-MOT-019),Navigation continuity; loading/progress; direct manipulation; attention motion; ambient/continuous motion; scroll-linked motion; media motion,Uniform default,Navigation continuity; loading/progress; direct manipulation; attention motion; ambient/continuous motion; scroll-linked motion; media motion,Uniform default,Yes,PASS,None
KBDL-MOT-016,Blueprint section,Interaction-category motion rules (KBDL-MOT-013 through KBDL-MOT-019),Navigation continuity; loading/progress; direct manipulation; attention motion; ambient/continuous motion; scroll-linked motion; media motion,Uniform default,Navigation continuity; loading/progress; direct manipulation; attention motion; ambient/continuous motion; scroll-linked motion; media motion,Uniform default,Yes,PASS,None
KBDL-MOT-017,Blueprint section,Interaction-category motion rules (KBDL-MOT-013 through KBDL-MOT-019),Navigation continuity; loading/progress; direct manipulation; attention motion; ambient/continuous motion; scroll-linked motion; media motion,Uniform default,Navigation continuity; loading/progress; direct manipulation; attention motion; ambient/continuous motion; scroll-linked motion; media motion,Uniform default,Yes,PASS,None
KBDL-MOT-018,Blueprint section,Interaction-category motion rules (KBDL-MOT-013 through KBDL-MOT-019),Navigation continuity; loading/progress; direct manipulation; attention motion; ambient/continuous motion; scroll-linked motion; media motion,Uniform default,Navigation continuity; loading/progress; direct manipulation; attention motion; ambient/continuous motion; scroll-linked motion; media motion,Uniform default,Yes,PASS,None
KBDL-MOT-019,Blueprint section,Interaction-category motion rules (KBDL-MOT-013 through KBDL-MOT-019),Navigation continuity; loading/progress; direct manipulation; attention motion; ambient/continuous motion; scroll-linked motion; media motion,Uniform default,Navigation continuity; loading/progress; direct manipulation; attention motion; ambient/continuous motion; scroll-linked motion; media motion,Uniform default,Yes,PASS,None
KBDL-MOT-013,Roadmap prompt,Interaction-category motion rules (KBDL-MOT-013 through KBDL-MOT-019),KBDL-005,Uniform default,KBDL-005,Uniform default,Yes,PASS,None
KBDL-MOT-014,Roadmap prompt,Interaction-category motion rules (KBDL-MOT-013 through KBDL-MOT-019),KBDL-005,Uniform default,KBDL-005,Uniform default,Yes,PASS,None
KBDL-MOT-015,Roadmap prompt,Interaction-category motion rules (KBDL-MOT-013 through KBDL-MOT-019),KBDL-005,Uniform default,KBDL-005,Uniform default,Yes,PASS,None
KBDL-MOT-016,Roadmap prompt,Interaction-category motion rules (KBDL-MOT-013 through KBDL-MOT-019),KBDL-005,Uniform default,KBDL-005,Uniform default,Yes,PASS,None
KBDL-MOT-017,Roadmap prompt,Interaction-category motion rules (KBDL-MOT-013 through KBDL-MOT-019),KBDL-005,Uniform default,KBDL-005,Uniform default,Yes,PASS,None
KBDL-MOT-018,Roadmap prompt,Interaction-category motion rules (KBDL-MOT-013 through KBDL-MOT-019),KBDL-005,Uniform default,KBDL-005,Uniform default,Yes,PASS,None
KBDL-MOT-019,Roadmap prompt,Interaction-category motion rules (KBDL-MOT-013 through KBDL-MOT-019),KBDL-005,Uniform default,KBDL-005,Uniform default,Yes,PASS,None
KBDL-MOT-013,Specification location,Interaction-category motion rules (KBDL-MOT-013 through KBDL-MOT-019),[motion/patterns.md §1–§7](motion/patterns.md#1-navigation-and-spatial-continuity),Broad descriptive summary,[motion/patterns.md §1–§7](motion/patterns.md#1-navigation-and-spatial-continuity),Non-overriding summary,No,PASS,None
KBDL-MOT-014,Specification location,Interaction-category motion rules (KBDL-MOT-013 through KBDL-MOT-019),[motion/patterns.md §1–§7](motion/patterns.md#1-navigation-and-spatial-continuity),Broad descriptive summary,[motion/patterns.md §1–§7](motion/patterns.md#1-navigation-and-spatial-continuity),Non-overriding summary,No,PASS,None
KBDL-MOT-015,Specification location,Interaction-category motion rules (KBDL-MOT-013 through KBDL-MOT-019),[motion/patterns.md §1–§7](motion/patterns.md#1-navigation-and-spatial-continuity),Broad descriptive summary,[motion/patterns.md §1–§7](motion/patterns.md#1-navigation-and-spatial-continuity),Non-overriding summary,No,PASS,None
KBDL-MOT-016,Specification location,Interaction-category motion rules (KBDL-MOT-013 through KBDL-MOT-019),[motion/patterns.md §1–§7](motion/patterns.md#1-navigation-and-spatial-continuity),Broad descriptive summary,[motion/patterns.md §1–§7](motion/patterns.md#1-navigation-and-spatial-continuity),Non-overriding summary,No,PASS,None
KBDL-MOT-017,Specification location,Interaction-category motion rules (KBDL-MOT-013 through KBDL-MOT-019),[motion/patterns.md §1–§7](motion/patterns.md#1-navigation-and-spatial-continuity),Broad descriptive summary,[motion/patterns.md §1–§7](motion/patterns.md#1-navigation-and-spatial-continuity),Non-overriding summary,No,PASS,None
KBDL-MOT-018,Specification location,Interaction-category motion rules (KBDL-MOT-013 through KBDL-MOT-019),[motion/patterns.md §1–§7](motion/patterns.md#1-navigation-and-spatial-continuity),Broad descriptive summary,[motion/patterns.md §1–§7](motion/patterns.md#1-navigation-and-spatial-continuity),Non-overriding summary,No,PASS,None
KBDL-MOT-019,Specification location,Interaction-category motion rules (KBDL-MOT-013 through KBDL-MOT-019),[motion/patterns.md §1–§7](motion/patterns.md#1-navigation-and-spatial-continuity),Broad descriptive summary,[motion/patterns.md §1–§7](motion/patterns.md#1-navigation-and-spatial-continuity),Non-overriding summary,No,PASS,None
KBDL-MOT-013,Lifecycle status,Interaction-category motion rules (KBDL-MOT-013 through KBDL-MOT-019),MISSING,Missing,MISSING,Missing,No,PASS,None
KBDL-MOT-014,Lifecycle status,Interaction-category motion rules (KBDL-MOT-013 through KBDL-MOT-019),MISSING,Missing,MISSING,Missing,No,PASS,None
KBDL-MOT-015,Lifecycle status,Interaction-category motion rules (KBDL-MOT-013 through KBDL-MOT-019),MISSING,Missing,MISSING,Missing,No,PASS,None
KBDL-MOT-016,Lifecycle status,Interaction-category motion rules (KBDL-MOT-013 through KBDL-MOT-019),MISSING,Missing,MISSING,Missing,No,PASS,None
KBDL-MOT-017,Lifecycle status,Interaction-category motion rules (KBDL-MOT-013 through KBDL-MOT-019),MISSING,Missing,MISSING,Missing,No,PASS,None
KBDL-MOT-018,Lifecycle status,Interaction-category motion rules (KBDL-MOT-013 through KBDL-MOT-019),MISSING,Missing,MISSING,Missing,No,PASS,None
KBDL-MOT-019,Lifecycle status,Interaction-category motion rules (KBDL-MOT-013 through KBDL-MOT-019),MISSING,Missing,MISSING,Missing,No,PASS,None
KBDL-MOT-013,Provenance,Interaction-category motion rules (KBDL-MOT-013 through KBDL-MOT-019),MISSING,Missing,MISSING,Missing,No,PASS,None
KBDL-MOT-014,Provenance,Interaction-category motion rules (KBDL-MOT-013 through KBDL-MOT-019),MISSING,Missing,MISSING,Missing,No,PASS,None
KBDL-MOT-015,Provenance,Interaction-category motion rules (KBDL-MOT-013 through KBDL-MOT-019),MISSING,Missing,MISSING,Missing,No,PASS,None
KBDL-MOT-016,Provenance,Interaction-category motion rules (KBDL-MOT-013 through KBDL-MOT-019),MISSING,Missing,MISSING,Missing,No,PASS,None
KBDL-MOT-017,Provenance,Interaction-category motion rules (KBDL-MOT-013 through KBDL-MOT-019),MISSING,Missing,MISSING,Missing,No,PASS,None
KBDL-MOT-018,Provenance,Interaction-category motion rules (KBDL-MOT-013 through KBDL-MOT-019),MISSING,Missing,MISSING,Missing,No,PASS,None
KBDL-MOT-019,Provenance,Interaction-category motion rules (KBDL-MOT-013 through KBDL-MOT-019),MISSING,Missing,MISSING,Missing,No,PASS,None
KBDL-MOT-013,Validation classification,Interaction-category motion rules (KBDL-MOT-013 through KBDL-MOT-019),Not verified,Uniform status default,Not verified,Uniform default,Yes,PASS,None
KBDL-MOT-014,Validation classification,Interaction-category motion rules (KBDL-MOT-013 through KBDL-MOT-019),Not verified,Uniform status default,Not verified,Uniform default,Yes,PASS,None
KBDL-MOT-015,Validation classification,Interaction-category motion rules (KBDL-MOT-013 through KBDL-MOT-019),Not verified,Uniform status default,Not verified,Uniform default,Yes,PASS,None
KBDL-MOT-016,Validation classification,Interaction-category motion rules (KBDL-MOT-013 through KBDL-MOT-019),Not verified,Uniform status default,Not verified,Uniform default,Yes,PASS,None
KBDL-MOT-017,Validation classification,Interaction-category motion rules (KBDL-MOT-013 through KBDL-MOT-019),Not verified,Uniform status default,Not verified,Uniform default,Yes,PASS,None
KBDL-MOT-018,Validation classification,Interaction-category motion rules (KBDL-MOT-013 through KBDL-MOT-019),Not verified,Uniform status default,Not verified,Uniform default,Yes,PASS,None
KBDL-MOT-019,Validation classification,Interaction-category motion rules (KBDL-MOT-013 through KBDL-MOT-019),Not verified,Uniform status default,Not verified,Uniform default,Yes,PASS,None
KBDL-MOT-013,Authority,Interaction-category motion rules (KBDL-MOT-013 through KBDL-MOT-019),MISSING,Missing,MISSING,Missing,No,PASS,None
KBDL-MOT-014,Authority,Interaction-category motion rules (KBDL-MOT-013 through KBDL-MOT-019),MISSING,Missing,MISSING,Missing,No,PASS,None
KBDL-MOT-015,Authority,Interaction-category motion rules (KBDL-MOT-013 through KBDL-MOT-019),MISSING,Missing,MISSING,Missing,No,PASS,None
KBDL-MOT-016,Authority,Interaction-category motion rules (KBDL-MOT-013 through KBDL-MOT-019),MISSING,Missing,MISSING,Missing,No,PASS,None
KBDL-MOT-017,Authority,Interaction-category motion rules (KBDL-MOT-013 through KBDL-MOT-019),MISSING,Missing,MISSING,Missing,No,PASS,None
KBDL-MOT-018,Authority,Interaction-category motion rules (KBDL-MOT-013 through KBDL-MOT-019),MISSING,Missing,MISSING,Missing,No,PASS,None
KBDL-MOT-019,Authority,Interaction-category motion rules (KBDL-MOT-013 through KBDL-MOT-019),MISSING,Missing,MISSING,Missing,No,PASS,None
KBDL-MOT-013,Validation method,Interaction-category motion rules (KBDL-MOT-013 through KBDL-MOT-019),"Manual review once implemented; project-owner review of `KBDL-MOT-013` (performed, see KBDL-DEC-014).",Broad descriptive summary,"Manual review once implemented; project-owner review of `KBDL-MOT-013` (performed, see KBDL-DEC-014).",Non-overriding summary,No,PASS,None
KBDL-MOT-014,Validation method,Interaction-category motion rules (KBDL-MOT-013 through KBDL-MOT-019),"Manual review once implemented; project-owner review of `KBDL-MOT-013` (performed, see KBDL-DEC-014).",Broad descriptive summary,"Manual review once implemented; project-owner review of `KBDL-MOT-013` (performed, see KBDL-DEC-014).",Non-overriding summary,No,PASS,None
KBDL-MOT-015,Validation method,Interaction-category motion rules (KBDL-MOT-013 through KBDL-MOT-019),"Manual review once implemented; project-owner review of `KBDL-MOT-013` (performed, see KBDL-DEC-014).",Broad descriptive summary,"Manual review once implemented; project-owner review of `KBDL-MOT-013` (performed, see KBDL-DEC-014).",Non-overriding summary,No,PASS,None
KBDL-MOT-016,Validation method,Interaction-category motion rules (KBDL-MOT-013 through KBDL-MOT-019),"Manual review once implemented; project-owner review of `KBDL-MOT-013` (performed, see KBDL-DEC-014).",Broad descriptive summary,"Manual review once implemented; project-owner review of `KBDL-MOT-013` (performed, see KBDL-DEC-014).",Non-overriding summary,No,PASS,None
KBDL-MOT-017,Validation method,Interaction-category motion rules (KBDL-MOT-013 through KBDL-MOT-019),"Manual review once implemented; project-owner review of `KBDL-MOT-013` (performed, see KBDL-DEC-014).",Broad descriptive summary,"Manual review once implemented; project-owner review of `KBDL-MOT-013` (performed, see KBDL-DEC-014).",Non-overriding summary,No,PASS,None
KBDL-MOT-018,Validation method,Interaction-category motion rules (KBDL-MOT-013 through KBDL-MOT-019),"Manual review once implemented; project-owner review of `KBDL-MOT-013` (performed, see KBDL-DEC-014).",Broad descriptive summary,"Manual review once implemented; project-owner review of `KBDL-MOT-013` (performed, see KBDL-DEC-014).",Non-overriding summary,No,PASS,None
KBDL-MOT-019,Validation method,Interaction-category motion rules (KBDL-MOT-013 through KBDL-MOT-019),"Manual review once implemented; project-owner review of `KBDL-MOT-013` (performed, see KBDL-DEC-014).",Broad descriptive summary,"Manual review once implemented; project-owner review of `KBDL-MOT-013` (performed, see KBDL-DEC-014).",Non-overriding summary,No,PASS,None
KBDL-MOT-013,Validation evidence,Interaction-category motion rules (KBDL-MOT-013 through KBDL-MOT-019),Not verified — no implementation exists yet.,Broad descriptive summary,Not verified — no implementation exists yet.,Non-overriding summary,No,PASS,None
KBDL-MOT-014,Validation evidence,Interaction-category motion rules (KBDL-MOT-013 through KBDL-MOT-019),Not verified — no implementation exists yet.,Broad descriptive summary,Not verified — no implementation exists yet.,Non-overriding summary,No,PASS,None
KBDL-MOT-015,Validation evidence,Interaction-category motion rules (KBDL-MOT-013 through KBDL-MOT-019),Not verified — no implementation exists yet.,Broad descriptive summary,Not verified — no implementation exists yet.,Non-overriding summary,No,PASS,None
KBDL-MOT-016,Validation evidence,Interaction-category motion rules (KBDL-MOT-013 through KBDL-MOT-019),Not verified — no implementation exists yet.,Broad descriptive summary,Not verified — no implementation exists yet.,Non-overriding summary,No,PASS,None
KBDL-MOT-017,Validation evidence,Interaction-category motion rules (KBDL-MOT-013 through KBDL-MOT-019),Not verified — no implementation exists yet.,Broad descriptive summary,Not verified — no implementation exists yet.,Non-overriding summary,No,PASS,None
KBDL-MOT-018,Validation evidence,Interaction-category motion rules (KBDL-MOT-013 through KBDL-MOT-019),Not verified — no implementation exists yet.,Broad descriptive summary,Not verified — no implementation exists yet.,Non-overriding summary,No,PASS,None
KBDL-MOT-019,Validation evidence,Interaction-category motion rules (KBDL-MOT-013 through KBDL-MOT-019),Not verified — no implementation exists yet.,Broad descriptive summary,Not verified — no implementation exists yet.,Non-overriding summary,No,PASS,None
KBDL-MOT-013,Known limitation,Interaction-category motion rules (KBDL-MOT-013 through KBDL-MOT-019),Exact repetition limits (attention motion) and scroll thresholds remain qualitative pending implementation-level review.,Broad descriptive summary,Exact repetition limits (attention motion) and scroll thresholds remain qualitative pending implementation-level review.,Non-overriding summary,No,PASS,None
KBDL-MOT-014,Known limitation,Interaction-category motion rules (KBDL-MOT-013 through KBDL-MOT-019),Exact repetition limits (attention motion) and scroll thresholds remain qualitative pending implementation-level review.,Broad descriptive summary,Exact repetition limits (attention motion) and scroll thresholds remain qualitative pending implementation-level review.,Non-overriding summary,No,PASS,None
KBDL-MOT-015,Known limitation,Interaction-category motion rules (KBDL-MOT-013 through KBDL-MOT-019),Exact repetition limits (attention motion) and scroll thresholds remain qualitative pending implementation-level review.,Broad descriptive summary,Exact repetition limits (attention motion) and scroll thresholds remain qualitative pending implementation-level review.,Non-overriding summary,No,PASS,None
KBDL-MOT-016,Known limitation,Interaction-category motion rules (KBDL-MOT-013 through KBDL-MOT-019),Exact repetition limits (attention motion) and scroll thresholds remain qualitative pending implementation-level review.,Broad descriptive summary,Exact repetition limits (attention motion) and scroll thresholds remain qualitative pending implementation-level review.,Non-overriding summary,No,PASS,None
KBDL-MOT-017,Known limitation,Interaction-category motion rules (KBDL-MOT-013 through KBDL-MOT-019),Exact repetition limits (attention motion) and scroll thresholds remain qualitative pending implementation-level review.,Broad descriptive summary,Exact repetition limits (attention motion) and scroll thresholds remain qualitative pending implementation-level review.,Non-overriding summary,No,PASS,None
KBDL-MOT-018,Known limitation,Interaction-category motion rules (KBDL-MOT-013 through KBDL-MOT-019),Exact repetition limits (attention motion) and scroll thresholds remain qualitative pending implementation-level review.,Broad descriptive summary,Exact repetition limits (attention motion) and scroll thresholds remain qualitative pending implementation-level review.,Non-overriding summary,No,PASS,None
KBDL-MOT-019,Known limitation,Interaction-category motion rules (KBDL-MOT-013 through KBDL-MOT-019),Exact repetition limits (attention motion) and scroll thresholds remain qualitative pending implementation-level review.,Broad descriptive summary,Exact repetition limits (attention motion) and scroll thresholds remain qualitative pending implementation-level review.,Non-overriding summary,No,PASS,None
KBDL-MOT-013,Packet or tracking destination,Interaction-category motion rules (KBDL-MOT-013 through KBDL-MOT-019),MISSING,Missing,MISSING,Missing,No,PASS,None
KBDL-MOT-014,Packet or tracking destination,Interaction-category motion rules (KBDL-MOT-013 through KBDL-MOT-019),MISSING,Missing,MISSING,Missing,No,PASS,None
KBDL-MOT-015,Packet or tracking destination,Interaction-category motion rules (KBDL-MOT-013 through KBDL-MOT-019),MISSING,Missing,MISSING,Missing,No,PASS,None
KBDL-MOT-016,Packet or tracking destination,Interaction-category motion rules (KBDL-MOT-013 through KBDL-MOT-019),MISSING,Missing,MISSING,Missing,No,PASS,None
KBDL-MOT-017,Packet or tracking destination,Interaction-category motion rules (KBDL-MOT-013 through KBDL-MOT-019),MISSING,Missing,MISSING,Missing,No,PASS,None
KBDL-MOT-018,Packet or tracking destination,Interaction-category motion rules (KBDL-MOT-013 through KBDL-MOT-019),MISSING,Missing,MISSING,Missing,No,PASS,None
KBDL-MOT-019,Packet or tracking destination,Interaction-category motion rules (KBDL-MOT-013 through KBDL-MOT-019),MISSING,Missing,MISSING,Missing,No,PASS,None
KBDL-MOT-013,Pending dependencies,Interaction-category motion rules (KBDL-MOT-013 through KBDL-MOT-019),MISSING,Missing,MISSING,Missing,No,PASS,None
KBDL-MOT-014,Pending dependencies,Interaction-category motion rules (KBDL-MOT-013 through KBDL-MOT-019),MISSING,Missing,MISSING,Missing,No,PASS,None
KBDL-MOT-015,Pending dependencies,Interaction-category motion rules (KBDL-MOT-013 through KBDL-MOT-019),MISSING,Missing,MISSING,Missing,No,PASS,None
KBDL-MOT-016,Pending dependencies,Interaction-category motion rules (KBDL-MOT-013 through KBDL-MOT-019),MISSING,Missing,MISSING,Missing,No,PASS,None
KBDL-MOT-017,Pending dependencies,Interaction-category motion rules (KBDL-MOT-013 through KBDL-MOT-019),MISSING,Missing,MISSING,Missing,No,PASS,None
KBDL-MOT-018,Pending dependencies,Interaction-category motion rules (KBDL-MOT-013 through KBDL-MOT-019),MISSING,Missing,MISSING,Missing,No,PASS,None
KBDL-MOT-019,Pending dependencies,Interaction-category motion rules (KBDL-MOT-013 through KBDL-MOT-019),MISSING,Missing,MISSING,Missing,No,PASS,None
KBDL-MOT-013,Related decision,Interaction-category motion rules (KBDL-MOT-013 through KBDL-MOT-019),`KBDL-DEC-010` (for the media-motion autoplay prohibition and WCAG 2.2 AA baseline); [KBDL-DEC-014](decision-register.md#kbdl-dec-014--kbdl-005-motion-decisions-approved) (for `KBDL-MOT-013`),Broad descriptive summary,`KBDL-DEC-010` (for the media-motion autoplay prohibition and WCAG 2.2 AA baseline); [KBDL-DEC-014](decision-register.md#kbdl-dec-014--kbdl-005-motion-decisions-approved) (for `KBDL-MOT-013`),Non-overriding summary,No,PASS,None
KBDL-MOT-014,Related decision,Interaction-category motion rules (KBDL-MOT-013 through KBDL-MOT-019),`KBDL-DEC-010` (for the media-motion autoplay prohibition and WCAG 2.2 AA baseline); [KBDL-DEC-014](decision-register.md#kbdl-dec-014--kbdl-005-motion-decisions-approved) (for `KBDL-MOT-013`),Broad descriptive summary,`KBDL-DEC-010` (for the media-motion autoplay prohibition and WCAG 2.2 AA baseline); [KBDL-DEC-014](decision-register.md#kbdl-dec-014--kbdl-005-motion-decisions-approved) (for `KBDL-MOT-013`),Non-overriding summary,No,PASS,None
KBDL-MOT-015,Related decision,Interaction-category motion rules (KBDL-MOT-013 through KBDL-MOT-019),`KBDL-DEC-010` (for the media-motion autoplay prohibition and WCAG 2.2 AA baseline); [KBDL-DEC-014](decision-register.md#kbdl-dec-014--kbdl-005-motion-decisions-approved) (for `KBDL-MOT-013`),Broad descriptive summary,`KBDL-DEC-010` (for the media-motion autoplay prohibition and WCAG 2.2 AA baseline); [KBDL-DEC-014](decision-register.md#kbdl-dec-014--kbdl-005-motion-decisions-approved) (for `KBDL-MOT-013`),Non-overriding summary,No,PASS,None
KBDL-MOT-016,Related decision,Interaction-category motion rules (KBDL-MOT-013 through KBDL-MOT-019),`KBDL-DEC-010` (for the media-motion autoplay prohibition and WCAG 2.2 AA baseline); [KBDL-DEC-014](decision-register.md#kbdl-dec-014--kbdl-005-motion-decisions-approved) (for `KBDL-MOT-013`),Broad descriptive summary,`KBDL-DEC-010` (for the media-motion autoplay prohibition and WCAG 2.2 AA baseline); [KBDL-DEC-014](decision-register.md#kbdl-dec-014--kbdl-005-motion-decisions-approved) (for `KBDL-MOT-013`),Non-overriding summary,No,PASS,None
KBDL-MOT-017,Related decision,Interaction-category motion rules (KBDL-MOT-013 through KBDL-MOT-019),`KBDL-DEC-010` (for the media-motion autoplay prohibition and WCAG 2.2 AA baseline); [KBDL-DEC-014](decision-register.md#kbdl-dec-014--kbdl-005-motion-decisions-approved) (for `KBDL-MOT-013`),Broad descriptive summary,`KBDL-DEC-010` (for the media-motion autoplay prohibition and WCAG 2.2 AA baseline); [KBDL-DEC-014](decision-register.md#kbdl-dec-014--kbdl-005-motion-decisions-approved) (for `KBDL-MOT-013`),Non-overriding summary,No,PASS,None
KBDL-MOT-018,Related decision,Interaction-category motion rules (KBDL-MOT-013 through KBDL-MOT-019),`KBDL-DEC-010` (for the media-motion autoplay prohibition and WCAG 2.2 AA baseline); [KBDL-DEC-014](decision-register.md#kbdl-dec-014--kbdl-005-motion-decisions-approved) (for `KBDL-MOT-013`),Broad descriptive summary,`KBDL-DEC-010` (for the media-motion autoplay prohibition and WCAG 2.2 AA baseline); [KBDL-DEC-014](decision-register.md#kbdl-dec-014--kbdl-005-motion-decisions-approved) (for `KBDL-MOT-013`),Non-overriding summary,No,PASS,None
KBDL-MOT-019,Related decision,Interaction-category motion rules (KBDL-MOT-013 through KBDL-MOT-019),`KBDL-DEC-010` (for the media-motion autoplay prohibition and WCAG 2.2 AA baseline); [KBDL-DEC-014](decision-register.md#kbdl-dec-014--kbdl-005-motion-decisions-approved) (for `KBDL-MOT-013`),Broad descriptive summary,`KBDL-DEC-010` (for the media-motion autoplay prohibition and WCAG 2.2 AA baseline); [KBDL-DEC-014](decision-register.md#kbdl-dec-014--kbdl-005-motion-decisions-approved) (for `KBDL-MOT-013`),Non-overriding summary,No,PASS,None
KBDL-MOT-013,Notes or exclusions,Interaction-category motion rules (KBDL-MOT-013 through KBDL-MOT-019),"The bounded-repetition limit for attention motion (2–3 repetitions, `KBDL-MOT-029`) is Approved per KBDL-DEC-014, decision packet item 7. `KBDL-MOT-013` maps to [motion decision packet](motion/README.md#10-motion-decision-packet) item 15 (added under KBDL-005-R2, which corrected the packet's initial omission of this requirement; approved under KBDL-005-A1).",Broad descriptive summary,"The bounded-repetition limit for attention motion (2–3 repetitions, `KBDL-MOT-029`) is Approved per KBDL-DEC-014, decision packet item 7. `KBDL-MOT-013` maps to [motion decision packet](motion/README.md#10-motion-decision-packet) item 15 (added under KBDL-005-R2, which corrected the packet's initial omission of this requirement; approved under KBDL-005-A1).",Non-overriding summary,No,PASS,None
KBDL-MOT-014,Notes or exclusions,Interaction-category motion rules (KBDL-MOT-013 through KBDL-MOT-019),"The bounded-repetition limit for attention motion (2–3 repetitions, `KBDL-MOT-029`) is Approved per KBDL-DEC-014, decision packet item 7. `KBDL-MOT-013` maps to [motion decision packet](motion/README.md#10-motion-decision-packet) item 15 (added under KBDL-005-R2, which corrected the packet's initial omission of this requirement; approved under KBDL-005-A1).",Broad descriptive summary,"The bounded-repetition limit for attention motion (2–3 repetitions, `KBDL-MOT-029`) is Approved per KBDL-DEC-014, decision packet item 7. `KBDL-MOT-013` maps to [motion decision packet](motion/README.md#10-motion-decision-packet) item 15 (added under KBDL-005-R2, which corrected the packet's initial omission of this requirement; approved under KBDL-005-A1).",Non-overriding summary,No,PASS,None
KBDL-MOT-015,Notes or exclusions,Interaction-category motion rules (KBDL-MOT-013 through KBDL-MOT-019),"The bounded-repetition limit for attention motion (2–3 repetitions, `KBDL-MOT-029`) is Approved per KBDL-DEC-014, decision packet item 7. `KBDL-MOT-013` maps to [motion decision packet](motion/README.md#10-motion-decision-packet) item 15 (added under KBDL-005-R2, which corrected the packet's initial omission of this requirement; approved under KBDL-005-A1).",Broad descriptive summary,"The bounded-repetition limit for attention motion (2–3 repetitions, `KBDL-MOT-029`) is Approved per KBDL-DEC-014, decision packet item 7. `KBDL-MOT-013` maps to [motion decision packet](motion/README.md#10-motion-decision-packet) item 15 (added under KBDL-005-R2, which corrected the packet's initial omission of this requirement; approved under KBDL-005-A1).",Non-overriding summary,No,PASS,None
KBDL-MOT-016,Notes or exclusions,Interaction-category motion rules (KBDL-MOT-013 through KBDL-MOT-019),"The bounded-repetition limit for attention motion (2–3 repetitions, `KBDL-MOT-029`) is Approved per KBDL-DEC-014, decision packet item 7. `KBDL-MOT-013` maps to [motion decision packet](motion/README.md#10-motion-decision-packet) item 15 (added under KBDL-005-R2, which corrected the packet's initial omission of this requirement; approved under KBDL-005-A1).",Broad descriptive summary,"The bounded-repetition limit for attention motion (2–3 repetitions, `KBDL-MOT-029`) is Approved per KBDL-DEC-014, decision packet item 7. `KBDL-MOT-013` maps to [motion decision packet](motion/README.md#10-motion-decision-packet) item 15 (added under KBDL-005-R2, which corrected the packet's initial omission of this requirement; approved under KBDL-005-A1).",Non-overriding summary,No,PASS,None
KBDL-MOT-017,Notes or exclusions,Interaction-category motion rules (KBDL-MOT-013 through KBDL-MOT-019),"The bounded-repetition limit for attention motion (2–3 repetitions, `KBDL-MOT-029`) is Approved per KBDL-DEC-014, decision packet item 7. `KBDL-MOT-013` maps to [motion decision packet](motion/README.md#10-motion-decision-packet) item 15 (added under KBDL-005-R2, which corrected the packet's initial omission of this requirement; approved under KBDL-005-A1).",Broad descriptive summary,"The bounded-repetition limit for attention motion (2–3 repetitions, `KBDL-MOT-029`) is Approved per KBDL-DEC-014, decision packet item 7. `KBDL-MOT-013` maps to [motion decision packet](motion/README.md#10-motion-decision-packet) item 15 (added under KBDL-005-R2, which corrected the packet's initial omission of this requirement; approved under KBDL-005-A1).",Non-overriding summary,No,PASS,None
KBDL-MOT-018,Notes or exclusions,Interaction-category motion rules (KBDL-MOT-013 through KBDL-MOT-019),"The bounded-repetition limit for attention motion (2–3 repetitions, `KBDL-MOT-029`) is Approved per KBDL-DEC-014, decision packet item 7. `KBDL-MOT-013` maps to [motion decision packet](motion/README.md#10-motion-decision-packet) item 15 (added under KBDL-005-R2, which corrected the packet's initial omission of this requirement; approved under KBDL-005-A1).",Broad descriptive summary,"The bounded-repetition limit for attention motion (2–3 repetitions, `KBDL-MOT-029`) is Approved per KBDL-DEC-014, decision packet item 7. `KBDL-MOT-013` maps to [motion decision packet](motion/README.md#10-motion-decision-packet) item 15 (added under KBDL-005-R2, which corrected the packet's initial omission of this requirement; approved under KBDL-005-A1).",Non-overriding summary,No,PASS,None
KBDL-MOT-019,Notes or exclusions,Interaction-category motion rules (KBDL-MOT-013 through KBDL-MOT-019),"The bounded-repetition limit for attention motion (2–3 repetitions, `KBDL-MOT-029`) is Approved per KBDL-DEC-014, decision packet item 7. `KBDL-MOT-013` maps to [motion decision packet](motion/README.md#10-motion-decision-packet) item 15 (added under KBDL-005-R2, which corrected the packet's initial omission of this requirement; approved under KBDL-005-A1).",Broad descriptive summary,"The bounded-repetition limit for attention motion (2–3 repetitions, `KBDL-MOT-029`) is Approved per KBDL-DEC-014, decision packet item 7. `KBDL-MOT-013` maps to [motion decision packet](motion/README.md#10-motion-decision-packet) item 15 (added under KBDL-005-R2, which corrected the packet's initial omission of this requirement; approved under KBDL-005-A1).",Non-overriding summary,No,PASS,None
KBDL-MOT-020,Blueprint section,Theme-transition motion (KBDL-MOT-020),Concrete duration/easing for the KBDL-004 theme-transition rules,Uniform default,Concrete duration/easing for the KBDL-004 theme-transition rules,Uniform default,Yes,PASS,None
KBDL-MOT-020,Roadmap prompt,Theme-transition motion (KBDL-MOT-020),KBDL-005,Uniform default,KBDL-005,Uniform default,Yes,PASS,None
KBDL-MOT-020,Specification location,Theme-transition motion (KBDL-MOT-020),[motion/patterns.md §8](motion/patterns.md#8-theme-transition-motion),Broad descriptive summary,[motion/patterns.md §8](motion/patterns.md#8-theme-transition-motion),Non-overriding summary,No,PASS,None
KBDL-MOT-020,Lifecycle status,Theme-transition motion (KBDL-MOT-020),MISSING,Missing,MISSING,Missing,No,PASS,None
KBDL-MOT-020,Provenance,Theme-transition motion (KBDL-MOT-020),MISSING,Missing,MISSING,Missing,No,PASS,None
KBDL-MOT-020,Validation classification,Theme-transition motion (KBDL-MOT-020),Not verified,Uniform status default,Not verified,Uniform default,Yes,PASS,None
KBDL-MOT-020,Authority,Theme-transition motion (KBDL-MOT-020),MISSING,Missing,MISSING,Missing,No,PASS,None
KBDL-MOT-020,Validation method,Theme-transition motion (KBDL-MOT-020),"Manual review of the worked example (performed); project-owner review (performed, see KBDL-DEC-014).",Broad descriptive summary,"Manual review of the worked example (performed); project-owner review (performed, see KBDL-DEC-014).",Non-overriding summary,No,PASS,None
KBDL-MOT-020,Validation evidence,Theme-transition motion (KBDL-MOT-020),"[motion/patterns.md §8](motion/patterns.md#8-theme-transition-motion) — conceptually verified against the already-`Verified` opaque contrast pair (17.17:1, unrelated example) and the KBDL-004 non-blocking/readability requirements; no live implementation has been rendered or measured.",Broad descriptive summary,"[motion/patterns.md §8](motion/patterns.md#8-theme-transition-motion) — conceptually verified against the already-`Verified` opaque contrast pair (17.17:1, unrelated example) and the KBDL-004 non-blocking/readability requirements; no live implementation has been rendered or measured.",Non-overriding summary,No,PASS,None
KBDL-MOT-020,Known limitation,Theme-transition motion (KBDL-MOT-020),No intermediate-frame contrast measurement has actually been performed against a live implementation.,Broad descriptive summary,No intermediate-frame contrast measurement has actually been performed against a live implementation.,Non-overriding summary,No,PASS,None
KBDL-MOT-020,Packet or tracking destination,Theme-transition motion (KBDL-MOT-020),MISSING,Missing,MISSING,Missing,No,PASS,None
KBDL-MOT-020,Pending dependencies,Theme-transition motion (KBDL-MOT-020),MISSING,Missing,MISSING,Missing,No,PASS,None
KBDL-MOT-020,Related decision,Theme-transition motion (KBDL-MOT-020),[KBDL-DEC-014](decision-register.md#kbdl-dec-014--kbdl-005-motion-decisions-approved).,Broad descriptive summary,[KBDL-DEC-014](decision-register.md#kbdl-dec-014--kbdl-005-motion-decisions-approved).,Non-overriding summary,No,PASS,None
KBDL-MOT-020,Notes or exclusions,Theme-transition motion (KBDL-MOT-020),This is the exact item KBDL-004's `KBDL-THM-012a` note deferred to KBDL-005; it does not reopen any approved KBDL-004 theme mapping.,Broad descriptive summary,This is the exact item KBDL-004's `KBDL-THM-012a` note deferred to KBDL-005; it does not reopen any approved KBDL-004 theme mapping.,Non-overriding summary,No,PASS,None
KBDL-MOT-021,Blueprint section,"Interruption, recovery, and accessibility/performance requirements (KBDL-MOT-021 through KBDL-MOT-027)",Interruption/reversal/recovery; reduced-motion and no-motion parity; motion safety; performance requirements; mobile/input-method considerations; profile consistency; approval-gate governance,Uniform default,Interruption/reversal/recovery; reduced-motion and no-motion parity; motion safety; performance requirements; mobile/input-method considerations; profile consistency; approval-gate governance,Uniform default,Yes,PASS,None
KBDL-MOT-022,Blueprint section,"Interruption, recovery, and accessibility/performance requirements (KBDL-MOT-021 through KBDL-MOT-027)",Interruption/reversal/recovery; reduced-motion and no-motion parity; motion safety; performance requirements; mobile/input-method considerations; profile consistency; approval-gate governance,Uniform default,Interruption/reversal/recovery; reduced-motion and no-motion parity; motion safety; performance requirements; mobile/input-method considerations; profile consistency; approval-gate governance,Uniform default,Yes,PASS,None
KBDL-MOT-023,Blueprint section,"Interruption, recovery, and accessibility/performance requirements (KBDL-MOT-021 through KBDL-MOT-027)",Interruption/reversal/recovery; reduced-motion and no-motion parity; motion safety; performance requirements; mobile/input-method considerations; profile consistency; approval-gate governance,Uniform default,Interruption/reversal/recovery; reduced-motion and no-motion parity; motion safety; performance requirements; mobile/input-method considerations; profile consistency; approval-gate governance,Uniform default,Yes,PASS,None
KBDL-MOT-024,Blueprint section,"Interruption, recovery, and accessibility/performance requirements (KBDL-MOT-021 through KBDL-MOT-027)",Interruption/reversal/recovery; reduced-motion and no-motion parity; motion safety; performance requirements; mobile/input-method considerations; profile consistency; approval-gate governance,Uniform default,Interruption/reversal/recovery; reduced-motion and no-motion parity; motion safety; performance requirements; mobile/input-method considerations; profile consistency; approval-gate governance,Uniform default,Yes,PASS,None
KBDL-MOT-025,Blueprint section,"Interruption, recovery, and accessibility/performance requirements (KBDL-MOT-021 through KBDL-MOT-027)",Interruption/reversal/recovery; reduced-motion and no-motion parity; motion safety; performance requirements; mobile/input-method considerations; profile consistency; approval-gate governance,Uniform default,Interruption/reversal/recovery; reduced-motion and no-motion parity; motion safety; performance requirements; mobile/input-method considerations; profile consistency; approval-gate governance,Uniform default,Yes,PASS,None
KBDL-MOT-026,Blueprint section,"Interruption, recovery, and accessibility/performance requirements (KBDL-MOT-021 through KBDL-MOT-027)",Interruption/reversal/recovery; reduced-motion and no-motion parity; motion safety; performance requirements; mobile/input-method considerations; profile consistency; approval-gate governance,Uniform default,Interruption/reversal/recovery; reduced-motion and no-motion parity; motion safety; performance requirements; mobile/input-method considerations; profile consistency; approval-gate governance,Uniform default,Yes,PASS,None
KBDL-MOT-027,Blueprint section,"Interruption, recovery, and accessibility/performance requirements (KBDL-MOT-021 through KBDL-MOT-027)",Interruption/reversal/recovery; reduced-motion and no-motion parity; motion safety; performance requirements; mobile/input-method considerations; profile consistency; approval-gate governance,Uniform default,Interruption/reversal/recovery; reduced-motion and no-motion parity; motion safety; performance requirements; mobile/input-method considerations; profile consistency; approval-gate governance,Uniform default,Yes,PASS,None
KBDL-MOT-021,Roadmap prompt,"Interruption, recovery, and accessibility/performance requirements (KBDL-MOT-021 through KBDL-MOT-027)",KBDL-005,Uniform default,KBDL-005,Uniform default,Yes,PASS,None
KBDL-MOT-022,Roadmap prompt,"Interruption, recovery, and accessibility/performance requirements (KBDL-MOT-021 through KBDL-MOT-027)",KBDL-005,Uniform default,KBDL-005,Uniform default,Yes,PASS,None
KBDL-MOT-023,Roadmap prompt,"Interruption, recovery, and accessibility/performance requirements (KBDL-MOT-021 through KBDL-MOT-027)",KBDL-005,Uniform default,KBDL-005,Uniform default,Yes,PASS,None
KBDL-MOT-024,Roadmap prompt,"Interruption, recovery, and accessibility/performance requirements (KBDL-MOT-021 through KBDL-MOT-027)",KBDL-005,Uniform default,KBDL-005,Uniform default,Yes,PASS,None
KBDL-MOT-025,Roadmap prompt,"Interruption, recovery, and accessibility/performance requirements (KBDL-MOT-021 through KBDL-MOT-027)",KBDL-005,Uniform default,KBDL-005,Uniform default,Yes,PASS,None
KBDL-MOT-026,Roadmap prompt,"Interruption, recovery, and accessibility/performance requirements (KBDL-MOT-021 through KBDL-MOT-027)",KBDL-005,Uniform default,KBDL-005,Uniform default,Yes,PASS,None
KBDL-MOT-027,Roadmap prompt,"Interruption, recovery, and accessibility/performance requirements (KBDL-MOT-021 through KBDL-MOT-027)",KBDL-005,Uniform default,KBDL-005,Uniform default,Yes,PASS,None
KBDL-MOT-021,Specification location,"Interruption, recovery, and accessibility/performance requirements (KBDL-MOT-021 through KBDL-MOT-027)","[motion/patterns.md §9](motion/patterns.md#9-interruption-reversal-and-recovery), [motion/accessibility-performance.md §1–§4](motion/accessibility-performance.md#1-reduced-motion-and-no-motion-parity), [motion/README.md §10](motion/README.md#10-motion-decision-packet)",Broad descriptive summary,"[motion/patterns.md §9](motion/patterns.md#9-interruption-reversal-and-recovery), [motion/accessibility-performance.md §1–§4](motion/accessibility-performance.md#1-reduced-motion-and-no-motion-parity), [motion/README.md §10](motion/README.md#10-motion-decision-packet)",Non-overriding summary,No,PASS,None
KBDL-MOT-022,Specification location,"Interruption, recovery, and accessibility/performance requirements (KBDL-MOT-021 through KBDL-MOT-027)","[motion/patterns.md §9](motion/patterns.md#9-interruption-reversal-and-recovery), [motion/accessibility-performance.md §1–§4](motion/accessibility-performance.md#1-reduced-motion-and-no-motion-parity), [motion/README.md §10](motion/README.md#10-motion-decision-packet)",Broad descriptive summary,"[motion/patterns.md §9](motion/patterns.md#9-interruption-reversal-and-recovery), [motion/accessibility-performance.md §1–§4](motion/accessibility-performance.md#1-reduced-motion-and-no-motion-parity), [motion/README.md §10](motion/README.md#10-motion-decision-packet)",Non-overriding summary,No,PASS,None
KBDL-MOT-023,Specification location,"Interruption, recovery, and accessibility/performance requirements (KBDL-MOT-021 through KBDL-MOT-027)","[motion/patterns.md §9](motion/patterns.md#9-interruption-reversal-and-recovery), [motion/accessibility-performance.md §1–§4](motion/accessibility-performance.md#1-reduced-motion-and-no-motion-parity), [motion/README.md §10](motion/README.md#10-motion-decision-packet)",Broad descriptive summary,"[motion/patterns.md §9](motion/patterns.md#9-interruption-reversal-and-recovery), [motion/accessibility-performance.md §1–§4](motion/accessibility-performance.md#1-reduced-motion-and-no-motion-parity), [motion/README.md §10](motion/README.md#10-motion-decision-packet)",Non-overriding summary,No,PASS,None
KBDL-MOT-024,Specification location,"Interruption, recovery, and accessibility/performance requirements (KBDL-MOT-021 through KBDL-MOT-027)","[motion/patterns.md §9](motion/patterns.md#9-interruption-reversal-and-recovery), [motion/accessibility-performance.md §1–§4](motion/accessibility-performance.md#1-reduced-motion-and-no-motion-parity), [motion/README.md §10](motion/README.md#10-motion-decision-packet)",Broad descriptive summary,"[motion/patterns.md §9](motion/patterns.md#9-interruption-reversal-and-recovery), [motion/accessibility-performance.md §1–§4](motion/accessibility-performance.md#1-reduced-motion-and-no-motion-parity), [motion/README.md §10](motion/README.md#10-motion-decision-packet)",Non-overriding summary,No,PASS,None
KBDL-MOT-025,Specification location,"Interruption, recovery, and accessibility/performance requirements (KBDL-MOT-021 through KBDL-MOT-027)","[motion/patterns.md §9](motion/patterns.md#9-interruption-reversal-and-recovery), [motion/accessibility-performance.md §1–§4](motion/accessibility-performance.md#1-reduced-motion-and-no-motion-parity), [motion/README.md §10](motion/README.md#10-motion-decision-packet)",Broad descriptive summary,"[motion/patterns.md §9](motion/patterns.md#9-interruption-reversal-and-recovery), [motion/accessibility-performance.md §1–§4](motion/accessibility-performance.md#1-reduced-motion-and-no-motion-parity), [motion/README.md §10](motion/README.md#10-motion-decision-packet)",Non-overriding summary,No,PASS,None
KBDL-MOT-026,Specification location,"Interruption, recovery, and accessibility/performance requirements (KBDL-MOT-021 through KBDL-MOT-027)","[motion/patterns.md §9](motion/patterns.md#9-interruption-reversal-and-recovery), [motion/accessibility-performance.md §1–§4](motion/accessibility-performance.md#1-reduced-motion-and-no-motion-parity), [motion/README.md §10](motion/README.md#10-motion-decision-packet)",Broad descriptive summary,"[motion/patterns.md §9](motion/patterns.md#9-interruption-reversal-and-recovery), [motion/accessibility-performance.md §1–§4](motion/accessibility-performance.md#1-reduced-motion-and-no-motion-parity), [motion/README.md §10](motion/README.md#10-motion-decision-packet)",Non-overriding summary,No,PASS,None
KBDL-MOT-027,Specification location,"Interruption, recovery, and accessibility/performance requirements (KBDL-MOT-021 through KBDL-MOT-027)","[motion/patterns.md §9](motion/patterns.md#9-interruption-reversal-and-recovery), [motion/accessibility-performance.md §1–§4](motion/accessibility-performance.md#1-reduced-motion-and-no-motion-parity), [motion/README.md §10](motion/README.md#10-motion-decision-packet)",Broad descriptive summary,"[motion/patterns.md §9](motion/patterns.md#9-interruption-reversal-and-recovery), [motion/accessibility-performance.md §1–§4](motion/accessibility-performance.md#1-reduced-motion-and-no-motion-parity), [motion/README.md §10](motion/README.md#10-motion-decision-packet)",Non-overriding summary,No,PASS,None
KBDL-MOT-021,Lifecycle status,"Interruption, recovery, and accessibility/performance requirements (KBDL-MOT-021 through KBDL-MOT-027)",MISSING,Missing,MISSING,Missing,No,PASS,None
KBDL-MOT-022,Lifecycle status,"Interruption, recovery, and accessibility/performance requirements (KBDL-MOT-021 through KBDL-MOT-027)",MISSING,Missing,MISSING,Missing,No,PASS,None
KBDL-MOT-023,Lifecycle status,"Interruption, recovery, and accessibility/performance requirements (KBDL-MOT-021 through KBDL-MOT-027)",MISSING,Missing,MISSING,Missing,No,PASS,None
KBDL-MOT-024,Lifecycle status,"Interruption, recovery, and accessibility/performance requirements (KBDL-MOT-021 through KBDL-MOT-027)",MISSING,Missing,MISSING,Missing,No,PASS,None
KBDL-MOT-025,Lifecycle status,"Interruption, recovery, and accessibility/performance requirements (KBDL-MOT-021 through KBDL-MOT-027)",MISSING,Missing,MISSING,Missing,No,PASS,None
KBDL-MOT-026,Lifecycle status,"Interruption, recovery, and accessibility/performance requirements (KBDL-MOT-021 through KBDL-MOT-027)",MISSING,Missing,MISSING,Missing,No,PASS,None
KBDL-MOT-027,Lifecycle status,"Interruption, recovery, and accessibility/performance requirements (KBDL-MOT-021 through KBDL-MOT-027)",MISSING,Missing,MISSING,Missing,No,PASS,None
KBDL-MOT-021,Provenance,"Interruption, recovery, and accessibility/performance requirements (KBDL-MOT-021 through KBDL-MOT-027)",MISSING,Missing,MISSING,Missing,No,PASS,None
KBDL-MOT-022,Provenance,"Interruption, recovery, and accessibility/performance requirements (KBDL-MOT-021 through KBDL-MOT-027)",MISSING,Missing,MISSING,Missing,No,PASS,None
KBDL-MOT-023,Provenance,"Interruption, recovery, and accessibility/performance requirements (KBDL-MOT-021 through KBDL-MOT-027)",MISSING,Missing,MISSING,Missing,No,PASS,None
KBDL-MOT-024,Provenance,"Interruption, recovery, and accessibility/performance requirements (KBDL-MOT-021 through KBDL-MOT-027)",MISSING,Missing,MISSING,Missing,No,PASS,None
KBDL-MOT-025,Provenance,"Interruption, recovery, and accessibility/performance requirements (KBDL-MOT-021 through KBDL-MOT-027)",MISSING,Missing,MISSING,Missing,No,PASS,None
KBDL-MOT-026,Provenance,"Interruption, recovery, and accessibility/performance requirements (KBDL-MOT-021 through KBDL-MOT-027)",MISSING,Missing,MISSING,Missing,No,PASS,None
KBDL-MOT-027,Provenance,"Interruption, recovery, and accessibility/performance requirements (KBDL-MOT-021 through KBDL-MOT-027)",MISSING,Missing,MISSING,Missing,No,PASS,None
KBDL-MOT-021,Validation classification,"Interruption, recovery, and accessibility/performance requirements (KBDL-MOT-021 through KBDL-MOT-027)","Not verified: KBDL-MOT-021, KBDL-MOT-022, KBDL-MOT-023, KBDL-MOT-024, KBDL-MOT-025, KBDL-MOT-026; Not applicable: KBDL-MOT-027",Status bucket,Not verified,Exact per-ID mapping,Yes,PASS,None
KBDL-MOT-022,Validation classification,"Interruption, recovery, and accessibility/performance requirements (KBDL-MOT-021 through KBDL-MOT-027)","Not verified: KBDL-MOT-021, KBDL-MOT-022, KBDL-MOT-023, KBDL-MOT-024, KBDL-MOT-025, KBDL-MOT-026; Not applicable: KBDL-MOT-027",Status bucket,Not verified,Exact per-ID mapping,Yes,PASS,None
KBDL-MOT-023,Validation classification,"Interruption, recovery, and accessibility/performance requirements (KBDL-MOT-021 through KBDL-MOT-027)","Not verified: KBDL-MOT-021, KBDL-MOT-022, KBDL-MOT-023, KBDL-MOT-024, KBDL-MOT-025, KBDL-MOT-026; Not applicable: KBDL-MOT-027",Status bucket,Not verified,Exact per-ID mapping,Yes,PASS,None
KBDL-MOT-024,Validation classification,"Interruption, recovery, and accessibility/performance requirements (KBDL-MOT-021 through KBDL-MOT-027)","Not verified: KBDL-MOT-021, KBDL-MOT-022, KBDL-MOT-023, KBDL-MOT-024, KBDL-MOT-025, KBDL-MOT-026; Not applicable: KBDL-MOT-027",Status bucket,Not verified,Exact per-ID mapping,Yes,PASS,None
KBDL-MOT-025,Validation classification,"Interruption, recovery, and accessibility/performance requirements (KBDL-MOT-021 through KBDL-MOT-027)","Not verified: KBDL-MOT-021, KBDL-MOT-022, KBDL-MOT-023, KBDL-MOT-024, KBDL-MOT-025, KBDL-MOT-026; Not applicable: KBDL-MOT-027",Status bucket,Not verified,Exact per-ID mapping,Yes,PASS,None
KBDL-MOT-026,Validation classification,"Interruption, recovery, and accessibility/performance requirements (KBDL-MOT-021 through KBDL-MOT-027)","Not verified: KBDL-MOT-021, KBDL-MOT-022, KBDL-MOT-023, KBDL-MOT-024, KBDL-MOT-025, KBDL-MOT-026; Not applicable: KBDL-MOT-027",Status bucket,Not verified,Exact per-ID mapping,Yes,PASS,None
KBDL-MOT-027,Validation classification,"Interruption, recovery, and accessibility/performance requirements (KBDL-MOT-021 through KBDL-MOT-027)","Not verified: KBDL-MOT-021, KBDL-MOT-022, KBDL-MOT-023, KBDL-MOT-024, KBDL-MOT-025, KBDL-MOT-026; Not applicable: KBDL-MOT-027",Status bucket,Not applicable,Exact per-ID mapping,Yes,PASS,None
KBDL-MOT-021,Authority,"Interruption, recovery, and accessibility/performance requirements (KBDL-MOT-021 through KBDL-MOT-027)",MISSING,Missing,MISSING,Missing,No,PASS,None
KBDL-MOT-022,Authority,"Interruption, recovery, and accessibility/performance requirements (KBDL-MOT-021 through KBDL-MOT-027)",MISSING,Missing,MISSING,Missing,No,PASS,None
KBDL-MOT-023,Authority,"Interruption, recovery, and accessibility/performance requirements (KBDL-MOT-021 through KBDL-MOT-027)",MISSING,Missing,MISSING,Missing,No,PASS,None
KBDL-MOT-024,Authority,"Interruption, recovery, and accessibility/performance requirements (KBDL-MOT-021 through KBDL-MOT-027)",MISSING,Missing,MISSING,Missing,No,PASS,None
KBDL-MOT-025,Authority,"Interruption, recovery, and accessibility/performance requirements (KBDL-MOT-021 through KBDL-MOT-027)",MISSING,Missing,MISSING,Missing,No,PASS,None
KBDL-MOT-026,Authority,"Interruption, recovery, and accessibility/performance requirements (KBDL-MOT-021 through KBDL-MOT-027)",MISSING,Missing,MISSING,Missing,No,PASS,None
KBDL-MOT-027,Authority,"Interruption, recovery, and accessibility/performance requirements (KBDL-MOT-021 through KBDL-MOT-027)",MISSING,Missing,MISSING,Missing,No,PASS,None
KBDL-MOT-021,Validation method,"Interruption, recovery, and accessibility/performance requirements (KBDL-MOT-021 through KBDL-MOT-027)","Manual parity/safety/performance review performed conceptually (see [motion/validation.md §3, §4](motion/validation.md#3-reduced-motion-matrix-review-performed)); implementation-level measurement not yet performed.",Broad descriptive summary,"Manual parity/safety/performance review performed conceptually (see [motion/validation.md §3, §4](motion/validation.md#3-reduced-motion-matrix-review-performed)); implementation-level measurement not yet performed.",Non-overriding summary,No,PASS,None
KBDL-MOT-022,Validation method,"Interruption, recovery, and accessibility/performance requirements (KBDL-MOT-021 through KBDL-MOT-027)","Manual parity/safety/performance review performed conceptually (see [motion/validation.md §3, §4](motion/validation.md#3-reduced-motion-matrix-review-performed)); implementation-level measurement not yet performed.",Broad descriptive summary,"Manual parity/safety/performance review performed conceptually (see [motion/validation.md §3, §4](motion/validation.md#3-reduced-motion-matrix-review-performed)); implementation-level measurement not yet performed.",Non-overriding summary,No,PASS,None
KBDL-MOT-023,Validation method,"Interruption, recovery, and accessibility/performance requirements (KBDL-MOT-021 through KBDL-MOT-027)","Manual parity/safety/performance review performed conceptually (see [motion/validation.md §3, §4](motion/validation.md#3-reduced-motion-matrix-review-performed)); implementation-level measurement not yet performed.",Broad descriptive summary,"Manual parity/safety/performance review performed conceptually (see [motion/validation.md §3, §4](motion/validation.md#3-reduced-motion-matrix-review-performed)); implementation-level measurement not yet performed.",Non-overriding summary,No,PASS,None
KBDL-MOT-024,Validation method,"Interruption, recovery, and accessibility/performance requirements (KBDL-MOT-021 through KBDL-MOT-027)","Manual parity/safety/performance review performed conceptually (see [motion/validation.md §3, §4](motion/validation.md#3-reduced-motion-matrix-review-performed)); implementation-level measurement not yet performed.",Broad descriptive summary,"Manual parity/safety/performance review performed conceptually (see [motion/validation.md §3, §4](motion/validation.md#3-reduced-motion-matrix-review-performed)); implementation-level measurement not yet performed.",Non-overriding summary,No,PASS,None
KBDL-MOT-025,Validation method,"Interruption, recovery, and accessibility/performance requirements (KBDL-MOT-021 through KBDL-MOT-027)","Manual parity/safety/performance review performed conceptually (see [motion/validation.md §3, §4](motion/validation.md#3-reduced-motion-matrix-review-performed)); implementation-level measurement not yet performed.",Broad descriptive summary,"Manual parity/safety/performance review performed conceptually (see [motion/validation.md §3, §4](motion/validation.md#3-reduced-motion-matrix-review-performed)); implementation-level measurement not yet performed.",Non-overriding summary,No,PASS,None
KBDL-MOT-026,Validation method,"Interruption, recovery, and accessibility/performance requirements (KBDL-MOT-021 through KBDL-MOT-027)","Manual parity/safety/performance review performed conceptually (see [motion/validation.md §3, §4](motion/validation.md#3-reduced-motion-matrix-review-performed)); implementation-level measurement not yet performed.",Broad descriptive summary,"Manual parity/safety/performance review performed conceptually (see [motion/validation.md §3, §4](motion/validation.md#3-reduced-motion-matrix-review-performed)); implementation-level measurement not yet performed.",Non-overriding summary,No,PASS,None
KBDL-MOT-027,Validation method,"Interruption, recovery, and accessibility/performance requirements (KBDL-MOT-021 through KBDL-MOT-027)","Manual parity/safety/performance review performed conceptually (see [motion/validation.md §3, §4](motion/validation.md#3-reduced-motion-matrix-review-performed)); implementation-level measurement not yet performed.",Broad descriptive summary,"Manual parity/safety/performance review performed conceptually (see [motion/validation.md §3, §4](motion/validation.md#3-reduced-motion-matrix-review-performed)); implementation-level measurement not yet performed.",Non-overriding summary,No,PASS,None
KBDL-MOT-021,Validation evidence,"Interruption, recovery, and accessibility/performance requirements (KBDL-MOT-021 through KBDL-MOT-027)","[motion/validation.md §3](motion/validation.md#3-reduced-motion-matrix-review-performed) (reduced-motion parity, passed) and [motion/validation.md §4](motion/validation.md#4-pattern-coverage-review-performed) (pattern coverage, passed).",Broad descriptive summary,"[motion/validation.md §3](motion/validation.md#3-reduced-motion-matrix-review-performed) (reduced-motion parity, passed) and [motion/validation.md §4](motion/validation.md#4-pattern-coverage-review-performed) (pattern coverage, passed).",Non-overriding summary,No,PASS,None
KBDL-MOT-022,Validation evidence,"Interruption, recovery, and accessibility/performance requirements (KBDL-MOT-021 through KBDL-MOT-027)","[motion/validation.md §3](motion/validation.md#3-reduced-motion-matrix-review-performed) (reduced-motion parity, passed) and [motion/validation.md §4](motion/validation.md#4-pattern-coverage-review-performed) (pattern coverage, passed).",Broad descriptive summary,"[motion/validation.md §3](motion/validation.md#3-reduced-motion-matrix-review-performed) (reduced-motion parity, passed) and [motion/validation.md §4](motion/validation.md#4-pattern-coverage-review-performed) (pattern coverage, passed).",Non-overriding summary,No,PASS,None
KBDL-MOT-023,Validation evidence,"Interruption, recovery, and accessibility/performance requirements (KBDL-MOT-021 through KBDL-MOT-027)","[motion/validation.md §3](motion/validation.md#3-reduced-motion-matrix-review-performed) (reduced-motion parity, passed) and [motion/validation.md §4](motion/validation.md#4-pattern-coverage-review-performed) (pattern coverage, passed).",Broad descriptive summary,"[motion/validation.md §3](motion/validation.md#3-reduced-motion-matrix-review-performed) (reduced-motion parity, passed) and [motion/validation.md §4](motion/validation.md#4-pattern-coverage-review-performed) (pattern coverage, passed).",Non-overriding summary,No,PASS,None
KBDL-MOT-024,Validation evidence,"Interruption, recovery, and accessibility/performance requirements (KBDL-MOT-021 through KBDL-MOT-027)","[motion/validation.md §3](motion/validation.md#3-reduced-motion-matrix-review-performed) (reduced-motion parity, passed) and [motion/validation.md §4](motion/validation.md#4-pattern-coverage-review-performed) (pattern coverage, passed).",Broad descriptive summary,"[motion/validation.md §3](motion/validation.md#3-reduced-motion-matrix-review-performed) (reduced-motion parity, passed) and [motion/validation.md §4](motion/validation.md#4-pattern-coverage-review-performed) (pattern coverage, passed).",Non-overriding summary,No,PASS,None
KBDL-MOT-025,Validation evidence,"Interruption, recovery, and accessibility/performance requirements (KBDL-MOT-021 through KBDL-MOT-027)","[motion/validation.md §3](motion/validation.md#3-reduced-motion-matrix-review-performed) (reduced-motion parity, passed) and [motion/validation.md §4](motion/validation.md#4-pattern-coverage-review-performed) (pattern coverage, passed).",Broad descriptive summary,"[motion/validation.md §3](motion/validation.md#3-reduced-motion-matrix-review-performed) (reduced-motion parity, passed) and [motion/validation.md §4](motion/validation.md#4-pattern-coverage-review-performed) (pattern coverage, passed).",Non-overriding summary,No,PASS,None
KBDL-MOT-026,Validation evidence,"Interruption, recovery, and accessibility/performance requirements (KBDL-MOT-021 through KBDL-MOT-027)","[motion/validation.md §3](motion/validation.md#3-reduced-motion-matrix-review-performed) (reduced-motion parity, passed) and [motion/validation.md §4](motion/validation.md#4-pattern-coverage-review-performed) (pattern coverage, passed).",Broad descriptive summary,"[motion/validation.md §3](motion/validation.md#3-reduced-motion-matrix-review-performed) (reduced-motion parity, passed) and [motion/validation.md §4](motion/validation.md#4-pattern-coverage-review-performed) (pattern coverage, passed).",Non-overriding summary,No,PASS,None
KBDL-MOT-027,Validation evidence,"Interruption, recovery, and accessibility/performance requirements (KBDL-MOT-021 through KBDL-MOT-027)","[motion/validation.md §3](motion/validation.md#3-reduced-motion-matrix-review-performed) (reduced-motion parity, passed) and [motion/validation.md §4](motion/validation.md#4-pattern-coverage-review-performed) (pattern coverage, passed).",Broad descriptive summary,"[motion/validation.md §3](motion/validation.md#3-reduced-motion-matrix-review-performed) (reduced-motion parity, passed) and [motion/validation.md §4](motion/validation.md#4-pattern-coverage-review-performed) (pattern coverage, passed).",Non-overriding summary,No,PASS,None
KBDL-MOT-021,Known limitation,"Interruption, recovery, and accessibility/performance requirements (KBDL-MOT-021 through KBDL-MOT-027)","No implementation exists to measure actual frame rate, input latency, or cross-input-method behavior.",Broad descriptive summary,"No implementation exists to measure actual frame rate, input latency, or cross-input-method behavior.",Non-overriding summary,No,PASS,None
KBDL-MOT-022,Known limitation,"Interruption, recovery, and accessibility/performance requirements (KBDL-MOT-021 through KBDL-MOT-027)","No implementation exists to measure actual frame rate, input latency, or cross-input-method behavior.",Broad descriptive summary,"No implementation exists to measure actual frame rate, input latency, or cross-input-method behavior.",Non-overriding summary,No,PASS,None
KBDL-MOT-023,Known limitation,"Interruption, recovery, and accessibility/performance requirements (KBDL-MOT-021 through KBDL-MOT-027)","No implementation exists to measure actual frame rate, input latency, or cross-input-method behavior.",Broad descriptive summary,"No implementation exists to measure actual frame rate, input latency, or cross-input-method behavior.",Non-overriding summary,No,PASS,None
KBDL-MOT-024,Known limitation,"Interruption, recovery, and accessibility/performance requirements (KBDL-MOT-021 through KBDL-MOT-027)","No implementation exists to measure actual frame rate, input latency, or cross-input-method behavior.",Broad descriptive summary,"No implementation exists to measure actual frame rate, input latency, or cross-input-method behavior.",Non-overriding summary,No,PASS,None
KBDL-MOT-025,Known limitation,"Interruption, recovery, and accessibility/performance requirements (KBDL-MOT-021 through KBDL-MOT-027)","No implementation exists to measure actual frame rate, input latency, or cross-input-method behavior.",Broad descriptive summary,"No implementation exists to measure actual frame rate, input latency, or cross-input-method behavior.",Non-overriding summary,No,PASS,None
KBDL-MOT-026,Known limitation,"Interruption, recovery, and accessibility/performance requirements (KBDL-MOT-021 through KBDL-MOT-027)","No implementation exists to measure actual frame rate, input latency, or cross-input-method behavior.",Broad descriptive summary,"No implementation exists to measure actual frame rate, input latency, or cross-input-method behavior.",Non-overriding summary,No,PASS,None
KBDL-MOT-027,Known limitation,"Interruption, recovery, and accessibility/performance requirements (KBDL-MOT-021 through KBDL-MOT-027)","No implementation exists to measure actual frame rate, input latency, or cross-input-method behavior.",Broad descriptive summary,"No implementation exists to measure actual frame rate, input latency, or cross-input-method behavior.",Non-overriding summary,No,PASS,None
KBDL-MOT-021,Packet or tracking destination,"Interruption, recovery, and accessibility/performance requirements (KBDL-MOT-021 through KBDL-MOT-027)",MISSING,Missing,MISSING,Missing,No,PASS,None
KBDL-MOT-022,Packet or tracking destination,"Interruption, recovery, and accessibility/performance requirements (KBDL-MOT-021 through KBDL-MOT-027)",MISSING,Missing,MISSING,Missing,No,PASS,None
KBDL-MOT-023,Packet or tracking destination,"Interruption, recovery, and accessibility/performance requirements (KBDL-MOT-021 through KBDL-MOT-027)",MISSING,Missing,MISSING,Missing,No,PASS,None
KBDL-MOT-024,Packet or tracking destination,"Interruption, recovery, and accessibility/performance requirements (KBDL-MOT-021 through KBDL-MOT-027)",MISSING,Missing,MISSING,Missing,No,PASS,None
KBDL-MOT-025,Packet or tracking destination,"Interruption, recovery, and accessibility/performance requirements (KBDL-MOT-021 through KBDL-MOT-027)",MISSING,Missing,MISSING,Missing,No,PASS,None
KBDL-MOT-026,Packet or tracking destination,"Interruption, recovery, and accessibility/performance requirements (KBDL-MOT-021 through KBDL-MOT-027)",MISSING,Missing,MISSING,Missing,No,PASS,None
KBDL-MOT-027,Packet or tracking destination,"Interruption, recovery, and accessibility/performance requirements (KBDL-MOT-021 through KBDL-MOT-027)",MISSING,Missing,MISSING,Missing,No,PASS,None
KBDL-MOT-021,Pending dependencies,"Interruption, recovery, and accessibility/performance requirements (KBDL-MOT-021 through KBDL-MOT-027)",MISSING,Missing,MISSING,Missing,No,PASS,None
KBDL-MOT-022,Pending dependencies,"Interruption, recovery, and accessibility/performance requirements (KBDL-MOT-021 through KBDL-MOT-027)",MISSING,Missing,MISSING,Missing,No,PASS,None
KBDL-MOT-023,Pending dependencies,"Interruption, recovery, and accessibility/performance requirements (KBDL-MOT-021 through KBDL-MOT-027)",MISSING,Missing,MISSING,Missing,No,PASS,None
KBDL-MOT-024,Pending dependencies,"Interruption, recovery, and accessibility/performance requirements (KBDL-MOT-021 through KBDL-MOT-027)",MISSING,Missing,MISSING,Missing,No,PASS,None
KBDL-MOT-025,Pending dependencies,"Interruption, recovery, and accessibility/performance requirements (KBDL-MOT-021 through KBDL-MOT-027)",MISSING,Missing,MISSING,Missing,No,PASS,None
KBDL-MOT-026,Pending dependencies,"Interruption, recovery, and accessibility/performance requirements (KBDL-MOT-021 through KBDL-MOT-027)",MISSING,Missing,MISSING,Missing,No,PASS,None
KBDL-MOT-027,Pending dependencies,"Interruption, recovery, and accessibility/performance requirements (KBDL-MOT-021 through KBDL-MOT-027)",MISSING,Missing,MISSING,Missing,No,PASS,None
KBDL-MOT-021,Related decision,"Interruption, recovery, and accessibility/performance requirements (KBDL-MOT-021 through KBDL-MOT-027)","`KBDL-THM-012a`, `KBDL-DEC-010`",Broad descriptive summary,"`KBDL-THM-012a`, `KBDL-DEC-010`",Non-overriding summary,No,PASS,None
KBDL-MOT-022,Related decision,"Interruption, recovery, and accessibility/performance requirements (KBDL-MOT-021 through KBDL-MOT-027)","`KBDL-THM-012a`, `KBDL-DEC-010`",Broad descriptive summary,"`KBDL-THM-012a`, `KBDL-DEC-010`",Non-overriding summary,No,PASS,None
KBDL-MOT-023,Related decision,"Interruption, recovery, and accessibility/performance requirements (KBDL-MOT-021 through KBDL-MOT-027)","`KBDL-THM-012a`, `KBDL-DEC-010`",Broad descriptive summary,"`KBDL-THM-012a`, `KBDL-DEC-010`",Non-overriding summary,No,PASS,None
KBDL-MOT-024,Related decision,"Interruption, recovery, and accessibility/performance requirements (KBDL-MOT-021 through KBDL-MOT-027)","`KBDL-THM-012a`, `KBDL-DEC-010`",Broad descriptive summary,"`KBDL-THM-012a`, `KBDL-DEC-010`",Non-overriding summary,No,PASS,None
KBDL-MOT-025,Related decision,"Interruption, recovery, and accessibility/performance requirements (KBDL-MOT-021 through KBDL-MOT-027)","`KBDL-THM-012a`, `KBDL-DEC-010`",Broad descriptive summary,"`KBDL-THM-012a`, `KBDL-DEC-010`",Non-overriding summary,No,PASS,None
KBDL-MOT-026,Related decision,"Interruption, recovery, and accessibility/performance requirements (KBDL-MOT-021 through KBDL-MOT-027)","`KBDL-THM-012a`, `KBDL-DEC-010`",Broad descriptive summary,"`KBDL-THM-012a`, `KBDL-DEC-010`",Non-overriding summary,No,PASS,None
KBDL-MOT-027,Related decision,"Interruption, recovery, and accessibility/performance requirements (KBDL-MOT-021 through KBDL-MOT-027)","`KBDL-THM-012a`, `KBDL-DEC-010`",Broad descriptive summary,"`KBDL-THM-012a`, `KBDL-DEC-010`",Non-overriding summary,No,PASS,None
KBDL-MOT-021,Notes or exclusions,"Interruption, recovery, and accessibility/performance requirements (KBDL-MOT-021 through KBDL-MOT-027)","These seven requirements collectively ensure no motion default introduced by this module bypasses KBDL's existing accessibility, safety, performance, or approval-governance baseline.",Broad descriptive summary,"These seven requirements collectively ensure no motion default introduced by this module bypasses KBDL's existing accessibility, safety, performance, or approval-governance baseline.",Non-overriding summary,No,PASS,None
KBDL-MOT-022,Notes or exclusions,"Interruption, recovery, and accessibility/performance requirements (KBDL-MOT-021 through KBDL-MOT-027)","These seven requirements collectively ensure no motion default introduced by this module bypasses KBDL's existing accessibility, safety, performance, or approval-governance baseline.",Broad descriptive summary,"These seven requirements collectively ensure no motion default introduced by this module bypasses KBDL's existing accessibility, safety, performance, or approval-governance baseline.",Non-overriding summary,No,PASS,None
KBDL-MOT-023,Notes or exclusions,"Interruption, recovery, and accessibility/performance requirements (KBDL-MOT-021 through KBDL-MOT-027)","These seven requirements collectively ensure no motion default introduced by this module bypasses KBDL's existing accessibility, safety, performance, or approval-governance baseline.",Broad descriptive summary,"These seven requirements collectively ensure no motion default introduced by this module bypasses KBDL's existing accessibility, safety, performance, or approval-governance baseline.",Non-overriding summary,No,PASS,None
KBDL-MOT-024,Notes or exclusions,"Interruption, recovery, and accessibility/performance requirements (KBDL-MOT-021 through KBDL-MOT-027)","These seven requirements collectively ensure no motion default introduced by this module bypasses KBDL's existing accessibility, safety, performance, or approval-governance baseline.",Broad descriptive summary,"These seven requirements collectively ensure no motion default introduced by this module bypasses KBDL's existing accessibility, safety, performance, or approval-governance baseline.",Non-overriding summary,No,PASS,None
KBDL-MOT-025,Notes or exclusions,"Interruption, recovery, and accessibility/performance requirements (KBDL-MOT-021 through KBDL-MOT-027)","These seven requirements collectively ensure no motion default introduced by this module bypasses KBDL's existing accessibility, safety, performance, or approval-governance baseline.",Broad descriptive summary,"These seven requirements collectively ensure no motion default introduced by this module bypasses KBDL's existing accessibility, safety, performance, or approval-governance baseline.",Non-overriding summary,No,PASS,None
KBDL-MOT-026,Notes or exclusions,"Interruption, recovery, and accessibility/performance requirements (KBDL-MOT-021 through KBDL-MOT-027)","These seven requirements collectively ensure no motion default introduced by this module bypasses KBDL's existing accessibility, safety, performance, or approval-governance baseline.",Broad descriptive summary,"These seven requirements collectively ensure no motion default introduced by this module bypasses KBDL's existing accessibility, safety, performance, or approval-governance baseline.",Non-overriding summary,No,PASS,None
KBDL-MOT-027,Notes or exclusions,"Interruption, recovery, and accessibility/performance requirements (KBDL-MOT-021 through KBDL-MOT-027)","These seven requirements collectively ensure no motion default introduced by this module bypasses KBDL's existing accessibility, safety, performance, or approval-governance baseline.",Broad descriptive summary,"These seven requirements collectively ensure no motion default introduced by this module bypasses KBDL's existing accessibility, safety, performance, or approval-governance baseline.",Non-overriding summary,No,PASS,None
KBDL-MOT-028,Blueprint section,Detailed motion defaults separated from their approved cores (KBDL-MOT-028 through KBDL-MOT-034),Entrance-versus-exit duration relationship; attention repetition default; detailed ambient-motion boundaries; detailed scroll-linked-motion boundaries; reduced-motion substitution matrix; conceptual motion-token naming architecture; profile-level motion-intensity adjustments,Uniform default,Entrance-versus-exit duration relationship; attention repetition default; detailed ambient-motion boundaries; detailed scroll-linked-motion boundaries; reduced-motion substitution matrix; conceptual motion-token naming architecture; profile-level motion-intensity adjustments,Uniform default,Yes,PASS,None
KBDL-MOT-029,Blueprint section,Detailed motion defaults separated from their approved cores (KBDL-MOT-028 through KBDL-MOT-034),Entrance-versus-exit duration relationship; attention repetition default; detailed ambient-motion boundaries; detailed scroll-linked-motion boundaries; reduced-motion substitution matrix; conceptual motion-token naming architecture; profile-level motion-intensity adjustments,Uniform default,Entrance-versus-exit duration relationship; attention repetition default; detailed ambient-motion boundaries; detailed scroll-linked-motion boundaries; reduced-motion substitution matrix; conceptual motion-token naming architecture; profile-level motion-intensity adjustments,Uniform default,Yes,PASS,None
KBDL-MOT-030,Blueprint section,Detailed motion defaults separated from their approved cores (KBDL-MOT-028 through KBDL-MOT-034),Entrance-versus-exit duration relationship; attention repetition default; detailed ambient-motion boundaries; detailed scroll-linked-motion boundaries; reduced-motion substitution matrix; conceptual motion-token naming architecture; profile-level motion-intensity adjustments,Uniform default,Entrance-versus-exit duration relationship; attention repetition default; detailed ambient-motion boundaries; detailed scroll-linked-motion boundaries; reduced-motion substitution matrix; conceptual motion-token naming architecture; profile-level motion-intensity adjustments,Uniform default,Yes,PASS,None
KBDL-MOT-031,Blueprint section,Detailed motion defaults separated from their approved cores (KBDL-MOT-028 through KBDL-MOT-034),Entrance-versus-exit duration relationship; attention repetition default; detailed ambient-motion boundaries; detailed scroll-linked-motion boundaries; reduced-motion substitution matrix; conceptual motion-token naming architecture; profile-level motion-intensity adjustments,Uniform default,Entrance-versus-exit duration relationship; attention repetition default; detailed ambient-motion boundaries; detailed scroll-linked-motion boundaries; reduced-motion substitution matrix; conceptual motion-token naming architecture; profile-level motion-intensity adjustments,Uniform default,Yes,PASS,None
KBDL-MOT-032,Blueprint section,Detailed motion defaults separated from their approved cores (KBDL-MOT-028 through KBDL-MOT-034),Entrance-versus-exit duration relationship; attention repetition default; detailed ambient-motion boundaries; detailed scroll-linked-motion boundaries; reduced-motion substitution matrix; conceptual motion-token naming architecture; profile-level motion-intensity adjustments,Uniform default,Entrance-versus-exit duration relationship; attention repetition default; detailed ambient-motion boundaries; detailed scroll-linked-motion boundaries; reduced-motion substitution matrix; conceptual motion-token naming architecture; profile-level motion-intensity adjustments,Uniform default,Yes,PASS,None
KBDL-MOT-033,Blueprint section,Detailed motion defaults separated from their approved cores (KBDL-MOT-028 through KBDL-MOT-034),Entrance-versus-exit duration relationship; attention repetition default; detailed ambient-motion boundaries; detailed scroll-linked-motion boundaries; reduced-motion substitution matrix; conceptual motion-token naming architecture; profile-level motion-intensity adjustments,Uniform default,Entrance-versus-exit duration relationship; attention repetition default; detailed ambient-motion boundaries; detailed scroll-linked-motion boundaries; reduced-motion substitution matrix; conceptual motion-token naming architecture; profile-level motion-intensity adjustments,Uniform default,Yes,PASS,None
KBDL-MOT-034,Blueprint section,Detailed motion defaults separated from their approved cores (KBDL-MOT-028 through KBDL-MOT-034),Entrance-versus-exit duration relationship; attention repetition default; detailed ambient-motion boundaries; detailed scroll-linked-motion boundaries; reduced-motion substitution matrix; conceptual motion-token naming architecture; profile-level motion-intensity adjustments,Uniform default,Entrance-versus-exit duration relationship; attention repetition default; detailed ambient-motion boundaries; detailed scroll-linked-motion boundaries; reduced-motion substitution matrix; conceptual motion-token naming architecture; profile-level motion-intensity adjustments,Uniform default,Yes,PASS,None
KBDL-MOT-028,Roadmap prompt,Detailed motion defaults separated from their approved cores (KBDL-MOT-028 through KBDL-MOT-034),KBDL-005-R1 (added during remediation to separate new KBDL-005 policy that was previously bundled inside an Approved core requirement's section without its own lifecycle record),Uniform default,KBDL-005-R1 (added during remediation to separate new KBDL-005 policy that was previously bundled inside an Approved core requirement's section without its own lifecycle record),Uniform default,Yes,PASS,None
KBDL-MOT-029,Roadmap prompt,Detailed motion defaults separated from their approved cores (KBDL-MOT-028 through KBDL-MOT-034),KBDL-005-R1 (added during remediation to separate new KBDL-005 policy that was previously bundled inside an Approved core requirement's section without its own lifecycle record),Uniform default,KBDL-005-R1 (added during remediation to separate new KBDL-005 policy that was previously bundled inside an Approved core requirement's section without its own lifecycle record),Uniform default,Yes,PASS,None
KBDL-MOT-030,Roadmap prompt,Detailed motion defaults separated from their approved cores (KBDL-MOT-028 through KBDL-MOT-034),KBDL-005-R1 (added during remediation to separate new KBDL-005 policy that was previously bundled inside an Approved core requirement's section without its own lifecycle record),Uniform default,KBDL-005-R1 (added during remediation to separate new KBDL-005 policy that was previously bundled inside an Approved core requirement's section without its own lifecycle record),Uniform default,Yes,PASS,None
KBDL-MOT-031,Roadmap prompt,Detailed motion defaults separated from their approved cores (KBDL-MOT-028 through KBDL-MOT-034),KBDL-005-R1 (added during remediation to separate new KBDL-005 policy that was previously bundled inside an Approved core requirement's section without its own lifecycle record),Uniform default,KBDL-005-R1 (added during remediation to separate new KBDL-005 policy that was previously bundled inside an Approved core requirement's section without its own lifecycle record),Uniform default,Yes,PASS,None
KBDL-MOT-032,Roadmap prompt,Detailed motion defaults separated from their approved cores (KBDL-MOT-028 through KBDL-MOT-034),KBDL-005-R1 (added during remediation to separate new KBDL-005 policy that was previously bundled inside an Approved core requirement's section without its own lifecycle record),Uniform default,KBDL-005-R1 (added during remediation to separate new KBDL-005 policy that was previously bundled inside an Approved core requirement's section without its own lifecycle record),Uniform default,Yes,PASS,None
KBDL-MOT-033,Roadmap prompt,Detailed motion defaults separated from their approved cores (KBDL-MOT-028 through KBDL-MOT-034),KBDL-005-R1 (added during remediation to separate new KBDL-005 policy that was previously bundled inside an Approved core requirement's section without its own lifecycle record),Uniform default,KBDL-005-R1 (added during remediation to separate new KBDL-005 policy that was previously bundled inside an Approved core requirement's section without its own lifecycle record),Uniform default,Yes,PASS,None
KBDL-MOT-034,Roadmap prompt,Detailed motion defaults separated from their approved cores (KBDL-MOT-028 through KBDL-MOT-034),KBDL-005-R1 (added during remediation to separate new KBDL-005 policy that was previously bundled inside an Approved core requirement's section without its own lifecycle record),Uniform default,KBDL-005-R1 (added during remediation to separate new KBDL-005 policy that was previously bundled inside an Approved core requirement's section without its own lifecycle record),Uniform default,Yes,PASS,None
KBDL-MOT-028,Specification location,Detailed motion defaults separated from their approved cores (KBDL-MOT-028 through KBDL-MOT-034),"[motion/foundations.md §7](motion/foundations.md#7-entrance-and-exit-behavior), [motion/patterns.md §4, §5, §6, §10](motion/patterns.md#4-attention-motion), [motion/accessibility-performance.md §1.4](motion/accessibility-performance.md#14-per-category-parity-matrix), [motion/timing-easing.md §4](motion/timing-easing.md#4-conceptual-motion-tokens)",Broad descriptive summary,"[motion/foundations.md §7](motion/foundations.md#7-entrance-and-exit-behavior), [motion/patterns.md §4, §5, §6, §10](motion/patterns.md#4-attention-motion), [motion/accessibility-performance.md §1.4](motion/accessibility-performance.md#14-per-category-parity-matrix), [motion/timing-easing.md §4](motion/timing-easing.md#4-conceptual-motion-tokens)",Non-overriding summary,No,PASS,None
KBDL-MOT-029,Specification location,Detailed motion defaults separated from their approved cores (KBDL-MOT-028 through KBDL-MOT-034),"[motion/foundations.md §7](motion/foundations.md#7-entrance-and-exit-behavior), [motion/patterns.md §4, §5, §6, §10](motion/patterns.md#4-attention-motion), [motion/accessibility-performance.md §1.4](motion/accessibility-performance.md#14-per-category-parity-matrix), [motion/timing-easing.md §4](motion/timing-easing.md#4-conceptual-motion-tokens)",Broad descriptive summary,"[motion/foundations.md §7](motion/foundations.md#7-entrance-and-exit-behavior), [motion/patterns.md §4, §5, §6, §10](motion/patterns.md#4-attention-motion), [motion/accessibility-performance.md §1.4](motion/accessibility-performance.md#14-per-category-parity-matrix), [motion/timing-easing.md §4](motion/timing-easing.md#4-conceptual-motion-tokens)",Non-overriding summary,No,PASS,None
KBDL-MOT-030,Specification location,Detailed motion defaults separated from their approved cores (KBDL-MOT-028 through KBDL-MOT-034),"[motion/foundations.md §7](motion/foundations.md#7-entrance-and-exit-behavior), [motion/patterns.md §4, §5, §6, §10](motion/patterns.md#4-attention-motion), [motion/accessibility-performance.md §1.4](motion/accessibility-performance.md#14-per-category-parity-matrix), [motion/timing-easing.md §4](motion/timing-easing.md#4-conceptual-motion-tokens)",Broad descriptive summary,"[motion/foundations.md §7](motion/foundations.md#7-entrance-and-exit-behavior), [motion/patterns.md §4, §5, §6, §10](motion/patterns.md#4-attention-motion), [motion/accessibility-performance.md §1.4](motion/accessibility-performance.md#14-per-category-parity-matrix), [motion/timing-easing.md §4](motion/timing-easing.md#4-conceptual-motion-tokens)",Non-overriding summary,No,PASS,None
KBDL-MOT-031,Specification location,Detailed motion defaults separated from their approved cores (KBDL-MOT-028 through KBDL-MOT-034),"[motion/foundations.md §7](motion/foundations.md#7-entrance-and-exit-behavior), [motion/patterns.md §4, §5, §6, §10](motion/patterns.md#4-attention-motion), [motion/accessibility-performance.md §1.4](motion/accessibility-performance.md#14-per-category-parity-matrix), [motion/timing-easing.md §4](motion/timing-easing.md#4-conceptual-motion-tokens)",Broad descriptive summary,"[motion/foundations.md §7](motion/foundations.md#7-entrance-and-exit-behavior), [motion/patterns.md §4, §5, §6, §10](motion/patterns.md#4-attention-motion), [motion/accessibility-performance.md §1.4](motion/accessibility-performance.md#14-per-category-parity-matrix), [motion/timing-easing.md §4](motion/timing-easing.md#4-conceptual-motion-tokens)",Non-overriding summary,No,PASS,None
KBDL-MOT-032,Specification location,Detailed motion defaults separated from their approved cores (KBDL-MOT-028 through KBDL-MOT-034),"[motion/foundations.md §7](motion/foundations.md#7-entrance-and-exit-behavior), [motion/patterns.md §4, §5, §6, §10](motion/patterns.md#4-attention-motion), [motion/accessibility-performance.md §1.4](motion/accessibility-performance.md#14-per-category-parity-matrix), [motion/timing-easing.md §4](motion/timing-easing.md#4-conceptual-motion-tokens)",Broad descriptive summary,"[motion/foundations.md §7](motion/foundations.md#7-entrance-and-exit-behavior), [motion/patterns.md §4, §5, §6, §10](motion/patterns.md#4-attention-motion), [motion/accessibility-performance.md §1.4](motion/accessibility-performance.md#14-per-category-parity-matrix), [motion/timing-easing.md §4](motion/timing-easing.md#4-conceptual-motion-tokens)",Non-overriding summary,No,PASS,None
KBDL-MOT-033,Specification location,Detailed motion defaults separated from their approved cores (KBDL-MOT-028 through KBDL-MOT-034),"[motion/foundations.md §7](motion/foundations.md#7-entrance-and-exit-behavior), [motion/patterns.md §4, §5, §6, §10](motion/patterns.md#4-attention-motion), [motion/accessibility-performance.md §1.4](motion/accessibility-performance.md#14-per-category-parity-matrix), [motion/timing-easing.md §4](motion/timing-easing.md#4-conceptual-motion-tokens)",Broad descriptive summary,"[motion/foundations.md §7](motion/foundations.md#7-entrance-and-exit-behavior), [motion/patterns.md §4, §5, §6, §10](motion/patterns.md#4-attention-motion), [motion/accessibility-performance.md §1.4](motion/accessibility-performance.md#14-per-category-parity-matrix), [motion/timing-easing.md §4](motion/timing-easing.md#4-conceptual-motion-tokens)",Non-overriding summary,No,PASS,None
KBDL-MOT-034,Specification location,Detailed motion defaults separated from their approved cores (KBDL-MOT-028 through KBDL-MOT-034),"[motion/foundations.md §7](motion/foundations.md#7-entrance-and-exit-behavior), [motion/patterns.md §4, §5, §6, §10](motion/patterns.md#4-attention-motion), [motion/accessibility-performance.md §1.4](motion/accessibility-performance.md#14-per-category-parity-matrix), [motion/timing-easing.md §4](motion/timing-easing.md#4-conceptual-motion-tokens)",Broad descriptive summary,"[motion/foundations.md §7](motion/foundations.md#7-entrance-and-exit-behavior), [motion/patterns.md §4, §5, §6, §10](motion/patterns.md#4-attention-motion), [motion/accessibility-performance.md §1.4](motion/accessibility-performance.md#14-per-category-parity-matrix), [motion/timing-easing.md §4](motion/timing-easing.md#4-conceptual-motion-tokens)",Non-overriding summary,No,PASS,None
KBDL-MOT-028,Lifecycle status,Detailed motion defaults separated from their approved cores (KBDL-MOT-028 through KBDL-MOT-034),MISSING,Missing,MISSING,Missing,No,PASS,None
KBDL-MOT-029,Lifecycle status,Detailed motion defaults separated from their approved cores (KBDL-MOT-028 through KBDL-MOT-034),MISSING,Missing,MISSING,Missing,No,PASS,None
KBDL-MOT-030,Lifecycle status,Detailed motion defaults separated from their approved cores (KBDL-MOT-028 through KBDL-MOT-034),MISSING,Missing,MISSING,Missing,No,PASS,None
KBDL-MOT-031,Lifecycle status,Detailed motion defaults separated from their approved cores (KBDL-MOT-028 through KBDL-MOT-034),MISSING,Missing,MISSING,Missing,No,PASS,None
KBDL-MOT-032,Lifecycle status,Detailed motion defaults separated from their approved cores (KBDL-MOT-028 through KBDL-MOT-034),MISSING,Missing,MISSING,Missing,No,PASS,None
KBDL-MOT-033,Lifecycle status,Detailed motion defaults separated from their approved cores (KBDL-MOT-028 through KBDL-MOT-034),MISSING,Missing,MISSING,Missing,No,PASS,None
KBDL-MOT-034,Lifecycle status,Detailed motion defaults separated from their approved cores (KBDL-MOT-028 through KBDL-MOT-034),MISSING,Missing,MISSING,Missing,No,PASS,None
KBDL-MOT-028,Provenance,Detailed motion defaults separated from their approved cores (KBDL-MOT-028 through KBDL-MOT-034),MISSING,Missing,MISSING,Missing,No,PASS,None
KBDL-MOT-029,Provenance,Detailed motion defaults separated from their approved cores (KBDL-MOT-028 through KBDL-MOT-034),MISSING,Missing,MISSING,Missing,No,PASS,None
KBDL-MOT-030,Provenance,Detailed motion defaults separated from their approved cores (KBDL-MOT-028 through KBDL-MOT-034),MISSING,Missing,MISSING,Missing,No,PASS,None
KBDL-MOT-031,Provenance,Detailed motion defaults separated from their approved cores (KBDL-MOT-028 through KBDL-MOT-034),MISSING,Missing,MISSING,Missing,No,PASS,None
KBDL-MOT-032,Provenance,Detailed motion defaults separated from their approved cores (KBDL-MOT-028 through KBDL-MOT-034),MISSING,Missing,MISSING,Missing,No,PASS,None
KBDL-MOT-033,Provenance,Detailed motion defaults separated from their approved cores (KBDL-MOT-028 through KBDL-MOT-034),MISSING,Missing,MISSING,Missing,No,PASS,None
KBDL-MOT-034,Provenance,Detailed motion defaults separated from their approved cores (KBDL-MOT-028 through KBDL-MOT-034),MISSING,Missing,MISSING,Missing,No,PASS,None
KBDL-MOT-028,Validation classification,Detailed motion defaults separated from their approved cores (KBDL-MOT-028 through KBDL-MOT-034),"Not applicable: KBDL-MOT-028, KBDL-MOT-029, KBDL-MOT-032, KBDL-MOT-033; Not verified: KBDL-MOT-030, KBDL-MOT-031, KBDL-MOT-034",Status bucket,Not applicable,Exact per-ID mapping,Yes,PASS,None
KBDL-MOT-029,Validation classification,Detailed motion defaults separated from their approved cores (KBDL-MOT-028 through KBDL-MOT-034),"Not applicable: KBDL-MOT-028, KBDL-MOT-029, KBDL-MOT-032, KBDL-MOT-033; Not verified: KBDL-MOT-030, KBDL-MOT-031, KBDL-MOT-034",Status bucket,Not applicable,Exact per-ID mapping,Yes,PASS,None
KBDL-MOT-030,Validation classification,Detailed motion defaults separated from their approved cores (KBDL-MOT-028 through KBDL-MOT-034),"Not applicable: KBDL-MOT-028, KBDL-MOT-029, KBDL-MOT-032, KBDL-MOT-033; Not verified: KBDL-MOT-030, KBDL-MOT-031, KBDL-MOT-034",Status bucket,Not verified,Exact per-ID mapping,Yes,PASS,None
KBDL-MOT-031,Validation classification,Detailed motion defaults separated from their approved cores (KBDL-MOT-028 through KBDL-MOT-034),"Not applicable: KBDL-MOT-028, KBDL-MOT-029, KBDL-MOT-032, KBDL-MOT-033; Not verified: KBDL-MOT-030, KBDL-MOT-031, KBDL-MOT-034",Status bucket,Not verified,Exact per-ID mapping,Yes,PASS,None
KBDL-MOT-032,Validation classification,Detailed motion defaults separated from their approved cores (KBDL-MOT-028 through KBDL-MOT-034),"Not applicable: KBDL-MOT-028, KBDL-MOT-029, KBDL-MOT-032, KBDL-MOT-033; Not verified: KBDL-MOT-030, KBDL-MOT-031, KBDL-MOT-034",Status bucket,Not applicable,Exact per-ID mapping,Yes,PASS,None
KBDL-MOT-033,Validation classification,Detailed motion defaults separated from their approved cores (KBDL-MOT-028 through KBDL-MOT-034),"Not applicable: KBDL-MOT-028, KBDL-MOT-029, KBDL-MOT-032, KBDL-MOT-033; Not verified: KBDL-MOT-030, KBDL-MOT-031, KBDL-MOT-034",Status bucket,Not applicable,Exact per-ID mapping,Yes,PASS,None
KBDL-MOT-034,Validation classification,Detailed motion defaults separated from their approved cores (KBDL-MOT-028 through KBDL-MOT-034),"Not applicable: KBDL-MOT-028, KBDL-MOT-029, KBDL-MOT-032, KBDL-MOT-033; Not verified: KBDL-MOT-030, KBDL-MOT-031, KBDL-MOT-034",Status bucket,Not verified,Exact per-ID mapping,Yes,PASS,None
KBDL-MOT-028,Authority,Detailed motion defaults separated from their approved cores (KBDL-MOT-028 through KBDL-MOT-034),MISSING,Missing,MISSING,Missing,No,PASS,None
KBDL-MOT-029,Authority,Detailed motion defaults separated from their approved cores (KBDL-MOT-028 through KBDL-MOT-034),MISSING,Missing,MISSING,Missing,No,PASS,None
KBDL-MOT-030,Authority,Detailed motion defaults separated from their approved cores (KBDL-MOT-028 through KBDL-MOT-034),MISSING,Missing,MISSING,Missing,No,PASS,None
KBDL-MOT-031,Authority,Detailed motion defaults separated from their approved cores (KBDL-MOT-028 through KBDL-MOT-034),MISSING,Missing,MISSING,Missing,No,PASS,None
KBDL-MOT-032,Authority,Detailed motion defaults separated from their approved cores (KBDL-MOT-028 through KBDL-MOT-034),MISSING,Missing,MISSING,Missing,No,PASS,None
KBDL-MOT-033,Authority,Detailed motion defaults separated from their approved cores (KBDL-MOT-028 through KBDL-MOT-034),MISSING,Missing,MISSING,Missing,No,PASS,None
KBDL-MOT-034,Authority,Detailed motion defaults separated from their approved cores (KBDL-MOT-028 through KBDL-MOT-034),MISSING,Missing,MISSING,Missing,No,PASS,None
KBDL-MOT-028,Validation method,Detailed motion defaults separated from their approved cores (KBDL-MOT-028 through KBDL-MOT-034),"Manual review once implemented; project-owner review via the [motion decision packet](motion/README.md#10-motion-decision-packet) (performed, see KBDL-DEC-014, items 6–9 and 11–13).",Broad descriptive summary,"Manual review once implemented; project-owner review via the [motion decision packet](motion/README.md#10-motion-decision-packet) (performed, see KBDL-DEC-014, items 6–9 and 11–13).",Non-overriding summary,No,PASS,None
KBDL-MOT-029,Validation method,Detailed motion defaults separated from their approved cores (KBDL-MOT-028 through KBDL-MOT-034),"Manual review once implemented; project-owner review via the [motion decision packet](motion/README.md#10-motion-decision-packet) (performed, see KBDL-DEC-014, items 6–9 and 11–13).",Broad descriptive summary,"Manual review once implemented; project-owner review via the [motion decision packet](motion/README.md#10-motion-decision-packet) (performed, see KBDL-DEC-014, items 6–9 and 11–13).",Non-overriding summary,No,PASS,None
KBDL-MOT-030,Validation method,Detailed motion defaults separated from their approved cores (KBDL-MOT-028 through KBDL-MOT-034),"Manual review once implemented; project-owner review via the [motion decision packet](motion/README.md#10-motion-decision-packet) (performed, see KBDL-DEC-014, items 6–9 and 11–13).",Broad descriptive summary,"Manual review once implemented; project-owner review via the [motion decision packet](motion/README.md#10-motion-decision-packet) (performed, see KBDL-DEC-014, items 6–9 and 11–13).",Non-overriding summary,No,PASS,None
KBDL-MOT-031,Validation method,Detailed motion defaults separated from their approved cores (KBDL-MOT-028 through KBDL-MOT-034),"Manual review once implemented; project-owner review via the [motion decision packet](motion/README.md#10-motion-decision-packet) (performed, see KBDL-DEC-014, items 6–9 and 11–13).",Broad descriptive summary,"Manual review once implemented; project-owner review via the [motion decision packet](motion/README.md#10-motion-decision-packet) (performed, see KBDL-DEC-014, items 6–9 and 11–13).",Non-overriding summary,No,PASS,None
KBDL-MOT-032,Validation method,Detailed motion defaults separated from their approved cores (KBDL-MOT-028 through KBDL-MOT-034),"Manual review once implemented; project-owner review via the [motion decision packet](motion/README.md#10-motion-decision-packet) (performed, see KBDL-DEC-014, items 6–9 and 11–13).",Broad descriptive summary,"Manual review once implemented; project-owner review via the [motion decision packet](motion/README.md#10-motion-decision-packet) (performed, see KBDL-DEC-014, items 6–9 and 11–13).",Non-overriding summary,No,PASS,None
KBDL-MOT-033,Validation method,Detailed motion defaults separated from their approved cores (KBDL-MOT-028 through KBDL-MOT-034),"Manual review once implemented; project-owner review via the [motion decision packet](motion/README.md#10-motion-decision-packet) (performed, see KBDL-DEC-014, items 6–9 and 11–13).",Broad descriptive summary,"Manual review once implemented; project-owner review via the [motion decision packet](motion/README.md#10-motion-decision-packet) (performed, see KBDL-DEC-014, items 6–9 and 11–13).",Non-overriding summary,No,PASS,None
KBDL-MOT-034,Validation method,Detailed motion defaults separated from their approved cores (KBDL-MOT-028 through KBDL-MOT-034),"Manual review once implemented; project-owner review via the [motion decision packet](motion/README.md#10-motion-decision-packet) (performed, see KBDL-DEC-014, items 6–9 and 11–13).",Broad descriptive summary,"Manual review once implemented; project-owner review via the [motion decision packet](motion/README.md#10-motion-decision-packet) (performed, see KBDL-DEC-014, items 6–9 and 11–13).",Non-overriding summary,No,PASS,None
KBDL-MOT-028,Validation evidence,Detailed motion defaults separated from their approved cores (KBDL-MOT-028 through KBDL-MOT-034),Not verified — no implementation exists yet; conceptual manual review recorded in [motion/validation.md](motion/validation.md) where applicable.,Broad descriptive summary,Not verified — no implementation exists yet; conceptual manual review recorded in [motion/validation.md](motion/validation.md) where applicable.,Non-overriding summary,No,PASS,None
KBDL-MOT-029,Validation evidence,Detailed motion defaults separated from their approved cores (KBDL-MOT-028 through KBDL-MOT-034),Not verified — no implementation exists yet; conceptual manual review recorded in [motion/validation.md](motion/validation.md) where applicable.,Broad descriptive summary,Not verified — no implementation exists yet; conceptual manual review recorded in [motion/validation.md](motion/validation.md) where applicable.,Non-overriding summary,No,PASS,None
KBDL-MOT-030,Validation evidence,Detailed motion defaults separated from their approved cores (KBDL-MOT-028 through KBDL-MOT-034),Not verified — no implementation exists yet; conceptual manual review recorded in [motion/validation.md](motion/validation.md) where applicable.,Broad descriptive summary,Not verified — no implementation exists yet; conceptual manual review recorded in [motion/validation.md](motion/validation.md) where applicable.,Non-overriding summary,No,PASS,None
KBDL-MOT-031,Validation evidence,Detailed motion defaults separated from their approved cores (KBDL-MOT-028 through KBDL-MOT-034),Not verified — no implementation exists yet; conceptual manual review recorded in [motion/validation.md](motion/validation.md) where applicable.,Broad descriptive summary,Not verified — no implementation exists yet; conceptual manual review recorded in [motion/validation.md](motion/validation.md) where applicable.,Non-overriding summary,No,PASS,None
KBDL-MOT-032,Validation evidence,Detailed motion defaults separated from their approved cores (KBDL-MOT-028 through KBDL-MOT-034),Not verified — no implementation exists yet; conceptual manual review recorded in [motion/validation.md](motion/validation.md) where applicable.,Broad descriptive summary,Not verified — no implementation exists yet; conceptual manual review recorded in [motion/validation.md](motion/validation.md) where applicable.,Non-overriding summary,No,PASS,None
KBDL-MOT-033,Validation evidence,Detailed motion defaults separated from their approved cores (KBDL-MOT-028 through KBDL-MOT-034),Not verified — no implementation exists yet; conceptual manual review recorded in [motion/validation.md](motion/validation.md) where applicable.,Broad descriptive summary,Not verified — no implementation exists yet; conceptual manual review recorded in [motion/validation.md](motion/validation.md) where applicable.,Non-overriding summary,No,PASS,None
KBDL-MOT-034,Validation evidence,Detailed motion defaults separated from their approved cores (KBDL-MOT-028 through KBDL-MOT-034),Not verified — no implementation exists yet; conceptual manual review recorded in [motion/validation.md](motion/validation.md) where applicable.,Broad descriptive summary,Not verified — no implementation exists yet; conceptual manual review recorded in [motion/validation.md](motion/validation.md) where applicable.,Non-overriding summary,No,PASS,None
KBDL-MOT-028,Known limitation,Detailed motion defaults separated from their approved cores (KBDL-MOT-028 through KBDL-MOT-034),"Approval is a lifecycle decision, not implementation validation; these values must not be treated as `Verified` until an implementation exists and is measured.",Broad descriptive summary,"Approval is a lifecycle decision, not implementation validation; these values must not be treated as `Verified` until an implementation exists and is measured.",Non-overriding summary,No,PASS,None
KBDL-MOT-029,Known limitation,Detailed motion defaults separated from their approved cores (KBDL-MOT-028 through KBDL-MOT-034),"Approval is a lifecycle decision, not implementation validation; these values must not be treated as `Verified` until an implementation exists and is measured.",Broad descriptive summary,"Approval is a lifecycle decision, not implementation validation; these values must not be treated as `Verified` until an implementation exists and is measured.",Non-overriding summary,No,PASS,None
KBDL-MOT-030,Known limitation,Detailed motion defaults separated from their approved cores (KBDL-MOT-028 through KBDL-MOT-034),"Approval is a lifecycle decision, not implementation validation; these values must not be treated as `Verified` until an implementation exists and is measured.",Broad descriptive summary,"Approval is a lifecycle decision, not implementation validation; these values must not be treated as `Verified` until an implementation exists and is measured.",Non-overriding summary,No,PASS,None
KBDL-MOT-031,Known limitation,Detailed motion defaults separated from their approved cores (KBDL-MOT-028 through KBDL-MOT-034),"Approval is a lifecycle decision, not implementation validation; these values must not be treated as `Verified` until an implementation exists and is measured.",Broad descriptive summary,"Approval is a lifecycle decision, not implementation validation; these values must not be treated as `Verified` until an implementation exists and is measured.",Non-overriding summary,No,PASS,None
KBDL-MOT-032,Known limitation,Detailed motion defaults separated from their approved cores (KBDL-MOT-028 through KBDL-MOT-034),"Approval is a lifecycle decision, not implementation validation; these values must not be treated as `Verified` until an implementation exists and is measured.",Broad descriptive summary,"Approval is a lifecycle decision, not implementation validation; these values must not be treated as `Verified` until an implementation exists and is measured.",Non-overriding summary,No,PASS,None
KBDL-MOT-033,Known limitation,Detailed motion defaults separated from their approved cores (KBDL-MOT-028 through KBDL-MOT-034),"Approval is a lifecycle decision, not implementation validation; these values must not be treated as `Verified` until an implementation exists and is measured.",Broad descriptive summary,"Approval is a lifecycle decision, not implementation validation; these values must not be treated as `Verified` until an implementation exists and is measured.",Non-overriding summary,No,PASS,None
KBDL-MOT-034,Known limitation,Detailed motion defaults separated from their approved cores (KBDL-MOT-028 through KBDL-MOT-034),"Approval is a lifecycle decision, not implementation validation; these values must not be treated as `Verified` until an implementation exists and is measured.",Broad descriptive summary,"Approval is a lifecycle decision, not implementation validation; these values must not be treated as `Verified` until an implementation exists and is measured.",Non-overriding summary,No,PASS,None
KBDL-MOT-028,Packet or tracking destination,Detailed motion defaults separated from their approved cores (KBDL-MOT-028 through KBDL-MOT-034),MISSING,Missing,MISSING,Missing,No,PASS,None
KBDL-MOT-029,Packet or tracking destination,Detailed motion defaults separated from their approved cores (KBDL-MOT-028 through KBDL-MOT-034),MISSING,Missing,MISSING,Missing,No,PASS,None
KBDL-MOT-030,Packet or tracking destination,Detailed motion defaults separated from their approved cores (KBDL-MOT-028 through KBDL-MOT-034),MISSING,Missing,MISSING,Missing,No,PASS,None
KBDL-MOT-031,Packet or tracking destination,Detailed motion defaults separated from their approved cores (KBDL-MOT-028 through KBDL-MOT-034),MISSING,Missing,MISSING,Missing,No,PASS,None
KBDL-MOT-032,Packet or tracking destination,Detailed motion defaults separated from their approved cores (KBDL-MOT-028 through KBDL-MOT-034),MISSING,Missing,MISSING,Missing,No,PASS,None
KBDL-MOT-033,Packet or tracking destination,Detailed motion defaults separated from their approved cores (KBDL-MOT-028 through KBDL-MOT-034),MISSING,Missing,MISSING,Missing,No,PASS,None
KBDL-MOT-034,Packet or tracking destination,Detailed motion defaults separated from their approved cores (KBDL-MOT-028 through KBDL-MOT-034),MISSING,Missing,MISSING,Missing,No,PASS,None
KBDL-MOT-028,Pending dependencies,Detailed motion defaults separated from their approved cores (KBDL-MOT-028 through KBDL-MOT-034),MISSING,Missing,MISSING,Missing,No,PASS,None
KBDL-MOT-029,Pending dependencies,Detailed motion defaults separated from their approved cores (KBDL-MOT-028 through KBDL-MOT-034),MISSING,Missing,MISSING,Missing,No,PASS,None
KBDL-MOT-030,Pending dependencies,Detailed motion defaults separated from their approved cores (KBDL-MOT-028 through KBDL-MOT-034),MISSING,Missing,MISSING,Missing,No,PASS,None
KBDL-MOT-031,Pending dependencies,Detailed motion defaults separated from their approved cores (KBDL-MOT-028 through KBDL-MOT-034),MISSING,Missing,MISSING,Missing,No,PASS,None
KBDL-MOT-032,Pending dependencies,Detailed motion defaults separated from their approved cores (KBDL-MOT-028 through KBDL-MOT-034),MISSING,Missing,MISSING,Missing,No,PASS,None
KBDL-MOT-033,Pending dependencies,Detailed motion defaults separated from their approved cores (KBDL-MOT-028 through KBDL-MOT-034),MISSING,Missing,MISSING,Missing,No,PASS,None
KBDL-MOT-034,Pending dependencies,Detailed motion defaults separated from their approved cores (KBDL-MOT-028 through KBDL-MOT-034),MISSING,Missing,MISSING,Missing,No,PASS,None
KBDL-MOT-028,Related decision,Detailed motion defaults separated from their approved cores (KBDL-MOT-028 through KBDL-MOT-034),[KBDL-DEC-014](decision-register.md#kbdl-dec-014--kbdl-005-motion-decisions-approved).,Broad descriptive summary,[KBDL-DEC-014](decision-register.md#kbdl-dec-014--kbdl-005-motion-decisions-approved).,Non-overriding summary,No,PASS,None
KBDL-MOT-029,Related decision,Detailed motion defaults separated from their approved cores (KBDL-MOT-028 through KBDL-MOT-034),[KBDL-DEC-014](decision-register.md#kbdl-dec-014--kbdl-005-motion-decisions-approved).,Broad descriptive summary,[KBDL-DEC-014](decision-register.md#kbdl-dec-014--kbdl-005-motion-decisions-approved).,Non-overriding summary,No,PASS,None
KBDL-MOT-030,Related decision,Detailed motion defaults separated from their approved cores (KBDL-MOT-028 through KBDL-MOT-034),[KBDL-DEC-014](decision-register.md#kbdl-dec-014--kbdl-005-motion-decisions-approved).,Broad descriptive summary,[KBDL-DEC-014](decision-register.md#kbdl-dec-014--kbdl-005-motion-decisions-approved).,Non-overriding summary,No,PASS,None
KBDL-MOT-031,Related decision,Detailed motion defaults separated from their approved cores (KBDL-MOT-028 through KBDL-MOT-034),[KBDL-DEC-014](decision-register.md#kbdl-dec-014--kbdl-005-motion-decisions-approved).,Broad descriptive summary,[KBDL-DEC-014](decision-register.md#kbdl-dec-014--kbdl-005-motion-decisions-approved).,Non-overriding summary,No,PASS,None
KBDL-MOT-032,Related decision,Detailed motion defaults separated from their approved cores (KBDL-MOT-028 through KBDL-MOT-034),[KBDL-DEC-014](decision-register.md#kbdl-dec-014--kbdl-005-motion-decisions-approved).,Broad descriptive summary,[KBDL-DEC-014](decision-register.md#kbdl-dec-014--kbdl-005-motion-decisions-approved).,Non-overriding summary,No,PASS,None
KBDL-MOT-033,Related decision,Detailed motion defaults separated from their approved cores (KBDL-MOT-028 through KBDL-MOT-034),[KBDL-DEC-014](decision-register.md#kbdl-dec-014--kbdl-005-motion-decisions-approved).,Broad descriptive summary,[KBDL-DEC-014](decision-register.md#kbdl-dec-014--kbdl-005-motion-decisions-approved).,Non-overriding summary,No,PASS,None
KBDL-MOT-034,Related decision,Detailed motion defaults separated from their approved cores (KBDL-MOT-028 through KBDL-MOT-034),[KBDL-DEC-014](decision-register.md#kbdl-dec-014--kbdl-005-motion-decisions-approved).,Broad descriptive summary,[KBDL-DEC-014](decision-register.md#kbdl-dec-014--kbdl-005-motion-decisions-approved).,Non-overriding summary,No,PASS,None
KBDL-MOT-028,Notes or exclusions,Detailed motion defaults separated from their approved cores (KBDL-MOT-028 through KBDL-MOT-034),"Splitting these out does not change any duration value, curve, movement range, hierarchy level, safety behavior, reduced-motion behavior, or profile recommendation — only the lifecycle bookkeeping.",Broad descriptive summary,"Splitting these out does not change any duration value, curve, movement range, hierarchy level, safety behavior, reduced-motion behavior, or profile recommendation — only the lifecycle bookkeeping.",Non-overriding summary,No,PASS,None
KBDL-MOT-029,Notes or exclusions,Detailed motion defaults separated from their approved cores (KBDL-MOT-028 through KBDL-MOT-034),"Splitting these out does not change any duration value, curve, movement range, hierarchy level, safety behavior, reduced-motion behavior, or profile recommendation — only the lifecycle bookkeeping.",Broad descriptive summary,"Splitting these out does not change any duration value, curve, movement range, hierarchy level, safety behavior, reduced-motion behavior, or profile recommendation — only the lifecycle bookkeeping.",Non-overriding summary,No,PASS,None
KBDL-MOT-030,Notes or exclusions,Detailed motion defaults separated from their approved cores (KBDL-MOT-028 through KBDL-MOT-034),"Splitting these out does not change any duration value, curve, movement range, hierarchy level, safety behavior, reduced-motion behavior, or profile recommendation — only the lifecycle bookkeeping.",Broad descriptive summary,"Splitting these out does not change any duration value, curve, movement range, hierarchy level, safety behavior, reduced-motion behavior, or profile recommendation — only the lifecycle bookkeeping.",Non-overriding summary,No,PASS,None
KBDL-MOT-031,Notes or exclusions,Detailed motion defaults separated from their approved cores (KBDL-MOT-028 through KBDL-MOT-034),"Splitting these out does not change any duration value, curve, movement range, hierarchy level, safety behavior, reduced-motion behavior, or profile recommendation — only the lifecycle bookkeeping.",Broad descriptive summary,"Splitting these out does not change any duration value, curve, movement range, hierarchy level, safety behavior, reduced-motion behavior, or profile recommendation — only the lifecycle bookkeeping.",Non-overriding summary,No,PASS,None
KBDL-MOT-032,Notes or exclusions,Detailed motion defaults separated from their approved cores (KBDL-MOT-028 through KBDL-MOT-034),"Splitting these out does not change any duration value, curve, movement range, hierarchy level, safety behavior, reduced-motion behavior, or profile recommendation — only the lifecycle bookkeeping.",Broad descriptive summary,"Splitting these out does not change any duration value, curve, movement range, hierarchy level, safety behavior, reduced-motion behavior, or profile recommendation — only the lifecycle bookkeeping.",Non-overriding summary,No,PASS,None
KBDL-MOT-033,Notes or exclusions,Detailed motion defaults separated from their approved cores (KBDL-MOT-028 through KBDL-MOT-034),"Splitting these out does not change any duration value, curve, movement range, hierarchy level, safety behavior, reduced-motion behavior, or profile recommendation — only the lifecycle bookkeeping.",Broad descriptive summary,"Splitting these out does not change any duration value, curve, movement range, hierarchy level, safety behavior, reduced-motion behavior, or profile recommendation — only the lifecycle bookkeeping.",Non-overriding summary,No,PASS,None
KBDL-MOT-034,Notes or exclusions,Detailed motion defaults separated from their approved cores (KBDL-MOT-028 through KBDL-MOT-034),"Splitting these out does not change any duration value, curve, movement range, hierarchy level, safety behavior, reduced-motion behavior, or profile recommendation — only the lifecycle bookkeeping.",Broad descriptive summary,"Splitting these out does not change any duration value, curve, movement range, hierarchy level, safety behavior, reduced-motion behavior, or profile recommendation — only the lifecycle bookkeeping.",Non-overriding summary,No,PASS,None
KBDL-RSP-001,Blueprint section,"Responsive-content priority, source/reading order, and reflow core (KBDL-RSP-001, KBDL-RSP-006, KBDL-RSP-007, KBDL-RSP-015, KBDL-RSP-016, KBDL-RSP-020)",Responsive-content priority; layout reflow; source/reading order; orientation; zoom and enlarged text; responsive focus management,Uniform default,Responsive-content priority; layout reflow; source/reading order; orientation; zoom and enlarged text; responsive focus management,Uniform default,Yes,PASS,None
KBDL-RSP-006,Blueprint section,"Responsive-content priority, source/reading order, and reflow core (KBDL-RSP-001, KBDL-RSP-006, KBDL-RSP-007, KBDL-RSP-015, KBDL-RSP-016, KBDL-RSP-020)",Responsive-content priority; layout reflow; source/reading order; orientation; zoom and enlarged text; responsive focus management,Uniform default,Responsive-content priority; layout reflow; source/reading order; orientation; zoom and enlarged text; responsive focus management,Uniform default,Yes,PASS,None
KBDL-RSP-007,Blueprint section,"Responsive-content priority, source/reading order, and reflow core (KBDL-RSP-001, KBDL-RSP-006, KBDL-RSP-007, KBDL-RSP-015, KBDL-RSP-016, KBDL-RSP-020)",Responsive-content priority; layout reflow; source/reading order; orientation; zoom and enlarged text; responsive focus management,Uniform default,Responsive-content priority; layout reflow; source/reading order; orientation; zoom and enlarged text; responsive focus management,Uniform default,Yes,PASS,None
KBDL-RSP-015,Blueprint section,"Responsive-content priority, source/reading order, and reflow core (KBDL-RSP-001, KBDL-RSP-006, KBDL-RSP-007, KBDL-RSP-015, KBDL-RSP-016, KBDL-RSP-020)",Responsive-content priority; layout reflow; source/reading order; orientation; zoom and enlarged text; responsive focus management,Uniform default,Responsive-content priority; layout reflow; source/reading order; orientation; zoom and enlarged text; responsive focus management,Uniform default,Yes,PASS,None
KBDL-RSP-016,Blueprint section,"Responsive-content priority, source/reading order, and reflow core (KBDL-RSP-001, KBDL-RSP-006, KBDL-RSP-007, KBDL-RSP-015, KBDL-RSP-016, KBDL-RSP-020)",Responsive-content priority; layout reflow; source/reading order; orientation; zoom and enlarged text; responsive focus management,Uniform default,Responsive-content priority; layout reflow; source/reading order; orientation; zoom and enlarged text; responsive focus management,Uniform default,Yes,PASS,None
KBDL-RSP-020,Blueprint section,"Responsive-content priority, source/reading order, and reflow core (KBDL-RSP-001, KBDL-RSP-006, KBDL-RSP-007, KBDL-RSP-015, KBDL-RSP-016, KBDL-RSP-020)",Responsive-content priority; layout reflow; source/reading order; orientation; zoom and enlarged text; responsive focus management,Uniform default,Responsive-content priority; layout reflow; source/reading order; orientation; zoom and enlarged text; responsive focus management,Uniform default,Yes,PASS,None
KBDL-RSP-001,Roadmap prompt,"Responsive-content priority, source/reading order, and reflow core (KBDL-RSP-001, KBDL-RSP-006, KBDL-RSP-007, KBDL-RSP-015, KBDL-RSP-016, KBDL-RSP-020)",KBDL-006,Uniform default,KBDL-006,Uniform default,Yes,PASS,None
KBDL-RSP-006,Roadmap prompt,"Responsive-content priority, source/reading order, and reflow core (KBDL-RSP-001, KBDL-RSP-006, KBDL-RSP-007, KBDL-RSP-015, KBDL-RSP-016, KBDL-RSP-020)",KBDL-006,Uniform default,KBDL-006,Uniform default,Yes,PASS,None
KBDL-RSP-007,Roadmap prompt,"Responsive-content priority, source/reading order, and reflow core (KBDL-RSP-001, KBDL-RSP-006, KBDL-RSP-007, KBDL-RSP-015, KBDL-RSP-016, KBDL-RSP-020)",KBDL-006,Uniform default,KBDL-006,Uniform default,Yes,PASS,None
KBDL-RSP-015,Roadmap prompt,"Responsive-content priority, source/reading order, and reflow core (KBDL-RSP-001, KBDL-RSP-006, KBDL-RSP-007, KBDL-RSP-015, KBDL-RSP-016, KBDL-RSP-020)",KBDL-006,Uniform default,KBDL-006,Uniform default,Yes,PASS,None
KBDL-RSP-016,Roadmap prompt,"Responsive-content priority, source/reading order, and reflow core (KBDL-RSP-001, KBDL-RSP-006, KBDL-RSP-007, KBDL-RSP-015, KBDL-RSP-016, KBDL-RSP-020)",KBDL-006,Uniform default,KBDL-006,Uniform default,Yes,PASS,None
KBDL-RSP-020,Roadmap prompt,"Responsive-content priority, source/reading order, and reflow core (KBDL-RSP-001, KBDL-RSP-006, KBDL-RSP-007, KBDL-RSP-015, KBDL-RSP-016, KBDL-RSP-020)",KBDL-006,Uniform default,KBDL-006,Uniform default,Yes,PASS,None
KBDL-RSP-001,Specification location,"Responsive-content priority, source/reading order, and reflow core (KBDL-RSP-001, KBDL-RSP-006, KBDL-RSP-007, KBDL-RSP-015, KBDL-RSP-016, KBDL-RSP-020)","[responsive.md §4, §11, §12, §20, §21, §25](responsive.md#4-responsive-content-priority)",Broad descriptive summary,"[responsive.md §4, §11, §12, §20, §21, §25](responsive.md#4-responsive-content-priority)",Non-overriding summary,No,PASS,None
KBDL-RSP-006,Specification location,"Responsive-content priority, source/reading order, and reflow core (KBDL-RSP-001, KBDL-RSP-006, KBDL-RSP-007, KBDL-RSP-015, KBDL-RSP-016, KBDL-RSP-020)","[responsive.md §4, §11, §12, §20, §21, §25](responsive.md#4-responsive-content-priority)",Broad descriptive summary,"[responsive.md §4, §11, §12, §20, §21, §25](responsive.md#4-responsive-content-priority)",Non-overriding summary,No,PASS,None
KBDL-RSP-007,Specification location,"Responsive-content priority, source/reading order, and reflow core (KBDL-RSP-001, KBDL-RSP-006, KBDL-RSP-007, KBDL-RSP-015, KBDL-RSP-016, KBDL-RSP-020)","[responsive.md §4, §11, §12, §20, §21, §25](responsive.md#4-responsive-content-priority)",Broad descriptive summary,"[responsive.md §4, §11, §12, §20, §21, §25](responsive.md#4-responsive-content-priority)",Non-overriding summary,No,PASS,None
KBDL-RSP-015,Specification location,"Responsive-content priority, source/reading order, and reflow core (KBDL-RSP-001, KBDL-RSP-006, KBDL-RSP-007, KBDL-RSP-015, KBDL-RSP-016, KBDL-RSP-020)","[responsive.md §4, §11, §12, §20, §21, §25](responsive.md#4-responsive-content-priority)",Broad descriptive summary,"[responsive.md §4, §11, §12, §20, §21, §25](responsive.md#4-responsive-content-priority)",Non-overriding summary,No,PASS,None
KBDL-RSP-016,Specification location,"Responsive-content priority, source/reading order, and reflow core (KBDL-RSP-001, KBDL-RSP-006, KBDL-RSP-007, KBDL-RSP-015, KBDL-RSP-016, KBDL-RSP-020)","[responsive.md §4, §11, §12, §20, §21, §25](responsive.md#4-responsive-content-priority)",Broad descriptive summary,"[responsive.md §4, §11, §12, §20, §21, §25](responsive.md#4-responsive-content-priority)",Non-overriding summary,No,PASS,None
KBDL-RSP-020,Specification location,"Responsive-content priority, source/reading order, and reflow core (KBDL-RSP-001, KBDL-RSP-006, KBDL-RSP-007, KBDL-RSP-015, KBDL-RSP-016, KBDL-RSP-020)","[responsive.md §4, §11, §12, §20, §21, §25](responsive.md#4-responsive-content-priority)",Broad descriptive summary,"[responsive.md §4, §11, §12, §20, §21, §25](responsive.md#4-responsive-content-priority)",Non-overriding summary,No,PASS,None
KBDL-RSP-001,Lifecycle status,"Responsive-content priority, source/reading order, and reflow core (KBDL-RSP-001, KBDL-RSP-006, KBDL-RSP-007, KBDL-RSP-015, KBDL-RSP-016, KBDL-RSP-020)",MISSING,Missing,MISSING,Missing,No,PASS,None
KBDL-RSP-006,Lifecycle status,"Responsive-content priority, source/reading order, and reflow core (KBDL-RSP-001, KBDL-RSP-006, KBDL-RSP-007, KBDL-RSP-015, KBDL-RSP-016, KBDL-RSP-020)",MISSING,Missing,MISSING,Missing,No,PASS,None
KBDL-RSP-007,Lifecycle status,"Responsive-content priority, source/reading order, and reflow core (KBDL-RSP-001, KBDL-RSP-006, KBDL-RSP-007, KBDL-RSP-015, KBDL-RSP-016, KBDL-RSP-020)",MISSING,Missing,MISSING,Missing,No,PASS,None
KBDL-RSP-015,Lifecycle status,"Responsive-content priority, source/reading order, and reflow core (KBDL-RSP-001, KBDL-RSP-006, KBDL-RSP-007, KBDL-RSP-015, KBDL-RSP-016, KBDL-RSP-020)",MISSING,Missing,MISSING,Missing,No,PASS,None
KBDL-RSP-016,Lifecycle status,"Responsive-content priority, source/reading order, and reflow core (KBDL-RSP-001, KBDL-RSP-006, KBDL-RSP-007, KBDL-RSP-015, KBDL-RSP-016, KBDL-RSP-020)",MISSING,Missing,MISSING,Missing,No,PASS,None
KBDL-RSP-020,Lifecycle status,"Responsive-content priority, source/reading order, and reflow core (KBDL-RSP-001, KBDL-RSP-006, KBDL-RSP-007, KBDL-RSP-015, KBDL-RSP-016, KBDL-RSP-020)",MISSING,Missing,MISSING,Missing,No,PASS,None
KBDL-RSP-001,Provenance,"Responsive-content priority, source/reading order, and reflow core (KBDL-RSP-001, KBDL-RSP-006, KBDL-RSP-007, KBDL-RSP-015, KBDL-RSP-016, KBDL-RSP-020)",MISSING,Missing,MISSING,Missing,No,PASS,None
KBDL-RSP-006,Provenance,"Responsive-content priority, source/reading order, and reflow core (KBDL-RSP-001, KBDL-RSP-006, KBDL-RSP-007, KBDL-RSP-015, KBDL-RSP-016, KBDL-RSP-020)",MISSING,Missing,MISSING,Missing,No,PASS,None
KBDL-RSP-007,Provenance,"Responsive-content priority, source/reading order, and reflow core (KBDL-RSP-001, KBDL-RSP-006, KBDL-RSP-007, KBDL-RSP-015, KBDL-RSP-016, KBDL-RSP-020)",MISSING,Missing,MISSING,Missing,No,PASS,None
KBDL-RSP-015,Provenance,"Responsive-content priority, source/reading order, and reflow core (KBDL-RSP-001, KBDL-RSP-006, KBDL-RSP-007, KBDL-RSP-015, KBDL-RSP-016, KBDL-RSP-020)",MISSING,Missing,MISSING,Missing,No,PASS,None
KBDL-RSP-016,Provenance,"Responsive-content priority, source/reading order, and reflow core (KBDL-RSP-001, KBDL-RSP-006, KBDL-RSP-007, KBDL-RSP-015, KBDL-RSP-016, KBDL-RSP-020)",MISSING,Missing,MISSING,Missing,No,PASS,None
KBDL-RSP-020,Provenance,"Responsive-content priority, source/reading order, and reflow core (KBDL-RSP-001, KBDL-RSP-006, KBDL-RSP-007, KBDL-RSP-015, KBDL-RSP-016, KBDL-RSP-020)",MISSING,Missing,MISSING,Missing,No,PASS,None
KBDL-RSP-001,Validation classification,"Responsive-content priority, source/reading order, and reflow core (KBDL-RSP-001, KBDL-RSP-006, KBDL-RSP-007, KBDL-RSP-015, KBDL-RSP-016, KBDL-RSP-020)",Not verified,Uniform status default,Not verified,Uniform default,Yes,PASS,None
KBDL-RSP-006,Validation classification,"Responsive-content priority, source/reading order, and reflow core (KBDL-RSP-001, KBDL-RSP-006, KBDL-RSP-007, KBDL-RSP-015, KBDL-RSP-016, KBDL-RSP-020)",Not verified,Uniform status default,Not verified,Uniform default,Yes,PASS,None
KBDL-RSP-007,Validation classification,"Responsive-content priority, source/reading order, and reflow core (KBDL-RSP-001, KBDL-RSP-006, KBDL-RSP-007, KBDL-RSP-015, KBDL-RSP-016, KBDL-RSP-020)",Not verified,Uniform status default,Not verified,Uniform default,Yes,PASS,None
KBDL-RSP-015,Validation classification,"Responsive-content priority, source/reading order, and reflow core (KBDL-RSP-001, KBDL-RSP-006, KBDL-RSP-007, KBDL-RSP-015, KBDL-RSP-016, KBDL-RSP-020)",Not verified,Uniform status default,Not verified,Uniform default,Yes,PASS,None
KBDL-RSP-016,Validation classification,"Responsive-content priority, source/reading order, and reflow core (KBDL-RSP-001, KBDL-RSP-006, KBDL-RSP-007, KBDL-RSP-015, KBDL-RSP-016, KBDL-RSP-020)",Not verified,Uniform status default,Not verified,Uniform default,Yes,PASS,None
KBDL-RSP-020,Validation classification,"Responsive-content priority, source/reading order, and reflow core (KBDL-RSP-001, KBDL-RSP-006, KBDL-RSP-007, KBDL-RSP-015, KBDL-RSP-016, KBDL-RSP-020)",Not verified,Uniform status default,Not verified,Uniform default,Yes,PASS,None
KBDL-RSP-001,Authority,"Responsive-content priority, source/reading order, and reflow core (KBDL-RSP-001, KBDL-RSP-006, KBDL-RSP-007, KBDL-RSP-015, KBDL-RSP-016, KBDL-RSP-020)",MISSING,Missing,MISSING,Missing,No,PASS,None
KBDL-RSP-006,Authority,"Responsive-content priority, source/reading order, and reflow core (KBDL-RSP-001, KBDL-RSP-006, KBDL-RSP-007, KBDL-RSP-015, KBDL-RSP-016, KBDL-RSP-020)",MISSING,Missing,MISSING,Missing,No,PASS,None
KBDL-RSP-007,Authority,"Responsive-content priority, source/reading order, and reflow core (KBDL-RSP-001, KBDL-RSP-006, KBDL-RSP-007, KBDL-RSP-015, KBDL-RSP-016, KBDL-RSP-020)",MISSING,Missing,MISSING,Missing,No,PASS,None
KBDL-RSP-015,Authority,"Responsive-content priority, source/reading order, and reflow core (KBDL-RSP-001, KBDL-RSP-006, KBDL-RSP-007, KBDL-RSP-015, KBDL-RSP-016, KBDL-RSP-020)",MISSING,Missing,MISSING,Missing,No,PASS,None
KBDL-RSP-016,Authority,"Responsive-content priority, source/reading order, and reflow core (KBDL-RSP-001, KBDL-RSP-006, KBDL-RSP-007, KBDL-RSP-015, KBDL-RSP-016, KBDL-RSP-020)",MISSING,Missing,MISSING,Missing,No,PASS,None
KBDL-RSP-020,Authority,"Responsive-content priority, source/reading order, and reflow core (KBDL-RSP-001, KBDL-RSP-006, KBDL-RSP-007, KBDL-RSP-015, KBDL-RSP-016, KBDL-RSP-020)",MISSING,Missing,MISSING,Missing,No,PASS,None
KBDL-RSP-001,Validation method,"Responsive-content priority, source/reading order, and reflow core (KBDL-RSP-001, KBDL-RSP-006, KBDL-RSP-007, KBDL-RSP-015, KBDL-RSP-016, KBDL-RSP-020)",Manual reflow/zoom/orientation/order testing once an implementation exists.,Broad descriptive summary,Manual reflow/zoom/orientation/order testing once an implementation exists.,Non-overriding summary,No,PASS,None
KBDL-RSP-006,Validation method,"Responsive-content priority, source/reading order, and reflow core (KBDL-RSP-001, KBDL-RSP-006, KBDL-RSP-007, KBDL-RSP-015, KBDL-RSP-016, KBDL-RSP-020)",Manual reflow/zoom/orientation/order testing once an implementation exists.,Broad descriptive summary,Manual reflow/zoom/orientation/order testing once an implementation exists.,Non-overriding summary,No,PASS,None
KBDL-RSP-007,Validation method,"Responsive-content priority, source/reading order, and reflow core (KBDL-RSP-001, KBDL-RSP-006, KBDL-RSP-007, KBDL-RSP-015, KBDL-RSP-016, KBDL-RSP-020)",Manual reflow/zoom/orientation/order testing once an implementation exists.,Broad descriptive summary,Manual reflow/zoom/orientation/order testing once an implementation exists.,Non-overriding summary,No,PASS,None
KBDL-RSP-015,Validation method,"Responsive-content priority, source/reading order, and reflow core (KBDL-RSP-001, KBDL-RSP-006, KBDL-RSP-007, KBDL-RSP-015, KBDL-RSP-016, KBDL-RSP-020)",Manual reflow/zoom/orientation/order testing once an implementation exists.,Broad descriptive summary,Manual reflow/zoom/orientation/order testing once an implementation exists.,Non-overriding summary,No,PASS,None
KBDL-RSP-016,Validation method,"Responsive-content priority, source/reading order, and reflow core (KBDL-RSP-001, KBDL-RSP-006, KBDL-RSP-007, KBDL-RSP-015, KBDL-RSP-016, KBDL-RSP-020)",Manual reflow/zoom/orientation/order testing once an implementation exists.,Broad descriptive summary,Manual reflow/zoom/orientation/order testing once an implementation exists.,Non-overriding summary,No,PASS,None
KBDL-RSP-020,Validation method,"Responsive-content priority, source/reading order, and reflow core (KBDL-RSP-001, KBDL-RSP-006, KBDL-RSP-007, KBDL-RSP-015, KBDL-RSP-016, KBDL-RSP-020)",Manual reflow/zoom/orientation/order testing once an implementation exists.,Broad descriptive summary,Manual reflow/zoom/orientation/order testing once an implementation exists.,Non-overriding summary,No,PASS,None
KBDL-RSP-001,Validation evidence,"Responsive-content priority, source/reading order, and reflow core (KBDL-RSP-001, KBDL-RSP-006, KBDL-RSP-007, KBDL-RSP-015, KBDL-RSP-016, KBDL-RSP-020)",Not verified — no implementation exists yet.,Broad descriptive summary,Not verified — no implementation exists yet.,Non-overriding summary,No,PASS,None
KBDL-RSP-006,Validation evidence,"Responsive-content priority, source/reading order, and reflow core (KBDL-RSP-001, KBDL-RSP-006, KBDL-RSP-007, KBDL-RSP-015, KBDL-RSP-016, KBDL-RSP-020)",Not verified — no implementation exists yet.,Broad descriptive summary,Not verified — no implementation exists yet.,Non-overriding summary,No,PASS,None
KBDL-RSP-007,Validation evidence,"Responsive-content priority, source/reading order, and reflow core (KBDL-RSP-001, KBDL-RSP-006, KBDL-RSP-007, KBDL-RSP-015, KBDL-RSP-016, KBDL-RSP-020)",Not verified — no implementation exists yet.,Broad descriptive summary,Not verified — no implementation exists yet.,Non-overriding summary,No,PASS,None
KBDL-RSP-015,Validation evidence,"Responsive-content priority, source/reading order, and reflow core (KBDL-RSP-001, KBDL-RSP-006, KBDL-RSP-007, KBDL-RSP-015, KBDL-RSP-016, KBDL-RSP-020)",Not verified — no implementation exists yet.,Broad descriptive summary,Not verified — no implementation exists yet.,Non-overriding summary,No,PASS,None
KBDL-RSP-016,Validation evidence,"Responsive-content priority, source/reading order, and reflow core (KBDL-RSP-001, KBDL-RSP-006, KBDL-RSP-007, KBDL-RSP-015, KBDL-RSP-016, KBDL-RSP-020)",Not verified — no implementation exists yet.,Broad descriptive summary,Not verified — no implementation exists yet.,Non-overriding summary,No,PASS,None
KBDL-RSP-020,Validation evidence,"Responsive-content priority, source/reading order, and reflow core (KBDL-RSP-001, KBDL-RSP-006, KBDL-RSP-007, KBDL-RSP-015, KBDL-RSP-016, KBDL-RSP-020)",Not verified — no implementation exists yet.,Broad descriptive summary,Not verified — no implementation exists yet.,Non-overriding summary,No,PASS,None
KBDL-RSP-001,Known limitation,"Responsive-content priority, source/reading order, and reflow core (KBDL-RSP-001, KBDL-RSP-006, KBDL-RSP-007, KBDL-RSP-015, KBDL-RSP-016, KBDL-RSP-020)",Implementation-dependent; cannot be tested until a real layout exists.,Broad descriptive summary,Implementation-dependent; cannot be tested until a real layout exists.,Non-overriding summary,No,PASS,None
KBDL-RSP-006,Known limitation,"Responsive-content priority, source/reading order, and reflow core (KBDL-RSP-001, KBDL-RSP-006, KBDL-RSP-007, KBDL-RSP-015, KBDL-RSP-016, KBDL-RSP-020)",Implementation-dependent; cannot be tested until a real layout exists.,Broad descriptive summary,Implementation-dependent; cannot be tested until a real layout exists.,Non-overriding summary,No,PASS,None
KBDL-RSP-007,Known limitation,"Responsive-content priority, source/reading order, and reflow core (KBDL-RSP-001, KBDL-RSP-006, KBDL-RSP-007, KBDL-RSP-015, KBDL-RSP-016, KBDL-RSP-020)",Implementation-dependent; cannot be tested until a real layout exists.,Broad descriptive summary,Implementation-dependent; cannot be tested until a real layout exists.,Non-overriding summary,No,PASS,None
KBDL-RSP-015,Known limitation,"Responsive-content priority, source/reading order, and reflow core (KBDL-RSP-001, KBDL-RSP-006, KBDL-RSP-007, KBDL-RSP-015, KBDL-RSP-016, KBDL-RSP-020)",Implementation-dependent; cannot be tested until a real layout exists.,Broad descriptive summary,Implementation-dependent; cannot be tested until a real layout exists.,Non-overriding summary,No,PASS,None
KBDL-RSP-016,Known limitation,"Responsive-content priority, source/reading order, and reflow core (KBDL-RSP-001, KBDL-RSP-006, KBDL-RSP-007, KBDL-RSP-015, KBDL-RSP-016, KBDL-RSP-020)",Implementation-dependent; cannot be tested until a real layout exists.,Broad descriptive summary,Implementation-dependent; cannot be tested until a real layout exists.,Non-overriding summary,No,PASS,None
KBDL-RSP-020,Known limitation,"Responsive-content priority, source/reading order, and reflow core (KBDL-RSP-001, KBDL-RSP-006, KBDL-RSP-007, KBDL-RSP-015, KBDL-RSP-016, KBDL-RSP-020)",Implementation-dependent; cannot be tested until a real layout exists.,Broad descriptive summary,Implementation-dependent; cannot be tested until a real layout exists.,Non-overriding summary,No,PASS,None
KBDL-RSP-001,Packet or tracking destination,"Responsive-content priority, source/reading order, and reflow core (KBDL-RSP-001, KBDL-RSP-006, KBDL-RSP-007, KBDL-RSP-015, KBDL-RSP-016, KBDL-RSP-020)",MISSING,Missing,MISSING,Missing,No,PASS,None
KBDL-RSP-006,Packet or tracking destination,"Responsive-content priority, source/reading order, and reflow core (KBDL-RSP-001, KBDL-RSP-006, KBDL-RSP-007, KBDL-RSP-015, KBDL-RSP-016, KBDL-RSP-020)",MISSING,Missing,MISSING,Missing,No,PASS,None
KBDL-RSP-007,Packet or tracking destination,"Responsive-content priority, source/reading order, and reflow core (KBDL-RSP-001, KBDL-RSP-006, KBDL-RSP-007, KBDL-RSP-015, KBDL-RSP-016, KBDL-RSP-020)",MISSING,Missing,MISSING,Missing,No,PASS,None
KBDL-RSP-015,Packet or tracking destination,"Responsive-content priority, source/reading order, and reflow core (KBDL-RSP-001, KBDL-RSP-006, KBDL-RSP-007, KBDL-RSP-015, KBDL-RSP-016, KBDL-RSP-020)",MISSING,Missing,MISSING,Missing,No,PASS,None
KBDL-RSP-016,Packet or tracking destination,"Responsive-content priority, source/reading order, and reflow core (KBDL-RSP-001, KBDL-RSP-006, KBDL-RSP-007, KBDL-RSP-015, KBDL-RSP-016, KBDL-RSP-020)",MISSING,Missing,MISSING,Missing,No,PASS,None
KBDL-RSP-020,Packet or tracking destination,"Responsive-content priority, source/reading order, and reflow core (KBDL-RSP-001, KBDL-RSP-006, KBDL-RSP-007, KBDL-RSP-015, KBDL-RSP-016, KBDL-RSP-020)",MISSING,Missing,MISSING,Missing,No,PASS,None
KBDL-RSP-001,Pending dependencies,"Responsive-content priority, source/reading order, and reflow core (KBDL-RSP-001, KBDL-RSP-006, KBDL-RSP-007, KBDL-RSP-015, KBDL-RSP-016, KBDL-RSP-020)",MISSING,Missing,MISSING,Missing,No,PASS,None
KBDL-RSP-006,Pending dependencies,"Responsive-content priority, source/reading order, and reflow core (KBDL-RSP-001, KBDL-RSP-006, KBDL-RSP-007, KBDL-RSP-015, KBDL-RSP-016, KBDL-RSP-020)",MISSING,Missing,MISSING,Missing,No,PASS,None
KBDL-RSP-007,Pending dependencies,"Responsive-content priority, source/reading order, and reflow core (KBDL-RSP-001, KBDL-RSP-006, KBDL-RSP-007, KBDL-RSP-015, KBDL-RSP-016, KBDL-RSP-020)",MISSING,Missing,MISSING,Missing,No,PASS,None
KBDL-RSP-015,Pending dependencies,"Responsive-content priority, source/reading order, and reflow core (KBDL-RSP-001, KBDL-RSP-006, KBDL-RSP-007, KBDL-RSP-015, KBDL-RSP-016, KBDL-RSP-020)",MISSING,Missing,MISSING,Missing,No,PASS,None
KBDL-RSP-016,Pending dependencies,"Responsive-content priority, source/reading order, and reflow core (KBDL-RSP-001, KBDL-RSP-006, KBDL-RSP-007, KBDL-RSP-015, KBDL-RSP-016, KBDL-RSP-020)",MISSING,Missing,MISSING,Missing,No,PASS,None
KBDL-RSP-020,Pending dependencies,"Responsive-content priority, source/reading order, and reflow core (KBDL-RSP-001, KBDL-RSP-006, KBDL-RSP-007, KBDL-RSP-015, KBDL-RSP-016, KBDL-RSP-020)",MISSING,Missing,MISSING,Missing,No,PASS,None
KBDL-RSP-001,Related decision,"Responsive-content priority, source/reading order, and reflow core (KBDL-RSP-001, KBDL-RSP-006, KBDL-RSP-007, KBDL-RSP-015, KBDL-RSP-016, KBDL-RSP-020)",`KBDL-DEC-010` (WCAG 2.2 AA baseline).,Broad descriptive summary,`KBDL-DEC-010` (WCAG 2.2 AA baseline).,Non-overriding summary,No,PASS,None
KBDL-RSP-006,Related decision,"Responsive-content priority, source/reading order, and reflow core (KBDL-RSP-001, KBDL-RSP-006, KBDL-RSP-007, KBDL-RSP-015, KBDL-RSP-016, KBDL-RSP-020)",`KBDL-DEC-010` (WCAG 2.2 AA baseline).,Broad descriptive summary,`KBDL-DEC-010` (WCAG 2.2 AA baseline).,Non-overriding summary,No,PASS,None
KBDL-RSP-007,Related decision,"Responsive-content priority, source/reading order, and reflow core (KBDL-RSP-001, KBDL-RSP-006, KBDL-RSP-007, KBDL-RSP-015, KBDL-RSP-016, KBDL-RSP-020)",`KBDL-DEC-010` (WCAG 2.2 AA baseline).,Broad descriptive summary,`KBDL-DEC-010` (WCAG 2.2 AA baseline).,Non-overriding summary,No,PASS,None
KBDL-RSP-015,Related decision,"Responsive-content priority, source/reading order, and reflow core (KBDL-RSP-001, KBDL-RSP-006, KBDL-RSP-007, KBDL-RSP-015, KBDL-RSP-016, KBDL-RSP-020)",`KBDL-DEC-010` (WCAG 2.2 AA baseline).,Broad descriptive summary,`KBDL-DEC-010` (WCAG 2.2 AA baseline).,Non-overriding summary,No,PASS,None
KBDL-RSP-016,Related decision,"Responsive-content priority, source/reading order, and reflow core (KBDL-RSP-001, KBDL-RSP-006, KBDL-RSP-007, KBDL-RSP-015, KBDL-RSP-016, KBDL-RSP-020)",`KBDL-DEC-010` (WCAG 2.2 AA baseline).,Broad descriptive summary,`KBDL-DEC-010` (WCAG 2.2 AA baseline).,Non-overriding summary,No,PASS,None
KBDL-RSP-020,Related decision,"Responsive-content priority, source/reading order, and reflow core (KBDL-RSP-001, KBDL-RSP-006, KBDL-RSP-007, KBDL-RSP-015, KBDL-RSP-016, KBDL-RSP-020)",`KBDL-DEC-010` (WCAG 2.2 AA baseline).,Broad descriptive summary,`KBDL-DEC-010` (WCAG 2.2 AA baseline).,Non-overriding summary,No,PASS,None
KBDL-RSP-001,Notes or exclusions,"Responsive-content priority, source/reading order, and reflow core (KBDL-RSP-001, KBDL-RSP-006, KBDL-RSP-007, KBDL-RSP-015, KBDL-RSP-016, KBDL-RSP-020)",These six requirements restate already-approved principles or WCAG criteria at responsive-specific granularity; no new policy is introduced.,Broad descriptive summary,These six requirements restate already-approved principles or WCAG criteria at responsive-specific granularity; no new policy is introduced.,Non-overriding summary,No,PASS,None
KBDL-RSP-006,Notes or exclusions,"Responsive-content priority, source/reading order, and reflow core (KBDL-RSP-001, KBDL-RSP-006, KBDL-RSP-007, KBDL-RSP-015, KBDL-RSP-016, KBDL-RSP-020)",These six requirements restate already-approved principles or WCAG criteria at responsive-specific granularity; no new policy is introduced.,Broad descriptive summary,These six requirements restate already-approved principles or WCAG criteria at responsive-specific granularity; no new policy is introduced.,Non-overriding summary,No,PASS,None
KBDL-RSP-007,Notes or exclusions,"Responsive-content priority, source/reading order, and reflow core (KBDL-RSP-001, KBDL-RSP-006, KBDL-RSP-007, KBDL-RSP-015, KBDL-RSP-016, KBDL-RSP-020)",These six requirements restate already-approved principles or WCAG criteria at responsive-specific granularity; no new policy is introduced.,Broad descriptive summary,These six requirements restate already-approved principles or WCAG criteria at responsive-specific granularity; no new policy is introduced.,Non-overriding summary,No,PASS,None
KBDL-RSP-015,Notes or exclusions,"Responsive-content priority, source/reading order, and reflow core (KBDL-RSP-001, KBDL-RSP-006, KBDL-RSP-007, KBDL-RSP-015, KBDL-RSP-016, KBDL-RSP-020)",These six requirements restate already-approved principles or WCAG criteria at responsive-specific granularity; no new policy is introduced.,Broad descriptive summary,These six requirements restate already-approved principles or WCAG criteria at responsive-specific granularity; no new policy is introduced.,Non-overriding summary,No,PASS,None
KBDL-RSP-016,Notes or exclusions,"Responsive-content priority, source/reading order, and reflow core (KBDL-RSP-001, KBDL-RSP-006, KBDL-RSP-007, KBDL-RSP-015, KBDL-RSP-016, KBDL-RSP-020)",These six requirements restate already-approved principles or WCAG criteria at responsive-specific granularity; no new policy is introduced.,Broad descriptive summary,These six requirements restate already-approved principles or WCAG criteria at responsive-specific granularity; no new policy is introduced.,Non-overriding summary,No,PASS,None
KBDL-RSP-020,Notes or exclusions,"Responsive-content priority, source/reading order, and reflow core (KBDL-RSP-001, KBDL-RSP-006, KBDL-RSP-007, KBDL-RSP-015, KBDL-RSP-016, KBDL-RSP-020)",These six requirements restate already-approved principles or WCAG criteria at responsive-specific granularity; no new policy is introduced.,Broad descriptive summary,These six requirements restate already-approved principles or WCAG criteria at responsive-specific granularity; no new policy is introduced.,Non-overriding summary,No,PASS,None
KBDL-RSP-002,Blueprint section,"Breakpoint, grid, container, and gutter defaults (KBDL-RSP-002, KBDL-RSP-003, KBDL-RSP-004, KBDL-RSP-005)",Exact breakpoint thresholds; grid column counts; container widths and reading measures; gutters and responsive spacing,Uniform default,Exact breakpoint thresholds; grid column counts; container widths and reading measures; gutters and responsive spacing,Uniform default,Yes,PASS,None
KBDL-RSP-003,Blueprint section,"Breakpoint, grid, container, and gutter defaults (KBDL-RSP-002, KBDL-RSP-003, KBDL-RSP-004, KBDL-RSP-005)",Exact breakpoint thresholds; grid column counts; container widths and reading measures; gutters and responsive spacing,Uniform default,Exact breakpoint thresholds; grid column counts; container widths and reading measures; gutters and responsive spacing,Uniform default,Yes,PASS,None
KBDL-RSP-004,Blueprint section,"Breakpoint, grid, container, and gutter defaults (KBDL-RSP-002, KBDL-RSP-003, KBDL-RSP-004, KBDL-RSP-005)",Exact breakpoint thresholds; grid column counts; container widths and reading measures; gutters and responsive spacing,Uniform default,Exact breakpoint thresholds; grid column counts; container widths and reading measures; gutters and responsive spacing,Uniform default,Yes,PASS,None
KBDL-RSP-005,Blueprint section,"Breakpoint, grid, container, and gutter defaults (KBDL-RSP-002, KBDL-RSP-003, KBDL-RSP-004, KBDL-RSP-005)",Exact breakpoint thresholds; grid column counts; container widths and reading measures; gutters and responsive spacing,Uniform default,Exact breakpoint thresholds; grid column counts; container widths and reading measures; gutters and responsive spacing,Uniform default,Yes,PASS,None
KBDL-RSP-002,Roadmap prompt,"Breakpoint, grid, container, and gutter defaults (KBDL-RSP-002, KBDL-RSP-003, KBDL-RSP-004, KBDL-RSP-005)",KBDL-006,Uniform default,KBDL-006,Uniform default,Yes,PASS,None
KBDL-RSP-003,Roadmap prompt,"Breakpoint, grid, container, and gutter defaults (KBDL-RSP-002, KBDL-RSP-003, KBDL-RSP-004, KBDL-RSP-005)",KBDL-006,Uniform default,KBDL-006,Uniform default,Yes,PASS,None
KBDL-RSP-004,Roadmap prompt,"Breakpoint, grid, container, and gutter defaults (KBDL-RSP-002, KBDL-RSP-003, KBDL-RSP-004, KBDL-RSP-005)",KBDL-006,Uniform default,KBDL-006,Uniform default,Yes,PASS,None
KBDL-RSP-005,Roadmap prompt,"Breakpoint, grid, container, and gutter defaults (KBDL-RSP-002, KBDL-RSP-003, KBDL-RSP-004, KBDL-RSP-005)",KBDL-006,Uniform default,KBDL-006,Uniform default,Yes,PASS,None
KBDL-RSP-002,Specification location,"Breakpoint, grid, container, and gutter defaults (KBDL-RSP-002, KBDL-RSP-003, KBDL-RSP-004, KBDL-RSP-005)","[responsive.md §7, §8, §9, §10](responsive.md#7-proposed-exact-breakpoint-thresholds)",Broad descriptive summary,"[responsive.md §7, §8, §9, §10](responsive.md#7-proposed-exact-breakpoint-thresholds)",Non-overriding summary,No,PASS,None
KBDL-RSP-003,Specification location,"Breakpoint, grid, container, and gutter defaults (KBDL-RSP-002, KBDL-RSP-003, KBDL-RSP-004, KBDL-RSP-005)","[responsive.md §7, §8, §9, §10](responsive.md#7-proposed-exact-breakpoint-thresholds)",Broad descriptive summary,"[responsive.md §7, §8, §9, §10](responsive.md#7-proposed-exact-breakpoint-thresholds)",Non-overriding summary,No,PASS,None
KBDL-RSP-004,Specification location,"Breakpoint, grid, container, and gutter defaults (KBDL-RSP-002, KBDL-RSP-003, KBDL-RSP-004, KBDL-RSP-005)","[responsive.md §7, §8, §9, §10](responsive.md#7-proposed-exact-breakpoint-thresholds)",Broad descriptive summary,"[responsive.md §7, §8, §9, §10](responsive.md#7-proposed-exact-breakpoint-thresholds)",Non-overriding summary,No,PASS,None
KBDL-RSP-005,Specification location,"Breakpoint, grid, container, and gutter defaults (KBDL-RSP-002, KBDL-RSP-003, KBDL-RSP-004, KBDL-RSP-005)","[responsive.md §7, §8, §9, §10](responsive.md#7-proposed-exact-breakpoint-thresholds)",Broad descriptive summary,"[responsive.md §7, §8, §9, §10](responsive.md#7-proposed-exact-breakpoint-thresholds)",Non-overriding summary,No,PASS,None
KBDL-RSP-002,Lifecycle status,"Breakpoint, grid, container, and gutter defaults (KBDL-RSP-002, KBDL-RSP-003, KBDL-RSP-004, KBDL-RSP-005)",MISSING,Missing,MISSING,Missing,No,PASS,None
KBDL-RSP-003,Lifecycle status,"Breakpoint, grid, container, and gutter defaults (KBDL-RSP-002, KBDL-RSP-003, KBDL-RSP-004, KBDL-RSP-005)",MISSING,Missing,MISSING,Missing,No,PASS,None
KBDL-RSP-004,Lifecycle status,"Breakpoint, grid, container, and gutter defaults (KBDL-RSP-002, KBDL-RSP-003, KBDL-RSP-004, KBDL-RSP-005)",MISSING,Missing,MISSING,Missing,No,PASS,None
KBDL-RSP-005,Lifecycle status,"Breakpoint, grid, container, and gutter defaults (KBDL-RSP-002, KBDL-RSP-003, KBDL-RSP-004, KBDL-RSP-005)",MISSING,Missing,MISSING,Missing,No,PASS,None
KBDL-RSP-002,Provenance,"Breakpoint, grid, container, and gutter defaults (KBDL-RSP-002, KBDL-RSP-003, KBDL-RSP-004, KBDL-RSP-005)",MISSING,Missing,MISSING,Missing,No,PASS,None
KBDL-RSP-003,Provenance,"Breakpoint, grid, container, and gutter defaults (KBDL-RSP-002, KBDL-RSP-003, KBDL-RSP-004, KBDL-RSP-005)",MISSING,Missing,MISSING,Missing,No,PASS,None
KBDL-RSP-004,Provenance,"Breakpoint, grid, container, and gutter defaults (KBDL-RSP-002, KBDL-RSP-003, KBDL-RSP-004, KBDL-RSP-005)",MISSING,Missing,MISSING,Missing,No,PASS,None
KBDL-RSP-005,Provenance,"Breakpoint, grid, container, and gutter defaults (KBDL-RSP-002, KBDL-RSP-003, KBDL-RSP-004, KBDL-RSP-005)",MISSING,Missing,MISSING,Missing,No,PASS,None
KBDL-RSP-002,Validation classification,"Breakpoint, grid, container, and gutter defaults (KBDL-RSP-002, KBDL-RSP-003, KBDL-RSP-004, KBDL-RSP-005)",Not applicable,Uniform status default,Not applicable,Uniform default,Yes,PASS,None
KBDL-RSP-003,Validation classification,"Breakpoint, grid, container, and gutter defaults (KBDL-RSP-002, KBDL-RSP-003, KBDL-RSP-004, KBDL-RSP-005)",Not applicable,Uniform status default,Not applicable,Uniform default,Yes,PASS,None
KBDL-RSP-004,Validation classification,"Breakpoint, grid, container, and gutter defaults (KBDL-RSP-002, KBDL-RSP-003, KBDL-RSP-004, KBDL-RSP-005)",Not applicable,Uniform status default,Not applicable,Uniform default,Yes,PASS,None
KBDL-RSP-005,Validation classification,"Breakpoint, grid, container, and gutter defaults (KBDL-RSP-002, KBDL-RSP-003, KBDL-RSP-004, KBDL-RSP-005)",Not applicable,Uniform status default,Not applicable,Uniform default,Yes,PASS,None
KBDL-RSP-002,Authority,"Breakpoint, grid, container, and gutter defaults (KBDL-RSP-002, KBDL-RSP-003, KBDL-RSP-004, KBDL-RSP-005)",MISSING,Missing,MISSING,Missing,No,PASS,None
KBDL-RSP-003,Authority,"Breakpoint, grid, container, and gutter defaults (KBDL-RSP-002, KBDL-RSP-003, KBDL-RSP-004, KBDL-RSP-005)",MISSING,Missing,MISSING,Missing,No,PASS,None
KBDL-RSP-004,Authority,"Breakpoint, grid, container, and gutter defaults (KBDL-RSP-002, KBDL-RSP-003, KBDL-RSP-004, KBDL-RSP-005)",MISSING,Missing,MISSING,Missing,No,PASS,None
KBDL-RSP-005,Authority,"Breakpoint, grid, container, and gutter defaults (KBDL-RSP-002, KBDL-RSP-003, KBDL-RSP-004, KBDL-RSP-005)",MISSING,Missing,MISSING,Missing,No,PASS,None
KBDL-RSP-002,Validation method,"Breakpoint, grid, container, and gutter defaults (KBDL-RSP-002, KBDL-RSP-003, KBDL-RSP-004, KBDL-RSP-005)",Project-owner review (not yet performed); implementation-level review once an implementation exists.,Broad descriptive summary,Project-owner review (not yet performed); implementation-level review once an implementation exists.,Non-overriding summary,No,PASS,None
KBDL-RSP-003,Validation method,"Breakpoint, grid, container, and gutter defaults (KBDL-RSP-002, KBDL-RSP-003, KBDL-RSP-004, KBDL-RSP-005)",Project-owner review (not yet performed); implementation-level review once an implementation exists.,Broad descriptive summary,Project-owner review (not yet performed); implementation-level review once an implementation exists.,Non-overriding summary,No,PASS,None
KBDL-RSP-004,Validation method,"Breakpoint, grid, container, and gutter defaults (KBDL-RSP-002, KBDL-RSP-003, KBDL-RSP-004, KBDL-RSP-005)",Project-owner review (not yet performed); implementation-level review once an implementation exists.,Broad descriptive summary,Project-owner review (not yet performed); implementation-level review once an implementation exists.,Non-overriding summary,No,PASS,None
KBDL-RSP-005,Validation method,"Breakpoint, grid, container, and gutter defaults (KBDL-RSP-002, KBDL-RSP-003, KBDL-RSP-004, KBDL-RSP-005)",Project-owner review (not yet performed); implementation-level review once an implementation exists.,Broad descriptive summary,Project-owner review (not yet performed); implementation-level review once an implementation exists.,Non-overriding summary,No,PASS,None
KBDL-RSP-002,Validation evidence,"Breakpoint, grid, container, and gutter defaults (KBDL-RSP-002, KBDL-RSP-003, KBDL-RSP-004, KBDL-RSP-005)",Not verified — no implementation exists yet.,Broad descriptive summary,Not verified — no implementation exists yet.,Non-overriding summary,No,PASS,None
KBDL-RSP-003,Validation evidence,"Breakpoint, grid, container, and gutter defaults (KBDL-RSP-002, KBDL-RSP-003, KBDL-RSP-004, KBDL-RSP-005)",Not verified — no implementation exists yet.,Broad descriptive summary,Not verified — no implementation exists yet.,Non-overriding summary,No,PASS,None
KBDL-RSP-004,Validation evidence,"Breakpoint, grid, container, and gutter defaults (KBDL-RSP-002, KBDL-RSP-003, KBDL-RSP-004, KBDL-RSP-005)",Not verified — no implementation exists yet.,Broad descriptive summary,Not verified — no implementation exists yet.,Non-overriding summary,No,PASS,None
KBDL-RSP-005,Validation evidence,"Breakpoint, grid, container, and gutter defaults (KBDL-RSP-002, KBDL-RSP-003, KBDL-RSP-004, KBDL-RSP-005)",Not verified — no implementation exists yet.,Broad descriptive summary,Not verified — no implementation exists yet.,Non-overriding summary,No,PASS,None
KBDL-RSP-002,Known limitation,"Breakpoint, grid, container, and gutter defaults (KBDL-RSP-002, KBDL-RSP-003, KBDL-RSP-004, KBDL-RSP-005)",These are recommendations awaiting project-owner approval; must not be treated as `Approved` or implemented until that approval is recorded.,Broad descriptive summary,These are recommendations awaiting project-owner approval; must not be treated as `Approved` or implemented until that approval is recorded.,Non-overriding summary,No,PASS,None
KBDL-RSP-003,Known limitation,"Breakpoint, grid, container, and gutter defaults (KBDL-RSP-002, KBDL-RSP-003, KBDL-RSP-004, KBDL-RSP-005)",These are recommendations awaiting project-owner approval; must not be treated as `Approved` or implemented until that approval is recorded.,Broad descriptive summary,These are recommendations awaiting project-owner approval; must not be treated as `Approved` or implemented until that approval is recorded.,Non-overriding summary,No,PASS,None
KBDL-RSP-004,Known limitation,"Breakpoint, grid, container, and gutter defaults (KBDL-RSP-002, KBDL-RSP-003, KBDL-RSP-004, KBDL-RSP-005)",These are recommendations awaiting project-owner approval; must not be treated as `Approved` or implemented until that approval is recorded.,Broad descriptive summary,These are recommendations awaiting project-owner approval; must not be treated as `Approved` or implemented until that approval is recorded.,Non-overriding summary,No,PASS,None
KBDL-RSP-005,Known limitation,"Breakpoint, grid, container, and gutter defaults (KBDL-RSP-002, KBDL-RSP-003, KBDL-RSP-004, KBDL-RSP-005)",These are recommendations awaiting project-owner approval; must not be treated as `Approved` or implemented until that approval is recorded.,Broad descriptive summary,These are recommendations awaiting project-owner approval; must not be treated as `Approved` or implemented until that approval is recorded.,Non-overriding summary,No,PASS,None
KBDL-RSP-002,Packet or tracking destination,"Breakpoint, grid, container, and gutter defaults (KBDL-RSP-002, KBDL-RSP-003, KBDL-RSP-004, KBDL-RSP-005)",MISSING,Missing,MISSING,Missing,No,PASS,None
KBDL-RSP-003,Packet or tracking destination,"Breakpoint, grid, container, and gutter defaults (KBDL-RSP-002, KBDL-RSP-003, KBDL-RSP-004, KBDL-RSP-005)",MISSING,Missing,MISSING,Missing,No,PASS,None
KBDL-RSP-004,Packet or tracking destination,"Breakpoint, grid, container, and gutter defaults (KBDL-RSP-002, KBDL-RSP-003, KBDL-RSP-004, KBDL-RSP-005)",MISSING,Missing,MISSING,Missing,No,PASS,None
KBDL-RSP-005,Packet or tracking destination,"Breakpoint, grid, container, and gutter defaults (KBDL-RSP-002, KBDL-RSP-003, KBDL-RSP-004, KBDL-RSP-005)",MISSING,Missing,MISSING,Missing,No,PASS,None
KBDL-RSP-002,Pending dependencies,"Breakpoint, grid, container, and gutter defaults (KBDL-RSP-002, KBDL-RSP-003, KBDL-RSP-004, KBDL-RSP-005)",MISSING,Missing,MISSING,Missing,No,PASS,None
KBDL-RSP-003,Pending dependencies,"Breakpoint, grid, container, and gutter defaults (KBDL-RSP-002, KBDL-RSP-003, KBDL-RSP-004, KBDL-RSP-005)",MISSING,Missing,MISSING,Missing,No,PASS,None
KBDL-RSP-004,Pending dependencies,"Breakpoint, grid, container, and gutter defaults (KBDL-RSP-002, KBDL-RSP-003, KBDL-RSP-004, KBDL-RSP-005)",MISSING,Missing,MISSING,Missing,No,PASS,None
KBDL-RSP-005,Pending dependencies,"Breakpoint, grid, container, and gutter defaults (KBDL-RSP-002, KBDL-RSP-003, KBDL-RSP-004, KBDL-RSP-005)",MISSING,Missing,MISSING,Missing,No,PASS,None
KBDL-RSP-002,Related decision,"Breakpoint, grid, container, and gutter defaults (KBDL-RSP-002, KBDL-RSP-003, KBDL-RSP-004, KBDL-RSP-005)",Not applicable — pending a future decision-register entry once the project owner reviews the responsive decision packet.,Broad descriptive summary,Not applicable — pending a future decision-register entry once the project owner reviews the responsive decision packet.,Non-overriding summary,No,PASS,None
KBDL-RSP-003,Related decision,"Breakpoint, grid, container, and gutter defaults (KBDL-RSP-002, KBDL-RSP-003, KBDL-RSP-004, KBDL-RSP-005)",Not applicable — pending a future decision-register entry once the project owner reviews the responsive decision packet.,Broad descriptive summary,Not applicable — pending a future decision-register entry once the project owner reviews the responsive decision packet.,Non-overriding summary,No,PASS,None
KBDL-RSP-004,Related decision,"Breakpoint, grid, container, and gutter defaults (KBDL-RSP-002, KBDL-RSP-003, KBDL-RSP-004, KBDL-RSP-005)",Not applicable — pending a future decision-register entry once the project owner reviews the responsive decision packet.,Broad descriptive summary,Not applicable — pending a future decision-register entry once the project owner reviews the responsive decision packet.,Non-overriding summary,No,PASS,None
KBDL-RSP-005,Related decision,"Breakpoint, grid, container, and gutter defaults (KBDL-RSP-002, KBDL-RSP-003, KBDL-RSP-004, KBDL-RSP-005)",Not applicable — pending a future decision-register entry once the project owner reviews the responsive decision packet.,Broad descriptive summary,Not applicable — pending a future decision-register entry once the project owner reviews the responsive decision packet.,Non-overriding summary,No,PASS,None
KBDL-RSP-002,Notes or exclusions,"Breakpoint, grid, container, and gutter defaults (KBDL-RSP-002, KBDL-RSP-003, KBDL-RSP-004, KBDL-RSP-005)","Exact pixel values, grid columns, container widths, and gutters were explicitly deferred to KBDL-006 by `foundations/spacing-layout.md`; these four requirements resolve that deferral as `Recommended` proposals, mapped to [responsive decision packet](responsive.md#35-responsive-decision-packet) items 1–4.",Broad descriptive summary,"Exact pixel values, grid columns, container widths, and gutters were explicitly deferred to KBDL-006 by `foundations/spacing-layout.md`; these four requirements resolve that deferral as `Recommended` proposals, mapped to [responsive decision packet](responsive.md#35-responsive-decision-packet) items 1–4.",Non-overriding summary,No,PASS,None
KBDL-RSP-003,Notes or exclusions,"Breakpoint, grid, container, and gutter defaults (KBDL-RSP-002, KBDL-RSP-003, KBDL-RSP-004, KBDL-RSP-005)","Exact pixel values, grid columns, container widths, and gutters were explicitly deferred to KBDL-006 by `foundations/spacing-layout.md`; these four requirements resolve that deferral as `Recommended` proposals, mapped to [responsive decision packet](responsive.md#35-responsive-decision-packet) items 1–4.",Broad descriptive summary,"Exact pixel values, grid columns, container widths, and gutters were explicitly deferred to KBDL-006 by `foundations/spacing-layout.md`; these four requirements resolve that deferral as `Recommended` proposals, mapped to [responsive decision packet](responsive.md#35-responsive-decision-packet) items 1–4.",Non-overriding summary,No,PASS,None
KBDL-RSP-004,Notes or exclusions,"Breakpoint, grid, container, and gutter defaults (KBDL-RSP-002, KBDL-RSP-003, KBDL-RSP-004, KBDL-RSP-005)","Exact pixel values, grid columns, container widths, and gutters were explicitly deferred to KBDL-006 by `foundations/spacing-layout.md`; these four requirements resolve that deferral as `Recommended` proposals, mapped to [responsive decision packet](responsive.md#35-responsive-decision-packet) items 1–4.",Broad descriptive summary,"Exact pixel values, grid columns, container widths, and gutters were explicitly deferred to KBDL-006 by `foundations/spacing-layout.md`; these four requirements resolve that deferral as `Recommended` proposals, mapped to [responsive decision packet](responsive.md#35-responsive-decision-packet) items 1–4.",Non-overriding summary,No,PASS,None
KBDL-RSP-005,Notes or exclusions,"Breakpoint, grid, container, and gutter defaults (KBDL-RSP-002, KBDL-RSP-003, KBDL-RSP-004, KBDL-RSP-005)","Exact pixel values, grid columns, container widths, and gutters were explicitly deferred to KBDL-006 by `foundations/spacing-layout.md`; these four requirements resolve that deferral as `Recommended` proposals, mapped to [responsive decision packet](responsive.md#35-responsive-decision-packet) items 1–4.",Broad descriptive summary,"Exact pixel values, grid columns, container widths, and gutters were explicitly deferred to KBDL-006 by `foundations/spacing-layout.md`; these four requirements resolve that deferral as `Recommended` proposals, mapped to [responsive decision packet](responsive.md#35-responsive-decision-packet) items 1–4.",Non-overriding summary,No,PASS,None
KBDL-RSP-008,Blueprint section,"Navigation, density, media, and data-dense adaptation (KBDL-RSP-008, KBDL-RSP-009, KBDL-RSP-010, KBDL-RSP-011, KBDL-RSP-012)",Navigation adaptation; content-density adaptation; media and image adaptation; data-dense/tabular content; full-bleed and asymmetric layouts,Uniform default,Navigation adaptation; content-density adaptation; media and image adaptation; data-dense/tabular content; full-bleed and asymmetric layouts,Uniform default,Yes,PASS,None
KBDL-RSP-009,Blueprint section,"Navigation, density, media, and data-dense adaptation (KBDL-RSP-008, KBDL-RSP-009, KBDL-RSP-010, KBDL-RSP-011, KBDL-RSP-012)",Navigation adaptation; content-density adaptation; media and image adaptation; data-dense/tabular content; full-bleed and asymmetric layouts,Uniform default,Navigation adaptation; content-density adaptation; media and image adaptation; data-dense/tabular content; full-bleed and asymmetric layouts,Uniform default,Yes,PASS,None
KBDL-RSP-010,Blueprint section,"Navigation, density, media, and data-dense adaptation (KBDL-RSP-008, KBDL-RSP-009, KBDL-RSP-010, KBDL-RSP-011, KBDL-RSP-012)",Navigation adaptation; content-density adaptation; media and image adaptation; data-dense/tabular content; full-bleed and asymmetric layouts,Uniform default,Navigation adaptation; content-density adaptation; media and image adaptation; data-dense/tabular content; full-bleed and asymmetric layouts,Uniform default,Yes,PASS,None
KBDL-RSP-011,Blueprint section,"Navigation, density, media, and data-dense adaptation (KBDL-RSP-008, KBDL-RSP-009, KBDL-RSP-010, KBDL-RSP-011, KBDL-RSP-012)",Navigation adaptation; content-density adaptation; media and image adaptation; data-dense/tabular content; full-bleed and asymmetric layouts,Uniform default,Navigation adaptation; content-density adaptation; media and image adaptation; data-dense/tabular content; full-bleed and asymmetric layouts,Uniform default,Yes,PASS,None
KBDL-RSP-012,Blueprint section,"Navigation, density, media, and data-dense adaptation (KBDL-RSP-008, KBDL-RSP-009, KBDL-RSP-010, KBDL-RSP-011, KBDL-RSP-012)",Navigation adaptation; content-density adaptation; media and image adaptation; data-dense/tabular content; full-bleed and asymmetric layouts,Uniform default,Navigation adaptation; content-density adaptation; media and image adaptation; data-dense/tabular content; full-bleed and asymmetric layouts,Uniform default,Yes,PASS,None
KBDL-RSP-008,Roadmap prompt,"Navigation, density, media, and data-dense adaptation (KBDL-RSP-008, KBDL-RSP-009, KBDL-RSP-010, KBDL-RSP-011, KBDL-RSP-012)",KBDL-006,Uniform default,KBDL-006,Uniform default,Yes,PASS,None
KBDL-RSP-009,Roadmap prompt,"Navigation, density, media, and data-dense adaptation (KBDL-RSP-008, KBDL-RSP-009, KBDL-RSP-010, KBDL-RSP-011, KBDL-RSP-012)",KBDL-006,Uniform default,KBDL-006,Uniform default,Yes,PASS,None
KBDL-RSP-010,Roadmap prompt,"Navigation, density, media, and data-dense adaptation (KBDL-RSP-008, KBDL-RSP-009, KBDL-RSP-010, KBDL-RSP-011, KBDL-RSP-012)",KBDL-006,Uniform default,KBDL-006,Uniform default,Yes,PASS,None
KBDL-RSP-011,Roadmap prompt,"Navigation, density, media, and data-dense adaptation (KBDL-RSP-008, KBDL-RSP-009, KBDL-RSP-010, KBDL-RSP-011, KBDL-RSP-012)",KBDL-006,Uniform default,KBDL-006,Uniform default,Yes,PASS,None
KBDL-RSP-012,Roadmap prompt,"Navigation, density, media, and data-dense adaptation (KBDL-RSP-008, KBDL-RSP-009, KBDL-RSP-010, KBDL-RSP-011, KBDL-RSP-012)",KBDL-006,Uniform default,KBDL-006,Uniform default,Yes,PASS,None
KBDL-RSP-008,Specification location,"Navigation, density, media, and data-dense adaptation (KBDL-RSP-008, KBDL-RSP-009, KBDL-RSP-010, KBDL-RSP-011, KBDL-RSP-012)",[responsive.md §13–§17](responsive.md#13-navigation-adaptation),Broad descriptive summary,[responsive.md §13–§17](responsive.md#13-navigation-adaptation),Non-overriding summary,No,PASS,None
KBDL-RSP-009,Specification location,"Navigation, density, media, and data-dense adaptation (KBDL-RSP-008, KBDL-RSP-009, KBDL-RSP-010, KBDL-RSP-011, KBDL-RSP-012)",[responsive.md §13–§17](responsive.md#13-navigation-adaptation),Broad descriptive summary,[responsive.md §13–§17](responsive.md#13-navigation-adaptation),Non-overriding summary,No,PASS,None
KBDL-RSP-010,Specification location,"Navigation, density, media, and data-dense adaptation (KBDL-RSP-008, KBDL-RSP-009, KBDL-RSP-010, KBDL-RSP-011, KBDL-RSP-012)",[responsive.md §13–§17](responsive.md#13-navigation-adaptation),Broad descriptive summary,[responsive.md §13–§17](responsive.md#13-navigation-adaptation),Non-overriding summary,No,PASS,None
KBDL-RSP-011,Specification location,"Navigation, density, media, and data-dense adaptation (KBDL-RSP-008, KBDL-RSP-009, KBDL-RSP-010, KBDL-RSP-011, KBDL-RSP-012)",[responsive.md §13–§17](responsive.md#13-navigation-adaptation),Broad descriptive summary,[responsive.md §13–§17](responsive.md#13-navigation-adaptation),Non-overriding summary,No,PASS,None
KBDL-RSP-012,Specification location,"Navigation, density, media, and data-dense adaptation (KBDL-RSP-008, KBDL-RSP-009, KBDL-RSP-010, KBDL-RSP-011, KBDL-RSP-012)",[responsive.md §13–§17](responsive.md#13-navigation-adaptation),Broad descriptive summary,[responsive.md §13–§17](responsive.md#13-navigation-adaptation),Non-overriding summary,No,PASS,None
KBDL-RSP-008,Lifecycle status,"Navigation, density, media, and data-dense adaptation (KBDL-RSP-008, KBDL-RSP-009, KBDL-RSP-010, KBDL-RSP-011, KBDL-RSP-012)",MISSING,Missing,MISSING,Missing,No,PASS,None
KBDL-RSP-009,Lifecycle status,"Navigation, density, media, and data-dense adaptation (KBDL-RSP-008, KBDL-RSP-009, KBDL-RSP-010, KBDL-RSP-011, KBDL-RSP-012)",MISSING,Missing,MISSING,Missing,No,PASS,None
KBDL-RSP-010,Lifecycle status,"Navigation, density, media, and data-dense adaptation (KBDL-RSP-008, KBDL-RSP-009, KBDL-RSP-010, KBDL-RSP-011, KBDL-RSP-012)",MISSING,Missing,MISSING,Missing,No,PASS,None
KBDL-RSP-011,Lifecycle status,"Navigation, density, media, and data-dense adaptation (KBDL-RSP-008, KBDL-RSP-009, KBDL-RSP-010, KBDL-RSP-011, KBDL-RSP-012)",MISSING,Missing,MISSING,Missing,No,PASS,None
KBDL-RSP-012,Lifecycle status,"Navigation, density, media, and data-dense adaptation (KBDL-RSP-008, KBDL-RSP-009, KBDL-RSP-010, KBDL-RSP-011, KBDL-RSP-012)",MISSING,Missing,MISSING,Missing,No,PASS,None
KBDL-RSP-008,Provenance,"Navigation, density, media, and data-dense adaptation (KBDL-RSP-008, KBDL-RSP-009, KBDL-RSP-010, KBDL-RSP-011, KBDL-RSP-012)",MISSING,Missing,MISSING,Missing,No,PASS,None
KBDL-RSP-009,Provenance,"Navigation, density, media, and data-dense adaptation (KBDL-RSP-008, KBDL-RSP-009, KBDL-RSP-010, KBDL-RSP-011, KBDL-RSP-012)",MISSING,Missing,MISSING,Missing,No,PASS,None
KBDL-RSP-010,Provenance,"Navigation, density, media, and data-dense adaptation (KBDL-RSP-008, KBDL-RSP-009, KBDL-RSP-010, KBDL-RSP-011, KBDL-RSP-012)",MISSING,Missing,MISSING,Missing,No,PASS,None
KBDL-RSP-011,Provenance,"Navigation, density, media, and data-dense adaptation (KBDL-RSP-008, KBDL-RSP-009, KBDL-RSP-010, KBDL-RSP-011, KBDL-RSP-012)",MISSING,Missing,MISSING,Missing,No,PASS,None
KBDL-RSP-012,Provenance,"Navigation, density, media, and data-dense adaptation (KBDL-RSP-008, KBDL-RSP-009, KBDL-RSP-010, KBDL-RSP-011, KBDL-RSP-012)",MISSING,Missing,MISSING,Missing,No,PASS,None
KBDL-RSP-008,Validation classification,"Navigation, density, media, and data-dense adaptation (KBDL-RSP-008, KBDL-RSP-009, KBDL-RSP-010, KBDL-RSP-011, KBDL-RSP-012)",Not verified,Uniform status default,Not verified,Uniform default,Yes,PASS,None
KBDL-RSP-009,Validation classification,"Navigation, density, media, and data-dense adaptation (KBDL-RSP-008, KBDL-RSP-009, KBDL-RSP-010, KBDL-RSP-011, KBDL-RSP-012)",Not verified,Uniform status default,Not verified,Uniform default,Yes,PASS,None
KBDL-RSP-010,Validation classification,"Navigation, density, media, and data-dense adaptation (KBDL-RSP-008, KBDL-RSP-009, KBDL-RSP-010, KBDL-RSP-011, KBDL-RSP-012)",Not verified,Uniform status default,Not verified,Uniform default,Yes,PASS,None
KBDL-RSP-011,Validation classification,"Navigation, density, media, and data-dense adaptation (KBDL-RSP-008, KBDL-RSP-009, KBDL-RSP-010, KBDL-RSP-011, KBDL-RSP-012)",Not verified,Uniform status default,Not verified,Uniform default,Yes,PASS,None
KBDL-RSP-012,Validation classification,"Navigation, density, media, and data-dense adaptation (KBDL-RSP-008, KBDL-RSP-009, KBDL-RSP-010, KBDL-RSP-011, KBDL-RSP-012)",Not verified,Uniform status default,Not verified,Uniform default,Yes,PASS,None
KBDL-RSP-008,Authority,"Navigation, density, media, and data-dense adaptation (KBDL-RSP-008, KBDL-RSP-009, KBDL-RSP-010, KBDL-RSP-011, KBDL-RSP-012)",MISSING,Missing,MISSING,Missing,No,PASS,None
KBDL-RSP-009,Authority,"Navigation, density, media, and data-dense adaptation (KBDL-RSP-008, KBDL-RSP-009, KBDL-RSP-010, KBDL-RSP-011, KBDL-RSP-012)",MISSING,Missing,MISSING,Missing,No,PASS,None
KBDL-RSP-010,Authority,"Navigation, density, media, and data-dense adaptation (KBDL-RSP-008, KBDL-RSP-009, KBDL-RSP-010, KBDL-RSP-011, KBDL-RSP-012)",MISSING,Missing,MISSING,Missing,No,PASS,None
KBDL-RSP-011,Authority,"Navigation, density, media, and data-dense adaptation (KBDL-RSP-008, KBDL-RSP-009, KBDL-RSP-010, KBDL-RSP-011, KBDL-RSP-012)",MISSING,Missing,MISSING,Missing,No,PASS,None
KBDL-RSP-012,Authority,"Navigation, density, media, and data-dense adaptation (KBDL-RSP-008, KBDL-RSP-009, KBDL-RSP-010, KBDL-RSP-011, KBDL-RSP-012)",MISSING,Missing,MISSING,Missing,No,PASS,None
KBDL-RSP-008,Validation method,"Navigation, density, media, and data-dense adaptation (KBDL-RSP-008, KBDL-RSP-009, KBDL-RSP-010, KBDL-RSP-011, KBDL-RSP-012)",Manual review once implemented; project-owner review of `KBDL-RSP-008`/`011` (not yet performed).,Broad descriptive summary,Manual review once implemented; project-owner review of `KBDL-RSP-008`/`011` (not yet performed).,Non-overriding summary,No,PASS,None
KBDL-RSP-009,Validation method,"Navigation, density, media, and data-dense adaptation (KBDL-RSP-008, KBDL-RSP-009, KBDL-RSP-010, KBDL-RSP-011, KBDL-RSP-012)",Manual review once implemented; project-owner review of `KBDL-RSP-008`/`011` (not yet performed).,Broad descriptive summary,Manual review once implemented; project-owner review of `KBDL-RSP-008`/`011` (not yet performed).,Non-overriding summary,No,PASS,None
KBDL-RSP-010,Validation method,"Navigation, density, media, and data-dense adaptation (KBDL-RSP-008, KBDL-RSP-009, KBDL-RSP-010, KBDL-RSP-011, KBDL-RSP-012)",Manual review once implemented; project-owner review of `KBDL-RSP-008`/`011` (not yet performed).,Broad descriptive summary,Manual review once implemented; project-owner review of `KBDL-RSP-008`/`011` (not yet performed).,Non-overriding summary,No,PASS,None
KBDL-RSP-011,Validation method,"Navigation, density, media, and data-dense adaptation (KBDL-RSP-008, KBDL-RSP-009, KBDL-RSP-010, KBDL-RSP-011, KBDL-RSP-012)",Manual review once implemented; project-owner review of `KBDL-RSP-008`/`011` (not yet performed).,Broad descriptive summary,Manual review once implemented; project-owner review of `KBDL-RSP-008`/`011` (not yet performed).,Non-overriding summary,No,PASS,None
KBDL-RSP-012,Validation method,"Navigation, density, media, and data-dense adaptation (KBDL-RSP-008, KBDL-RSP-009, KBDL-RSP-010, KBDL-RSP-011, KBDL-RSP-012)",Manual review once implemented; project-owner review of `KBDL-RSP-008`/`011` (not yet performed).,Broad descriptive summary,Manual review once implemented; project-owner review of `KBDL-RSP-008`/`011` (not yet performed).,Non-overriding summary,No,PASS,None
KBDL-RSP-008,Validation evidence,"Navigation, density, media, and data-dense adaptation (KBDL-RSP-008, KBDL-RSP-009, KBDL-RSP-010, KBDL-RSP-011, KBDL-RSP-012)",Not verified — no implementation exists yet.,Broad descriptive summary,Not verified — no implementation exists yet.,Non-overriding summary,No,PASS,None
KBDL-RSP-009,Validation evidence,"Navigation, density, media, and data-dense adaptation (KBDL-RSP-008, KBDL-RSP-009, KBDL-RSP-010, KBDL-RSP-011, KBDL-RSP-012)",Not verified — no implementation exists yet.,Broad descriptive summary,Not verified — no implementation exists yet.,Non-overriding summary,No,PASS,None
KBDL-RSP-010,Validation evidence,"Navigation, density, media, and data-dense adaptation (KBDL-RSP-008, KBDL-RSP-009, KBDL-RSP-010, KBDL-RSP-011, KBDL-RSP-012)",Not verified — no implementation exists yet.,Broad descriptive summary,Not verified — no implementation exists yet.,Non-overriding summary,No,PASS,None
KBDL-RSP-011,Validation evidence,"Navigation, density, media, and data-dense adaptation (KBDL-RSP-008, KBDL-RSP-009, KBDL-RSP-010, KBDL-RSP-011, KBDL-RSP-012)",Not verified — no implementation exists yet.,Broad descriptive summary,Not verified — no implementation exists yet.,Non-overriding summary,No,PASS,None
KBDL-RSP-012,Validation evidence,"Navigation, density, media, and data-dense adaptation (KBDL-RSP-008, KBDL-RSP-009, KBDL-RSP-010, KBDL-RSP-011, KBDL-RSP-012)",Not verified — no implementation exists yet.,Broad descriptive summary,Not verified — no implementation exists yet.,Non-overriding summary,No,PASS,None
KBDL-RSP-008,Known limitation,"Navigation, density, media, and data-dense adaptation (KBDL-RSP-008, KBDL-RSP-009, KBDL-RSP-010, KBDL-RSP-011, KBDL-RSP-012)",Exact collapse thresholds and per-project column-priority rules remain qualitative pending implementation-level review.,Broad descriptive summary,Exact collapse thresholds and per-project column-priority rules remain qualitative pending implementation-level review.,Non-overriding summary,No,PASS,None
KBDL-RSP-009,Known limitation,"Navigation, density, media, and data-dense adaptation (KBDL-RSP-008, KBDL-RSP-009, KBDL-RSP-010, KBDL-RSP-011, KBDL-RSP-012)",Exact collapse thresholds and per-project column-priority rules remain qualitative pending implementation-level review.,Broad descriptive summary,Exact collapse thresholds and per-project column-priority rules remain qualitative pending implementation-level review.,Non-overriding summary,No,PASS,None
KBDL-RSP-010,Known limitation,"Navigation, density, media, and data-dense adaptation (KBDL-RSP-008, KBDL-RSP-009, KBDL-RSP-010, KBDL-RSP-011, KBDL-RSP-012)",Exact collapse thresholds and per-project column-priority rules remain qualitative pending implementation-level review.,Broad descriptive summary,Exact collapse thresholds and per-project column-priority rules remain qualitative pending implementation-level review.,Non-overriding summary,No,PASS,None
KBDL-RSP-011,Known limitation,"Navigation, density, media, and data-dense adaptation (KBDL-RSP-008, KBDL-RSP-009, KBDL-RSP-010, KBDL-RSP-011, KBDL-RSP-012)",Exact collapse thresholds and per-project column-priority rules remain qualitative pending implementation-level review.,Broad descriptive summary,Exact collapse thresholds and per-project column-priority rules remain qualitative pending implementation-level review.,Non-overriding summary,No,PASS,None
KBDL-RSP-012,Known limitation,"Navigation, density, media, and data-dense adaptation (KBDL-RSP-008, KBDL-RSP-009, KBDL-RSP-010, KBDL-RSP-011, KBDL-RSP-012)",Exact collapse thresholds and per-project column-priority rules remain qualitative pending implementation-level review.,Broad descriptive summary,Exact collapse thresholds and per-project column-priority rules remain qualitative pending implementation-level review.,Non-overriding summary,No,PASS,None
KBDL-RSP-008,Packet or tracking destination,"Navigation, density, media, and data-dense adaptation (KBDL-RSP-008, KBDL-RSP-009, KBDL-RSP-010, KBDL-RSP-011, KBDL-RSP-012)",MISSING,Missing,MISSING,Missing,No,PASS,None
KBDL-RSP-009,Packet or tracking destination,"Navigation, density, media, and data-dense adaptation (KBDL-RSP-008, KBDL-RSP-009, KBDL-RSP-010, KBDL-RSP-011, KBDL-RSP-012)",MISSING,Missing,MISSING,Missing,No,PASS,None
KBDL-RSP-010,Packet or tracking destination,"Navigation, density, media, and data-dense adaptation (KBDL-RSP-008, KBDL-RSP-009, KBDL-RSP-010, KBDL-RSP-011, KBDL-RSP-012)",MISSING,Missing,MISSING,Missing,No,PASS,None
KBDL-RSP-011,Packet or tracking destination,"Navigation, density, media, and data-dense adaptation (KBDL-RSP-008, KBDL-RSP-009, KBDL-RSP-010, KBDL-RSP-011, KBDL-RSP-012)",MISSING,Missing,MISSING,Missing,No,PASS,None
KBDL-RSP-012,Packet or tracking destination,"Navigation, density, media, and data-dense adaptation (KBDL-RSP-008, KBDL-RSP-009, KBDL-RSP-010, KBDL-RSP-011, KBDL-RSP-012)",MISSING,Missing,MISSING,Missing,No,PASS,None
KBDL-RSP-008,Pending dependencies,"Navigation, density, media, and data-dense adaptation (KBDL-RSP-008, KBDL-RSP-009, KBDL-RSP-010, KBDL-RSP-011, KBDL-RSP-012)",MISSING,Missing,MISSING,Missing,No,PASS,None
KBDL-RSP-009,Pending dependencies,"Navigation, density, media, and data-dense adaptation (KBDL-RSP-008, KBDL-RSP-009, KBDL-RSP-010, KBDL-RSP-011, KBDL-RSP-012)",MISSING,Missing,MISSING,Missing,No,PASS,None
KBDL-RSP-010,Pending dependencies,"Navigation, density, media, and data-dense adaptation (KBDL-RSP-008, KBDL-RSP-009, KBDL-RSP-010, KBDL-RSP-011, KBDL-RSP-012)",MISSING,Missing,MISSING,Missing,No,PASS,None
KBDL-RSP-011,Pending dependencies,"Navigation, density, media, and data-dense adaptation (KBDL-RSP-008, KBDL-RSP-009, KBDL-RSP-010, KBDL-RSP-011, KBDL-RSP-012)",MISSING,Missing,MISSING,Missing,No,PASS,None
KBDL-RSP-012,Pending dependencies,"Navigation, density, media, and data-dense adaptation (KBDL-RSP-008, KBDL-RSP-009, KBDL-RSP-010, KBDL-RSP-011, KBDL-RSP-012)",MISSING,Missing,MISSING,Missing,No,PASS,None
KBDL-RSP-008,Related decision,"Navigation, density, media, and data-dense adaptation (KBDL-RSP-008, KBDL-RSP-009, KBDL-RSP-010, KBDL-RSP-011, KBDL-RSP-012)",Not applicable — pending a future decision-register entry.,Broad descriptive summary,Not applicable — pending a future decision-register entry.,Non-overriding summary,No,PASS,None
KBDL-RSP-009,Related decision,"Navigation, density, media, and data-dense adaptation (KBDL-RSP-008, KBDL-RSP-009, KBDL-RSP-010, KBDL-RSP-011, KBDL-RSP-012)",Not applicable — pending a future decision-register entry.,Broad descriptive summary,Not applicable — pending a future decision-register entry.,Non-overriding summary,No,PASS,None
KBDL-RSP-010,Related decision,"Navigation, density, media, and data-dense adaptation (KBDL-RSP-008, KBDL-RSP-009, KBDL-RSP-010, KBDL-RSP-011, KBDL-RSP-012)",Not applicable — pending a future decision-register entry.,Broad descriptive summary,Not applicable — pending a future decision-register entry.,Non-overriding summary,No,PASS,None
KBDL-RSP-011,Related decision,"Navigation, density, media, and data-dense adaptation (KBDL-RSP-008, KBDL-RSP-009, KBDL-RSP-010, KBDL-RSP-011, KBDL-RSP-012)",Not applicable — pending a future decision-register entry.,Broad descriptive summary,Not applicable — pending a future decision-register entry.,Non-overriding summary,No,PASS,None
KBDL-RSP-012,Related decision,"Navigation, density, media, and data-dense adaptation (KBDL-RSP-008, KBDL-RSP-009, KBDL-RSP-010, KBDL-RSP-011, KBDL-RSP-012)",Not applicable — pending a future decision-register entry.,Broad descriptive summary,Not applicable — pending a future decision-register entry.,Non-overriding summary,No,PASS,None
KBDL-RSP-008,Notes or exclusions,"Navigation, density, media, and data-dense adaptation (KBDL-RSP-008, KBDL-RSP-009, KBDL-RSP-010, KBDL-RSP-011, KBDL-RSP-012)",`KBDL-RSP-008` and `KBDL-RSP-011` map to [responsive decision packet](responsive.md#35-responsive-decision-packet) items 5 and 6.,Broad descriptive summary,`KBDL-RSP-008` and `KBDL-RSP-011` map to [responsive decision packet](responsive.md#35-responsive-decision-packet) items 5 and 6.,Non-overriding summary,No,PASS,None
KBDL-RSP-009,Notes or exclusions,"Navigation, density, media, and data-dense adaptation (KBDL-RSP-008, KBDL-RSP-009, KBDL-RSP-010, KBDL-RSP-011, KBDL-RSP-012)",`KBDL-RSP-008` and `KBDL-RSP-011` map to [responsive decision packet](responsive.md#35-responsive-decision-packet) items 5 and 6.,Broad descriptive summary,`KBDL-RSP-008` and `KBDL-RSP-011` map to [responsive decision packet](responsive.md#35-responsive-decision-packet) items 5 and 6.,Non-overriding summary,No,PASS,None
KBDL-RSP-010,Notes or exclusions,"Navigation, density, media, and data-dense adaptation (KBDL-RSP-008, KBDL-RSP-009, KBDL-RSP-010, KBDL-RSP-011, KBDL-RSP-012)",`KBDL-RSP-008` and `KBDL-RSP-011` map to [responsive decision packet](responsive.md#35-responsive-decision-packet) items 5 and 6.,Broad descriptive summary,`KBDL-RSP-008` and `KBDL-RSP-011` map to [responsive decision packet](responsive.md#35-responsive-decision-packet) items 5 and 6.,Non-overriding summary,No,PASS,None
KBDL-RSP-011,Notes or exclusions,"Navigation, density, media, and data-dense adaptation (KBDL-RSP-008, KBDL-RSP-009, KBDL-RSP-010, KBDL-RSP-011, KBDL-RSP-012)",`KBDL-RSP-008` and `KBDL-RSP-011` map to [responsive decision packet](responsive.md#35-responsive-decision-packet) items 5 and 6.,Broad descriptive summary,`KBDL-RSP-008` and `KBDL-RSP-011` map to [responsive decision packet](responsive.md#35-responsive-decision-packet) items 5 and 6.,Non-overriding summary,No,PASS,None
KBDL-RSP-012,Notes or exclusions,"Navigation, density, media, and data-dense adaptation (KBDL-RSP-008, KBDL-RSP-009, KBDL-RSP-010, KBDL-RSP-011, KBDL-RSP-012)",`KBDL-RSP-008` and `KBDL-RSP-011` map to [responsive decision packet](responsive.md#35-responsive-decision-packet) items 5 and 6.,Broad descriptive summary,`KBDL-RSP-008` and `KBDL-RSP-011` map to [responsive decision packet](responsive.md#35-responsive-decision-packet) items 5 and 6.,Non-overriding summary,No,PASS,None
KBDL-RSP-013,Blueprint section,"Sticky regions, safe areas, virtual keyboard, and input parity (KBDL-RSP-013, KBDL-RSP-014, KBDL-RSP-017, KBDL-RSP-018, KBDL-RSP-019)",Sticky/fixed regions; safe areas; virtual-keyboard behavior; touch/pointer/keyboard/hybrid input; hover-independent discoverability,Uniform default,Sticky/fixed regions; safe areas; virtual-keyboard behavior; touch/pointer/keyboard/hybrid input; hover-independent discoverability,Uniform default,Yes,PASS,None
KBDL-RSP-014,Blueprint section,"Sticky regions, safe areas, virtual keyboard, and input parity (KBDL-RSP-013, KBDL-RSP-014, KBDL-RSP-017, KBDL-RSP-018, KBDL-RSP-019)",Sticky/fixed regions; safe areas; virtual-keyboard behavior; touch/pointer/keyboard/hybrid input; hover-independent discoverability,Uniform default,Sticky/fixed regions; safe areas; virtual-keyboard behavior; touch/pointer/keyboard/hybrid input; hover-independent discoverability,Uniform default,Yes,PASS,None
KBDL-RSP-017,Blueprint section,"Sticky regions, safe areas, virtual keyboard, and input parity (KBDL-RSP-013, KBDL-RSP-014, KBDL-RSP-017, KBDL-RSP-018, KBDL-RSP-019)",Sticky/fixed regions; safe areas; virtual-keyboard behavior; touch/pointer/keyboard/hybrid input; hover-independent discoverability,Uniform default,Sticky/fixed regions; safe areas; virtual-keyboard behavior; touch/pointer/keyboard/hybrid input; hover-independent discoverability,Uniform default,Yes,PASS,None
KBDL-RSP-018,Blueprint section,"Sticky regions, safe areas, virtual keyboard, and input parity (KBDL-RSP-013, KBDL-RSP-014, KBDL-RSP-017, KBDL-RSP-018, KBDL-RSP-019)",Sticky/fixed regions; safe areas; virtual-keyboard behavior; touch/pointer/keyboard/hybrid input; hover-independent discoverability,Uniform default,Sticky/fixed regions; safe areas; virtual-keyboard behavior; touch/pointer/keyboard/hybrid input; hover-independent discoverability,Uniform default,Yes,PASS,None
KBDL-RSP-019,Blueprint section,"Sticky regions, safe areas, virtual keyboard, and input parity (KBDL-RSP-013, KBDL-RSP-014, KBDL-RSP-017, KBDL-RSP-018, KBDL-RSP-019)",Sticky/fixed regions; safe areas; virtual-keyboard behavior; touch/pointer/keyboard/hybrid input; hover-independent discoverability,Uniform default,Sticky/fixed regions; safe areas; virtual-keyboard behavior; touch/pointer/keyboard/hybrid input; hover-independent discoverability,Uniform default,Yes,PASS,None
KBDL-RSP-013,Roadmap prompt,"Sticky regions, safe areas, virtual keyboard, and input parity (KBDL-RSP-013, KBDL-RSP-014, KBDL-RSP-017, KBDL-RSP-018, KBDL-RSP-019)",KBDL-006,Uniform default,KBDL-006,Uniform default,Yes,PASS,None
KBDL-RSP-014,Roadmap prompt,"Sticky regions, safe areas, virtual keyboard, and input parity (KBDL-RSP-013, KBDL-RSP-014, KBDL-RSP-017, KBDL-RSP-018, KBDL-RSP-019)",KBDL-006,Uniform default,KBDL-006,Uniform default,Yes,PASS,None
KBDL-RSP-017,Roadmap prompt,"Sticky regions, safe areas, virtual keyboard, and input parity (KBDL-RSP-013, KBDL-RSP-014, KBDL-RSP-017, KBDL-RSP-018, KBDL-RSP-019)",KBDL-006,Uniform default,KBDL-006,Uniform default,Yes,PASS,None
KBDL-RSP-018,Roadmap prompt,"Sticky regions, safe areas, virtual keyboard, and input parity (KBDL-RSP-013, KBDL-RSP-014, KBDL-RSP-017, KBDL-RSP-018, KBDL-RSP-019)",KBDL-006,Uniform default,KBDL-006,Uniform default,Yes,PASS,None
KBDL-RSP-019,Roadmap prompt,"Sticky regions, safe areas, virtual keyboard, and input parity (KBDL-RSP-013, KBDL-RSP-014, KBDL-RSP-017, KBDL-RSP-018, KBDL-RSP-019)",KBDL-006,Uniform default,KBDL-006,Uniform default,Yes,PASS,None
KBDL-RSP-013,Specification location,"Sticky regions, safe areas, virtual keyboard, and input parity (KBDL-RSP-013, KBDL-RSP-014, KBDL-RSP-017, KBDL-RSP-018, KBDL-RSP-019)","[responsive.md §18, §19, §22, §23, §24](responsive.md#18-sticky-and-fixed-regions)",Broad descriptive summary,"[responsive.md §18, §19, §22, §23, §24](responsive.md#18-sticky-and-fixed-regions)",Non-overriding summary,No,PASS,None
KBDL-RSP-014,Specification location,"Sticky regions, safe areas, virtual keyboard, and input parity (KBDL-RSP-013, KBDL-RSP-014, KBDL-RSP-017, KBDL-RSP-018, KBDL-RSP-019)","[responsive.md §18, §19, §22, §23, §24](responsive.md#18-sticky-and-fixed-regions)",Broad descriptive summary,"[responsive.md §18, §19, §22, §23, §24](responsive.md#18-sticky-and-fixed-regions)",Non-overriding summary,No,PASS,None
KBDL-RSP-017,Specification location,"Sticky regions, safe areas, virtual keyboard, and input parity (KBDL-RSP-013, KBDL-RSP-014, KBDL-RSP-017, KBDL-RSP-018, KBDL-RSP-019)","[responsive.md §18, §19, §22, §23, §24](responsive.md#18-sticky-and-fixed-regions)",Broad descriptive summary,"[responsive.md §18, §19, §22, §23, §24](responsive.md#18-sticky-and-fixed-regions)",Non-overriding summary,No,PASS,None
KBDL-RSP-018,Specification location,"Sticky regions, safe areas, virtual keyboard, and input parity (KBDL-RSP-013, KBDL-RSP-014, KBDL-RSP-017, KBDL-RSP-018, KBDL-RSP-019)","[responsive.md §18, §19, §22, §23, §24](responsive.md#18-sticky-and-fixed-regions)",Broad descriptive summary,"[responsive.md §18, §19, §22, §23, §24](responsive.md#18-sticky-and-fixed-regions)",Non-overriding summary,No,PASS,None
KBDL-RSP-019,Specification location,"Sticky regions, safe areas, virtual keyboard, and input parity (KBDL-RSP-013, KBDL-RSP-014, KBDL-RSP-017, KBDL-RSP-018, KBDL-RSP-019)","[responsive.md §18, §19, §22, §23, §24](responsive.md#18-sticky-and-fixed-regions)",Broad descriptive summary,"[responsive.md §18, §19, §22, §23, §24](responsive.md#18-sticky-and-fixed-regions)",Non-overriding summary,No,PASS,None
KBDL-RSP-013,Lifecycle status,"Sticky regions, safe areas, virtual keyboard, and input parity (KBDL-RSP-013, KBDL-RSP-014, KBDL-RSP-017, KBDL-RSP-018, KBDL-RSP-019)",MISSING,Missing,MISSING,Missing,No,PASS,None
KBDL-RSP-014,Lifecycle status,"Sticky regions, safe areas, virtual keyboard, and input parity (KBDL-RSP-013, KBDL-RSP-014, KBDL-RSP-017, KBDL-RSP-018, KBDL-RSP-019)",MISSING,Missing,MISSING,Missing,No,PASS,None
KBDL-RSP-017,Lifecycle status,"Sticky regions, safe areas, virtual keyboard, and input parity (KBDL-RSP-013, KBDL-RSP-014, KBDL-RSP-017, KBDL-RSP-018, KBDL-RSP-019)",MISSING,Missing,MISSING,Missing,No,PASS,None
KBDL-RSP-018,Lifecycle status,"Sticky regions, safe areas, virtual keyboard, and input parity (KBDL-RSP-013, KBDL-RSP-014, KBDL-RSP-017, KBDL-RSP-018, KBDL-RSP-019)",MISSING,Missing,MISSING,Missing,No,PASS,None
KBDL-RSP-019,Lifecycle status,"Sticky regions, safe areas, virtual keyboard, and input parity (KBDL-RSP-013, KBDL-RSP-014, KBDL-RSP-017, KBDL-RSP-018, KBDL-RSP-019)",MISSING,Missing,MISSING,Missing,No,PASS,None
KBDL-RSP-013,Provenance,"Sticky regions, safe areas, virtual keyboard, and input parity (KBDL-RSP-013, KBDL-RSP-014, KBDL-RSP-017, KBDL-RSP-018, KBDL-RSP-019)",MISSING,Missing,MISSING,Missing,No,PASS,None
KBDL-RSP-014,Provenance,"Sticky regions, safe areas, virtual keyboard, and input parity (KBDL-RSP-013, KBDL-RSP-014, KBDL-RSP-017, KBDL-RSP-018, KBDL-RSP-019)",MISSING,Missing,MISSING,Missing,No,PASS,None
KBDL-RSP-017,Provenance,"Sticky regions, safe areas, virtual keyboard, and input parity (KBDL-RSP-013, KBDL-RSP-014, KBDL-RSP-017, KBDL-RSP-018, KBDL-RSP-019)",MISSING,Missing,MISSING,Missing,No,PASS,None
KBDL-RSP-018,Provenance,"Sticky regions, safe areas, virtual keyboard, and input parity (KBDL-RSP-013, KBDL-RSP-014, KBDL-RSP-017, KBDL-RSP-018, KBDL-RSP-019)",MISSING,Missing,MISSING,Missing,No,PASS,None
KBDL-RSP-019,Provenance,"Sticky regions, safe areas, virtual keyboard, and input parity (KBDL-RSP-013, KBDL-RSP-014, KBDL-RSP-017, KBDL-RSP-018, KBDL-RSP-019)",MISSING,Missing,MISSING,Missing,No,PASS,None
KBDL-RSP-013,Validation classification,"Sticky regions, safe areas, virtual keyboard, and input parity (KBDL-RSP-013, KBDL-RSP-014, KBDL-RSP-017, KBDL-RSP-018, KBDL-RSP-019)",Not verified,Uniform status default,Not verified,Uniform default,Yes,PASS,None
KBDL-RSP-014,Validation classification,"Sticky regions, safe areas, virtual keyboard, and input parity (KBDL-RSP-013, KBDL-RSP-014, KBDL-RSP-017, KBDL-RSP-018, KBDL-RSP-019)",Not verified,Uniform status default,Not verified,Uniform default,Yes,PASS,None
KBDL-RSP-017,Validation classification,"Sticky regions, safe areas, virtual keyboard, and input parity (KBDL-RSP-013, KBDL-RSP-014, KBDL-RSP-017, KBDL-RSP-018, KBDL-RSP-019)",Not verified,Uniform status default,Not verified,Uniform default,Yes,PASS,None
KBDL-RSP-018,Validation classification,"Sticky regions, safe areas, virtual keyboard, and input parity (KBDL-RSP-013, KBDL-RSP-014, KBDL-RSP-017, KBDL-RSP-018, KBDL-RSP-019)",Not verified,Uniform status default,Not verified,Uniform default,Yes,PASS,None
KBDL-RSP-019,Validation classification,"Sticky regions, safe areas, virtual keyboard, and input parity (KBDL-RSP-013, KBDL-RSP-014, KBDL-RSP-017, KBDL-RSP-018, KBDL-RSP-019)",Not verified,Uniform status default,Not verified,Uniform default,Yes,PASS,None
KBDL-RSP-013,Authority,"Sticky regions, safe areas, virtual keyboard, and input parity (KBDL-RSP-013, KBDL-RSP-014, KBDL-RSP-017, KBDL-RSP-018, KBDL-RSP-019)",MISSING,Missing,MISSING,Missing,No,PASS,None
KBDL-RSP-014,Authority,"Sticky regions, safe areas, virtual keyboard, and input parity (KBDL-RSP-013, KBDL-RSP-014, KBDL-RSP-017, KBDL-RSP-018, KBDL-RSP-019)",MISSING,Missing,MISSING,Missing,No,PASS,None
KBDL-RSP-017,Authority,"Sticky regions, safe areas, virtual keyboard, and input parity (KBDL-RSP-013, KBDL-RSP-014, KBDL-RSP-017, KBDL-RSP-018, KBDL-RSP-019)",MISSING,Missing,MISSING,Missing,No,PASS,None
KBDL-RSP-018,Authority,"Sticky regions, safe areas, virtual keyboard, and input parity (KBDL-RSP-013, KBDL-RSP-014, KBDL-RSP-017, KBDL-RSP-018, KBDL-RSP-019)",MISSING,Missing,MISSING,Missing,No,PASS,None
KBDL-RSP-019,Authority,"Sticky regions, safe areas, virtual keyboard, and input parity (KBDL-RSP-013, KBDL-RSP-014, KBDL-RSP-017, KBDL-RSP-018, KBDL-RSP-019)",MISSING,Missing,MISSING,Missing,No,PASS,None
KBDL-RSP-013,Validation method,"Sticky regions, safe areas, virtual keyboard, and input parity (KBDL-RSP-013, KBDL-RSP-014, KBDL-RSP-017, KBDL-RSP-018, KBDL-RSP-019)","Manual keyboard-focus, device, and cross-input testing once implemented.",Broad descriptive summary,"Manual keyboard-focus, device, and cross-input testing once implemented.",Non-overriding summary,No,PASS,None
KBDL-RSP-014,Validation method,"Sticky regions, safe areas, virtual keyboard, and input parity (KBDL-RSP-013, KBDL-RSP-014, KBDL-RSP-017, KBDL-RSP-018, KBDL-RSP-019)","Manual keyboard-focus, device, and cross-input testing once implemented.",Broad descriptive summary,"Manual keyboard-focus, device, and cross-input testing once implemented.",Non-overriding summary,No,PASS,None
KBDL-RSP-017,Validation method,"Sticky regions, safe areas, virtual keyboard, and input parity (KBDL-RSP-013, KBDL-RSP-014, KBDL-RSP-017, KBDL-RSP-018, KBDL-RSP-019)","Manual keyboard-focus, device, and cross-input testing once implemented.",Broad descriptive summary,"Manual keyboard-focus, device, and cross-input testing once implemented.",Non-overriding summary,No,PASS,None
KBDL-RSP-018,Validation method,"Sticky regions, safe areas, virtual keyboard, and input parity (KBDL-RSP-013, KBDL-RSP-014, KBDL-RSP-017, KBDL-RSP-018, KBDL-RSP-019)","Manual keyboard-focus, device, and cross-input testing once implemented.",Broad descriptive summary,"Manual keyboard-focus, device, and cross-input testing once implemented.",Non-overriding summary,No,PASS,None
KBDL-RSP-019,Validation method,"Sticky regions, safe areas, virtual keyboard, and input parity (KBDL-RSP-013, KBDL-RSP-014, KBDL-RSP-017, KBDL-RSP-018, KBDL-RSP-019)","Manual keyboard-focus, device, and cross-input testing once implemented.",Broad descriptive summary,"Manual keyboard-focus, device, and cross-input testing once implemented.",Non-overriding summary,No,PASS,None
KBDL-RSP-013,Validation evidence,"Sticky regions, safe areas, virtual keyboard, and input parity (KBDL-RSP-013, KBDL-RSP-014, KBDL-RSP-017, KBDL-RSP-018, KBDL-RSP-019)",Not verified — no implementation exists yet.,Broad descriptive summary,Not verified — no implementation exists yet.,Non-overriding summary,No,PASS,None
KBDL-RSP-014,Validation evidence,"Sticky regions, safe areas, virtual keyboard, and input parity (KBDL-RSP-013, KBDL-RSP-014, KBDL-RSP-017, KBDL-RSP-018, KBDL-RSP-019)",Not verified — no implementation exists yet.,Broad descriptive summary,Not verified — no implementation exists yet.,Non-overriding summary,No,PASS,None
KBDL-RSP-017,Validation evidence,"Sticky regions, safe areas, virtual keyboard, and input parity (KBDL-RSP-013, KBDL-RSP-014, KBDL-RSP-017, KBDL-RSP-018, KBDL-RSP-019)",Not verified — no implementation exists yet.,Broad descriptive summary,Not verified — no implementation exists yet.,Non-overriding summary,No,PASS,None
KBDL-RSP-018,Validation evidence,"Sticky regions, safe areas, virtual keyboard, and input parity (KBDL-RSP-013, KBDL-RSP-014, KBDL-RSP-017, KBDL-RSP-018, KBDL-RSP-019)",Not verified — no implementation exists yet.,Broad descriptive summary,Not verified — no implementation exists yet.,Non-overriding summary,No,PASS,None
KBDL-RSP-019,Validation evidence,"Sticky regions, safe areas, virtual keyboard, and input parity (KBDL-RSP-013, KBDL-RSP-014, KBDL-RSP-017, KBDL-RSP-018, KBDL-RSP-019)",Not verified — no implementation exists yet.,Broad descriptive summary,Not verified — no implementation exists yet.,Non-overriding summary,No,PASS,None
KBDL-RSP-013,Known limitation,"Sticky regions, safe areas, virtual keyboard, and input parity (KBDL-RSP-013, KBDL-RSP-014, KBDL-RSP-017, KBDL-RSP-018, KBDL-RSP-019)",Implementation- and device-dependent.,Broad descriptive summary,Implementation- and device-dependent.,Non-overriding summary,No,PASS,None
KBDL-RSP-014,Known limitation,"Sticky regions, safe areas, virtual keyboard, and input parity (KBDL-RSP-013, KBDL-RSP-014, KBDL-RSP-017, KBDL-RSP-018, KBDL-RSP-019)",Implementation- and device-dependent.,Broad descriptive summary,Implementation- and device-dependent.,Non-overriding summary,No,PASS,None
KBDL-RSP-017,Known limitation,"Sticky regions, safe areas, virtual keyboard, and input parity (KBDL-RSP-013, KBDL-RSP-014, KBDL-RSP-017, KBDL-RSP-018, KBDL-RSP-019)",Implementation- and device-dependent.,Broad descriptive summary,Implementation- and device-dependent.,Non-overriding summary,No,PASS,None
KBDL-RSP-018,Known limitation,"Sticky regions, safe areas, virtual keyboard, and input parity (KBDL-RSP-013, KBDL-RSP-014, KBDL-RSP-017, KBDL-RSP-018, KBDL-RSP-019)",Implementation- and device-dependent.,Broad descriptive summary,Implementation- and device-dependent.,Non-overriding summary,No,PASS,None
KBDL-RSP-019,Known limitation,"Sticky regions, safe areas, virtual keyboard, and input parity (KBDL-RSP-013, KBDL-RSP-014, KBDL-RSP-017, KBDL-RSP-018, KBDL-RSP-019)",Implementation- and device-dependent.,Broad descriptive summary,Implementation- and device-dependent.,Non-overriding summary,No,PASS,None
KBDL-RSP-013,Packet or tracking destination,"Sticky regions, safe areas, virtual keyboard, and input parity (KBDL-RSP-013, KBDL-RSP-014, KBDL-RSP-017, KBDL-RSP-018, KBDL-RSP-019)",MISSING,Missing,MISSING,Missing,No,PASS,None
KBDL-RSP-014,Packet or tracking destination,"Sticky regions, safe areas, virtual keyboard, and input parity (KBDL-RSP-013, KBDL-RSP-014, KBDL-RSP-017, KBDL-RSP-018, KBDL-RSP-019)",MISSING,Missing,MISSING,Missing,No,PASS,None
KBDL-RSP-017,Packet or tracking destination,"Sticky regions, safe areas, virtual keyboard, and input parity (KBDL-RSP-013, KBDL-RSP-014, KBDL-RSP-017, KBDL-RSP-018, KBDL-RSP-019)",MISSING,Missing,MISSING,Missing,No,PASS,None
KBDL-RSP-018,Packet or tracking destination,"Sticky regions, safe areas, virtual keyboard, and input parity (KBDL-RSP-013, KBDL-RSP-014, KBDL-RSP-017, KBDL-RSP-018, KBDL-RSP-019)",MISSING,Missing,MISSING,Missing,No,PASS,None
KBDL-RSP-019,Packet or tracking destination,"Sticky regions, safe areas, virtual keyboard, and input parity (KBDL-RSP-013, KBDL-RSP-014, KBDL-RSP-017, KBDL-RSP-018, KBDL-RSP-019)",MISSING,Missing,MISSING,Missing,No,PASS,None
KBDL-RSP-013,Pending dependencies,"Sticky regions, safe areas, virtual keyboard, and input parity (KBDL-RSP-013, KBDL-RSP-014, KBDL-RSP-017, KBDL-RSP-018, KBDL-RSP-019)",MISSING,Missing,MISSING,Missing,No,PASS,None
KBDL-RSP-014,Pending dependencies,"Sticky regions, safe areas, virtual keyboard, and input parity (KBDL-RSP-013, KBDL-RSP-014, KBDL-RSP-017, KBDL-RSP-018, KBDL-RSP-019)",MISSING,Missing,MISSING,Missing,No,PASS,None
KBDL-RSP-017,Pending dependencies,"Sticky regions, safe areas, virtual keyboard, and input parity (KBDL-RSP-013, KBDL-RSP-014, KBDL-RSP-017, KBDL-RSP-018, KBDL-RSP-019)",MISSING,Missing,MISSING,Missing,No,PASS,None
KBDL-RSP-018,Pending dependencies,"Sticky regions, safe areas, virtual keyboard, and input parity (KBDL-RSP-013, KBDL-RSP-014, KBDL-RSP-017, KBDL-RSP-018, KBDL-RSP-019)",MISSING,Missing,MISSING,Missing,No,PASS,None
KBDL-RSP-019,Pending dependencies,"Sticky regions, safe areas, virtual keyboard, and input parity (KBDL-RSP-013, KBDL-RSP-014, KBDL-RSP-017, KBDL-RSP-018, KBDL-RSP-019)",MISSING,Missing,MISSING,Missing,No,PASS,None
KBDL-RSP-013,Related decision,"Sticky regions, safe areas, virtual keyboard, and input parity (KBDL-RSP-013, KBDL-RSP-014, KBDL-RSP-017, KBDL-RSP-018, KBDL-RSP-019)",`KBDL-DEC-010`.,Broad descriptive summary,`KBDL-DEC-010`.,Non-overriding summary,No,PASS,None
KBDL-RSP-014,Related decision,"Sticky regions, safe areas, virtual keyboard, and input parity (KBDL-RSP-013, KBDL-RSP-014, KBDL-RSP-017, KBDL-RSP-018, KBDL-RSP-019)",`KBDL-DEC-010`.,Broad descriptive summary,`KBDL-DEC-010`.,Non-overriding summary,No,PASS,None
KBDL-RSP-017,Related decision,"Sticky regions, safe areas, virtual keyboard, and input parity (KBDL-RSP-013, KBDL-RSP-014, KBDL-RSP-017, KBDL-RSP-018, KBDL-RSP-019)",`KBDL-DEC-010`.,Broad descriptive summary,`KBDL-DEC-010`.,Non-overriding summary,No,PASS,None
KBDL-RSP-018,Related decision,"Sticky regions, safe areas, virtual keyboard, and input parity (KBDL-RSP-013, KBDL-RSP-014, KBDL-RSP-017, KBDL-RSP-018, KBDL-RSP-019)",`KBDL-DEC-010`.,Broad descriptive summary,`KBDL-DEC-010`.,Non-overriding summary,No,PASS,None
KBDL-RSP-019,Related decision,"Sticky regions, safe areas, virtual keyboard, and input parity (KBDL-RSP-013, KBDL-RSP-014, KBDL-RSP-017, KBDL-RSP-018, KBDL-RSP-019)",`KBDL-DEC-010`.,Broad descriptive summary,`KBDL-DEC-010`.,Non-overriding summary,No,PASS,None
KBDL-RSP-013,Notes or exclusions,"Sticky regions, safe areas, virtual keyboard, and input parity (KBDL-RSP-013, KBDL-RSP-014, KBDL-RSP-017, KBDL-RSP-018, KBDL-RSP-019)","No new policy; these resolve the ""detailed responsive breakpoint and layout rules"" that `motion/accessibility-performance.md §4` explicitly deferred to KBDL-006.",Broad descriptive summary,"No new policy; these resolve the ""detailed responsive breakpoint and layout rules"" that `motion/accessibility-performance.md §4` explicitly deferred to KBDL-006.",Non-overriding summary,No,PASS,None
KBDL-RSP-014,Notes or exclusions,"Sticky regions, safe areas, virtual keyboard, and input parity (KBDL-RSP-013, KBDL-RSP-014, KBDL-RSP-017, KBDL-RSP-018, KBDL-RSP-019)","No new policy; these resolve the ""detailed responsive breakpoint and layout rules"" that `motion/accessibility-performance.md §4` explicitly deferred to KBDL-006.",Broad descriptive summary,"No new policy; these resolve the ""detailed responsive breakpoint and layout rules"" that `motion/accessibility-performance.md §4` explicitly deferred to KBDL-006.",Non-overriding summary,No,PASS,None
KBDL-RSP-017,Notes or exclusions,"Sticky regions, safe areas, virtual keyboard, and input parity (KBDL-RSP-013, KBDL-RSP-014, KBDL-RSP-017, KBDL-RSP-018, KBDL-RSP-019)","No new policy; these resolve the ""detailed responsive breakpoint and layout rules"" that `motion/accessibility-performance.md §4` explicitly deferred to KBDL-006.",Broad descriptive summary,"No new policy; these resolve the ""detailed responsive breakpoint and layout rules"" that `motion/accessibility-performance.md §4` explicitly deferred to KBDL-006.",Non-overriding summary,No,PASS,None
KBDL-RSP-018,Notes or exclusions,"Sticky regions, safe areas, virtual keyboard, and input parity (KBDL-RSP-013, KBDL-RSP-014, KBDL-RSP-017, KBDL-RSP-018, KBDL-RSP-019)","No new policy; these resolve the ""detailed responsive breakpoint and layout rules"" that `motion/accessibility-performance.md §4` explicitly deferred to KBDL-006.",Broad descriptive summary,"No new policy; these resolve the ""detailed responsive breakpoint and layout rules"" that `motion/accessibility-performance.md §4` explicitly deferred to KBDL-006.",Non-overriding summary,No,PASS,None
KBDL-RSP-019,Notes or exclusions,"Sticky regions, safe areas, virtual keyboard, and input parity (KBDL-RSP-013, KBDL-RSP-014, KBDL-RSP-017, KBDL-RSP-018, KBDL-RSP-019)","No new policy; these resolve the ""detailed responsive breakpoint and layout rules"" that `motion/accessibility-performance.md §4` explicitly deferred to KBDL-006.",Broad descriptive summary,"No new policy; these resolve the ""detailed responsive breakpoint and layout rules"" that `motion/accessibility-performance.md §4` explicitly deferred to KBDL-006.",Non-overriding summary,No,PASS,None
KBDL-RSP-021,Blueprint section,"Responsive motion and performance (KBDL-RSP-021, KBDL-RSP-022)",Responsive motion behavior; performance and low-capability contexts,Uniform default,Responsive motion behavior; performance and low-capability contexts,Uniform default,Yes,PASS,None
KBDL-RSP-022,Blueprint section,"Responsive motion and performance (KBDL-RSP-021, KBDL-RSP-022)",Responsive motion behavior; performance and low-capability contexts,Uniform default,Responsive motion behavior; performance and low-capability contexts,Uniform default,Yes,PASS,None
KBDL-RSP-021,Roadmap prompt,"Responsive motion and performance (KBDL-RSP-021, KBDL-RSP-022)",KBDL-006,Uniform default,KBDL-006,Uniform default,Yes,PASS,None
KBDL-RSP-022,Roadmap prompt,"Responsive motion and performance (KBDL-RSP-021, KBDL-RSP-022)",KBDL-006,Uniform default,KBDL-006,Uniform default,Yes,PASS,None
KBDL-RSP-021,Specification location,"Responsive motion and performance (KBDL-RSP-021, KBDL-RSP-022)","[responsive.md §26, §27](responsive.md#26-responsive-motion-behavior)",Broad descriptive summary,"[responsive.md §26, §27](responsive.md#26-responsive-motion-behavior)",Non-overriding summary,No,PASS,None
KBDL-RSP-022,Specification location,"Responsive motion and performance (KBDL-RSP-021, KBDL-RSP-022)","[responsive.md §26, §27](responsive.md#26-responsive-motion-behavior)",Broad descriptive summary,"[responsive.md §26, §27](responsive.md#26-responsive-motion-behavior)",Non-overriding summary,No,PASS,None
KBDL-RSP-021,Lifecycle status,"Responsive motion and performance (KBDL-RSP-021, KBDL-RSP-022)",MISSING,Missing,MISSING,Missing,No,PASS,None
KBDL-RSP-022,Lifecycle status,"Responsive motion and performance (KBDL-RSP-021, KBDL-RSP-022)",MISSING,Missing,MISSING,Missing,No,PASS,None
KBDL-RSP-021,Provenance,"Responsive motion and performance (KBDL-RSP-021, KBDL-RSP-022)",MISSING,Missing,MISSING,Missing,No,PASS,None
KBDL-RSP-022,Provenance,"Responsive motion and performance (KBDL-RSP-021, KBDL-RSP-022)",MISSING,Missing,MISSING,Missing,No,PASS,None
KBDL-RSP-021,Validation classification,"Responsive motion and performance (KBDL-RSP-021, KBDL-RSP-022)",Not verified,Uniform status default,Not verified,Uniform default,Yes,PASS,None
KBDL-RSP-022,Validation classification,"Responsive motion and performance (KBDL-RSP-021, KBDL-RSP-022)",Not verified,Uniform status default,Not verified,Uniform default,Yes,PASS,None
KBDL-RSP-021,Authority,"Responsive motion and performance (KBDL-RSP-021, KBDL-RSP-022)",MISSING,Missing,MISSING,Missing,No,PASS,None
KBDL-RSP-022,Authority,"Responsive motion and performance (KBDL-RSP-021, KBDL-RSP-022)",MISSING,Missing,MISSING,Missing,No,PASS,None
KBDL-RSP-021,Validation method,"Responsive motion and performance (KBDL-RSP-021, KBDL-RSP-022)",Manual review; implementation-level performance measurement once an implementation exists.,Broad descriptive summary,Manual review; implementation-level performance measurement once an implementation exists.,Non-overriding summary,No,PASS,None
KBDL-RSP-022,Validation method,"Responsive motion and performance (KBDL-RSP-021, KBDL-RSP-022)",Manual review; implementation-level performance measurement once an implementation exists.,Broad descriptive summary,Manual review; implementation-level performance measurement once an implementation exists.,Non-overriding summary,No,PASS,None
KBDL-RSP-021,Validation evidence,"Responsive motion and performance (KBDL-RSP-021, KBDL-RSP-022)",Not verified — no implementation exists yet.,Broad descriptive summary,Not verified — no implementation exists yet.,Non-overriding summary,No,PASS,None
KBDL-RSP-022,Validation evidence,"Responsive motion and performance (KBDL-RSP-021, KBDL-RSP-022)",Not verified — no implementation exists yet.,Broad descriptive summary,Not verified — no implementation exists yet.,Non-overriding summary,No,PASS,None
KBDL-RSP-021,Known limitation,"Responsive motion and performance (KBDL-RSP-021, KBDL-RSP-022)",Performance claims cannot be `Verified` without a real implementation to measure.,Broad descriptive summary,Performance claims cannot be `Verified` without a real implementation to measure.,Non-overriding summary,No,PASS,None
KBDL-RSP-022,Known limitation,"Responsive motion and performance (KBDL-RSP-021, KBDL-RSP-022)",Performance claims cannot be `Verified` without a real implementation to measure.,Broad descriptive summary,Performance claims cannot be `Verified` without a real implementation to measure.,Non-overriding summary,No,PASS,None
KBDL-RSP-021,Packet or tracking destination,"Responsive motion and performance (KBDL-RSP-021, KBDL-RSP-022)",MISSING,Missing,MISSING,Missing,No,PASS,None
KBDL-RSP-022,Packet or tracking destination,"Responsive motion and performance (KBDL-RSP-021, KBDL-RSP-022)",MISSING,Missing,MISSING,Missing,No,PASS,None
KBDL-RSP-021,Pending dependencies,"Responsive motion and performance (KBDL-RSP-021, KBDL-RSP-022)",MISSING,Missing,MISSING,Missing,No,PASS,None
KBDL-RSP-022,Pending dependencies,"Responsive motion and performance (KBDL-RSP-021, KBDL-RSP-022)",MISSING,Missing,MISSING,Missing,No,PASS,None
KBDL-RSP-021,Related decision,"Responsive motion and performance (KBDL-RSP-021, KBDL-RSP-022)","`KBDL-MOT-006` (motion intensity model, already `Approved` under `KBDL-DEC-014`).",Broad descriptive summary,"`KBDL-MOT-006` (motion intensity model, already `Approved` under `KBDL-DEC-014`).",Non-overriding summary,No,PASS,None
KBDL-RSP-022,Related decision,"Responsive motion and performance (KBDL-RSP-021, KBDL-RSP-022)","`KBDL-MOT-006` (motion intensity model, already `Approved` under `KBDL-DEC-014`).",Broad descriptive summary,"`KBDL-MOT-006` (motion intensity model, already `Approved` under `KBDL-DEC-014`).",Non-overriding summary,No,PASS,None
KBDL-RSP-021,Notes or exclusions,"Responsive motion and performance (KBDL-RSP-021, KBDL-RSP-022)",Does not reopen or restate any KBDL-005 timing/easing/reduced-motion value.,Broad descriptive summary,Does not reopen or restate any KBDL-005 timing/easing/reduced-motion value.,Non-overriding summary,No,PASS,None
KBDL-RSP-022,Notes or exclusions,"Responsive motion and performance (KBDL-RSP-021, KBDL-RSP-022)",Does not reopen or restate any KBDL-005 timing/easing/reduced-motion value.,Broad descriptive summary,Does not reopen or restate any KBDL-005 timing/easing/reduced-motion value.,Non-overriding summary,No,PASS,None
KBDL-A11Y-001,Blueprint section,"WCAG 2.2 Level A/AA baseline requirements (KBDL-A11Y-001 through KBDL-A11Y-010, KBDL-A11Y-012 through KBDL-A11Y-020, KBDL-A11Y-022 through KBDL-A11Y-034, KBDL-A11Y-036 through KBDL-A11Y-040)",Text alternatives; captions; semantic structure; landmarks; reading/focus order; color independence; text/non-text contrast; focus visibility/obscuration; text spacing; keyboard operability/traps/bypass; pointer cancellation; dragging/gesture alternatives; motion actuation; reduced-motion cross-reference; flashing; timing/automatic movement; forms/labels/autocomplete; error identification/prevention; status messages; authentication; plain language; consistent navigation/help; media controls cross-reference; data presentation; mobile/virtual-keyboard cross-reference; profile consistency,Uniform default,Text alternatives; captions; semantic structure; landmarks; reading/focus order; color independence; text/non-text contrast; focus visibility/obscuration; text spacing; keyboard operability/traps/bypass; pointer cancellation; dragging/gesture alternatives; motion actuation; reduced-motion cross-reference; flashing; timing/automatic movement; forms/labels/autocomplete; error identification/prevention; status messages; authentication; plain language; consistent navigation/help; media controls cross-reference; data presentation; mobile/virtual-keyboard cross-reference; profile consistency,Uniform default,Yes,PASS,None
KBDL-A11Y-002,Blueprint section,"WCAG 2.2 Level A/AA baseline requirements (KBDL-A11Y-001 through KBDL-A11Y-010, KBDL-A11Y-012 through KBDL-A11Y-020, KBDL-A11Y-022 through KBDL-A11Y-034, KBDL-A11Y-036 through KBDL-A11Y-040)",Text alternatives; captions; semantic structure; landmarks; reading/focus order; color independence; text/non-text contrast; focus visibility/obscuration; text spacing; keyboard operability/traps/bypass; pointer cancellation; dragging/gesture alternatives; motion actuation; reduced-motion cross-reference; flashing; timing/automatic movement; forms/labels/autocomplete; error identification/prevention; status messages; authentication; plain language; consistent navigation/help; media controls cross-reference; data presentation; mobile/virtual-keyboard cross-reference; profile consistency,Uniform default,Text alternatives; captions; semantic structure; landmarks; reading/focus order; color independence; text/non-text contrast; focus visibility/obscuration; text spacing; keyboard operability/traps/bypass; pointer cancellation; dragging/gesture alternatives; motion actuation; reduced-motion cross-reference; flashing; timing/automatic movement; forms/labels/autocomplete; error identification/prevention; status messages; authentication; plain language; consistent navigation/help; media controls cross-reference; data presentation; mobile/virtual-keyboard cross-reference; profile consistency,Uniform default,Yes,PASS,None
KBDL-A11Y-003,Blueprint section,"WCAG 2.2 Level A/AA baseline requirements (KBDL-A11Y-001 through KBDL-A11Y-010, KBDL-A11Y-012 through KBDL-A11Y-020, KBDL-A11Y-022 through KBDL-A11Y-034, KBDL-A11Y-036 through KBDL-A11Y-040)",Text alternatives; captions; semantic structure; landmarks; reading/focus order; color independence; text/non-text contrast; focus visibility/obscuration; text spacing; keyboard operability/traps/bypass; pointer cancellation; dragging/gesture alternatives; motion actuation; reduced-motion cross-reference; flashing; timing/automatic movement; forms/labels/autocomplete; error identification/prevention; status messages; authentication; plain language; consistent navigation/help; media controls cross-reference; data presentation; mobile/virtual-keyboard cross-reference; profile consistency,Uniform default,Text alternatives; captions; semantic structure; landmarks; reading/focus order; color independence; text/non-text contrast; focus visibility/obscuration; text spacing; keyboard operability/traps/bypass; pointer cancellation; dragging/gesture alternatives; motion actuation; reduced-motion cross-reference; flashing; timing/automatic movement; forms/labels/autocomplete; error identification/prevention; status messages; authentication; plain language; consistent navigation/help; media controls cross-reference; data presentation; mobile/virtual-keyboard cross-reference; profile consistency,Uniform default,Yes,PASS,None
KBDL-A11Y-004,Blueprint section,"WCAG 2.2 Level A/AA baseline requirements (KBDL-A11Y-001 through KBDL-A11Y-010, KBDL-A11Y-012 through KBDL-A11Y-020, KBDL-A11Y-022 through KBDL-A11Y-034, KBDL-A11Y-036 through KBDL-A11Y-040)",Text alternatives; captions; semantic structure; landmarks; reading/focus order; color independence; text/non-text contrast; focus visibility/obscuration; text spacing; keyboard operability/traps/bypass; pointer cancellation; dragging/gesture alternatives; motion actuation; reduced-motion cross-reference; flashing; timing/automatic movement; forms/labels/autocomplete; error identification/prevention; status messages; authentication; plain language; consistent navigation/help; media controls cross-reference; data presentation; mobile/virtual-keyboard cross-reference; profile consistency,Uniform default,Text alternatives; captions; semantic structure; landmarks; reading/focus order; color independence; text/non-text contrast; focus visibility/obscuration; text spacing; keyboard operability/traps/bypass; pointer cancellation; dragging/gesture alternatives; motion actuation; reduced-motion cross-reference; flashing; timing/automatic movement; forms/labels/autocomplete; error identification/prevention; status messages; authentication; plain language; consistent navigation/help; media controls cross-reference; data presentation; mobile/virtual-keyboard cross-reference; profile consistency,Uniform default,Yes,PASS,None
KBDL-A11Y-005,Blueprint section,"WCAG 2.2 Level A/AA baseline requirements (KBDL-A11Y-001 through KBDL-A11Y-010, KBDL-A11Y-012 through KBDL-A11Y-020, KBDL-A11Y-022 through KBDL-A11Y-034, KBDL-A11Y-036 through KBDL-A11Y-040)",Text alternatives; captions; semantic structure; landmarks; reading/focus order; color independence; text/non-text contrast; focus visibility/obscuration; text spacing; keyboard operability/traps/bypass; pointer cancellation; dragging/gesture alternatives; motion actuation; reduced-motion cross-reference; flashing; timing/automatic movement; forms/labels/autocomplete; error identification/prevention; status messages; authentication; plain language; consistent navigation/help; media controls cross-reference; data presentation; mobile/virtual-keyboard cross-reference; profile consistency,Uniform default,Text alternatives; captions; semantic structure; landmarks; reading/focus order; color independence; text/non-text contrast; focus visibility/obscuration; text spacing; keyboard operability/traps/bypass; pointer cancellation; dragging/gesture alternatives; motion actuation; reduced-motion cross-reference; flashing; timing/automatic movement; forms/labels/autocomplete; error identification/prevention; status messages; authentication; plain language; consistent navigation/help; media controls cross-reference; data presentation; mobile/virtual-keyboard cross-reference; profile consistency,Uniform default,Yes,PASS,None
KBDL-A11Y-006,Blueprint section,"WCAG 2.2 Level A/AA baseline requirements (KBDL-A11Y-001 through KBDL-A11Y-010, KBDL-A11Y-012 through KBDL-A11Y-020, KBDL-A11Y-022 through KBDL-A11Y-034, KBDL-A11Y-036 through KBDL-A11Y-040)",Text alternatives; captions; semantic structure; landmarks; reading/focus order; color independence; text/non-text contrast; focus visibility/obscuration; text spacing; keyboard operability/traps/bypass; pointer cancellation; dragging/gesture alternatives; motion actuation; reduced-motion cross-reference; flashing; timing/automatic movement; forms/labels/autocomplete; error identification/prevention; status messages; authentication; plain language; consistent navigation/help; media controls cross-reference; data presentation; mobile/virtual-keyboard cross-reference; profile consistency,Uniform default,Text alternatives; captions; semantic structure; landmarks; reading/focus order; color independence; text/non-text contrast; focus visibility/obscuration; text spacing; keyboard operability/traps/bypass; pointer cancellation; dragging/gesture alternatives; motion actuation; reduced-motion cross-reference; flashing; timing/automatic movement; forms/labels/autocomplete; error identification/prevention; status messages; authentication; plain language; consistent navigation/help; media controls cross-reference; data presentation; mobile/virtual-keyboard cross-reference; profile consistency,Uniform default,Yes,PASS,None
KBDL-A11Y-007,Blueprint section,"WCAG 2.2 Level A/AA baseline requirements (KBDL-A11Y-001 through KBDL-A11Y-010, KBDL-A11Y-012 through KBDL-A11Y-020, KBDL-A11Y-022 through KBDL-A11Y-034, KBDL-A11Y-036 through KBDL-A11Y-040)",Text alternatives; captions; semantic structure; landmarks; reading/focus order; color independence; text/non-text contrast; focus visibility/obscuration; text spacing; keyboard operability/traps/bypass; pointer cancellation; dragging/gesture alternatives; motion actuation; reduced-motion cross-reference; flashing; timing/automatic movement; forms/labels/autocomplete; error identification/prevention; status messages; authentication; plain language; consistent navigation/help; media controls cross-reference; data presentation; mobile/virtual-keyboard cross-reference; profile consistency,Uniform default,Text alternatives; captions; semantic structure; landmarks; reading/focus order; color independence; text/non-text contrast; focus visibility/obscuration; text spacing; keyboard operability/traps/bypass; pointer cancellation; dragging/gesture alternatives; motion actuation; reduced-motion cross-reference; flashing; timing/automatic movement; forms/labels/autocomplete; error identification/prevention; status messages; authentication; plain language; consistent navigation/help; media controls cross-reference; data presentation; mobile/virtual-keyboard cross-reference; profile consistency,Uniform default,Yes,PASS,None
KBDL-A11Y-008,Blueprint section,"WCAG 2.2 Level A/AA baseline requirements (KBDL-A11Y-001 through KBDL-A11Y-010, KBDL-A11Y-012 through KBDL-A11Y-020, KBDL-A11Y-022 through KBDL-A11Y-034, KBDL-A11Y-036 through KBDL-A11Y-040)",Text alternatives; captions; semantic structure; landmarks; reading/focus order; color independence; text/non-text contrast; focus visibility/obscuration; text spacing; keyboard operability/traps/bypass; pointer cancellation; dragging/gesture alternatives; motion actuation; reduced-motion cross-reference; flashing; timing/automatic movement; forms/labels/autocomplete; error identification/prevention; status messages; authentication; plain language; consistent navigation/help; media controls cross-reference; data presentation; mobile/virtual-keyboard cross-reference; profile consistency,Uniform default,Text alternatives; captions; semantic structure; landmarks; reading/focus order; color independence; text/non-text contrast; focus visibility/obscuration; text spacing; keyboard operability/traps/bypass; pointer cancellation; dragging/gesture alternatives; motion actuation; reduced-motion cross-reference; flashing; timing/automatic movement; forms/labels/autocomplete; error identification/prevention; status messages; authentication; plain language; consistent navigation/help; media controls cross-reference; data presentation; mobile/virtual-keyboard cross-reference; profile consistency,Uniform default,Yes,PASS,None
KBDL-A11Y-009,Blueprint section,"WCAG 2.2 Level A/AA baseline requirements (KBDL-A11Y-001 through KBDL-A11Y-010, KBDL-A11Y-012 through KBDL-A11Y-020, KBDL-A11Y-022 through KBDL-A11Y-034, KBDL-A11Y-036 through KBDL-A11Y-040)",Text alternatives; captions; semantic structure; landmarks; reading/focus order; color independence; text/non-text contrast; focus visibility/obscuration; text spacing; keyboard operability/traps/bypass; pointer cancellation; dragging/gesture alternatives; motion actuation; reduced-motion cross-reference; flashing; timing/automatic movement; forms/labels/autocomplete; error identification/prevention; status messages; authentication; plain language; consistent navigation/help; media controls cross-reference; data presentation; mobile/virtual-keyboard cross-reference; profile consistency,Uniform default,Text alternatives; captions; semantic structure; landmarks; reading/focus order; color independence; text/non-text contrast; focus visibility/obscuration; text spacing; keyboard operability/traps/bypass; pointer cancellation; dragging/gesture alternatives; motion actuation; reduced-motion cross-reference; flashing; timing/automatic movement; forms/labels/autocomplete; error identification/prevention; status messages; authentication; plain language; consistent navigation/help; media controls cross-reference; data presentation; mobile/virtual-keyboard cross-reference; profile consistency,Uniform default,Yes,PASS,None
KBDL-A11Y-010,Blueprint section,"WCAG 2.2 Level A/AA baseline requirements (KBDL-A11Y-001 through KBDL-A11Y-010, KBDL-A11Y-012 through KBDL-A11Y-020, KBDL-A11Y-022 through KBDL-A11Y-034, KBDL-A11Y-036 through KBDL-A11Y-040)",Text alternatives; captions; semantic structure; landmarks; reading/focus order; color independence; text/non-text contrast; focus visibility/obscuration; text spacing; keyboard operability/traps/bypass; pointer cancellation; dragging/gesture alternatives; motion actuation; reduced-motion cross-reference; flashing; timing/automatic movement; forms/labels/autocomplete; error identification/prevention; status messages; authentication; plain language; consistent navigation/help; media controls cross-reference; data presentation; mobile/virtual-keyboard cross-reference; profile consistency,Uniform default,Text alternatives; captions; semantic structure; landmarks; reading/focus order; color independence; text/non-text contrast; focus visibility/obscuration; text spacing; keyboard operability/traps/bypass; pointer cancellation; dragging/gesture alternatives; motion actuation; reduced-motion cross-reference; flashing; timing/automatic movement; forms/labels/autocomplete; error identification/prevention; status messages; authentication; plain language; consistent navigation/help; media controls cross-reference; data presentation; mobile/virtual-keyboard cross-reference; profile consistency,Uniform default,Yes,PASS,None
KBDL-A11Y-012,Blueprint section,"WCAG 2.2 Level A/AA baseline requirements (KBDL-A11Y-001 through KBDL-A11Y-010, KBDL-A11Y-012 through KBDL-A11Y-020, KBDL-A11Y-022 through KBDL-A11Y-034, KBDL-A11Y-036 through KBDL-A11Y-040)",Text alternatives; captions; semantic structure; landmarks; reading/focus order; color independence; text/non-text contrast; focus visibility/obscuration; text spacing; keyboard operability/traps/bypass; pointer cancellation; dragging/gesture alternatives; motion actuation; reduced-motion cross-reference; flashing; timing/automatic movement; forms/labels/autocomplete; error identification/prevention; status messages; authentication; plain language; consistent navigation/help; media controls cross-reference; data presentation; mobile/virtual-keyboard cross-reference; profile consistency,Uniform default,Text alternatives; captions; semantic structure; landmarks; reading/focus order; color independence; text/non-text contrast; focus visibility/obscuration; text spacing; keyboard operability/traps/bypass; pointer cancellation; dragging/gesture alternatives; motion actuation; reduced-motion cross-reference; flashing; timing/automatic movement; forms/labels/autocomplete; error identification/prevention; status messages; authentication; plain language; consistent navigation/help; media controls cross-reference; data presentation; mobile/virtual-keyboard cross-reference; profile consistency,Uniform default,Yes,PASS,None
KBDL-A11Y-013,Blueprint section,"WCAG 2.2 Level A/AA baseline requirements (KBDL-A11Y-001 through KBDL-A11Y-010, KBDL-A11Y-012 through KBDL-A11Y-020, KBDL-A11Y-022 through KBDL-A11Y-034, KBDL-A11Y-036 through KBDL-A11Y-040)",Text alternatives; captions; semantic structure; landmarks; reading/focus order; color independence; text/non-text contrast; focus visibility/obscuration; text spacing; keyboard operability/traps/bypass; pointer cancellation; dragging/gesture alternatives; motion actuation; reduced-motion cross-reference; flashing; timing/automatic movement; forms/labels/autocomplete; error identification/prevention; status messages; authentication; plain language; consistent navigation/help; media controls cross-reference; data presentation; mobile/virtual-keyboard cross-reference; profile consistency,Uniform default,Text alternatives; captions; semantic structure; landmarks; reading/focus order; color independence; text/non-text contrast; focus visibility/obscuration; text spacing; keyboard operability/traps/bypass; pointer cancellation; dragging/gesture alternatives; motion actuation; reduced-motion cross-reference; flashing; timing/automatic movement; forms/labels/autocomplete; error identification/prevention; status messages; authentication; plain language; consistent navigation/help; media controls cross-reference; data presentation; mobile/virtual-keyboard cross-reference; profile consistency,Uniform default,Yes,PASS,None
KBDL-A11Y-014,Blueprint section,"WCAG 2.2 Level A/AA baseline requirements (KBDL-A11Y-001 through KBDL-A11Y-010, KBDL-A11Y-012 through KBDL-A11Y-020, KBDL-A11Y-022 through KBDL-A11Y-034, KBDL-A11Y-036 through KBDL-A11Y-040)",Text alternatives; captions; semantic structure; landmarks; reading/focus order; color independence; text/non-text contrast; focus visibility/obscuration; text spacing; keyboard operability/traps/bypass; pointer cancellation; dragging/gesture alternatives; motion actuation; reduced-motion cross-reference; flashing; timing/automatic movement; forms/labels/autocomplete; error identification/prevention; status messages; authentication; plain language; consistent navigation/help; media controls cross-reference; data presentation; mobile/virtual-keyboard cross-reference; profile consistency,Uniform default,Text alternatives; captions; semantic structure; landmarks; reading/focus order; color independence; text/non-text contrast; focus visibility/obscuration; text spacing; keyboard operability/traps/bypass; pointer cancellation; dragging/gesture alternatives; motion actuation; reduced-motion cross-reference; flashing; timing/automatic movement; forms/labels/autocomplete; error identification/prevention; status messages; authentication; plain language; consistent navigation/help; media controls cross-reference; data presentation; mobile/virtual-keyboard cross-reference; profile consistency,Uniform default,Yes,PASS,None
KBDL-A11Y-015,Blueprint section,"WCAG 2.2 Level A/AA baseline requirements (KBDL-A11Y-001 through KBDL-A11Y-010, KBDL-A11Y-012 through KBDL-A11Y-020, KBDL-A11Y-022 through KBDL-A11Y-034, KBDL-A11Y-036 through KBDL-A11Y-040)",Text alternatives; captions; semantic structure; landmarks; reading/focus order; color independence; text/non-text contrast; focus visibility/obscuration; text spacing; keyboard operability/traps/bypass; pointer cancellation; dragging/gesture alternatives; motion actuation; reduced-motion cross-reference; flashing; timing/automatic movement; forms/labels/autocomplete; error identification/prevention; status messages; authentication; plain language; consistent navigation/help; media controls cross-reference; data presentation; mobile/virtual-keyboard cross-reference; profile consistency,Uniform default,Text alternatives; captions; semantic structure; landmarks; reading/focus order; color independence; text/non-text contrast; focus visibility/obscuration; text spacing; keyboard operability/traps/bypass; pointer cancellation; dragging/gesture alternatives; motion actuation; reduced-motion cross-reference; flashing; timing/automatic movement; forms/labels/autocomplete; error identification/prevention; status messages; authentication; plain language; consistent navigation/help; media controls cross-reference; data presentation; mobile/virtual-keyboard cross-reference; profile consistency,Uniform default,Yes,PASS,None
KBDL-A11Y-016,Blueprint section,"WCAG 2.2 Level A/AA baseline requirements (KBDL-A11Y-001 through KBDL-A11Y-010, KBDL-A11Y-012 through KBDL-A11Y-020, KBDL-A11Y-022 through KBDL-A11Y-034, KBDL-A11Y-036 through KBDL-A11Y-040)",Text alternatives; captions; semantic structure; landmarks; reading/focus order; color independence; text/non-text contrast; focus visibility/obscuration; text spacing; keyboard operability/traps/bypass; pointer cancellation; dragging/gesture alternatives; motion actuation; reduced-motion cross-reference; flashing; timing/automatic movement; forms/labels/autocomplete; error identification/prevention; status messages; authentication; plain language; consistent navigation/help; media controls cross-reference; data presentation; mobile/virtual-keyboard cross-reference; profile consistency,Uniform default,Text alternatives; captions; semantic structure; landmarks; reading/focus order; color independence; text/non-text contrast; focus visibility/obscuration; text spacing; keyboard operability/traps/bypass; pointer cancellation; dragging/gesture alternatives; motion actuation; reduced-motion cross-reference; flashing; timing/automatic movement; forms/labels/autocomplete; error identification/prevention; status messages; authentication; plain language; consistent navigation/help; media controls cross-reference; data presentation; mobile/virtual-keyboard cross-reference; profile consistency,Uniform default,Yes,PASS,None
KBDL-A11Y-017,Blueprint section,"WCAG 2.2 Level A/AA baseline requirements (KBDL-A11Y-001 through KBDL-A11Y-010, KBDL-A11Y-012 through KBDL-A11Y-020, KBDL-A11Y-022 through KBDL-A11Y-034, KBDL-A11Y-036 through KBDL-A11Y-040)",Text alternatives; captions; semantic structure; landmarks; reading/focus order; color independence; text/non-text contrast; focus visibility/obscuration; text spacing; keyboard operability/traps/bypass; pointer cancellation; dragging/gesture alternatives; motion actuation; reduced-motion cross-reference; flashing; timing/automatic movement; forms/labels/autocomplete; error identification/prevention; status messages; authentication; plain language; consistent navigation/help; media controls cross-reference; data presentation; mobile/virtual-keyboard cross-reference; profile consistency,Uniform default,Text alternatives; captions; semantic structure; landmarks; reading/focus order; color independence; text/non-text contrast; focus visibility/obscuration; text spacing; keyboard operability/traps/bypass; pointer cancellation; dragging/gesture alternatives; motion actuation; reduced-motion cross-reference; flashing; timing/automatic movement; forms/labels/autocomplete; error identification/prevention; status messages; authentication; plain language; consistent navigation/help; media controls cross-reference; data presentation; mobile/virtual-keyboard cross-reference; profile consistency,Uniform default,Yes,PASS,None
KBDL-A11Y-018,Blueprint section,"WCAG 2.2 Level A/AA baseline requirements (KBDL-A11Y-001 through KBDL-A11Y-010, KBDL-A11Y-012 through KBDL-A11Y-020, KBDL-A11Y-022 through KBDL-A11Y-034, KBDL-A11Y-036 through KBDL-A11Y-040)",Text alternatives; captions; semantic structure; landmarks; reading/focus order; color independence; text/non-text contrast; focus visibility/obscuration; text spacing; keyboard operability/traps/bypass; pointer cancellation; dragging/gesture alternatives; motion actuation; reduced-motion cross-reference; flashing; timing/automatic movement; forms/labels/autocomplete; error identification/prevention; status messages; authentication; plain language; consistent navigation/help; media controls cross-reference; data presentation; mobile/virtual-keyboard cross-reference; profile consistency,Uniform default,Text alternatives; captions; semantic structure; landmarks; reading/focus order; color independence; text/non-text contrast; focus visibility/obscuration; text spacing; keyboard operability/traps/bypass; pointer cancellation; dragging/gesture alternatives; motion actuation; reduced-motion cross-reference; flashing; timing/automatic movement; forms/labels/autocomplete; error identification/prevention; status messages; authentication; plain language; consistent navigation/help; media controls cross-reference; data presentation; mobile/virtual-keyboard cross-reference; profile consistency,Uniform default,Yes,PASS,None
KBDL-A11Y-019,Blueprint section,"WCAG 2.2 Level A/AA baseline requirements (KBDL-A11Y-001 through KBDL-A11Y-010, KBDL-A11Y-012 through KBDL-A11Y-020, KBDL-A11Y-022 through KBDL-A11Y-034, KBDL-A11Y-036 through KBDL-A11Y-040)",Text alternatives; captions; semantic structure; landmarks; reading/focus order; color independence; text/non-text contrast; focus visibility/obscuration; text spacing; keyboard operability/traps/bypass; pointer cancellation; dragging/gesture alternatives; motion actuation; reduced-motion cross-reference; flashing; timing/automatic movement; forms/labels/autocomplete; error identification/prevention; status messages; authentication; plain language; consistent navigation/help; media controls cross-reference; data presentation; mobile/virtual-keyboard cross-reference; profile consistency,Uniform default,Text alternatives; captions; semantic structure; landmarks; reading/focus order; color independence; text/non-text contrast; focus visibility/obscuration; text spacing; keyboard operability/traps/bypass; pointer cancellation; dragging/gesture alternatives; motion actuation; reduced-motion cross-reference; flashing; timing/automatic movement; forms/labels/autocomplete; error identification/prevention; status messages; authentication; plain language; consistent navigation/help; media controls cross-reference; data presentation; mobile/virtual-keyboard cross-reference; profile consistency,Uniform default,Yes,PASS,None
KBDL-A11Y-020,Blueprint section,"WCAG 2.2 Level A/AA baseline requirements (KBDL-A11Y-001 through KBDL-A11Y-010, KBDL-A11Y-012 through KBDL-A11Y-020, KBDL-A11Y-022 through KBDL-A11Y-034, KBDL-A11Y-036 through KBDL-A11Y-040)",Text alternatives; captions; semantic structure; landmarks; reading/focus order; color independence; text/non-text contrast; focus visibility/obscuration; text spacing; keyboard operability/traps/bypass; pointer cancellation; dragging/gesture alternatives; motion actuation; reduced-motion cross-reference; flashing; timing/automatic movement; forms/labels/autocomplete; error identification/prevention; status messages; authentication; plain language; consistent navigation/help; media controls cross-reference; data presentation; mobile/virtual-keyboard cross-reference; profile consistency,Uniform default,Text alternatives; captions; semantic structure; landmarks; reading/focus order; color independence; text/non-text contrast; focus visibility/obscuration; text spacing; keyboard operability/traps/bypass; pointer cancellation; dragging/gesture alternatives; motion actuation; reduced-motion cross-reference; flashing; timing/automatic movement; forms/labels/autocomplete; error identification/prevention; status messages; authentication; plain language; consistent navigation/help; media controls cross-reference; data presentation; mobile/virtual-keyboard cross-reference; profile consistency,Uniform default,Yes,PASS,None
KBDL-A11Y-022,Blueprint section,"WCAG 2.2 Level A/AA baseline requirements (KBDL-A11Y-001 through KBDL-A11Y-010, KBDL-A11Y-012 through KBDL-A11Y-020, KBDL-A11Y-022 through KBDL-A11Y-034, KBDL-A11Y-036 through KBDL-A11Y-040)",Text alternatives; captions; semantic structure; landmarks; reading/focus order; color independence; text/non-text contrast; focus visibility/obscuration; text spacing; keyboard operability/traps/bypass; pointer cancellation; dragging/gesture alternatives; motion actuation; reduced-motion cross-reference; flashing; timing/automatic movement; forms/labels/autocomplete; error identification/prevention; status messages; authentication; plain language; consistent navigation/help; media controls cross-reference; data presentation; mobile/virtual-keyboard cross-reference; profile consistency,Uniform default,Text alternatives; captions; semantic structure; landmarks; reading/focus order; color independence; text/non-text contrast; focus visibility/obscuration; text spacing; keyboard operability/traps/bypass; pointer cancellation; dragging/gesture alternatives; motion actuation; reduced-motion cross-reference; flashing; timing/automatic movement; forms/labels/autocomplete; error identification/prevention; status messages; authentication; plain language; consistent navigation/help; media controls cross-reference; data presentation; mobile/virtual-keyboard cross-reference; profile consistency,Uniform default,Yes,PASS,None
KBDL-A11Y-023,Blueprint section,"WCAG 2.2 Level A/AA baseline requirements (KBDL-A11Y-001 through KBDL-A11Y-010, KBDL-A11Y-012 through KBDL-A11Y-020, KBDL-A11Y-022 through KBDL-A11Y-034, KBDL-A11Y-036 through KBDL-A11Y-040)",Text alternatives; captions; semantic structure; landmarks; reading/focus order; color independence; text/non-text contrast; focus visibility/obscuration; text spacing; keyboard operability/traps/bypass; pointer cancellation; dragging/gesture alternatives; motion actuation; reduced-motion cross-reference; flashing; timing/automatic movement; forms/labels/autocomplete; error identification/prevention; status messages; authentication; plain language; consistent navigation/help; media controls cross-reference; data presentation; mobile/virtual-keyboard cross-reference; profile consistency,Uniform default,Text alternatives; captions; semantic structure; landmarks; reading/focus order; color independence; text/non-text contrast; focus visibility/obscuration; text spacing; keyboard operability/traps/bypass; pointer cancellation; dragging/gesture alternatives; motion actuation; reduced-motion cross-reference; flashing; timing/automatic movement; forms/labels/autocomplete; error identification/prevention; status messages; authentication; plain language; consistent navigation/help; media controls cross-reference; data presentation; mobile/virtual-keyboard cross-reference; profile consistency,Uniform default,Yes,PASS,None
KBDL-A11Y-024,Blueprint section,"WCAG 2.2 Level A/AA baseline requirements (KBDL-A11Y-001 through KBDL-A11Y-010, KBDL-A11Y-012 through KBDL-A11Y-020, KBDL-A11Y-022 through KBDL-A11Y-034, KBDL-A11Y-036 through KBDL-A11Y-040)",Text alternatives; captions; semantic structure; landmarks; reading/focus order; color independence; text/non-text contrast; focus visibility/obscuration; text spacing; keyboard operability/traps/bypass; pointer cancellation; dragging/gesture alternatives; motion actuation; reduced-motion cross-reference; flashing; timing/automatic movement; forms/labels/autocomplete; error identification/prevention; status messages; authentication; plain language; consistent navigation/help; media controls cross-reference; data presentation; mobile/virtual-keyboard cross-reference; profile consistency,Uniform default,Text alternatives; captions; semantic structure; landmarks; reading/focus order; color independence; text/non-text contrast; focus visibility/obscuration; text spacing; keyboard operability/traps/bypass; pointer cancellation; dragging/gesture alternatives; motion actuation; reduced-motion cross-reference; flashing; timing/automatic movement; forms/labels/autocomplete; error identification/prevention; status messages; authentication; plain language; consistent navigation/help; media controls cross-reference; data presentation; mobile/virtual-keyboard cross-reference; profile consistency,Uniform default,Yes,PASS,None
KBDL-A11Y-025,Blueprint section,"WCAG 2.2 Level A/AA baseline requirements (KBDL-A11Y-001 through KBDL-A11Y-010, KBDL-A11Y-012 through KBDL-A11Y-020, KBDL-A11Y-022 through KBDL-A11Y-034, KBDL-A11Y-036 through KBDL-A11Y-040)",Text alternatives; captions; semantic structure; landmarks; reading/focus order; color independence; text/non-text contrast; focus visibility/obscuration; text spacing; keyboard operability/traps/bypass; pointer cancellation; dragging/gesture alternatives; motion actuation; reduced-motion cross-reference; flashing; timing/automatic movement; forms/labels/autocomplete; error identification/prevention; status messages; authentication; plain language; consistent navigation/help; media controls cross-reference; data presentation; mobile/virtual-keyboard cross-reference; profile consistency,Uniform default,Text alternatives; captions; semantic structure; landmarks; reading/focus order; color independence; text/non-text contrast; focus visibility/obscuration; text spacing; keyboard operability/traps/bypass; pointer cancellation; dragging/gesture alternatives; motion actuation; reduced-motion cross-reference; flashing; timing/automatic movement; forms/labels/autocomplete; error identification/prevention; status messages; authentication; plain language; consistent navigation/help; media controls cross-reference; data presentation; mobile/virtual-keyboard cross-reference; profile consistency,Uniform default,Yes,PASS,None
KBDL-A11Y-026,Blueprint section,"WCAG 2.2 Level A/AA baseline requirements (KBDL-A11Y-001 through KBDL-A11Y-010, KBDL-A11Y-012 through KBDL-A11Y-020, KBDL-A11Y-022 through KBDL-A11Y-034, KBDL-A11Y-036 through KBDL-A11Y-040)",Text alternatives; captions; semantic structure; landmarks; reading/focus order; color independence; text/non-text contrast; focus visibility/obscuration; text spacing; keyboard operability/traps/bypass; pointer cancellation; dragging/gesture alternatives; motion actuation; reduced-motion cross-reference; flashing; timing/automatic movement; forms/labels/autocomplete; error identification/prevention; status messages; authentication; plain language; consistent navigation/help; media controls cross-reference; data presentation; mobile/virtual-keyboard cross-reference; profile consistency,Uniform default,Text alternatives; captions; semantic structure; landmarks; reading/focus order; color independence; text/non-text contrast; focus visibility/obscuration; text spacing; keyboard operability/traps/bypass; pointer cancellation; dragging/gesture alternatives; motion actuation; reduced-motion cross-reference; flashing; timing/automatic movement; forms/labels/autocomplete; error identification/prevention; status messages; authentication; plain language; consistent navigation/help; media controls cross-reference; data presentation; mobile/virtual-keyboard cross-reference; profile consistency,Uniform default,Yes,PASS,None
KBDL-A11Y-027,Blueprint section,"WCAG 2.2 Level A/AA baseline requirements (KBDL-A11Y-001 through KBDL-A11Y-010, KBDL-A11Y-012 through KBDL-A11Y-020, KBDL-A11Y-022 through KBDL-A11Y-034, KBDL-A11Y-036 through KBDL-A11Y-040)",Text alternatives; captions; semantic structure; landmarks; reading/focus order; color independence; text/non-text contrast; focus visibility/obscuration; text spacing; keyboard operability/traps/bypass; pointer cancellation; dragging/gesture alternatives; motion actuation; reduced-motion cross-reference; flashing; timing/automatic movement; forms/labels/autocomplete; error identification/prevention; status messages; authentication; plain language; consistent navigation/help; media controls cross-reference; data presentation; mobile/virtual-keyboard cross-reference; profile consistency,Uniform default,Text alternatives; captions; semantic structure; landmarks; reading/focus order; color independence; text/non-text contrast; focus visibility/obscuration; text spacing; keyboard operability/traps/bypass; pointer cancellation; dragging/gesture alternatives; motion actuation; reduced-motion cross-reference; flashing; timing/automatic movement; forms/labels/autocomplete; error identification/prevention; status messages; authentication; plain language; consistent navigation/help; media controls cross-reference; data presentation; mobile/virtual-keyboard cross-reference; profile consistency,Uniform default,Yes,PASS,None
KBDL-A11Y-028,Blueprint section,"WCAG 2.2 Level A/AA baseline requirements (KBDL-A11Y-001 through KBDL-A11Y-010, KBDL-A11Y-012 through KBDL-A11Y-020, KBDL-A11Y-022 through KBDL-A11Y-034, KBDL-A11Y-036 through KBDL-A11Y-040)",Text alternatives; captions; semantic structure; landmarks; reading/focus order; color independence; text/non-text contrast; focus visibility/obscuration; text spacing; keyboard operability/traps/bypass; pointer cancellation; dragging/gesture alternatives; motion actuation; reduced-motion cross-reference; flashing; timing/automatic movement; forms/labels/autocomplete; error identification/prevention; status messages; authentication; plain language; consistent navigation/help; media controls cross-reference; data presentation; mobile/virtual-keyboard cross-reference; profile consistency,Uniform default,Text alternatives; captions; semantic structure; landmarks; reading/focus order; color independence; text/non-text contrast; focus visibility/obscuration; text spacing; keyboard operability/traps/bypass; pointer cancellation; dragging/gesture alternatives; motion actuation; reduced-motion cross-reference; flashing; timing/automatic movement; forms/labels/autocomplete; error identification/prevention; status messages; authentication; plain language; consistent navigation/help; media controls cross-reference; data presentation; mobile/virtual-keyboard cross-reference; profile consistency,Uniform default,Yes,PASS,None
KBDL-A11Y-029,Blueprint section,"WCAG 2.2 Level A/AA baseline requirements (KBDL-A11Y-001 through KBDL-A11Y-010, KBDL-A11Y-012 through KBDL-A11Y-020, KBDL-A11Y-022 through KBDL-A11Y-034, KBDL-A11Y-036 through KBDL-A11Y-040)",Text alternatives; captions; semantic structure; landmarks; reading/focus order; color independence; text/non-text contrast; focus visibility/obscuration; text spacing; keyboard operability/traps/bypass; pointer cancellation; dragging/gesture alternatives; motion actuation; reduced-motion cross-reference; flashing; timing/automatic movement; forms/labels/autocomplete; error identification/prevention; status messages; authentication; plain language; consistent navigation/help; media controls cross-reference; data presentation; mobile/virtual-keyboard cross-reference; profile consistency,Uniform default,Text alternatives; captions; semantic structure; landmarks; reading/focus order; color independence; text/non-text contrast; focus visibility/obscuration; text spacing; keyboard operability/traps/bypass; pointer cancellation; dragging/gesture alternatives; motion actuation; reduced-motion cross-reference; flashing; timing/automatic movement; forms/labels/autocomplete; error identification/prevention; status messages; authentication; plain language; consistent navigation/help; media controls cross-reference; data presentation; mobile/virtual-keyboard cross-reference; profile consistency,Uniform default,Yes,PASS,None
KBDL-A11Y-030,Blueprint section,"WCAG 2.2 Level A/AA baseline requirements (KBDL-A11Y-001 through KBDL-A11Y-010, KBDL-A11Y-012 through KBDL-A11Y-020, KBDL-A11Y-022 through KBDL-A11Y-034, KBDL-A11Y-036 through KBDL-A11Y-040)",Text alternatives; captions; semantic structure; landmarks; reading/focus order; color independence; text/non-text contrast; focus visibility/obscuration; text spacing; keyboard operability/traps/bypass; pointer cancellation; dragging/gesture alternatives; motion actuation; reduced-motion cross-reference; flashing; timing/automatic movement; forms/labels/autocomplete; error identification/prevention; status messages; authentication; plain language; consistent navigation/help; media controls cross-reference; data presentation; mobile/virtual-keyboard cross-reference; profile consistency,Uniform default,Text alternatives; captions; semantic structure; landmarks; reading/focus order; color independence; text/non-text contrast; focus visibility/obscuration; text spacing; keyboard operability/traps/bypass; pointer cancellation; dragging/gesture alternatives; motion actuation; reduced-motion cross-reference; flashing; timing/automatic movement; forms/labels/autocomplete; error identification/prevention; status messages; authentication; plain language; consistent navigation/help; media controls cross-reference; data presentation; mobile/virtual-keyboard cross-reference; profile consistency,Uniform default,Yes,PASS,None
KBDL-A11Y-031,Blueprint section,"WCAG 2.2 Level A/AA baseline requirements (KBDL-A11Y-001 through KBDL-A11Y-010, KBDL-A11Y-012 through KBDL-A11Y-020, KBDL-A11Y-022 through KBDL-A11Y-034, KBDL-A11Y-036 through KBDL-A11Y-040)",Text alternatives; captions; semantic structure; landmarks; reading/focus order; color independence; text/non-text contrast; focus visibility/obscuration; text spacing; keyboard operability/traps/bypass; pointer cancellation; dragging/gesture alternatives; motion actuation; reduced-motion cross-reference; flashing; timing/automatic movement; forms/labels/autocomplete; error identification/prevention; status messages; authentication; plain language; consistent navigation/help; media controls cross-reference; data presentation; mobile/virtual-keyboard cross-reference; profile consistency,Uniform default,Text alternatives; captions; semantic structure; landmarks; reading/focus order; color independence; text/non-text contrast; focus visibility/obscuration; text spacing; keyboard operability/traps/bypass; pointer cancellation; dragging/gesture alternatives; motion actuation; reduced-motion cross-reference; flashing; timing/automatic movement; forms/labels/autocomplete; error identification/prevention; status messages; authentication; plain language; consistent navigation/help; media controls cross-reference; data presentation; mobile/virtual-keyboard cross-reference; profile consistency,Uniform default,Yes,PASS,None
KBDL-A11Y-032,Blueprint section,"WCAG 2.2 Level A/AA baseline requirements (KBDL-A11Y-001 through KBDL-A11Y-010, KBDL-A11Y-012 through KBDL-A11Y-020, KBDL-A11Y-022 through KBDL-A11Y-034, KBDL-A11Y-036 through KBDL-A11Y-040)",Text alternatives; captions; semantic structure; landmarks; reading/focus order; color independence; text/non-text contrast; focus visibility/obscuration; text spacing; keyboard operability/traps/bypass; pointer cancellation; dragging/gesture alternatives; motion actuation; reduced-motion cross-reference; flashing; timing/automatic movement; forms/labels/autocomplete; error identification/prevention; status messages; authentication; plain language; consistent navigation/help; media controls cross-reference; data presentation; mobile/virtual-keyboard cross-reference; profile consistency,Uniform default,Text alternatives; captions; semantic structure; landmarks; reading/focus order; color independence; text/non-text contrast; focus visibility/obscuration; text spacing; keyboard operability/traps/bypass; pointer cancellation; dragging/gesture alternatives; motion actuation; reduced-motion cross-reference; flashing; timing/automatic movement; forms/labels/autocomplete; error identification/prevention; status messages; authentication; plain language; consistent navigation/help; media controls cross-reference; data presentation; mobile/virtual-keyboard cross-reference; profile consistency,Uniform default,Yes,PASS,None
KBDL-A11Y-033,Blueprint section,"WCAG 2.2 Level A/AA baseline requirements (KBDL-A11Y-001 through KBDL-A11Y-010, KBDL-A11Y-012 through KBDL-A11Y-020, KBDL-A11Y-022 through KBDL-A11Y-034, KBDL-A11Y-036 through KBDL-A11Y-040)",Text alternatives; captions; semantic structure; landmarks; reading/focus order; color independence; text/non-text contrast; focus visibility/obscuration; text spacing; keyboard operability/traps/bypass; pointer cancellation; dragging/gesture alternatives; motion actuation; reduced-motion cross-reference; flashing; timing/automatic movement; forms/labels/autocomplete; error identification/prevention; status messages; authentication; plain language; consistent navigation/help; media controls cross-reference; data presentation; mobile/virtual-keyboard cross-reference; profile consistency,Uniform default,Text alternatives; captions; semantic structure; landmarks; reading/focus order; color independence; text/non-text contrast; focus visibility/obscuration; text spacing; keyboard operability/traps/bypass; pointer cancellation; dragging/gesture alternatives; motion actuation; reduced-motion cross-reference; flashing; timing/automatic movement; forms/labels/autocomplete; error identification/prevention; status messages; authentication; plain language; consistent navigation/help; media controls cross-reference; data presentation; mobile/virtual-keyboard cross-reference; profile consistency,Uniform default,Yes,PASS,None
KBDL-A11Y-034,Blueprint section,"WCAG 2.2 Level A/AA baseline requirements (KBDL-A11Y-001 through KBDL-A11Y-010, KBDL-A11Y-012 through KBDL-A11Y-020, KBDL-A11Y-022 through KBDL-A11Y-034, KBDL-A11Y-036 through KBDL-A11Y-040)",Text alternatives; captions; semantic structure; landmarks; reading/focus order; color independence; text/non-text contrast; focus visibility/obscuration; text spacing; keyboard operability/traps/bypass; pointer cancellation; dragging/gesture alternatives; motion actuation; reduced-motion cross-reference; flashing; timing/automatic movement; forms/labels/autocomplete; error identification/prevention; status messages; authentication; plain language; consistent navigation/help; media controls cross-reference; data presentation; mobile/virtual-keyboard cross-reference; profile consistency,Uniform default,Text alternatives; captions; semantic structure; landmarks; reading/focus order; color independence; text/non-text contrast; focus visibility/obscuration; text spacing; keyboard operability/traps/bypass; pointer cancellation; dragging/gesture alternatives; motion actuation; reduced-motion cross-reference; flashing; timing/automatic movement; forms/labels/autocomplete; error identification/prevention; status messages; authentication; plain language; consistent navigation/help; media controls cross-reference; data presentation; mobile/virtual-keyboard cross-reference; profile consistency,Uniform default,Yes,PASS,None
KBDL-A11Y-036,Blueprint section,"WCAG 2.2 Level A/AA baseline requirements (KBDL-A11Y-001 through KBDL-A11Y-010, KBDL-A11Y-012 through KBDL-A11Y-020, KBDL-A11Y-022 through KBDL-A11Y-034, KBDL-A11Y-036 through KBDL-A11Y-040)",Text alternatives; captions; semantic structure; landmarks; reading/focus order; color independence; text/non-text contrast; focus visibility/obscuration; text spacing; keyboard operability/traps/bypass; pointer cancellation; dragging/gesture alternatives; motion actuation; reduced-motion cross-reference; flashing; timing/automatic movement; forms/labels/autocomplete; error identification/prevention; status messages; authentication; plain language; consistent navigation/help; media controls cross-reference; data presentation; mobile/virtual-keyboard cross-reference; profile consistency,Uniform default,Text alternatives; captions; semantic structure; landmarks; reading/focus order; color independence; text/non-text contrast; focus visibility/obscuration; text spacing; keyboard operability/traps/bypass; pointer cancellation; dragging/gesture alternatives; motion actuation; reduced-motion cross-reference; flashing; timing/automatic movement; forms/labels/autocomplete; error identification/prevention; status messages; authentication; plain language; consistent navigation/help; media controls cross-reference; data presentation; mobile/virtual-keyboard cross-reference; profile consistency,Uniform default,Yes,PASS,None
KBDL-A11Y-037,Blueprint section,"WCAG 2.2 Level A/AA baseline requirements (KBDL-A11Y-001 through KBDL-A11Y-010, KBDL-A11Y-012 through KBDL-A11Y-020, KBDL-A11Y-022 through KBDL-A11Y-034, KBDL-A11Y-036 through KBDL-A11Y-040)",Text alternatives; captions; semantic structure; landmarks; reading/focus order; color independence; text/non-text contrast; focus visibility/obscuration; text spacing; keyboard operability/traps/bypass; pointer cancellation; dragging/gesture alternatives; motion actuation; reduced-motion cross-reference; flashing; timing/automatic movement; forms/labels/autocomplete; error identification/prevention; status messages; authentication; plain language; consistent navigation/help; media controls cross-reference; data presentation; mobile/virtual-keyboard cross-reference; profile consistency,Uniform default,Text alternatives; captions; semantic structure; landmarks; reading/focus order; color independence; text/non-text contrast; focus visibility/obscuration; text spacing; keyboard operability/traps/bypass; pointer cancellation; dragging/gesture alternatives; motion actuation; reduced-motion cross-reference; flashing; timing/automatic movement; forms/labels/autocomplete; error identification/prevention; status messages; authentication; plain language; consistent navigation/help; media controls cross-reference; data presentation; mobile/virtual-keyboard cross-reference; profile consistency,Uniform default,Yes,PASS,None
KBDL-A11Y-038,Blueprint section,"WCAG 2.2 Level A/AA baseline requirements (KBDL-A11Y-001 through KBDL-A11Y-010, KBDL-A11Y-012 through KBDL-A11Y-020, KBDL-A11Y-022 through KBDL-A11Y-034, KBDL-A11Y-036 through KBDL-A11Y-040)",Text alternatives; captions; semantic structure; landmarks; reading/focus order; color independence; text/non-text contrast; focus visibility/obscuration; text spacing; keyboard operability/traps/bypass; pointer cancellation; dragging/gesture alternatives; motion actuation; reduced-motion cross-reference; flashing; timing/automatic movement; forms/labels/autocomplete; error identification/prevention; status messages; authentication; plain language; consistent navigation/help; media controls cross-reference; data presentation; mobile/virtual-keyboard cross-reference; profile consistency,Uniform default,Text alternatives; captions; semantic structure; landmarks; reading/focus order; color independence; text/non-text contrast; focus visibility/obscuration; text spacing; keyboard operability/traps/bypass; pointer cancellation; dragging/gesture alternatives; motion actuation; reduced-motion cross-reference; flashing; timing/automatic movement; forms/labels/autocomplete; error identification/prevention; status messages; authentication; plain language; consistent navigation/help; media controls cross-reference; data presentation; mobile/virtual-keyboard cross-reference; profile consistency,Uniform default,Yes,PASS,None
KBDL-A11Y-039,Blueprint section,"WCAG 2.2 Level A/AA baseline requirements (KBDL-A11Y-001 through KBDL-A11Y-010, KBDL-A11Y-012 through KBDL-A11Y-020, KBDL-A11Y-022 through KBDL-A11Y-034, KBDL-A11Y-036 through KBDL-A11Y-040)",Text alternatives; captions; semantic structure; landmarks; reading/focus order; color independence; text/non-text contrast; focus visibility/obscuration; text spacing; keyboard operability/traps/bypass; pointer cancellation; dragging/gesture alternatives; motion actuation; reduced-motion cross-reference; flashing; timing/automatic movement; forms/labels/autocomplete; error identification/prevention; status messages; authentication; plain language; consistent navigation/help; media controls cross-reference; data presentation; mobile/virtual-keyboard cross-reference; profile consistency,Uniform default,Text alternatives; captions; semantic structure; landmarks; reading/focus order; color independence; text/non-text contrast; focus visibility/obscuration; text spacing; keyboard operability/traps/bypass; pointer cancellation; dragging/gesture alternatives; motion actuation; reduced-motion cross-reference; flashing; timing/automatic movement; forms/labels/autocomplete; error identification/prevention; status messages; authentication; plain language; consistent navigation/help; media controls cross-reference; data presentation; mobile/virtual-keyboard cross-reference; profile consistency,Uniform default,Yes,PASS,None
KBDL-A11Y-040,Blueprint section,"WCAG 2.2 Level A/AA baseline requirements (KBDL-A11Y-001 through KBDL-A11Y-010, KBDL-A11Y-012 through KBDL-A11Y-020, KBDL-A11Y-022 through KBDL-A11Y-034, KBDL-A11Y-036 through KBDL-A11Y-040)",Text alternatives; captions; semantic structure; landmarks; reading/focus order; color independence; text/non-text contrast; focus visibility/obscuration; text spacing; keyboard operability/traps/bypass; pointer cancellation; dragging/gesture alternatives; motion actuation; reduced-motion cross-reference; flashing; timing/automatic movement; forms/labels/autocomplete; error identification/prevention; status messages; authentication; plain language; consistent navigation/help; media controls cross-reference; data presentation; mobile/virtual-keyboard cross-reference; profile consistency,Uniform default,Text alternatives; captions; semantic structure; landmarks; reading/focus order; color independence; text/non-text contrast; focus visibility/obscuration; text spacing; keyboard operability/traps/bypass; pointer cancellation; dragging/gesture alternatives; motion actuation; reduced-motion cross-reference; flashing; timing/automatic movement; forms/labels/autocomplete; error identification/prevention; status messages; authentication; plain language; consistent navigation/help; media controls cross-reference; data presentation; mobile/virtual-keyboard cross-reference; profile consistency,Uniform default,Yes,PASS,None
KBDL-A11Y-021,Blueprint section,"WCAG 2.2 Level A/AA baseline requirements (KBDL-A11Y-001 through KBDL-A11Y-010, KBDL-A11Y-012 through KBDL-A11Y-020, KBDL-A11Y-022 through KBDL-A11Y-034, KBDL-A11Y-036 through KBDL-A11Y-040)",Text alternatives; captions; semantic structure; landmarks; reading/focus order; color independence; text/non-text contrast; focus visibility/obscuration; text spacing; keyboard operability/traps/bypass; pointer cancellation; dragging/gesture alternatives; motion actuation; reduced-motion cross-reference; flashing; timing/automatic movement; forms/labels/autocomplete; error identification/prevention; status messages; authentication; plain language; consistent navigation/help; media controls cross-reference; data presentation; mobile/virtual-keyboard cross-reference; profile consistency,Uniform default,Text alternatives; captions; semantic structure; landmarks; reading/focus order; color independence; text/non-text contrast; focus visibility/obscuration; text spacing; keyboard operability/traps/bypass; pointer cancellation; dragging/gesture alternatives; motion actuation; reduced-motion cross-reference; flashing; timing/automatic movement; forms/labels/autocomplete; error identification/prevention; status messages; authentication; plain language; consistent navigation/help; media controls cross-reference; data presentation; mobile/virtual-keyboard cross-reference; profile consistency,Uniform default,Yes,PASS,None
KBDL-A11Y-035,Blueprint section,"WCAG 2.2 Level A/AA baseline requirements (KBDL-A11Y-001 through KBDL-A11Y-010, KBDL-A11Y-012 through KBDL-A11Y-020, KBDL-A11Y-022 through KBDL-A11Y-034, KBDL-A11Y-036 through KBDL-A11Y-040)",Text alternatives; captions; semantic structure; landmarks; reading/focus order; color independence; text/non-text contrast; focus visibility/obscuration; text spacing; keyboard operability/traps/bypass; pointer cancellation; dragging/gesture alternatives; motion actuation; reduced-motion cross-reference; flashing; timing/automatic movement; forms/labels/autocomplete; error identification/prevention; status messages; authentication; plain language; consistent navigation/help; media controls cross-reference; data presentation; mobile/virtual-keyboard cross-reference; profile consistency,Uniform default,Text alternatives; captions; semantic structure; landmarks; reading/focus order; color independence; text/non-text contrast; focus visibility/obscuration; text spacing; keyboard operability/traps/bypass; pointer cancellation; dragging/gesture alternatives; motion actuation; reduced-motion cross-reference; flashing; timing/automatic movement; forms/labels/autocomplete; error identification/prevention; status messages; authentication; plain language; consistent navigation/help; media controls cross-reference; data presentation; mobile/virtual-keyboard cross-reference; profile consistency,Uniform default,Yes,PASS,None
KBDL-A11Y-001,Roadmap prompt,"WCAG 2.2 Level A/AA baseline requirements (KBDL-A11Y-001 through KBDL-A11Y-010, KBDL-A11Y-012 through KBDL-A11Y-020, KBDL-A11Y-022 through KBDL-A11Y-034, KBDL-A11Y-036 through KBDL-A11Y-040)",KBDL-006,Uniform default,KBDL-006,Uniform default,Yes,PASS,None
KBDL-A11Y-002,Roadmap prompt,"WCAG 2.2 Level A/AA baseline requirements (KBDL-A11Y-001 through KBDL-A11Y-010, KBDL-A11Y-012 through KBDL-A11Y-020, KBDL-A11Y-022 through KBDL-A11Y-034, KBDL-A11Y-036 through KBDL-A11Y-040)",KBDL-006,Uniform default,KBDL-006,Uniform default,Yes,PASS,None
KBDL-A11Y-003,Roadmap prompt,"WCAG 2.2 Level A/AA baseline requirements (KBDL-A11Y-001 through KBDL-A11Y-010, KBDL-A11Y-012 through KBDL-A11Y-020, KBDL-A11Y-022 through KBDL-A11Y-034, KBDL-A11Y-036 through KBDL-A11Y-040)",KBDL-006,Uniform default,KBDL-006,Uniform default,Yes,PASS,None
KBDL-A11Y-004,Roadmap prompt,"WCAG 2.2 Level A/AA baseline requirements (KBDL-A11Y-001 through KBDL-A11Y-010, KBDL-A11Y-012 through KBDL-A11Y-020, KBDL-A11Y-022 through KBDL-A11Y-034, KBDL-A11Y-036 through KBDL-A11Y-040)",KBDL-006,Uniform default,KBDL-006,Uniform default,Yes,PASS,None
KBDL-A11Y-005,Roadmap prompt,"WCAG 2.2 Level A/AA baseline requirements (KBDL-A11Y-001 through KBDL-A11Y-010, KBDL-A11Y-012 through KBDL-A11Y-020, KBDL-A11Y-022 through KBDL-A11Y-034, KBDL-A11Y-036 through KBDL-A11Y-040)",KBDL-006,Uniform default,KBDL-006,Uniform default,Yes,PASS,None
KBDL-A11Y-006,Roadmap prompt,"WCAG 2.2 Level A/AA baseline requirements (KBDL-A11Y-001 through KBDL-A11Y-010, KBDL-A11Y-012 through KBDL-A11Y-020, KBDL-A11Y-022 through KBDL-A11Y-034, KBDL-A11Y-036 through KBDL-A11Y-040)",KBDL-006,Uniform default,KBDL-006,Uniform default,Yes,PASS,None
KBDL-A11Y-007,Roadmap prompt,"WCAG 2.2 Level A/AA baseline requirements (KBDL-A11Y-001 through KBDL-A11Y-010, KBDL-A11Y-012 through KBDL-A11Y-020, KBDL-A11Y-022 through KBDL-A11Y-034, KBDL-A11Y-036 through KBDL-A11Y-040)",KBDL-006,Uniform default,KBDL-006,Uniform default,Yes,PASS,None
KBDL-A11Y-008,Roadmap prompt,"WCAG 2.2 Level A/AA baseline requirements (KBDL-A11Y-001 through KBDL-A11Y-010, KBDL-A11Y-012 through KBDL-A11Y-020, KBDL-A11Y-022 through KBDL-A11Y-034, KBDL-A11Y-036 through KBDL-A11Y-040)",KBDL-006,Uniform default,KBDL-006,Uniform default,Yes,PASS,None
KBDL-A11Y-009,Roadmap prompt,"WCAG 2.2 Level A/AA baseline requirements (KBDL-A11Y-001 through KBDL-A11Y-010, KBDL-A11Y-012 through KBDL-A11Y-020, KBDL-A11Y-022 through KBDL-A11Y-034, KBDL-A11Y-036 through KBDL-A11Y-040)",KBDL-006,Uniform default,KBDL-006,Uniform default,Yes,PASS,None
KBDL-A11Y-010,Roadmap prompt,"WCAG 2.2 Level A/AA baseline requirements (KBDL-A11Y-001 through KBDL-A11Y-010, KBDL-A11Y-012 through KBDL-A11Y-020, KBDL-A11Y-022 through KBDL-A11Y-034, KBDL-A11Y-036 through KBDL-A11Y-040)",KBDL-006,Uniform default,KBDL-006,Uniform default,Yes,PASS,None
KBDL-A11Y-012,Roadmap prompt,"WCAG 2.2 Level A/AA baseline requirements (KBDL-A11Y-001 through KBDL-A11Y-010, KBDL-A11Y-012 through KBDL-A11Y-020, KBDL-A11Y-022 through KBDL-A11Y-034, KBDL-A11Y-036 through KBDL-A11Y-040)",KBDL-006,Uniform default,KBDL-006,Uniform default,Yes,PASS,None
KBDL-A11Y-013,Roadmap prompt,"WCAG 2.2 Level A/AA baseline requirements (KBDL-A11Y-001 through KBDL-A11Y-010, KBDL-A11Y-012 through KBDL-A11Y-020, KBDL-A11Y-022 through KBDL-A11Y-034, KBDL-A11Y-036 through KBDL-A11Y-040)",KBDL-006,Uniform default,KBDL-006,Uniform default,Yes,PASS,None
KBDL-A11Y-014,Roadmap prompt,"WCAG 2.2 Level A/AA baseline requirements (KBDL-A11Y-001 through KBDL-A11Y-010, KBDL-A11Y-012 through KBDL-A11Y-020, KBDL-A11Y-022 through KBDL-A11Y-034, KBDL-A11Y-036 through KBDL-A11Y-040)",KBDL-006,Uniform default,KBDL-006,Uniform default,Yes,PASS,None
KBDL-A11Y-015,Roadmap prompt,"WCAG 2.2 Level A/AA baseline requirements (KBDL-A11Y-001 through KBDL-A11Y-010, KBDL-A11Y-012 through KBDL-A11Y-020, KBDL-A11Y-022 through KBDL-A11Y-034, KBDL-A11Y-036 through KBDL-A11Y-040)",KBDL-006,Uniform default,KBDL-006,Uniform default,Yes,PASS,None
KBDL-A11Y-016,Roadmap prompt,"WCAG 2.2 Level A/AA baseline requirements (KBDL-A11Y-001 through KBDL-A11Y-010, KBDL-A11Y-012 through KBDL-A11Y-020, KBDL-A11Y-022 through KBDL-A11Y-034, KBDL-A11Y-036 through KBDL-A11Y-040)",KBDL-006,Uniform default,KBDL-006,Uniform default,Yes,PASS,None
KBDL-A11Y-017,Roadmap prompt,"WCAG 2.2 Level A/AA baseline requirements (KBDL-A11Y-001 through KBDL-A11Y-010, KBDL-A11Y-012 through KBDL-A11Y-020, KBDL-A11Y-022 through KBDL-A11Y-034, KBDL-A11Y-036 through KBDL-A11Y-040)",KBDL-006,Uniform default,KBDL-006,Uniform default,Yes,PASS,None
KBDL-A11Y-018,Roadmap prompt,"WCAG 2.2 Level A/AA baseline requirements (KBDL-A11Y-001 through KBDL-A11Y-010, KBDL-A11Y-012 through KBDL-A11Y-020, KBDL-A11Y-022 through KBDL-A11Y-034, KBDL-A11Y-036 through KBDL-A11Y-040)",KBDL-006,Uniform default,KBDL-006,Uniform default,Yes,PASS,None
KBDL-A11Y-019,Roadmap prompt,"WCAG 2.2 Level A/AA baseline requirements (KBDL-A11Y-001 through KBDL-A11Y-010, KBDL-A11Y-012 through KBDL-A11Y-020, KBDL-A11Y-022 through KBDL-A11Y-034, KBDL-A11Y-036 through KBDL-A11Y-040)",KBDL-006,Uniform default,KBDL-006,Uniform default,Yes,PASS,None
KBDL-A11Y-020,Roadmap prompt,"WCAG 2.2 Level A/AA baseline requirements (KBDL-A11Y-001 through KBDL-A11Y-010, KBDL-A11Y-012 through KBDL-A11Y-020, KBDL-A11Y-022 through KBDL-A11Y-034, KBDL-A11Y-036 through KBDL-A11Y-040)",KBDL-006,Uniform default,KBDL-006,Uniform default,Yes,PASS,None
KBDL-A11Y-022,Roadmap prompt,"WCAG 2.2 Level A/AA baseline requirements (KBDL-A11Y-001 through KBDL-A11Y-010, KBDL-A11Y-012 through KBDL-A11Y-020, KBDL-A11Y-022 through KBDL-A11Y-034, KBDL-A11Y-036 through KBDL-A11Y-040)",KBDL-006,Uniform default,KBDL-006,Uniform default,Yes,PASS,None
KBDL-A11Y-023,Roadmap prompt,"WCAG 2.2 Level A/AA baseline requirements (KBDL-A11Y-001 through KBDL-A11Y-010, KBDL-A11Y-012 through KBDL-A11Y-020, KBDL-A11Y-022 through KBDL-A11Y-034, KBDL-A11Y-036 through KBDL-A11Y-040)",KBDL-006,Uniform default,KBDL-006,Uniform default,Yes,PASS,None
KBDL-A11Y-024,Roadmap prompt,"WCAG 2.2 Level A/AA baseline requirements (KBDL-A11Y-001 through KBDL-A11Y-010, KBDL-A11Y-012 through KBDL-A11Y-020, KBDL-A11Y-022 through KBDL-A11Y-034, KBDL-A11Y-036 through KBDL-A11Y-040)",KBDL-006,Uniform default,KBDL-006,Uniform default,Yes,PASS,None
KBDL-A11Y-025,Roadmap prompt,"WCAG 2.2 Level A/AA baseline requirements (KBDL-A11Y-001 through KBDL-A11Y-010, KBDL-A11Y-012 through KBDL-A11Y-020, KBDL-A11Y-022 through KBDL-A11Y-034, KBDL-A11Y-036 through KBDL-A11Y-040)",KBDL-006,Uniform default,KBDL-006,Uniform default,Yes,PASS,None
KBDL-A11Y-026,Roadmap prompt,"WCAG 2.2 Level A/AA baseline requirements (KBDL-A11Y-001 through KBDL-A11Y-010, KBDL-A11Y-012 through KBDL-A11Y-020, KBDL-A11Y-022 through KBDL-A11Y-034, KBDL-A11Y-036 through KBDL-A11Y-040)",KBDL-006,Uniform default,KBDL-006,Uniform default,Yes,PASS,None
KBDL-A11Y-027,Roadmap prompt,"WCAG 2.2 Level A/AA baseline requirements (KBDL-A11Y-001 through KBDL-A11Y-010, KBDL-A11Y-012 through KBDL-A11Y-020, KBDL-A11Y-022 through KBDL-A11Y-034, KBDL-A11Y-036 through KBDL-A11Y-040)",KBDL-006,Uniform default,KBDL-006,Uniform default,Yes,PASS,None
KBDL-A11Y-028,Roadmap prompt,"WCAG 2.2 Level A/AA baseline requirements (KBDL-A11Y-001 through KBDL-A11Y-010, KBDL-A11Y-012 through KBDL-A11Y-020, KBDL-A11Y-022 through KBDL-A11Y-034, KBDL-A11Y-036 through KBDL-A11Y-040)",KBDL-006,Uniform default,KBDL-006,Uniform default,Yes,PASS,None
KBDL-A11Y-029,Roadmap prompt,"WCAG 2.2 Level A/AA baseline requirements (KBDL-A11Y-001 through KBDL-A11Y-010, KBDL-A11Y-012 through KBDL-A11Y-020, KBDL-A11Y-022 through KBDL-A11Y-034, KBDL-A11Y-036 through KBDL-A11Y-040)",KBDL-006,Uniform default,KBDL-006,Uniform default,Yes,PASS,None
KBDL-A11Y-030,Roadmap prompt,"WCAG 2.2 Level A/AA baseline requirements (KBDL-A11Y-001 through KBDL-A11Y-010, KBDL-A11Y-012 through KBDL-A11Y-020, KBDL-A11Y-022 through KBDL-A11Y-034, KBDL-A11Y-036 through KBDL-A11Y-040)",KBDL-006,Uniform default,KBDL-006,Uniform default,Yes,PASS,None
KBDL-A11Y-031,Roadmap prompt,"WCAG 2.2 Level A/AA baseline requirements (KBDL-A11Y-001 through KBDL-A11Y-010, KBDL-A11Y-012 through KBDL-A11Y-020, KBDL-A11Y-022 through KBDL-A11Y-034, KBDL-A11Y-036 through KBDL-A11Y-040)",KBDL-006,Uniform default,KBDL-006,Uniform default,Yes,PASS,None
KBDL-A11Y-032,Roadmap prompt,"WCAG 2.2 Level A/AA baseline requirements (KBDL-A11Y-001 through KBDL-A11Y-010, KBDL-A11Y-012 through KBDL-A11Y-020, KBDL-A11Y-022 through KBDL-A11Y-034, KBDL-A11Y-036 through KBDL-A11Y-040)",KBDL-006,Uniform default,KBDL-006,Uniform default,Yes,PASS,None
KBDL-A11Y-033,Roadmap prompt,"WCAG 2.2 Level A/AA baseline requirements (KBDL-A11Y-001 through KBDL-A11Y-010, KBDL-A11Y-012 through KBDL-A11Y-020, KBDL-A11Y-022 through KBDL-A11Y-034, KBDL-A11Y-036 through KBDL-A11Y-040)",KBDL-006,Uniform default,KBDL-006,Uniform default,Yes,PASS,None
KBDL-A11Y-034,Roadmap prompt,"WCAG 2.2 Level A/AA baseline requirements (KBDL-A11Y-001 through KBDL-A11Y-010, KBDL-A11Y-012 through KBDL-A11Y-020, KBDL-A11Y-022 through KBDL-A11Y-034, KBDL-A11Y-036 through KBDL-A11Y-040)",KBDL-006,Uniform default,KBDL-006,Uniform default,Yes,PASS,None
KBDL-A11Y-036,Roadmap prompt,"WCAG 2.2 Level A/AA baseline requirements (KBDL-A11Y-001 through KBDL-A11Y-010, KBDL-A11Y-012 through KBDL-A11Y-020, KBDL-A11Y-022 through KBDL-A11Y-034, KBDL-A11Y-036 through KBDL-A11Y-040)",KBDL-006,Uniform default,KBDL-006,Uniform default,Yes,PASS,None
KBDL-A11Y-037,Roadmap prompt,"WCAG 2.2 Level A/AA baseline requirements (KBDL-A11Y-001 through KBDL-A11Y-010, KBDL-A11Y-012 through KBDL-A11Y-020, KBDL-A11Y-022 through KBDL-A11Y-034, KBDL-A11Y-036 through KBDL-A11Y-040)",KBDL-006,Uniform default,KBDL-006,Uniform default,Yes,PASS,None
KBDL-A11Y-038,Roadmap prompt,"WCAG 2.2 Level A/AA baseline requirements (KBDL-A11Y-001 through KBDL-A11Y-010, KBDL-A11Y-012 through KBDL-A11Y-020, KBDL-A11Y-022 through KBDL-A11Y-034, KBDL-A11Y-036 through KBDL-A11Y-040)",KBDL-006,Uniform default,KBDL-006,Uniform default,Yes,PASS,None
KBDL-A11Y-039,Roadmap prompt,"WCAG 2.2 Level A/AA baseline requirements (KBDL-A11Y-001 through KBDL-A11Y-010, KBDL-A11Y-012 through KBDL-A11Y-020, KBDL-A11Y-022 through KBDL-A11Y-034, KBDL-A11Y-036 through KBDL-A11Y-040)",KBDL-006,Uniform default,KBDL-006,Uniform default,Yes,PASS,None
KBDL-A11Y-040,Roadmap prompt,"WCAG 2.2 Level A/AA baseline requirements (KBDL-A11Y-001 through KBDL-A11Y-010, KBDL-A11Y-012 through KBDL-A11Y-020, KBDL-A11Y-022 through KBDL-A11Y-034, KBDL-A11Y-036 through KBDL-A11Y-040)",KBDL-006,Uniform default,KBDL-006,Uniform default,Yes,PASS,None
KBDL-A11Y-021,Roadmap prompt,"WCAG 2.2 Level A/AA baseline requirements (KBDL-A11Y-001 through KBDL-A11Y-010, KBDL-A11Y-012 through KBDL-A11Y-020, KBDL-A11Y-022 through KBDL-A11Y-034, KBDL-A11Y-036 through KBDL-A11Y-040)",KBDL-006,Uniform default,KBDL-006,Uniform default,Yes,PASS,None
KBDL-A11Y-035,Roadmap prompt,"WCAG 2.2 Level A/AA baseline requirements (KBDL-A11Y-001 through KBDL-A11Y-010, KBDL-A11Y-012 through KBDL-A11Y-020, KBDL-A11Y-022 through KBDL-A11Y-034, KBDL-A11Y-036 through KBDL-A11Y-040)",KBDL-006,Uniform default,KBDL-006,Uniform default,Yes,PASS,None
KBDL-A11Y-001,Specification location,"WCAG 2.2 Level A/AA baseline requirements (KBDL-A11Y-001 through KBDL-A11Y-010, KBDL-A11Y-012 through KBDL-A11Y-020, KBDL-A11Y-022 through KBDL-A11Y-034, KBDL-A11Y-036 through KBDL-A11Y-040)",[accessibility.md §6–§45](accessibility.md#3-wcag-22-level-aa-mapping),Broad descriptive summary,[accessibility.md §6–§45](accessibility.md#3-wcag-22-level-aa-mapping),Non-overriding summary,No,PASS,None
KBDL-A11Y-002,Specification location,"WCAG 2.2 Level A/AA baseline requirements (KBDL-A11Y-001 through KBDL-A11Y-010, KBDL-A11Y-012 through KBDL-A11Y-020, KBDL-A11Y-022 through KBDL-A11Y-034, KBDL-A11Y-036 through KBDL-A11Y-040)",[accessibility.md §6–§45](accessibility.md#3-wcag-22-level-aa-mapping),Broad descriptive summary,[accessibility.md §6–§45](accessibility.md#3-wcag-22-level-aa-mapping),Non-overriding summary,No,PASS,None
KBDL-A11Y-003,Specification location,"WCAG 2.2 Level A/AA baseline requirements (KBDL-A11Y-001 through KBDL-A11Y-010, KBDL-A11Y-012 through KBDL-A11Y-020, KBDL-A11Y-022 through KBDL-A11Y-034, KBDL-A11Y-036 through KBDL-A11Y-040)",[accessibility.md §6–§45](accessibility.md#3-wcag-22-level-aa-mapping),Broad descriptive summary,[accessibility.md §6–§45](accessibility.md#3-wcag-22-level-aa-mapping),Non-overriding summary,No,PASS,None
KBDL-A11Y-004,Specification location,"WCAG 2.2 Level A/AA baseline requirements (KBDL-A11Y-001 through KBDL-A11Y-010, KBDL-A11Y-012 through KBDL-A11Y-020, KBDL-A11Y-022 through KBDL-A11Y-034, KBDL-A11Y-036 through KBDL-A11Y-040)",[accessibility.md §6–§45](accessibility.md#3-wcag-22-level-aa-mapping),Broad descriptive summary,[accessibility.md §6–§45](accessibility.md#3-wcag-22-level-aa-mapping),Non-overriding summary,No,PASS,None
KBDL-A11Y-005,Specification location,"WCAG 2.2 Level A/AA baseline requirements (KBDL-A11Y-001 through KBDL-A11Y-010, KBDL-A11Y-012 through KBDL-A11Y-020, KBDL-A11Y-022 through KBDL-A11Y-034, KBDL-A11Y-036 through KBDL-A11Y-040)",[accessibility.md §6–§45](accessibility.md#3-wcag-22-level-aa-mapping),Broad descriptive summary,[accessibility.md §6–§45](accessibility.md#3-wcag-22-level-aa-mapping),Non-overriding summary,No,PASS,None
KBDL-A11Y-006,Specification location,"WCAG 2.2 Level A/AA baseline requirements (KBDL-A11Y-001 through KBDL-A11Y-010, KBDL-A11Y-012 through KBDL-A11Y-020, KBDL-A11Y-022 through KBDL-A11Y-034, KBDL-A11Y-036 through KBDL-A11Y-040)",[accessibility.md §6–§45](accessibility.md#3-wcag-22-level-aa-mapping),Broad descriptive summary,[accessibility.md §6–§45](accessibility.md#3-wcag-22-level-aa-mapping),Non-overriding summary,No,PASS,None
KBDL-A11Y-007,Specification location,"WCAG 2.2 Level A/AA baseline requirements (KBDL-A11Y-001 through KBDL-A11Y-010, KBDL-A11Y-012 through KBDL-A11Y-020, KBDL-A11Y-022 through KBDL-A11Y-034, KBDL-A11Y-036 through KBDL-A11Y-040)",[accessibility.md §6–§45](accessibility.md#3-wcag-22-level-aa-mapping),Broad descriptive summary,[accessibility.md §6–§45](accessibility.md#3-wcag-22-level-aa-mapping),Non-overriding summary,No,PASS,None
KBDL-A11Y-008,Specification location,"WCAG 2.2 Level A/AA baseline requirements (KBDL-A11Y-001 through KBDL-A11Y-010, KBDL-A11Y-012 through KBDL-A11Y-020, KBDL-A11Y-022 through KBDL-A11Y-034, KBDL-A11Y-036 through KBDL-A11Y-040)",[accessibility.md §6–§45](accessibility.md#3-wcag-22-level-aa-mapping),Broad descriptive summary,[accessibility.md §6–§45](accessibility.md#3-wcag-22-level-aa-mapping),Non-overriding summary,No,PASS,None
KBDL-A11Y-009,Specification location,"WCAG 2.2 Level A/AA baseline requirements (KBDL-A11Y-001 through KBDL-A11Y-010, KBDL-A11Y-012 through KBDL-A11Y-020, KBDL-A11Y-022 through KBDL-A11Y-034, KBDL-A11Y-036 through KBDL-A11Y-040)",[accessibility.md §6–§45](accessibility.md#3-wcag-22-level-aa-mapping),Broad descriptive summary,[accessibility.md §6–§45](accessibility.md#3-wcag-22-level-aa-mapping),Non-overriding summary,No,PASS,None
KBDL-A11Y-010,Specification location,"WCAG 2.2 Level A/AA baseline requirements (KBDL-A11Y-001 through KBDL-A11Y-010, KBDL-A11Y-012 through KBDL-A11Y-020, KBDL-A11Y-022 through KBDL-A11Y-034, KBDL-A11Y-036 through KBDL-A11Y-040)",[accessibility.md §6–§45](accessibility.md#3-wcag-22-level-aa-mapping),Broad descriptive summary,[accessibility.md §6–§45](accessibility.md#3-wcag-22-level-aa-mapping),Non-overriding summary,No,PASS,None
KBDL-A11Y-012,Specification location,"WCAG 2.2 Level A/AA baseline requirements (KBDL-A11Y-001 through KBDL-A11Y-010, KBDL-A11Y-012 through KBDL-A11Y-020, KBDL-A11Y-022 through KBDL-A11Y-034, KBDL-A11Y-036 through KBDL-A11Y-040)",[accessibility.md §6–§45](accessibility.md#3-wcag-22-level-aa-mapping),Broad descriptive summary,[accessibility.md §6–§45](accessibility.md#3-wcag-22-level-aa-mapping),Non-overriding summary,No,PASS,None
KBDL-A11Y-013,Specification location,"WCAG 2.2 Level A/AA baseline requirements (KBDL-A11Y-001 through KBDL-A11Y-010, KBDL-A11Y-012 through KBDL-A11Y-020, KBDL-A11Y-022 through KBDL-A11Y-034, KBDL-A11Y-036 through KBDL-A11Y-040)",[accessibility.md §6–§45](accessibility.md#3-wcag-22-level-aa-mapping),Broad descriptive summary,[accessibility.md §6–§45](accessibility.md#3-wcag-22-level-aa-mapping),Non-overriding summary,No,PASS,None
KBDL-A11Y-014,Specification location,"WCAG 2.2 Level A/AA baseline requirements (KBDL-A11Y-001 through KBDL-A11Y-010, KBDL-A11Y-012 through KBDL-A11Y-020, KBDL-A11Y-022 through KBDL-A11Y-034, KBDL-A11Y-036 through KBDL-A11Y-040)",[accessibility.md §6–§45](accessibility.md#3-wcag-22-level-aa-mapping),Broad descriptive summary,[accessibility.md §6–§45](accessibility.md#3-wcag-22-level-aa-mapping),Non-overriding summary,No,PASS,None
KBDL-A11Y-015,Specification location,"WCAG 2.2 Level A/AA baseline requirements (KBDL-A11Y-001 through KBDL-A11Y-010, KBDL-A11Y-012 through KBDL-A11Y-020, KBDL-A11Y-022 through KBDL-A11Y-034, KBDL-A11Y-036 through KBDL-A11Y-040)",[accessibility.md §6–§45](accessibility.md#3-wcag-22-level-aa-mapping),Broad descriptive summary,[accessibility.md §6–§45](accessibility.md#3-wcag-22-level-aa-mapping),Non-overriding summary,No,PASS,None
KBDL-A11Y-016,Specification location,"WCAG 2.2 Level A/AA baseline requirements (KBDL-A11Y-001 through KBDL-A11Y-010, KBDL-A11Y-012 through KBDL-A11Y-020, KBDL-A11Y-022 through KBDL-A11Y-034, KBDL-A11Y-036 through KBDL-A11Y-040)",[accessibility.md §6–§45](accessibility.md#3-wcag-22-level-aa-mapping),Broad descriptive summary,[accessibility.md §6–§45](accessibility.md#3-wcag-22-level-aa-mapping),Non-overriding summary,No,PASS,None
KBDL-A11Y-017,Specification location,"WCAG 2.2 Level A/AA baseline requirements (KBDL-A11Y-001 through KBDL-A11Y-010, KBDL-A11Y-012 through KBDL-A11Y-020, KBDL-A11Y-022 through KBDL-A11Y-034, KBDL-A11Y-036 through KBDL-A11Y-040)",[accessibility.md §6–§45](accessibility.md#3-wcag-22-level-aa-mapping),Broad descriptive summary,[accessibility.md §6–§45](accessibility.md#3-wcag-22-level-aa-mapping),Non-overriding summary,No,PASS,None
KBDL-A11Y-018,Specification location,"WCAG 2.2 Level A/AA baseline requirements (KBDL-A11Y-001 through KBDL-A11Y-010, KBDL-A11Y-012 through KBDL-A11Y-020, KBDL-A11Y-022 through KBDL-A11Y-034, KBDL-A11Y-036 through KBDL-A11Y-040)",[accessibility.md §6–§45](accessibility.md#3-wcag-22-level-aa-mapping),Broad descriptive summary,[accessibility.md §6–§45](accessibility.md#3-wcag-22-level-aa-mapping),Non-overriding summary,No,PASS,None
KBDL-A11Y-019,Specification location,"WCAG 2.2 Level A/AA baseline requirements (KBDL-A11Y-001 through KBDL-A11Y-010, KBDL-A11Y-012 through KBDL-A11Y-020, KBDL-A11Y-022 through KBDL-A11Y-034, KBDL-A11Y-036 through KBDL-A11Y-040)",[accessibility.md §6–§45](accessibility.md#3-wcag-22-level-aa-mapping),Broad descriptive summary,[accessibility.md §6–§45](accessibility.md#3-wcag-22-level-aa-mapping),Non-overriding summary,No,PASS,None
KBDL-A11Y-020,Specification location,"WCAG 2.2 Level A/AA baseline requirements (KBDL-A11Y-001 through KBDL-A11Y-010, KBDL-A11Y-012 through KBDL-A11Y-020, KBDL-A11Y-022 through KBDL-A11Y-034, KBDL-A11Y-036 through KBDL-A11Y-040)",[accessibility.md §6–§45](accessibility.md#3-wcag-22-level-aa-mapping),Broad descriptive summary,[accessibility.md §6–§45](accessibility.md#3-wcag-22-level-aa-mapping),Non-overriding summary,No,PASS,None
KBDL-A11Y-022,Specification location,"WCAG 2.2 Level A/AA baseline requirements (KBDL-A11Y-001 through KBDL-A11Y-010, KBDL-A11Y-012 through KBDL-A11Y-020, KBDL-A11Y-022 through KBDL-A11Y-034, KBDL-A11Y-036 through KBDL-A11Y-040)",[accessibility.md §6–§45](accessibility.md#3-wcag-22-level-aa-mapping),Broad descriptive summary,[accessibility.md §6–§45](accessibility.md#3-wcag-22-level-aa-mapping),Non-overriding summary,No,PASS,None
KBDL-A11Y-023,Specification location,"WCAG 2.2 Level A/AA baseline requirements (KBDL-A11Y-001 through KBDL-A11Y-010, KBDL-A11Y-012 through KBDL-A11Y-020, KBDL-A11Y-022 through KBDL-A11Y-034, KBDL-A11Y-036 through KBDL-A11Y-040)",[accessibility.md §6–§45](accessibility.md#3-wcag-22-level-aa-mapping),Broad descriptive summary,[accessibility.md §6–§45](accessibility.md#3-wcag-22-level-aa-mapping),Non-overriding summary,No,PASS,None
KBDL-A11Y-024,Specification location,"WCAG 2.2 Level A/AA baseline requirements (KBDL-A11Y-001 through KBDL-A11Y-010, KBDL-A11Y-012 through KBDL-A11Y-020, KBDL-A11Y-022 through KBDL-A11Y-034, KBDL-A11Y-036 through KBDL-A11Y-040)",[accessibility.md §6–§45](accessibility.md#3-wcag-22-level-aa-mapping),Broad descriptive summary,[accessibility.md §6–§45](accessibility.md#3-wcag-22-level-aa-mapping),Non-overriding summary,No,PASS,None
KBDL-A11Y-025,Specification location,"WCAG 2.2 Level A/AA baseline requirements (KBDL-A11Y-001 through KBDL-A11Y-010, KBDL-A11Y-012 through KBDL-A11Y-020, KBDL-A11Y-022 through KBDL-A11Y-034, KBDL-A11Y-036 through KBDL-A11Y-040)",[accessibility.md §6–§45](accessibility.md#3-wcag-22-level-aa-mapping),Broad descriptive summary,[accessibility.md §6–§45](accessibility.md#3-wcag-22-level-aa-mapping),Non-overriding summary,No,PASS,None
KBDL-A11Y-026,Specification location,"WCAG 2.2 Level A/AA baseline requirements (KBDL-A11Y-001 through KBDL-A11Y-010, KBDL-A11Y-012 through KBDL-A11Y-020, KBDL-A11Y-022 through KBDL-A11Y-034, KBDL-A11Y-036 through KBDL-A11Y-040)",[accessibility.md §6–§45](accessibility.md#3-wcag-22-level-aa-mapping),Broad descriptive summary,[accessibility.md §6–§45](accessibility.md#3-wcag-22-level-aa-mapping),Non-overriding summary,No,PASS,None
KBDL-A11Y-027,Specification location,"WCAG 2.2 Level A/AA baseline requirements (KBDL-A11Y-001 through KBDL-A11Y-010, KBDL-A11Y-012 through KBDL-A11Y-020, KBDL-A11Y-022 through KBDL-A11Y-034, KBDL-A11Y-036 through KBDL-A11Y-040)",[accessibility.md §6–§45](accessibility.md#3-wcag-22-level-aa-mapping),Broad descriptive summary,[accessibility.md §6–§45](accessibility.md#3-wcag-22-level-aa-mapping),Non-overriding summary,No,PASS,None
KBDL-A11Y-028,Specification location,"WCAG 2.2 Level A/AA baseline requirements (KBDL-A11Y-001 through KBDL-A11Y-010, KBDL-A11Y-012 through KBDL-A11Y-020, KBDL-A11Y-022 through KBDL-A11Y-034, KBDL-A11Y-036 through KBDL-A11Y-040)",[accessibility.md §6–§45](accessibility.md#3-wcag-22-level-aa-mapping),Broad descriptive summary,[accessibility.md §6–§45](accessibility.md#3-wcag-22-level-aa-mapping),Non-overriding summary,No,PASS,None
KBDL-A11Y-029,Specification location,"WCAG 2.2 Level A/AA baseline requirements (KBDL-A11Y-001 through KBDL-A11Y-010, KBDL-A11Y-012 through KBDL-A11Y-020, KBDL-A11Y-022 through KBDL-A11Y-034, KBDL-A11Y-036 through KBDL-A11Y-040)",[accessibility.md §6–§45](accessibility.md#3-wcag-22-level-aa-mapping),Broad descriptive summary,[accessibility.md §6–§45](accessibility.md#3-wcag-22-level-aa-mapping),Non-overriding summary,No,PASS,None
KBDL-A11Y-030,Specification location,"WCAG 2.2 Level A/AA baseline requirements (KBDL-A11Y-001 through KBDL-A11Y-010, KBDL-A11Y-012 through KBDL-A11Y-020, KBDL-A11Y-022 through KBDL-A11Y-034, KBDL-A11Y-036 through KBDL-A11Y-040)",[accessibility.md §6–§45](accessibility.md#3-wcag-22-level-aa-mapping),Broad descriptive summary,[accessibility.md §6–§45](accessibility.md#3-wcag-22-level-aa-mapping),Non-overriding summary,No,PASS,None
KBDL-A11Y-031,Specification location,"WCAG 2.2 Level A/AA baseline requirements (KBDL-A11Y-001 through KBDL-A11Y-010, KBDL-A11Y-012 through KBDL-A11Y-020, KBDL-A11Y-022 through KBDL-A11Y-034, KBDL-A11Y-036 through KBDL-A11Y-040)",[accessibility.md §6–§45](accessibility.md#3-wcag-22-level-aa-mapping),Broad descriptive summary,[accessibility.md §6–§45](accessibility.md#3-wcag-22-level-aa-mapping),Non-overriding summary,No,PASS,None
KBDL-A11Y-032,Specification location,"WCAG 2.2 Level A/AA baseline requirements (KBDL-A11Y-001 through KBDL-A11Y-010, KBDL-A11Y-012 through KBDL-A11Y-020, KBDL-A11Y-022 through KBDL-A11Y-034, KBDL-A11Y-036 through KBDL-A11Y-040)",[accessibility.md §6–§45](accessibility.md#3-wcag-22-level-aa-mapping),Broad descriptive summary,[accessibility.md §6–§45](accessibility.md#3-wcag-22-level-aa-mapping),Non-overriding summary,No,PASS,None
KBDL-A11Y-033,Specification location,"WCAG 2.2 Level A/AA baseline requirements (KBDL-A11Y-001 through KBDL-A11Y-010, KBDL-A11Y-012 through KBDL-A11Y-020, KBDL-A11Y-022 through KBDL-A11Y-034, KBDL-A11Y-036 through KBDL-A11Y-040)",[accessibility.md §6–§45](accessibility.md#3-wcag-22-level-aa-mapping),Broad descriptive summary,[accessibility.md §6–§45](accessibility.md#3-wcag-22-level-aa-mapping),Non-overriding summary,No,PASS,None
KBDL-A11Y-034,Specification location,"WCAG 2.2 Level A/AA baseline requirements (KBDL-A11Y-001 through KBDL-A11Y-010, KBDL-A11Y-012 through KBDL-A11Y-020, KBDL-A11Y-022 through KBDL-A11Y-034, KBDL-A11Y-036 through KBDL-A11Y-040)",[accessibility.md §6–§45](accessibility.md#3-wcag-22-level-aa-mapping),Broad descriptive summary,[accessibility.md §6–§45](accessibility.md#3-wcag-22-level-aa-mapping),Non-overriding summary,No,PASS,None
KBDL-A11Y-036,Specification location,"WCAG 2.2 Level A/AA baseline requirements (KBDL-A11Y-001 through KBDL-A11Y-010, KBDL-A11Y-012 through KBDL-A11Y-020, KBDL-A11Y-022 through KBDL-A11Y-034, KBDL-A11Y-036 through KBDL-A11Y-040)",[accessibility.md §6–§45](accessibility.md#3-wcag-22-level-aa-mapping),Broad descriptive summary,[accessibility.md §6–§45](accessibility.md#3-wcag-22-level-aa-mapping),Non-overriding summary,No,PASS,None
KBDL-A11Y-037,Specification location,"WCAG 2.2 Level A/AA baseline requirements (KBDL-A11Y-001 through KBDL-A11Y-010, KBDL-A11Y-012 through KBDL-A11Y-020, KBDL-A11Y-022 through KBDL-A11Y-034, KBDL-A11Y-036 through KBDL-A11Y-040)",[accessibility.md §6–§45](accessibility.md#3-wcag-22-level-aa-mapping),Broad descriptive summary,[accessibility.md §6–§45](accessibility.md#3-wcag-22-level-aa-mapping),Non-overriding summary,No,PASS,None
KBDL-A11Y-038,Specification location,"WCAG 2.2 Level A/AA baseline requirements (KBDL-A11Y-001 through KBDL-A11Y-010, KBDL-A11Y-012 through KBDL-A11Y-020, KBDL-A11Y-022 through KBDL-A11Y-034, KBDL-A11Y-036 through KBDL-A11Y-040)",[accessibility.md §6–§45](accessibility.md#3-wcag-22-level-aa-mapping),Broad descriptive summary,[accessibility.md §6–§45](accessibility.md#3-wcag-22-level-aa-mapping),Non-overriding summary,No,PASS,None
KBDL-A11Y-039,Specification location,"WCAG 2.2 Level A/AA baseline requirements (KBDL-A11Y-001 through KBDL-A11Y-010, KBDL-A11Y-012 through KBDL-A11Y-020, KBDL-A11Y-022 through KBDL-A11Y-034, KBDL-A11Y-036 through KBDL-A11Y-040)",[accessibility.md §6–§45](accessibility.md#3-wcag-22-level-aa-mapping),Broad descriptive summary,[accessibility.md §6–§45](accessibility.md#3-wcag-22-level-aa-mapping),Non-overriding summary,No,PASS,None
KBDL-A11Y-040,Specification location,"WCAG 2.2 Level A/AA baseline requirements (KBDL-A11Y-001 through KBDL-A11Y-010, KBDL-A11Y-012 through KBDL-A11Y-020, KBDL-A11Y-022 through KBDL-A11Y-034, KBDL-A11Y-036 through KBDL-A11Y-040)",[accessibility.md §6–§45](accessibility.md#3-wcag-22-level-aa-mapping),Broad descriptive summary,[accessibility.md §6–§45](accessibility.md#3-wcag-22-level-aa-mapping),Non-overriding summary,No,PASS,None
KBDL-A11Y-021,Specification location,"WCAG 2.2 Level A/AA baseline requirements (KBDL-A11Y-001 through KBDL-A11Y-010, KBDL-A11Y-012 through KBDL-A11Y-020, KBDL-A11Y-022 through KBDL-A11Y-034, KBDL-A11Y-036 through KBDL-A11Y-040)",[accessibility.md §6–§45](accessibility.md#3-wcag-22-level-aa-mapping),Broad descriptive summary,[accessibility.md §6–§45](accessibility.md#3-wcag-22-level-aa-mapping),Non-overriding summary,No,PASS,None
KBDL-A11Y-035,Specification location,"WCAG 2.2 Level A/AA baseline requirements (KBDL-A11Y-001 through KBDL-A11Y-010, KBDL-A11Y-012 through KBDL-A11Y-020, KBDL-A11Y-022 through KBDL-A11Y-034, KBDL-A11Y-036 through KBDL-A11Y-040)",[accessibility.md §6–§45](accessibility.md#3-wcag-22-level-aa-mapping),Broad descriptive summary,[accessibility.md §6–§45](accessibility.md#3-wcag-22-level-aa-mapping),Non-overriding summary,No,PASS,None
KBDL-A11Y-001,Lifecycle status,"WCAG 2.2 Level A/AA baseline requirements (KBDL-A11Y-001 through KBDL-A11Y-010, KBDL-A11Y-012 through KBDL-A11Y-020, KBDL-A11Y-022 through KBDL-A11Y-034, KBDL-A11Y-036 through KBDL-A11Y-040)",MISSING,Missing,MISSING,Missing,No,PASS,None
KBDL-A11Y-002,Lifecycle status,"WCAG 2.2 Level A/AA baseline requirements (KBDL-A11Y-001 through KBDL-A11Y-010, KBDL-A11Y-012 through KBDL-A11Y-020, KBDL-A11Y-022 through KBDL-A11Y-034, KBDL-A11Y-036 through KBDL-A11Y-040)",MISSING,Missing,MISSING,Missing,No,PASS,None
KBDL-A11Y-003,Lifecycle status,"WCAG 2.2 Level A/AA baseline requirements (KBDL-A11Y-001 through KBDL-A11Y-010, KBDL-A11Y-012 through KBDL-A11Y-020, KBDL-A11Y-022 through KBDL-A11Y-034, KBDL-A11Y-036 through KBDL-A11Y-040)",MISSING,Missing,MISSING,Missing,No,PASS,None
KBDL-A11Y-004,Lifecycle status,"WCAG 2.2 Level A/AA baseline requirements (KBDL-A11Y-001 through KBDL-A11Y-010, KBDL-A11Y-012 through KBDL-A11Y-020, KBDL-A11Y-022 through KBDL-A11Y-034, KBDL-A11Y-036 through KBDL-A11Y-040)",MISSING,Missing,MISSING,Missing,No,PASS,None
KBDL-A11Y-005,Lifecycle status,"WCAG 2.2 Level A/AA baseline requirements (KBDL-A11Y-001 through KBDL-A11Y-010, KBDL-A11Y-012 through KBDL-A11Y-020, KBDL-A11Y-022 through KBDL-A11Y-034, KBDL-A11Y-036 through KBDL-A11Y-040)",MISSING,Missing,MISSING,Missing,No,PASS,None
KBDL-A11Y-006,Lifecycle status,"WCAG 2.2 Level A/AA baseline requirements (KBDL-A11Y-001 through KBDL-A11Y-010, KBDL-A11Y-012 through KBDL-A11Y-020, KBDL-A11Y-022 through KBDL-A11Y-034, KBDL-A11Y-036 through KBDL-A11Y-040)",MISSING,Missing,MISSING,Missing,No,PASS,None
KBDL-A11Y-007,Lifecycle status,"WCAG 2.2 Level A/AA baseline requirements (KBDL-A11Y-001 through KBDL-A11Y-010, KBDL-A11Y-012 through KBDL-A11Y-020, KBDL-A11Y-022 through KBDL-A11Y-034, KBDL-A11Y-036 through KBDL-A11Y-040)",MISSING,Missing,MISSING,Missing,No,PASS,None
KBDL-A11Y-008,Lifecycle status,"WCAG 2.2 Level A/AA baseline requirements (KBDL-A11Y-001 through KBDL-A11Y-010, KBDL-A11Y-012 through KBDL-A11Y-020, KBDL-A11Y-022 through KBDL-A11Y-034, KBDL-A11Y-036 through KBDL-A11Y-040)",MISSING,Missing,MISSING,Missing,No,PASS,None
KBDL-A11Y-009,Lifecycle status,"WCAG 2.2 Level A/AA baseline requirements (KBDL-A11Y-001 through KBDL-A11Y-010, KBDL-A11Y-012 through KBDL-A11Y-020, KBDL-A11Y-022 through KBDL-A11Y-034, KBDL-A11Y-036 through KBDL-A11Y-040)",MISSING,Missing,MISSING,Missing,No,PASS,None
KBDL-A11Y-010,Lifecycle status,"WCAG 2.2 Level A/AA baseline requirements (KBDL-A11Y-001 through KBDL-A11Y-010, KBDL-A11Y-012 through KBDL-A11Y-020, KBDL-A11Y-022 through KBDL-A11Y-034, KBDL-A11Y-036 through KBDL-A11Y-040)",MISSING,Missing,MISSING,Missing,No,PASS,None
KBDL-A11Y-012,Lifecycle status,"WCAG 2.2 Level A/AA baseline requirements (KBDL-A11Y-001 through KBDL-A11Y-010, KBDL-A11Y-012 through KBDL-A11Y-020, KBDL-A11Y-022 through KBDL-A11Y-034, KBDL-A11Y-036 through KBDL-A11Y-040)",MISSING,Missing,MISSING,Missing,No,PASS,None
KBDL-A11Y-013,Lifecycle status,"WCAG 2.2 Level A/AA baseline requirements (KBDL-A11Y-001 through KBDL-A11Y-010, KBDL-A11Y-012 through KBDL-A11Y-020, KBDL-A11Y-022 through KBDL-A11Y-034, KBDL-A11Y-036 through KBDL-A11Y-040)",MISSING,Missing,MISSING,Missing,No,PASS,None
KBDL-A11Y-014,Lifecycle status,"WCAG 2.2 Level A/AA baseline requirements (KBDL-A11Y-001 through KBDL-A11Y-010, KBDL-A11Y-012 through KBDL-A11Y-020, KBDL-A11Y-022 through KBDL-A11Y-034, KBDL-A11Y-036 through KBDL-A11Y-040)",MISSING,Missing,MISSING,Missing,No,PASS,None
KBDL-A11Y-015,Lifecycle status,"WCAG 2.2 Level A/AA baseline requirements (KBDL-A11Y-001 through KBDL-A11Y-010, KBDL-A11Y-012 through KBDL-A11Y-020, KBDL-A11Y-022 through KBDL-A11Y-034, KBDL-A11Y-036 through KBDL-A11Y-040)",MISSING,Missing,MISSING,Missing,No,PASS,None
KBDL-A11Y-016,Lifecycle status,"WCAG 2.2 Level A/AA baseline requirements (KBDL-A11Y-001 through KBDL-A11Y-010, KBDL-A11Y-012 through KBDL-A11Y-020, KBDL-A11Y-022 through KBDL-A11Y-034, KBDL-A11Y-036 through KBDL-A11Y-040)",MISSING,Missing,MISSING,Missing,No,PASS,None
KBDL-A11Y-017,Lifecycle status,"WCAG 2.2 Level A/AA baseline requirements (KBDL-A11Y-001 through KBDL-A11Y-010, KBDL-A11Y-012 through KBDL-A11Y-020, KBDL-A11Y-022 through KBDL-A11Y-034, KBDL-A11Y-036 through KBDL-A11Y-040)",MISSING,Missing,MISSING,Missing,No,PASS,None
KBDL-A11Y-018,Lifecycle status,"WCAG 2.2 Level A/AA baseline requirements (KBDL-A11Y-001 through KBDL-A11Y-010, KBDL-A11Y-012 through KBDL-A11Y-020, KBDL-A11Y-022 through KBDL-A11Y-034, KBDL-A11Y-036 through KBDL-A11Y-040)",MISSING,Missing,MISSING,Missing,No,PASS,None
KBDL-A11Y-019,Lifecycle status,"WCAG 2.2 Level A/AA baseline requirements (KBDL-A11Y-001 through KBDL-A11Y-010, KBDL-A11Y-012 through KBDL-A11Y-020, KBDL-A11Y-022 through KBDL-A11Y-034, KBDL-A11Y-036 through KBDL-A11Y-040)",MISSING,Missing,MISSING,Missing,No,PASS,None
KBDL-A11Y-020,Lifecycle status,"WCAG 2.2 Level A/AA baseline requirements (KBDL-A11Y-001 through KBDL-A11Y-010, KBDL-A11Y-012 through KBDL-A11Y-020, KBDL-A11Y-022 through KBDL-A11Y-034, KBDL-A11Y-036 through KBDL-A11Y-040)",MISSING,Missing,MISSING,Missing,No,PASS,None
KBDL-A11Y-022,Lifecycle status,"WCAG 2.2 Level A/AA baseline requirements (KBDL-A11Y-001 through KBDL-A11Y-010, KBDL-A11Y-012 through KBDL-A11Y-020, KBDL-A11Y-022 through KBDL-A11Y-034, KBDL-A11Y-036 through KBDL-A11Y-040)",MISSING,Missing,MISSING,Missing,No,PASS,None
KBDL-A11Y-023,Lifecycle status,"WCAG 2.2 Level A/AA baseline requirements (KBDL-A11Y-001 through KBDL-A11Y-010, KBDL-A11Y-012 through KBDL-A11Y-020, KBDL-A11Y-022 through KBDL-A11Y-034, KBDL-A11Y-036 through KBDL-A11Y-040)",MISSING,Missing,MISSING,Missing,No,PASS,None
KBDL-A11Y-024,Lifecycle status,"WCAG 2.2 Level A/AA baseline requirements (KBDL-A11Y-001 through KBDL-A11Y-010, KBDL-A11Y-012 through KBDL-A11Y-020, KBDL-A11Y-022 through KBDL-A11Y-034, KBDL-A11Y-036 through KBDL-A11Y-040)",MISSING,Missing,MISSING,Missing,No,PASS,None
KBDL-A11Y-025,Lifecycle status,"WCAG 2.2 Level A/AA baseline requirements (KBDL-A11Y-001 through KBDL-A11Y-010, KBDL-A11Y-012 through KBDL-A11Y-020, KBDL-A11Y-022 through KBDL-A11Y-034, KBDL-A11Y-036 through KBDL-A11Y-040)",MISSING,Missing,MISSING,Missing,No,PASS,None
KBDL-A11Y-026,Lifecycle status,"WCAG 2.2 Level A/AA baseline requirements (KBDL-A11Y-001 through KBDL-A11Y-010, KBDL-A11Y-012 through KBDL-A11Y-020, KBDL-A11Y-022 through KBDL-A11Y-034, KBDL-A11Y-036 through KBDL-A11Y-040)",MISSING,Missing,MISSING,Missing,No,PASS,None
KBDL-A11Y-027,Lifecycle status,"WCAG 2.2 Level A/AA baseline requirements (KBDL-A11Y-001 through KBDL-A11Y-010, KBDL-A11Y-012 through KBDL-A11Y-020, KBDL-A11Y-022 through KBDL-A11Y-034, KBDL-A11Y-036 through KBDL-A11Y-040)",MISSING,Missing,MISSING,Missing,No,PASS,None
KBDL-A11Y-028,Lifecycle status,"WCAG 2.2 Level A/AA baseline requirements (KBDL-A11Y-001 through KBDL-A11Y-010, KBDL-A11Y-012 through KBDL-A11Y-020, KBDL-A11Y-022 through KBDL-A11Y-034, KBDL-A11Y-036 through KBDL-A11Y-040)",MISSING,Missing,MISSING,Missing,No,PASS,None
KBDL-A11Y-029,Lifecycle status,"WCAG 2.2 Level A/AA baseline requirements (KBDL-A11Y-001 through KBDL-A11Y-010, KBDL-A11Y-012 through KBDL-A11Y-020, KBDL-A11Y-022 through KBDL-A11Y-034, KBDL-A11Y-036 through KBDL-A11Y-040)",MISSING,Missing,MISSING,Missing,No,PASS,None
KBDL-A11Y-030,Lifecycle status,"WCAG 2.2 Level A/AA baseline requirements (KBDL-A11Y-001 through KBDL-A11Y-010, KBDL-A11Y-012 through KBDL-A11Y-020, KBDL-A11Y-022 through KBDL-A11Y-034, KBDL-A11Y-036 through KBDL-A11Y-040)",MISSING,Missing,MISSING,Missing,No,PASS,None
KBDL-A11Y-031,Lifecycle status,"WCAG 2.2 Level A/AA baseline requirements (KBDL-A11Y-001 through KBDL-A11Y-010, KBDL-A11Y-012 through KBDL-A11Y-020, KBDL-A11Y-022 through KBDL-A11Y-034, KBDL-A11Y-036 through KBDL-A11Y-040)",MISSING,Missing,MISSING,Missing,No,PASS,None
KBDL-A11Y-032,Lifecycle status,"WCAG 2.2 Level A/AA baseline requirements (KBDL-A11Y-001 through KBDL-A11Y-010, KBDL-A11Y-012 through KBDL-A11Y-020, KBDL-A11Y-022 through KBDL-A11Y-034, KBDL-A11Y-036 through KBDL-A11Y-040)",MISSING,Missing,MISSING,Missing,No,PASS,None
KBDL-A11Y-033,Lifecycle status,"WCAG 2.2 Level A/AA baseline requirements (KBDL-A11Y-001 through KBDL-A11Y-010, KBDL-A11Y-012 through KBDL-A11Y-020, KBDL-A11Y-022 through KBDL-A11Y-034, KBDL-A11Y-036 through KBDL-A11Y-040)",MISSING,Missing,MISSING,Missing,No,PASS,None
KBDL-A11Y-034,Lifecycle status,"WCAG 2.2 Level A/AA baseline requirements (KBDL-A11Y-001 through KBDL-A11Y-010, KBDL-A11Y-012 through KBDL-A11Y-020, KBDL-A11Y-022 through KBDL-A11Y-034, KBDL-A11Y-036 through KBDL-A11Y-040)",MISSING,Missing,MISSING,Missing,No,PASS,None
KBDL-A11Y-036,Lifecycle status,"WCAG 2.2 Level A/AA baseline requirements (KBDL-A11Y-001 through KBDL-A11Y-010, KBDL-A11Y-012 through KBDL-A11Y-020, KBDL-A11Y-022 through KBDL-A11Y-034, KBDL-A11Y-036 through KBDL-A11Y-040)",MISSING,Missing,MISSING,Missing,No,PASS,None
KBDL-A11Y-037,Lifecycle status,"WCAG 2.2 Level A/AA baseline requirements (KBDL-A11Y-001 through KBDL-A11Y-010, KBDL-A11Y-012 through KBDL-A11Y-020, KBDL-A11Y-022 through KBDL-A11Y-034, KBDL-A11Y-036 through KBDL-A11Y-040)",MISSING,Missing,MISSING,Missing,No,PASS,None
KBDL-A11Y-038,Lifecycle status,"WCAG 2.2 Level A/AA baseline requirements (KBDL-A11Y-001 through KBDL-A11Y-010, KBDL-A11Y-012 through KBDL-A11Y-020, KBDL-A11Y-022 through KBDL-A11Y-034, KBDL-A11Y-036 through KBDL-A11Y-040)",MISSING,Missing,MISSING,Missing,No,PASS,None
KBDL-A11Y-039,Lifecycle status,"WCAG 2.2 Level A/AA baseline requirements (KBDL-A11Y-001 through KBDL-A11Y-010, KBDL-A11Y-012 through KBDL-A11Y-020, KBDL-A11Y-022 through KBDL-A11Y-034, KBDL-A11Y-036 through KBDL-A11Y-040)",MISSING,Missing,MISSING,Missing,No,PASS,None
KBDL-A11Y-040,Lifecycle status,"WCAG 2.2 Level A/AA baseline requirements (KBDL-A11Y-001 through KBDL-A11Y-010, KBDL-A11Y-012 through KBDL-A11Y-020, KBDL-A11Y-022 through KBDL-A11Y-034, KBDL-A11Y-036 through KBDL-A11Y-040)",MISSING,Missing,MISSING,Missing,No,PASS,None
KBDL-A11Y-021,Lifecycle status,"WCAG 2.2 Level A/AA baseline requirements (KBDL-A11Y-001 through KBDL-A11Y-010, KBDL-A11Y-012 through KBDL-A11Y-020, KBDL-A11Y-022 through KBDL-A11Y-034, KBDL-A11Y-036 through KBDL-A11Y-040)",MISSING,Missing,MISSING,Missing,No,PASS,None
KBDL-A11Y-035,Lifecycle status,"WCAG 2.2 Level A/AA baseline requirements (KBDL-A11Y-001 through KBDL-A11Y-010, KBDL-A11Y-012 through KBDL-A11Y-020, KBDL-A11Y-022 through KBDL-A11Y-034, KBDL-A11Y-036 through KBDL-A11Y-040)",MISSING,Missing,MISSING,Missing,No,PASS,None
KBDL-A11Y-001,Provenance,"WCAG 2.2 Level A/AA baseline requirements (KBDL-A11Y-001 through KBDL-A11Y-010, KBDL-A11Y-012 through KBDL-A11Y-020, KBDL-A11Y-022 through KBDL-A11Y-034, KBDL-A11Y-036 through KBDL-A11Y-040)",MISSING,Missing,MISSING,Missing,No,PASS,None
KBDL-A11Y-002,Provenance,"WCAG 2.2 Level A/AA baseline requirements (KBDL-A11Y-001 through KBDL-A11Y-010, KBDL-A11Y-012 through KBDL-A11Y-020, KBDL-A11Y-022 through KBDL-A11Y-034, KBDL-A11Y-036 through KBDL-A11Y-040)",MISSING,Missing,MISSING,Missing,No,PASS,None
KBDL-A11Y-003,Provenance,"WCAG 2.2 Level A/AA baseline requirements (KBDL-A11Y-001 through KBDL-A11Y-010, KBDL-A11Y-012 through KBDL-A11Y-020, KBDL-A11Y-022 through KBDL-A11Y-034, KBDL-A11Y-036 through KBDL-A11Y-040)",MISSING,Missing,MISSING,Missing,No,PASS,None
KBDL-A11Y-004,Provenance,"WCAG 2.2 Level A/AA baseline requirements (KBDL-A11Y-001 through KBDL-A11Y-010, KBDL-A11Y-012 through KBDL-A11Y-020, KBDL-A11Y-022 through KBDL-A11Y-034, KBDL-A11Y-036 through KBDL-A11Y-040)",MISSING,Missing,MISSING,Missing,No,PASS,None
KBDL-A11Y-005,Provenance,"WCAG 2.2 Level A/AA baseline requirements (KBDL-A11Y-001 through KBDL-A11Y-010, KBDL-A11Y-012 through KBDL-A11Y-020, KBDL-A11Y-022 through KBDL-A11Y-034, KBDL-A11Y-036 through KBDL-A11Y-040)",MISSING,Missing,MISSING,Missing,No,PASS,None
KBDL-A11Y-006,Provenance,"WCAG 2.2 Level A/AA baseline requirements (KBDL-A11Y-001 through KBDL-A11Y-010, KBDL-A11Y-012 through KBDL-A11Y-020, KBDL-A11Y-022 through KBDL-A11Y-034, KBDL-A11Y-036 through KBDL-A11Y-040)",MISSING,Missing,MISSING,Missing,No,PASS,None
KBDL-A11Y-007,Provenance,"WCAG 2.2 Level A/AA baseline requirements (KBDL-A11Y-001 through KBDL-A11Y-010, KBDL-A11Y-012 through KBDL-A11Y-020, KBDL-A11Y-022 through KBDL-A11Y-034, KBDL-A11Y-036 through KBDL-A11Y-040)",MISSING,Missing,MISSING,Missing,No,PASS,None
KBDL-A11Y-008,Provenance,"WCAG 2.2 Level A/AA baseline requirements (KBDL-A11Y-001 through KBDL-A11Y-010, KBDL-A11Y-012 through KBDL-A11Y-020, KBDL-A11Y-022 through KBDL-A11Y-034, KBDL-A11Y-036 through KBDL-A11Y-040)",MISSING,Missing,MISSING,Missing,No,PASS,None
KBDL-A11Y-009,Provenance,"WCAG 2.2 Level A/AA baseline requirements (KBDL-A11Y-001 through KBDL-A11Y-010, KBDL-A11Y-012 through KBDL-A11Y-020, KBDL-A11Y-022 through KBDL-A11Y-034, KBDL-A11Y-036 through KBDL-A11Y-040)",MISSING,Missing,MISSING,Missing,No,PASS,None
KBDL-A11Y-010,Provenance,"WCAG 2.2 Level A/AA baseline requirements (KBDL-A11Y-001 through KBDL-A11Y-010, KBDL-A11Y-012 through KBDL-A11Y-020, KBDL-A11Y-022 through KBDL-A11Y-034, KBDL-A11Y-036 through KBDL-A11Y-040)",MISSING,Missing,MISSING,Missing,No,PASS,None
KBDL-A11Y-012,Provenance,"WCAG 2.2 Level A/AA baseline requirements (KBDL-A11Y-001 through KBDL-A11Y-010, KBDL-A11Y-012 through KBDL-A11Y-020, KBDL-A11Y-022 through KBDL-A11Y-034, KBDL-A11Y-036 through KBDL-A11Y-040)",MISSING,Missing,MISSING,Missing,No,PASS,None
KBDL-A11Y-013,Provenance,"WCAG 2.2 Level A/AA baseline requirements (KBDL-A11Y-001 through KBDL-A11Y-010, KBDL-A11Y-012 through KBDL-A11Y-020, KBDL-A11Y-022 through KBDL-A11Y-034, KBDL-A11Y-036 through KBDL-A11Y-040)",MISSING,Missing,MISSING,Missing,No,PASS,None
KBDL-A11Y-014,Provenance,"WCAG 2.2 Level A/AA baseline requirements (KBDL-A11Y-001 through KBDL-A11Y-010, KBDL-A11Y-012 through KBDL-A11Y-020, KBDL-A11Y-022 through KBDL-A11Y-034, KBDL-A11Y-036 through KBDL-A11Y-040)",MISSING,Missing,MISSING,Missing,No,PASS,None
KBDL-A11Y-015,Provenance,"WCAG 2.2 Level A/AA baseline requirements (KBDL-A11Y-001 through KBDL-A11Y-010, KBDL-A11Y-012 through KBDL-A11Y-020, KBDL-A11Y-022 through KBDL-A11Y-034, KBDL-A11Y-036 through KBDL-A11Y-040)",MISSING,Missing,MISSING,Missing,No,PASS,None
KBDL-A11Y-016,Provenance,"WCAG 2.2 Level A/AA baseline requirements (KBDL-A11Y-001 through KBDL-A11Y-010, KBDL-A11Y-012 through KBDL-A11Y-020, KBDL-A11Y-022 through KBDL-A11Y-034, KBDL-A11Y-036 through KBDL-A11Y-040)",MISSING,Missing,MISSING,Missing,No,PASS,None
KBDL-A11Y-017,Provenance,"WCAG 2.2 Level A/AA baseline requirements (KBDL-A11Y-001 through KBDL-A11Y-010, KBDL-A11Y-012 through KBDL-A11Y-020, KBDL-A11Y-022 through KBDL-A11Y-034, KBDL-A11Y-036 through KBDL-A11Y-040)",MISSING,Missing,MISSING,Missing,No,PASS,None
KBDL-A11Y-018,Provenance,"WCAG 2.2 Level A/AA baseline requirements (KBDL-A11Y-001 through KBDL-A11Y-010, KBDL-A11Y-012 through KBDL-A11Y-020, KBDL-A11Y-022 through KBDL-A11Y-034, KBDL-A11Y-036 through KBDL-A11Y-040)",MISSING,Missing,MISSING,Missing,No,PASS,None
KBDL-A11Y-019,Provenance,"WCAG 2.2 Level A/AA baseline requirements (KBDL-A11Y-001 through KBDL-A11Y-010, KBDL-A11Y-012 through KBDL-A11Y-020, KBDL-A11Y-022 through KBDL-A11Y-034, KBDL-A11Y-036 through KBDL-A11Y-040)",MISSING,Missing,MISSING,Missing,No,PASS,None
KBDL-A11Y-020,Provenance,"WCAG 2.2 Level A/AA baseline requirements (KBDL-A11Y-001 through KBDL-A11Y-010, KBDL-A11Y-012 through KBDL-A11Y-020, KBDL-A11Y-022 through KBDL-A11Y-034, KBDL-A11Y-036 through KBDL-A11Y-040)",MISSING,Missing,MISSING,Missing,No,PASS,None
KBDL-A11Y-022,Provenance,"WCAG 2.2 Level A/AA baseline requirements (KBDL-A11Y-001 through KBDL-A11Y-010, KBDL-A11Y-012 through KBDL-A11Y-020, KBDL-A11Y-022 through KBDL-A11Y-034, KBDL-A11Y-036 through KBDL-A11Y-040)",MISSING,Missing,MISSING,Missing,No,PASS,None
KBDL-A11Y-023,Provenance,"WCAG 2.2 Level A/AA baseline requirements (KBDL-A11Y-001 through KBDL-A11Y-010, KBDL-A11Y-012 through KBDL-A11Y-020, KBDL-A11Y-022 through KBDL-A11Y-034, KBDL-A11Y-036 through KBDL-A11Y-040)",MISSING,Missing,MISSING,Missing,No,PASS,None
KBDL-A11Y-024,Provenance,"WCAG 2.2 Level A/AA baseline requirements (KBDL-A11Y-001 through KBDL-A11Y-010, KBDL-A11Y-012 through KBDL-A11Y-020, KBDL-A11Y-022 through KBDL-A11Y-034, KBDL-A11Y-036 through KBDL-A11Y-040)",MISSING,Missing,MISSING,Missing,No,PASS,None
KBDL-A11Y-025,Provenance,"WCAG 2.2 Level A/AA baseline requirements (KBDL-A11Y-001 through KBDL-A11Y-010, KBDL-A11Y-012 through KBDL-A11Y-020, KBDL-A11Y-022 through KBDL-A11Y-034, KBDL-A11Y-036 through KBDL-A11Y-040)",MISSING,Missing,MISSING,Missing,No,PASS,None
KBDL-A11Y-026,Provenance,"WCAG 2.2 Level A/AA baseline requirements (KBDL-A11Y-001 through KBDL-A11Y-010, KBDL-A11Y-012 through KBDL-A11Y-020, KBDL-A11Y-022 through KBDL-A11Y-034, KBDL-A11Y-036 through KBDL-A11Y-040)",MISSING,Missing,MISSING,Missing,No,PASS,None
KBDL-A11Y-027,Provenance,"WCAG 2.2 Level A/AA baseline requirements (KBDL-A11Y-001 through KBDL-A11Y-010, KBDL-A11Y-012 through KBDL-A11Y-020, KBDL-A11Y-022 through KBDL-A11Y-034, KBDL-A11Y-036 through KBDL-A11Y-040)",MISSING,Missing,MISSING,Missing,No,PASS,None
KBDL-A11Y-028,Provenance,"WCAG 2.2 Level A/AA baseline requirements (KBDL-A11Y-001 through KBDL-A11Y-010, KBDL-A11Y-012 through KBDL-A11Y-020, KBDL-A11Y-022 through KBDL-A11Y-034, KBDL-A11Y-036 through KBDL-A11Y-040)",MISSING,Missing,MISSING,Missing,No,PASS,None
KBDL-A11Y-029,Provenance,"WCAG 2.2 Level A/AA baseline requirements (KBDL-A11Y-001 through KBDL-A11Y-010, KBDL-A11Y-012 through KBDL-A11Y-020, KBDL-A11Y-022 through KBDL-A11Y-034, KBDL-A11Y-036 through KBDL-A11Y-040)",MISSING,Missing,MISSING,Missing,No,PASS,None
KBDL-A11Y-030,Provenance,"WCAG 2.2 Level A/AA baseline requirements (KBDL-A11Y-001 through KBDL-A11Y-010, KBDL-A11Y-012 through KBDL-A11Y-020, KBDL-A11Y-022 through KBDL-A11Y-034, KBDL-A11Y-036 through KBDL-A11Y-040)",MISSING,Missing,MISSING,Missing,No,PASS,None
KBDL-A11Y-031,Provenance,"WCAG 2.2 Level A/AA baseline requirements (KBDL-A11Y-001 through KBDL-A11Y-010, KBDL-A11Y-012 through KBDL-A11Y-020, KBDL-A11Y-022 through KBDL-A11Y-034, KBDL-A11Y-036 through KBDL-A11Y-040)",MISSING,Missing,MISSING,Missing,No,PASS,None
KBDL-A11Y-032,Provenance,"WCAG 2.2 Level A/AA baseline requirements (KBDL-A11Y-001 through KBDL-A11Y-010, KBDL-A11Y-012 through KBDL-A11Y-020, KBDL-A11Y-022 through KBDL-A11Y-034, KBDL-A11Y-036 through KBDL-A11Y-040)",MISSING,Missing,MISSING,Missing,No,PASS,None
KBDL-A11Y-033,Provenance,"WCAG 2.2 Level A/AA baseline requirements (KBDL-A11Y-001 through KBDL-A11Y-010, KBDL-A11Y-012 through KBDL-A11Y-020, KBDL-A11Y-022 through KBDL-A11Y-034, KBDL-A11Y-036 through KBDL-A11Y-040)",MISSING,Missing,MISSING,Missing,No,PASS,None
KBDL-A11Y-034,Provenance,"WCAG 2.2 Level A/AA baseline requirements (KBDL-A11Y-001 through KBDL-A11Y-010, KBDL-A11Y-012 through KBDL-A11Y-020, KBDL-A11Y-022 through KBDL-A11Y-034, KBDL-A11Y-036 through KBDL-A11Y-040)",MISSING,Missing,MISSING,Missing,No,PASS,None
KBDL-A11Y-036,Provenance,"WCAG 2.2 Level A/AA baseline requirements (KBDL-A11Y-001 through KBDL-A11Y-010, KBDL-A11Y-012 through KBDL-A11Y-020, KBDL-A11Y-022 through KBDL-A11Y-034, KBDL-A11Y-036 through KBDL-A11Y-040)",MISSING,Missing,MISSING,Missing,No,PASS,None
KBDL-A11Y-037,Provenance,"WCAG 2.2 Level A/AA baseline requirements (KBDL-A11Y-001 through KBDL-A11Y-010, KBDL-A11Y-012 through KBDL-A11Y-020, KBDL-A11Y-022 through KBDL-A11Y-034, KBDL-A11Y-036 through KBDL-A11Y-040)",MISSING,Missing,MISSING,Missing,No,PASS,None
KBDL-A11Y-038,Provenance,"WCAG 2.2 Level A/AA baseline requirements (KBDL-A11Y-001 through KBDL-A11Y-010, KBDL-A11Y-012 through KBDL-A11Y-020, KBDL-A11Y-022 through KBDL-A11Y-034, KBDL-A11Y-036 through KBDL-A11Y-040)",MISSING,Missing,MISSING,Missing,No,PASS,None
KBDL-A11Y-039,Provenance,"WCAG 2.2 Level A/AA baseline requirements (KBDL-A11Y-001 through KBDL-A11Y-010, KBDL-A11Y-012 through KBDL-A11Y-020, KBDL-A11Y-022 through KBDL-A11Y-034, KBDL-A11Y-036 through KBDL-A11Y-040)",MISSING,Missing,MISSING,Missing,No,PASS,None
KBDL-A11Y-040,Provenance,"WCAG 2.2 Level A/AA baseline requirements (KBDL-A11Y-001 through KBDL-A11Y-010, KBDL-A11Y-012 through KBDL-A11Y-020, KBDL-A11Y-022 through KBDL-A11Y-034, KBDL-A11Y-036 through KBDL-A11Y-040)",MISSING,Missing,MISSING,Missing,No,PASS,None
KBDL-A11Y-021,Provenance,"WCAG 2.2 Level A/AA baseline requirements (KBDL-A11Y-001 through KBDL-A11Y-010, KBDL-A11Y-012 through KBDL-A11Y-020, KBDL-A11Y-022 through KBDL-A11Y-034, KBDL-A11Y-036 through KBDL-A11Y-040)",MISSING,Missing,MISSING,Missing,No,PASS,None
KBDL-A11Y-035,Provenance,"WCAG 2.2 Level A/AA baseline requirements (KBDL-A11Y-001 through KBDL-A11Y-010, KBDL-A11Y-012 through KBDL-A11Y-020, KBDL-A11Y-022 through KBDL-A11Y-034, KBDL-A11Y-036 through KBDL-A11Y-040)",MISSING,Missing,MISSING,Missing,No,PASS,None
KBDL-A11Y-001,Validation classification,"WCAG 2.2 Level A/AA baseline requirements (KBDL-A11Y-001 through KBDL-A11Y-010, KBDL-A11Y-012 through KBDL-A11Y-020, KBDL-A11Y-022 through KBDL-A11Y-034, KBDL-A11Y-036 through KBDL-A11Y-040)","Not verified: KBDL-A11Y-001, KBDL-A11Y-002, KBDL-A11Y-003, KBDL-A11Y-004, KBDL-A11Y-005, KBDL-A11Y-006, KBDL-A11Y-010, KBDL-A11Y-012, KBDL-A11Y-013, KBDL-A11Y-014, KBDL-A11Y-015, KBDL-A11Y-016, KBDL-A11Y-017, KBDL-A11Y-018, KBDL-A11Y-020, KBDL-A11Y-022, KBDL-A11Y-023, KBDL-A11Y-024, KBDL-A11Y-025, KBDL-A11Y-026, KBDL-A11Y-027, KBDL-A11Y-028, KBDL-A11Y-029, KBDL-A11Y-030, KBDL-A11Y-031, KBDL-A11Y-032, KBDL-A11Y-033, KBDL-A11Y-034, KBDL-A11Y-037, KBDL-A11Y-040; Verified: KBDL-A11Y-007, KBDL-A11Y-008, KBDL-A11Y-009; Not applicable: KBDL-A11Y-019, KBDL-A11Y-036, KBDL-A11Y-038, KBDL-A11Y-039",Status bucket,Not verified,Exact per-ID mapping,Yes,PASS,None
KBDL-A11Y-002,Validation classification,"WCAG 2.2 Level A/AA baseline requirements (KBDL-A11Y-001 through KBDL-A11Y-010, KBDL-A11Y-012 through KBDL-A11Y-020, KBDL-A11Y-022 through KBDL-A11Y-034, KBDL-A11Y-036 through KBDL-A11Y-040)","Not verified: KBDL-A11Y-001, KBDL-A11Y-002, KBDL-A11Y-003, KBDL-A11Y-004, KBDL-A11Y-005, KBDL-A11Y-006, KBDL-A11Y-010, KBDL-A11Y-012, KBDL-A11Y-013, KBDL-A11Y-014, KBDL-A11Y-015, KBDL-A11Y-016, KBDL-A11Y-017, KBDL-A11Y-018, KBDL-A11Y-020, KBDL-A11Y-022, KBDL-A11Y-023, KBDL-A11Y-024, KBDL-A11Y-025, KBDL-A11Y-026, KBDL-A11Y-027, KBDL-A11Y-028, KBDL-A11Y-029, KBDL-A11Y-030, KBDL-A11Y-031, KBDL-A11Y-032, KBDL-A11Y-033, KBDL-A11Y-034, KBDL-A11Y-037, KBDL-A11Y-040; Verified: KBDL-A11Y-007, KBDL-A11Y-008, KBDL-A11Y-009; Not applicable: KBDL-A11Y-019, KBDL-A11Y-036, KBDL-A11Y-038, KBDL-A11Y-039",Status bucket,Not verified,Exact per-ID mapping,Yes,PASS,None
KBDL-A11Y-003,Validation classification,"WCAG 2.2 Level A/AA baseline requirements (KBDL-A11Y-001 through KBDL-A11Y-010, KBDL-A11Y-012 through KBDL-A11Y-020, KBDL-A11Y-022 through KBDL-A11Y-034, KBDL-A11Y-036 through KBDL-A11Y-040)","Not verified: KBDL-A11Y-001, KBDL-A11Y-002, KBDL-A11Y-003, KBDL-A11Y-004, KBDL-A11Y-005, KBDL-A11Y-006, KBDL-A11Y-010, KBDL-A11Y-012, KBDL-A11Y-013, KBDL-A11Y-014, KBDL-A11Y-015, KBDL-A11Y-016, KBDL-A11Y-017, KBDL-A11Y-018, KBDL-A11Y-020, KBDL-A11Y-022, KBDL-A11Y-023, KBDL-A11Y-024, KBDL-A11Y-025, KBDL-A11Y-026, KBDL-A11Y-027, KBDL-A11Y-028, KBDL-A11Y-029, KBDL-A11Y-030, KBDL-A11Y-031, KBDL-A11Y-032, KBDL-A11Y-033, KBDL-A11Y-034, KBDL-A11Y-037, KBDL-A11Y-040; Verified: KBDL-A11Y-007, KBDL-A11Y-008, KBDL-A11Y-009; Not applicable: KBDL-A11Y-019, KBDL-A11Y-036, KBDL-A11Y-038, KBDL-A11Y-039",Status bucket,Not verified,Exact per-ID mapping,Yes,PASS,None
KBDL-A11Y-004,Validation classification,"WCAG 2.2 Level A/AA baseline requirements (KBDL-A11Y-001 through KBDL-A11Y-010, KBDL-A11Y-012 through KBDL-A11Y-020, KBDL-A11Y-022 through KBDL-A11Y-034, KBDL-A11Y-036 through KBDL-A11Y-040)","Not verified: KBDL-A11Y-001, KBDL-A11Y-002, KBDL-A11Y-003, KBDL-A11Y-004, KBDL-A11Y-005, KBDL-A11Y-006, KBDL-A11Y-010, KBDL-A11Y-012, KBDL-A11Y-013, KBDL-A11Y-014, KBDL-A11Y-015, KBDL-A11Y-016, KBDL-A11Y-017, KBDL-A11Y-018, KBDL-A11Y-020, KBDL-A11Y-022, KBDL-A11Y-023, KBDL-A11Y-024, KBDL-A11Y-025, KBDL-A11Y-026, KBDL-A11Y-027, KBDL-A11Y-028, KBDL-A11Y-029, KBDL-A11Y-030, KBDL-A11Y-031, KBDL-A11Y-032, KBDL-A11Y-033, KBDL-A11Y-034, KBDL-A11Y-037, KBDL-A11Y-040; Verified: KBDL-A11Y-007, KBDL-A11Y-008, KBDL-A11Y-009; Not applicable: KBDL-A11Y-019, KBDL-A11Y-036, KBDL-A11Y-038, KBDL-A11Y-039",Status bucket,Not verified,Exact per-ID mapping,Yes,PASS,None
KBDL-A11Y-005,Validation classification,"WCAG 2.2 Level A/AA baseline requirements (KBDL-A11Y-001 through KBDL-A11Y-010, KBDL-A11Y-012 through KBDL-A11Y-020, KBDL-A11Y-022 through KBDL-A11Y-034, KBDL-A11Y-036 through KBDL-A11Y-040)","Not verified: KBDL-A11Y-001, KBDL-A11Y-002, KBDL-A11Y-003, KBDL-A11Y-004, KBDL-A11Y-005, KBDL-A11Y-006, KBDL-A11Y-010, KBDL-A11Y-012, KBDL-A11Y-013, KBDL-A11Y-014, KBDL-A11Y-015, KBDL-A11Y-016, KBDL-A11Y-017, KBDL-A11Y-018, KBDL-A11Y-020, KBDL-A11Y-022, KBDL-A11Y-023, KBDL-A11Y-024, KBDL-A11Y-025, KBDL-A11Y-026, KBDL-A11Y-027, KBDL-A11Y-028, KBDL-A11Y-029, KBDL-A11Y-030, KBDL-A11Y-031, KBDL-A11Y-032, KBDL-A11Y-033, KBDL-A11Y-034, KBDL-A11Y-037, KBDL-A11Y-040; Verified: KBDL-A11Y-007, KBDL-A11Y-008, KBDL-A11Y-009; Not applicable: KBDL-A11Y-019, KBDL-A11Y-036, KBDL-A11Y-038, KBDL-A11Y-039",Status bucket,Not verified,Exact per-ID mapping,Yes,PASS,None
KBDL-A11Y-006,Validation classification,"WCAG 2.2 Level A/AA baseline requirements (KBDL-A11Y-001 through KBDL-A11Y-010, KBDL-A11Y-012 through KBDL-A11Y-020, KBDL-A11Y-022 through KBDL-A11Y-034, KBDL-A11Y-036 through KBDL-A11Y-040)","Not verified: KBDL-A11Y-001, KBDL-A11Y-002, KBDL-A11Y-003, KBDL-A11Y-004, KBDL-A11Y-005, KBDL-A11Y-006, KBDL-A11Y-010, KBDL-A11Y-012, KBDL-A11Y-013, KBDL-A11Y-014, KBDL-A11Y-015, KBDL-A11Y-016, KBDL-A11Y-017, KBDL-A11Y-018, KBDL-A11Y-020, KBDL-A11Y-022, KBDL-A11Y-023, KBDL-A11Y-024, KBDL-A11Y-025, KBDL-A11Y-026, KBDL-A11Y-027, KBDL-A11Y-028, KBDL-A11Y-029, KBDL-A11Y-030, KBDL-A11Y-031, KBDL-A11Y-032, KBDL-A11Y-033, KBDL-A11Y-034, KBDL-A11Y-037, KBDL-A11Y-040; Verified: KBDL-A11Y-007, KBDL-A11Y-008, KBDL-A11Y-009; Not applicable: KBDL-A11Y-019, KBDL-A11Y-036, KBDL-A11Y-038, KBDL-A11Y-039",Status bucket,Not verified,Exact per-ID mapping,Yes,PASS,None
KBDL-A11Y-007,Validation classification,"WCAG 2.2 Level A/AA baseline requirements (KBDL-A11Y-001 through KBDL-A11Y-010, KBDL-A11Y-012 through KBDL-A11Y-020, KBDL-A11Y-022 through KBDL-A11Y-034, KBDL-A11Y-036 through KBDL-A11Y-040)","Not verified: KBDL-A11Y-001, KBDL-A11Y-002, KBDL-A11Y-003, KBDL-A11Y-004, KBDL-A11Y-005, KBDL-A11Y-006, KBDL-A11Y-010, KBDL-A11Y-012, KBDL-A11Y-013, KBDL-A11Y-014, KBDL-A11Y-015, KBDL-A11Y-016, KBDL-A11Y-017, KBDL-A11Y-018, KBDL-A11Y-020, KBDL-A11Y-022, KBDL-A11Y-023, KBDL-A11Y-024, KBDL-A11Y-025, KBDL-A11Y-026, KBDL-A11Y-027, KBDL-A11Y-028, KBDL-A11Y-029, KBDL-A11Y-030, KBDL-A11Y-031, KBDL-A11Y-032, KBDL-A11Y-033, KBDL-A11Y-034, KBDL-A11Y-037, KBDL-A11Y-040; Verified: KBDL-A11Y-007, KBDL-A11Y-008, KBDL-A11Y-009; Not applicable: KBDL-A11Y-019, KBDL-A11Y-036, KBDL-A11Y-038, KBDL-A11Y-039",Status bucket,Verified,Exact per-ID mapping,Yes,PASS,None
KBDL-A11Y-008,Validation classification,"WCAG 2.2 Level A/AA baseline requirements (KBDL-A11Y-001 through KBDL-A11Y-010, KBDL-A11Y-012 through KBDL-A11Y-020, KBDL-A11Y-022 through KBDL-A11Y-034, KBDL-A11Y-036 through KBDL-A11Y-040)","Not verified: KBDL-A11Y-001, KBDL-A11Y-002, KBDL-A11Y-003, KBDL-A11Y-004, KBDL-A11Y-005, KBDL-A11Y-006, KBDL-A11Y-010, KBDL-A11Y-012, KBDL-A11Y-013, KBDL-A11Y-014, KBDL-A11Y-015, KBDL-A11Y-016, KBDL-A11Y-017, KBDL-A11Y-018, KBDL-A11Y-020, KBDL-A11Y-022, KBDL-A11Y-023, KBDL-A11Y-024, KBDL-A11Y-025, KBDL-A11Y-026, KBDL-A11Y-027, KBDL-A11Y-028, KBDL-A11Y-029, KBDL-A11Y-030, KBDL-A11Y-031, KBDL-A11Y-032, KBDL-A11Y-033, KBDL-A11Y-034, KBDL-A11Y-037, KBDL-A11Y-040; Verified: KBDL-A11Y-007, KBDL-A11Y-008, KBDL-A11Y-009; Not applicable: KBDL-A11Y-019, KBDL-A11Y-036, KBDL-A11Y-038, KBDL-A11Y-039",Status bucket,Verified,Exact per-ID mapping,Yes,PASS,None
KBDL-A11Y-009,Validation classification,"WCAG 2.2 Level A/AA baseline requirements (KBDL-A11Y-001 through KBDL-A11Y-010, KBDL-A11Y-012 through KBDL-A11Y-020, KBDL-A11Y-022 through KBDL-A11Y-034, KBDL-A11Y-036 through KBDL-A11Y-040)","Not verified: KBDL-A11Y-001, KBDL-A11Y-002, KBDL-A11Y-003, KBDL-A11Y-004, KBDL-A11Y-005, KBDL-A11Y-006, KBDL-A11Y-010, KBDL-A11Y-012, KBDL-A11Y-013, KBDL-A11Y-014, KBDL-A11Y-015, KBDL-A11Y-016, KBDL-A11Y-017, KBDL-A11Y-018, KBDL-A11Y-020, KBDL-A11Y-022, KBDL-A11Y-023, KBDL-A11Y-024, KBDL-A11Y-025, KBDL-A11Y-026, KBDL-A11Y-027, KBDL-A11Y-028, KBDL-A11Y-029, KBDL-A11Y-030, KBDL-A11Y-031, KBDL-A11Y-032, KBDL-A11Y-033, KBDL-A11Y-034, KBDL-A11Y-037, KBDL-A11Y-040; Verified: KBDL-A11Y-007, KBDL-A11Y-008, KBDL-A11Y-009; Not applicable: KBDL-A11Y-019, KBDL-A11Y-036, KBDL-A11Y-038, KBDL-A11Y-039",Status bucket,Verified,Exact per-ID mapping,Yes,PASS,None
KBDL-A11Y-010,Validation classification,"WCAG 2.2 Level A/AA baseline requirements (KBDL-A11Y-001 through KBDL-A11Y-010, KBDL-A11Y-012 through KBDL-A11Y-020, KBDL-A11Y-022 through KBDL-A11Y-034, KBDL-A11Y-036 through KBDL-A11Y-040)","Not verified: KBDL-A11Y-001, KBDL-A11Y-002, KBDL-A11Y-003, KBDL-A11Y-004, KBDL-A11Y-005, KBDL-A11Y-006, KBDL-A11Y-010, KBDL-A11Y-012, KBDL-A11Y-013, KBDL-A11Y-014, KBDL-A11Y-015, KBDL-A11Y-016, KBDL-A11Y-017, KBDL-A11Y-018, KBDL-A11Y-020, KBDL-A11Y-022, KBDL-A11Y-023, KBDL-A11Y-024, KBDL-A11Y-025, KBDL-A11Y-026, KBDL-A11Y-027, KBDL-A11Y-028, KBDL-A11Y-029, KBDL-A11Y-030, KBDL-A11Y-031, KBDL-A11Y-032, KBDL-A11Y-033, KBDL-A11Y-034, KBDL-A11Y-037, KBDL-A11Y-040; Verified: KBDL-A11Y-007, KBDL-A11Y-008, KBDL-A11Y-009; Not applicable: KBDL-A11Y-019, KBDL-A11Y-036, KBDL-A11Y-038, KBDL-A11Y-039",Status bucket,Not verified,Exact per-ID mapping,Yes,PASS,None
KBDL-A11Y-012,Validation classification,"WCAG 2.2 Level A/AA baseline requirements (KBDL-A11Y-001 through KBDL-A11Y-010, KBDL-A11Y-012 through KBDL-A11Y-020, KBDL-A11Y-022 through KBDL-A11Y-034, KBDL-A11Y-036 through KBDL-A11Y-040)","Not verified: KBDL-A11Y-001, KBDL-A11Y-002, KBDL-A11Y-003, KBDL-A11Y-004, KBDL-A11Y-005, KBDL-A11Y-006, KBDL-A11Y-010, KBDL-A11Y-012, KBDL-A11Y-013, KBDL-A11Y-014, KBDL-A11Y-015, KBDL-A11Y-016, KBDL-A11Y-017, KBDL-A11Y-018, KBDL-A11Y-020, KBDL-A11Y-022, KBDL-A11Y-023, KBDL-A11Y-024, KBDL-A11Y-025, KBDL-A11Y-026, KBDL-A11Y-027, KBDL-A11Y-028, KBDL-A11Y-029, KBDL-A11Y-030, KBDL-A11Y-031, KBDL-A11Y-032, KBDL-A11Y-033, KBDL-A11Y-034, KBDL-A11Y-037, KBDL-A11Y-040; Verified: KBDL-A11Y-007, KBDL-A11Y-008, KBDL-A11Y-009; Not applicable: KBDL-A11Y-019, KBDL-A11Y-036, KBDL-A11Y-038, KBDL-A11Y-039",Status bucket,Not verified,Exact per-ID mapping,Yes,PASS,None
KBDL-A11Y-013,Validation classification,"WCAG 2.2 Level A/AA baseline requirements (KBDL-A11Y-001 through KBDL-A11Y-010, KBDL-A11Y-012 through KBDL-A11Y-020, KBDL-A11Y-022 through KBDL-A11Y-034, KBDL-A11Y-036 through KBDL-A11Y-040)","Not verified: KBDL-A11Y-001, KBDL-A11Y-002, KBDL-A11Y-003, KBDL-A11Y-004, KBDL-A11Y-005, KBDL-A11Y-006, KBDL-A11Y-010, KBDL-A11Y-012, KBDL-A11Y-013, KBDL-A11Y-014, KBDL-A11Y-015, KBDL-A11Y-016, KBDL-A11Y-017, KBDL-A11Y-018, KBDL-A11Y-020, KBDL-A11Y-022, KBDL-A11Y-023, KBDL-A11Y-024, KBDL-A11Y-025, KBDL-A11Y-026, KBDL-A11Y-027, KBDL-A11Y-028, KBDL-A11Y-029, KBDL-A11Y-030, KBDL-A11Y-031, KBDL-A11Y-032, KBDL-A11Y-033, KBDL-A11Y-034, KBDL-A11Y-037, KBDL-A11Y-040; Verified: KBDL-A11Y-007, KBDL-A11Y-008, KBDL-A11Y-009; Not applicable: KBDL-A11Y-019, KBDL-A11Y-036, KBDL-A11Y-038, KBDL-A11Y-039",Status bucket,Not verified,Exact per-ID mapping,Yes,PASS,None
KBDL-A11Y-014,Validation classification,"WCAG 2.2 Level A/AA baseline requirements (KBDL-A11Y-001 through KBDL-A11Y-010, KBDL-A11Y-012 through KBDL-A11Y-020, KBDL-A11Y-022 through KBDL-A11Y-034, KBDL-A11Y-036 through KBDL-A11Y-040)","Not verified: KBDL-A11Y-001, KBDL-A11Y-002, KBDL-A11Y-003, KBDL-A11Y-004, KBDL-A11Y-005, KBDL-A11Y-006, KBDL-A11Y-010, KBDL-A11Y-012, KBDL-A11Y-013, KBDL-A11Y-014, KBDL-A11Y-015, KBDL-A11Y-016, KBDL-A11Y-017, KBDL-A11Y-018, KBDL-A11Y-020, KBDL-A11Y-022, KBDL-A11Y-023, KBDL-A11Y-024, KBDL-A11Y-025, KBDL-A11Y-026, KBDL-A11Y-027, KBDL-A11Y-028, KBDL-A11Y-029, KBDL-A11Y-030, KBDL-A11Y-031, KBDL-A11Y-032, KBDL-A11Y-033, KBDL-A11Y-034, KBDL-A11Y-037, KBDL-A11Y-040; Verified: KBDL-A11Y-007, KBDL-A11Y-008, KBDL-A11Y-009; Not applicable: KBDL-A11Y-019, KBDL-A11Y-036, KBDL-A11Y-038, KBDL-A11Y-039",Status bucket,Not verified,Exact per-ID mapping,Yes,PASS,None
KBDL-A11Y-015,Validation classification,"WCAG 2.2 Level A/AA baseline requirements (KBDL-A11Y-001 through KBDL-A11Y-010, KBDL-A11Y-012 through KBDL-A11Y-020, KBDL-A11Y-022 through KBDL-A11Y-034, KBDL-A11Y-036 through KBDL-A11Y-040)","Not verified: KBDL-A11Y-001, KBDL-A11Y-002, KBDL-A11Y-003, KBDL-A11Y-004, KBDL-A11Y-005, KBDL-A11Y-006, KBDL-A11Y-010, KBDL-A11Y-012, KBDL-A11Y-013, KBDL-A11Y-014, KBDL-A11Y-015, KBDL-A11Y-016, KBDL-A11Y-017, KBDL-A11Y-018, KBDL-A11Y-020, KBDL-A11Y-022, KBDL-A11Y-023, KBDL-A11Y-024, KBDL-A11Y-025, KBDL-A11Y-026, KBDL-A11Y-027, KBDL-A11Y-028, KBDL-A11Y-029, KBDL-A11Y-030, KBDL-A11Y-031, KBDL-A11Y-032, KBDL-A11Y-033, KBDL-A11Y-034, KBDL-A11Y-037, KBDL-A11Y-040; Verified: KBDL-A11Y-007, KBDL-A11Y-008, KBDL-A11Y-009; Not applicable: KBDL-A11Y-019, KBDL-A11Y-036, KBDL-A11Y-038, KBDL-A11Y-039",Status bucket,Not verified,Exact per-ID mapping,Yes,PASS,None
KBDL-A11Y-016,Validation classification,"WCAG 2.2 Level A/AA baseline requirements (KBDL-A11Y-001 through KBDL-A11Y-010, KBDL-A11Y-012 through KBDL-A11Y-020, KBDL-A11Y-022 through KBDL-A11Y-034, KBDL-A11Y-036 through KBDL-A11Y-040)","Not verified: KBDL-A11Y-001, KBDL-A11Y-002, KBDL-A11Y-003, KBDL-A11Y-004, KBDL-A11Y-005, KBDL-A11Y-006, KBDL-A11Y-010, KBDL-A11Y-012, KBDL-A11Y-013, KBDL-A11Y-014, KBDL-A11Y-015, KBDL-A11Y-016, KBDL-A11Y-017, KBDL-A11Y-018, KBDL-A11Y-020, KBDL-A11Y-022, KBDL-A11Y-023, KBDL-A11Y-024, KBDL-A11Y-025, KBDL-A11Y-026, KBDL-A11Y-027, KBDL-A11Y-028, KBDL-A11Y-029, KBDL-A11Y-030, KBDL-A11Y-031, KBDL-A11Y-032, KBDL-A11Y-033, KBDL-A11Y-034, KBDL-A11Y-037, KBDL-A11Y-040; Verified: KBDL-A11Y-007, KBDL-A11Y-008, KBDL-A11Y-009; Not applicable: KBDL-A11Y-019, KBDL-A11Y-036, KBDL-A11Y-038, KBDL-A11Y-039",Status bucket,Not verified,Exact per-ID mapping,Yes,PASS,None
KBDL-A11Y-017,Validation classification,"WCAG 2.2 Level A/AA baseline requirements (KBDL-A11Y-001 through KBDL-A11Y-010, KBDL-A11Y-012 through KBDL-A11Y-020, KBDL-A11Y-022 through KBDL-A11Y-034, KBDL-A11Y-036 through KBDL-A11Y-040)","Not verified: KBDL-A11Y-001, KBDL-A11Y-002, KBDL-A11Y-003, KBDL-A11Y-004, KBDL-A11Y-005, KBDL-A11Y-006, KBDL-A11Y-010, KBDL-A11Y-012, KBDL-A11Y-013, KBDL-A11Y-014, KBDL-A11Y-015, KBDL-A11Y-016, KBDL-A11Y-017, KBDL-A11Y-018, KBDL-A11Y-020, KBDL-A11Y-022, KBDL-A11Y-023, KBDL-A11Y-024, KBDL-A11Y-025, KBDL-A11Y-026, KBDL-A11Y-027, KBDL-A11Y-028, KBDL-A11Y-029, KBDL-A11Y-030, KBDL-A11Y-031, KBDL-A11Y-032, KBDL-A11Y-033, KBDL-A11Y-034, KBDL-A11Y-037, KBDL-A11Y-040; Verified: KBDL-A11Y-007, KBDL-A11Y-008, KBDL-A11Y-009; Not applicable: KBDL-A11Y-019, KBDL-A11Y-036, KBDL-A11Y-038, KBDL-A11Y-039",Status bucket,Not verified,Exact per-ID mapping,Yes,PASS,None
KBDL-A11Y-018,Validation classification,"WCAG 2.2 Level A/AA baseline requirements (KBDL-A11Y-001 through KBDL-A11Y-010, KBDL-A11Y-012 through KBDL-A11Y-020, KBDL-A11Y-022 through KBDL-A11Y-034, KBDL-A11Y-036 through KBDL-A11Y-040)","Not verified: KBDL-A11Y-001, KBDL-A11Y-002, KBDL-A11Y-003, KBDL-A11Y-004, KBDL-A11Y-005, KBDL-A11Y-006, KBDL-A11Y-010, KBDL-A11Y-012, KBDL-A11Y-013, KBDL-A11Y-014, KBDL-A11Y-015, KBDL-A11Y-016, KBDL-A11Y-017, KBDL-A11Y-018, KBDL-A11Y-020, KBDL-A11Y-022, KBDL-A11Y-023, KBDL-A11Y-024, KBDL-A11Y-025, KBDL-A11Y-026, KBDL-A11Y-027, KBDL-A11Y-028, KBDL-A11Y-029, KBDL-A11Y-030, KBDL-A11Y-031, KBDL-A11Y-032, KBDL-A11Y-033, KBDL-A11Y-034, KBDL-A11Y-037, KBDL-A11Y-040; Verified: KBDL-A11Y-007, KBDL-A11Y-008, KBDL-A11Y-009; Not applicable: KBDL-A11Y-019, KBDL-A11Y-036, KBDL-A11Y-038, KBDL-A11Y-039",Status bucket,Not verified,Exact per-ID mapping,Yes,PASS,None
KBDL-A11Y-019,Validation classification,"WCAG 2.2 Level A/AA baseline requirements (KBDL-A11Y-001 through KBDL-A11Y-010, KBDL-A11Y-012 through KBDL-A11Y-020, KBDL-A11Y-022 through KBDL-A11Y-034, KBDL-A11Y-036 through KBDL-A11Y-040)","Not verified: KBDL-A11Y-001, KBDL-A11Y-002, KBDL-A11Y-003, KBDL-A11Y-004, KBDL-A11Y-005, KBDL-A11Y-006, KBDL-A11Y-010, KBDL-A11Y-012, KBDL-A11Y-013, KBDL-A11Y-014, KBDL-A11Y-015, KBDL-A11Y-016, KBDL-A11Y-017, KBDL-A11Y-018, KBDL-A11Y-020, KBDL-A11Y-022, KBDL-A11Y-023, KBDL-A11Y-024, KBDL-A11Y-025, KBDL-A11Y-026, KBDL-A11Y-027, KBDL-A11Y-028, KBDL-A11Y-029, KBDL-A11Y-030, KBDL-A11Y-031, KBDL-A11Y-032, KBDL-A11Y-033, KBDL-A11Y-034, KBDL-A11Y-037, KBDL-A11Y-040; Verified: KBDL-A11Y-007, KBDL-A11Y-008, KBDL-A11Y-009; Not applicable: KBDL-A11Y-019, KBDL-A11Y-036, KBDL-A11Y-038, KBDL-A11Y-039",Status bucket,Not applicable,Exact per-ID mapping,Yes,PASS,None
KBDL-A11Y-020,Validation classification,"WCAG 2.2 Level A/AA baseline requirements (KBDL-A11Y-001 through KBDL-A11Y-010, KBDL-A11Y-012 through KBDL-A11Y-020, KBDL-A11Y-022 through KBDL-A11Y-034, KBDL-A11Y-036 through KBDL-A11Y-040)","Not verified: KBDL-A11Y-001, KBDL-A11Y-002, KBDL-A11Y-003, KBDL-A11Y-004, KBDL-A11Y-005, KBDL-A11Y-006, KBDL-A11Y-010, KBDL-A11Y-012, KBDL-A11Y-013, KBDL-A11Y-014, KBDL-A11Y-015, KBDL-A11Y-016, KBDL-A11Y-017, KBDL-A11Y-018, KBDL-A11Y-020, KBDL-A11Y-022, KBDL-A11Y-023, KBDL-A11Y-024, KBDL-A11Y-025, KBDL-A11Y-026, KBDL-A11Y-027, KBDL-A11Y-028, KBDL-A11Y-029, KBDL-A11Y-030, KBDL-A11Y-031, KBDL-A11Y-032, KBDL-A11Y-033, KBDL-A11Y-034, KBDL-A11Y-037, KBDL-A11Y-040; Verified: KBDL-A11Y-007, KBDL-A11Y-008, KBDL-A11Y-009; Not applicable: KBDL-A11Y-019, KBDL-A11Y-036, KBDL-A11Y-038, KBDL-A11Y-039",Status bucket,Not verified,Exact per-ID mapping,Yes,PASS,None
KBDL-A11Y-022,Validation classification,"WCAG 2.2 Level A/AA baseline requirements (KBDL-A11Y-001 through KBDL-A11Y-010, KBDL-A11Y-012 through KBDL-A11Y-020, KBDL-A11Y-022 through KBDL-A11Y-034, KBDL-A11Y-036 through KBDL-A11Y-040)","Not verified: KBDL-A11Y-001, KBDL-A11Y-002, KBDL-A11Y-003, KBDL-A11Y-004, KBDL-A11Y-005, KBDL-A11Y-006, KBDL-A11Y-010, KBDL-A11Y-012, KBDL-A11Y-013, KBDL-A11Y-014, KBDL-A11Y-015, KBDL-A11Y-016, KBDL-A11Y-017, KBDL-A11Y-018, KBDL-A11Y-020, KBDL-A11Y-022, KBDL-A11Y-023, KBDL-A11Y-024, KBDL-A11Y-025, KBDL-A11Y-026, KBDL-A11Y-027, KBDL-A11Y-028, KBDL-A11Y-029, KBDL-A11Y-030, KBDL-A11Y-031, KBDL-A11Y-032, KBDL-A11Y-033, KBDL-A11Y-034, KBDL-A11Y-037, KBDL-A11Y-040; Verified: KBDL-A11Y-007, KBDL-A11Y-008, KBDL-A11Y-009; Not applicable: KBDL-A11Y-019, KBDL-A11Y-036, KBDL-A11Y-038, KBDL-A11Y-039",Status bucket,Not verified,Exact per-ID mapping,Yes,PASS,None
KBDL-A11Y-023,Validation classification,"WCAG 2.2 Level A/AA baseline requirements (KBDL-A11Y-001 through KBDL-A11Y-010, KBDL-A11Y-012 through KBDL-A11Y-020, KBDL-A11Y-022 through KBDL-A11Y-034, KBDL-A11Y-036 through KBDL-A11Y-040)","Not verified: KBDL-A11Y-001, KBDL-A11Y-002, KBDL-A11Y-003, KBDL-A11Y-004, KBDL-A11Y-005, KBDL-A11Y-006, KBDL-A11Y-010, KBDL-A11Y-012, KBDL-A11Y-013, KBDL-A11Y-014, KBDL-A11Y-015, KBDL-A11Y-016, KBDL-A11Y-017, KBDL-A11Y-018, KBDL-A11Y-020, KBDL-A11Y-022, KBDL-A11Y-023, KBDL-A11Y-024, KBDL-A11Y-025, KBDL-A11Y-026, KBDL-A11Y-027, KBDL-A11Y-028, KBDL-A11Y-029, KBDL-A11Y-030, KBDL-A11Y-031, KBDL-A11Y-032, KBDL-A11Y-033, KBDL-A11Y-034, KBDL-A11Y-037, KBDL-A11Y-040; Verified: KBDL-A11Y-007, KBDL-A11Y-008, KBDL-A11Y-009; Not applicable: KBDL-A11Y-019, KBDL-A11Y-036, KBDL-A11Y-038, KBDL-A11Y-039",Status bucket,Not verified,Exact per-ID mapping,Yes,PASS,None
KBDL-A11Y-024,Validation classification,"WCAG 2.2 Level A/AA baseline requirements (KBDL-A11Y-001 through KBDL-A11Y-010, KBDL-A11Y-012 through KBDL-A11Y-020, KBDL-A11Y-022 through KBDL-A11Y-034, KBDL-A11Y-036 through KBDL-A11Y-040)","Not verified: KBDL-A11Y-001, KBDL-A11Y-002, KBDL-A11Y-003, KBDL-A11Y-004, KBDL-A11Y-005, KBDL-A11Y-006, KBDL-A11Y-010, KBDL-A11Y-012, KBDL-A11Y-013, KBDL-A11Y-014, KBDL-A11Y-015, KBDL-A11Y-016, KBDL-A11Y-017, KBDL-A11Y-018, KBDL-A11Y-020, KBDL-A11Y-022, KBDL-A11Y-023, KBDL-A11Y-024, KBDL-A11Y-025, KBDL-A11Y-026, KBDL-A11Y-027, KBDL-A11Y-028, KBDL-A11Y-029, KBDL-A11Y-030, KBDL-A11Y-031, KBDL-A11Y-032, KBDL-A11Y-033, KBDL-A11Y-034, KBDL-A11Y-037, KBDL-A11Y-040; Verified: KBDL-A11Y-007, KBDL-A11Y-008, KBDL-A11Y-009; Not applicable: KBDL-A11Y-019, KBDL-A11Y-036, KBDL-A11Y-038, KBDL-A11Y-039",Status bucket,Not verified,Exact per-ID mapping,Yes,PASS,None
KBDL-A11Y-025,Validation classification,"WCAG 2.2 Level A/AA baseline requirements (KBDL-A11Y-001 through KBDL-A11Y-010, KBDL-A11Y-012 through KBDL-A11Y-020, KBDL-A11Y-022 through KBDL-A11Y-034, KBDL-A11Y-036 through KBDL-A11Y-040)","Not verified: KBDL-A11Y-001, KBDL-A11Y-002, KBDL-A11Y-003, KBDL-A11Y-004, KBDL-A11Y-005, KBDL-A11Y-006, KBDL-A11Y-010, KBDL-A11Y-012, KBDL-A11Y-013, KBDL-A11Y-014, KBDL-A11Y-015, KBDL-A11Y-016, KBDL-A11Y-017, KBDL-A11Y-018, KBDL-A11Y-020, KBDL-A11Y-022, KBDL-A11Y-023, KBDL-A11Y-024, KBDL-A11Y-025, KBDL-A11Y-026, KBDL-A11Y-027, KBDL-A11Y-028, KBDL-A11Y-029, KBDL-A11Y-030, KBDL-A11Y-031, KBDL-A11Y-032, KBDL-A11Y-033, KBDL-A11Y-034, KBDL-A11Y-037, KBDL-A11Y-040; Verified: KBDL-A11Y-007, KBDL-A11Y-008, KBDL-A11Y-009; Not applicable: KBDL-A11Y-019, KBDL-A11Y-036, KBDL-A11Y-038, KBDL-A11Y-039",Status bucket,Not verified,Exact per-ID mapping,Yes,PASS,None
KBDL-A11Y-026,Validation classification,"WCAG 2.2 Level A/AA baseline requirements (KBDL-A11Y-001 through KBDL-A11Y-010, KBDL-A11Y-012 through KBDL-A11Y-020, KBDL-A11Y-022 through KBDL-A11Y-034, KBDL-A11Y-036 through KBDL-A11Y-040)","Not verified: KBDL-A11Y-001, KBDL-A11Y-002, KBDL-A11Y-003, KBDL-A11Y-004, KBDL-A11Y-005, KBDL-A11Y-006, KBDL-A11Y-010, KBDL-A11Y-012, KBDL-A11Y-013, KBDL-A11Y-014, KBDL-A11Y-015, KBDL-A11Y-016, KBDL-A11Y-017, KBDL-A11Y-018, KBDL-A11Y-020, KBDL-A11Y-022, KBDL-A11Y-023, KBDL-A11Y-024, KBDL-A11Y-025, KBDL-A11Y-026, KBDL-A11Y-027, KBDL-A11Y-028, KBDL-A11Y-029, KBDL-A11Y-030, KBDL-A11Y-031, KBDL-A11Y-032, KBDL-A11Y-033, KBDL-A11Y-034, KBDL-A11Y-037, KBDL-A11Y-040; Verified: KBDL-A11Y-007, KBDL-A11Y-008, KBDL-A11Y-009; Not applicable: KBDL-A11Y-019, KBDL-A11Y-036, KBDL-A11Y-038, KBDL-A11Y-039",Status bucket,Not verified,Exact per-ID mapping,Yes,PASS,None
KBDL-A11Y-027,Validation classification,"WCAG 2.2 Level A/AA baseline requirements (KBDL-A11Y-001 through KBDL-A11Y-010, KBDL-A11Y-012 through KBDL-A11Y-020, KBDL-A11Y-022 through KBDL-A11Y-034, KBDL-A11Y-036 through KBDL-A11Y-040)","Not verified: KBDL-A11Y-001, KBDL-A11Y-002, KBDL-A11Y-003, KBDL-A11Y-004, KBDL-A11Y-005, KBDL-A11Y-006, KBDL-A11Y-010, KBDL-A11Y-012, KBDL-A11Y-013, KBDL-A11Y-014, KBDL-A11Y-015, KBDL-A11Y-016, KBDL-A11Y-017, KBDL-A11Y-018, KBDL-A11Y-020, KBDL-A11Y-022, KBDL-A11Y-023, KBDL-A11Y-024, KBDL-A11Y-025, KBDL-A11Y-026, KBDL-A11Y-027, KBDL-A11Y-028, KBDL-A11Y-029, KBDL-A11Y-030, KBDL-A11Y-031, KBDL-A11Y-032, KBDL-A11Y-033, KBDL-A11Y-034, KBDL-A11Y-037, KBDL-A11Y-040; Verified: KBDL-A11Y-007, KBDL-A11Y-008, KBDL-A11Y-009; Not applicable: KBDL-A11Y-019, KBDL-A11Y-036, KBDL-A11Y-038, KBDL-A11Y-039",Status bucket,Not verified,Exact per-ID mapping,Yes,PASS,None
KBDL-A11Y-028,Validation classification,"WCAG 2.2 Level A/AA baseline requirements (KBDL-A11Y-001 through KBDL-A11Y-010, KBDL-A11Y-012 through KBDL-A11Y-020, KBDL-A11Y-022 through KBDL-A11Y-034, KBDL-A11Y-036 through KBDL-A11Y-040)","Not verified: KBDL-A11Y-001, KBDL-A11Y-002, KBDL-A11Y-003, KBDL-A11Y-004, KBDL-A11Y-005, KBDL-A11Y-006, KBDL-A11Y-010, KBDL-A11Y-012, KBDL-A11Y-013, KBDL-A11Y-014, KBDL-A11Y-015, KBDL-A11Y-016, KBDL-A11Y-017, KBDL-A11Y-018, KBDL-A11Y-020, KBDL-A11Y-022, KBDL-A11Y-023, KBDL-A11Y-024, KBDL-A11Y-025, KBDL-A11Y-026, KBDL-A11Y-027, KBDL-A11Y-028, KBDL-A11Y-029, KBDL-A11Y-030, KBDL-A11Y-031, KBDL-A11Y-032, KBDL-A11Y-033, KBDL-A11Y-034, KBDL-A11Y-037, KBDL-A11Y-040; Verified: KBDL-A11Y-007, KBDL-A11Y-008, KBDL-A11Y-009; Not applicable: KBDL-A11Y-019, KBDL-A11Y-036, KBDL-A11Y-038, KBDL-A11Y-039",Status bucket,Not verified,Exact per-ID mapping,Yes,PASS,None
KBDL-A11Y-029,Validation classification,"WCAG 2.2 Level A/AA baseline requirements (KBDL-A11Y-001 through KBDL-A11Y-010, KBDL-A11Y-012 through KBDL-A11Y-020, KBDL-A11Y-022 through KBDL-A11Y-034, KBDL-A11Y-036 through KBDL-A11Y-040)","Not verified: KBDL-A11Y-001, KBDL-A11Y-002, KBDL-A11Y-003, KBDL-A11Y-004, KBDL-A11Y-005, KBDL-A11Y-006, KBDL-A11Y-010, KBDL-A11Y-012, KBDL-A11Y-013, KBDL-A11Y-014, KBDL-A11Y-015, KBDL-A11Y-016, KBDL-A11Y-017, KBDL-A11Y-018, KBDL-A11Y-020, KBDL-A11Y-022, KBDL-A11Y-023, KBDL-A11Y-024, KBDL-A11Y-025, KBDL-A11Y-026, KBDL-A11Y-027, KBDL-A11Y-028, KBDL-A11Y-029, KBDL-A11Y-030, KBDL-A11Y-031, KBDL-A11Y-032, KBDL-A11Y-033, KBDL-A11Y-034, KBDL-A11Y-037, KBDL-A11Y-040; Verified: KBDL-A11Y-007, KBDL-A11Y-008, KBDL-A11Y-009; Not applicable: KBDL-A11Y-019, KBDL-A11Y-036, KBDL-A11Y-038, KBDL-A11Y-039",Status bucket,Not verified,Exact per-ID mapping,Yes,PASS,None
KBDL-A11Y-030,Validation classification,"WCAG 2.2 Level A/AA baseline requirements (KBDL-A11Y-001 through KBDL-A11Y-010, KBDL-A11Y-012 through KBDL-A11Y-020, KBDL-A11Y-022 through KBDL-A11Y-034, KBDL-A11Y-036 through KBDL-A11Y-040)","Not verified: KBDL-A11Y-001, KBDL-A11Y-002, KBDL-A11Y-003, KBDL-A11Y-004, KBDL-A11Y-005, KBDL-A11Y-006, KBDL-A11Y-010, KBDL-A11Y-012, KBDL-A11Y-013, KBDL-A11Y-014, KBDL-A11Y-015, KBDL-A11Y-016, KBDL-A11Y-017, KBDL-A11Y-018, KBDL-A11Y-020, KBDL-A11Y-022, KBDL-A11Y-023, KBDL-A11Y-024, KBDL-A11Y-025, KBDL-A11Y-026, KBDL-A11Y-027, KBDL-A11Y-028, KBDL-A11Y-029, KBDL-A11Y-030, KBDL-A11Y-031, KBDL-A11Y-032, KBDL-A11Y-033, KBDL-A11Y-034, KBDL-A11Y-037, KBDL-A11Y-040; Verified: KBDL-A11Y-007, KBDL-A11Y-008, KBDL-A11Y-009; Not applicable: KBDL-A11Y-019, KBDL-A11Y-036, KBDL-A11Y-038, KBDL-A11Y-039",Status bucket,Not verified,Exact per-ID mapping,Yes,PASS,None
KBDL-A11Y-031,Validation classification,"WCAG 2.2 Level A/AA baseline requirements (KBDL-A11Y-001 through KBDL-A11Y-010, KBDL-A11Y-012 through KBDL-A11Y-020, KBDL-A11Y-022 through KBDL-A11Y-034, KBDL-A11Y-036 through KBDL-A11Y-040)","Not verified: KBDL-A11Y-001, KBDL-A11Y-002, KBDL-A11Y-003, KBDL-A11Y-004, KBDL-A11Y-005, KBDL-A11Y-006, KBDL-A11Y-010, KBDL-A11Y-012, KBDL-A11Y-013, KBDL-A11Y-014, KBDL-A11Y-015, KBDL-A11Y-016, KBDL-A11Y-017, KBDL-A11Y-018, KBDL-A11Y-020, KBDL-A11Y-022, KBDL-A11Y-023, KBDL-A11Y-024, KBDL-A11Y-025, KBDL-A11Y-026, KBDL-A11Y-027, KBDL-A11Y-028, KBDL-A11Y-029, KBDL-A11Y-030, KBDL-A11Y-031, KBDL-A11Y-032, KBDL-A11Y-033, KBDL-A11Y-034, KBDL-A11Y-037, KBDL-A11Y-040; Verified: KBDL-A11Y-007, KBDL-A11Y-008, KBDL-A11Y-009; Not applicable: KBDL-A11Y-019, KBDL-A11Y-036, KBDL-A11Y-038, KBDL-A11Y-039",Status bucket,Not verified,Exact per-ID mapping,Yes,PASS,None
KBDL-A11Y-032,Validation classification,"WCAG 2.2 Level A/AA baseline requirements (KBDL-A11Y-001 through KBDL-A11Y-010, KBDL-A11Y-012 through KBDL-A11Y-020, KBDL-A11Y-022 through KBDL-A11Y-034, KBDL-A11Y-036 through KBDL-A11Y-040)","Not verified: KBDL-A11Y-001, KBDL-A11Y-002, KBDL-A11Y-003, KBDL-A11Y-004, KBDL-A11Y-005, KBDL-A11Y-006, KBDL-A11Y-010, KBDL-A11Y-012, KBDL-A11Y-013, KBDL-A11Y-014, KBDL-A11Y-015, KBDL-A11Y-016, KBDL-A11Y-017, KBDL-A11Y-018, KBDL-A11Y-020, KBDL-A11Y-022, KBDL-A11Y-023, KBDL-A11Y-024, KBDL-A11Y-025, KBDL-A11Y-026, KBDL-A11Y-027, KBDL-A11Y-028, KBDL-A11Y-029, KBDL-A11Y-030, KBDL-A11Y-031, KBDL-A11Y-032, KBDL-A11Y-033, KBDL-A11Y-034, KBDL-A11Y-037, KBDL-A11Y-040; Verified: KBDL-A11Y-007, KBDL-A11Y-008, KBDL-A11Y-009; Not applicable: KBDL-A11Y-019, KBDL-A11Y-036, KBDL-A11Y-038, KBDL-A11Y-039",Status bucket,Not verified,Exact per-ID mapping,Yes,PASS,None
KBDL-A11Y-033,Validation classification,"WCAG 2.2 Level A/AA baseline requirements (KBDL-A11Y-001 through KBDL-A11Y-010, KBDL-A11Y-012 through KBDL-A11Y-020, KBDL-A11Y-022 through KBDL-A11Y-034, KBDL-A11Y-036 through KBDL-A11Y-040)","Not verified: KBDL-A11Y-001, KBDL-A11Y-002, KBDL-A11Y-003, KBDL-A11Y-004, KBDL-A11Y-005, KBDL-A11Y-006, KBDL-A11Y-010, KBDL-A11Y-012, KBDL-A11Y-013, KBDL-A11Y-014, KBDL-A11Y-015, KBDL-A11Y-016, KBDL-A11Y-017, KBDL-A11Y-018, KBDL-A11Y-020, KBDL-A11Y-022, KBDL-A11Y-023, KBDL-A11Y-024, KBDL-A11Y-025, KBDL-A11Y-026, KBDL-A11Y-027, KBDL-A11Y-028, KBDL-A11Y-029, KBDL-A11Y-030, KBDL-A11Y-031, KBDL-A11Y-032, KBDL-A11Y-033, KBDL-A11Y-034, KBDL-A11Y-037, KBDL-A11Y-040; Verified: KBDL-A11Y-007, KBDL-A11Y-008, KBDL-A11Y-009; Not applicable: KBDL-A11Y-019, KBDL-A11Y-036, KBDL-A11Y-038, KBDL-A11Y-039",Status bucket,Not verified,Exact per-ID mapping,Yes,PASS,None
KBDL-A11Y-034,Validation classification,"WCAG 2.2 Level A/AA baseline requirements (KBDL-A11Y-001 through KBDL-A11Y-010, KBDL-A11Y-012 through KBDL-A11Y-020, KBDL-A11Y-022 through KBDL-A11Y-034, KBDL-A11Y-036 through KBDL-A11Y-040)","Not verified: KBDL-A11Y-001, KBDL-A11Y-002, KBDL-A11Y-003, KBDL-A11Y-004, KBDL-A11Y-005, KBDL-A11Y-006, KBDL-A11Y-010, KBDL-A11Y-012, KBDL-A11Y-013, KBDL-A11Y-014, KBDL-A11Y-015, KBDL-A11Y-016, KBDL-A11Y-017, KBDL-A11Y-018, KBDL-A11Y-020, KBDL-A11Y-022, KBDL-A11Y-023, KBDL-A11Y-024, KBDL-A11Y-025, KBDL-A11Y-026, KBDL-A11Y-027, KBDL-A11Y-028, KBDL-A11Y-029, KBDL-A11Y-030, KBDL-A11Y-031, KBDL-A11Y-032, KBDL-A11Y-033, KBDL-A11Y-034, KBDL-A11Y-037, KBDL-A11Y-040; Verified: KBDL-A11Y-007, KBDL-A11Y-008, KBDL-A11Y-009; Not applicable: KBDL-A11Y-019, KBDL-A11Y-036, KBDL-A11Y-038, KBDL-A11Y-039",Status bucket,Not verified,Exact per-ID mapping,Yes,PASS,None
KBDL-A11Y-036,Validation classification,"WCAG 2.2 Level A/AA baseline requirements (KBDL-A11Y-001 through KBDL-A11Y-010, KBDL-A11Y-012 through KBDL-A11Y-020, KBDL-A11Y-022 through KBDL-A11Y-034, KBDL-A11Y-036 through KBDL-A11Y-040)","Not verified: KBDL-A11Y-001, KBDL-A11Y-002, KBDL-A11Y-003, KBDL-A11Y-004, KBDL-A11Y-005, KBDL-A11Y-006, KBDL-A11Y-010, KBDL-A11Y-012, KBDL-A11Y-013, KBDL-A11Y-014, KBDL-A11Y-015, KBDL-A11Y-016, KBDL-A11Y-017, KBDL-A11Y-018, KBDL-A11Y-020, KBDL-A11Y-022, KBDL-A11Y-023, KBDL-A11Y-024, KBDL-A11Y-025, KBDL-A11Y-026, KBDL-A11Y-027, KBDL-A11Y-028, KBDL-A11Y-029, KBDL-A11Y-030, KBDL-A11Y-031, KBDL-A11Y-032, KBDL-A11Y-033, KBDL-A11Y-034, KBDL-A11Y-037, KBDL-A11Y-040; Verified: KBDL-A11Y-007, KBDL-A11Y-008, KBDL-A11Y-009; Not applicable: KBDL-A11Y-019, KBDL-A11Y-036, KBDL-A11Y-038, KBDL-A11Y-039",Status bucket,Not applicable,Exact per-ID mapping,Yes,PASS,None
KBDL-A11Y-037,Validation classification,"WCAG 2.2 Level A/AA baseline requirements (KBDL-A11Y-001 through KBDL-A11Y-010, KBDL-A11Y-012 through KBDL-A11Y-020, KBDL-A11Y-022 through KBDL-A11Y-034, KBDL-A11Y-036 through KBDL-A11Y-040)","Not verified: KBDL-A11Y-001, KBDL-A11Y-002, KBDL-A11Y-003, KBDL-A11Y-004, KBDL-A11Y-005, KBDL-A11Y-006, KBDL-A11Y-010, KBDL-A11Y-012, KBDL-A11Y-013, KBDL-A11Y-014, KBDL-A11Y-015, KBDL-A11Y-016, KBDL-A11Y-017, KBDL-A11Y-018, KBDL-A11Y-020, KBDL-A11Y-022, KBDL-A11Y-023, KBDL-A11Y-024, KBDL-A11Y-025, KBDL-A11Y-026, KBDL-A11Y-027, KBDL-A11Y-028, KBDL-A11Y-029, KBDL-A11Y-030, KBDL-A11Y-031, KBDL-A11Y-032, KBDL-A11Y-033, KBDL-A11Y-034, KBDL-A11Y-037, KBDL-A11Y-040; Verified: KBDL-A11Y-007, KBDL-A11Y-008, KBDL-A11Y-009; Not applicable: KBDL-A11Y-019, KBDL-A11Y-036, KBDL-A11Y-038, KBDL-A11Y-039",Status bucket,Not verified,Exact per-ID mapping,Yes,PASS,None
KBDL-A11Y-038,Validation classification,"WCAG 2.2 Level A/AA baseline requirements (KBDL-A11Y-001 through KBDL-A11Y-010, KBDL-A11Y-012 through KBDL-A11Y-020, KBDL-A11Y-022 through KBDL-A11Y-034, KBDL-A11Y-036 through KBDL-A11Y-040)","Not verified: KBDL-A11Y-001, KBDL-A11Y-002, KBDL-A11Y-003, KBDL-A11Y-004, KBDL-A11Y-005, KBDL-A11Y-006, KBDL-A11Y-010, KBDL-A11Y-012, KBDL-A11Y-013, KBDL-A11Y-014, KBDL-A11Y-015, KBDL-A11Y-016, KBDL-A11Y-017, KBDL-A11Y-018, KBDL-A11Y-020, KBDL-A11Y-022, KBDL-A11Y-023, KBDL-A11Y-024, KBDL-A11Y-025, KBDL-A11Y-026, KBDL-A11Y-027, KBDL-A11Y-028, KBDL-A11Y-029, KBDL-A11Y-030, KBDL-A11Y-031, KBDL-A11Y-032, KBDL-A11Y-033, KBDL-A11Y-034, KBDL-A11Y-037, KBDL-A11Y-040; Verified: KBDL-A11Y-007, KBDL-A11Y-008, KBDL-A11Y-009; Not applicable: KBDL-A11Y-019, KBDL-A11Y-036, KBDL-A11Y-038, KBDL-A11Y-039",Status bucket,Not applicable,Exact per-ID mapping,Yes,PASS,None
KBDL-A11Y-039,Validation classification,"WCAG 2.2 Level A/AA baseline requirements (KBDL-A11Y-001 through KBDL-A11Y-010, KBDL-A11Y-012 through KBDL-A11Y-020, KBDL-A11Y-022 through KBDL-A11Y-034, KBDL-A11Y-036 through KBDL-A11Y-040)","Not verified: KBDL-A11Y-001, KBDL-A11Y-002, KBDL-A11Y-003, KBDL-A11Y-004, KBDL-A11Y-005, KBDL-A11Y-006, KBDL-A11Y-010, KBDL-A11Y-012, KBDL-A11Y-013, KBDL-A11Y-014, KBDL-A11Y-015, KBDL-A11Y-016, KBDL-A11Y-017, KBDL-A11Y-018, KBDL-A11Y-020, KBDL-A11Y-022, KBDL-A11Y-023, KBDL-A11Y-024, KBDL-A11Y-025, KBDL-A11Y-026, KBDL-A11Y-027, KBDL-A11Y-028, KBDL-A11Y-029, KBDL-A11Y-030, KBDL-A11Y-031, KBDL-A11Y-032, KBDL-A11Y-033, KBDL-A11Y-034, KBDL-A11Y-037, KBDL-A11Y-040; Verified: KBDL-A11Y-007, KBDL-A11Y-008, KBDL-A11Y-009; Not applicable: KBDL-A11Y-019, KBDL-A11Y-036, KBDL-A11Y-038, KBDL-A11Y-039",Status bucket,Not applicable,Exact per-ID mapping,Yes,PASS,None
KBDL-A11Y-040,Validation classification,"WCAG 2.2 Level A/AA baseline requirements (KBDL-A11Y-001 through KBDL-A11Y-010, KBDL-A11Y-012 through KBDL-A11Y-020, KBDL-A11Y-022 through KBDL-A11Y-034, KBDL-A11Y-036 through KBDL-A11Y-040)","Not verified: KBDL-A11Y-001, KBDL-A11Y-002, KBDL-A11Y-003, KBDL-A11Y-004, KBDL-A11Y-005, KBDL-A11Y-006, KBDL-A11Y-010, KBDL-A11Y-012, KBDL-A11Y-013, KBDL-A11Y-014, KBDL-A11Y-015, KBDL-A11Y-016, KBDL-A11Y-017, KBDL-A11Y-018, KBDL-A11Y-020, KBDL-A11Y-022, KBDL-A11Y-023, KBDL-A11Y-024, KBDL-A11Y-025, KBDL-A11Y-026, KBDL-A11Y-027, KBDL-A11Y-028, KBDL-A11Y-029, KBDL-A11Y-030, KBDL-A11Y-031, KBDL-A11Y-032, KBDL-A11Y-033, KBDL-A11Y-034, KBDL-A11Y-037, KBDL-A11Y-040; Verified: KBDL-A11Y-007, KBDL-A11Y-008, KBDL-A11Y-009; Not applicable: KBDL-A11Y-019, KBDL-A11Y-036, KBDL-A11Y-038, KBDL-A11Y-039",Status bucket,Not verified,Exact per-ID mapping,Yes,PASS,None
KBDL-A11Y-021,Validation classification,"WCAG 2.2 Level A/AA baseline requirements (KBDL-A11Y-001 through KBDL-A11Y-010, KBDL-A11Y-012 through KBDL-A11Y-020, KBDL-A11Y-022 through KBDL-A11Y-034, KBDL-A11Y-036 through KBDL-A11Y-040)","Not verified: KBDL-A11Y-001, KBDL-A11Y-002, KBDL-A11Y-003, KBDL-A11Y-004, KBDL-A11Y-005, KBDL-A11Y-006, KBDL-A11Y-010, KBDL-A11Y-012, KBDL-A11Y-013, KBDL-A11Y-014, KBDL-A11Y-015, KBDL-A11Y-016, KBDL-A11Y-017, KBDL-A11Y-018, KBDL-A11Y-020, KBDL-A11Y-022, KBDL-A11Y-023, KBDL-A11Y-024, KBDL-A11Y-025, KBDL-A11Y-026, KBDL-A11Y-027, KBDL-A11Y-028, KBDL-A11Y-029, KBDL-A11Y-030, KBDL-A11Y-031, KBDL-A11Y-032, KBDL-A11Y-033, KBDL-A11Y-034, KBDL-A11Y-037, KBDL-A11Y-040; Verified: KBDL-A11Y-007, KBDL-A11Y-008, KBDL-A11Y-009; Not applicable: KBDL-A11Y-019, KBDL-A11Y-036, KBDL-A11Y-038, KBDL-A11Y-039",Status bucket,MISSING,Unresolved,Yes,FAIL,status bucket does not resolve this group member
KBDL-A11Y-035,Validation classification,"WCAG 2.2 Level A/AA baseline requirements (KBDL-A11Y-001 through KBDL-A11Y-010, KBDL-A11Y-012 through KBDL-A11Y-020, KBDL-A11Y-022 through KBDL-A11Y-034, KBDL-A11Y-036 through KBDL-A11Y-040)","Not verified: KBDL-A11Y-001, KBDL-A11Y-002, KBDL-A11Y-003, KBDL-A11Y-004, KBDL-A11Y-005, KBDL-A11Y-006, KBDL-A11Y-010, KBDL-A11Y-012, KBDL-A11Y-013, KBDL-A11Y-014, KBDL-A11Y-015, KBDL-A11Y-016, KBDL-A11Y-017, KBDL-A11Y-018, KBDL-A11Y-020, KBDL-A11Y-022, KBDL-A11Y-023, KBDL-A11Y-024, KBDL-A11Y-025, KBDL-A11Y-026, KBDL-A11Y-027, KBDL-A11Y-028, KBDL-A11Y-029, KBDL-A11Y-030, KBDL-A11Y-031, KBDL-A11Y-032, KBDL-A11Y-033, KBDL-A11Y-034, KBDL-A11Y-037, KBDL-A11Y-040; Verified: KBDL-A11Y-007, KBDL-A11Y-008, KBDL-A11Y-009; Not applicable: KBDL-A11Y-019, KBDL-A11Y-036, KBDL-A11Y-038, KBDL-A11Y-039",Status bucket,MISSING,Unresolved,Yes,FAIL,status bucket does not resolve this group member
KBDL-A11Y-001,Authority,"WCAG 2.2 Level A/AA baseline requirements (KBDL-A11Y-001 through KBDL-A11Y-010, KBDL-A11Y-012 through KBDL-A11Y-020, KBDL-A11Y-022 through KBDL-A11Y-034, KBDL-A11Y-036 through KBDL-A11Y-040)",MISSING,Missing,MISSING,Missing,No,PASS,None
KBDL-A11Y-002,Authority,"WCAG 2.2 Level A/AA baseline requirements (KBDL-A11Y-001 through KBDL-A11Y-010, KBDL-A11Y-012 through KBDL-A11Y-020, KBDL-A11Y-022 through KBDL-A11Y-034, KBDL-A11Y-036 through KBDL-A11Y-040)",MISSING,Missing,MISSING,Missing,No,PASS,None
KBDL-A11Y-003,Authority,"WCAG 2.2 Level A/AA baseline requirements (KBDL-A11Y-001 through KBDL-A11Y-010, KBDL-A11Y-012 through KBDL-A11Y-020, KBDL-A11Y-022 through KBDL-A11Y-034, KBDL-A11Y-036 through KBDL-A11Y-040)",MISSING,Missing,MISSING,Missing,No,PASS,None
KBDL-A11Y-004,Authority,"WCAG 2.2 Level A/AA baseline requirements (KBDL-A11Y-001 through KBDL-A11Y-010, KBDL-A11Y-012 through KBDL-A11Y-020, KBDL-A11Y-022 through KBDL-A11Y-034, KBDL-A11Y-036 through KBDL-A11Y-040)",MISSING,Missing,MISSING,Missing,No,PASS,None
KBDL-A11Y-005,Authority,"WCAG 2.2 Level A/AA baseline requirements (KBDL-A11Y-001 through KBDL-A11Y-010, KBDL-A11Y-012 through KBDL-A11Y-020, KBDL-A11Y-022 through KBDL-A11Y-034, KBDL-A11Y-036 through KBDL-A11Y-040)",MISSING,Missing,MISSING,Missing,No,PASS,None
KBDL-A11Y-006,Authority,"WCAG 2.2 Level A/AA baseline requirements (KBDL-A11Y-001 through KBDL-A11Y-010, KBDL-A11Y-012 through KBDL-A11Y-020, KBDL-A11Y-022 through KBDL-A11Y-034, KBDL-A11Y-036 through KBDL-A11Y-040)",MISSING,Missing,MISSING,Missing,No,PASS,None
KBDL-A11Y-007,Authority,"WCAG 2.2 Level A/AA baseline requirements (KBDL-A11Y-001 through KBDL-A11Y-010, KBDL-A11Y-012 through KBDL-A11Y-020, KBDL-A11Y-022 through KBDL-A11Y-034, KBDL-A11Y-036 through KBDL-A11Y-040)",MISSING,Missing,MISSING,Missing,No,PASS,None
KBDL-A11Y-008,Authority,"WCAG 2.2 Level A/AA baseline requirements (KBDL-A11Y-001 through KBDL-A11Y-010, KBDL-A11Y-012 through KBDL-A11Y-020, KBDL-A11Y-022 through KBDL-A11Y-034, KBDL-A11Y-036 through KBDL-A11Y-040)",MISSING,Missing,MISSING,Missing,No,PASS,None
KBDL-A11Y-009,Authority,"WCAG 2.2 Level A/AA baseline requirements (KBDL-A11Y-001 through KBDL-A11Y-010, KBDL-A11Y-012 through KBDL-A11Y-020, KBDL-A11Y-022 through KBDL-A11Y-034, KBDL-A11Y-036 through KBDL-A11Y-040)",MISSING,Missing,MISSING,Missing,No,PASS,None
KBDL-A11Y-010,Authority,"WCAG 2.2 Level A/AA baseline requirements (KBDL-A11Y-001 through KBDL-A11Y-010, KBDL-A11Y-012 through KBDL-A11Y-020, KBDL-A11Y-022 through KBDL-A11Y-034, KBDL-A11Y-036 through KBDL-A11Y-040)",MISSING,Missing,MISSING,Missing,No,PASS,None
KBDL-A11Y-012,Authority,"WCAG 2.2 Level A/AA baseline requirements (KBDL-A11Y-001 through KBDL-A11Y-010, KBDL-A11Y-012 through KBDL-A11Y-020, KBDL-A11Y-022 through KBDL-A11Y-034, KBDL-A11Y-036 through KBDL-A11Y-040)",MISSING,Missing,MISSING,Missing,No,PASS,None
KBDL-A11Y-013,Authority,"WCAG 2.2 Level A/AA baseline requirements (KBDL-A11Y-001 through KBDL-A11Y-010, KBDL-A11Y-012 through KBDL-A11Y-020, KBDL-A11Y-022 through KBDL-A11Y-034, KBDL-A11Y-036 through KBDL-A11Y-040)",MISSING,Missing,MISSING,Missing,No,PASS,None
KBDL-A11Y-014,Authority,"WCAG 2.2 Level A/AA baseline requirements (KBDL-A11Y-001 through KBDL-A11Y-010, KBDL-A11Y-012 through KBDL-A11Y-020, KBDL-A11Y-022 through KBDL-A11Y-034, KBDL-A11Y-036 through KBDL-A11Y-040)",MISSING,Missing,MISSING,Missing,No,PASS,None
KBDL-A11Y-015,Authority,"WCAG 2.2 Level A/AA baseline requirements (KBDL-A11Y-001 through KBDL-A11Y-010, KBDL-A11Y-012 through KBDL-A11Y-020, KBDL-A11Y-022 through KBDL-A11Y-034, KBDL-A11Y-036 through KBDL-A11Y-040)",MISSING,Missing,MISSING,Missing,No,PASS,None
KBDL-A11Y-016,Authority,"WCAG 2.2 Level A/AA baseline requirements (KBDL-A11Y-001 through KBDL-A11Y-010, KBDL-A11Y-012 through KBDL-A11Y-020, KBDL-A11Y-022 through KBDL-A11Y-034, KBDL-A11Y-036 through KBDL-A11Y-040)",MISSING,Missing,MISSING,Missing,No,PASS,None
KBDL-A11Y-017,Authority,"WCAG 2.2 Level A/AA baseline requirements (KBDL-A11Y-001 through KBDL-A11Y-010, KBDL-A11Y-012 through KBDL-A11Y-020, KBDL-A11Y-022 through KBDL-A11Y-034, KBDL-A11Y-036 through KBDL-A11Y-040)",MISSING,Missing,MISSING,Missing,No,PASS,None
KBDL-A11Y-018,Authority,"WCAG 2.2 Level A/AA baseline requirements (KBDL-A11Y-001 through KBDL-A11Y-010, KBDL-A11Y-012 through KBDL-A11Y-020, KBDL-A11Y-022 through KBDL-A11Y-034, KBDL-A11Y-036 through KBDL-A11Y-040)",MISSING,Missing,MISSING,Missing,No,PASS,None
KBDL-A11Y-019,Authority,"WCAG 2.2 Level A/AA baseline requirements (KBDL-A11Y-001 through KBDL-A11Y-010, KBDL-A11Y-012 through KBDL-A11Y-020, KBDL-A11Y-022 through KBDL-A11Y-034, KBDL-A11Y-036 through KBDL-A11Y-040)",MISSING,Missing,MISSING,Missing,No,PASS,None
KBDL-A11Y-020,Authority,"WCAG 2.2 Level A/AA baseline requirements (KBDL-A11Y-001 through KBDL-A11Y-010, KBDL-A11Y-012 through KBDL-A11Y-020, KBDL-A11Y-022 through KBDL-A11Y-034, KBDL-A11Y-036 through KBDL-A11Y-040)",MISSING,Missing,MISSING,Missing,No,PASS,None
KBDL-A11Y-022,Authority,"WCAG 2.2 Level A/AA baseline requirements (KBDL-A11Y-001 through KBDL-A11Y-010, KBDL-A11Y-012 through KBDL-A11Y-020, KBDL-A11Y-022 through KBDL-A11Y-034, KBDL-A11Y-036 through KBDL-A11Y-040)",MISSING,Missing,MISSING,Missing,No,PASS,None
KBDL-A11Y-023,Authority,"WCAG 2.2 Level A/AA baseline requirements (KBDL-A11Y-001 through KBDL-A11Y-010, KBDL-A11Y-012 through KBDL-A11Y-020, KBDL-A11Y-022 through KBDL-A11Y-034, KBDL-A11Y-036 through KBDL-A11Y-040)",MISSING,Missing,MISSING,Missing,No,PASS,None
KBDL-A11Y-024,Authority,"WCAG 2.2 Level A/AA baseline requirements (KBDL-A11Y-001 through KBDL-A11Y-010, KBDL-A11Y-012 through KBDL-A11Y-020, KBDL-A11Y-022 through KBDL-A11Y-034, KBDL-A11Y-036 through KBDL-A11Y-040)",MISSING,Missing,MISSING,Missing,No,PASS,None
KBDL-A11Y-025,Authority,"WCAG 2.2 Level A/AA baseline requirements (KBDL-A11Y-001 through KBDL-A11Y-010, KBDL-A11Y-012 through KBDL-A11Y-020, KBDL-A11Y-022 through KBDL-A11Y-034, KBDL-A11Y-036 through KBDL-A11Y-040)",MISSING,Missing,MISSING,Missing,No,PASS,None
KBDL-A11Y-026,Authority,"WCAG 2.2 Level A/AA baseline requirements (KBDL-A11Y-001 through KBDL-A11Y-010, KBDL-A11Y-012 through KBDL-A11Y-020, KBDL-A11Y-022 through KBDL-A11Y-034, KBDL-A11Y-036 through KBDL-A11Y-040)",MISSING,Missing,MISSING,Missing,No,PASS,None
KBDL-A11Y-027,Authority,"WCAG 2.2 Level A/AA baseline requirements (KBDL-A11Y-001 through KBDL-A11Y-010, KBDL-A11Y-012 through KBDL-A11Y-020, KBDL-A11Y-022 through KBDL-A11Y-034, KBDL-A11Y-036 through KBDL-A11Y-040)",MISSING,Missing,MISSING,Missing,No,PASS,None
KBDL-A11Y-028,Authority,"WCAG 2.2 Level A/AA baseline requirements (KBDL-A11Y-001 through KBDL-A11Y-010, KBDL-A11Y-012 through KBDL-A11Y-020, KBDL-A11Y-022 through KBDL-A11Y-034, KBDL-A11Y-036 through KBDL-A11Y-040)",MISSING,Missing,MISSING,Missing,No,PASS,None
KBDL-A11Y-029,Authority,"WCAG 2.2 Level A/AA baseline requirements (KBDL-A11Y-001 through KBDL-A11Y-010, KBDL-A11Y-012 through KBDL-A11Y-020, KBDL-A11Y-022 through KBDL-A11Y-034, KBDL-A11Y-036 through KBDL-A11Y-040)",MISSING,Missing,MISSING,Missing,No,PASS,None
KBDL-A11Y-030,Authority,"WCAG 2.2 Level A/AA baseline requirements (KBDL-A11Y-001 through KBDL-A11Y-010, KBDL-A11Y-012 through KBDL-A11Y-020, KBDL-A11Y-022 through KBDL-A11Y-034, KBDL-A11Y-036 through KBDL-A11Y-040)",MISSING,Missing,MISSING,Missing,No,PASS,None
KBDL-A11Y-031,Authority,"WCAG 2.2 Level A/AA baseline requirements (KBDL-A11Y-001 through KBDL-A11Y-010, KBDL-A11Y-012 through KBDL-A11Y-020, KBDL-A11Y-022 through KBDL-A11Y-034, KBDL-A11Y-036 through KBDL-A11Y-040)",MISSING,Missing,MISSING,Missing,No,PASS,None
KBDL-A11Y-032,Authority,"WCAG 2.2 Level A/AA baseline requirements (KBDL-A11Y-001 through KBDL-A11Y-010, KBDL-A11Y-012 through KBDL-A11Y-020, KBDL-A11Y-022 through KBDL-A11Y-034, KBDL-A11Y-036 through KBDL-A11Y-040)",MISSING,Missing,MISSING,Missing,No,PASS,None
KBDL-A11Y-033,Authority,"WCAG 2.2 Level A/AA baseline requirements (KBDL-A11Y-001 through KBDL-A11Y-010, KBDL-A11Y-012 through KBDL-A11Y-020, KBDL-A11Y-022 through KBDL-A11Y-034, KBDL-A11Y-036 through KBDL-A11Y-040)",MISSING,Missing,MISSING,Missing,No,PASS,None
KBDL-A11Y-034,Authority,"WCAG 2.2 Level A/AA baseline requirements (KBDL-A11Y-001 through KBDL-A11Y-010, KBDL-A11Y-012 through KBDL-A11Y-020, KBDL-A11Y-022 through KBDL-A11Y-034, KBDL-A11Y-036 through KBDL-A11Y-040)",MISSING,Missing,MISSING,Missing,No,PASS,None
KBDL-A11Y-036,Authority,"WCAG 2.2 Level A/AA baseline requirements (KBDL-A11Y-001 through KBDL-A11Y-010, KBDL-A11Y-012 through KBDL-A11Y-020, KBDL-A11Y-022 through KBDL-A11Y-034, KBDL-A11Y-036 through KBDL-A11Y-040)",MISSING,Missing,MISSING,Missing,No,PASS,None
KBDL-A11Y-037,Authority,"WCAG 2.2 Level A/AA baseline requirements (KBDL-A11Y-001 through KBDL-A11Y-010, KBDL-A11Y-012 through KBDL-A11Y-020, KBDL-A11Y-022 through KBDL-A11Y-034, KBDL-A11Y-036 through KBDL-A11Y-040)",MISSING,Missing,MISSING,Missing,No,PASS,None
KBDL-A11Y-038,Authority,"WCAG 2.2 Level A/AA baseline requirements (KBDL-A11Y-001 through KBDL-A11Y-010, KBDL-A11Y-012 through KBDL-A11Y-020, KBDL-A11Y-022 through KBDL-A11Y-034, KBDL-A11Y-036 through KBDL-A11Y-040)",MISSING,Missing,MISSING,Missing,No,PASS,None
KBDL-A11Y-039,Authority,"WCAG 2.2 Level A/AA baseline requirements (KBDL-A11Y-001 through KBDL-A11Y-010, KBDL-A11Y-012 through KBDL-A11Y-020, KBDL-A11Y-022 through KBDL-A11Y-034, KBDL-A11Y-036 through KBDL-A11Y-040)",MISSING,Missing,MISSING,Missing,No,PASS,None
KBDL-A11Y-040,Authority,"WCAG 2.2 Level A/AA baseline requirements (KBDL-A11Y-001 through KBDL-A11Y-010, KBDL-A11Y-012 through KBDL-A11Y-020, KBDL-A11Y-022 through KBDL-A11Y-034, KBDL-A11Y-036 through KBDL-A11Y-040)",MISSING,Missing,MISSING,Missing,No,PASS,None
KBDL-A11Y-021,Authority,"WCAG 2.2 Level A/AA baseline requirements (KBDL-A11Y-001 through KBDL-A11Y-010, KBDL-A11Y-012 through KBDL-A11Y-020, KBDL-A11Y-022 through KBDL-A11Y-034, KBDL-A11Y-036 through KBDL-A11Y-040)",MISSING,Missing,MISSING,Missing,No,PASS,None
KBDL-A11Y-035,Authority,"WCAG 2.2 Level A/AA baseline requirements (KBDL-A11Y-001 through KBDL-A11Y-010, KBDL-A11Y-012 through KBDL-A11Y-020, KBDL-A11Y-022 through KBDL-A11Y-034, KBDL-A11Y-036 through KBDL-A11Y-040)",MISSING,Missing,MISSING,Missing,No,PASS,None
KBDL-A11Y-001,Validation method,"WCAG 2.2 Level A/AA baseline requirements (KBDL-A11Y-001 through KBDL-A11Y-010, KBDL-A11Y-012 through KBDL-A11Y-020, KBDL-A11Y-022 through KBDL-A11Y-034, KBDL-A11Y-036 through KBDL-A11Y-040)","WCAG relative-luminance contrast calculation (completed for contrast/focus rows); manual + automated static accessibility review, keyboard testing, screen-reader testing, and flash analysis (all pending an implementation).",Broad descriptive summary,"WCAG relative-luminance contrast calculation (completed for contrast/focus rows); manual + automated static accessibility review, keyboard testing, screen-reader testing, and flash analysis (all pending an implementation).",Non-overriding summary,No,PASS,None
KBDL-A11Y-002,Validation method,"WCAG 2.2 Level A/AA baseline requirements (KBDL-A11Y-001 through KBDL-A11Y-010, KBDL-A11Y-012 through KBDL-A11Y-020, KBDL-A11Y-022 through KBDL-A11Y-034, KBDL-A11Y-036 through KBDL-A11Y-040)","WCAG relative-luminance contrast calculation (completed for contrast/focus rows); manual + automated static accessibility review, keyboard testing, screen-reader testing, and flash analysis (all pending an implementation).",Broad descriptive summary,"WCAG relative-luminance contrast calculation (completed for contrast/focus rows); manual + automated static accessibility review, keyboard testing, screen-reader testing, and flash analysis (all pending an implementation).",Non-overriding summary,No,PASS,None
KBDL-A11Y-003,Validation method,"WCAG 2.2 Level A/AA baseline requirements (KBDL-A11Y-001 through KBDL-A11Y-010, KBDL-A11Y-012 through KBDL-A11Y-020, KBDL-A11Y-022 through KBDL-A11Y-034, KBDL-A11Y-036 through KBDL-A11Y-040)","WCAG relative-luminance contrast calculation (completed for contrast/focus rows); manual + automated static accessibility review, keyboard testing, screen-reader testing, and flash analysis (all pending an implementation).",Broad descriptive summary,"WCAG relative-luminance contrast calculation (completed for contrast/focus rows); manual + automated static accessibility review, keyboard testing, screen-reader testing, and flash analysis (all pending an implementation).",Non-overriding summary,No,PASS,None
KBDL-A11Y-004,Validation method,"WCAG 2.2 Level A/AA baseline requirements (KBDL-A11Y-001 through KBDL-A11Y-010, KBDL-A11Y-012 through KBDL-A11Y-020, KBDL-A11Y-022 through KBDL-A11Y-034, KBDL-A11Y-036 through KBDL-A11Y-040)","WCAG relative-luminance contrast calculation (completed for contrast/focus rows); manual + automated static accessibility review, keyboard testing, screen-reader testing, and flash analysis (all pending an implementation).",Broad descriptive summary,"WCAG relative-luminance contrast calculation (completed for contrast/focus rows); manual + automated static accessibility review, keyboard testing, screen-reader testing, and flash analysis (all pending an implementation).",Non-overriding summary,No,PASS,None
KBDL-A11Y-005,Validation method,"WCAG 2.2 Level A/AA baseline requirements (KBDL-A11Y-001 through KBDL-A11Y-010, KBDL-A11Y-012 through KBDL-A11Y-020, KBDL-A11Y-022 through KBDL-A11Y-034, KBDL-A11Y-036 through KBDL-A11Y-040)","WCAG relative-luminance contrast calculation (completed for contrast/focus rows); manual + automated static accessibility review, keyboard testing, screen-reader testing, and flash analysis (all pending an implementation).",Broad descriptive summary,"WCAG relative-luminance contrast calculation (completed for contrast/focus rows); manual + automated static accessibility review, keyboard testing, screen-reader testing, and flash analysis (all pending an implementation).",Non-overriding summary,No,PASS,None
KBDL-A11Y-006,Validation method,"WCAG 2.2 Level A/AA baseline requirements (KBDL-A11Y-001 through KBDL-A11Y-010, KBDL-A11Y-012 through KBDL-A11Y-020, KBDL-A11Y-022 through KBDL-A11Y-034, KBDL-A11Y-036 through KBDL-A11Y-040)","WCAG relative-luminance contrast calculation (completed for contrast/focus rows); manual + automated static accessibility review, keyboard testing, screen-reader testing, and flash analysis (all pending an implementation).",Broad descriptive summary,"WCAG relative-luminance contrast calculation (completed for contrast/focus rows); manual + automated static accessibility review, keyboard testing, screen-reader testing, and flash analysis (all pending an implementation).",Non-overriding summary,No,PASS,None
KBDL-A11Y-007,Validation method,"WCAG 2.2 Level A/AA baseline requirements (KBDL-A11Y-001 through KBDL-A11Y-010, KBDL-A11Y-012 through KBDL-A11Y-020, KBDL-A11Y-022 through KBDL-A11Y-034, KBDL-A11Y-036 through KBDL-A11Y-040)","WCAG relative-luminance contrast calculation (completed for contrast/focus rows); manual + automated static accessibility review, keyboard testing, screen-reader testing, and flash analysis (all pending an implementation).",Broad descriptive summary,"WCAG relative-luminance contrast calculation (completed for contrast/focus rows); manual + automated static accessibility review, keyboard testing, screen-reader testing, and flash analysis (all pending an implementation).",Non-overriding summary,No,PASS,None
KBDL-A11Y-008,Validation method,"WCAG 2.2 Level A/AA baseline requirements (KBDL-A11Y-001 through KBDL-A11Y-010, KBDL-A11Y-012 through KBDL-A11Y-020, KBDL-A11Y-022 through KBDL-A11Y-034, KBDL-A11Y-036 through KBDL-A11Y-040)","WCAG relative-luminance contrast calculation (completed for contrast/focus rows); manual + automated static accessibility review, keyboard testing, screen-reader testing, and flash analysis (all pending an implementation).",Broad descriptive summary,"WCAG relative-luminance contrast calculation (completed for contrast/focus rows); manual + automated static accessibility review, keyboard testing, screen-reader testing, and flash analysis (all pending an implementation).",Non-overriding summary,No,PASS,None
KBDL-A11Y-009,Validation method,"WCAG 2.2 Level A/AA baseline requirements (KBDL-A11Y-001 through KBDL-A11Y-010, KBDL-A11Y-012 through KBDL-A11Y-020, KBDL-A11Y-022 through KBDL-A11Y-034, KBDL-A11Y-036 through KBDL-A11Y-040)","WCAG relative-luminance contrast calculation (completed for contrast/focus rows); manual + automated static accessibility review, keyboard testing, screen-reader testing, and flash analysis (all pending an implementation).",Broad descriptive summary,"WCAG relative-luminance contrast calculation (completed for contrast/focus rows); manual + automated static accessibility review, keyboard testing, screen-reader testing, and flash analysis (all pending an implementation).",Non-overriding summary,No,PASS,None
KBDL-A11Y-010,Validation method,"WCAG 2.2 Level A/AA baseline requirements (KBDL-A11Y-001 through KBDL-A11Y-010, KBDL-A11Y-012 through KBDL-A11Y-020, KBDL-A11Y-022 through KBDL-A11Y-034, KBDL-A11Y-036 through KBDL-A11Y-040)","WCAG relative-luminance contrast calculation (completed for contrast/focus rows); manual + automated static accessibility review, keyboard testing, screen-reader testing, and flash analysis (all pending an implementation).",Broad descriptive summary,"WCAG relative-luminance contrast calculation (completed for contrast/focus rows); manual + automated static accessibility review, keyboard testing, screen-reader testing, and flash analysis (all pending an implementation).",Non-overriding summary,No,PASS,None
KBDL-A11Y-012,Validation method,"WCAG 2.2 Level A/AA baseline requirements (KBDL-A11Y-001 through KBDL-A11Y-010, KBDL-A11Y-012 through KBDL-A11Y-020, KBDL-A11Y-022 through KBDL-A11Y-034, KBDL-A11Y-036 through KBDL-A11Y-040)","WCAG relative-luminance contrast calculation (completed for contrast/focus rows); manual + automated static accessibility review, keyboard testing, screen-reader testing, and flash analysis (all pending an implementation).",Broad descriptive summary,"WCAG relative-luminance contrast calculation (completed for contrast/focus rows); manual + automated static accessibility review, keyboard testing, screen-reader testing, and flash analysis (all pending an implementation).",Non-overriding summary,No,PASS,None
KBDL-A11Y-013,Validation method,"WCAG 2.2 Level A/AA baseline requirements (KBDL-A11Y-001 through KBDL-A11Y-010, KBDL-A11Y-012 through KBDL-A11Y-020, KBDL-A11Y-022 through KBDL-A11Y-034, KBDL-A11Y-036 through KBDL-A11Y-040)","WCAG relative-luminance contrast calculation (completed for contrast/focus rows); manual + automated static accessibility review, keyboard testing, screen-reader testing, and flash analysis (all pending an implementation).",Broad descriptive summary,"WCAG relative-luminance contrast calculation (completed for contrast/focus rows); manual + automated static accessibility review, keyboard testing, screen-reader testing, and flash analysis (all pending an implementation).",Non-overriding summary,No,PASS,None
KBDL-A11Y-014,Validation method,"WCAG 2.2 Level A/AA baseline requirements (KBDL-A11Y-001 through KBDL-A11Y-010, KBDL-A11Y-012 through KBDL-A11Y-020, KBDL-A11Y-022 through KBDL-A11Y-034, KBDL-A11Y-036 through KBDL-A11Y-040)","WCAG relative-luminance contrast calculation (completed for contrast/focus rows); manual + automated static accessibility review, keyboard testing, screen-reader testing, and flash analysis (all pending an implementation).",Broad descriptive summary,"WCAG relative-luminance contrast calculation (completed for contrast/focus rows); manual + automated static accessibility review, keyboard testing, screen-reader testing, and flash analysis (all pending an implementation).",Non-overriding summary,No,PASS,None
KBDL-A11Y-015,Validation method,"WCAG 2.2 Level A/AA baseline requirements (KBDL-A11Y-001 through KBDL-A11Y-010, KBDL-A11Y-012 through KBDL-A11Y-020, KBDL-A11Y-022 through KBDL-A11Y-034, KBDL-A11Y-036 through KBDL-A11Y-040)","WCAG relative-luminance contrast calculation (completed for contrast/focus rows); manual + automated static accessibility review, keyboard testing, screen-reader testing, and flash analysis (all pending an implementation).",Broad descriptive summary,"WCAG relative-luminance contrast calculation (completed for contrast/focus rows); manual + automated static accessibility review, keyboard testing, screen-reader testing, and flash analysis (all pending an implementation).",Non-overriding summary,No,PASS,None
KBDL-A11Y-016,Validation method,"WCAG 2.2 Level A/AA baseline requirements (KBDL-A11Y-001 through KBDL-A11Y-010, KBDL-A11Y-012 through KBDL-A11Y-020, KBDL-A11Y-022 through KBDL-A11Y-034, KBDL-A11Y-036 through KBDL-A11Y-040)","WCAG relative-luminance contrast calculation (completed for contrast/focus rows); manual + automated static accessibility review, keyboard testing, screen-reader testing, and flash analysis (all pending an implementation).",Broad descriptive summary,"WCAG relative-luminance contrast calculation (completed for contrast/focus rows); manual + automated static accessibility review, keyboard testing, screen-reader testing, and flash analysis (all pending an implementation).",Non-overriding summary,No,PASS,None
KBDL-A11Y-017,Validation method,"WCAG 2.2 Level A/AA baseline requirements (KBDL-A11Y-001 through KBDL-A11Y-010, KBDL-A11Y-012 through KBDL-A11Y-020, KBDL-A11Y-022 through KBDL-A11Y-034, KBDL-A11Y-036 through KBDL-A11Y-040)","WCAG relative-luminance contrast calculation (completed for contrast/focus rows); manual + automated static accessibility review, keyboard testing, screen-reader testing, and flash analysis (all pending an implementation).",Broad descriptive summary,"WCAG relative-luminance contrast calculation (completed for contrast/focus rows); manual + automated static accessibility review, keyboard testing, screen-reader testing, and flash analysis (all pending an implementation).",Non-overriding summary,No,PASS,None
KBDL-A11Y-018,Validation method,"WCAG 2.2 Level A/AA baseline requirements (KBDL-A11Y-001 through KBDL-A11Y-010, KBDL-A11Y-012 through KBDL-A11Y-020, KBDL-A11Y-022 through KBDL-A11Y-034, KBDL-A11Y-036 through KBDL-A11Y-040)","WCAG relative-luminance contrast calculation (completed for contrast/focus rows); manual + automated static accessibility review, keyboard testing, screen-reader testing, and flash analysis (all pending an implementation).",Broad descriptive summary,"WCAG relative-luminance contrast calculation (completed for contrast/focus rows); manual + automated static accessibility review, keyboard testing, screen-reader testing, and flash analysis (all pending an implementation).",Non-overriding summary,No,PASS,None
KBDL-A11Y-019,Validation method,"WCAG 2.2 Level A/AA baseline requirements (KBDL-A11Y-001 through KBDL-A11Y-010, KBDL-A11Y-012 through KBDL-A11Y-020, KBDL-A11Y-022 through KBDL-A11Y-034, KBDL-A11Y-036 through KBDL-A11Y-040)","WCAG relative-luminance contrast calculation (completed for contrast/focus rows); manual + automated static accessibility review, keyboard testing, screen-reader testing, and flash analysis (all pending an implementation).",Broad descriptive summary,"WCAG relative-luminance contrast calculation (completed for contrast/focus rows); manual + automated static accessibility review, keyboard testing, screen-reader testing, and flash analysis (all pending an implementation).",Non-overriding summary,No,PASS,None
KBDL-A11Y-020,Validation method,"WCAG 2.2 Level A/AA baseline requirements (KBDL-A11Y-001 through KBDL-A11Y-010, KBDL-A11Y-012 through KBDL-A11Y-020, KBDL-A11Y-022 through KBDL-A11Y-034, KBDL-A11Y-036 through KBDL-A11Y-040)","WCAG relative-luminance contrast calculation (completed for contrast/focus rows); manual + automated static accessibility review, keyboard testing, screen-reader testing, and flash analysis (all pending an implementation).",Broad descriptive summary,"WCAG relative-luminance contrast calculation (completed for contrast/focus rows); manual + automated static accessibility review, keyboard testing, screen-reader testing, and flash analysis (all pending an implementation).",Non-overriding summary,No,PASS,None
KBDL-A11Y-022,Validation method,"WCAG 2.2 Level A/AA baseline requirements (KBDL-A11Y-001 through KBDL-A11Y-010, KBDL-A11Y-012 through KBDL-A11Y-020, KBDL-A11Y-022 through KBDL-A11Y-034, KBDL-A11Y-036 through KBDL-A11Y-040)","WCAG relative-luminance contrast calculation (completed for contrast/focus rows); manual + automated static accessibility review, keyboard testing, screen-reader testing, and flash analysis (all pending an implementation).",Broad descriptive summary,"WCAG relative-luminance contrast calculation (completed for contrast/focus rows); manual + automated static accessibility review, keyboard testing, screen-reader testing, and flash analysis (all pending an implementation).",Non-overriding summary,No,PASS,None
KBDL-A11Y-023,Validation method,"WCAG 2.2 Level A/AA baseline requirements (KBDL-A11Y-001 through KBDL-A11Y-010, KBDL-A11Y-012 through KBDL-A11Y-020, KBDL-A11Y-022 through KBDL-A11Y-034, KBDL-A11Y-036 through KBDL-A11Y-040)","WCAG relative-luminance contrast calculation (completed for contrast/focus rows); manual + automated static accessibility review, keyboard testing, screen-reader testing, and flash analysis (all pending an implementation).",Broad descriptive summary,"WCAG relative-luminance contrast calculation (completed for contrast/focus rows); manual + automated static accessibility review, keyboard testing, screen-reader testing, and flash analysis (all pending an implementation).",Non-overriding summary,No,PASS,None
KBDL-A11Y-024,Validation method,"WCAG 2.2 Level A/AA baseline requirements (KBDL-A11Y-001 through KBDL-A11Y-010, KBDL-A11Y-012 through KBDL-A11Y-020, KBDL-A11Y-022 through KBDL-A11Y-034, KBDL-A11Y-036 through KBDL-A11Y-040)","WCAG relative-luminance contrast calculation (completed for contrast/focus rows); manual + automated static accessibility review, keyboard testing, screen-reader testing, and flash analysis (all pending an implementation).",Broad descriptive summary,"WCAG relative-luminance contrast calculation (completed for contrast/focus rows); manual + automated static accessibility review, keyboard testing, screen-reader testing, and flash analysis (all pending an implementation).",Non-overriding summary,No,PASS,None
KBDL-A11Y-025,Validation method,"WCAG 2.2 Level A/AA baseline requirements (KBDL-A11Y-001 through KBDL-A11Y-010, KBDL-A11Y-012 through KBDL-A11Y-020, KBDL-A11Y-022 through KBDL-A11Y-034, KBDL-A11Y-036 through KBDL-A11Y-040)","WCAG relative-luminance contrast calculation (completed for contrast/focus rows); manual + automated static accessibility review, keyboard testing, screen-reader testing, and flash analysis (all pending an implementation).",Broad descriptive summary,"WCAG relative-luminance contrast calculation (completed for contrast/focus rows); manual + automated static accessibility review, keyboard testing, screen-reader testing, and flash analysis (all pending an implementation).",Non-overriding summary,No,PASS,None
KBDL-A11Y-026,Validation method,"WCAG 2.2 Level A/AA baseline requirements (KBDL-A11Y-001 through KBDL-A11Y-010, KBDL-A11Y-012 through KBDL-A11Y-020, KBDL-A11Y-022 through KBDL-A11Y-034, KBDL-A11Y-036 through KBDL-A11Y-040)","WCAG relative-luminance contrast calculation (completed for contrast/focus rows); manual + automated static accessibility review, keyboard testing, screen-reader testing, and flash analysis (all pending an implementation).",Broad descriptive summary,"WCAG relative-luminance contrast calculation (completed for contrast/focus rows); manual + automated static accessibility review, keyboard testing, screen-reader testing, and flash analysis (all pending an implementation).",Non-overriding summary,No,PASS,None
KBDL-A11Y-027,Validation method,"WCAG 2.2 Level A/AA baseline requirements (KBDL-A11Y-001 through KBDL-A11Y-010, KBDL-A11Y-012 through KBDL-A11Y-020, KBDL-A11Y-022 through KBDL-A11Y-034, KBDL-A11Y-036 through KBDL-A11Y-040)","WCAG relative-luminance contrast calculation (completed for contrast/focus rows); manual + automated static accessibility review, keyboard testing, screen-reader testing, and flash analysis (all pending an implementation).",Broad descriptive summary,"WCAG relative-luminance contrast calculation (completed for contrast/focus rows); manual + automated static accessibility review, keyboard testing, screen-reader testing, and flash analysis (all pending an implementation).",Non-overriding summary,No,PASS,None
KBDL-A11Y-028,Validation method,"WCAG 2.2 Level A/AA baseline requirements (KBDL-A11Y-001 through KBDL-A11Y-010, KBDL-A11Y-012 through KBDL-A11Y-020, KBDL-A11Y-022 through KBDL-A11Y-034, KBDL-A11Y-036 through KBDL-A11Y-040)","WCAG relative-luminance contrast calculation (completed for contrast/focus rows); manual + automated static accessibility review, keyboard testing, screen-reader testing, and flash analysis (all pending an implementation).",Broad descriptive summary,"WCAG relative-luminance contrast calculation (completed for contrast/focus rows); manual + automated static accessibility review, keyboard testing, screen-reader testing, and flash analysis (all pending an implementation).",Non-overriding summary,No,PASS,None
KBDL-A11Y-029,Validation method,"WCAG 2.2 Level A/AA baseline requirements (KBDL-A11Y-001 through KBDL-A11Y-010, KBDL-A11Y-012 through KBDL-A11Y-020, KBDL-A11Y-022 through KBDL-A11Y-034, KBDL-A11Y-036 through KBDL-A11Y-040)","WCAG relative-luminance contrast calculation (completed for contrast/focus rows); manual + automated static accessibility review, keyboard testing, screen-reader testing, and flash analysis (all pending an implementation).",Broad descriptive summary,"WCAG relative-luminance contrast calculation (completed for contrast/focus rows); manual + automated static accessibility review, keyboard testing, screen-reader testing, and flash analysis (all pending an implementation).",Non-overriding summary,No,PASS,None
KBDL-A11Y-030,Validation method,"WCAG 2.2 Level A/AA baseline requirements (KBDL-A11Y-001 through KBDL-A11Y-010, KBDL-A11Y-012 through KBDL-A11Y-020, KBDL-A11Y-022 through KBDL-A11Y-034, KBDL-A11Y-036 through KBDL-A11Y-040)","WCAG relative-luminance contrast calculation (completed for contrast/focus rows); manual + automated static accessibility review, keyboard testing, screen-reader testing, and flash analysis (all pending an implementation).",Broad descriptive summary,"WCAG relative-luminance contrast calculation (completed for contrast/focus rows); manual + automated static accessibility review, keyboard testing, screen-reader testing, and flash analysis (all pending an implementation).",Non-overriding summary,No,PASS,None
KBDL-A11Y-031,Validation method,"WCAG 2.2 Level A/AA baseline requirements (KBDL-A11Y-001 through KBDL-A11Y-010, KBDL-A11Y-012 through KBDL-A11Y-020, KBDL-A11Y-022 through KBDL-A11Y-034, KBDL-A11Y-036 through KBDL-A11Y-040)","WCAG relative-luminance contrast calculation (completed for contrast/focus rows); manual + automated static accessibility review, keyboard testing, screen-reader testing, and flash analysis (all pending an implementation).",Broad descriptive summary,"WCAG relative-luminance contrast calculation (completed for contrast/focus rows); manual + automated static accessibility review, keyboard testing, screen-reader testing, and flash analysis (all pending an implementation).",Non-overriding summary,No,PASS,None
KBDL-A11Y-032,Validation method,"WCAG 2.2 Level A/AA baseline requirements (KBDL-A11Y-001 through KBDL-A11Y-010, KBDL-A11Y-012 through KBDL-A11Y-020, KBDL-A11Y-022 through KBDL-A11Y-034, KBDL-A11Y-036 through KBDL-A11Y-040)","WCAG relative-luminance contrast calculation (completed for contrast/focus rows); manual + automated static accessibility review, keyboard testing, screen-reader testing, and flash analysis (all pending an implementation).",Broad descriptive summary,"WCAG relative-luminance contrast calculation (completed for contrast/focus rows); manual + automated static accessibility review, keyboard testing, screen-reader testing, and flash analysis (all pending an implementation).",Non-overriding summary,No,PASS,None
KBDL-A11Y-033,Validation method,"WCAG 2.2 Level A/AA baseline requirements (KBDL-A11Y-001 through KBDL-A11Y-010, KBDL-A11Y-012 through KBDL-A11Y-020, KBDL-A11Y-022 through KBDL-A11Y-034, KBDL-A11Y-036 through KBDL-A11Y-040)","WCAG relative-luminance contrast calculation (completed for contrast/focus rows); manual + automated static accessibility review, keyboard testing, screen-reader testing, and flash analysis (all pending an implementation).",Broad descriptive summary,"WCAG relative-luminance contrast calculation (completed for contrast/focus rows); manual + automated static accessibility review, keyboard testing, screen-reader testing, and flash analysis (all pending an implementation).",Non-overriding summary,No,PASS,None
KBDL-A11Y-034,Validation method,"WCAG 2.2 Level A/AA baseline requirements (KBDL-A11Y-001 through KBDL-A11Y-010, KBDL-A11Y-012 through KBDL-A11Y-020, KBDL-A11Y-022 through KBDL-A11Y-034, KBDL-A11Y-036 through KBDL-A11Y-040)","WCAG relative-luminance contrast calculation (completed for contrast/focus rows); manual + automated static accessibility review, keyboard testing, screen-reader testing, and flash analysis (all pending an implementation).",Broad descriptive summary,"WCAG relative-luminance contrast calculation (completed for contrast/focus rows); manual + automated static accessibility review, keyboard testing, screen-reader testing, and flash analysis (all pending an implementation).",Non-overriding summary,No,PASS,None
KBDL-A11Y-036,Validation method,"WCAG 2.2 Level A/AA baseline requirements (KBDL-A11Y-001 through KBDL-A11Y-010, KBDL-A11Y-012 through KBDL-A11Y-020, KBDL-A11Y-022 through KBDL-A11Y-034, KBDL-A11Y-036 through KBDL-A11Y-040)","WCAG relative-luminance contrast calculation (completed for contrast/focus rows); manual + automated static accessibility review, keyboard testing, screen-reader testing, and flash analysis (all pending an implementation).",Broad descriptive summary,"WCAG relative-luminance contrast calculation (completed for contrast/focus rows); manual + automated static accessibility review, keyboard testing, screen-reader testing, and flash analysis (all pending an implementation).",Non-overriding summary,No,PASS,None
KBDL-A11Y-037,Validation method,"WCAG 2.2 Level A/AA baseline requirements (KBDL-A11Y-001 through KBDL-A11Y-010, KBDL-A11Y-012 through KBDL-A11Y-020, KBDL-A11Y-022 through KBDL-A11Y-034, KBDL-A11Y-036 through KBDL-A11Y-040)","WCAG relative-luminance contrast calculation (completed for contrast/focus rows); manual + automated static accessibility review, keyboard testing, screen-reader testing, and flash analysis (all pending an implementation).",Broad descriptive summary,"WCAG relative-luminance contrast calculation (completed for contrast/focus rows); manual + automated static accessibility review, keyboard testing, screen-reader testing, and flash analysis (all pending an implementation).",Non-overriding summary,No,PASS,None
KBDL-A11Y-038,Validation method,"WCAG 2.2 Level A/AA baseline requirements (KBDL-A11Y-001 through KBDL-A11Y-010, KBDL-A11Y-012 through KBDL-A11Y-020, KBDL-A11Y-022 through KBDL-A11Y-034, KBDL-A11Y-036 through KBDL-A11Y-040)","WCAG relative-luminance contrast calculation (completed for contrast/focus rows); manual + automated static accessibility review, keyboard testing, screen-reader testing, and flash analysis (all pending an implementation).",Broad descriptive summary,"WCAG relative-luminance contrast calculation (completed for contrast/focus rows); manual + automated static accessibility review, keyboard testing, screen-reader testing, and flash analysis (all pending an implementation).",Non-overriding summary,No,PASS,None
KBDL-A11Y-039,Validation method,"WCAG 2.2 Level A/AA baseline requirements (KBDL-A11Y-001 through KBDL-A11Y-010, KBDL-A11Y-012 through KBDL-A11Y-020, KBDL-A11Y-022 through KBDL-A11Y-034, KBDL-A11Y-036 through KBDL-A11Y-040)","WCAG relative-luminance contrast calculation (completed for contrast/focus rows); manual + automated static accessibility review, keyboard testing, screen-reader testing, and flash analysis (all pending an implementation).",Broad descriptive summary,"WCAG relative-luminance contrast calculation (completed for contrast/focus rows); manual + automated static accessibility review, keyboard testing, screen-reader testing, and flash analysis (all pending an implementation).",Non-overriding summary,No,PASS,None
KBDL-A11Y-040,Validation method,"WCAG 2.2 Level A/AA baseline requirements (KBDL-A11Y-001 through KBDL-A11Y-010, KBDL-A11Y-012 through KBDL-A11Y-020, KBDL-A11Y-022 through KBDL-A11Y-034, KBDL-A11Y-036 through KBDL-A11Y-040)","WCAG relative-luminance contrast calculation (completed for contrast/focus rows); manual + automated static accessibility review, keyboard testing, screen-reader testing, and flash analysis (all pending an implementation).",Broad descriptive summary,"WCAG relative-luminance contrast calculation (completed for contrast/focus rows); manual + automated static accessibility review, keyboard testing, screen-reader testing, and flash analysis (all pending an implementation).",Non-overriding summary,No,PASS,None
KBDL-A11Y-021,Validation method,"WCAG 2.2 Level A/AA baseline requirements (KBDL-A11Y-001 through KBDL-A11Y-010, KBDL-A11Y-012 through KBDL-A11Y-020, KBDL-A11Y-022 through KBDL-A11Y-034, KBDL-A11Y-036 through KBDL-A11Y-040)","WCAG relative-luminance contrast calculation (completed for contrast/focus rows); manual + automated static accessibility review, keyboard testing, screen-reader testing, and flash analysis (all pending an implementation).",Broad descriptive summary,"WCAG relative-luminance contrast calculation (completed for contrast/focus rows); manual + automated static accessibility review, keyboard testing, screen-reader testing, and flash analysis (all pending an implementation).",Non-overriding summary,No,PASS,None
KBDL-A11Y-035,Validation method,"WCAG 2.2 Level A/AA baseline requirements (KBDL-A11Y-001 through KBDL-A11Y-010, KBDL-A11Y-012 through KBDL-A11Y-020, KBDL-A11Y-022 through KBDL-A11Y-034, KBDL-A11Y-036 through KBDL-A11Y-040)","WCAG relative-luminance contrast calculation (completed for contrast/focus rows); manual + automated static accessibility review, keyboard testing, screen-reader testing, and flash analysis (all pending an implementation).",Broad descriptive summary,"WCAG relative-luminance contrast calculation (completed for contrast/focus rows); manual + automated static accessibility review, keyboard testing, screen-reader testing, and flash analysis (all pending an implementation).",Non-overriding summary,No,PASS,None
KBDL-A11Y-001,Validation evidence,"WCAG 2.2 Level A/AA baseline requirements (KBDL-A11Y-001 through KBDL-A11Y-010, KBDL-A11Y-012 through KBDL-A11Y-020, KBDL-A11Y-022 through KBDL-A11Y-034, KBDL-A11Y-036 through KBDL-A11Y-040)",[themes/validation.md §3](themes/validation.md#3-consolidated-contrast-evidence) for the three Verified rows; not verified for the rest.,Broad descriptive summary,[themes/validation.md §3](themes/validation.md#3-consolidated-contrast-evidence) for the three Verified rows; not verified for the rest.,Non-overriding summary,No,PASS,None
KBDL-A11Y-002,Validation evidence,"WCAG 2.2 Level A/AA baseline requirements (KBDL-A11Y-001 through KBDL-A11Y-010, KBDL-A11Y-012 through KBDL-A11Y-020, KBDL-A11Y-022 through KBDL-A11Y-034, KBDL-A11Y-036 through KBDL-A11Y-040)",[themes/validation.md §3](themes/validation.md#3-consolidated-contrast-evidence) for the three Verified rows; not verified for the rest.,Broad descriptive summary,[themes/validation.md §3](themes/validation.md#3-consolidated-contrast-evidence) for the three Verified rows; not verified for the rest.,Non-overriding summary,No,PASS,None
KBDL-A11Y-003,Validation evidence,"WCAG 2.2 Level A/AA baseline requirements (KBDL-A11Y-001 through KBDL-A11Y-010, KBDL-A11Y-012 through KBDL-A11Y-020, KBDL-A11Y-022 through KBDL-A11Y-034, KBDL-A11Y-036 through KBDL-A11Y-040)",[themes/validation.md §3](themes/validation.md#3-consolidated-contrast-evidence) for the three Verified rows; not verified for the rest.,Broad descriptive summary,[themes/validation.md §3](themes/validation.md#3-consolidated-contrast-evidence) for the three Verified rows; not verified for the rest.,Non-overriding summary,No,PASS,None
KBDL-A11Y-004,Validation evidence,"WCAG 2.2 Level A/AA baseline requirements (KBDL-A11Y-001 through KBDL-A11Y-010, KBDL-A11Y-012 through KBDL-A11Y-020, KBDL-A11Y-022 through KBDL-A11Y-034, KBDL-A11Y-036 through KBDL-A11Y-040)",[themes/validation.md §3](themes/validation.md#3-consolidated-contrast-evidence) for the three Verified rows; not verified for the rest.,Broad descriptive summary,[themes/validation.md §3](themes/validation.md#3-consolidated-contrast-evidence) for the three Verified rows; not verified for the rest.,Non-overriding summary,No,PASS,None
KBDL-A11Y-005,Validation evidence,"WCAG 2.2 Level A/AA baseline requirements (KBDL-A11Y-001 through KBDL-A11Y-010, KBDL-A11Y-012 through KBDL-A11Y-020, KBDL-A11Y-022 through KBDL-A11Y-034, KBDL-A11Y-036 through KBDL-A11Y-040)",[themes/validation.md §3](themes/validation.md#3-consolidated-contrast-evidence) for the three Verified rows; not verified for the rest.,Broad descriptive summary,[themes/validation.md §3](themes/validation.md#3-consolidated-contrast-evidence) for the three Verified rows; not verified for the rest.,Non-overriding summary,No,PASS,None
KBDL-A11Y-006,Validation evidence,"WCAG 2.2 Level A/AA baseline requirements (KBDL-A11Y-001 through KBDL-A11Y-010, KBDL-A11Y-012 through KBDL-A11Y-020, KBDL-A11Y-022 through KBDL-A11Y-034, KBDL-A11Y-036 through KBDL-A11Y-040)",[themes/validation.md §3](themes/validation.md#3-consolidated-contrast-evidence) for the three Verified rows; not verified for the rest.,Broad descriptive summary,[themes/validation.md §3](themes/validation.md#3-consolidated-contrast-evidence) for the three Verified rows; not verified for the rest.,Non-overriding summary,No,PASS,None
KBDL-A11Y-007,Validation evidence,"WCAG 2.2 Level A/AA baseline requirements (KBDL-A11Y-001 through KBDL-A11Y-010, KBDL-A11Y-012 through KBDL-A11Y-020, KBDL-A11Y-022 through KBDL-A11Y-034, KBDL-A11Y-036 through KBDL-A11Y-040)",[themes/validation.md §3](themes/validation.md#3-consolidated-contrast-evidence) for the three Verified rows; not verified for the rest.,Broad descriptive summary,[themes/validation.md §3](themes/validation.md#3-consolidated-contrast-evidence) for the three Verified rows; not verified for the rest.,Non-overriding summary,No,PASS,None
KBDL-A11Y-008,Validation evidence,"WCAG 2.2 Level A/AA baseline requirements (KBDL-A11Y-001 through KBDL-A11Y-010, KBDL-A11Y-012 through KBDL-A11Y-020, KBDL-A11Y-022 through KBDL-A11Y-034, KBDL-A11Y-036 through KBDL-A11Y-040)",[themes/validation.md §3](themes/validation.md#3-consolidated-contrast-evidence) for the three Verified rows; not verified for the rest.,Broad descriptive summary,[themes/validation.md §3](themes/validation.md#3-consolidated-contrast-evidence) for the three Verified rows; not verified for the rest.,Non-overriding summary,No,PASS,None
KBDL-A11Y-009,Validation evidence,"WCAG 2.2 Level A/AA baseline requirements (KBDL-A11Y-001 through KBDL-A11Y-010, KBDL-A11Y-012 through KBDL-A11Y-020, KBDL-A11Y-022 through KBDL-A11Y-034, KBDL-A11Y-036 through KBDL-A11Y-040)",[themes/validation.md §3](themes/validation.md#3-consolidated-contrast-evidence) for the three Verified rows; not verified for the rest.,Broad descriptive summary,[themes/validation.md §3](themes/validation.md#3-consolidated-contrast-evidence) for the three Verified rows; not verified for the rest.,Non-overriding summary,No,PASS,None
KBDL-A11Y-010,Validation evidence,"WCAG 2.2 Level A/AA baseline requirements (KBDL-A11Y-001 through KBDL-A11Y-010, KBDL-A11Y-012 through KBDL-A11Y-020, KBDL-A11Y-022 through KBDL-A11Y-034, KBDL-A11Y-036 through KBDL-A11Y-040)",[themes/validation.md §3](themes/validation.md#3-consolidated-contrast-evidence) for the three Verified rows; not verified for the rest.,Broad descriptive summary,[themes/validation.md §3](themes/validation.md#3-consolidated-contrast-evidence) for the three Verified rows; not verified for the rest.,Non-overriding summary,No,PASS,None
KBDL-A11Y-012,Validation evidence,"WCAG 2.2 Level A/AA baseline requirements (KBDL-A11Y-001 through KBDL-A11Y-010, KBDL-A11Y-012 through KBDL-A11Y-020, KBDL-A11Y-022 through KBDL-A11Y-034, KBDL-A11Y-036 through KBDL-A11Y-040)",[themes/validation.md §3](themes/validation.md#3-consolidated-contrast-evidence) for the three Verified rows; not verified for the rest.,Broad descriptive summary,[themes/validation.md §3](themes/validation.md#3-consolidated-contrast-evidence) for the three Verified rows; not verified for the rest.,Non-overriding summary,No,PASS,None
KBDL-A11Y-013,Validation evidence,"WCAG 2.2 Level A/AA baseline requirements (KBDL-A11Y-001 through KBDL-A11Y-010, KBDL-A11Y-012 through KBDL-A11Y-020, KBDL-A11Y-022 through KBDL-A11Y-034, KBDL-A11Y-036 through KBDL-A11Y-040)",[themes/validation.md §3](themes/validation.md#3-consolidated-contrast-evidence) for the three Verified rows; not verified for the rest.,Broad descriptive summary,[themes/validation.md §3](themes/validation.md#3-consolidated-contrast-evidence) for the three Verified rows; not verified for the rest.,Non-overriding summary,No,PASS,None
KBDL-A11Y-014,Validation evidence,"WCAG 2.2 Level A/AA baseline requirements (KBDL-A11Y-001 through KBDL-A11Y-010, KBDL-A11Y-012 through KBDL-A11Y-020, KBDL-A11Y-022 through KBDL-A11Y-034, KBDL-A11Y-036 through KBDL-A11Y-040)",[themes/validation.md §3](themes/validation.md#3-consolidated-contrast-evidence) for the three Verified rows; not verified for the rest.,Broad descriptive summary,[themes/validation.md §3](themes/validation.md#3-consolidated-contrast-evidence) for the three Verified rows; not verified for the rest.,Non-overriding summary,No,PASS,None
KBDL-A11Y-015,Validation evidence,"WCAG 2.2 Level A/AA baseline requirements (KBDL-A11Y-001 through KBDL-A11Y-010, KBDL-A11Y-012 through KBDL-A11Y-020, KBDL-A11Y-022 through KBDL-A11Y-034, KBDL-A11Y-036 through KBDL-A11Y-040)",[themes/validation.md §3](themes/validation.md#3-consolidated-contrast-evidence) for the three Verified rows; not verified for the rest.,Broad descriptive summary,[themes/validation.md §3](themes/validation.md#3-consolidated-contrast-evidence) for the three Verified rows; not verified for the rest.,Non-overriding summary,No,PASS,None
KBDL-A11Y-016,Validation evidence,"WCAG 2.2 Level A/AA baseline requirements (KBDL-A11Y-001 through KBDL-A11Y-010, KBDL-A11Y-012 through KBDL-A11Y-020, KBDL-A11Y-022 through KBDL-A11Y-034, KBDL-A11Y-036 through KBDL-A11Y-040)",[themes/validation.md §3](themes/validation.md#3-consolidated-contrast-evidence) for the three Verified rows; not verified for the rest.,Broad descriptive summary,[themes/validation.md §3](themes/validation.md#3-consolidated-contrast-evidence) for the three Verified rows; not verified for the rest.,Non-overriding summary,No,PASS,None
KBDL-A11Y-017,Validation evidence,"WCAG 2.2 Level A/AA baseline requirements (KBDL-A11Y-001 through KBDL-A11Y-010, KBDL-A11Y-012 through KBDL-A11Y-020, KBDL-A11Y-022 through KBDL-A11Y-034, KBDL-A11Y-036 through KBDL-A11Y-040)",[themes/validation.md §3](themes/validation.md#3-consolidated-contrast-evidence) for the three Verified rows; not verified for the rest.,Broad descriptive summary,[themes/validation.md §3](themes/validation.md#3-consolidated-contrast-evidence) for the three Verified rows; not verified for the rest.,Non-overriding summary,No,PASS,None
KBDL-A11Y-018,Validation evidence,"WCAG 2.2 Level A/AA baseline requirements (KBDL-A11Y-001 through KBDL-A11Y-010, KBDL-A11Y-012 through KBDL-A11Y-020, KBDL-A11Y-022 through KBDL-A11Y-034, KBDL-A11Y-036 through KBDL-A11Y-040)",[themes/validation.md §3](themes/validation.md#3-consolidated-contrast-evidence) for the three Verified rows; not verified for the rest.,Broad descriptive summary,[themes/validation.md §3](themes/validation.md#3-consolidated-contrast-evidence) for the three Verified rows; not verified for the rest.,Non-overriding summary,No,PASS,None
KBDL-A11Y-019,Validation evidence,"WCAG 2.2 Level A/AA baseline requirements (KBDL-A11Y-001 through KBDL-A11Y-010, KBDL-A11Y-012 through KBDL-A11Y-020, KBDL-A11Y-022 through KBDL-A11Y-034, KBDL-A11Y-036 through KBDL-A11Y-040)",[themes/validation.md §3](themes/validation.md#3-consolidated-contrast-evidence) for the three Verified rows; not verified for the rest.,Broad descriptive summary,[themes/validation.md §3](themes/validation.md#3-consolidated-contrast-evidence) for the three Verified rows; not verified for the rest.,Non-overriding summary,No,PASS,None
KBDL-A11Y-020,Validation evidence,"WCAG 2.2 Level A/AA baseline requirements (KBDL-A11Y-001 through KBDL-A11Y-010, KBDL-A11Y-012 through KBDL-A11Y-020, KBDL-A11Y-022 through KBDL-A11Y-034, KBDL-A11Y-036 through KBDL-A11Y-040)",[themes/validation.md §3](themes/validation.md#3-consolidated-contrast-evidence) for the three Verified rows; not verified for the rest.,Broad descriptive summary,[themes/validation.md §3](themes/validation.md#3-consolidated-contrast-evidence) for the three Verified rows; not verified for the rest.,Non-overriding summary,No,PASS,None
KBDL-A11Y-022,Validation evidence,"WCAG 2.2 Level A/AA baseline requirements (KBDL-A11Y-001 through KBDL-A11Y-010, KBDL-A11Y-012 through KBDL-A11Y-020, KBDL-A11Y-022 through KBDL-A11Y-034, KBDL-A11Y-036 through KBDL-A11Y-040)",[themes/validation.md §3](themes/validation.md#3-consolidated-contrast-evidence) for the three Verified rows; not verified for the rest.,Broad descriptive summary,[themes/validation.md §3](themes/validation.md#3-consolidated-contrast-evidence) for the three Verified rows; not verified for the rest.,Non-overriding summary,No,PASS,None
KBDL-A11Y-023,Validation evidence,"WCAG 2.2 Level A/AA baseline requirements (KBDL-A11Y-001 through KBDL-A11Y-010, KBDL-A11Y-012 through KBDL-A11Y-020, KBDL-A11Y-022 through KBDL-A11Y-034, KBDL-A11Y-036 through KBDL-A11Y-040)",[themes/validation.md §3](themes/validation.md#3-consolidated-contrast-evidence) for the three Verified rows; not verified for the rest.,Broad descriptive summary,[themes/validation.md §3](themes/validation.md#3-consolidated-contrast-evidence) for the three Verified rows; not verified for the rest.,Non-overriding summary,No,PASS,None
KBDL-A11Y-024,Validation evidence,"WCAG 2.2 Level A/AA baseline requirements (KBDL-A11Y-001 through KBDL-A11Y-010, KBDL-A11Y-012 through KBDL-A11Y-020, KBDL-A11Y-022 through KBDL-A11Y-034, KBDL-A11Y-036 through KBDL-A11Y-040)",[themes/validation.md §3](themes/validation.md#3-consolidated-contrast-evidence) for the three Verified rows; not verified for the rest.,Broad descriptive summary,[themes/validation.md §3](themes/validation.md#3-consolidated-contrast-evidence) for the three Verified rows; not verified for the rest.,Non-overriding summary,No,PASS,None
KBDL-A11Y-025,Validation evidence,"WCAG 2.2 Level A/AA baseline requirements (KBDL-A11Y-001 through KBDL-A11Y-010, KBDL-A11Y-012 through KBDL-A11Y-020, KBDL-A11Y-022 through KBDL-A11Y-034, KBDL-A11Y-036 through KBDL-A11Y-040)",[themes/validation.md §3](themes/validation.md#3-consolidated-contrast-evidence) for the three Verified rows; not verified for the rest.,Broad descriptive summary,[themes/validation.md §3](themes/validation.md#3-consolidated-contrast-evidence) for the three Verified rows; not verified for the rest.,Non-overriding summary,No,PASS,None
KBDL-A11Y-026,Validation evidence,"WCAG 2.2 Level A/AA baseline requirements (KBDL-A11Y-001 through KBDL-A11Y-010, KBDL-A11Y-012 through KBDL-A11Y-020, KBDL-A11Y-022 through KBDL-A11Y-034, KBDL-A11Y-036 through KBDL-A11Y-040)",[themes/validation.md §3](themes/validation.md#3-consolidated-contrast-evidence) for the three Verified rows; not verified for the rest.,Broad descriptive summary,[themes/validation.md §3](themes/validation.md#3-consolidated-contrast-evidence) for the three Verified rows; not verified for the rest.,Non-overriding summary,No,PASS,None
KBDL-A11Y-027,Validation evidence,"WCAG 2.2 Level A/AA baseline requirements (KBDL-A11Y-001 through KBDL-A11Y-010, KBDL-A11Y-012 through KBDL-A11Y-020, KBDL-A11Y-022 through KBDL-A11Y-034, KBDL-A11Y-036 through KBDL-A11Y-040)",[themes/validation.md §3](themes/validation.md#3-consolidated-contrast-evidence) for the three Verified rows; not verified for the rest.,Broad descriptive summary,[themes/validation.md §3](themes/validation.md#3-consolidated-contrast-evidence) for the three Verified rows; not verified for the rest.,Non-overriding summary,No,PASS,None
KBDL-A11Y-028,Validation evidence,"WCAG 2.2 Level A/AA baseline requirements (KBDL-A11Y-001 through KBDL-A11Y-010, KBDL-A11Y-012 through KBDL-A11Y-020, KBDL-A11Y-022 through KBDL-A11Y-034, KBDL-A11Y-036 through KBDL-A11Y-040)",[themes/validation.md §3](themes/validation.md#3-consolidated-contrast-evidence) for the three Verified rows; not verified for the rest.,Broad descriptive summary,[themes/validation.md §3](themes/validation.md#3-consolidated-contrast-evidence) for the three Verified rows; not verified for the rest.,Non-overriding summary,No,PASS,None
KBDL-A11Y-029,Validation evidence,"WCAG 2.2 Level A/AA baseline requirements (KBDL-A11Y-001 through KBDL-A11Y-010, KBDL-A11Y-012 through KBDL-A11Y-020, KBDL-A11Y-022 through KBDL-A11Y-034, KBDL-A11Y-036 through KBDL-A11Y-040)",[themes/validation.md §3](themes/validation.md#3-consolidated-contrast-evidence) for the three Verified rows; not verified for the rest.,Broad descriptive summary,[themes/validation.md §3](themes/validation.md#3-consolidated-contrast-evidence) for the three Verified rows; not verified for the rest.,Non-overriding summary,No,PASS,None
KBDL-A11Y-030,Validation evidence,"WCAG 2.2 Level A/AA baseline requirements (KBDL-A11Y-001 through KBDL-A11Y-010, KBDL-A11Y-012 through KBDL-A11Y-020, KBDL-A11Y-022 through KBDL-A11Y-034, KBDL-A11Y-036 through KBDL-A11Y-040)",[themes/validation.md §3](themes/validation.md#3-consolidated-contrast-evidence) for the three Verified rows; not verified for the rest.,Broad descriptive summary,[themes/validation.md §3](themes/validation.md#3-consolidated-contrast-evidence) for the three Verified rows; not verified for the rest.,Non-overriding summary,No,PASS,None
KBDL-A11Y-031,Validation evidence,"WCAG 2.2 Level A/AA baseline requirements (KBDL-A11Y-001 through KBDL-A11Y-010, KBDL-A11Y-012 through KBDL-A11Y-020, KBDL-A11Y-022 through KBDL-A11Y-034, KBDL-A11Y-036 through KBDL-A11Y-040)",[themes/validation.md §3](themes/validation.md#3-consolidated-contrast-evidence) for the three Verified rows; not verified for the rest.,Broad descriptive summary,[themes/validation.md §3](themes/validation.md#3-consolidated-contrast-evidence) for the three Verified rows; not verified for the rest.,Non-overriding summary,No,PASS,None
KBDL-A11Y-032,Validation evidence,"WCAG 2.2 Level A/AA baseline requirements (KBDL-A11Y-001 through KBDL-A11Y-010, KBDL-A11Y-012 through KBDL-A11Y-020, KBDL-A11Y-022 through KBDL-A11Y-034, KBDL-A11Y-036 through KBDL-A11Y-040)",[themes/validation.md §3](themes/validation.md#3-consolidated-contrast-evidence) for the three Verified rows; not verified for the rest.,Broad descriptive summary,[themes/validation.md §3](themes/validation.md#3-consolidated-contrast-evidence) for the three Verified rows; not verified for the rest.,Non-overriding summary,No,PASS,None
KBDL-A11Y-033,Validation evidence,"WCAG 2.2 Level A/AA baseline requirements (KBDL-A11Y-001 through KBDL-A11Y-010, KBDL-A11Y-012 through KBDL-A11Y-020, KBDL-A11Y-022 through KBDL-A11Y-034, KBDL-A11Y-036 through KBDL-A11Y-040)",[themes/validation.md §3](themes/validation.md#3-consolidated-contrast-evidence) for the three Verified rows; not verified for the rest.,Broad descriptive summary,[themes/validation.md §3](themes/validation.md#3-consolidated-contrast-evidence) for the three Verified rows; not verified for the rest.,Non-overriding summary,No,PASS,None
KBDL-A11Y-034,Validation evidence,"WCAG 2.2 Level A/AA baseline requirements (KBDL-A11Y-001 through KBDL-A11Y-010, KBDL-A11Y-012 through KBDL-A11Y-020, KBDL-A11Y-022 through KBDL-A11Y-034, KBDL-A11Y-036 through KBDL-A11Y-040)",[themes/validation.md §3](themes/validation.md#3-consolidated-contrast-evidence) for the three Verified rows; not verified for the rest.,Broad descriptive summary,[themes/validation.md §3](themes/validation.md#3-consolidated-contrast-evidence) for the three Verified rows; not verified for the rest.,Non-overriding summary,No,PASS,None
KBDL-A11Y-036,Validation evidence,"WCAG 2.2 Level A/AA baseline requirements (KBDL-A11Y-001 through KBDL-A11Y-010, KBDL-A11Y-012 through KBDL-A11Y-020, KBDL-A11Y-022 through KBDL-A11Y-034, KBDL-A11Y-036 through KBDL-A11Y-040)",[themes/validation.md §3](themes/validation.md#3-consolidated-contrast-evidence) for the three Verified rows; not verified for the rest.,Broad descriptive summary,[themes/validation.md §3](themes/validation.md#3-consolidated-contrast-evidence) for the three Verified rows; not verified for the rest.,Non-overriding summary,No,PASS,None
KBDL-A11Y-037,Validation evidence,"WCAG 2.2 Level A/AA baseline requirements (KBDL-A11Y-001 through KBDL-A11Y-010, KBDL-A11Y-012 through KBDL-A11Y-020, KBDL-A11Y-022 through KBDL-A11Y-034, KBDL-A11Y-036 through KBDL-A11Y-040)",[themes/validation.md §3](themes/validation.md#3-consolidated-contrast-evidence) for the three Verified rows; not verified for the rest.,Broad descriptive summary,[themes/validation.md §3](themes/validation.md#3-consolidated-contrast-evidence) for the three Verified rows; not verified for the rest.,Non-overriding summary,No,PASS,None
KBDL-A11Y-038,Validation evidence,"WCAG 2.2 Level A/AA baseline requirements (KBDL-A11Y-001 through KBDL-A11Y-010, KBDL-A11Y-012 through KBDL-A11Y-020, KBDL-A11Y-022 through KBDL-A11Y-034, KBDL-A11Y-036 through KBDL-A11Y-040)",[themes/validation.md §3](themes/validation.md#3-consolidated-contrast-evidence) for the three Verified rows; not verified for the rest.,Broad descriptive summary,[themes/validation.md §3](themes/validation.md#3-consolidated-contrast-evidence) for the three Verified rows; not verified for the rest.,Non-overriding summary,No,PASS,None
KBDL-A11Y-039,Validation evidence,"WCAG 2.2 Level A/AA baseline requirements (KBDL-A11Y-001 through KBDL-A11Y-010, KBDL-A11Y-012 through KBDL-A11Y-020, KBDL-A11Y-022 through KBDL-A11Y-034, KBDL-A11Y-036 through KBDL-A11Y-040)",[themes/validation.md §3](themes/validation.md#3-consolidated-contrast-evidence) for the three Verified rows; not verified for the rest.,Broad descriptive summary,[themes/validation.md §3](themes/validation.md#3-consolidated-contrast-evidence) for the three Verified rows; not verified for the rest.,Non-overriding summary,No,PASS,None
KBDL-A11Y-040,Validation evidence,"WCAG 2.2 Level A/AA baseline requirements (KBDL-A11Y-001 through KBDL-A11Y-010, KBDL-A11Y-012 through KBDL-A11Y-020, KBDL-A11Y-022 through KBDL-A11Y-034, KBDL-A11Y-036 through KBDL-A11Y-040)",[themes/validation.md §3](themes/validation.md#3-consolidated-contrast-evidence) for the three Verified rows; not verified for the rest.,Broad descriptive summary,[themes/validation.md §3](themes/validation.md#3-consolidated-contrast-evidence) for the three Verified rows; not verified for the rest.,Non-overriding summary,No,PASS,None
KBDL-A11Y-021,Validation evidence,"WCAG 2.2 Level A/AA baseline requirements (KBDL-A11Y-001 through KBDL-A11Y-010, KBDL-A11Y-012 through KBDL-A11Y-020, KBDL-A11Y-022 through KBDL-A11Y-034, KBDL-A11Y-036 through KBDL-A11Y-040)",[themes/validation.md §3](themes/validation.md#3-consolidated-contrast-evidence) for the three Verified rows; not verified for the rest.,Broad descriptive summary,[themes/validation.md §3](themes/validation.md#3-consolidated-contrast-evidence) for the three Verified rows; not verified for the rest.,Non-overriding summary,No,PASS,None
KBDL-A11Y-035,Validation evidence,"WCAG 2.2 Level A/AA baseline requirements (KBDL-A11Y-001 through KBDL-A11Y-010, KBDL-A11Y-012 through KBDL-A11Y-020, KBDL-A11Y-022 through KBDL-A11Y-034, KBDL-A11Y-036 through KBDL-A11Y-040)",[themes/validation.md §3](themes/validation.md#3-consolidated-contrast-evidence) for the three Verified rows; not verified for the rest.,Broad descriptive summary,[themes/validation.md §3](themes/validation.md#3-consolidated-contrast-evidence) for the three Verified rows; not verified for the rest.,Non-overriding summary,No,PASS,None
KBDL-A11Y-001,Known limitation,"WCAG 2.2 Level A/AA baseline requirements (KBDL-A11Y-001 through KBDL-A11Y-010, KBDL-A11Y-012 through KBDL-A11Y-020, KBDL-A11Y-022 through KBDL-A11Y-034, KBDL-A11Y-036 through KBDL-A11Y-040)","This document does not claim full WCAG conformance, screen-reader compatibility, or real-device support — those require an implementation and recorded test evidence.",Broad descriptive summary,"This document does not claim full WCAG conformance, screen-reader compatibility, or real-device support — those require an implementation and recorded test evidence.",Non-overriding summary,No,PASS,None
KBDL-A11Y-002,Known limitation,"WCAG 2.2 Level A/AA baseline requirements (KBDL-A11Y-001 through KBDL-A11Y-010, KBDL-A11Y-012 through KBDL-A11Y-020, KBDL-A11Y-022 through KBDL-A11Y-034, KBDL-A11Y-036 through KBDL-A11Y-040)","This document does not claim full WCAG conformance, screen-reader compatibility, or real-device support — those require an implementation and recorded test evidence.",Broad descriptive summary,"This document does not claim full WCAG conformance, screen-reader compatibility, or real-device support — those require an implementation and recorded test evidence.",Non-overriding summary,No,PASS,None
KBDL-A11Y-003,Known limitation,"WCAG 2.2 Level A/AA baseline requirements (KBDL-A11Y-001 through KBDL-A11Y-010, KBDL-A11Y-012 through KBDL-A11Y-020, KBDL-A11Y-022 through KBDL-A11Y-034, KBDL-A11Y-036 through KBDL-A11Y-040)","This document does not claim full WCAG conformance, screen-reader compatibility, or real-device support — those require an implementation and recorded test evidence.",Broad descriptive summary,"This document does not claim full WCAG conformance, screen-reader compatibility, or real-device support — those require an implementation and recorded test evidence.",Non-overriding summary,No,PASS,None
KBDL-A11Y-004,Known limitation,"WCAG 2.2 Level A/AA baseline requirements (KBDL-A11Y-001 through KBDL-A11Y-010, KBDL-A11Y-012 through KBDL-A11Y-020, KBDL-A11Y-022 through KBDL-A11Y-034, KBDL-A11Y-036 through KBDL-A11Y-040)","This document does not claim full WCAG conformance, screen-reader compatibility, or real-device support — those require an implementation and recorded test evidence.",Broad descriptive summary,"This document does not claim full WCAG conformance, screen-reader compatibility, or real-device support — those require an implementation and recorded test evidence.",Non-overriding summary,No,PASS,None
KBDL-A11Y-005,Known limitation,"WCAG 2.2 Level A/AA baseline requirements (KBDL-A11Y-001 through KBDL-A11Y-010, KBDL-A11Y-012 through KBDL-A11Y-020, KBDL-A11Y-022 through KBDL-A11Y-034, KBDL-A11Y-036 through KBDL-A11Y-040)","This document does not claim full WCAG conformance, screen-reader compatibility, or real-device support — those require an implementation and recorded test evidence.",Broad descriptive summary,"This document does not claim full WCAG conformance, screen-reader compatibility, or real-device support — those require an implementation and recorded test evidence.",Non-overriding summary,No,PASS,None
KBDL-A11Y-006,Known limitation,"WCAG 2.2 Level A/AA baseline requirements (KBDL-A11Y-001 through KBDL-A11Y-010, KBDL-A11Y-012 through KBDL-A11Y-020, KBDL-A11Y-022 through KBDL-A11Y-034, KBDL-A11Y-036 through KBDL-A11Y-040)","This document does not claim full WCAG conformance, screen-reader compatibility, or real-device support — those require an implementation and recorded test evidence.",Broad descriptive summary,"This document does not claim full WCAG conformance, screen-reader compatibility, or real-device support — those require an implementation and recorded test evidence.",Non-overriding summary,No,PASS,None
KBDL-A11Y-007,Known limitation,"WCAG 2.2 Level A/AA baseline requirements (KBDL-A11Y-001 through KBDL-A11Y-010, KBDL-A11Y-012 through KBDL-A11Y-020, KBDL-A11Y-022 through KBDL-A11Y-034, KBDL-A11Y-036 through KBDL-A11Y-040)","This document does not claim full WCAG conformance, screen-reader compatibility, or real-device support — those require an implementation and recorded test evidence.",Broad descriptive summary,"This document does not claim full WCAG conformance, screen-reader compatibility, or real-device support — those require an implementation and recorded test evidence.",Non-overriding summary,No,PASS,None
KBDL-A11Y-008,Known limitation,"WCAG 2.2 Level A/AA baseline requirements (KBDL-A11Y-001 through KBDL-A11Y-010, KBDL-A11Y-012 through KBDL-A11Y-020, KBDL-A11Y-022 through KBDL-A11Y-034, KBDL-A11Y-036 through KBDL-A11Y-040)","This document does not claim full WCAG conformance, screen-reader compatibility, or real-device support — those require an implementation and recorded test evidence.",Broad descriptive summary,"This document does not claim full WCAG conformance, screen-reader compatibility, or real-device support — those require an implementation and recorded test evidence.",Non-overriding summary,No,PASS,None
KBDL-A11Y-009,Known limitation,"WCAG 2.2 Level A/AA baseline requirements (KBDL-A11Y-001 through KBDL-A11Y-010, KBDL-A11Y-012 through KBDL-A11Y-020, KBDL-A11Y-022 through KBDL-A11Y-034, KBDL-A11Y-036 through KBDL-A11Y-040)","This document does not claim full WCAG conformance, screen-reader compatibility, or real-device support — those require an implementation and recorded test evidence.",Broad descriptive summary,"This document does not claim full WCAG conformance, screen-reader compatibility, or real-device support — those require an implementation and recorded test evidence.",Non-overriding summary,No,PASS,None
KBDL-A11Y-010,Known limitation,"WCAG 2.2 Level A/AA baseline requirements (KBDL-A11Y-001 through KBDL-A11Y-010, KBDL-A11Y-012 through KBDL-A11Y-020, KBDL-A11Y-022 through KBDL-A11Y-034, KBDL-A11Y-036 through KBDL-A11Y-040)","This document does not claim full WCAG conformance, screen-reader compatibility, or real-device support — those require an implementation and recorded test evidence.",Broad descriptive summary,"This document does not claim full WCAG conformance, screen-reader compatibility, or real-device support — those require an implementation and recorded test evidence.",Non-overriding summary,No,PASS,None
KBDL-A11Y-012,Known limitation,"WCAG 2.2 Level A/AA baseline requirements (KBDL-A11Y-001 through KBDL-A11Y-010, KBDL-A11Y-012 through KBDL-A11Y-020, KBDL-A11Y-022 through KBDL-A11Y-034, KBDL-A11Y-036 through KBDL-A11Y-040)","This document does not claim full WCAG conformance, screen-reader compatibility, or real-device support — those require an implementation and recorded test evidence.",Broad descriptive summary,"This document does not claim full WCAG conformance, screen-reader compatibility, or real-device support — those require an implementation and recorded test evidence.",Non-overriding summary,No,PASS,None
KBDL-A11Y-013,Known limitation,"WCAG 2.2 Level A/AA baseline requirements (KBDL-A11Y-001 through KBDL-A11Y-010, KBDL-A11Y-012 through KBDL-A11Y-020, KBDL-A11Y-022 through KBDL-A11Y-034, KBDL-A11Y-036 through KBDL-A11Y-040)","This document does not claim full WCAG conformance, screen-reader compatibility, or real-device support — those require an implementation and recorded test evidence.",Broad descriptive summary,"This document does not claim full WCAG conformance, screen-reader compatibility, or real-device support — those require an implementation and recorded test evidence.",Non-overriding summary,No,PASS,None
KBDL-A11Y-014,Known limitation,"WCAG 2.2 Level A/AA baseline requirements (KBDL-A11Y-001 through KBDL-A11Y-010, KBDL-A11Y-012 through KBDL-A11Y-020, KBDL-A11Y-022 through KBDL-A11Y-034, KBDL-A11Y-036 through KBDL-A11Y-040)","This document does not claim full WCAG conformance, screen-reader compatibility, or real-device support — those require an implementation and recorded test evidence.",Broad descriptive summary,"This document does not claim full WCAG conformance, screen-reader compatibility, or real-device support — those require an implementation and recorded test evidence.",Non-overriding summary,No,PASS,None
KBDL-A11Y-015,Known limitation,"WCAG 2.2 Level A/AA baseline requirements (KBDL-A11Y-001 through KBDL-A11Y-010, KBDL-A11Y-012 through KBDL-A11Y-020, KBDL-A11Y-022 through KBDL-A11Y-034, KBDL-A11Y-036 through KBDL-A11Y-040)","This document does not claim full WCAG conformance, screen-reader compatibility, or real-device support — those require an implementation and recorded test evidence.",Broad descriptive summary,"This document does not claim full WCAG conformance, screen-reader compatibility, or real-device support — those require an implementation and recorded test evidence.",Non-overriding summary,No,PASS,None
KBDL-A11Y-016,Known limitation,"WCAG 2.2 Level A/AA baseline requirements (KBDL-A11Y-001 through KBDL-A11Y-010, KBDL-A11Y-012 through KBDL-A11Y-020, KBDL-A11Y-022 through KBDL-A11Y-034, KBDL-A11Y-036 through KBDL-A11Y-040)","This document does not claim full WCAG conformance, screen-reader compatibility, or real-device support — those require an implementation and recorded test evidence.",Broad descriptive summary,"This document does not claim full WCAG conformance, screen-reader compatibility, or real-device support — those require an implementation and recorded test evidence.",Non-overriding summary,No,PASS,None
KBDL-A11Y-017,Known limitation,"WCAG 2.2 Level A/AA baseline requirements (KBDL-A11Y-001 through KBDL-A11Y-010, KBDL-A11Y-012 through KBDL-A11Y-020, KBDL-A11Y-022 through KBDL-A11Y-034, KBDL-A11Y-036 through KBDL-A11Y-040)","This document does not claim full WCAG conformance, screen-reader compatibility, or real-device support — those require an implementation and recorded test evidence.",Broad descriptive summary,"This document does not claim full WCAG conformance, screen-reader compatibility, or real-device support — those require an implementation and recorded test evidence.",Non-overriding summary,No,PASS,None
KBDL-A11Y-018,Known limitation,"WCAG 2.2 Level A/AA baseline requirements (KBDL-A11Y-001 through KBDL-A11Y-010, KBDL-A11Y-012 through KBDL-A11Y-020, KBDL-A11Y-022 through KBDL-A11Y-034, KBDL-A11Y-036 through KBDL-A11Y-040)","This document does not claim full WCAG conformance, screen-reader compatibility, or real-device support — those require an implementation and recorded test evidence.",Broad descriptive summary,"This document does not claim full WCAG conformance, screen-reader compatibility, or real-device support — those require an implementation and recorded test evidence.",Non-overriding summary,No,PASS,None
KBDL-A11Y-019,Known limitation,"WCAG 2.2 Level A/AA baseline requirements (KBDL-A11Y-001 through KBDL-A11Y-010, KBDL-A11Y-012 through KBDL-A11Y-020, KBDL-A11Y-022 through KBDL-A11Y-034, KBDL-A11Y-036 through KBDL-A11Y-040)","This document does not claim full WCAG conformance, screen-reader compatibility, or real-device support — those require an implementation and recorded test evidence.",Broad descriptive summary,"This document does not claim full WCAG conformance, screen-reader compatibility, or real-device support — those require an implementation and recorded test evidence.",Non-overriding summary,No,PASS,None
KBDL-A11Y-020,Known limitation,"WCAG 2.2 Level A/AA baseline requirements (KBDL-A11Y-001 through KBDL-A11Y-010, KBDL-A11Y-012 through KBDL-A11Y-020, KBDL-A11Y-022 through KBDL-A11Y-034, KBDL-A11Y-036 through KBDL-A11Y-040)","This document does not claim full WCAG conformance, screen-reader compatibility, or real-device support — those require an implementation and recorded test evidence.",Broad descriptive summary,"This document does not claim full WCAG conformance, screen-reader compatibility, or real-device support — those require an implementation and recorded test evidence.",Non-overriding summary,No,PASS,None
KBDL-A11Y-022,Known limitation,"WCAG 2.2 Level A/AA baseline requirements (KBDL-A11Y-001 through KBDL-A11Y-010, KBDL-A11Y-012 through KBDL-A11Y-020, KBDL-A11Y-022 through KBDL-A11Y-034, KBDL-A11Y-036 through KBDL-A11Y-040)","This document does not claim full WCAG conformance, screen-reader compatibility, or real-device support — those require an implementation and recorded test evidence.",Broad descriptive summary,"This document does not claim full WCAG conformance, screen-reader compatibility, or real-device support — those require an implementation and recorded test evidence.",Non-overriding summary,No,PASS,None
KBDL-A11Y-023,Known limitation,"WCAG 2.2 Level A/AA baseline requirements (KBDL-A11Y-001 through KBDL-A11Y-010, KBDL-A11Y-012 through KBDL-A11Y-020, KBDL-A11Y-022 through KBDL-A11Y-034, KBDL-A11Y-036 through KBDL-A11Y-040)","This document does not claim full WCAG conformance, screen-reader compatibility, or real-device support — those require an implementation and recorded test evidence.",Broad descriptive summary,"This document does not claim full WCAG conformance, screen-reader compatibility, or real-device support — those require an implementation and recorded test evidence.",Non-overriding summary,No,PASS,None
KBDL-A11Y-024,Known limitation,"WCAG 2.2 Level A/AA baseline requirements (KBDL-A11Y-001 through KBDL-A11Y-010, KBDL-A11Y-012 through KBDL-A11Y-020, KBDL-A11Y-022 through KBDL-A11Y-034, KBDL-A11Y-036 through KBDL-A11Y-040)","This document does not claim full WCAG conformance, screen-reader compatibility, or real-device support — those require an implementation and recorded test evidence.",Broad descriptive summary,"This document does not claim full WCAG conformance, screen-reader compatibility, or real-device support — those require an implementation and recorded test evidence.",Non-overriding summary,No,PASS,None
KBDL-A11Y-025,Known limitation,"WCAG 2.2 Level A/AA baseline requirements (KBDL-A11Y-001 through KBDL-A11Y-010, KBDL-A11Y-012 through KBDL-A11Y-020, KBDL-A11Y-022 through KBDL-A11Y-034, KBDL-A11Y-036 through KBDL-A11Y-040)","This document does not claim full WCAG conformance, screen-reader compatibility, or real-device support — those require an implementation and recorded test evidence.",Broad descriptive summary,"This document does not claim full WCAG conformance, screen-reader compatibility, or real-device support — those require an implementation and recorded test evidence.",Non-overriding summary,No,PASS,None
KBDL-A11Y-026,Known limitation,"WCAG 2.2 Level A/AA baseline requirements (KBDL-A11Y-001 through KBDL-A11Y-010, KBDL-A11Y-012 through KBDL-A11Y-020, KBDL-A11Y-022 through KBDL-A11Y-034, KBDL-A11Y-036 through KBDL-A11Y-040)","This document does not claim full WCAG conformance, screen-reader compatibility, or real-device support — those require an implementation and recorded test evidence.",Broad descriptive summary,"This document does not claim full WCAG conformance, screen-reader compatibility, or real-device support — those require an implementation and recorded test evidence.",Non-overriding summary,No,PASS,None
KBDL-A11Y-027,Known limitation,"WCAG 2.2 Level A/AA baseline requirements (KBDL-A11Y-001 through KBDL-A11Y-010, KBDL-A11Y-012 through KBDL-A11Y-020, KBDL-A11Y-022 through KBDL-A11Y-034, KBDL-A11Y-036 through KBDL-A11Y-040)","This document does not claim full WCAG conformance, screen-reader compatibility, or real-device support — those require an implementation and recorded test evidence.",Broad descriptive summary,"This document does not claim full WCAG conformance, screen-reader compatibility, or real-device support — those require an implementation and recorded test evidence.",Non-overriding summary,No,PASS,None
KBDL-A11Y-028,Known limitation,"WCAG 2.2 Level A/AA baseline requirements (KBDL-A11Y-001 through KBDL-A11Y-010, KBDL-A11Y-012 through KBDL-A11Y-020, KBDL-A11Y-022 through KBDL-A11Y-034, KBDL-A11Y-036 through KBDL-A11Y-040)","This document does not claim full WCAG conformance, screen-reader compatibility, or real-device support — those require an implementation and recorded test evidence.",Broad descriptive summary,"This document does not claim full WCAG conformance, screen-reader compatibility, or real-device support — those require an implementation and recorded test evidence.",Non-overriding summary,No,PASS,None
KBDL-A11Y-029,Known limitation,"WCAG 2.2 Level A/AA baseline requirements (KBDL-A11Y-001 through KBDL-A11Y-010, KBDL-A11Y-012 through KBDL-A11Y-020, KBDL-A11Y-022 through KBDL-A11Y-034, KBDL-A11Y-036 through KBDL-A11Y-040)","This document does not claim full WCAG conformance, screen-reader compatibility, or real-device support — those require an implementation and recorded test evidence.",Broad descriptive summary,"This document does not claim full WCAG conformance, screen-reader compatibility, or real-device support — those require an implementation and recorded test evidence.",Non-overriding summary,No,PASS,None
KBDL-A11Y-030,Known limitation,"WCAG 2.2 Level A/AA baseline requirements (KBDL-A11Y-001 through KBDL-A11Y-010, KBDL-A11Y-012 through KBDL-A11Y-020, KBDL-A11Y-022 through KBDL-A11Y-034, KBDL-A11Y-036 through KBDL-A11Y-040)","This document does not claim full WCAG conformance, screen-reader compatibility, or real-device support — those require an implementation and recorded test evidence.",Broad descriptive summary,"This document does not claim full WCAG conformance, screen-reader compatibility, or real-device support — those require an implementation and recorded test evidence.",Non-overriding summary,No,PASS,None
KBDL-A11Y-031,Known limitation,"WCAG 2.2 Level A/AA baseline requirements (KBDL-A11Y-001 through KBDL-A11Y-010, KBDL-A11Y-012 through KBDL-A11Y-020, KBDL-A11Y-022 through KBDL-A11Y-034, KBDL-A11Y-036 through KBDL-A11Y-040)","This document does not claim full WCAG conformance, screen-reader compatibility, or real-device support — those require an implementation and recorded test evidence.",Broad descriptive summary,"This document does not claim full WCAG conformance, screen-reader compatibility, or real-device support — those require an implementation and recorded test evidence.",Non-overriding summary,No,PASS,None
KBDL-A11Y-032,Known limitation,"WCAG 2.2 Level A/AA baseline requirements (KBDL-A11Y-001 through KBDL-A11Y-010, KBDL-A11Y-012 through KBDL-A11Y-020, KBDL-A11Y-022 through KBDL-A11Y-034, KBDL-A11Y-036 through KBDL-A11Y-040)","This document does not claim full WCAG conformance, screen-reader compatibility, or real-device support — those require an implementation and recorded test evidence.",Broad descriptive summary,"This document does not claim full WCAG conformance, screen-reader compatibility, or real-device support — those require an implementation and recorded test evidence.",Non-overriding summary,No,PASS,None
KBDL-A11Y-033,Known limitation,"WCAG 2.2 Level A/AA baseline requirements (KBDL-A11Y-001 through KBDL-A11Y-010, KBDL-A11Y-012 through KBDL-A11Y-020, KBDL-A11Y-022 through KBDL-A11Y-034, KBDL-A11Y-036 through KBDL-A11Y-040)","This document does not claim full WCAG conformance, screen-reader compatibility, or real-device support — those require an implementation and recorded test evidence.",Broad descriptive summary,"This document does not claim full WCAG conformance, screen-reader compatibility, or real-device support — those require an implementation and recorded test evidence.",Non-overriding summary,No,PASS,None
KBDL-A11Y-034,Known limitation,"WCAG 2.2 Level A/AA baseline requirements (KBDL-A11Y-001 through KBDL-A11Y-010, KBDL-A11Y-012 through KBDL-A11Y-020, KBDL-A11Y-022 through KBDL-A11Y-034, KBDL-A11Y-036 through KBDL-A11Y-040)","This document does not claim full WCAG conformance, screen-reader compatibility, or real-device support — those require an implementation and recorded test evidence.",Broad descriptive summary,"This document does not claim full WCAG conformance, screen-reader compatibility, or real-device support — those require an implementation and recorded test evidence.",Non-overriding summary,No,PASS,None
KBDL-A11Y-036,Known limitation,"WCAG 2.2 Level A/AA baseline requirements (KBDL-A11Y-001 through KBDL-A11Y-010, KBDL-A11Y-012 through KBDL-A11Y-020, KBDL-A11Y-022 through KBDL-A11Y-034, KBDL-A11Y-036 through KBDL-A11Y-040)","This document does not claim full WCAG conformance, screen-reader compatibility, or real-device support — those require an implementation and recorded test evidence.",Broad descriptive summary,"This document does not claim full WCAG conformance, screen-reader compatibility, or real-device support — those require an implementation and recorded test evidence.",Non-overriding summary,No,PASS,None
KBDL-A11Y-037,Known limitation,"WCAG 2.2 Level A/AA baseline requirements (KBDL-A11Y-001 through KBDL-A11Y-010, KBDL-A11Y-012 through KBDL-A11Y-020, KBDL-A11Y-022 through KBDL-A11Y-034, KBDL-A11Y-036 through KBDL-A11Y-040)","This document does not claim full WCAG conformance, screen-reader compatibility, or real-device support — those require an implementation and recorded test evidence.",Broad descriptive summary,"This document does not claim full WCAG conformance, screen-reader compatibility, or real-device support — those require an implementation and recorded test evidence.",Non-overriding summary,No,PASS,None
KBDL-A11Y-038,Known limitation,"WCAG 2.2 Level A/AA baseline requirements (KBDL-A11Y-001 through KBDL-A11Y-010, KBDL-A11Y-012 through KBDL-A11Y-020, KBDL-A11Y-022 through KBDL-A11Y-034, KBDL-A11Y-036 through KBDL-A11Y-040)","This document does not claim full WCAG conformance, screen-reader compatibility, or real-device support — those require an implementation and recorded test evidence.",Broad descriptive summary,"This document does not claim full WCAG conformance, screen-reader compatibility, or real-device support — those require an implementation and recorded test evidence.",Non-overriding summary,No,PASS,None
KBDL-A11Y-039,Known limitation,"WCAG 2.2 Level A/AA baseline requirements (KBDL-A11Y-001 through KBDL-A11Y-010, KBDL-A11Y-012 through KBDL-A11Y-020, KBDL-A11Y-022 through KBDL-A11Y-034, KBDL-A11Y-036 through KBDL-A11Y-040)","This document does not claim full WCAG conformance, screen-reader compatibility, or real-device support — those require an implementation and recorded test evidence.",Broad descriptive summary,"This document does not claim full WCAG conformance, screen-reader compatibility, or real-device support — those require an implementation and recorded test evidence.",Non-overriding summary,No,PASS,None
KBDL-A11Y-040,Known limitation,"WCAG 2.2 Level A/AA baseline requirements (KBDL-A11Y-001 through KBDL-A11Y-010, KBDL-A11Y-012 through KBDL-A11Y-020, KBDL-A11Y-022 through KBDL-A11Y-034, KBDL-A11Y-036 through KBDL-A11Y-040)","This document does not claim full WCAG conformance, screen-reader compatibility, or real-device support — those require an implementation and recorded test evidence.",Broad descriptive summary,"This document does not claim full WCAG conformance, screen-reader compatibility, or real-device support — those require an implementation and recorded test evidence.",Non-overriding summary,No,PASS,None
KBDL-A11Y-021,Known limitation,"WCAG 2.2 Level A/AA baseline requirements (KBDL-A11Y-001 through KBDL-A11Y-010, KBDL-A11Y-012 through KBDL-A11Y-020, KBDL-A11Y-022 through KBDL-A11Y-034, KBDL-A11Y-036 through KBDL-A11Y-040)","This document does not claim full WCAG conformance, screen-reader compatibility, or real-device support — those require an implementation and recorded test evidence.",Broad descriptive summary,"This document does not claim full WCAG conformance, screen-reader compatibility, or real-device support — those require an implementation and recorded test evidence.",Non-overriding summary,No,PASS,None
KBDL-A11Y-035,Known limitation,"WCAG 2.2 Level A/AA baseline requirements (KBDL-A11Y-001 through KBDL-A11Y-010, KBDL-A11Y-012 through KBDL-A11Y-020, KBDL-A11Y-022 through KBDL-A11Y-034, KBDL-A11Y-036 through KBDL-A11Y-040)","This document does not claim full WCAG conformance, screen-reader compatibility, or real-device support — those require an implementation and recorded test evidence.",Broad descriptive summary,"This document does not claim full WCAG conformance, screen-reader compatibility, or real-device support — those require an implementation and recorded test evidence.",Non-overriding summary,No,PASS,None
KBDL-A11Y-001,Packet or tracking destination,"WCAG 2.2 Level A/AA baseline requirements (KBDL-A11Y-001 through KBDL-A11Y-010, KBDL-A11Y-012 through KBDL-A11Y-020, KBDL-A11Y-022 through KBDL-A11Y-034, KBDL-A11Y-036 through KBDL-A11Y-040)",MISSING,Missing,MISSING,Missing,No,PASS,None
KBDL-A11Y-002,Packet or tracking destination,"WCAG 2.2 Level A/AA baseline requirements (KBDL-A11Y-001 through KBDL-A11Y-010, KBDL-A11Y-012 through KBDL-A11Y-020, KBDL-A11Y-022 through KBDL-A11Y-034, KBDL-A11Y-036 through KBDL-A11Y-040)",MISSING,Missing,MISSING,Missing,No,PASS,None
KBDL-A11Y-003,Packet or tracking destination,"WCAG 2.2 Level A/AA baseline requirements (KBDL-A11Y-001 through KBDL-A11Y-010, KBDL-A11Y-012 through KBDL-A11Y-020, KBDL-A11Y-022 through KBDL-A11Y-034, KBDL-A11Y-036 through KBDL-A11Y-040)",MISSING,Missing,MISSING,Missing,No,PASS,None
KBDL-A11Y-004,Packet or tracking destination,"WCAG 2.2 Level A/AA baseline requirements (KBDL-A11Y-001 through KBDL-A11Y-010, KBDL-A11Y-012 through KBDL-A11Y-020, KBDL-A11Y-022 through KBDL-A11Y-034, KBDL-A11Y-036 through KBDL-A11Y-040)",MISSING,Missing,MISSING,Missing,No,PASS,None
KBDL-A11Y-005,Packet or tracking destination,"WCAG 2.2 Level A/AA baseline requirements (KBDL-A11Y-001 through KBDL-A11Y-010, KBDL-A11Y-012 through KBDL-A11Y-020, KBDL-A11Y-022 through KBDL-A11Y-034, KBDL-A11Y-036 through KBDL-A11Y-040)",MISSING,Missing,MISSING,Missing,No,PASS,None
KBDL-A11Y-006,Packet or tracking destination,"WCAG 2.2 Level A/AA baseline requirements (KBDL-A11Y-001 through KBDL-A11Y-010, KBDL-A11Y-012 through KBDL-A11Y-020, KBDL-A11Y-022 through KBDL-A11Y-034, KBDL-A11Y-036 through KBDL-A11Y-040)",MISSING,Missing,MISSING,Missing,No,PASS,None
KBDL-A11Y-007,Packet or tracking destination,"WCAG 2.2 Level A/AA baseline requirements (KBDL-A11Y-001 through KBDL-A11Y-010, KBDL-A11Y-012 through KBDL-A11Y-020, KBDL-A11Y-022 through KBDL-A11Y-034, KBDL-A11Y-036 through KBDL-A11Y-040)",MISSING,Missing,MISSING,Missing,No,PASS,None
KBDL-A11Y-008,Packet or tracking destination,"WCAG 2.2 Level A/AA baseline requirements (KBDL-A11Y-001 through KBDL-A11Y-010, KBDL-A11Y-012 through KBDL-A11Y-020, KBDL-A11Y-022 through KBDL-A11Y-034, KBDL-A11Y-036 through KBDL-A11Y-040)",MISSING,Missing,MISSING,Missing,No,PASS,None
KBDL-A11Y-009,Packet or tracking destination,"WCAG 2.2 Level A/AA baseline requirements (KBDL-A11Y-001 through KBDL-A11Y-010, KBDL-A11Y-012 through KBDL-A11Y-020, KBDL-A11Y-022 through KBDL-A11Y-034, KBDL-A11Y-036 through KBDL-A11Y-040)",MISSING,Missing,MISSING,Missing,No,PASS,None
KBDL-A11Y-010,Packet or tracking destination,"WCAG 2.2 Level A/AA baseline requirements (KBDL-A11Y-001 through KBDL-A11Y-010, KBDL-A11Y-012 through KBDL-A11Y-020, KBDL-A11Y-022 through KBDL-A11Y-034, KBDL-A11Y-036 through KBDL-A11Y-040)",MISSING,Missing,MISSING,Missing,No,PASS,None
KBDL-A11Y-012,Packet or tracking destination,"WCAG 2.2 Level A/AA baseline requirements (KBDL-A11Y-001 through KBDL-A11Y-010, KBDL-A11Y-012 through KBDL-A11Y-020, KBDL-A11Y-022 through KBDL-A11Y-034, KBDL-A11Y-036 through KBDL-A11Y-040)",MISSING,Missing,MISSING,Missing,No,PASS,None
KBDL-A11Y-013,Packet or tracking destination,"WCAG 2.2 Level A/AA baseline requirements (KBDL-A11Y-001 through KBDL-A11Y-010, KBDL-A11Y-012 through KBDL-A11Y-020, KBDL-A11Y-022 through KBDL-A11Y-034, KBDL-A11Y-036 through KBDL-A11Y-040)",MISSING,Missing,MISSING,Missing,No,PASS,None
KBDL-A11Y-014,Packet or tracking destination,"WCAG 2.2 Level A/AA baseline requirements (KBDL-A11Y-001 through KBDL-A11Y-010, KBDL-A11Y-012 through KBDL-A11Y-020, KBDL-A11Y-022 through KBDL-A11Y-034, KBDL-A11Y-036 through KBDL-A11Y-040)",MISSING,Missing,MISSING,Missing,No,PASS,None
KBDL-A11Y-015,Packet or tracking destination,"WCAG 2.2 Level A/AA baseline requirements (KBDL-A11Y-001 through KBDL-A11Y-010, KBDL-A11Y-012 through KBDL-A11Y-020, KBDL-A11Y-022 through KBDL-A11Y-034, KBDL-A11Y-036 through KBDL-A11Y-040)",MISSING,Missing,MISSING,Missing,No,PASS,None
KBDL-A11Y-016,Packet or tracking destination,"WCAG 2.2 Level A/AA baseline requirements (KBDL-A11Y-001 through KBDL-A11Y-010, KBDL-A11Y-012 through KBDL-A11Y-020, KBDL-A11Y-022 through KBDL-A11Y-034, KBDL-A11Y-036 through KBDL-A11Y-040)",MISSING,Missing,MISSING,Missing,No,PASS,None
KBDL-A11Y-017,Packet or tracking destination,"WCAG 2.2 Level A/AA baseline requirements (KBDL-A11Y-001 through KBDL-A11Y-010, KBDL-A11Y-012 through KBDL-A11Y-020, KBDL-A11Y-022 through KBDL-A11Y-034, KBDL-A11Y-036 through KBDL-A11Y-040)",MISSING,Missing,MISSING,Missing,No,PASS,None
KBDL-A11Y-018,Packet or tracking destination,"WCAG 2.2 Level A/AA baseline requirements (KBDL-A11Y-001 through KBDL-A11Y-010, KBDL-A11Y-012 through KBDL-A11Y-020, KBDL-A11Y-022 through KBDL-A11Y-034, KBDL-A11Y-036 through KBDL-A11Y-040)",MISSING,Missing,MISSING,Missing,No,PASS,None
KBDL-A11Y-019,Packet or tracking destination,"WCAG 2.2 Level A/AA baseline requirements (KBDL-A11Y-001 through KBDL-A11Y-010, KBDL-A11Y-012 through KBDL-A11Y-020, KBDL-A11Y-022 through KBDL-A11Y-034, KBDL-A11Y-036 through KBDL-A11Y-040)",MISSING,Missing,MISSING,Missing,No,PASS,None
KBDL-A11Y-020,Packet or tracking destination,"WCAG 2.2 Level A/AA baseline requirements (KBDL-A11Y-001 through KBDL-A11Y-010, KBDL-A11Y-012 through KBDL-A11Y-020, KBDL-A11Y-022 through KBDL-A11Y-034, KBDL-A11Y-036 through KBDL-A11Y-040)",MISSING,Missing,MISSING,Missing,No,PASS,None
KBDL-A11Y-022,Packet or tracking destination,"WCAG 2.2 Level A/AA baseline requirements (KBDL-A11Y-001 through KBDL-A11Y-010, KBDL-A11Y-012 through KBDL-A11Y-020, KBDL-A11Y-022 through KBDL-A11Y-034, KBDL-A11Y-036 through KBDL-A11Y-040)",MISSING,Missing,MISSING,Missing,No,PASS,None
KBDL-A11Y-023,Packet or tracking destination,"WCAG 2.2 Level A/AA baseline requirements (KBDL-A11Y-001 through KBDL-A11Y-010, KBDL-A11Y-012 through KBDL-A11Y-020, KBDL-A11Y-022 through KBDL-A11Y-034, KBDL-A11Y-036 through KBDL-A11Y-040)",MISSING,Missing,MISSING,Missing,No,PASS,None
KBDL-A11Y-024,Packet or tracking destination,"WCAG 2.2 Level A/AA baseline requirements (KBDL-A11Y-001 through KBDL-A11Y-010, KBDL-A11Y-012 through KBDL-A11Y-020, KBDL-A11Y-022 through KBDL-A11Y-034, KBDL-A11Y-036 through KBDL-A11Y-040)",MISSING,Missing,MISSING,Missing,No,PASS,None
KBDL-A11Y-025,Packet or tracking destination,"WCAG 2.2 Level A/AA baseline requirements (KBDL-A11Y-001 through KBDL-A11Y-010, KBDL-A11Y-012 through KBDL-A11Y-020, KBDL-A11Y-022 through KBDL-A11Y-034, KBDL-A11Y-036 through KBDL-A11Y-040)",MISSING,Missing,MISSING,Missing,No,PASS,None
KBDL-A11Y-026,Packet or tracking destination,"WCAG 2.2 Level A/AA baseline requirements (KBDL-A11Y-001 through KBDL-A11Y-010, KBDL-A11Y-012 through KBDL-A11Y-020, KBDL-A11Y-022 through KBDL-A11Y-034, KBDL-A11Y-036 through KBDL-A11Y-040)",MISSING,Missing,MISSING,Missing,No,PASS,None
KBDL-A11Y-027,Packet or tracking destination,"WCAG 2.2 Level A/AA baseline requirements (KBDL-A11Y-001 through KBDL-A11Y-010, KBDL-A11Y-012 through KBDL-A11Y-020, KBDL-A11Y-022 through KBDL-A11Y-034, KBDL-A11Y-036 through KBDL-A11Y-040)",MISSING,Missing,MISSING,Missing,No,PASS,None
KBDL-A11Y-028,Packet or tracking destination,"WCAG 2.2 Level A/AA baseline requirements (KBDL-A11Y-001 through KBDL-A11Y-010, KBDL-A11Y-012 through KBDL-A11Y-020, KBDL-A11Y-022 through KBDL-A11Y-034, KBDL-A11Y-036 through KBDL-A11Y-040)",MISSING,Missing,MISSING,Missing,No,PASS,None
KBDL-A11Y-029,Packet or tracking destination,"WCAG 2.2 Level A/AA baseline requirements (KBDL-A11Y-001 through KBDL-A11Y-010, KBDL-A11Y-012 through KBDL-A11Y-020, KBDL-A11Y-022 through KBDL-A11Y-034, KBDL-A11Y-036 through KBDL-A11Y-040)",MISSING,Missing,MISSING,Missing,No,PASS,None
KBDL-A11Y-030,Packet or tracking destination,"WCAG 2.2 Level A/AA baseline requirements (KBDL-A11Y-001 through KBDL-A11Y-010, KBDL-A11Y-012 through KBDL-A11Y-020, KBDL-A11Y-022 through KBDL-A11Y-034, KBDL-A11Y-036 through KBDL-A11Y-040)",MISSING,Missing,MISSING,Missing,No,PASS,None
KBDL-A11Y-031,Packet or tracking destination,"WCAG 2.2 Level A/AA baseline requirements (KBDL-A11Y-001 through KBDL-A11Y-010, KBDL-A11Y-012 through KBDL-A11Y-020, KBDL-A11Y-022 through KBDL-A11Y-034, KBDL-A11Y-036 through KBDL-A11Y-040)",MISSING,Missing,MISSING,Missing,No,PASS,None
KBDL-A11Y-032,Packet or tracking destination,"WCAG 2.2 Level A/AA baseline requirements (KBDL-A11Y-001 through KBDL-A11Y-010, KBDL-A11Y-012 through KBDL-A11Y-020, KBDL-A11Y-022 through KBDL-A11Y-034, KBDL-A11Y-036 through KBDL-A11Y-040)",MISSING,Missing,MISSING,Missing,No,PASS,None
KBDL-A11Y-033,Packet or tracking destination,"WCAG 2.2 Level A/AA baseline requirements (KBDL-A11Y-001 through KBDL-A11Y-010, KBDL-A11Y-012 through KBDL-A11Y-020, KBDL-A11Y-022 through KBDL-A11Y-034, KBDL-A11Y-036 through KBDL-A11Y-040)",MISSING,Missing,MISSING,Missing,No,PASS,None
KBDL-A11Y-034,Packet or tracking destination,"WCAG 2.2 Level A/AA baseline requirements (KBDL-A11Y-001 through KBDL-A11Y-010, KBDL-A11Y-012 through KBDL-A11Y-020, KBDL-A11Y-022 through KBDL-A11Y-034, KBDL-A11Y-036 through KBDL-A11Y-040)",MISSING,Missing,MISSING,Missing,No,PASS,None
KBDL-A11Y-036,Packet or tracking destination,"WCAG 2.2 Level A/AA baseline requirements (KBDL-A11Y-001 through KBDL-A11Y-010, KBDL-A11Y-012 through KBDL-A11Y-020, KBDL-A11Y-022 through KBDL-A11Y-034, KBDL-A11Y-036 through KBDL-A11Y-040)",MISSING,Missing,MISSING,Missing,No,PASS,None
KBDL-A11Y-037,Packet or tracking destination,"WCAG 2.2 Level A/AA baseline requirements (KBDL-A11Y-001 through KBDL-A11Y-010, KBDL-A11Y-012 through KBDL-A11Y-020, KBDL-A11Y-022 through KBDL-A11Y-034, KBDL-A11Y-036 through KBDL-A11Y-040)",MISSING,Missing,MISSING,Missing,No,PASS,None
KBDL-A11Y-038,Packet or tracking destination,"WCAG 2.2 Level A/AA baseline requirements (KBDL-A11Y-001 through KBDL-A11Y-010, KBDL-A11Y-012 through KBDL-A11Y-020, KBDL-A11Y-022 through KBDL-A11Y-034, KBDL-A11Y-036 through KBDL-A11Y-040)",MISSING,Missing,MISSING,Missing,No,PASS,None
KBDL-A11Y-039,Packet or tracking destination,"WCAG 2.2 Level A/AA baseline requirements (KBDL-A11Y-001 through KBDL-A11Y-010, KBDL-A11Y-012 through KBDL-A11Y-020, KBDL-A11Y-022 through KBDL-A11Y-034, KBDL-A11Y-036 through KBDL-A11Y-040)",MISSING,Missing,MISSING,Missing,No,PASS,None
KBDL-A11Y-040,Packet or tracking destination,"WCAG 2.2 Level A/AA baseline requirements (KBDL-A11Y-001 through KBDL-A11Y-010, KBDL-A11Y-012 through KBDL-A11Y-020, KBDL-A11Y-022 through KBDL-A11Y-034, KBDL-A11Y-036 through KBDL-A11Y-040)",MISSING,Missing,MISSING,Missing,No,PASS,None
KBDL-A11Y-021,Packet or tracking destination,"WCAG 2.2 Level A/AA baseline requirements (KBDL-A11Y-001 through KBDL-A11Y-010, KBDL-A11Y-012 through KBDL-A11Y-020, KBDL-A11Y-022 through KBDL-A11Y-034, KBDL-A11Y-036 through KBDL-A11Y-040)",MISSING,Missing,MISSING,Missing,No,PASS,None
KBDL-A11Y-035,Packet or tracking destination,"WCAG 2.2 Level A/AA baseline requirements (KBDL-A11Y-001 through KBDL-A11Y-010, KBDL-A11Y-012 through KBDL-A11Y-020, KBDL-A11Y-022 through KBDL-A11Y-034, KBDL-A11Y-036 through KBDL-A11Y-040)",MISSING,Missing,MISSING,Missing,No,PASS,None
KBDL-A11Y-001,Pending dependencies,"WCAG 2.2 Level A/AA baseline requirements (KBDL-A11Y-001 through KBDL-A11Y-010, KBDL-A11Y-012 through KBDL-A11Y-020, KBDL-A11Y-022 through KBDL-A11Y-034, KBDL-A11Y-036 through KBDL-A11Y-040)",MISSING,Missing,MISSING,Missing,No,PASS,None
KBDL-A11Y-002,Pending dependencies,"WCAG 2.2 Level A/AA baseline requirements (KBDL-A11Y-001 through KBDL-A11Y-010, KBDL-A11Y-012 through KBDL-A11Y-020, KBDL-A11Y-022 through KBDL-A11Y-034, KBDL-A11Y-036 through KBDL-A11Y-040)",MISSING,Missing,MISSING,Missing,No,PASS,None
KBDL-A11Y-003,Pending dependencies,"WCAG 2.2 Level A/AA baseline requirements (KBDL-A11Y-001 through KBDL-A11Y-010, KBDL-A11Y-012 through KBDL-A11Y-020, KBDL-A11Y-022 through KBDL-A11Y-034, KBDL-A11Y-036 through KBDL-A11Y-040)",MISSING,Missing,MISSING,Missing,No,PASS,None
KBDL-A11Y-004,Pending dependencies,"WCAG 2.2 Level A/AA baseline requirements (KBDL-A11Y-001 through KBDL-A11Y-010, KBDL-A11Y-012 through KBDL-A11Y-020, KBDL-A11Y-022 through KBDL-A11Y-034, KBDL-A11Y-036 through KBDL-A11Y-040)",MISSING,Missing,MISSING,Missing,No,PASS,None
KBDL-A11Y-005,Pending dependencies,"WCAG 2.2 Level A/AA baseline requirements (KBDL-A11Y-001 through KBDL-A11Y-010, KBDL-A11Y-012 through KBDL-A11Y-020, KBDL-A11Y-022 through KBDL-A11Y-034, KBDL-A11Y-036 through KBDL-A11Y-040)",MISSING,Missing,MISSING,Missing,No,PASS,None
KBDL-A11Y-006,Pending dependencies,"WCAG 2.2 Level A/AA baseline requirements (KBDL-A11Y-001 through KBDL-A11Y-010, KBDL-A11Y-012 through KBDL-A11Y-020, KBDL-A11Y-022 through KBDL-A11Y-034, KBDL-A11Y-036 through KBDL-A11Y-040)",MISSING,Missing,MISSING,Missing,No,PASS,None
KBDL-A11Y-007,Pending dependencies,"WCAG 2.2 Level A/AA baseline requirements (KBDL-A11Y-001 through KBDL-A11Y-010, KBDL-A11Y-012 through KBDL-A11Y-020, KBDL-A11Y-022 through KBDL-A11Y-034, KBDL-A11Y-036 through KBDL-A11Y-040)",MISSING,Missing,MISSING,Missing,No,PASS,None
KBDL-A11Y-008,Pending dependencies,"WCAG 2.2 Level A/AA baseline requirements (KBDL-A11Y-001 through KBDL-A11Y-010, KBDL-A11Y-012 through KBDL-A11Y-020, KBDL-A11Y-022 through KBDL-A11Y-034, KBDL-A11Y-036 through KBDL-A11Y-040)",MISSING,Missing,MISSING,Missing,No,PASS,None
KBDL-A11Y-009,Pending dependencies,"WCAG 2.2 Level A/AA baseline requirements (KBDL-A11Y-001 through KBDL-A11Y-010, KBDL-A11Y-012 through KBDL-A11Y-020, KBDL-A11Y-022 through KBDL-A11Y-034, KBDL-A11Y-036 through KBDL-A11Y-040)",MISSING,Missing,MISSING,Missing,No,PASS,None
KBDL-A11Y-010,Pending dependencies,"WCAG 2.2 Level A/AA baseline requirements (KBDL-A11Y-001 through KBDL-A11Y-010, KBDL-A11Y-012 through KBDL-A11Y-020, KBDL-A11Y-022 through KBDL-A11Y-034, KBDL-A11Y-036 through KBDL-A11Y-040)",MISSING,Missing,MISSING,Missing,No,PASS,None
KBDL-A11Y-012,Pending dependencies,"WCAG 2.2 Level A/AA baseline requirements (KBDL-A11Y-001 through KBDL-A11Y-010, KBDL-A11Y-012 through KBDL-A11Y-020, KBDL-A11Y-022 through KBDL-A11Y-034, KBDL-A11Y-036 through KBDL-A11Y-040)",MISSING,Missing,MISSING,Missing,No,PASS,None
KBDL-A11Y-013,Pending dependencies,"WCAG 2.2 Level A/AA baseline requirements (KBDL-A11Y-001 through KBDL-A11Y-010, KBDL-A11Y-012 through KBDL-A11Y-020, KBDL-A11Y-022 through KBDL-A11Y-034, KBDL-A11Y-036 through KBDL-A11Y-040)",MISSING,Missing,MISSING,Missing,No,PASS,None
KBDL-A11Y-014,Pending dependencies,"WCAG 2.2 Level A/AA baseline requirements (KBDL-A11Y-001 through KBDL-A11Y-010, KBDL-A11Y-012 through KBDL-A11Y-020, KBDL-A11Y-022 through KBDL-A11Y-034, KBDL-A11Y-036 through KBDL-A11Y-040)",MISSING,Missing,MISSING,Missing,No,PASS,None
KBDL-A11Y-015,Pending dependencies,"WCAG 2.2 Level A/AA baseline requirements (KBDL-A11Y-001 through KBDL-A11Y-010, KBDL-A11Y-012 through KBDL-A11Y-020, KBDL-A11Y-022 through KBDL-A11Y-034, KBDL-A11Y-036 through KBDL-A11Y-040)",MISSING,Missing,MISSING,Missing,No,PASS,None
KBDL-A11Y-016,Pending dependencies,"WCAG 2.2 Level A/AA baseline requirements (KBDL-A11Y-001 through KBDL-A11Y-010, KBDL-A11Y-012 through KBDL-A11Y-020, KBDL-A11Y-022 through KBDL-A11Y-034, KBDL-A11Y-036 through KBDL-A11Y-040)",MISSING,Missing,MISSING,Missing,No,PASS,None
KBDL-A11Y-017,Pending dependencies,"WCAG 2.2 Level A/AA baseline requirements (KBDL-A11Y-001 through KBDL-A11Y-010, KBDL-A11Y-012 through KBDL-A11Y-020, KBDL-A11Y-022 through KBDL-A11Y-034, KBDL-A11Y-036 through KBDL-A11Y-040)",MISSING,Missing,MISSING,Missing,No,PASS,None
KBDL-A11Y-018,Pending dependencies,"WCAG 2.2 Level A/AA baseline requirements (KBDL-A11Y-001 through KBDL-A11Y-010, KBDL-A11Y-012 through KBDL-A11Y-020, KBDL-A11Y-022 through KBDL-A11Y-034, KBDL-A11Y-036 through KBDL-A11Y-040)",MISSING,Missing,MISSING,Missing,No,PASS,None
KBDL-A11Y-019,Pending dependencies,"WCAG 2.2 Level A/AA baseline requirements (KBDL-A11Y-001 through KBDL-A11Y-010, KBDL-A11Y-012 through KBDL-A11Y-020, KBDL-A11Y-022 through KBDL-A11Y-034, KBDL-A11Y-036 through KBDL-A11Y-040)",MISSING,Missing,MISSING,Missing,No,PASS,None
KBDL-A11Y-020,Pending dependencies,"WCAG 2.2 Level A/AA baseline requirements (KBDL-A11Y-001 through KBDL-A11Y-010, KBDL-A11Y-012 through KBDL-A11Y-020, KBDL-A11Y-022 through KBDL-A11Y-034, KBDL-A11Y-036 through KBDL-A11Y-040)",MISSING,Missing,MISSING,Missing,No,PASS,None
KBDL-A11Y-022,Pending dependencies,"WCAG 2.2 Level A/AA baseline requirements (KBDL-A11Y-001 through KBDL-A11Y-010, KBDL-A11Y-012 through KBDL-A11Y-020, KBDL-A11Y-022 through KBDL-A11Y-034, KBDL-A11Y-036 through KBDL-A11Y-040)",MISSING,Missing,MISSING,Missing,No,PASS,None
KBDL-A11Y-023,Pending dependencies,"WCAG 2.2 Level A/AA baseline requirements (KBDL-A11Y-001 through KBDL-A11Y-010, KBDL-A11Y-012 through KBDL-A11Y-020, KBDL-A11Y-022 through KBDL-A11Y-034, KBDL-A11Y-036 through KBDL-A11Y-040)",MISSING,Missing,MISSING,Missing,No,PASS,None
KBDL-A11Y-024,Pending dependencies,"WCAG 2.2 Level A/AA baseline requirements (KBDL-A11Y-001 through KBDL-A11Y-010, KBDL-A11Y-012 through KBDL-A11Y-020, KBDL-A11Y-022 through KBDL-A11Y-034, KBDL-A11Y-036 through KBDL-A11Y-040)",MISSING,Missing,MISSING,Missing,No,PASS,None
KBDL-A11Y-025,Pending dependencies,"WCAG 2.2 Level A/AA baseline requirements (KBDL-A11Y-001 through KBDL-A11Y-010, KBDL-A11Y-012 through KBDL-A11Y-020, KBDL-A11Y-022 through KBDL-A11Y-034, KBDL-A11Y-036 through KBDL-A11Y-040)",MISSING,Missing,MISSING,Missing,No,PASS,None
KBDL-A11Y-026,Pending dependencies,"WCAG 2.2 Level A/AA baseline requirements (KBDL-A11Y-001 through KBDL-A11Y-010, KBDL-A11Y-012 through KBDL-A11Y-020, KBDL-A11Y-022 through KBDL-A11Y-034, KBDL-A11Y-036 through KBDL-A11Y-040)",MISSING,Missing,MISSING,Missing,No,PASS,None
KBDL-A11Y-027,Pending dependencies,"WCAG 2.2 Level A/AA baseline requirements (KBDL-A11Y-001 through KBDL-A11Y-010, KBDL-A11Y-012 through KBDL-A11Y-020, KBDL-A11Y-022 through KBDL-A11Y-034, KBDL-A11Y-036 through KBDL-A11Y-040)",MISSING,Missing,MISSING,Missing,No,PASS,None
KBDL-A11Y-028,Pending dependencies,"WCAG 2.2 Level A/AA baseline requirements (KBDL-A11Y-001 through KBDL-A11Y-010, KBDL-A11Y-012 through KBDL-A11Y-020, KBDL-A11Y-022 through KBDL-A11Y-034, KBDL-A11Y-036 through KBDL-A11Y-040)",MISSING,Missing,MISSING,Missing,No,PASS,None
KBDL-A11Y-029,Pending dependencies,"WCAG 2.2 Level A/AA baseline requirements (KBDL-A11Y-001 through KBDL-A11Y-010, KBDL-A11Y-012 through KBDL-A11Y-020, KBDL-A11Y-022 through KBDL-A11Y-034, KBDL-A11Y-036 through KBDL-A11Y-040)",MISSING,Missing,MISSING,Missing,No,PASS,None
KBDL-A11Y-030,Pending dependencies,"WCAG 2.2 Level A/AA baseline requirements (KBDL-A11Y-001 through KBDL-A11Y-010, KBDL-A11Y-012 through KBDL-A11Y-020, KBDL-A11Y-022 through KBDL-A11Y-034, KBDL-A11Y-036 through KBDL-A11Y-040)",MISSING,Missing,MISSING,Missing,No,PASS,None
KBDL-A11Y-031,Pending dependencies,"WCAG 2.2 Level A/AA baseline requirements (KBDL-A11Y-001 through KBDL-A11Y-010, KBDL-A11Y-012 through KBDL-A11Y-020, KBDL-A11Y-022 through KBDL-A11Y-034, KBDL-A11Y-036 through KBDL-A11Y-040)",MISSING,Missing,MISSING,Missing,No,PASS,None
KBDL-A11Y-032,Pending dependencies,"WCAG 2.2 Level A/AA baseline requirements (KBDL-A11Y-001 through KBDL-A11Y-010, KBDL-A11Y-012 through KBDL-A11Y-020, KBDL-A11Y-022 through KBDL-A11Y-034, KBDL-A11Y-036 through KBDL-A11Y-040)",MISSING,Missing,MISSING,Missing,No,PASS,None
KBDL-A11Y-033,Pending dependencies,"WCAG 2.2 Level A/AA baseline requirements (KBDL-A11Y-001 through KBDL-A11Y-010, KBDL-A11Y-012 through KBDL-A11Y-020, KBDL-A11Y-022 through KBDL-A11Y-034, KBDL-A11Y-036 through KBDL-A11Y-040)",MISSING,Missing,MISSING,Missing,No,PASS,None
KBDL-A11Y-034,Pending dependencies,"WCAG 2.2 Level A/AA baseline requirements (KBDL-A11Y-001 through KBDL-A11Y-010, KBDL-A11Y-012 through KBDL-A11Y-020, KBDL-A11Y-022 through KBDL-A11Y-034, KBDL-A11Y-036 through KBDL-A11Y-040)",MISSING,Missing,MISSING,Missing,No,PASS,None
KBDL-A11Y-036,Pending dependencies,"WCAG 2.2 Level A/AA baseline requirements (KBDL-A11Y-001 through KBDL-A11Y-010, KBDL-A11Y-012 through KBDL-A11Y-020, KBDL-A11Y-022 through KBDL-A11Y-034, KBDL-A11Y-036 through KBDL-A11Y-040)",MISSING,Missing,MISSING,Missing,No,PASS,None
KBDL-A11Y-037,Pending dependencies,"WCAG 2.2 Level A/AA baseline requirements (KBDL-A11Y-001 through KBDL-A11Y-010, KBDL-A11Y-012 through KBDL-A11Y-020, KBDL-A11Y-022 through KBDL-A11Y-034, KBDL-A11Y-036 through KBDL-A11Y-040)",MISSING,Missing,MISSING,Missing,No,PASS,None
KBDL-A11Y-038,Pending dependencies,"WCAG 2.2 Level A/AA baseline requirements (KBDL-A11Y-001 through KBDL-A11Y-010, KBDL-A11Y-012 through KBDL-A11Y-020, KBDL-A11Y-022 through KBDL-A11Y-034, KBDL-A11Y-036 through KBDL-A11Y-040)",MISSING,Missing,MISSING,Missing,No,PASS,None
KBDL-A11Y-039,Pending dependencies,"WCAG 2.2 Level A/AA baseline requirements (KBDL-A11Y-001 through KBDL-A11Y-010, KBDL-A11Y-012 through KBDL-A11Y-020, KBDL-A11Y-022 through KBDL-A11Y-034, KBDL-A11Y-036 through KBDL-A11Y-040)",MISSING,Missing,MISSING,Missing,No,PASS,None
KBDL-A11Y-040,Pending dependencies,"WCAG 2.2 Level A/AA baseline requirements (KBDL-A11Y-001 through KBDL-A11Y-010, KBDL-A11Y-012 through KBDL-A11Y-020, KBDL-A11Y-022 through KBDL-A11Y-034, KBDL-A11Y-036 through KBDL-A11Y-040)",MISSING,Missing,MISSING,Missing,No,PASS,None
KBDL-A11Y-021,Pending dependencies,"WCAG 2.2 Level A/AA baseline requirements (KBDL-A11Y-001 through KBDL-A11Y-010, KBDL-A11Y-012 through KBDL-A11Y-020, KBDL-A11Y-022 through KBDL-A11Y-034, KBDL-A11Y-036 through KBDL-A11Y-040)",MISSING,Missing,MISSING,Missing,No,PASS,None
KBDL-A11Y-035,Pending dependencies,"WCAG 2.2 Level A/AA baseline requirements (KBDL-A11Y-001 through KBDL-A11Y-010, KBDL-A11Y-012 through KBDL-A11Y-020, KBDL-A11Y-022 through KBDL-A11Y-034, KBDL-A11Y-036 through KBDL-A11Y-040)",MISSING,Missing,MISSING,Missing,No,PASS,None
KBDL-A11Y-001,Related decision,"WCAG 2.2 Level A/AA baseline requirements (KBDL-A11Y-001 through KBDL-A11Y-010, KBDL-A11Y-012 through KBDL-A11Y-020, KBDL-A11Y-022 through KBDL-A11Y-034, KBDL-A11Y-036 through KBDL-A11Y-040)",`KBDL-DEC-010`.,Broad descriptive summary,`KBDL-DEC-010`.,Non-overriding summary,No,PASS,None
KBDL-A11Y-002,Related decision,"WCAG 2.2 Level A/AA baseline requirements (KBDL-A11Y-001 through KBDL-A11Y-010, KBDL-A11Y-012 through KBDL-A11Y-020, KBDL-A11Y-022 through KBDL-A11Y-034, KBDL-A11Y-036 through KBDL-A11Y-040)",`KBDL-DEC-010`.,Broad descriptive summary,`KBDL-DEC-010`.,Non-overriding summary,No,PASS,None
KBDL-A11Y-003,Related decision,"WCAG 2.2 Level A/AA baseline requirements (KBDL-A11Y-001 through KBDL-A11Y-010, KBDL-A11Y-012 through KBDL-A11Y-020, KBDL-A11Y-022 through KBDL-A11Y-034, KBDL-A11Y-036 through KBDL-A11Y-040)",`KBDL-DEC-010`.,Broad descriptive summary,`KBDL-DEC-010`.,Non-overriding summary,No,PASS,None
KBDL-A11Y-004,Related decision,"WCAG 2.2 Level A/AA baseline requirements (KBDL-A11Y-001 through KBDL-A11Y-010, KBDL-A11Y-012 through KBDL-A11Y-020, KBDL-A11Y-022 through KBDL-A11Y-034, KBDL-A11Y-036 through KBDL-A11Y-040)",`KBDL-DEC-010`.,Broad descriptive summary,`KBDL-DEC-010`.,Non-overriding summary,No,PASS,None
KBDL-A11Y-005,Related decision,"WCAG 2.2 Level A/AA baseline requirements (KBDL-A11Y-001 through KBDL-A11Y-010, KBDL-A11Y-012 through KBDL-A11Y-020, KBDL-A11Y-022 through KBDL-A11Y-034, KBDL-A11Y-036 through KBDL-A11Y-040)",`KBDL-DEC-010`.,Broad descriptive summary,`KBDL-DEC-010`.,Non-overriding summary,No,PASS,None
KBDL-A11Y-006,Related decision,"WCAG 2.2 Level A/AA baseline requirements (KBDL-A11Y-001 through KBDL-A11Y-010, KBDL-A11Y-012 through KBDL-A11Y-020, KBDL-A11Y-022 through KBDL-A11Y-034, KBDL-A11Y-036 through KBDL-A11Y-040)",`KBDL-DEC-010`.,Broad descriptive summary,`KBDL-DEC-010`.,Non-overriding summary,No,PASS,None
KBDL-A11Y-007,Related decision,"WCAG 2.2 Level A/AA baseline requirements (KBDL-A11Y-001 through KBDL-A11Y-010, KBDL-A11Y-012 through KBDL-A11Y-020, KBDL-A11Y-022 through KBDL-A11Y-034, KBDL-A11Y-036 through KBDL-A11Y-040)",`KBDL-DEC-010`.,Broad descriptive summary,`KBDL-DEC-010`.,Non-overriding summary,No,PASS,None
KBDL-A11Y-008,Related decision,"WCAG 2.2 Level A/AA baseline requirements (KBDL-A11Y-001 through KBDL-A11Y-010, KBDL-A11Y-012 through KBDL-A11Y-020, KBDL-A11Y-022 through KBDL-A11Y-034, KBDL-A11Y-036 through KBDL-A11Y-040)",`KBDL-DEC-010`.,Broad descriptive summary,`KBDL-DEC-010`.,Non-overriding summary,No,PASS,None
KBDL-A11Y-009,Related decision,"WCAG 2.2 Level A/AA baseline requirements (KBDL-A11Y-001 through KBDL-A11Y-010, KBDL-A11Y-012 through KBDL-A11Y-020, KBDL-A11Y-022 through KBDL-A11Y-034, KBDL-A11Y-036 through KBDL-A11Y-040)",`KBDL-DEC-010`.,Broad descriptive summary,`KBDL-DEC-010`.,Non-overriding summary,No,PASS,None
KBDL-A11Y-010,Related decision,"WCAG 2.2 Level A/AA baseline requirements (KBDL-A11Y-001 through KBDL-A11Y-010, KBDL-A11Y-012 through KBDL-A11Y-020, KBDL-A11Y-022 through KBDL-A11Y-034, KBDL-A11Y-036 through KBDL-A11Y-040)",`KBDL-DEC-010`.,Broad descriptive summary,`KBDL-DEC-010`.,Non-overriding summary,No,PASS,None
KBDL-A11Y-012,Related decision,"WCAG 2.2 Level A/AA baseline requirements (KBDL-A11Y-001 through KBDL-A11Y-010, KBDL-A11Y-012 through KBDL-A11Y-020, KBDL-A11Y-022 through KBDL-A11Y-034, KBDL-A11Y-036 through KBDL-A11Y-040)",`KBDL-DEC-010`.,Broad descriptive summary,`KBDL-DEC-010`.,Non-overriding summary,No,PASS,None
KBDL-A11Y-013,Related decision,"WCAG 2.2 Level A/AA baseline requirements (KBDL-A11Y-001 through KBDL-A11Y-010, KBDL-A11Y-012 through KBDL-A11Y-020, KBDL-A11Y-022 through KBDL-A11Y-034, KBDL-A11Y-036 through KBDL-A11Y-040)",`KBDL-DEC-010`.,Broad descriptive summary,`KBDL-DEC-010`.,Non-overriding summary,No,PASS,None
KBDL-A11Y-014,Related decision,"WCAG 2.2 Level A/AA baseline requirements (KBDL-A11Y-001 through KBDL-A11Y-010, KBDL-A11Y-012 through KBDL-A11Y-020, KBDL-A11Y-022 through KBDL-A11Y-034, KBDL-A11Y-036 through KBDL-A11Y-040)",`KBDL-DEC-010`.,Broad descriptive summary,`KBDL-DEC-010`.,Non-overriding summary,No,PASS,None
KBDL-A11Y-015,Related decision,"WCAG 2.2 Level A/AA baseline requirements (KBDL-A11Y-001 through KBDL-A11Y-010, KBDL-A11Y-012 through KBDL-A11Y-020, KBDL-A11Y-022 through KBDL-A11Y-034, KBDL-A11Y-036 through KBDL-A11Y-040)",`KBDL-DEC-010`.,Broad descriptive summary,`KBDL-DEC-010`.,Non-overriding summary,No,PASS,None
KBDL-A11Y-016,Related decision,"WCAG 2.2 Level A/AA baseline requirements (KBDL-A11Y-001 through KBDL-A11Y-010, KBDL-A11Y-012 through KBDL-A11Y-020, KBDL-A11Y-022 through KBDL-A11Y-034, KBDL-A11Y-036 through KBDL-A11Y-040)",`KBDL-DEC-010`.,Broad descriptive summary,`KBDL-DEC-010`.,Non-overriding summary,No,PASS,None
KBDL-A11Y-017,Related decision,"WCAG 2.2 Level A/AA baseline requirements (KBDL-A11Y-001 through KBDL-A11Y-010, KBDL-A11Y-012 through KBDL-A11Y-020, KBDL-A11Y-022 through KBDL-A11Y-034, KBDL-A11Y-036 through KBDL-A11Y-040)",`KBDL-DEC-010`.,Broad descriptive summary,`KBDL-DEC-010`.,Non-overriding summary,No,PASS,None
KBDL-A11Y-018,Related decision,"WCAG 2.2 Level A/AA baseline requirements (KBDL-A11Y-001 through KBDL-A11Y-010, KBDL-A11Y-012 through KBDL-A11Y-020, KBDL-A11Y-022 through KBDL-A11Y-034, KBDL-A11Y-036 through KBDL-A11Y-040)",`KBDL-DEC-010`.,Broad descriptive summary,`KBDL-DEC-010`.,Non-overriding summary,No,PASS,None
KBDL-A11Y-019,Related decision,"WCAG 2.2 Level A/AA baseline requirements (KBDL-A11Y-001 through KBDL-A11Y-010, KBDL-A11Y-012 through KBDL-A11Y-020, KBDL-A11Y-022 through KBDL-A11Y-034, KBDL-A11Y-036 through KBDL-A11Y-040)",`KBDL-DEC-010`.,Broad descriptive summary,`KBDL-DEC-010`.,Non-overriding summary,No,PASS,None
KBDL-A11Y-020,Related decision,"WCAG 2.2 Level A/AA baseline requirements (KBDL-A11Y-001 through KBDL-A11Y-010, KBDL-A11Y-012 through KBDL-A11Y-020, KBDL-A11Y-022 through KBDL-A11Y-034, KBDL-A11Y-036 through KBDL-A11Y-040)",`KBDL-DEC-010`.,Broad descriptive summary,`KBDL-DEC-010`.,Non-overriding summary,No,PASS,None
KBDL-A11Y-022,Related decision,"WCAG 2.2 Level A/AA baseline requirements (KBDL-A11Y-001 through KBDL-A11Y-010, KBDL-A11Y-012 through KBDL-A11Y-020, KBDL-A11Y-022 through KBDL-A11Y-034, KBDL-A11Y-036 through KBDL-A11Y-040)",`KBDL-DEC-010`.,Broad descriptive summary,`KBDL-DEC-010`.,Non-overriding summary,No,PASS,None
KBDL-A11Y-023,Related decision,"WCAG 2.2 Level A/AA baseline requirements (KBDL-A11Y-001 through KBDL-A11Y-010, KBDL-A11Y-012 through KBDL-A11Y-020, KBDL-A11Y-022 through KBDL-A11Y-034, KBDL-A11Y-036 through KBDL-A11Y-040)",`KBDL-DEC-010`.,Broad descriptive summary,`KBDL-DEC-010`.,Non-overriding summary,No,PASS,None
KBDL-A11Y-024,Related decision,"WCAG 2.2 Level A/AA baseline requirements (KBDL-A11Y-001 through KBDL-A11Y-010, KBDL-A11Y-012 through KBDL-A11Y-020, KBDL-A11Y-022 through KBDL-A11Y-034, KBDL-A11Y-036 through KBDL-A11Y-040)",`KBDL-DEC-010`.,Broad descriptive summary,`KBDL-DEC-010`.,Non-overriding summary,No,PASS,None
KBDL-A11Y-025,Related decision,"WCAG 2.2 Level A/AA baseline requirements (KBDL-A11Y-001 through KBDL-A11Y-010, KBDL-A11Y-012 through KBDL-A11Y-020, KBDL-A11Y-022 through KBDL-A11Y-034, KBDL-A11Y-036 through KBDL-A11Y-040)",`KBDL-DEC-010`.,Broad descriptive summary,`KBDL-DEC-010`.,Non-overriding summary,No,PASS,None
KBDL-A11Y-026,Related decision,"WCAG 2.2 Level A/AA baseline requirements (KBDL-A11Y-001 through KBDL-A11Y-010, KBDL-A11Y-012 through KBDL-A11Y-020, KBDL-A11Y-022 through KBDL-A11Y-034, KBDL-A11Y-036 through KBDL-A11Y-040)",`KBDL-DEC-010`.,Broad descriptive summary,`KBDL-DEC-010`.,Non-overriding summary,No,PASS,None
KBDL-A11Y-027,Related decision,"WCAG 2.2 Level A/AA baseline requirements (KBDL-A11Y-001 through KBDL-A11Y-010, KBDL-A11Y-012 through KBDL-A11Y-020, KBDL-A11Y-022 through KBDL-A11Y-034, KBDL-A11Y-036 through KBDL-A11Y-040)",`KBDL-DEC-010`.,Broad descriptive summary,`KBDL-DEC-010`.,Non-overriding summary,No,PASS,None
KBDL-A11Y-028,Related decision,"WCAG 2.2 Level A/AA baseline requirements (KBDL-A11Y-001 through KBDL-A11Y-010, KBDL-A11Y-012 through KBDL-A11Y-020, KBDL-A11Y-022 through KBDL-A11Y-034, KBDL-A11Y-036 through KBDL-A11Y-040)",`KBDL-DEC-010`.,Broad descriptive summary,`KBDL-DEC-010`.,Non-overriding summary,No,PASS,None
KBDL-A11Y-029,Related decision,"WCAG 2.2 Level A/AA baseline requirements (KBDL-A11Y-001 through KBDL-A11Y-010, KBDL-A11Y-012 through KBDL-A11Y-020, KBDL-A11Y-022 through KBDL-A11Y-034, KBDL-A11Y-036 through KBDL-A11Y-040)",`KBDL-DEC-010`.,Broad descriptive summary,`KBDL-DEC-010`.,Non-overriding summary,No,PASS,None
KBDL-A11Y-030,Related decision,"WCAG 2.2 Level A/AA baseline requirements (KBDL-A11Y-001 through KBDL-A11Y-010, KBDL-A11Y-012 through KBDL-A11Y-020, KBDL-A11Y-022 through KBDL-A11Y-034, KBDL-A11Y-036 through KBDL-A11Y-040)",`KBDL-DEC-010`.,Broad descriptive summary,`KBDL-DEC-010`.,Non-overriding summary,No,PASS,None
KBDL-A11Y-031,Related decision,"WCAG 2.2 Level A/AA baseline requirements (KBDL-A11Y-001 through KBDL-A11Y-010, KBDL-A11Y-012 through KBDL-A11Y-020, KBDL-A11Y-022 through KBDL-A11Y-034, KBDL-A11Y-036 through KBDL-A11Y-040)",`KBDL-DEC-010`.,Broad descriptive summary,`KBDL-DEC-010`.,Non-overriding summary,No,PASS,None
KBDL-A11Y-032,Related decision,"WCAG 2.2 Level A/AA baseline requirements (KBDL-A11Y-001 through KBDL-A11Y-010, KBDL-A11Y-012 through KBDL-A11Y-020, KBDL-A11Y-022 through KBDL-A11Y-034, KBDL-A11Y-036 through KBDL-A11Y-040)",`KBDL-DEC-010`.,Broad descriptive summary,`KBDL-DEC-010`.,Non-overriding summary,No,PASS,None
KBDL-A11Y-033,Related decision,"WCAG 2.2 Level A/AA baseline requirements (KBDL-A11Y-001 through KBDL-A11Y-010, KBDL-A11Y-012 through KBDL-A11Y-020, KBDL-A11Y-022 through KBDL-A11Y-034, KBDL-A11Y-036 through KBDL-A11Y-040)",`KBDL-DEC-010`.,Broad descriptive summary,`KBDL-DEC-010`.,Non-overriding summary,No,PASS,None
KBDL-A11Y-034,Related decision,"WCAG 2.2 Level A/AA baseline requirements (KBDL-A11Y-001 through KBDL-A11Y-010, KBDL-A11Y-012 through KBDL-A11Y-020, KBDL-A11Y-022 through KBDL-A11Y-034, KBDL-A11Y-036 through KBDL-A11Y-040)",`KBDL-DEC-010`.,Broad descriptive summary,`KBDL-DEC-010`.,Non-overriding summary,No,PASS,None
KBDL-A11Y-036,Related decision,"WCAG 2.2 Level A/AA baseline requirements (KBDL-A11Y-001 through KBDL-A11Y-010, KBDL-A11Y-012 through KBDL-A11Y-020, KBDL-A11Y-022 through KBDL-A11Y-034, KBDL-A11Y-036 through KBDL-A11Y-040)",`KBDL-DEC-010`.,Broad descriptive summary,`KBDL-DEC-010`.,Non-overriding summary,No,PASS,None
KBDL-A11Y-037,Related decision,"WCAG 2.2 Level A/AA baseline requirements (KBDL-A11Y-001 through KBDL-A11Y-010, KBDL-A11Y-012 through KBDL-A11Y-020, KBDL-A11Y-022 through KBDL-A11Y-034, KBDL-A11Y-036 through KBDL-A11Y-040)",`KBDL-DEC-010`.,Broad descriptive summary,`KBDL-DEC-010`.,Non-overriding summary,No,PASS,None
KBDL-A11Y-038,Related decision,"WCAG 2.2 Level A/AA baseline requirements (KBDL-A11Y-001 through KBDL-A11Y-010, KBDL-A11Y-012 through KBDL-A11Y-020, KBDL-A11Y-022 through KBDL-A11Y-034, KBDL-A11Y-036 through KBDL-A11Y-040)",`KBDL-DEC-010`.,Broad descriptive summary,`KBDL-DEC-010`.,Non-overriding summary,No,PASS,None
KBDL-A11Y-039,Related decision,"WCAG 2.2 Level A/AA baseline requirements (KBDL-A11Y-001 through KBDL-A11Y-010, KBDL-A11Y-012 through KBDL-A11Y-020, KBDL-A11Y-022 through KBDL-A11Y-034, KBDL-A11Y-036 through KBDL-A11Y-040)",`KBDL-DEC-010`.,Broad descriptive summary,`KBDL-DEC-010`.,Non-overriding summary,No,PASS,None
KBDL-A11Y-040,Related decision,"WCAG 2.2 Level A/AA baseline requirements (KBDL-A11Y-001 through KBDL-A11Y-010, KBDL-A11Y-012 through KBDL-A11Y-020, KBDL-A11Y-022 through KBDL-A11Y-034, KBDL-A11Y-036 through KBDL-A11Y-040)",`KBDL-DEC-010`.,Broad descriptive summary,`KBDL-DEC-010`.,Non-overriding summary,No,PASS,None
KBDL-A11Y-021,Related decision,"WCAG 2.2 Level A/AA baseline requirements (KBDL-A11Y-001 through KBDL-A11Y-010, KBDL-A11Y-012 through KBDL-A11Y-020, KBDL-A11Y-022 through KBDL-A11Y-034, KBDL-A11Y-036 through KBDL-A11Y-040)",`KBDL-DEC-010`.,Broad descriptive summary,`KBDL-DEC-010`.,Non-overriding summary,No,PASS,None
KBDL-A11Y-035,Related decision,"WCAG 2.2 Level A/AA baseline requirements (KBDL-A11Y-001 through KBDL-A11Y-010, KBDL-A11Y-012 through KBDL-A11Y-020, KBDL-A11Y-022 through KBDL-A11Y-034, KBDL-A11Y-036 through KBDL-A11Y-040)",`KBDL-DEC-010`.,Broad descriptive summary,`KBDL-DEC-010`.,Non-overriding summary,No,PASS,None
KBDL-A11Y-001,Notes or exclusions,"WCAG 2.2 Level A/AA baseline requirements (KBDL-A11Y-001 through KBDL-A11Y-010, KBDL-A11Y-012 through KBDL-A11Y-020, KBDL-A11Y-022 through KBDL-A11Y-034, KBDL-A11Y-036 through KBDL-A11Y-040)",No AAA-level criterion is described as AA anywhere in this set; see [accessibility.md §3](accessibility.md#3-wcag-22-level-aa-mapping) for the exact criterion-to-section mapping.,Broad descriptive summary,No AAA-level criterion is described as AA anywhere in this set; see [accessibility.md §3](accessibility.md#3-wcag-22-level-aa-mapping) for the exact criterion-to-section mapping.,Non-overriding summary,No,PASS,None
KBDL-A11Y-002,Notes or exclusions,"WCAG 2.2 Level A/AA baseline requirements (KBDL-A11Y-001 through KBDL-A11Y-010, KBDL-A11Y-012 through KBDL-A11Y-020, KBDL-A11Y-022 through KBDL-A11Y-034, KBDL-A11Y-036 through KBDL-A11Y-040)",No AAA-level criterion is described as AA anywhere in this set; see [accessibility.md §3](accessibility.md#3-wcag-22-level-aa-mapping) for the exact criterion-to-section mapping.,Broad descriptive summary,No AAA-level criterion is described as AA anywhere in this set; see [accessibility.md §3](accessibility.md#3-wcag-22-level-aa-mapping) for the exact criterion-to-section mapping.,Non-overriding summary,No,PASS,None
KBDL-A11Y-003,Notes or exclusions,"WCAG 2.2 Level A/AA baseline requirements (KBDL-A11Y-001 through KBDL-A11Y-010, KBDL-A11Y-012 through KBDL-A11Y-020, KBDL-A11Y-022 through KBDL-A11Y-034, KBDL-A11Y-036 through KBDL-A11Y-040)",No AAA-level criterion is described as AA anywhere in this set; see [accessibility.md §3](accessibility.md#3-wcag-22-level-aa-mapping) for the exact criterion-to-section mapping.,Broad descriptive summary,No AAA-level criterion is described as AA anywhere in this set; see [accessibility.md §3](accessibility.md#3-wcag-22-level-aa-mapping) for the exact criterion-to-section mapping.,Non-overriding summary,No,PASS,None
KBDL-A11Y-004,Notes or exclusions,"WCAG 2.2 Level A/AA baseline requirements (KBDL-A11Y-001 through KBDL-A11Y-010, KBDL-A11Y-012 through KBDL-A11Y-020, KBDL-A11Y-022 through KBDL-A11Y-034, KBDL-A11Y-036 through KBDL-A11Y-040)",No AAA-level criterion is described as AA anywhere in this set; see [accessibility.md §3](accessibility.md#3-wcag-22-level-aa-mapping) for the exact criterion-to-section mapping.,Broad descriptive summary,No AAA-level criterion is described as AA anywhere in this set; see [accessibility.md §3](accessibility.md#3-wcag-22-level-aa-mapping) for the exact criterion-to-section mapping.,Non-overriding summary,No,PASS,None
KBDL-A11Y-005,Notes or exclusions,"WCAG 2.2 Level A/AA baseline requirements (KBDL-A11Y-001 through KBDL-A11Y-010, KBDL-A11Y-012 through KBDL-A11Y-020, KBDL-A11Y-022 through KBDL-A11Y-034, KBDL-A11Y-036 through KBDL-A11Y-040)",No AAA-level criterion is described as AA anywhere in this set; see [accessibility.md §3](accessibility.md#3-wcag-22-level-aa-mapping) for the exact criterion-to-section mapping.,Broad descriptive summary,No AAA-level criterion is described as AA anywhere in this set; see [accessibility.md §3](accessibility.md#3-wcag-22-level-aa-mapping) for the exact criterion-to-section mapping.,Non-overriding summary,No,PASS,None
KBDL-A11Y-006,Notes or exclusions,"WCAG 2.2 Level A/AA baseline requirements (KBDL-A11Y-001 through KBDL-A11Y-010, KBDL-A11Y-012 through KBDL-A11Y-020, KBDL-A11Y-022 through KBDL-A11Y-034, KBDL-A11Y-036 through KBDL-A11Y-040)",No AAA-level criterion is described as AA anywhere in this set; see [accessibility.md §3](accessibility.md#3-wcag-22-level-aa-mapping) for the exact criterion-to-section mapping.,Broad descriptive summary,No AAA-level criterion is described as AA anywhere in this set; see [accessibility.md §3](accessibility.md#3-wcag-22-level-aa-mapping) for the exact criterion-to-section mapping.,Non-overriding summary,No,PASS,None
KBDL-A11Y-007,Notes or exclusions,"WCAG 2.2 Level A/AA baseline requirements (KBDL-A11Y-001 through KBDL-A11Y-010, KBDL-A11Y-012 through KBDL-A11Y-020, KBDL-A11Y-022 through KBDL-A11Y-034, KBDL-A11Y-036 through KBDL-A11Y-040)",No AAA-level criterion is described as AA anywhere in this set; see [accessibility.md §3](accessibility.md#3-wcag-22-level-aa-mapping) for the exact criterion-to-section mapping.,Broad descriptive summary,No AAA-level criterion is described as AA anywhere in this set; see [accessibility.md §3](accessibility.md#3-wcag-22-level-aa-mapping) for the exact criterion-to-section mapping.,Non-overriding summary,No,PASS,None
KBDL-A11Y-008,Notes or exclusions,"WCAG 2.2 Level A/AA baseline requirements (KBDL-A11Y-001 through KBDL-A11Y-010, KBDL-A11Y-012 through KBDL-A11Y-020, KBDL-A11Y-022 through KBDL-A11Y-034, KBDL-A11Y-036 through KBDL-A11Y-040)",No AAA-level criterion is described as AA anywhere in this set; see [accessibility.md §3](accessibility.md#3-wcag-22-level-aa-mapping) for the exact criterion-to-section mapping.,Broad descriptive summary,No AAA-level criterion is described as AA anywhere in this set; see [accessibility.md §3](accessibility.md#3-wcag-22-level-aa-mapping) for the exact criterion-to-section mapping.,Non-overriding summary,No,PASS,None
KBDL-A11Y-009,Notes or exclusions,"WCAG 2.2 Level A/AA baseline requirements (KBDL-A11Y-001 through KBDL-A11Y-010, KBDL-A11Y-012 through KBDL-A11Y-020, KBDL-A11Y-022 through KBDL-A11Y-034, KBDL-A11Y-036 through KBDL-A11Y-040)",No AAA-level criterion is described as AA anywhere in this set; see [accessibility.md §3](accessibility.md#3-wcag-22-level-aa-mapping) for the exact criterion-to-section mapping.,Broad descriptive summary,No AAA-level criterion is described as AA anywhere in this set; see [accessibility.md §3](accessibility.md#3-wcag-22-level-aa-mapping) for the exact criterion-to-section mapping.,Non-overriding summary,No,PASS,None
KBDL-A11Y-010,Notes or exclusions,"WCAG 2.2 Level A/AA baseline requirements (KBDL-A11Y-001 through KBDL-A11Y-010, KBDL-A11Y-012 through KBDL-A11Y-020, KBDL-A11Y-022 through KBDL-A11Y-034, KBDL-A11Y-036 through KBDL-A11Y-040)",No AAA-level criterion is described as AA anywhere in this set; see [accessibility.md §3](accessibility.md#3-wcag-22-level-aa-mapping) for the exact criterion-to-section mapping.,Broad descriptive summary,No AAA-level criterion is described as AA anywhere in this set; see [accessibility.md §3](accessibility.md#3-wcag-22-level-aa-mapping) for the exact criterion-to-section mapping.,Non-overriding summary,No,PASS,None
KBDL-A11Y-012,Notes or exclusions,"WCAG 2.2 Level A/AA baseline requirements (KBDL-A11Y-001 through KBDL-A11Y-010, KBDL-A11Y-012 through KBDL-A11Y-020, KBDL-A11Y-022 through KBDL-A11Y-034, KBDL-A11Y-036 through KBDL-A11Y-040)",No AAA-level criterion is described as AA anywhere in this set; see [accessibility.md §3](accessibility.md#3-wcag-22-level-aa-mapping) for the exact criterion-to-section mapping.,Broad descriptive summary,No AAA-level criterion is described as AA anywhere in this set; see [accessibility.md §3](accessibility.md#3-wcag-22-level-aa-mapping) for the exact criterion-to-section mapping.,Non-overriding summary,No,PASS,None
KBDL-A11Y-013,Notes or exclusions,"WCAG 2.2 Level A/AA baseline requirements (KBDL-A11Y-001 through KBDL-A11Y-010, KBDL-A11Y-012 through KBDL-A11Y-020, KBDL-A11Y-022 through KBDL-A11Y-034, KBDL-A11Y-036 through KBDL-A11Y-040)",No AAA-level criterion is described as AA anywhere in this set; see [accessibility.md §3](accessibility.md#3-wcag-22-level-aa-mapping) for the exact criterion-to-section mapping.,Broad descriptive summary,No AAA-level criterion is described as AA anywhere in this set; see [accessibility.md §3](accessibility.md#3-wcag-22-level-aa-mapping) for the exact criterion-to-section mapping.,Non-overriding summary,No,PASS,None
KBDL-A11Y-014,Notes or exclusions,"WCAG 2.2 Level A/AA baseline requirements (KBDL-A11Y-001 through KBDL-A11Y-010, KBDL-A11Y-012 through KBDL-A11Y-020, KBDL-A11Y-022 through KBDL-A11Y-034, KBDL-A11Y-036 through KBDL-A11Y-040)",No AAA-level criterion is described as AA anywhere in this set; see [accessibility.md §3](accessibility.md#3-wcag-22-level-aa-mapping) for the exact criterion-to-section mapping.,Broad descriptive summary,No AAA-level criterion is described as AA anywhere in this set; see [accessibility.md §3](accessibility.md#3-wcag-22-level-aa-mapping) for the exact criterion-to-section mapping.,Non-overriding summary,No,PASS,None
KBDL-A11Y-015,Notes or exclusions,"WCAG 2.2 Level A/AA baseline requirements (KBDL-A11Y-001 through KBDL-A11Y-010, KBDL-A11Y-012 through KBDL-A11Y-020, KBDL-A11Y-022 through KBDL-A11Y-034, KBDL-A11Y-036 through KBDL-A11Y-040)",No AAA-level criterion is described as AA anywhere in this set; see [accessibility.md §3](accessibility.md#3-wcag-22-level-aa-mapping) for the exact criterion-to-section mapping.,Broad descriptive summary,No AAA-level criterion is described as AA anywhere in this set; see [accessibility.md §3](accessibility.md#3-wcag-22-level-aa-mapping) for the exact criterion-to-section mapping.,Non-overriding summary,No,PASS,None
KBDL-A11Y-016,Notes or exclusions,"WCAG 2.2 Level A/AA baseline requirements (KBDL-A11Y-001 through KBDL-A11Y-010, KBDL-A11Y-012 through KBDL-A11Y-020, KBDL-A11Y-022 through KBDL-A11Y-034, KBDL-A11Y-036 through KBDL-A11Y-040)",No AAA-level criterion is described as AA anywhere in this set; see [accessibility.md §3](accessibility.md#3-wcag-22-level-aa-mapping) for the exact criterion-to-section mapping.,Broad descriptive summary,No AAA-level criterion is described as AA anywhere in this set; see [accessibility.md §3](accessibility.md#3-wcag-22-level-aa-mapping) for the exact criterion-to-section mapping.,Non-overriding summary,No,PASS,None
KBDL-A11Y-017,Notes or exclusions,"WCAG 2.2 Level A/AA baseline requirements (KBDL-A11Y-001 through KBDL-A11Y-010, KBDL-A11Y-012 through KBDL-A11Y-020, KBDL-A11Y-022 through KBDL-A11Y-034, KBDL-A11Y-036 through KBDL-A11Y-040)",No AAA-level criterion is described as AA anywhere in this set; see [accessibility.md §3](accessibility.md#3-wcag-22-level-aa-mapping) for the exact criterion-to-section mapping.,Broad descriptive summary,No AAA-level criterion is described as AA anywhere in this set; see [accessibility.md §3](accessibility.md#3-wcag-22-level-aa-mapping) for the exact criterion-to-section mapping.,Non-overriding summary,No,PASS,None
KBDL-A11Y-018,Notes or exclusions,"WCAG 2.2 Level A/AA baseline requirements (KBDL-A11Y-001 through KBDL-A11Y-010, KBDL-A11Y-012 through KBDL-A11Y-020, KBDL-A11Y-022 through KBDL-A11Y-034, KBDL-A11Y-036 through KBDL-A11Y-040)",No AAA-level criterion is described as AA anywhere in this set; see [accessibility.md §3](accessibility.md#3-wcag-22-level-aa-mapping) for the exact criterion-to-section mapping.,Broad descriptive summary,No AAA-level criterion is described as AA anywhere in this set; see [accessibility.md §3](accessibility.md#3-wcag-22-level-aa-mapping) for the exact criterion-to-section mapping.,Non-overriding summary,No,PASS,None
KBDL-A11Y-019,Notes or exclusions,"WCAG 2.2 Level A/AA baseline requirements (KBDL-A11Y-001 through KBDL-A11Y-010, KBDL-A11Y-012 through KBDL-A11Y-020, KBDL-A11Y-022 through KBDL-A11Y-034, KBDL-A11Y-036 through KBDL-A11Y-040)",No AAA-level criterion is described as AA anywhere in this set; see [accessibility.md §3](accessibility.md#3-wcag-22-level-aa-mapping) for the exact criterion-to-section mapping.,Broad descriptive summary,No AAA-level criterion is described as AA anywhere in this set; see [accessibility.md §3](accessibility.md#3-wcag-22-level-aa-mapping) for the exact criterion-to-section mapping.,Non-overriding summary,No,PASS,None
KBDL-A11Y-020,Notes or exclusions,"WCAG 2.2 Level A/AA baseline requirements (KBDL-A11Y-001 through KBDL-A11Y-010, KBDL-A11Y-012 through KBDL-A11Y-020, KBDL-A11Y-022 through KBDL-A11Y-034, KBDL-A11Y-036 through KBDL-A11Y-040)",No AAA-level criterion is described as AA anywhere in this set; see [accessibility.md §3](accessibility.md#3-wcag-22-level-aa-mapping) for the exact criterion-to-section mapping.,Broad descriptive summary,No AAA-level criterion is described as AA anywhere in this set; see [accessibility.md §3](accessibility.md#3-wcag-22-level-aa-mapping) for the exact criterion-to-section mapping.,Non-overriding summary,No,PASS,None
KBDL-A11Y-022,Notes or exclusions,"WCAG 2.2 Level A/AA baseline requirements (KBDL-A11Y-001 through KBDL-A11Y-010, KBDL-A11Y-012 through KBDL-A11Y-020, KBDL-A11Y-022 through KBDL-A11Y-034, KBDL-A11Y-036 through KBDL-A11Y-040)",No AAA-level criterion is described as AA anywhere in this set; see [accessibility.md §3](accessibility.md#3-wcag-22-level-aa-mapping) for the exact criterion-to-section mapping.,Broad descriptive summary,No AAA-level criterion is described as AA anywhere in this set; see [accessibility.md §3](accessibility.md#3-wcag-22-level-aa-mapping) for the exact criterion-to-section mapping.,Non-overriding summary,No,PASS,None
KBDL-A11Y-023,Notes or exclusions,"WCAG 2.2 Level A/AA baseline requirements (KBDL-A11Y-001 through KBDL-A11Y-010, KBDL-A11Y-012 through KBDL-A11Y-020, KBDL-A11Y-022 through KBDL-A11Y-034, KBDL-A11Y-036 through KBDL-A11Y-040)",No AAA-level criterion is described as AA anywhere in this set; see [accessibility.md §3](accessibility.md#3-wcag-22-level-aa-mapping) for the exact criterion-to-section mapping.,Broad descriptive summary,No AAA-level criterion is described as AA anywhere in this set; see [accessibility.md §3](accessibility.md#3-wcag-22-level-aa-mapping) for the exact criterion-to-section mapping.,Non-overriding summary,No,PASS,None
KBDL-A11Y-024,Notes or exclusions,"WCAG 2.2 Level A/AA baseline requirements (KBDL-A11Y-001 through KBDL-A11Y-010, KBDL-A11Y-012 through KBDL-A11Y-020, KBDL-A11Y-022 through KBDL-A11Y-034, KBDL-A11Y-036 through KBDL-A11Y-040)",No AAA-level criterion is described as AA anywhere in this set; see [accessibility.md §3](accessibility.md#3-wcag-22-level-aa-mapping) for the exact criterion-to-section mapping.,Broad descriptive summary,No AAA-level criterion is described as AA anywhere in this set; see [accessibility.md §3](accessibility.md#3-wcag-22-level-aa-mapping) for the exact criterion-to-section mapping.,Non-overriding summary,No,PASS,None
KBDL-A11Y-025,Notes or exclusions,"WCAG 2.2 Level A/AA baseline requirements (KBDL-A11Y-001 through KBDL-A11Y-010, KBDL-A11Y-012 through KBDL-A11Y-020, KBDL-A11Y-022 through KBDL-A11Y-034, KBDL-A11Y-036 through KBDL-A11Y-040)",No AAA-level criterion is described as AA anywhere in this set; see [accessibility.md §3](accessibility.md#3-wcag-22-level-aa-mapping) for the exact criterion-to-section mapping.,Broad descriptive summary,No AAA-level criterion is described as AA anywhere in this set; see [accessibility.md §3](accessibility.md#3-wcag-22-level-aa-mapping) for the exact criterion-to-section mapping.,Non-overriding summary,No,PASS,None
KBDL-A11Y-026,Notes or exclusions,"WCAG 2.2 Level A/AA baseline requirements (KBDL-A11Y-001 through KBDL-A11Y-010, KBDL-A11Y-012 through KBDL-A11Y-020, KBDL-A11Y-022 through KBDL-A11Y-034, KBDL-A11Y-036 through KBDL-A11Y-040)",No AAA-level criterion is described as AA anywhere in this set; see [accessibility.md §3](accessibility.md#3-wcag-22-level-aa-mapping) for the exact criterion-to-section mapping.,Broad descriptive summary,No AAA-level criterion is described as AA anywhere in this set; see [accessibility.md §3](accessibility.md#3-wcag-22-level-aa-mapping) for the exact criterion-to-section mapping.,Non-overriding summary,No,PASS,None
KBDL-A11Y-027,Notes or exclusions,"WCAG 2.2 Level A/AA baseline requirements (KBDL-A11Y-001 through KBDL-A11Y-010, KBDL-A11Y-012 through KBDL-A11Y-020, KBDL-A11Y-022 through KBDL-A11Y-034, KBDL-A11Y-036 through KBDL-A11Y-040)",No AAA-level criterion is described as AA anywhere in this set; see [accessibility.md §3](accessibility.md#3-wcag-22-level-aa-mapping) for the exact criterion-to-section mapping.,Broad descriptive summary,No AAA-level criterion is described as AA anywhere in this set; see [accessibility.md §3](accessibility.md#3-wcag-22-level-aa-mapping) for the exact criterion-to-section mapping.,Non-overriding summary,No,PASS,None
KBDL-A11Y-028,Notes or exclusions,"WCAG 2.2 Level A/AA baseline requirements (KBDL-A11Y-001 through KBDL-A11Y-010, KBDL-A11Y-012 through KBDL-A11Y-020, KBDL-A11Y-022 through KBDL-A11Y-034, KBDL-A11Y-036 through KBDL-A11Y-040)",No AAA-level criterion is described as AA anywhere in this set; see [accessibility.md §3](accessibility.md#3-wcag-22-level-aa-mapping) for the exact criterion-to-section mapping.,Broad descriptive summary,No AAA-level criterion is described as AA anywhere in this set; see [accessibility.md §3](accessibility.md#3-wcag-22-level-aa-mapping) for the exact criterion-to-section mapping.,Non-overriding summary,No,PASS,None
KBDL-A11Y-029,Notes or exclusions,"WCAG 2.2 Level A/AA baseline requirements (KBDL-A11Y-001 through KBDL-A11Y-010, KBDL-A11Y-012 through KBDL-A11Y-020, KBDL-A11Y-022 through KBDL-A11Y-034, KBDL-A11Y-036 through KBDL-A11Y-040)",No AAA-level criterion is described as AA anywhere in this set; see [accessibility.md §3](accessibility.md#3-wcag-22-level-aa-mapping) for the exact criterion-to-section mapping.,Broad descriptive summary,No AAA-level criterion is described as AA anywhere in this set; see [accessibility.md §3](accessibility.md#3-wcag-22-level-aa-mapping) for the exact criterion-to-section mapping.,Non-overriding summary,No,PASS,None
KBDL-A11Y-030,Notes or exclusions,"WCAG 2.2 Level A/AA baseline requirements (KBDL-A11Y-001 through KBDL-A11Y-010, KBDL-A11Y-012 through KBDL-A11Y-020, KBDL-A11Y-022 through KBDL-A11Y-034, KBDL-A11Y-036 through KBDL-A11Y-040)",No AAA-level criterion is described as AA anywhere in this set; see [accessibility.md §3](accessibility.md#3-wcag-22-level-aa-mapping) for the exact criterion-to-section mapping.,Broad descriptive summary,No AAA-level criterion is described as AA anywhere in this set; see [accessibility.md §3](accessibility.md#3-wcag-22-level-aa-mapping) for the exact criterion-to-section mapping.,Non-overriding summary,No,PASS,None
KBDL-A11Y-031,Notes or exclusions,"WCAG 2.2 Level A/AA baseline requirements (KBDL-A11Y-001 through KBDL-A11Y-010, KBDL-A11Y-012 through KBDL-A11Y-020, KBDL-A11Y-022 through KBDL-A11Y-034, KBDL-A11Y-036 through KBDL-A11Y-040)",No AAA-level criterion is described as AA anywhere in this set; see [accessibility.md §3](accessibility.md#3-wcag-22-level-aa-mapping) for the exact criterion-to-section mapping.,Broad descriptive summary,No AAA-level criterion is described as AA anywhere in this set; see [accessibility.md §3](accessibility.md#3-wcag-22-level-aa-mapping) for the exact criterion-to-section mapping.,Non-overriding summary,No,PASS,None
KBDL-A11Y-032,Notes or exclusions,"WCAG 2.2 Level A/AA baseline requirements (KBDL-A11Y-001 through KBDL-A11Y-010, KBDL-A11Y-012 through KBDL-A11Y-020, KBDL-A11Y-022 through KBDL-A11Y-034, KBDL-A11Y-036 through KBDL-A11Y-040)",No AAA-level criterion is described as AA anywhere in this set; see [accessibility.md §3](accessibility.md#3-wcag-22-level-aa-mapping) for the exact criterion-to-section mapping.,Broad descriptive summary,No AAA-level criterion is described as AA anywhere in this set; see [accessibility.md §3](accessibility.md#3-wcag-22-level-aa-mapping) for the exact criterion-to-section mapping.,Non-overriding summary,No,PASS,None
KBDL-A11Y-033,Notes or exclusions,"WCAG 2.2 Level A/AA baseline requirements (KBDL-A11Y-001 through KBDL-A11Y-010, KBDL-A11Y-012 through KBDL-A11Y-020, KBDL-A11Y-022 through KBDL-A11Y-034, KBDL-A11Y-036 through KBDL-A11Y-040)",No AAA-level criterion is described as AA anywhere in this set; see [accessibility.md §3](accessibility.md#3-wcag-22-level-aa-mapping) for the exact criterion-to-section mapping.,Broad descriptive summary,No AAA-level criterion is described as AA anywhere in this set; see [accessibility.md §3](accessibility.md#3-wcag-22-level-aa-mapping) for the exact criterion-to-section mapping.,Non-overriding summary,No,PASS,None
KBDL-A11Y-034,Notes or exclusions,"WCAG 2.2 Level A/AA baseline requirements (KBDL-A11Y-001 through KBDL-A11Y-010, KBDL-A11Y-012 through KBDL-A11Y-020, KBDL-A11Y-022 through KBDL-A11Y-034, KBDL-A11Y-036 through KBDL-A11Y-040)",No AAA-level criterion is described as AA anywhere in this set; see [accessibility.md §3](accessibility.md#3-wcag-22-level-aa-mapping) for the exact criterion-to-section mapping.,Broad descriptive summary,No AAA-level criterion is described as AA anywhere in this set; see [accessibility.md §3](accessibility.md#3-wcag-22-level-aa-mapping) for the exact criterion-to-section mapping.,Non-overriding summary,No,PASS,None
KBDL-A11Y-036,Notes or exclusions,"WCAG 2.2 Level A/AA baseline requirements (KBDL-A11Y-001 through KBDL-A11Y-010, KBDL-A11Y-012 through KBDL-A11Y-020, KBDL-A11Y-022 through KBDL-A11Y-034, KBDL-A11Y-036 through KBDL-A11Y-040)",No AAA-level criterion is described as AA anywhere in this set; see [accessibility.md §3](accessibility.md#3-wcag-22-level-aa-mapping) for the exact criterion-to-section mapping.,Broad descriptive summary,No AAA-level criterion is described as AA anywhere in this set; see [accessibility.md §3](accessibility.md#3-wcag-22-level-aa-mapping) for the exact criterion-to-section mapping.,Non-overriding summary,No,PASS,None
KBDL-A11Y-037,Notes or exclusions,"WCAG 2.2 Level A/AA baseline requirements (KBDL-A11Y-001 through KBDL-A11Y-010, KBDL-A11Y-012 through KBDL-A11Y-020, KBDL-A11Y-022 through KBDL-A11Y-034, KBDL-A11Y-036 through KBDL-A11Y-040)",No AAA-level criterion is described as AA anywhere in this set; see [accessibility.md §3](accessibility.md#3-wcag-22-level-aa-mapping) for the exact criterion-to-section mapping.,Broad descriptive summary,No AAA-level criterion is described as AA anywhere in this set; see [accessibility.md §3](accessibility.md#3-wcag-22-level-aa-mapping) for the exact criterion-to-section mapping.,Non-overriding summary,No,PASS,None
KBDL-A11Y-038,Notes or exclusions,"WCAG 2.2 Level A/AA baseline requirements (KBDL-A11Y-001 through KBDL-A11Y-010, KBDL-A11Y-012 through KBDL-A11Y-020, KBDL-A11Y-022 through KBDL-A11Y-034, KBDL-A11Y-036 through KBDL-A11Y-040)",No AAA-level criterion is described as AA anywhere in this set; see [accessibility.md §3](accessibility.md#3-wcag-22-level-aa-mapping) for the exact criterion-to-section mapping.,Broad descriptive summary,No AAA-level criterion is described as AA anywhere in this set; see [accessibility.md §3](accessibility.md#3-wcag-22-level-aa-mapping) for the exact criterion-to-section mapping.,Non-overriding summary,No,PASS,None
KBDL-A11Y-039,Notes or exclusions,"WCAG 2.2 Level A/AA baseline requirements (KBDL-A11Y-001 through KBDL-A11Y-010, KBDL-A11Y-012 through KBDL-A11Y-020, KBDL-A11Y-022 through KBDL-A11Y-034, KBDL-A11Y-036 through KBDL-A11Y-040)",No AAA-level criterion is described as AA anywhere in this set; see [accessibility.md §3](accessibility.md#3-wcag-22-level-aa-mapping) for the exact criterion-to-section mapping.,Broad descriptive summary,No AAA-level criterion is described as AA anywhere in this set; see [accessibility.md §3](accessibility.md#3-wcag-22-level-aa-mapping) for the exact criterion-to-section mapping.,Non-overriding summary,No,PASS,None
KBDL-A11Y-040,Notes or exclusions,"WCAG 2.2 Level A/AA baseline requirements (KBDL-A11Y-001 through KBDL-A11Y-010, KBDL-A11Y-012 through KBDL-A11Y-020, KBDL-A11Y-022 through KBDL-A11Y-034, KBDL-A11Y-036 through KBDL-A11Y-040)",No AAA-level criterion is described as AA anywhere in this set; see [accessibility.md §3](accessibility.md#3-wcag-22-level-aa-mapping) for the exact criterion-to-section mapping.,Broad descriptive summary,No AAA-level criterion is described as AA anywhere in this set; see [accessibility.md §3](accessibility.md#3-wcag-22-level-aa-mapping) for the exact criterion-to-section mapping.,Non-overriding summary,No,PASS,None
KBDL-A11Y-021,Notes or exclusions,"WCAG 2.2 Level A/AA baseline requirements (KBDL-A11Y-001 through KBDL-A11Y-010, KBDL-A11Y-012 through KBDL-A11Y-020, KBDL-A11Y-022 through KBDL-A11Y-034, KBDL-A11Y-036 through KBDL-A11Y-040)",No AAA-level criterion is described as AA anywhere in this set; see [accessibility.md §3](accessibility.md#3-wcag-22-level-aa-mapping) for the exact criterion-to-section mapping.,Broad descriptive summary,No AAA-level criterion is described as AA anywhere in this set; see [accessibility.md §3](accessibility.md#3-wcag-22-level-aa-mapping) for the exact criterion-to-section mapping.,Non-overriding summary,No,PASS,None
KBDL-A11Y-035,Notes or exclusions,"WCAG 2.2 Level A/AA baseline requirements (KBDL-A11Y-001 through KBDL-A11Y-010, KBDL-A11Y-012 through KBDL-A11Y-020, KBDL-A11Y-022 through KBDL-A11Y-034, KBDL-A11Y-036 through KBDL-A11Y-040)",No AAA-level criterion is described as AA anywhere in this set; see [accessibility.md §3](accessibility.md#3-wcag-22-level-aa-mapping) for the exact criterion-to-section mapping.,Broad descriptive summary,No AAA-level criterion is described as AA anywhere in this set; see [accessibility.md §3](accessibility.md#3-wcag-22-level-aa-mapping) for the exact criterion-to-section mapping.,Non-overriding summary,No,PASS,None
KBDL-A11Y-011,Blueprint section,"New KBDL-specific accessibility enhancements (KBDL-A11Y-011, KBDL-A11Y-021, KBDL-A11Y-035)",Forced-colors/high-contrast policy; preferred enhanced target size; preferred accessibility testing matrix,Uniform default,Forced-colors/high-contrast policy; preferred enhanced target size; preferred accessibility testing matrix,Uniform default,Yes,PASS,None
KBDL-A11Y-021,Blueprint section,"New KBDL-specific accessibility enhancements (KBDL-A11Y-011, KBDL-A11Y-021, KBDL-A11Y-035)",Forced-colors/high-contrast policy; preferred enhanced target size; preferred accessibility testing matrix,Uniform default,Forced-colors/high-contrast policy; preferred enhanced target size; preferred accessibility testing matrix,Uniform default,Yes,PASS,None
KBDL-A11Y-035,Blueprint section,"New KBDL-specific accessibility enhancements (KBDL-A11Y-011, KBDL-A11Y-021, KBDL-A11Y-035)",Forced-colors/high-contrast policy; preferred enhanced target size; preferred accessibility testing matrix,Uniform default,Forced-colors/high-contrast policy; preferred enhanced target size; preferred accessibility testing matrix,Uniform default,Yes,PASS,None
KBDL-A11Y-011,Roadmap prompt,"New KBDL-specific accessibility enhancements (KBDL-A11Y-011, KBDL-A11Y-021, KBDL-A11Y-035)",KBDL-006,Uniform default,KBDL-006,Uniform default,Yes,PASS,None
KBDL-A11Y-021,Roadmap prompt,"New KBDL-specific accessibility enhancements (KBDL-A11Y-011, KBDL-A11Y-021, KBDL-A11Y-035)",KBDL-006,Uniform default,KBDL-006,Uniform default,Yes,PASS,None
KBDL-A11Y-035,Roadmap prompt,"New KBDL-specific accessibility enhancements (KBDL-A11Y-011, KBDL-A11Y-021, KBDL-A11Y-035)",KBDL-006,Uniform default,KBDL-006,Uniform default,Yes,PASS,None
KBDL-A11Y-011,Specification location,"New KBDL-specific accessibility enhancements (KBDL-A11Y-011, KBDL-A11Y-021, KBDL-A11Y-035)","[accessibility.md §16, §25, §39](accessibility.md#16-light-dark-forced-colors-and-high-contrast-behavior)",Broad descriptive summary,"[accessibility.md §16, §25, §39](accessibility.md#16-light-dark-forced-colors-and-high-contrast-behavior)",Non-overriding summary,No,PASS,None
KBDL-A11Y-021,Specification location,"New KBDL-specific accessibility enhancements (KBDL-A11Y-011, KBDL-A11Y-021, KBDL-A11Y-035)","[accessibility.md §16, §25, §39](accessibility.md#16-light-dark-forced-colors-and-high-contrast-behavior)",Broad descriptive summary,"[accessibility.md §16, §25, §39](accessibility.md#16-light-dark-forced-colors-and-high-contrast-behavior)",Non-overriding summary,No,PASS,None
KBDL-A11Y-035,Specification location,"New KBDL-specific accessibility enhancements (KBDL-A11Y-011, KBDL-A11Y-021, KBDL-A11Y-035)","[accessibility.md §16, §25, §39](accessibility.md#16-light-dark-forced-colors-and-high-contrast-behavior)",Broad descriptive summary,"[accessibility.md §16, §25, §39](accessibility.md#16-light-dark-forced-colors-and-high-contrast-behavior)",Non-overriding summary,No,PASS,None
KBDL-A11Y-011,Lifecycle status,"New KBDL-specific accessibility enhancements (KBDL-A11Y-011, KBDL-A11Y-021, KBDL-A11Y-035)",MISSING,Missing,MISSING,Missing,No,PASS,None
KBDL-A11Y-021,Lifecycle status,"New KBDL-specific accessibility enhancements (KBDL-A11Y-011, KBDL-A11Y-021, KBDL-A11Y-035)",MISSING,Missing,MISSING,Missing,No,PASS,None
KBDL-A11Y-035,Lifecycle status,"New KBDL-specific accessibility enhancements (KBDL-A11Y-011, KBDL-A11Y-021, KBDL-A11Y-035)",MISSING,Missing,MISSING,Missing,No,PASS,None
KBDL-A11Y-011,Provenance,"New KBDL-specific accessibility enhancements (KBDL-A11Y-011, KBDL-A11Y-021, KBDL-A11Y-035)",MISSING,Missing,MISSING,Missing,No,PASS,None
KBDL-A11Y-021,Provenance,"New KBDL-specific accessibility enhancements (KBDL-A11Y-011, KBDL-A11Y-021, KBDL-A11Y-035)",MISSING,Missing,MISSING,Missing,No,PASS,None
KBDL-A11Y-035,Provenance,"New KBDL-specific accessibility enhancements (KBDL-A11Y-011, KBDL-A11Y-021, KBDL-A11Y-035)",MISSING,Missing,MISSING,Missing,No,PASS,None
KBDL-A11Y-011,Validation classification,"New KBDL-specific accessibility enhancements (KBDL-A11Y-011, KBDL-A11Y-021, KBDL-A11Y-035)","Not verified: KBDL-A11Y-011; Not applicable: KBDL-A11Y-021, KBDL-A11Y-035",Status bucket,Not verified,Exact per-ID mapping,Yes,PASS,None
KBDL-A11Y-021,Validation classification,"New KBDL-specific accessibility enhancements (KBDL-A11Y-011, KBDL-A11Y-021, KBDL-A11Y-035)","Not verified: KBDL-A11Y-011; Not applicable: KBDL-A11Y-021, KBDL-A11Y-035",Status bucket,Not applicable,Exact per-ID mapping,Yes,PASS,None
KBDL-A11Y-035,Validation classification,"New KBDL-specific accessibility enhancements (KBDL-A11Y-011, KBDL-A11Y-021, KBDL-A11Y-035)","Not verified: KBDL-A11Y-011; Not applicable: KBDL-A11Y-021, KBDL-A11Y-035",Status bucket,Not applicable,Exact per-ID mapping,Yes,PASS,None
KBDL-A11Y-011,Authority,"New KBDL-specific accessibility enhancements (KBDL-A11Y-011, KBDL-A11Y-021, KBDL-A11Y-035)",MISSING,Missing,MISSING,Missing,No,PASS,None
KBDL-A11Y-021,Authority,"New KBDL-specific accessibility enhancements (KBDL-A11Y-011, KBDL-A11Y-021, KBDL-A11Y-035)",MISSING,Missing,MISSING,Missing,No,PASS,None
KBDL-A11Y-035,Authority,"New KBDL-specific accessibility enhancements (KBDL-A11Y-011, KBDL-A11Y-021, KBDL-A11Y-035)",MISSING,Missing,MISSING,Missing,No,PASS,None
KBDL-A11Y-011,Validation method,"New KBDL-specific accessibility enhancements (KBDL-A11Y-011, KBDL-A11Y-021, KBDL-A11Y-035)",Project-owner review (not yet performed); implementation-level review once an implementation exists.,Broad descriptive summary,Project-owner review (not yet performed); implementation-level review once an implementation exists.,Non-overriding summary,No,PASS,None
KBDL-A11Y-021,Validation method,"New KBDL-specific accessibility enhancements (KBDL-A11Y-011, KBDL-A11Y-021, KBDL-A11Y-035)",Project-owner review (not yet performed); implementation-level review once an implementation exists.,Broad descriptive summary,Project-owner review (not yet performed); implementation-level review once an implementation exists.,Non-overriding summary,No,PASS,None
KBDL-A11Y-035,Validation method,"New KBDL-specific accessibility enhancements (KBDL-A11Y-011, KBDL-A11Y-021, KBDL-A11Y-035)",Project-owner review (not yet performed); implementation-level review once an implementation exists.,Broad descriptive summary,Project-owner review (not yet performed); implementation-level review once an implementation exists.,Non-overriding summary,No,PASS,None
KBDL-A11Y-011,Validation evidence,"New KBDL-specific accessibility enhancements (KBDL-A11Y-011, KBDL-A11Y-021, KBDL-A11Y-035)",Not verified — no implementation exists yet.,Broad descriptive summary,Not verified — no implementation exists yet.,Non-overriding summary,No,PASS,None
KBDL-A11Y-021,Validation evidence,"New KBDL-specific accessibility enhancements (KBDL-A11Y-011, KBDL-A11Y-021, KBDL-A11Y-035)",Not verified — no implementation exists yet.,Broad descriptive summary,Not verified — no implementation exists yet.,Non-overriding summary,No,PASS,None
KBDL-A11Y-035,Validation evidence,"New KBDL-specific accessibility enhancements (KBDL-A11Y-011, KBDL-A11Y-021, KBDL-A11Y-035)",Not verified — no implementation exists yet.,Broad descriptive summary,Not verified — no implementation exists yet.,Non-overriding summary,No,PASS,None
KBDL-A11Y-011,Known limitation,"New KBDL-specific accessibility enhancements (KBDL-A11Y-011, KBDL-A11Y-021, KBDL-A11Y-035)",Forced-colors/high-contrast mode is currently unaddressed elsewhere in the specification and was explicitly excluded from the KBDL-004 theme approval (`KBDL-DEC-013`); these three requirements must not be treated as `Approved` until reviewed.,Broad descriptive summary,Forced-colors/high-contrast mode is currently unaddressed elsewhere in the specification and was explicitly excluded from the KBDL-004 theme approval (`KBDL-DEC-013`); these three requirements must not be treated as `Approved` until reviewed.,Non-overriding summary,No,PASS,None
KBDL-A11Y-021,Known limitation,"New KBDL-specific accessibility enhancements (KBDL-A11Y-011, KBDL-A11Y-021, KBDL-A11Y-035)",Forced-colors/high-contrast mode is currently unaddressed elsewhere in the specification and was explicitly excluded from the KBDL-004 theme approval (`KBDL-DEC-013`); these three requirements must not be treated as `Approved` until reviewed.,Broad descriptive summary,Forced-colors/high-contrast mode is currently unaddressed elsewhere in the specification and was explicitly excluded from the KBDL-004 theme approval (`KBDL-DEC-013`); these three requirements must not be treated as `Approved` until reviewed.,Non-overriding summary,No,PASS,None
KBDL-A11Y-035,Known limitation,"New KBDL-specific accessibility enhancements (KBDL-A11Y-011, KBDL-A11Y-021, KBDL-A11Y-035)",Forced-colors/high-contrast mode is currently unaddressed elsewhere in the specification and was explicitly excluded from the KBDL-004 theme approval (`KBDL-DEC-013`); these three requirements must not be treated as `Approved` until reviewed.,Broad descriptive summary,Forced-colors/high-contrast mode is currently unaddressed elsewhere in the specification and was explicitly excluded from the KBDL-004 theme approval (`KBDL-DEC-013`); these three requirements must not be treated as `Approved` until reviewed.,Non-overriding summary,No,PASS,None
KBDL-A11Y-011,Packet or tracking destination,"New KBDL-specific accessibility enhancements (KBDL-A11Y-011, KBDL-A11Y-021, KBDL-A11Y-035)",MISSING,Missing,MISSING,Missing,No,PASS,None
KBDL-A11Y-021,Packet or tracking destination,"New KBDL-specific accessibility enhancements (KBDL-A11Y-011, KBDL-A11Y-021, KBDL-A11Y-035)",MISSING,Missing,MISSING,Missing,No,PASS,None
KBDL-A11Y-035,Packet or tracking destination,"New KBDL-specific accessibility enhancements (KBDL-A11Y-011, KBDL-A11Y-021, KBDL-A11Y-035)",MISSING,Missing,MISSING,Missing,No,PASS,None
KBDL-A11Y-011,Pending dependencies,"New KBDL-specific accessibility enhancements (KBDL-A11Y-011, KBDL-A11Y-021, KBDL-A11Y-035)",MISSING,Missing,MISSING,Missing,No,PASS,None
KBDL-A11Y-021,Pending dependencies,"New KBDL-specific accessibility enhancements (KBDL-A11Y-011, KBDL-A11Y-021, KBDL-A11Y-035)",MISSING,Missing,MISSING,Missing,No,PASS,None
KBDL-A11Y-035,Pending dependencies,"New KBDL-specific accessibility enhancements (KBDL-A11Y-011, KBDL-A11Y-021, KBDL-A11Y-035)",MISSING,Missing,MISSING,Missing,No,PASS,None
KBDL-A11Y-011,Related decision,"New KBDL-specific accessibility enhancements (KBDL-A11Y-011, KBDL-A11Y-021, KBDL-A11Y-035)",Not applicable — pending a future decision-register entry once the project owner reviews the accessibility decision packet.,Broad descriptive summary,Not applicable — pending a future decision-register entry once the project owner reviews the accessibility decision packet.,Non-overriding summary,No,PASS,None
KBDL-A11Y-021,Related decision,"New KBDL-specific accessibility enhancements (KBDL-A11Y-011, KBDL-A11Y-021, KBDL-A11Y-035)",Not applicable — pending a future decision-register entry once the project owner reviews the accessibility decision packet.,Broad descriptive summary,Not applicable — pending a future decision-register entry once the project owner reviews the accessibility decision packet.,Non-overriding summary,No,PASS,None
KBDL-A11Y-035,Related decision,"New KBDL-specific accessibility enhancements (KBDL-A11Y-011, KBDL-A11Y-021, KBDL-A11Y-035)",Not applicable — pending a future decision-register entry once the project owner reviews the accessibility decision packet.,Broad descriptive summary,Not applicable — pending a future decision-register entry once the project owner reviews the accessibility decision packet.,Non-overriding summary,No,PASS,None
KBDL-A11Y-011,Notes or exclusions,"New KBDL-specific accessibility enhancements (KBDL-A11Y-011, KBDL-A11Y-021, KBDL-A11Y-035)",Map to [accessibility decision packet](accessibility.md#49-accessibility-decision-packet) items 1–3 respectively.,Broad descriptive summary,Map to [accessibility decision packet](accessibility.md#49-accessibility-decision-packet) items 1–3 respectively.,Non-overriding summary,No,PASS,None
KBDL-A11Y-021,Notes or exclusions,"New KBDL-specific accessibility enhancements (KBDL-A11Y-011, KBDL-A11Y-021, KBDL-A11Y-035)",Map to [accessibility decision packet](accessibility.md#49-accessibility-decision-packet) items 1–3 respectively.,Broad descriptive summary,Map to [accessibility decision packet](accessibility.md#49-accessibility-decision-packet) items 1–3 respectively.,Non-overriding summary,No,PASS,None
KBDL-A11Y-035,Notes or exclusions,"New KBDL-specific accessibility enhancements (KBDL-A11Y-011, KBDL-A11Y-021, KBDL-A11Y-035)",Map to [accessibility decision packet](accessibility.md#49-accessibility-decision-packet) items 1–3 respectively.,Broad descriptive summary,Map to [accessibility decision packet](accessibility.md#49-accessibility-decision-packet) items 1–3 respectively.,Non-overriding summary,No,PASS,None
KBDL-CMP-001,Blueprint section,"Shared component contract and cross-cutting rules (KBDL-CMP-001 through KBDL-CMP-013, KBDL-CMP-050, KBDL-CMP-051)",Shared component contract; native-semantics-first rule; accessible naming; component state model; KBDL-008 scope boundary; focus/keyboard/pointer behavior; responsive/target-size/theme/foundation/motion mapping; cross-component composition; profile compatibility,Uniform default,Shared component contract; native-semantics-first rule; accessible naming; component state model; KBDL-008 scope boundary; focus/keyboard/pointer behavior; responsive/target-size/theme/foundation/motion mapping; cross-component composition; profile compatibility,Uniform default,Yes,PASS,None
KBDL-CMP-001,Roadmap prompt,"Shared component contract and cross-cutting rules (KBDL-CMP-001 through KBDL-CMP-013, KBDL-CMP-050, KBDL-CMP-051)",KBDL-007,Uniform default,KBDL-007,Uniform default,Yes,PASS,None
KBDL-CMP-001,Specification location,"Shared component contract and cross-cutting rules (KBDL-CMP-001 through KBDL-CMP-013, KBDL-CMP-050, KBDL-CMP-051)","[components-core.md §5–§19, §25, §26](components-core.md#6-shared-component-contract)",Broad descriptive summary,"[components-core.md §5–§19, §25, §26](components-core.md#6-shared-component-contract)",Non-overriding summary,No,PASS,None
KBDL-CMP-001,Lifecycle status,"Shared component contract and cross-cutting rules (KBDL-CMP-001 through KBDL-CMP-013, KBDL-CMP-050, KBDL-CMP-051)",MISSING,Missing,MISSING,Missing,No,PASS,None
KBDL-CMP-001,Provenance,"Shared component contract and cross-cutting rules (KBDL-CMP-001 through KBDL-CMP-013, KBDL-CMP-050, KBDL-CMP-051)","User-provided for `KBDL-CMP-001`; Confirmed for `KBDL-CMP-002`–`013`, `050`, and `051`.",Uniform status default,User-provided,Uniform default,Yes,PASS,None
KBDL-CMP-001,Validation classification,"Shared component contract and cross-cutting rules (KBDL-CMP-001 through KBDL-CMP-013, KBDL-CMP-050, KBDL-CMP-051)","Not verified: KBDL-CMP-001, KBDL-CMP-002, KBDL-CMP-003, KBDL-CMP-004, KBDL-CMP-006, KBDL-CMP-007, KBDL-CMP-008, KBDL-CMP-009, KBDL-CMP-010, KBDL-CMP-011, KBDL-CMP-012, KBDL-CMP-013, KBDL-CMP-051; Not applicable: KBDL-CMP-005, KBDL-CMP-050",Status bucket,Not verified,Exact per-ID mapping,Yes,PASS,None
KBDL-CMP-001,Authority,"Shared component contract and cross-cutting rules (KBDL-CMP-001 through KBDL-CMP-013, KBDL-CMP-050, KBDL-CMP-051)",MISSING,Missing,MISSING,Missing,No,PASS,None
KBDL-CMP-001,Validation method,"Shared component contract and cross-cutting rules (KBDL-CMP-001 through KBDL-CMP-013, KBDL-CMP-050, KBDL-CMP-051)","Manual completeness/mapping review per component once implemented; manual scope-compliance review (performed, see implementation report).",Broad descriptive summary,"Manual completeness/mapping review per component once implemented; manual scope-compliance review (performed, see implementation report).",Non-overriding summary,No,PASS,None
KBDL-CMP-001,Validation evidence,"Shared component contract and cross-cutting rules (KBDL-CMP-001 through KBDL-CMP-013, KBDL-CMP-050, KBDL-CMP-051)",Not verified — no implementation exists yet.,Broad descriptive summary,Not verified — no implementation exists yet.,Non-overriding summary,No,PASS,None
KBDL-CMP-001,Known limitation,"Shared component contract and cross-cutting rules (KBDL-CMP-001 through KBDL-CMP-013, KBDL-CMP-050, KBDL-CMP-051)",Implementation-dependent; cannot be tested until real components exist.,Broad descriptive summary,Implementation-dependent; cannot be tested until real components exist.,Non-overriding summary,No,PASS,None
KBDL-CMP-001,Packet or tracking destination,"Shared component contract and cross-cutting rules (KBDL-CMP-001 through KBDL-CMP-013, KBDL-CMP-050, KBDL-CMP-051)",MISSING,Missing,MISSING,Missing,No,PASS,None
KBDL-CMP-001,Pending dependencies,"Shared component contract and cross-cutting rules (KBDL-CMP-001 through KBDL-CMP-013, KBDL-CMP-050, KBDL-CMP-051)",MISSING,Missing,MISSING,Missing,No,PASS,None
KBDL-CMP-001,Related decision,"Shared component contract and cross-cutting rules (KBDL-CMP-001 through KBDL-CMP-013, KBDL-CMP-050, KBDL-CMP-051)",`KBDL-DEC-010` (WCAG 2.2 AA baseline).,Broad descriptive summary,`KBDL-DEC-010` (WCAG 2.2 AA baseline).,Non-overriding summary,No,PASS,None
KBDL-CMP-001,Notes or exclusions,"Shared component contract and cross-cutting rules (KBDL-CMP-001 through KBDL-CMP-013, KBDL-CMP-050, KBDL-CMP-051)",These fifteen requirements establish the contract every component below must follow; no new policy is introduced at this level.,Broad descriptive summary,These fifteen requirements establish the contract every component below must follow; no new policy is introduced at this level.,Non-overriding summary,No,PASS,None
KBDL-CMP-014,Blueprint section,Action components (KBDL-CMP-014 through KBDL-CMP-021),"Button, Icon Button, Toggle Button, Link, Button Group, Disclosure/Menu Trigger",Uniform default,"Button, Icon Button, Toggle Button, Link, Button Group, Disclosure/Menu Trigger",Uniform default,Yes,PASS,None
KBDL-CMP-014,Roadmap prompt,Action components (KBDL-CMP-014 through KBDL-CMP-021),KBDL-007,Uniform default,KBDL-007,Uniform default,Yes,PASS,None
KBDL-CMP-014,Specification location,Action components (KBDL-CMP-014 through KBDL-CMP-021),[components-core.md §20](components-core.md#20-action-components),Broad descriptive summary,[components-core.md §20](components-core.md#20-action-components),Non-overriding summary,No,PASS,None
KBDL-CMP-014,Lifecycle status,Action components (KBDL-CMP-014 through KBDL-CMP-021),MISSING,Missing,MISSING,Missing,No,PASS,None
KBDL-CMP-014,Provenance,Action components (KBDL-CMP-014 through KBDL-CMP-021),"Confirmed for `KBDL-CMP-014`, `016`, `018`, `019`, `021`; Assumed for `KBDL-CMP-015`, `017`, `020`.",Uniform status default,Confirmed,Uniform default,Yes,PASS,None
KBDL-CMP-014,Validation classification,Action components (KBDL-CMP-014 through KBDL-CMP-021),"Not verified: KBDL-CMP-014, KBDL-CMP-016, KBDL-CMP-018, KBDL-CMP-019, KBDL-CMP-021; Not applicable: KBDL-CMP-015, KBDL-CMP-017, KBDL-CMP-020",Status bucket,Not verified,Exact per-ID mapping,Yes,PASS,None
KBDL-CMP-014,Authority,Action components (KBDL-CMP-014 through KBDL-CMP-021),MISSING,Missing,MISSING,Missing,No,PASS,None
KBDL-CMP-014,Validation method,Action components (KBDL-CMP-014 through KBDL-CMP-021),"Manual + automated static accessibility review, manual keyboard/ARIA review once implemented; project-owner review of `KBDL-CMP-015`/`017`/`020` (not yet performed).",Broad descriptive summary,"Manual + automated static accessibility review, manual keyboard/ARIA review once implemented; project-owner review of `KBDL-CMP-015`/`017`/`020` (not yet performed).",Non-overriding summary,No,PASS,None
KBDL-CMP-014,Validation evidence,Action components (KBDL-CMP-014 through KBDL-CMP-021),Not verified — no implementation exists yet.,Broad descriptive summary,Not verified — no implementation exists yet.,Non-overriding summary,No,PASS,None
KBDL-CMP-014,Known limitation,Action components (KBDL-CMP-014 through KBDL-CMP-021),Implementation-dependent.,Broad descriptive summary,Implementation-dependent.,Non-overriding summary,No,PASS,None
KBDL-CMP-014,Packet or tracking destination,Action components (KBDL-CMP-014 through KBDL-CMP-021),MISSING,Missing,MISSING,Missing,No,PASS,None
KBDL-CMP-014,Pending dependencies,Action components (KBDL-CMP-014 through KBDL-CMP-021),MISSING,Missing,MISSING,Missing,No,PASS,None
KBDL-CMP-014,Related decision,Action components (KBDL-CMP-014 through KBDL-CMP-021),Not applicable — pending a future decision-register entry once the project owner reviews the KBDL-007 decision packet.,Broad descriptive summary,Not applicable — pending a future decision-register entry once the project owner reviews the KBDL-007 decision packet.,Non-overriding summary,No,PASS,None
KBDL-CMP-014,Notes or exclusions,Action components (KBDL-CMP-014 through KBDL-CMP-021),"`KBDL-CMP-015`, `017`, `020` map to [KBDL-007 decision packet](components-core.md#35-kbdl-007-decision-packet) items 1, 3, and 9 respectively.",Broad descriptive summary,"`KBDL-CMP-015`, `017`, `020` map to [KBDL-007 decision packet](components-core.md#35-kbdl-007-decision-packet) items 1, 3, and 9 respectively.",Non-overriding summary,No,PASS,None
KBDL-CMP-022,Blueprint section,Form architecture and components (KBDL-CMP-022 through KBDL-CMP-037),"Shared field model; Text Input, Password Input, Search Field, Textarea, Select, Combobox, Checkbox, Radio Group, Switch, File Input, Field Group, Form Action Row; form validation and recovery",Uniform default,"Shared field model; Text Input, Password Input, Search Field, Textarea, Select, Combobox, Checkbox, Radio Group, Switch, File Input, Field Group, Form Action Row; form validation and recovery",Uniform default,Yes,PASS,None
KBDL-CMP-022,Roadmap prompt,Form architecture and components (KBDL-CMP-022 through KBDL-CMP-037),KBDL-007,Uniform default,KBDL-007,Uniform default,Yes,PASS,None
KBDL-CMP-022,Specification location,Form architecture and components (KBDL-CMP-022 through KBDL-CMP-037),[components-core.md §21–§23](components-core.md#21-form-architecture),Broad descriptive summary,[components-core.md §21–§23](components-core.md#21-form-architecture),Non-overriding summary,No,PASS,None
KBDL-CMP-022,Lifecycle status,Form architecture and components (KBDL-CMP-022 through KBDL-CMP-037),MISSING,Missing,MISSING,Missing,No,PASS,None
KBDL-CMP-022,Provenance,Form architecture and components (KBDL-CMP-022 through KBDL-CMP-037),"Confirmed for `KBDL-CMP-022`, `023`, `024`, `026`, `027`, `028`, `030`, `031`, `032`, `033`, `034`, `035`, `037`; Assumed for `KBDL-CMP-025`, `029`, `036`.",Uniform status default,Confirmed,Uniform default,Yes,PASS,None
KBDL-CMP-022,Validation classification,Form architecture and components (KBDL-CMP-022 through KBDL-CMP-037),"Not verified: KBDL-CMP-022, KBDL-CMP-023, KBDL-CMP-024, KBDL-CMP-026, KBDL-CMP-027, KBDL-CMP-028, KBDL-CMP-030, KBDL-CMP-031, KBDL-CMP-032, KBDL-CMP-033, KBDL-CMP-034, KBDL-CMP-035, KBDL-CMP-037; Not applicable: KBDL-CMP-025, KBDL-CMP-029, KBDL-CMP-036",Status bucket,Not verified,Exact per-ID mapping,Yes,PASS,None
KBDL-CMP-022,Authority,Form architecture and components (KBDL-CMP-022 through KBDL-CMP-037),MISSING,Missing,MISSING,Missing,No,PASS,None
KBDL-CMP-022,Validation method,Form architecture and components (KBDL-CMP-022 through KBDL-CMP-037),Manual + automated static accessibility review once implemented; project-owner review of `KBDL-CMP-025`/`029`/`036` (not yet performed).,Broad descriptive summary,Manual + automated static accessibility review once implemented; project-owner review of `KBDL-CMP-025`/`029`/`036` (not yet performed).,Non-overriding summary,No,PASS,None
KBDL-CMP-022,Validation evidence,Form architecture and components (KBDL-CMP-022 through KBDL-CMP-037),Not verified — no implementation exists yet.,Broad descriptive summary,Not verified — no implementation exists yet.,Non-overriding summary,No,PASS,None
KBDL-CMP-022,Known limitation,Form architecture and components (KBDL-CMP-022 through KBDL-CMP-037),Implementation-dependent.,Broad descriptive summary,Implementation-dependent.,Non-overriding summary,No,PASS,None
KBDL-CMP-022,Packet or tracking destination,Form architecture and components (KBDL-CMP-022 through KBDL-CMP-037),MISSING,Missing,MISSING,Missing,No,PASS,None
KBDL-CMP-022,Pending dependencies,Form architecture and components (KBDL-CMP-022 through KBDL-CMP-037),MISSING,Missing,MISSING,Missing,No,PASS,None
KBDL-CMP-022,Related decision,Form architecture and components (KBDL-CMP-022 through KBDL-CMP-037),Not applicable — pending a future decision-register entry once the project owner reviews the KBDL-007 decision packet.,Broad descriptive summary,Not applicable — pending a future decision-register entry once the project owner reviews the KBDL-007 decision packet.,Non-overriding summary,No,PASS,None
KBDL-CMP-022,Notes or exclusions,Form architecture and components (KBDL-CMP-022 through KBDL-CMP-037),"`KBDL-CMP-025`, `029`, `036` map to [KBDL-007 decision packet](components-core.md#35-kbdl-007-decision-packet) items 4, 5, and 6 respectively.",Broad descriptive summary,"`KBDL-CMP-025`, `029`, `036` map to [KBDL-007 decision packet](components-core.md#35-kbdl-007-decision-packet) items 4, 5, and 6 respectively.",Non-overriding summary,No,PASS,None
KBDL-CMP-038,Blueprint section,Navigation components (KBDL-CMP-038 through KBDL-CMP-049),"Skip Link, Navigation Link/List, Primary/Global Navigation, Local/Section Navigation, Breadcrumb, Tabs, Pagination, Back Link",Uniform default,"Skip Link, Navigation Link/List, Primary/Global Navigation, Local/Section Navigation, Breadcrumb, Tabs, Pagination, Back Link",Uniform default,Yes,PASS,None
KBDL-CMP-038,Roadmap prompt,Navigation components (KBDL-CMP-038 through KBDL-CMP-049),KBDL-007,Uniform default,KBDL-007,Uniform default,Yes,PASS,None
KBDL-CMP-038,Specification location,Navigation components (KBDL-CMP-038 through KBDL-CMP-049),[components-core.md §24](components-core.md#24-navigation-components),Broad descriptive summary,[components-core.md §24](components-core.md#24-navigation-components),Non-overriding summary,No,PASS,None
KBDL-CMP-038,Lifecycle status,Navigation components (KBDL-CMP-038 through KBDL-CMP-049),MISSING,Missing,MISSING,Missing,No,PASS,None
KBDL-CMP-038,Provenance,Navigation components (KBDL-CMP-038 through KBDL-CMP-049),"Confirmed for `KBDL-CMP-038`, `039`, `040`, `042`, `043`, `045`, `047`, `049`; Assumed for `KBDL-CMP-041`, `044`, `046`, `048`.",Uniform status default,Confirmed,Uniform default,Yes,PASS,None
KBDL-CMP-038,Validation classification,Navigation components (KBDL-CMP-038 through KBDL-CMP-049),"Not verified: KBDL-CMP-038, KBDL-CMP-039, KBDL-CMP-040, KBDL-CMP-042, KBDL-CMP-043, KBDL-CMP-045, KBDL-CMP-047, KBDL-CMP-049; Not applicable: KBDL-CMP-041, KBDL-CMP-044, KBDL-CMP-046, KBDL-CMP-048",Status bucket,Not verified,Exact per-ID mapping,Yes,PASS,None
KBDL-CMP-038,Authority,Navigation components (KBDL-CMP-038 through KBDL-CMP-049),MISSING,Missing,MISSING,Missing,No,PASS,None
KBDL-CMP-038,Validation method,Navigation components (KBDL-CMP-038 through KBDL-CMP-049),Manual keyboard/ARIA review once implemented; project-owner review of `KBDL-CMP-041`/`044`/`046`/`048` (not yet performed).,Broad descriptive summary,Manual keyboard/ARIA review once implemented; project-owner review of `KBDL-CMP-041`/`044`/`046`/`048` (not yet performed).,Non-overriding summary,No,PASS,None
KBDL-CMP-038,Validation evidence,Navigation components (KBDL-CMP-038 through KBDL-CMP-049),Not verified — no implementation exists yet.,Broad descriptive summary,Not verified — no implementation exists yet.,Non-overriding summary,No,PASS,None
KBDL-CMP-038,Known limitation,Navigation components (KBDL-CMP-038 through KBDL-CMP-049),`KBDL-CMP-041` additionally depends on the unapproved `KBDL-RSP-002`/`008` and cannot be approved independently of them.,Broad descriptive summary,`KBDL-CMP-041` additionally depends on the unapproved `KBDL-RSP-002`/`008` and cannot be approved independently of them.,Non-overriding summary,No,PASS,None
KBDL-CMP-038,Packet or tracking destination,Navigation components (KBDL-CMP-038 through KBDL-CMP-049),MISSING,Missing,MISSING,Missing,No,PASS,None
KBDL-CMP-038,Pending dependencies,Navigation components (KBDL-CMP-038 through KBDL-CMP-049),MISSING,Missing,MISSING,Missing,No,PASS,None
KBDL-CMP-038,Related decision,Navigation components (KBDL-CMP-038 through KBDL-CMP-049),Not applicable — pending a future decision-register entry once the project owner reviews the KBDL-007 decision packet.,Broad descriptive summary,Not applicable — pending a future decision-register entry once the project owner reviews the KBDL-007 decision packet.,Non-overriding summary,No,PASS,None
KBDL-CMP-038,Notes or exclusions,Navigation components (KBDL-CMP-038 through KBDL-CMP-049),"`KBDL-CMP-044`, `046`, `048` map to approval-ready [KBDL-007 decision packet](components-core.md#35-kbdl-007-decision-packet) items 7, 2, and 8 respectively. `KBDL-CMP-041` maps to a contingent, not-approval-ready item in [§35.3](components-core.md#353-unresolved-or-not-approval-ready) — it remains `Recommended`, but cannot be approved through the KBDL-007 packet until its `KBDL-RSP-002`/`008` dependencies are approved or replaced.",Broad descriptive summary,"`KBDL-CMP-044`, `046`, `048` map to approval-ready [KBDL-007 decision packet](components-core.md#35-kbdl-007-decision-packet) items 7, 2, and 8 respectively. `KBDL-CMP-041` maps to a contingent, not-approval-ready item in [§35.3](components-core.md#353-unresolved-or-not-approval-ready) — it remains `Recommended`, but cannot be approved through the KBDL-007 packet until its `KBDL-RSP-002`/`008` dependencies are approved or replaced.",Non-overriding summary,No,PASS,None
KBDL-CMP-052,Blueprint section,"Surface components and module-wide baselines (KBDL-CMP-052, 053, 054, 055, 062, 065, 067, 068, 069, 070)","KBDL-007 ownership boundary; extended system-component contract; surface architecture; Container Surface, Panel, Card, Accordion, Static Data Table",Uniform default,"KBDL-007 ownership boundary; extended system-component contract; surface architecture; Container Surface, Panel, Card, Accordion, Static Data Table",Uniform default,Yes,PASS,None
KBDL-CMP-052,Roadmap prompt,"Surface components and module-wide baselines (KBDL-CMP-052, 053, 054, 055, 062, 065, 067, 068, 069, 070)",KBDL-008,Uniform default,KBDL-008,Uniform default,Yes,PASS,None
KBDL-CMP-052,Specification location,"Surface components and module-wide baselines (KBDL-CMP-052, 053, 054, 055, 062, 065, 067, 068, 069, 070)","[components-system.md §5, §7, §8, §9](components-system.md#5-kbdl-007-ownership-boundary)",Broad descriptive summary,"[components-system.md §5, §7, §8, §9](components-system.md#5-kbdl-007-ownership-boundary)",Non-overriding summary,No,PASS,None
KBDL-CMP-052,Lifecycle status,"Surface components and module-wide baselines (KBDL-CMP-052, 053, 054, 055, 062, 065, 067, 068, 069, 070)",MISSING,Missing,MISSING,Missing,No,PASS,None
KBDL-CMP-052,Provenance,"Surface components and module-wide baselines (KBDL-CMP-052, 053, 054, 055, 062, 065, 067, 068, 069, 070)","Confirmed for `KBDL-CMP-052`, `053`, `054`, `055`, `062`, `065`, `068`, `070`; Assumed for `KBDL-CMP-067`, `069`.",Uniform status default,Confirmed,Uniform default,Yes,PASS,None
KBDL-CMP-052,Validation classification,"Surface components and module-wide baselines (KBDL-CMP-052, 053, 054, 055, 062, 065, 067, 068, 069, 070)","Not applicable: KBDL-CMP-052, KBDL-CMP-067, KBDL-CMP-069; Not verified: KBDL-CMP-053, KBDL-CMP-054, KBDL-CMP-055, KBDL-CMP-062, KBDL-CMP-065, KBDL-CMP-068, KBDL-CMP-070",Status bucket,Not applicable,Exact per-ID mapping,Yes,PASS,None
KBDL-CMP-052,Authority,"Surface components and module-wide baselines (KBDL-CMP-052, 053, 054, 055, 062, 065, 067, 068, 069, 070)",MISSING,Missing,MISSING,Missing,No,PASS,None
KBDL-CMP-052,Validation method,"Surface components and module-wide baselines (KBDL-CMP-052, 053, 054, 055, 062, 065, 067, 068, 069, 070)",Manual semantic-structure and DOM-relationship review once implemented; project-owner review of `KBDL-CMP-067`/`069` (not yet performed).,Broad descriptive summary,Manual semantic-structure and DOM-relationship review once implemented; project-owner review of `KBDL-CMP-067`/`069` (not yet performed).,Non-overriding summary,No,PASS,None
KBDL-CMP-052,Validation evidence,"Surface components and module-wide baselines (KBDL-CMP-052, 053, 054, 055, 062, 065, 067, 068, 069, 070)",Not verified — no implementation exists yet.,Broad descriptive summary,Not verified — no implementation exists yet.,Non-overriding summary,No,PASS,None
KBDL-CMP-052,Known limitation,"Surface components and module-wide baselines (KBDL-CMP-052, 053, 054, 055, 062, 065, 067, 068, 069, 070)",Implementation-dependent.,Broad descriptive summary,Implementation-dependent.,Non-overriding summary,No,PASS,None
KBDL-CMP-052,Packet or tracking destination,"Surface components and module-wide baselines (KBDL-CMP-052, 053, 054, 055, 062, 065, 067, 068, 069, 070)",MISSING,Missing,MISSING,Missing,No,PASS,None
KBDL-CMP-052,Pending dependencies,"Surface components and module-wide baselines (KBDL-CMP-052, 053, 054, 055, 062, 065, 067, 068, 069, 070)",MISSING,Missing,MISSING,Missing,No,PASS,None
KBDL-CMP-052,Related decision,"Surface components and module-wide baselines (KBDL-CMP-052, 053, 054, 055, 062, 065, 067, 068, 069, 070)",Not applicable — pending a future decision-register entry once the project owner reviews the KBDL-008 decision packet.,Broad descriptive summary,Not applicable — pending a future decision-register entry once the project owner reviews the KBDL-008 decision packet.,Non-overriding summary,No,PASS,None
KBDL-CMP-052,Notes or exclusions,"Surface components and module-wide baselines (KBDL-CMP-052, 053, 054, 055, 062, 065, 067, 068, 069, 070)","`KBDL-CMP-067`, `069` map to [KBDL-008 decision packet](components-system.md#33-kbdl-008-decision-packet) items 1 and 2 respectively.",Broad descriptive summary,"`KBDL-CMP-067`, `069` map to [KBDL-008 decision packet](components-system.md#33-kbdl-008-decision-packet) items 1 and 2 respectively.",Non-overriding summary,No,PASS,None
KBDL-CMP-056,Blueprint section,"Overlay components (KBDL-CMP-056 through KBDL-CMP-060, 071 through 085)","Overlay architecture; Tooltip, Popover, Menu surface, Listbox popup, Dialog, Modal Dialog, Alert Dialog, Drawer/Sheet; overlay layering and nesting",Uniform default,"Overlay architecture; Tooltip, Popover, Menu surface, Listbox popup, Dialog, Modal Dialog, Alert Dialog, Drawer/Sheet; overlay layering and nesting",Uniform default,Yes,PASS,None
KBDL-CMP-056,Roadmap prompt,"Overlay components (KBDL-CMP-056 through KBDL-CMP-060, 071 through 085)",KBDL-008,Uniform default,KBDL-008,Uniform default,Yes,PASS,None
KBDL-CMP-056,Specification location,"Overlay components (KBDL-CMP-056 through KBDL-CMP-060, 071 through 085)",[components-system.md §10–§12](components-system.md#10-overlay-architecture),Broad descriptive summary,[components-system.md §10–§12](components-system.md#10-overlay-architecture),Non-overriding summary,No,PASS,None
KBDL-CMP-056,Lifecycle status,"Overlay components (KBDL-CMP-056 through KBDL-CMP-060, 071 through 085)",MISSING,Missing,MISSING,Missing,No,PASS,None
KBDL-CMP-056,Provenance,"Overlay components (KBDL-CMP-056 through KBDL-CMP-060, 071 through 085)","Confirmed for `KBDL-CMP-056`, `057`, `058`, `059`, `060`, `071`, `072`, `075`, `077`, `078`, `079`, `081`, `082`, `084`; Assumed for `KBDL-CMP-073`, `074`, `076`, `080`, `083`, `085`.",Uniform status default,Confirmed,Uniform default,Yes,PASS,None
KBDL-CMP-056,Validation classification,"Overlay components (KBDL-CMP-056 through KBDL-CMP-060, 071 through 085)","Not applicable: KBDL-CMP-056, KBDL-CMP-073, KBDL-CMP-074, KBDL-CMP-076, KBDL-CMP-080, KBDL-CMP-082, KBDL-CMP-083, KBDL-CMP-085; Not verified: KBDL-CMP-057, KBDL-CMP-058, KBDL-CMP-059, KBDL-CMP-060, KBDL-CMP-071, KBDL-CMP-072, KBDL-CMP-075, KBDL-CMP-077, KBDL-CMP-078, KBDL-CMP-079, KBDL-CMP-081, KBDL-CMP-084",Status bucket,Not applicable,Exact per-ID mapping,Yes,PASS,None
KBDL-CMP-056,Authority,"Overlay components (KBDL-CMP-056 through KBDL-CMP-060, 071 through 085)",MISSING,Missing,MISSING,Missing,No,PASS,None
KBDL-CMP-056,Validation method,"Overlay components (KBDL-CMP-056 through KBDL-CMP-060, 071 through 085)","Manual focus-containment, keyboard, and ARIA-relationship review once implemented; project-owner review of the Recommended subset (not yet performed).",Broad descriptive summary,"Manual focus-containment, keyboard, and ARIA-relationship review once implemented; project-owner review of the Recommended subset (not yet performed).",Non-overriding summary,No,PASS,None
KBDL-CMP-056,Validation evidence,"Overlay components (KBDL-CMP-056 through KBDL-CMP-060, 071 through 085)",Not verified — no implementation exists yet.,Broad descriptive summary,Not verified — no implementation exists yet.,Non-overriding summary,No,PASS,None
KBDL-CMP-056,Known limitation,"Overlay components (KBDL-CMP-056 through KBDL-CMP-060, 071 through 085)",`KBDL-CMP-083` additionally notes that navigation-drawer use remains bound by the unapproved `KBDL-CMP-041` (KBDL-007) regardless of this item's own approval.,Broad descriptive summary,`KBDL-CMP-083` additionally notes that navigation-drawer use remains bound by the unapproved `KBDL-CMP-041` (KBDL-007) regardless of this item's own approval.,Non-overriding summary,No,PASS,None
KBDL-CMP-056,Packet or tracking destination,"Overlay components (KBDL-CMP-056 through KBDL-CMP-060, 071 through 085)",MISSING,Missing,MISSING,Missing,No,PASS,None
KBDL-CMP-056,Pending dependencies,"Overlay components (KBDL-CMP-056 through KBDL-CMP-060, 071 through 085)",MISSING,Missing,MISSING,Missing,No,PASS,None
KBDL-CMP-056,Related decision,"Overlay components (KBDL-CMP-056 through KBDL-CMP-060, 071 through 085)",Not applicable — pending a future decision-register entry once the project owner reviews the KBDL-008 decision packet.,Broad descriptive summary,Not applicable — pending a future decision-register entry once the project owner reviews the KBDL-008 decision packet.,Non-overriding summary,No,PASS,None
KBDL-CMP-056,Notes or exclusions,"Overlay components (KBDL-CMP-056 through KBDL-CMP-060, 071 through 085)","`KBDL-CMP-073`, `074`, `076`, `080`, `083`, `085` map to [KBDL-008 decision packet](components-system.md#33-kbdl-008-decision-packet) items 3, 4, 5, 6, 7, and 8 respectively.",Broad descriptive summary,"`KBDL-CMP-073`, `074`, `076`, `080`, `083`, `085` map to [KBDL-008 decision packet](components-system.md#33-kbdl-008-decision-packet) items 3, 4, 5, 6, 7, and 8 respectively.",Non-overriding summary,No,PASS,None
KBDL-CMP-061,Blueprint section,"Feedback components (KBDL-CMP-061, 086 through KBDL-CMP-098)","Feedback architecture; Inline Feedback, Alert, Banner, Toast/Snackbar, Status Region/Log, Badge, Progress Indicator, Meter, Skeleton",Uniform default,"Feedback architecture; Inline Feedback, Alert, Banner, Toast/Snackbar, Status Region/Log, Badge, Progress Indicator, Meter, Skeleton",Uniform default,Yes,PASS,None
KBDL-CMP-061,Roadmap prompt,"Feedback components (KBDL-CMP-061, 086 through KBDL-CMP-098)",KBDL-008,Uniform default,KBDL-008,Uniform default,Yes,PASS,None
KBDL-CMP-061,Specification location,"Feedback components (KBDL-CMP-061, 086 through KBDL-CMP-098)",[components-system.md §13–§14](components-system.md#13-feedback-architecture),Broad descriptive summary,[components-system.md §13–§14](components-system.md#13-feedback-architecture),Non-overriding summary,No,PASS,None
KBDL-CMP-061,Lifecycle status,"Feedback components (KBDL-CMP-061, 086 through KBDL-CMP-098)",MISSING,Missing,MISSING,Missing,No,PASS,None
KBDL-CMP-061,Provenance,"Feedback components (KBDL-CMP-061, 086 through KBDL-CMP-098)","Confirmed for `KBDL-CMP-061`, `086`, `087`, `088`, `090`, `092`, `093`, `094`, `095`, `096`, `098`; Assumed for `KBDL-CMP-089`, `091`.",Uniform status default,Confirmed,Uniform default,Yes,PASS,None
KBDL-CMP-061,Validation classification,"Feedback components (KBDL-CMP-061, 086 through KBDL-CMP-098)","Not verified: KBDL-CMP-061, KBDL-CMP-086, KBDL-CMP-087, KBDL-CMP-088, KBDL-CMP-090, KBDL-CMP-092, KBDL-CMP-093, KBDL-CMP-094, KBDL-CMP-095, KBDL-CMP-096, KBDL-CMP-098; Not applicable: KBDL-CMP-089, KBDL-CMP-091",Status bucket,Not verified,Exact per-ID mapping,Yes,PASS,None
KBDL-CMP-061,Authority,"Feedback components (KBDL-CMP-061, 086 through KBDL-CMP-098)",MISSING,Missing,MISSING,Missing,No,PASS,None
KBDL-CMP-061,Validation method,"Feedback components (KBDL-CMP-061, 086 through KBDL-CMP-098)","Manual live-region, role, and content-classification review once implemented; project-owner review of `KBDL-CMP-089`/`091` (not yet performed).",Broad descriptive summary,"Manual live-region, role, and content-classification review once implemented; project-owner review of `KBDL-CMP-089`/`091` (not yet performed).",Non-overriding summary,No,PASS,None
KBDL-CMP-061,Validation evidence,"Feedback components (KBDL-CMP-061, 086 through KBDL-CMP-098)",Not verified — no implementation exists yet.,Broad descriptive summary,Not verified — no implementation exists yet.,Non-overriding summary,No,PASS,None
KBDL-CMP-061,Known limitation,"Feedback components (KBDL-CMP-061, 086 through KBDL-CMP-098)",Implementation-dependent.,Broad descriptive summary,Implementation-dependent.,Non-overriding summary,No,PASS,None
KBDL-CMP-061,Packet or tracking destination,"Feedback components (KBDL-CMP-061, 086 through KBDL-CMP-098)",MISSING,Missing,MISSING,Missing,No,PASS,None
KBDL-CMP-061,Pending dependencies,"Feedback components (KBDL-CMP-061, 086 through KBDL-CMP-098)",MISSING,Missing,MISSING,Missing,No,PASS,None
KBDL-CMP-061,Related decision,"Feedback components (KBDL-CMP-061, 086 through KBDL-CMP-098)",Not applicable — pending a future decision-register entry once the project owner reviews the KBDL-008 decision packet.,Broad descriptive summary,Not applicable — pending a future decision-register entry once the project owner reviews the KBDL-008 decision packet.,Non-overriding summary,No,PASS,None
KBDL-CMP-061,Notes or exclusions,"Feedback components (KBDL-CMP-061, 086 through KBDL-CMP-098)","`KBDL-CMP-089`, `091` map to [KBDL-008 decision packet](components-system.md#33-kbdl-008-decision-packet) items 9 and 10 respectively.",Broad descriptive summary,"`KBDL-CMP-089`, `091` map to [KBDL-008 decision packet](components-system.md#33-kbdl-008-decision-packet) items 9 and 10 respectively.",Non-overriding summary,No,PASS,None
KBDL-CMP-063,Blueprint section,"System-state, complex-presentation, and profile/security baselines (KBDL-CMP-063, 064, 066, 097, 099–111)","System-state architecture; Loading, Empty, No-Results, Error, Offline/Reconnecting, Permission Denied, Not Found, Maintenance/Degraded, System Status; complex-presentation architecture; Interactive Grid, Tree/Treegrid, Carousel, Data Visualization; responsive transformation policy; security/privacy and profile-compatibility baselines",Uniform default,"System-state architecture; Loading, Empty, No-Results, Error, Offline/Reconnecting, Permission Denied, Not Found, Maintenance/Degraded, System Status; complex-presentation architecture; Interactive Grid, Tree/Treegrid, Carousel, Data Visualization; responsive transformation policy; security/privacy and profile-compatibility baselines",Uniform default,Yes,PASS,None
KBDL-CMP-063,Roadmap prompt,"System-state, complex-presentation, and profile/security baselines (KBDL-CMP-063, 064, 066, 097, 099–111)",KBDL-008,Uniform default,KBDL-008,Uniform default,Yes,PASS,None
KBDL-CMP-063,Specification location,"System-state, complex-presentation, and profile/security baselines (KBDL-CMP-063, 064, 066, 097, 099–111)","[components-system.md §15–§19, §23, §24](components-system.md#15-system-state-architecture)",Broad descriptive summary,"[components-system.md §15–§19, §23, §24](components-system.md#15-system-state-architecture)",Non-overriding summary,No,PASS,None
KBDL-CMP-063,Lifecycle status,"System-state, complex-presentation, and profile/security baselines (KBDL-CMP-063, 064, 066, 097, 099–111)",MISSING,Missing,MISSING,Missing,No,PASS,None
KBDL-CMP-063,Provenance,"System-state, complex-presentation, and profile/security baselines (KBDL-CMP-063, 064, 066, 097, 099–111)","Confirmed for `KBDL-CMP-063`, `064`, `066`, `097`, `100`, `101`, `103`, `104`, `107`, `109`; Assumed for `KBDL-CMP-099`, `102`, `105`, `106`, `108`, `110`, `111`.",Uniform status default,Confirmed,Uniform default,Yes,PASS,None
KBDL-CMP-063,Validation classification,"System-state, complex-presentation, and profile/security baselines (KBDL-CMP-063, 064, 066, 097, 099–111)","Not verified: KBDL-CMP-063, KBDL-CMP-064, KBDL-CMP-066, KBDL-CMP-097, KBDL-CMP-100, KBDL-CMP-101, KBDL-CMP-103, KBDL-CMP-104, KBDL-CMP-107, KBDL-CMP-109; Not applicable: KBDL-CMP-099, KBDL-CMP-102, KBDL-CMP-105, KBDL-CMP-106, KBDL-CMP-108, KBDL-CMP-110, KBDL-CMP-111",Status bucket,Not verified,Exact per-ID mapping,Yes,PASS,None
KBDL-CMP-063,Authority,"System-state, complex-presentation, and profile/security baselines (KBDL-CMP-063, 064, 066, 097, 099–111)",MISSING,Missing,MISSING,Missing,No,PASS,None
KBDL-CMP-063,Validation method,"System-state, complex-presentation, and profile/security baselines (KBDL-CMP-063, 064, 066, 097, 099–111)",Manual review once implemented; project-owner review of the Recommended subset (not yet performed).,Broad descriptive summary,Manual review once implemented; project-owner review of the Recommended subset (not yet performed).,Non-overriding summary,No,PASS,None
KBDL-CMP-063,Validation evidence,"System-state, complex-presentation, and profile/security baselines (KBDL-CMP-063, 064, 066, 097, 099–111)",Not verified — no implementation exists yet.,Broad descriptive summary,Not verified — no implementation exists yet.,Non-overriding summary,No,PASS,None
KBDL-CMP-063,Known limitation,"System-state, complex-presentation, and profile/security baselines (KBDL-CMP-063, 064, 066, 097, 099–111)",`KBDL-CMP-105` additionally cites the unapproved `KBDL-RSP-011` as related context; `KBDL-CMP-111` additionally depends on the eventual `KBDL-RSP-002` value for its exact trigger point.,Broad descriptive summary,`KBDL-CMP-105` additionally cites the unapproved `KBDL-RSP-011` as related context; `KBDL-CMP-111` additionally depends on the eventual `KBDL-RSP-002` value for its exact trigger point.,Non-overriding summary,No,PASS,None
KBDL-CMP-063,Packet or tracking destination,"System-state, complex-presentation, and profile/security baselines (KBDL-CMP-063, 064, 066, 097, 099–111)",MISSING,Missing,MISSING,Missing,No,PASS,None
KBDL-CMP-063,Pending dependencies,"System-state, complex-presentation, and profile/security baselines (KBDL-CMP-063, 064, 066, 097, 099–111)",MISSING,Missing,MISSING,Missing,No,PASS,None
KBDL-CMP-063,Related decision,"System-state, complex-presentation, and profile/security baselines (KBDL-CMP-063, 064, 066, 097, 099–111)",Not applicable — pending a future decision-register entry once the project owner reviews the KBDL-008 decision packet.,Broad descriptive summary,Not applicable — pending a future decision-register entry once the project owner reviews the KBDL-008 decision packet.,Non-overriding summary,No,PASS,None
KBDL-CMP-063,Notes or exclusions,"System-state, complex-presentation, and profile/security baselines (KBDL-CMP-063, 064, 066, 097, 099–111)","`KBDL-CMP-099`, `102`, `105`, `106`, `108`, `110`, `111` map to [KBDL-008 decision packet](components-system.md#33-kbdl-008-decision-packet) items 11, 12, 13, 14, 15, 16, and 17 respectively.",Broad descriptive summary,"`KBDL-CMP-099`, `102`, `105`, `106`, `108`, `110`, `111` map to [KBDL-008 decision packet](components-system.md#33-kbdl-008-decision-packet) items 11, 12, 13, 14, 15, 16, and 17 respectively.",Non-overriding summary,No,PASS,None
KBDL-PRO-001,Blueprint section,"Shared architecture, terminology, and governance (KBDL-PRO-001 through KBDL-PRO-009)",Profile architecture; terminology; locked/controlled/open classification; profile selection and declaration,Uniform default,Profile architecture; terminology; locked/controlled/open classification; profile selection and declaration,Uniform default,Yes,PASS,None
KBDL-PRO-001,Roadmap prompt,"Shared architecture, terminology, and governance (KBDL-PRO-001 through KBDL-PRO-009)",KBDL-009,Uniform default,KBDL-009,Uniform default,Yes,PASS,None
KBDL-PRO-001,Specification location,"Shared architecture, terminology, and governance (KBDL-PRO-001 through KBDL-PRO-009)",MISSING,Missing,MISSING,Missing,No,PASS,None
KBDL-PRO-001,Lifecycle status,"Shared architecture, terminology, and governance (KBDL-PRO-001 through KBDL-PRO-009)",MISSING,Missing,MISSING,Missing,No,PASS,None
KBDL-PRO-001,Provenance,"Shared architecture, terminology, and governance (KBDL-PRO-001 through KBDL-PRO-009)",Confirmed for `KBDL-PRO-001`–`008`; Assumed for `KBDL-PRO-009`.,Uniform status default,Confirmed,Uniform default,Yes,PASS,None
KBDL-PRO-001,Validation classification,"Shared architecture, terminology, and governance (KBDL-PRO-001 through KBDL-PRO-009)","Not verified: KBDL-PRO-001, KBDL-PRO-002, KBDL-PRO-003, KBDL-PRO-004, KBDL-PRO-005; Not applicable: KBDL-PRO-006, KBDL-PRO-007, KBDL-PRO-008, KBDL-PRO-009",Status bucket,Not verified,Exact per-ID mapping,Yes,PASS,None
KBDL-PRO-001,Authority,"Shared architecture, terminology, and governance (KBDL-PRO-001 through KBDL-PRO-009)",`KBDL-PRO-001`–`008`: prior-Approved KBDL requirements and/or explicit mandatory clauses of the approved KBDL-009 prompt (see each ID's own record for the exact split). `KBDL-PRO-009`: not applicable — pending explicit project-owner approval; assignment of a PRO ID does not grant implementation authority.,Per-ID clause mapping,prior-Approved KBDL requirements and/or explicit mandatory clauses of the approved KBDL-009 prompt (see each ID's own record for the exact split). `KBDL-PRO-009`: not applicable — pending explicit project-owner approval,Non-overriding summary,No,PASS,None
KBDL-PRO-001,Validation method,"Shared architecture, terminology, and governance (KBDL-PRO-001 through KBDL-PRO-009)",Manual cross-module architecture review once implemented; project-owner review of `KBDL-PRO-009` (not yet performed).,Broad descriptive summary,Manual cross-module architecture review once implemented; project-owner review of `KBDL-PRO-009` (not yet performed).,Non-overriding summary,No,PASS,None
KBDL-PRO-001,Validation evidence,"Shared architecture, terminology, and governance (KBDL-PRO-001 through KBDL-PRO-009)",Not verified — no implementation exists yet.,Broad descriptive summary,Not verified — no implementation exists yet.,Non-overriding summary,No,PASS,None
KBDL-PRO-001,Known limitation,"Shared architecture, terminology, and governance (KBDL-PRO-001 through KBDL-PRO-009)","`KBDL-PRO-001`–`008`: implementation-dependent, not yet verified. `KBDL-PRO-009`: Recommended, grants no implementation authority pending project-owner review.",Per-ID clause mapping,"implementation-dependent, not yet verified. `KBDL-PRO-009`: Recommended, grants no implementation authority pending project-owner review.",Non-overriding summary,No,PASS,None
KBDL-PRO-001,Packet or tracking destination,"Shared architecture, terminology, and governance (KBDL-PRO-001 through KBDL-PRO-009)",`KBDL-PRO-001`–`008`: None — Approved requirement; not awaiting packet approval. `KBDL-PRO-009`: Approval-ready item 1.,Per-ID clause mapping,None — Approved requirement,Exact per-ID mapping,Yes,PASS,None
KBDL-PRO-001,Pending dependencies,"Shared architecture, terminology, and governance (KBDL-PRO-001 through KBDL-PRO-009)",`KBDL-PRO-001`–`008`: none. `KBDL-PRO-009`: no blocking dependency (independently approval-ready).,Per-ID clause mapping,none. `KBDL-PRO-009`: no blocking dependency (independently approval-ready).,Exact per-ID mapping,Yes,PASS,None
KBDL-PRO-001,Related decision,"Shared architecture, terminology, and governance (KBDL-PRO-001 through KBDL-PRO-009)",Not applicable — pending a future decision-register entry once the project owner reviews the KBDL-009 decision packet.,Broad descriptive summary,Not applicable — pending a future decision-register entry once the project owner reviews the KBDL-009 decision packet.,Non-overriding summary,No,PASS,None
KBDL-PRO-001,Notes or exclusions,"Shared architecture, terminology, and governance (KBDL-PRO-001 through KBDL-PRO-009)",`KBDL-PRO-009` maps to [KBDL-009 decision packet](profiles.md#33-kbdl-009-decision-packet) item 1.,Broad descriptive summary,`KBDL-PRO-009` maps to [KBDL-009 decision packet](profiles.md#33-kbdl-009-decision-packet) item 1.,Non-overriding summary,No,PASS,None
KBDL-PRO-010,Blueprint section,"Showcase, Precision, and Flow profile definitions (KBDL-PRO-010 through KBDL-PRO-018)",Showcase Profile; Precision Profile; Flow Profile; component interpretation per profile,Uniform default,Showcase Profile; Precision Profile; Flow Profile; component interpretation per profile,Uniform default,Yes,PASS,None
KBDL-PRO-010,Roadmap prompt,"Showcase, Precision, and Flow profile definitions (KBDL-PRO-010 through KBDL-PRO-018)",KBDL-009,Uniform default,KBDL-009,Uniform default,Yes,PASS,None
KBDL-PRO-010,Specification location,"Showcase, Precision, and Flow profile definitions (KBDL-PRO-010 through KBDL-PRO-018)",MISSING,Missing,MISSING,Missing,No,PASS,None
KBDL-PRO-010,Lifecycle status,"Showcase, Precision, and Flow profile definitions (KBDL-PRO-010 through KBDL-PRO-018)",MISSING,Missing,MISSING,Missing,No,PASS,None
KBDL-PRO-010,Provenance,"Showcase, Precision, and Flow profile definitions (KBDL-PRO-010 through KBDL-PRO-018)","Confirmed for `KBDL-PRO-010`–`015`; Assumed for `KBDL-PRO-016`, `017`, `018`.",Uniform status default,Confirmed,Uniform default,Yes,PASS,None
KBDL-PRO-010,Validation classification,"Showcase, Precision, and Flow profile definitions (KBDL-PRO-010 through KBDL-PRO-018)","Not verified: KBDL-PRO-010, KBDL-PRO-011, KBDL-PRO-012, KBDL-PRO-013, KBDL-PRO-014, KBDL-PRO-015; Not applicable: KBDL-PRO-016, KBDL-PRO-017, KBDL-PRO-018",Status bucket,Not verified,Exact per-ID mapping,Yes,PASS,None
KBDL-PRO-010,Authority,"Showcase, Precision, and Flow profile definitions (KBDL-PRO-010 through KBDL-PRO-018)","`KBDL-PRO-010`–`015`: prior-Approved KBDL requirements (see each ID's own record for the exact sources). `KBDL-PRO-016`, `017`, `018`: not applicable — pending explicit project-owner approval; assignment of a PRO ID does not grant implementation authority.",Per-ID clause mapping,"prior-Approved KBDL requirements (see each ID's own record for the exact sources). `KBDL-PRO-016`, `017`, `018`: not applicable — pending explicit project-owner approval",Non-overriding summary,No,PASS,None
KBDL-PRO-010,Validation method,"Showcase, Precision, and Flow profile definitions (KBDL-PRO-010 through KBDL-PRO-018)",Manual cross-module consistency review once implemented; project-owner review of `KBDL-PRO-016`/`017`/`018` (not yet performed).,Broad descriptive summary,Manual cross-module consistency review once implemented; project-owner review of `KBDL-PRO-016`/`017`/`018` (not yet performed).,Non-overriding summary,No,PASS,None
KBDL-PRO-010,Validation evidence,"Showcase, Precision, and Flow profile definitions (KBDL-PRO-010 through KBDL-PRO-018)",Not verified — no implementation exists yet.,Broad descriptive summary,Not verified — no implementation exists yet.,Non-overriding summary,No,PASS,None
KBDL-PRO-010,Known limitation,"Showcase, Precision, and Flow profile definitions (KBDL-PRO-010 through KBDL-PRO-018)",`KBDL-PRO-016` additionally depends on the unapproved KBDL-008 `KBDL-CMP-067`; `KBDL-PRO-018` additionally depends on the unapproved KBDL-007 `KBDL-CMP-015`/`036`.,Broad descriptive summary,`KBDL-PRO-016` additionally depends on the unapproved KBDL-008 `KBDL-CMP-067`; `KBDL-PRO-018` additionally depends on the unapproved KBDL-007 `KBDL-CMP-015`/`036`.,Non-overriding summary,No,PASS,None
KBDL-PRO-010,Packet or tracking destination,"Showcase, Precision, and Flow profile definitions (KBDL-PRO-010 through KBDL-PRO-018)",`KBDL-PRO-010`–`015`: None — Approved requirement; not awaiting packet approval. `KBDL-PRO-016`: Contingent — [§33.3](profiles.md#333-unresolved-or-not-approval-ready); not independently approval-ready. `KBDL-PRO-017`: Approval-ready item 2. `KBDL-PRO-018`: Contingent — [§33.3](profiles.md#333-unresolved-or-not-approval-ready); not independently approval-ready.,Per-ID clause mapping,None — Approved requirement,Exact per-ID mapping,Yes,PASS,None
KBDL-PRO-010,Pending dependencies,"Showcase, Precision, and Flow profile definitions (KBDL-PRO-010 through KBDL-PRO-018)","`KBDL-PRO-010`–`015`: none. `KBDL-PRO-016`: blocked by `KBDL-CMP-067` (KBDL-008). `KBDL-PRO-017`: no blocking dependency; `KBDL-RSP-002` and `003` are cited as unapproved context only, not required for this item's own approval. `KBDL-PRO-018`: blocked by `KBDL-CMP-015` and `036` (KBDL-007).",Per-ID clause mapping,none. `KBDL-PRO-016`: blocked by `KBDL-CMP-067` (KBDL-008). `KBDL-PRO-017`: no blocking dependency,Exact per-ID mapping,Yes,PASS,None
KBDL-PRO-010,Related decision,"Showcase, Precision, and Flow profile definitions (KBDL-PRO-010 through KBDL-PRO-018)",Not applicable — pending a future decision-register entry once the project owner reviews the KBDL-009 decision packet.,Broad descriptive summary,Not applicable — pending a future decision-register entry once the project owner reviews the KBDL-009 decision packet.,Non-overriding summary,No,PASS,None
KBDL-PRO-010,Notes or exclusions,"Showcase, Precision, and Flow profile definitions (KBDL-PRO-010 through KBDL-PRO-018)","`KBDL-PRO-017` maps to [KBDL-009 decision packet](profiles.md#33-kbdl-009-decision-packet) item 2 (independently approval-ready). `KBDL-PRO-016` and `018` map to the contingent items in [profiles.md §33.3](profiles.md#333-unresolved-or-not-approval-ready), not to any approval-ready item.",Broad descriptive summary,"`KBDL-PRO-017` maps to [KBDL-009 decision packet](profiles.md#33-kbdl-009-decision-packet) item 2 (independently approval-ready). `KBDL-PRO-016` and `018` map to the contingent items in [profiles.md §33.3](profiles.md#333-unresolved-or-not-approval-ready), not to any approval-ready item.",Non-overriding summary,No,PASS,None
KBDL-PRO-019,Blueprint section,"Mapping, content, security, conflict, and adoption requirements (KBDL-PRO-019 through KBDL-PRO-029)","Principles/core-component/system-component mapping; content and communication; security, privacy, and correctness; profile conflicts; profile adoption and change management",Uniform default,"Principles/core-component/system-component mapping; content and communication; security, privacy, and correctness; profile conflicts; profile adoption and change management",Uniform default,Yes,PASS,None
KBDL-PRO-019,Roadmap prompt,"Mapping, content, security, conflict, and adoption requirements (KBDL-PRO-019 through KBDL-PRO-029)",KBDL-009,Uniform default,KBDL-009,Uniform default,Yes,PASS,None
KBDL-PRO-019,Specification location,"Mapping, content, security, conflict, and adoption requirements (KBDL-PRO-019 through KBDL-PRO-029)",MISSING,Missing,MISSING,Missing,No,PASS,None
KBDL-PRO-019,Lifecycle status,"Mapping, content, security, conflict, and adoption requirements (KBDL-PRO-019 through KBDL-PRO-029)",MISSING,Missing,MISSING,Missing,No,PASS,None
KBDL-PRO-019,Provenance,"Mapping, content, security, conflict, and adoption requirements (KBDL-PRO-019 through KBDL-PRO-029)","Confirmed for `KBDL-PRO-019`–`026`; Assumed for `KBDL-PRO-027`, `028`, `029`.",Uniform status default,Confirmed,Uniform default,Yes,PASS,None
KBDL-PRO-019,Validation classification,"Mapping, content, security, conflict, and adoption requirements (KBDL-PRO-019 through KBDL-PRO-029)","Not verified: KBDL-PRO-019, KBDL-PRO-020, KBDL-PRO-021, KBDL-PRO-022, KBDL-PRO-023, KBDL-PRO-024; Not applicable: KBDL-PRO-025, KBDL-PRO-026, KBDL-PRO-027, KBDL-PRO-028, KBDL-PRO-029",Status bucket,Not verified,Exact per-ID mapping,Yes,PASS,None
KBDL-PRO-019,Authority,"Mapping, content, security, conflict, and adoption requirements (KBDL-PRO-019 through KBDL-PRO-029)","`KBDL-PRO-019`–`026`: prior-Approved KBDL requirements and/or explicit mandatory clauses of the approved KBDL-009 prompt (see each ID's own record for the exact split). `KBDL-PRO-027`, `028`, `029`: not applicable — pending explicit project-owner approval; assignment of a PRO ID does not grant implementation authority.",Per-ID clause mapping,"prior-Approved KBDL requirements and/or explicit mandatory clauses of the approved KBDL-009 prompt (see each ID's own record for the exact split). `KBDL-PRO-027`, `028`, `029`: not applicable — pending explicit project-owner approval",Non-overriding summary,No,PASS,None
KBDL-PRO-019,Validation method,"Mapping, content, security, conflict, and adoption requirements (KBDL-PRO-019 through KBDL-PRO-029)",Manual review once implemented; project-owner review of `KBDL-PRO-027`/`028`/`029` (not yet performed).,Broad descriptive summary,Manual review once implemented; project-owner review of `KBDL-PRO-027`/`028`/`029` (not yet performed).,Non-overriding summary,No,PASS,None
KBDL-PRO-019,Validation evidence,"Mapping, content, security, conflict, and adoption requirements (KBDL-PRO-019 through KBDL-PRO-029)",Not verified — no implementation exists yet.,Broad descriptive summary,Not verified — no implementation exists yet.,Non-overriding summary,No,PASS,None
KBDL-PRO-019,Known limitation,"Mapping, content, security, conflict, and adoption requirements (KBDL-PRO-019 through KBDL-PRO-029)","`KBDL-PRO-019`–`026`: implementation-dependent, not yet verified. `KBDL-PRO-027`, `029`: Recommended, grants no implementation authority pending project-owner review. `KBDL-PRO-028`: Recommended, grants no implementation authority pending project-owner review.",Per-ID clause mapping,"implementation-dependent, not yet verified. `KBDL-PRO-027`, `029`: Recommended, grants no implementation authority pending project-owner review. `KBDL-PRO-028`: Recommended, grants no implementation authority pending project-owner review.",Non-overriding summary,No,PASS,None
KBDL-PRO-019,Packet or tracking destination,"Mapping, content, security, conflict, and adoption requirements (KBDL-PRO-019 through KBDL-PRO-029)",`KBDL-PRO-019`–`026`: None — Approved requirement; not awaiting packet approval. `KBDL-PRO-027`: Approval-ready item 3. `KBDL-PRO-028`: Approval-ready item 4. `KBDL-PRO-029`: Approval-ready item 5.,Per-ID clause mapping,None — Approved requirement,Exact per-ID mapping,Yes,PASS,None
KBDL-PRO-019,Pending dependencies,"Mapping, content, security, conflict, and adoption requirements (KBDL-PRO-019 through KBDL-PRO-029)",`KBDL-PRO-027`: no pending dependency (independently approval-ready). `KBDL-PRO-028`: no pending dependency (independently approval-ready). `KBDL-PRO-029`: no pending dependency (independently approval-ready). `KBDL-PRO-019`–`026`: none.,Range mapping,none.,Exact per-ID mapping,Yes,PASS,None
KBDL-PRO-019,Related decision,"Mapping, content, security, conflict, and adoption requirements (KBDL-PRO-019 through KBDL-PRO-029)",Not applicable — pending a future decision-register entry once the project owner reviews the KBDL-009 decision packet.,Broad descriptive summary,Not applicable — pending a future decision-register entry once the project owner reviews the KBDL-009 decision packet.,Non-overriding summary,No,PASS,None
KBDL-PRO-019,Notes or exclusions,"Mapping, content, security, conflict, and adoption requirements (KBDL-PRO-019 through KBDL-PRO-029)","`KBDL-PRO-027`, `028`, `029` map to [KBDL-009 decision packet](profiles.md#33-kbdl-009-decision-packet) approval-ready items 3, 4, and 5 respectively (not contingent; see [profiles.md §38](profiles.md#38-decision-packet-coverage-audit) for the full, corrected coverage audit).",Broad descriptive summary,"`KBDL-PRO-027`, `028`, `029` map to [KBDL-009 decision packet](profiles.md#33-kbdl-009-decision-packet) approval-ready items 3, 4, and 5 respectively (not contingent; see [profiles.md §38](profiles.md#38-decision-packet-coverage-audit) for the full, corrected coverage audit).",Non-overriding summary,No,PASS,None
KBDL-CUS-001,Blueprint section,"Authority, classification, workflow, and records (KBDL-CUS-001 through KBDL-CUS-012)",Manual/documented customization; authority; classification; workflow; intake; records; impact/evidence; review/rollback,Uniform default,Manual/documented customization; authority; classification; workflow; intake; records; impact/evidence; review/rollback,Uniform default,Yes,PASS,None
KBDL-CUS-002,Blueprint section,"Authority, classification, workflow, and records (KBDL-CUS-001 through KBDL-CUS-012)",Manual/documented customization; authority; classification; workflow; intake; records; impact/evidence; review/rollback,Uniform default,Manual/documented customization; authority; classification; workflow; intake; records; impact/evidence; review/rollback,Uniform default,Yes,PASS,None
KBDL-CUS-003,Blueprint section,"Authority, classification, workflow, and records (KBDL-CUS-001 through KBDL-CUS-012)",Manual/documented customization; authority; classification; workflow; intake; records; impact/evidence; review/rollback,Uniform default,Manual/documented customization; authority; classification; workflow; intake; records; impact/evidence; review/rollback,Uniform default,Yes,PASS,None
KBDL-CUS-004,Blueprint section,"Authority, classification, workflow, and records (KBDL-CUS-001 through KBDL-CUS-012)",Manual/documented customization; authority; classification; workflow; intake; records; impact/evidence; review/rollback,Uniform default,Manual/documented customization; authority; classification; workflow; intake; records; impact/evidence; review/rollback,Uniform default,Yes,PASS,None
KBDL-CUS-005,Blueprint section,"Authority, classification, workflow, and records (KBDL-CUS-001 through KBDL-CUS-012)",Manual/documented customization; authority; classification; workflow; intake; records; impact/evidence; review/rollback,Uniform default,Manual/documented customization; authority; classification; workflow; intake; records; impact/evidence; review/rollback,Uniform default,Yes,PASS,None
KBDL-CUS-006,Blueprint section,"Authority, classification, workflow, and records (KBDL-CUS-001 through KBDL-CUS-012)",Manual/documented customization; authority; classification; workflow; intake; records; impact/evidence; review/rollback,Uniform default,Manual/documented customization; authority; classification; workflow; intake; records; impact/evidence; review/rollback,Uniform default,Yes,PASS,None
KBDL-CUS-007,Blueprint section,"Authority, classification, workflow, and records (KBDL-CUS-001 through KBDL-CUS-012)",Manual/documented customization; authority; classification; workflow; intake; records; impact/evidence; review/rollback,Uniform default,Manual/documented customization; authority; classification; workflow; intake; records; impact/evidence; review/rollback,Uniform default,Yes,PASS,None
KBDL-CUS-008,Blueprint section,"Authority, classification, workflow, and records (KBDL-CUS-001 through KBDL-CUS-012)",Manual/documented customization; authority; classification; workflow; intake; records; impact/evidence; review/rollback,Uniform default,Manual/documented customization; authority; classification; workflow; intake; records; impact/evidence; review/rollback,Uniform default,Yes,PASS,None
KBDL-CUS-009,Blueprint section,"Authority, classification, workflow, and records (KBDL-CUS-001 through KBDL-CUS-012)",Manual/documented customization; authority; classification; workflow; intake; records; impact/evidence; review/rollback,Uniform default,Manual/documented customization; authority; classification; workflow; intake; records; impact/evidence; review/rollback,Uniform default,Yes,PASS,None
KBDL-CUS-010,Blueprint section,"Authority, classification, workflow, and records (KBDL-CUS-001 through KBDL-CUS-012)",Manual/documented customization; authority; classification; workflow; intake; records; impact/evidence; review/rollback,Uniform default,Manual/documented customization; authority; classification; workflow; intake; records; impact/evidence; review/rollback,Uniform default,Yes,PASS,None
KBDL-CUS-011,Blueprint section,"Authority, classification, workflow, and records (KBDL-CUS-001 through KBDL-CUS-012)",Manual/documented customization; authority; classification; workflow; intake; records; impact/evidence; review/rollback,Uniform default,Manual/documented customization; authority; classification; workflow; intake; records; impact/evidence; review/rollback,Uniform default,Yes,PASS,None
KBDL-CUS-012,Blueprint section,"Authority, classification, workflow, and records (KBDL-CUS-001 through KBDL-CUS-012)",Manual/documented customization; authority; classification; workflow; intake; records; impact/evidence; review/rollback,Uniform default,Manual/documented customization; authority; classification; workflow; intake; records; impact/evidence; review/rollback,Uniform default,Yes,PASS,None
KBDL-CUS-001,Roadmap prompt,"Authority, classification, workflow, and records (KBDL-CUS-001 through KBDL-CUS-012)",KBDL-010,Uniform default,KBDL-010,Uniform default,Yes,PASS,None
KBDL-CUS-002,Roadmap prompt,"Authority, classification, workflow, and records (KBDL-CUS-001 through KBDL-CUS-012)",KBDL-010,Uniform default,KBDL-010,Uniform default,Yes,PASS,None
KBDL-CUS-003,Roadmap prompt,"Authority, classification, workflow, and records (KBDL-CUS-001 through KBDL-CUS-012)",KBDL-010,Uniform default,KBDL-010,Uniform default,Yes,PASS,None
KBDL-CUS-004,Roadmap prompt,"Authority, classification, workflow, and records (KBDL-CUS-001 through KBDL-CUS-012)",KBDL-010,Uniform default,KBDL-010,Uniform default,Yes,PASS,None
KBDL-CUS-005,Roadmap prompt,"Authority, classification, workflow, and records (KBDL-CUS-001 through KBDL-CUS-012)",KBDL-010,Uniform default,KBDL-010,Uniform default,Yes,PASS,None
KBDL-CUS-006,Roadmap prompt,"Authority, classification, workflow, and records (KBDL-CUS-001 through KBDL-CUS-012)",KBDL-010,Uniform default,KBDL-010,Uniform default,Yes,PASS,None
KBDL-CUS-007,Roadmap prompt,"Authority, classification, workflow, and records (KBDL-CUS-001 through KBDL-CUS-012)",KBDL-010,Uniform default,KBDL-010,Uniform default,Yes,PASS,None
KBDL-CUS-008,Roadmap prompt,"Authority, classification, workflow, and records (KBDL-CUS-001 through KBDL-CUS-012)",KBDL-010,Uniform default,KBDL-010,Uniform default,Yes,PASS,None
KBDL-CUS-009,Roadmap prompt,"Authority, classification, workflow, and records (KBDL-CUS-001 through KBDL-CUS-012)",KBDL-010,Uniform default,KBDL-010,Uniform default,Yes,PASS,None
KBDL-CUS-010,Roadmap prompt,"Authority, classification, workflow, and records (KBDL-CUS-001 through KBDL-CUS-012)",KBDL-010,Uniform default,KBDL-010,Uniform default,Yes,PASS,None
KBDL-CUS-011,Roadmap prompt,"Authority, classification, workflow, and records (KBDL-CUS-001 through KBDL-CUS-012)",KBDL-010,Uniform default,KBDL-010,Uniform default,Yes,PASS,None
KBDL-CUS-012,Roadmap prompt,"Authority, classification, workflow, and records (KBDL-CUS-001 through KBDL-CUS-012)",KBDL-010,Uniform default,KBDL-010,Uniform default,Yes,PASS,None
KBDL-CUS-001,Specification location,"Authority, classification, workflow, and records (KBDL-CUS-001 through KBDL-CUS-012)",MISSING,Missing,MISSING,Missing,No,PASS,None
KBDL-CUS-002,Specification location,"Authority, classification, workflow, and records (KBDL-CUS-001 through KBDL-CUS-012)",MISSING,Missing,MISSING,Missing,No,PASS,None
KBDL-CUS-003,Specification location,"Authority, classification, workflow, and records (KBDL-CUS-001 through KBDL-CUS-012)",MISSING,Missing,MISSING,Missing,No,PASS,None
KBDL-CUS-004,Specification location,"Authority, classification, workflow, and records (KBDL-CUS-001 through KBDL-CUS-012)",MISSING,Missing,MISSING,Missing,No,PASS,None
KBDL-CUS-005,Specification location,"Authority, classification, workflow, and records (KBDL-CUS-001 through KBDL-CUS-012)",MISSING,Missing,MISSING,Missing,No,PASS,None
KBDL-CUS-006,Specification location,"Authority, classification, workflow, and records (KBDL-CUS-001 through KBDL-CUS-012)",MISSING,Missing,MISSING,Missing,No,PASS,None
KBDL-CUS-007,Specification location,"Authority, classification, workflow, and records (KBDL-CUS-001 through KBDL-CUS-012)",MISSING,Missing,MISSING,Missing,No,PASS,None
KBDL-CUS-008,Specification location,"Authority, classification, workflow, and records (KBDL-CUS-001 through KBDL-CUS-012)",MISSING,Missing,MISSING,Missing,No,PASS,None
KBDL-CUS-009,Specification location,"Authority, classification, workflow, and records (KBDL-CUS-001 through KBDL-CUS-012)",MISSING,Missing,MISSING,Missing,No,PASS,None
KBDL-CUS-010,Specification location,"Authority, classification, workflow, and records (KBDL-CUS-001 through KBDL-CUS-012)",MISSING,Missing,MISSING,Missing,No,PASS,None
KBDL-CUS-011,Specification location,"Authority, classification, workflow, and records (KBDL-CUS-001 through KBDL-CUS-012)",MISSING,Missing,MISSING,Missing,No,PASS,None
KBDL-CUS-012,Specification location,"Authority, classification, workflow, and records (KBDL-CUS-001 through KBDL-CUS-012)",MISSING,Missing,MISSING,Missing,No,PASS,None
KBDL-CUS-001,Lifecycle status,"Authority, classification, workflow, and records (KBDL-CUS-001 through KBDL-CUS-012)",All Approved.,Uniform status default,Approved,Uniform default,Yes,PASS,None
KBDL-CUS-002,Lifecycle status,"Authority, classification, workflow, and records (KBDL-CUS-001 through KBDL-CUS-012)",All Approved.,Uniform status default,Approved,Uniform default,Yes,PASS,None
KBDL-CUS-003,Lifecycle status,"Authority, classification, workflow, and records (KBDL-CUS-001 through KBDL-CUS-012)",All Approved.,Uniform status default,Approved,Uniform default,Yes,PASS,None
KBDL-CUS-004,Lifecycle status,"Authority, classification, workflow, and records (KBDL-CUS-001 through KBDL-CUS-012)",All Approved.,Uniform status default,Approved,Uniform default,Yes,PASS,None
KBDL-CUS-005,Lifecycle status,"Authority, classification, workflow, and records (KBDL-CUS-001 through KBDL-CUS-012)",All Approved.,Uniform status default,Approved,Uniform default,Yes,PASS,None
KBDL-CUS-006,Lifecycle status,"Authority, classification, workflow, and records (KBDL-CUS-001 through KBDL-CUS-012)",All Approved.,Uniform status default,Approved,Uniform default,Yes,PASS,None
KBDL-CUS-007,Lifecycle status,"Authority, classification, workflow, and records (KBDL-CUS-001 through KBDL-CUS-012)",All Approved.,Uniform status default,Approved,Uniform default,Yes,PASS,None
KBDL-CUS-008,Lifecycle status,"Authority, classification, workflow, and records (KBDL-CUS-001 through KBDL-CUS-012)",All Approved.,Uniform status default,Approved,Uniform default,Yes,PASS,None
KBDL-CUS-009,Lifecycle status,"Authority, classification, workflow, and records (KBDL-CUS-001 through KBDL-CUS-012)",All Approved.,Uniform status default,Approved,Uniform default,Yes,PASS,None
KBDL-CUS-010,Lifecycle status,"Authority, classification, workflow, and records (KBDL-CUS-001 through KBDL-CUS-012)",All Approved.,Uniform status default,Approved,Uniform default,Yes,PASS,None
KBDL-CUS-011,Lifecycle status,"Authority, classification, workflow, and records (KBDL-CUS-001 through KBDL-CUS-012)",All Approved.,Uniform status default,Approved,Uniform default,Yes,PASS,None
KBDL-CUS-012,Lifecycle status,"Authority, classification, workflow, and records (KBDL-CUS-001 through KBDL-CUS-012)",All Approved.,Uniform status default,Approved,Uniform default,Yes,PASS,None
KBDL-CUS-001,Provenance,"Authority, classification, workflow, and records (KBDL-CUS-001 through KBDL-CUS-012)",All Confirmed.,Uniform status default,Confirmed,Uniform default,Yes,PASS,None
KBDL-CUS-002,Provenance,"Authority, classification, workflow, and records (KBDL-CUS-001 through KBDL-CUS-012)",All Confirmed.,Uniform status default,Confirmed,Uniform default,Yes,PASS,None
KBDL-CUS-003,Provenance,"Authority, classification, workflow, and records (KBDL-CUS-001 through KBDL-CUS-012)",All Confirmed.,Uniform status default,Confirmed,Uniform default,Yes,PASS,None
KBDL-CUS-004,Provenance,"Authority, classification, workflow, and records (KBDL-CUS-001 through KBDL-CUS-012)",All Confirmed.,Uniform status default,Confirmed,Uniform default,Yes,PASS,None
KBDL-CUS-005,Provenance,"Authority, classification, workflow, and records (KBDL-CUS-001 through KBDL-CUS-012)",All Confirmed.,Uniform status default,Confirmed,Uniform default,Yes,PASS,None
KBDL-CUS-006,Provenance,"Authority, classification, workflow, and records (KBDL-CUS-001 through KBDL-CUS-012)",All Confirmed.,Uniform status default,Confirmed,Uniform default,Yes,PASS,None
KBDL-CUS-007,Provenance,"Authority, classification, workflow, and records (KBDL-CUS-001 through KBDL-CUS-012)",All Confirmed.,Uniform status default,Confirmed,Uniform default,Yes,PASS,None
KBDL-CUS-008,Provenance,"Authority, classification, workflow, and records (KBDL-CUS-001 through KBDL-CUS-012)",All Confirmed.,Uniform status default,Confirmed,Uniform default,Yes,PASS,None
KBDL-CUS-009,Provenance,"Authority, classification, workflow, and records (KBDL-CUS-001 through KBDL-CUS-012)",All Confirmed.,Uniform status default,Confirmed,Uniform default,Yes,PASS,None
KBDL-CUS-010,Provenance,"Authority, classification, workflow, and records (KBDL-CUS-001 through KBDL-CUS-012)",All Confirmed.,Uniform status default,Confirmed,Uniform default,Yes,PASS,None
KBDL-CUS-011,Provenance,"Authority, classification, workflow, and records (KBDL-CUS-001 through KBDL-CUS-012)",All Confirmed.,Uniform status default,Confirmed,Uniform default,Yes,PASS,None
KBDL-CUS-012,Provenance,"Authority, classification, workflow, and records (KBDL-CUS-001 through KBDL-CUS-012)",All Confirmed.,Uniform status default,Confirmed,Uniform default,Yes,PASS,None
KBDL-CUS-001,Validation classification,"Authority, classification, workflow, and records (KBDL-CUS-001 through KBDL-CUS-012)",Not verified,Uniform status default,Not verified,Uniform default,Yes,PASS,None
KBDL-CUS-002,Validation classification,"Authority, classification, workflow, and records (KBDL-CUS-001 through KBDL-CUS-012)",Not verified,Uniform status default,Not verified,Uniform default,Yes,PASS,None
KBDL-CUS-003,Validation classification,"Authority, classification, workflow, and records (KBDL-CUS-001 through KBDL-CUS-012)",Not verified,Uniform status default,Not verified,Uniform default,Yes,PASS,None
KBDL-CUS-004,Validation classification,"Authority, classification, workflow, and records (KBDL-CUS-001 through KBDL-CUS-012)",Not verified,Uniform status default,Not verified,Uniform default,Yes,PASS,None
KBDL-CUS-005,Validation classification,"Authority, classification, workflow, and records (KBDL-CUS-001 through KBDL-CUS-012)",Not verified,Uniform status default,Not verified,Uniform default,Yes,PASS,None
KBDL-CUS-006,Validation classification,"Authority, classification, workflow, and records (KBDL-CUS-001 through KBDL-CUS-012)",Not verified,Uniform status default,Not verified,Uniform default,Yes,PASS,None
KBDL-CUS-007,Validation classification,"Authority, classification, workflow, and records (KBDL-CUS-001 through KBDL-CUS-012)",Not verified,Uniform status default,Not verified,Uniform default,Yes,PASS,None
KBDL-CUS-008,Validation classification,"Authority, classification, workflow, and records (KBDL-CUS-001 through KBDL-CUS-012)",Not verified,Uniform status default,Not verified,Uniform default,Yes,PASS,None
KBDL-CUS-009,Validation classification,"Authority, classification, workflow, and records (KBDL-CUS-001 through KBDL-CUS-012)",Not verified,Uniform status default,Not verified,Uniform default,Yes,PASS,None
KBDL-CUS-010,Validation classification,"Authority, classification, workflow, and records (KBDL-CUS-001 through KBDL-CUS-012)",Not verified,Uniform status default,Not verified,Uniform default,Yes,PASS,None
KBDL-CUS-011,Validation classification,"Authority, classification, workflow, and records (KBDL-CUS-001 through KBDL-CUS-012)",Not verified,Uniform status default,Not verified,Uniform default,Yes,PASS,None
KBDL-CUS-012,Validation classification,"Authority, classification, workflow, and records (KBDL-CUS-001 through KBDL-CUS-012)",Not verified,Uniform status default,Not verified,Uniform default,Yes,PASS,None
KBDL-CUS-001,Authority,"Authority, classification, workflow, and records (KBDL-CUS-001 through KBDL-CUS-012)",Per-ID prior Approved governance/principle/profile sources and/or explicit mandatory KBDL-010 prompt clauses; exact source appears in each normative record.,Broad descriptive summary,Per-ID prior Approved governance/principle/profile sources and/or explicit mandatory KBDL-010 prompt clauses; exact source appears in each normative record.,Non-overriding summary,No,PASS,None
KBDL-CUS-002,Authority,"Authority, classification, workflow, and records (KBDL-CUS-001 through KBDL-CUS-012)",Per-ID prior Approved governance/principle/profile sources and/or explicit mandatory KBDL-010 prompt clauses; exact source appears in each normative record.,Broad descriptive summary,Per-ID prior Approved governance/principle/profile sources and/or explicit mandatory KBDL-010 prompt clauses; exact source appears in each normative record.,Non-overriding summary,No,PASS,None
KBDL-CUS-003,Authority,"Authority, classification, workflow, and records (KBDL-CUS-001 through KBDL-CUS-012)",Per-ID prior Approved governance/principle/profile sources and/or explicit mandatory KBDL-010 prompt clauses; exact source appears in each normative record.,Broad descriptive summary,Per-ID prior Approved governance/principle/profile sources and/or explicit mandatory KBDL-010 prompt clauses; exact source appears in each normative record.,Non-overriding summary,No,PASS,None
KBDL-CUS-004,Authority,"Authority, classification, workflow, and records (KBDL-CUS-001 through KBDL-CUS-012)",Per-ID prior Approved governance/principle/profile sources and/or explicit mandatory KBDL-010 prompt clauses; exact source appears in each normative record.,Broad descriptive summary,Per-ID prior Approved governance/principle/profile sources and/or explicit mandatory KBDL-010 prompt clauses; exact source appears in each normative record.,Non-overriding summary,No,PASS,None
KBDL-CUS-005,Authority,"Authority, classification, workflow, and records (KBDL-CUS-001 through KBDL-CUS-012)",Per-ID prior Approved governance/principle/profile sources and/or explicit mandatory KBDL-010 prompt clauses; exact source appears in each normative record.,Broad descriptive summary,Per-ID prior Approved governance/principle/profile sources and/or explicit mandatory KBDL-010 prompt clauses; exact source appears in each normative record.,Non-overriding summary,No,PASS,None
KBDL-CUS-006,Authority,"Authority, classification, workflow, and records (KBDL-CUS-001 through KBDL-CUS-012)",Per-ID prior Approved governance/principle/profile sources and/or explicit mandatory KBDL-010 prompt clauses; exact source appears in each normative record.,Broad descriptive summary,Per-ID prior Approved governance/principle/profile sources and/or explicit mandatory KBDL-010 prompt clauses; exact source appears in each normative record.,Non-overriding summary,No,PASS,None
KBDL-CUS-007,Authority,"Authority, classification, workflow, and records (KBDL-CUS-001 through KBDL-CUS-012)",Per-ID prior Approved governance/principle/profile sources and/or explicit mandatory KBDL-010 prompt clauses; exact source appears in each normative record.,Broad descriptive summary,Per-ID prior Approved governance/principle/profile sources and/or explicit mandatory KBDL-010 prompt clauses; exact source appears in each normative record.,Non-overriding summary,No,PASS,None
KBDL-CUS-008,Authority,"Authority, classification, workflow, and records (KBDL-CUS-001 through KBDL-CUS-012)",Per-ID prior Approved governance/principle/profile sources and/or explicit mandatory KBDL-010 prompt clauses; exact source appears in each normative record.,Broad descriptive summary,Per-ID prior Approved governance/principle/profile sources and/or explicit mandatory KBDL-010 prompt clauses; exact source appears in each normative record.,Non-overriding summary,No,PASS,None
KBDL-CUS-009,Authority,"Authority, classification, workflow, and records (KBDL-CUS-001 through KBDL-CUS-012)",Per-ID prior Approved governance/principle/profile sources and/or explicit mandatory KBDL-010 prompt clauses; exact source appears in each normative record.,Broad descriptive summary,Per-ID prior Approved governance/principle/profile sources and/or explicit mandatory KBDL-010 prompt clauses; exact source appears in each normative record.,Non-overriding summary,No,PASS,None
KBDL-CUS-010,Authority,"Authority, classification, workflow, and records (KBDL-CUS-001 through KBDL-CUS-012)",Per-ID prior Approved governance/principle/profile sources and/or explicit mandatory KBDL-010 prompt clauses; exact source appears in each normative record.,Broad descriptive summary,Per-ID prior Approved governance/principle/profile sources and/or explicit mandatory KBDL-010 prompt clauses; exact source appears in each normative record.,Non-overriding summary,No,PASS,None
KBDL-CUS-011,Authority,"Authority, classification, workflow, and records (KBDL-CUS-001 through KBDL-CUS-012)",Per-ID prior Approved governance/principle/profile sources and/or explicit mandatory KBDL-010 prompt clauses; exact source appears in each normative record.,Broad descriptive summary,Per-ID prior Approved governance/principle/profile sources and/or explicit mandatory KBDL-010 prompt clauses; exact source appears in each normative record.,Non-overriding summary,No,PASS,None
KBDL-CUS-012,Authority,"Authority, classification, workflow, and records (KBDL-CUS-001 through KBDL-CUS-012)",Per-ID prior Approved governance/principle/profile sources and/or explicit mandatory KBDL-010 prompt clauses; exact source appears in each normative record.,Broad descriptive summary,Per-ID prior Approved governance/principle/profile sources and/or explicit mandatory KBDL-010 prompt clauses; exact source appears in each normative record.,Non-overriding summary,No,PASS,None
KBDL-CUS-001,Validation method,"Authority, classification, workflow, and records (KBDL-CUS-001 through KBDL-CUS-012)","Per-ID record, authority, classification, workflow, field, impact, proposal, exception, history, or rollback audit; evidence Not verified because no project customization exists.",Combined method/evidence summary,"Per-ID record, authority, classification, workflow, field, impact, proposal, exception, history, or rollback audit; evidence Not verified because no project customization exists.",Non-overriding summary,No,PASS,None
KBDL-CUS-002,Validation method,"Authority, classification, workflow, and records (KBDL-CUS-001 through KBDL-CUS-012)","Per-ID record, authority, classification, workflow, field, impact, proposal, exception, history, or rollback audit; evidence Not verified because no project customization exists.",Combined method/evidence summary,"Per-ID record, authority, classification, workflow, field, impact, proposal, exception, history, or rollback audit; evidence Not verified because no project customization exists.",Non-overriding summary,No,PASS,None
KBDL-CUS-003,Validation method,"Authority, classification, workflow, and records (KBDL-CUS-001 through KBDL-CUS-012)","Per-ID record, authority, classification, workflow, field, impact, proposal, exception, history, or rollback audit; evidence Not verified because no project customization exists.",Combined method/evidence summary,"Per-ID record, authority, classification, workflow, field, impact, proposal, exception, history, or rollback audit; evidence Not verified because no project customization exists.",Non-overriding summary,No,PASS,None
KBDL-CUS-004,Validation method,"Authority, classification, workflow, and records (KBDL-CUS-001 through KBDL-CUS-012)","Per-ID record, authority, classification, workflow, field, impact, proposal, exception, history, or rollback audit; evidence Not verified because no project customization exists.",Combined method/evidence summary,"Per-ID record, authority, classification, workflow, field, impact, proposal, exception, history, or rollback audit; evidence Not verified because no project customization exists.",Non-overriding summary,No,PASS,None
KBDL-CUS-005,Validation method,"Authority, classification, workflow, and records (KBDL-CUS-001 through KBDL-CUS-012)","Per-ID record, authority, classification, workflow, field, impact, proposal, exception, history, or rollback audit; evidence Not verified because no project customization exists.",Combined method/evidence summary,"Per-ID record, authority, classification, workflow, field, impact, proposal, exception, history, or rollback audit; evidence Not verified because no project customization exists.",Non-overriding summary,No,PASS,None
KBDL-CUS-006,Validation method,"Authority, classification, workflow, and records (KBDL-CUS-001 through KBDL-CUS-012)","Per-ID record, authority, classification, workflow, field, impact, proposal, exception, history, or rollback audit; evidence Not verified because no project customization exists.",Combined method/evidence summary,"Per-ID record, authority, classification, workflow, field, impact, proposal, exception, history, or rollback audit; evidence Not verified because no project customization exists.",Non-overriding summary,No,PASS,None
KBDL-CUS-007,Validation method,"Authority, classification, workflow, and records (KBDL-CUS-001 through KBDL-CUS-012)","Per-ID record, authority, classification, workflow, field, impact, proposal, exception, history, or rollback audit; evidence Not verified because no project customization exists.",Combined method/evidence summary,"Per-ID record, authority, classification, workflow, field, impact, proposal, exception, history, or rollback audit; evidence Not verified because no project customization exists.",Non-overriding summary,No,PASS,None
KBDL-CUS-008,Validation method,"Authority, classification, workflow, and records (KBDL-CUS-001 through KBDL-CUS-012)","Per-ID record, authority, classification, workflow, field, impact, proposal, exception, history, or rollback audit; evidence Not verified because no project customization exists.",Combined method/evidence summary,"Per-ID record, authority, classification, workflow, field, impact, proposal, exception, history, or rollback audit; evidence Not verified because no project customization exists.",Non-overriding summary,No,PASS,None
KBDL-CUS-009,Validation method,"Authority, classification, workflow, and records (KBDL-CUS-001 through KBDL-CUS-012)","Per-ID record, authority, classification, workflow, field, impact, proposal, exception, history, or rollback audit; evidence Not verified because no project customization exists.",Combined method/evidence summary,"Per-ID record, authority, classification, workflow, field, impact, proposal, exception, history, or rollback audit; evidence Not verified because no project customization exists.",Non-overriding summary,No,PASS,None
KBDL-CUS-010,Validation method,"Authority, classification, workflow, and records (KBDL-CUS-001 through KBDL-CUS-012)","Per-ID record, authority, classification, workflow, field, impact, proposal, exception, history, or rollback audit; evidence Not verified because no project customization exists.",Combined method/evidence summary,"Per-ID record, authority, classification, workflow, field, impact, proposal, exception, history, or rollback audit; evidence Not verified because no project customization exists.",Non-overriding summary,No,PASS,None
KBDL-CUS-011,Validation method,"Authority, classification, workflow, and records (KBDL-CUS-001 through KBDL-CUS-012)","Per-ID record, authority, classification, workflow, field, impact, proposal, exception, history, or rollback audit; evidence Not verified because no project customization exists.",Combined method/evidence summary,"Per-ID record, authority, classification, workflow, field, impact, proposal, exception, history, or rollback audit; evidence Not verified because no project customization exists.",Non-overriding summary,No,PASS,None
KBDL-CUS-012,Validation method,"Authority, classification, workflow, and records (KBDL-CUS-001 through KBDL-CUS-012)","Per-ID record, authority, classification, workflow, field, impact, proposal, exception, history, or rollback audit; evidence Not verified because no project customization exists.",Combined method/evidence summary,"Per-ID record, authority, classification, workflow, field, impact, proposal, exception, history, or rollback audit; evidence Not verified because no project customization exists.",Non-overriding summary,No,PASS,None
KBDL-CUS-001,Validation evidence,"Authority, classification, workflow, and records (KBDL-CUS-001 through KBDL-CUS-012)",MISSING,Missing,MISSING,Missing,No,PASS,None
KBDL-CUS-002,Validation evidence,"Authority, classification, workflow, and records (KBDL-CUS-001 through KBDL-CUS-012)",MISSING,Missing,MISSING,Missing,No,PASS,None
KBDL-CUS-003,Validation evidence,"Authority, classification, workflow, and records (KBDL-CUS-001 through KBDL-CUS-012)",MISSING,Missing,MISSING,Missing,No,PASS,None
KBDL-CUS-004,Validation evidence,"Authority, classification, workflow, and records (KBDL-CUS-001 through KBDL-CUS-012)",MISSING,Missing,MISSING,Missing,No,PASS,None
KBDL-CUS-005,Validation evidence,"Authority, classification, workflow, and records (KBDL-CUS-001 through KBDL-CUS-012)",MISSING,Missing,MISSING,Missing,No,PASS,None
KBDL-CUS-006,Validation evidence,"Authority, classification, workflow, and records (KBDL-CUS-001 through KBDL-CUS-012)",MISSING,Missing,MISSING,Missing,No,PASS,None
KBDL-CUS-007,Validation evidence,"Authority, classification, workflow, and records (KBDL-CUS-001 through KBDL-CUS-012)",MISSING,Missing,MISSING,Missing,No,PASS,None
KBDL-CUS-008,Validation evidence,"Authority, classification, workflow, and records (KBDL-CUS-001 through KBDL-CUS-012)",MISSING,Missing,MISSING,Missing,No,PASS,None
KBDL-CUS-009,Validation evidence,"Authority, classification, workflow, and records (KBDL-CUS-001 through KBDL-CUS-012)",MISSING,Missing,MISSING,Missing,No,PASS,None
KBDL-CUS-010,Validation evidence,"Authority, classification, workflow, and records (KBDL-CUS-001 through KBDL-CUS-012)",MISSING,Missing,MISSING,Missing,No,PASS,None
KBDL-CUS-011,Validation evidence,"Authority, classification, workflow, and records (KBDL-CUS-001 through KBDL-CUS-012)",MISSING,Missing,MISSING,Missing,No,PASS,None
KBDL-CUS-012,Validation evidence,"Authority, classification, workflow, and records (KBDL-CUS-001 through KBDL-CUS-012)",MISSING,Missing,MISSING,Missing,No,PASS,None
KBDL-CUS-001,Known limitation,"Authority, classification, workflow, and records (KBDL-CUS-001 through KBDL-CUS-012)",Exact local operational policies remain Recommended; implementation behavior is absent.,Broad descriptive summary,Exact local operational policies remain Recommended; implementation behavior is absent.,Non-overriding summary,No,PASS,None
KBDL-CUS-002,Known limitation,"Authority, classification, workflow, and records (KBDL-CUS-001 through KBDL-CUS-012)",Exact local operational policies remain Recommended; implementation behavior is absent.,Broad descriptive summary,Exact local operational policies remain Recommended; implementation behavior is absent.,Non-overriding summary,No,PASS,None
KBDL-CUS-003,Known limitation,"Authority, classification, workflow, and records (KBDL-CUS-001 through KBDL-CUS-012)",Exact local operational policies remain Recommended; implementation behavior is absent.,Broad descriptive summary,Exact local operational policies remain Recommended; implementation behavior is absent.,Non-overriding summary,No,PASS,None
KBDL-CUS-004,Known limitation,"Authority, classification, workflow, and records (KBDL-CUS-001 through KBDL-CUS-012)",Exact local operational policies remain Recommended; implementation behavior is absent.,Broad descriptive summary,Exact local operational policies remain Recommended; implementation behavior is absent.,Non-overriding summary,No,PASS,None
KBDL-CUS-005,Known limitation,"Authority, classification, workflow, and records (KBDL-CUS-001 through KBDL-CUS-012)",Exact local operational policies remain Recommended; implementation behavior is absent.,Broad descriptive summary,Exact local operational policies remain Recommended; implementation behavior is absent.,Non-overriding summary,No,PASS,None
KBDL-CUS-006,Known limitation,"Authority, classification, workflow, and records (KBDL-CUS-001 through KBDL-CUS-012)",Exact local operational policies remain Recommended; implementation behavior is absent.,Broad descriptive summary,Exact local operational policies remain Recommended; implementation behavior is absent.,Non-overriding summary,No,PASS,None
KBDL-CUS-007,Known limitation,"Authority, classification, workflow, and records (KBDL-CUS-001 through KBDL-CUS-012)",Exact local operational policies remain Recommended; implementation behavior is absent.,Broad descriptive summary,Exact local operational policies remain Recommended; implementation behavior is absent.,Non-overriding summary,No,PASS,None
KBDL-CUS-008,Known limitation,"Authority, classification, workflow, and records (KBDL-CUS-001 through KBDL-CUS-012)",Exact local operational policies remain Recommended; implementation behavior is absent.,Broad descriptive summary,Exact local operational policies remain Recommended; implementation behavior is absent.,Non-overriding summary,No,PASS,None
KBDL-CUS-009,Known limitation,"Authority, classification, workflow, and records (KBDL-CUS-001 through KBDL-CUS-012)",Exact local operational policies remain Recommended; implementation behavior is absent.,Broad descriptive summary,Exact local operational policies remain Recommended; implementation behavior is absent.,Non-overriding summary,No,PASS,None
KBDL-CUS-010,Known limitation,"Authority, classification, workflow, and records (KBDL-CUS-001 through KBDL-CUS-012)",Exact local operational policies remain Recommended; implementation behavior is absent.,Broad descriptive summary,Exact local operational policies remain Recommended; implementation behavior is absent.,Non-overriding summary,No,PASS,None
KBDL-CUS-011,Known limitation,"Authority, classification, workflow, and records (KBDL-CUS-001 through KBDL-CUS-012)",Exact local operational policies remain Recommended; implementation behavior is absent.,Broad descriptive summary,Exact local operational policies remain Recommended; implementation behavior is absent.,Non-overriding summary,No,PASS,None
KBDL-CUS-012,Known limitation,"Authority, classification, workflow, and records (KBDL-CUS-001 through KBDL-CUS-012)",Exact local operational policies remain Recommended; implementation behavior is absent.,Broad descriptive summary,Exact local operational policies remain Recommended; implementation behavior is absent.,Non-overriding summary,No,PASS,None
KBDL-CUS-001,Packet or tracking destination,"Authority, classification, workflow, and records (KBDL-CUS-001 through KBDL-CUS-012)",`001`–`012`: None — Approved requirements do not await packet approval.,Per-ID clause mapping,None — Approved requirements do not await packet approval.,Exact per-ID mapping,Yes,PASS,None
KBDL-CUS-002,Packet or tracking destination,"Authority, classification, workflow, and records (KBDL-CUS-001 through KBDL-CUS-012)",`001`–`012`: None — Approved requirements do not await packet approval.,Range mapping,None — Approved requirements do not await packet approval.,Exact per-ID mapping,Yes,PASS,None
KBDL-CUS-003,Packet or tracking destination,"Authority, classification, workflow, and records (KBDL-CUS-001 through KBDL-CUS-012)",`001`–`012`: None — Approved requirements do not await packet approval.,Range mapping,None — Approved requirements do not await packet approval.,Exact per-ID mapping,Yes,PASS,None
KBDL-CUS-004,Packet or tracking destination,"Authority, classification, workflow, and records (KBDL-CUS-001 through KBDL-CUS-012)",`001`–`012`: None — Approved requirements do not await packet approval.,Range mapping,None — Approved requirements do not await packet approval.,Exact per-ID mapping,Yes,PASS,None
KBDL-CUS-005,Packet or tracking destination,"Authority, classification, workflow, and records (KBDL-CUS-001 through KBDL-CUS-012)",`001`–`012`: None — Approved requirements do not await packet approval.,Range mapping,None — Approved requirements do not await packet approval.,Exact per-ID mapping,Yes,PASS,None
KBDL-CUS-006,Packet or tracking destination,"Authority, classification, workflow, and records (KBDL-CUS-001 through KBDL-CUS-012)",`001`–`012`: None — Approved requirements do not await packet approval.,Range mapping,None — Approved requirements do not await packet approval.,Exact per-ID mapping,Yes,PASS,None
KBDL-CUS-007,Packet or tracking destination,"Authority, classification, workflow, and records (KBDL-CUS-001 through KBDL-CUS-012)",`001`–`012`: None — Approved requirements do not await packet approval.,Range mapping,None — Approved requirements do not await packet approval.,Exact per-ID mapping,Yes,PASS,None
KBDL-CUS-008,Packet or tracking destination,"Authority, classification, workflow, and records (KBDL-CUS-001 through KBDL-CUS-012)",`001`–`012`: None — Approved requirements do not await packet approval.,Range mapping,None — Approved requirements do not await packet approval.,Exact per-ID mapping,Yes,PASS,None
KBDL-CUS-009,Packet or tracking destination,"Authority, classification, workflow, and records (KBDL-CUS-001 through KBDL-CUS-012)",`001`–`012`: None — Approved requirements do not await packet approval.,Range mapping,None — Approved requirements do not await packet approval.,Exact per-ID mapping,Yes,PASS,None
KBDL-CUS-010,Packet or tracking destination,"Authority, classification, workflow, and records (KBDL-CUS-001 through KBDL-CUS-012)",`001`–`012`: None — Approved requirements do not await packet approval.,Range mapping,None — Approved requirements do not await packet approval.,Exact per-ID mapping,Yes,PASS,None
KBDL-CUS-011,Packet or tracking destination,"Authority, classification, workflow, and records (KBDL-CUS-001 through KBDL-CUS-012)",`001`–`012`: None — Approved requirements do not await packet approval.,Range mapping,None — Approved requirements do not await packet approval.,Exact per-ID mapping,Yes,PASS,None
KBDL-CUS-012,Packet or tracking destination,"Authority, classification, workflow, and records (KBDL-CUS-001 through KBDL-CUS-012)",`001`–`012`: None — Approved requirements do not await packet approval.,Per-ID clause mapping,None — Approved requirements do not await packet approval.,Exact per-ID mapping,Yes,PASS,None
KBDL-CUS-001,Pending dependencies,"Authority, classification, workflow, and records (KBDL-CUS-001 through KBDL-CUS-012)",`001`–`012`: None.,Per-ID clause mapping,None.,Exact per-ID mapping,Yes,PASS,None
KBDL-CUS-002,Pending dependencies,"Authority, classification, workflow, and records (KBDL-CUS-001 through KBDL-CUS-012)",`001`–`012`: None.,Range mapping,None.,Exact per-ID mapping,Yes,PASS,None
KBDL-CUS-003,Pending dependencies,"Authority, classification, workflow, and records (KBDL-CUS-001 through KBDL-CUS-012)",`001`–`012`: None.,Range mapping,None.,Exact per-ID mapping,Yes,PASS,None
KBDL-CUS-004,Pending dependencies,"Authority, classification, workflow, and records (KBDL-CUS-001 through KBDL-CUS-012)",`001`–`012`: None.,Range mapping,None.,Exact per-ID mapping,Yes,PASS,None
KBDL-CUS-005,Pending dependencies,"Authority, classification, workflow, and records (KBDL-CUS-001 through KBDL-CUS-012)",`001`–`012`: None.,Range mapping,None.,Exact per-ID mapping,Yes,PASS,None
KBDL-CUS-006,Pending dependencies,"Authority, classification, workflow, and records (KBDL-CUS-001 through KBDL-CUS-012)",`001`–`012`: None.,Range mapping,None.,Exact per-ID mapping,Yes,PASS,None
KBDL-CUS-007,Pending dependencies,"Authority, classification, workflow, and records (KBDL-CUS-001 through KBDL-CUS-012)",`001`–`012`: None.,Range mapping,None.,Exact per-ID mapping,Yes,PASS,None
KBDL-CUS-008,Pending dependencies,"Authority, classification, workflow, and records (KBDL-CUS-001 through KBDL-CUS-012)",`001`–`012`: None.,Range mapping,None.,Exact per-ID mapping,Yes,PASS,None
KBDL-CUS-009,Pending dependencies,"Authority, classification, workflow, and records (KBDL-CUS-001 through KBDL-CUS-012)",`001`–`012`: None.,Range mapping,None.,Exact per-ID mapping,Yes,PASS,None
KBDL-CUS-010,Pending dependencies,"Authority, classification, workflow, and records (KBDL-CUS-001 through KBDL-CUS-012)",`001`–`012`: None.,Range mapping,None.,Exact per-ID mapping,Yes,PASS,None
KBDL-CUS-011,Pending dependencies,"Authority, classification, workflow, and records (KBDL-CUS-001 through KBDL-CUS-012)",`001`–`012`: None.,Range mapping,None.,Exact per-ID mapping,Yes,PASS,None
KBDL-CUS-012,Pending dependencies,"Authority, classification, workflow, and records (KBDL-CUS-001 through KBDL-CUS-012)",`001`–`012`: None.,Per-ID clause mapping,None.,Exact per-ID mapping,Yes,PASS,None
KBDL-CUS-001,Related decision,"Authority, classification, workflow, and records (KBDL-CUS-001 through KBDL-CUS-012)",`KBDL-DEC-004` for manual documentation; no KBDL-010 packet decision exists.,Broad descriptive summary,`KBDL-DEC-004` for manual documentation; no KBDL-010 packet decision exists.,Non-overriding summary,No,PASS,None
KBDL-CUS-002,Related decision,"Authority, classification, workflow, and records (KBDL-CUS-001 through KBDL-CUS-012)",`KBDL-DEC-004` for manual documentation; no KBDL-010 packet decision exists.,Broad descriptive summary,`KBDL-DEC-004` for manual documentation; no KBDL-010 packet decision exists.,Non-overriding summary,No,PASS,None
KBDL-CUS-003,Related decision,"Authority, classification, workflow, and records (KBDL-CUS-001 through KBDL-CUS-012)",`KBDL-DEC-004` for manual documentation; no KBDL-010 packet decision exists.,Broad descriptive summary,`KBDL-DEC-004` for manual documentation; no KBDL-010 packet decision exists.,Non-overriding summary,No,PASS,None
KBDL-CUS-004,Related decision,"Authority, classification, workflow, and records (KBDL-CUS-001 through KBDL-CUS-012)",`KBDL-DEC-004` for manual documentation; no KBDL-010 packet decision exists.,Broad descriptive summary,`KBDL-DEC-004` for manual documentation; no KBDL-010 packet decision exists.,Non-overriding summary,No,PASS,None
KBDL-CUS-005,Related decision,"Authority, classification, workflow, and records (KBDL-CUS-001 through KBDL-CUS-012)",`KBDL-DEC-004` for manual documentation; no KBDL-010 packet decision exists.,Broad descriptive summary,`KBDL-DEC-004` for manual documentation; no KBDL-010 packet decision exists.,Non-overriding summary,No,PASS,None
KBDL-CUS-006,Related decision,"Authority, classification, workflow, and records (KBDL-CUS-001 through KBDL-CUS-012)",`KBDL-DEC-004` for manual documentation; no KBDL-010 packet decision exists.,Broad descriptive summary,`KBDL-DEC-004` for manual documentation; no KBDL-010 packet decision exists.,Non-overriding summary,No,PASS,None
KBDL-CUS-007,Related decision,"Authority, classification, workflow, and records (KBDL-CUS-001 through KBDL-CUS-012)",`KBDL-DEC-004` for manual documentation; no KBDL-010 packet decision exists.,Broad descriptive summary,`KBDL-DEC-004` for manual documentation; no KBDL-010 packet decision exists.,Non-overriding summary,No,PASS,None
KBDL-CUS-008,Related decision,"Authority, classification, workflow, and records (KBDL-CUS-001 through KBDL-CUS-012)",`KBDL-DEC-004` for manual documentation; no KBDL-010 packet decision exists.,Broad descriptive summary,`KBDL-DEC-004` for manual documentation; no KBDL-010 packet decision exists.,Non-overriding summary,No,PASS,None
KBDL-CUS-009,Related decision,"Authority, classification, workflow, and records (KBDL-CUS-001 through KBDL-CUS-012)",`KBDL-DEC-004` for manual documentation; no KBDL-010 packet decision exists.,Broad descriptive summary,`KBDL-DEC-004` for manual documentation; no KBDL-010 packet decision exists.,Non-overriding summary,No,PASS,None
KBDL-CUS-010,Related decision,"Authority, classification, workflow, and records (KBDL-CUS-001 through KBDL-CUS-012)",`KBDL-DEC-004` for manual documentation; no KBDL-010 packet decision exists.,Broad descriptive summary,`KBDL-DEC-004` for manual documentation; no KBDL-010 packet decision exists.,Non-overriding summary,No,PASS,None
KBDL-CUS-011,Related decision,"Authority, classification, workflow, and records (KBDL-CUS-001 through KBDL-CUS-012)",`KBDL-DEC-004` for manual documentation; no KBDL-010 packet decision exists.,Broad descriptive summary,`KBDL-DEC-004` for manual documentation; no KBDL-010 packet decision exists.,Non-overriding summary,No,PASS,None
KBDL-CUS-012,Related decision,"Authority, classification, workflow, and records (KBDL-CUS-001 through KBDL-CUS-012)",`KBDL-DEC-004` for manual documentation; no KBDL-010 packet decision exists.,Broad descriptive summary,`KBDL-DEC-004` for manual documentation; no KBDL-010 packet decision exists.,Non-overriding summary,No,PASS,None
KBDL-CUS-001,Notes or exclusions,"Authority, classification, workflow, and records (KBDL-CUS-001 through KBDL-CUS-012)",A record documents authority and never creates it.,Broad descriptive summary,A record documents authority and never creates it.,Non-overriding summary,No,PASS,None
KBDL-CUS-002,Notes or exclusions,"Authority, classification, workflow, and records (KBDL-CUS-001 through KBDL-CUS-012)",A record documents authority and never creates it.,Broad descriptive summary,A record documents authority and never creates it.,Non-overriding summary,No,PASS,None
KBDL-CUS-003,Notes or exclusions,"Authority, classification, workflow, and records (KBDL-CUS-001 through KBDL-CUS-012)",A record documents authority and never creates it.,Broad descriptive summary,A record documents authority and never creates it.,Non-overriding summary,No,PASS,None
KBDL-CUS-004,Notes or exclusions,"Authority, classification, workflow, and records (KBDL-CUS-001 through KBDL-CUS-012)",A record documents authority and never creates it.,Broad descriptive summary,A record documents authority and never creates it.,Non-overriding summary,No,PASS,None
KBDL-CUS-005,Notes or exclusions,"Authority, classification, workflow, and records (KBDL-CUS-001 through KBDL-CUS-012)",A record documents authority and never creates it.,Broad descriptive summary,A record documents authority and never creates it.,Non-overriding summary,No,PASS,None
KBDL-CUS-006,Notes or exclusions,"Authority, classification, workflow, and records (KBDL-CUS-001 through KBDL-CUS-012)",A record documents authority and never creates it.,Broad descriptive summary,A record documents authority and never creates it.,Non-overriding summary,No,PASS,None
KBDL-CUS-007,Notes or exclusions,"Authority, classification, workflow, and records (KBDL-CUS-001 through KBDL-CUS-012)",A record documents authority and never creates it.,Broad descriptive summary,A record documents authority and never creates it.,Non-overriding summary,No,PASS,None
KBDL-CUS-008,Notes or exclusions,"Authority, classification, workflow, and records (KBDL-CUS-001 through KBDL-CUS-012)",A record documents authority and never creates it.,Broad descriptive summary,A record documents authority and never creates it.,Non-overriding summary,No,PASS,None
KBDL-CUS-009,Notes or exclusions,"Authority, classification, workflow, and records (KBDL-CUS-001 through KBDL-CUS-012)",A record documents authority and never creates it.,Broad descriptive summary,A record documents authority and never creates it.,Non-overriding summary,No,PASS,None
KBDL-CUS-010,Notes or exclusions,"Authority, classification, workflow, and records (KBDL-CUS-001 through KBDL-CUS-012)",A record documents authority and never creates it.,Broad descriptive summary,A record documents authority and never creates it.,Non-overriding summary,No,PASS,None
KBDL-CUS-011,Notes or exclusions,"Authority, classification, workflow, and records (KBDL-CUS-001 through KBDL-CUS-012)",A record documents authority and never creates it.,Broad descriptive summary,A record documents authority and never creates it.,Non-overriding summary,No,PASS,None
KBDL-CUS-012,Notes or exclusions,"Authority, classification, workflow, and records (KBDL-CUS-001 through KBDL-CUS-012)",A record documents authority and never creates it.,Broad descriptive summary,A record documents authority and never creates it.,Non-overriding summary,No,PASS,None
KBDL-CUS-013,Blueprint section,Cross-module preservation and handoff (KBDL-CUS-013 through KBDL-CUS-022),Foundations; themes; motion; responsive; accessibility; core/system components; Profiles; security/correctness; handoff,Uniform default,Foundations; themes; motion; responsive; accessibility; core/system components; Profiles; security/correctness; handoff,Uniform default,Yes,PASS,None
KBDL-CUS-014,Blueprint section,Cross-module preservation and handoff (KBDL-CUS-013 through KBDL-CUS-022),Foundations; themes; motion; responsive; accessibility; core/system components; Profiles; security/correctness; handoff,Uniform default,Foundations; themes; motion; responsive; accessibility; core/system components; Profiles; security/correctness; handoff,Uniform default,Yes,PASS,None
KBDL-CUS-015,Blueprint section,Cross-module preservation and handoff (KBDL-CUS-013 through KBDL-CUS-022),Foundations; themes; motion; responsive; accessibility; core/system components; Profiles; security/correctness; handoff,Uniform default,Foundations; themes; motion; responsive; accessibility; core/system components; Profiles; security/correctness; handoff,Uniform default,Yes,PASS,None
KBDL-CUS-016,Blueprint section,Cross-module preservation and handoff (KBDL-CUS-013 through KBDL-CUS-022),Foundations; themes; motion; responsive; accessibility; core/system components; Profiles; security/correctness; handoff,Uniform default,Foundations; themes; motion; responsive; accessibility; core/system components; Profiles; security/correctness; handoff,Uniform default,Yes,PASS,None
KBDL-CUS-017,Blueprint section,Cross-module preservation and handoff (KBDL-CUS-013 through KBDL-CUS-022),Foundations; themes; motion; responsive; accessibility; core/system components; Profiles; security/correctness; handoff,Uniform default,Foundations; themes; motion; responsive; accessibility; core/system components; Profiles; security/correctness; handoff,Uniform default,Yes,PASS,None
KBDL-CUS-018,Blueprint section,Cross-module preservation and handoff (KBDL-CUS-013 through KBDL-CUS-022),Foundations; themes; motion; responsive; accessibility; core/system components; Profiles; security/correctness; handoff,Uniform default,Foundations; themes; motion; responsive; accessibility; core/system components; Profiles; security/correctness; handoff,Uniform default,Yes,PASS,None
KBDL-CUS-019,Blueprint section,Cross-module preservation and handoff (KBDL-CUS-013 through KBDL-CUS-022),Foundations; themes; motion; responsive; accessibility; core/system components; Profiles; security/correctness; handoff,Uniform default,Foundations; themes; motion; responsive; accessibility; core/system components; Profiles; security/correctness; handoff,Uniform default,Yes,PASS,None
KBDL-CUS-020,Blueprint section,Cross-module preservation and handoff (KBDL-CUS-013 through KBDL-CUS-022),Foundations; themes; motion; responsive; accessibility; core/system components; Profiles; security/correctness; handoff,Uniform default,Foundations; themes; motion; responsive; accessibility; core/system components; Profiles; security/correctness; handoff,Uniform default,Yes,PASS,None
KBDL-CUS-021,Blueprint section,Cross-module preservation and handoff (KBDL-CUS-013 through KBDL-CUS-022),Foundations; themes; motion; responsive; accessibility; core/system components; Profiles; security/correctness; handoff,Uniform default,Foundations; themes; motion; responsive; accessibility; core/system components; Profiles; security/correctness; handoff,Uniform default,Yes,PASS,None
KBDL-CUS-022,Blueprint section,Cross-module preservation and handoff (KBDL-CUS-013 through KBDL-CUS-022),Foundations; themes; motion; responsive; accessibility; core/system components; Profiles; security/correctness; handoff,Uniform default,Foundations; themes; motion; responsive; accessibility; core/system components; Profiles; security/correctness; handoff,Uniform default,Yes,PASS,None
KBDL-CUS-013,Roadmap prompt,Cross-module preservation and handoff (KBDL-CUS-013 through KBDL-CUS-022),KBDL-010,Uniform default,KBDL-010,Uniform default,Yes,PASS,None
KBDL-CUS-014,Roadmap prompt,Cross-module preservation and handoff (KBDL-CUS-013 through KBDL-CUS-022),KBDL-010,Uniform default,KBDL-010,Uniform default,Yes,PASS,None
KBDL-CUS-015,Roadmap prompt,Cross-module preservation and handoff (KBDL-CUS-013 through KBDL-CUS-022),KBDL-010,Uniform default,KBDL-010,Uniform default,Yes,PASS,None
KBDL-CUS-016,Roadmap prompt,Cross-module preservation and handoff (KBDL-CUS-013 through KBDL-CUS-022),KBDL-010,Uniform default,KBDL-010,Uniform default,Yes,PASS,None
KBDL-CUS-017,Roadmap prompt,Cross-module preservation and handoff (KBDL-CUS-013 through KBDL-CUS-022),KBDL-010,Uniform default,KBDL-010,Uniform default,Yes,PASS,None
KBDL-CUS-018,Roadmap prompt,Cross-module preservation and handoff (KBDL-CUS-013 through KBDL-CUS-022),KBDL-010,Uniform default,KBDL-010,Uniform default,Yes,PASS,None
KBDL-CUS-019,Roadmap prompt,Cross-module preservation and handoff (KBDL-CUS-013 through KBDL-CUS-022),KBDL-010,Uniform default,KBDL-010,Uniform default,Yes,PASS,None
KBDL-CUS-020,Roadmap prompt,Cross-module preservation and handoff (KBDL-CUS-013 through KBDL-CUS-022),KBDL-010,Uniform default,KBDL-010,Uniform default,Yes,PASS,None
KBDL-CUS-021,Roadmap prompt,Cross-module preservation and handoff (KBDL-CUS-013 through KBDL-CUS-022),KBDL-010,Uniform default,KBDL-010,Uniform default,Yes,PASS,None
KBDL-CUS-022,Roadmap prompt,Cross-module preservation and handoff (KBDL-CUS-013 through KBDL-CUS-022),KBDL-010,Uniform default,KBDL-010,Uniform default,Yes,PASS,None
KBDL-CUS-013,Specification location,Cross-module preservation and handoff (KBDL-CUS-013 through KBDL-CUS-022),MISSING,Missing,MISSING,Missing,No,PASS,None
KBDL-CUS-014,Specification location,Cross-module preservation and handoff (KBDL-CUS-013 through KBDL-CUS-022),MISSING,Missing,MISSING,Missing,No,PASS,None
KBDL-CUS-015,Specification location,Cross-module preservation and handoff (KBDL-CUS-013 through KBDL-CUS-022),MISSING,Missing,MISSING,Missing,No,PASS,None
KBDL-CUS-016,Specification location,Cross-module preservation and handoff (KBDL-CUS-013 through KBDL-CUS-022),MISSING,Missing,MISSING,Missing,No,PASS,None
KBDL-CUS-017,Specification location,Cross-module preservation and handoff (KBDL-CUS-013 through KBDL-CUS-022),MISSING,Missing,MISSING,Missing,No,PASS,None
KBDL-CUS-018,Specification location,Cross-module preservation and handoff (KBDL-CUS-013 through KBDL-CUS-022),MISSING,Missing,MISSING,Missing,No,PASS,None
KBDL-CUS-019,Specification location,Cross-module preservation and handoff (KBDL-CUS-013 through KBDL-CUS-022),MISSING,Missing,MISSING,Missing,No,PASS,None
KBDL-CUS-020,Specification location,Cross-module preservation and handoff (KBDL-CUS-013 through KBDL-CUS-022),MISSING,Missing,MISSING,Missing,No,PASS,None
KBDL-CUS-021,Specification location,Cross-module preservation and handoff (KBDL-CUS-013 through KBDL-CUS-022),MISSING,Missing,MISSING,Missing,No,PASS,None
KBDL-CUS-022,Specification location,Cross-module preservation and handoff (KBDL-CUS-013 through KBDL-CUS-022),MISSING,Missing,MISSING,Missing,No,PASS,None
KBDL-CUS-013,Lifecycle status,Cross-module preservation and handoff (KBDL-CUS-013 through KBDL-CUS-022),All Approved.,Uniform status default,Approved,Uniform default,Yes,PASS,None
KBDL-CUS-014,Lifecycle status,Cross-module preservation and handoff (KBDL-CUS-013 through KBDL-CUS-022),All Approved.,Uniform status default,Approved,Uniform default,Yes,PASS,None
KBDL-CUS-015,Lifecycle status,Cross-module preservation and handoff (KBDL-CUS-013 through KBDL-CUS-022),All Approved.,Uniform status default,Approved,Uniform default,Yes,PASS,None
KBDL-CUS-016,Lifecycle status,Cross-module preservation and handoff (KBDL-CUS-013 through KBDL-CUS-022),All Approved.,Uniform status default,Approved,Uniform default,Yes,PASS,None
KBDL-CUS-017,Lifecycle status,Cross-module preservation and handoff (KBDL-CUS-013 through KBDL-CUS-022),All Approved.,Uniform status default,Approved,Uniform default,Yes,PASS,None
KBDL-CUS-018,Lifecycle status,Cross-module preservation and handoff (KBDL-CUS-013 through KBDL-CUS-022),All Approved.,Uniform status default,Approved,Uniform default,Yes,PASS,None
KBDL-CUS-019,Lifecycle status,Cross-module preservation and handoff (KBDL-CUS-013 through KBDL-CUS-022),All Approved.,Uniform status default,Approved,Uniform default,Yes,PASS,None
KBDL-CUS-020,Lifecycle status,Cross-module preservation and handoff (KBDL-CUS-013 through KBDL-CUS-022),All Approved.,Uniform status default,Approved,Uniform default,Yes,PASS,None
KBDL-CUS-021,Lifecycle status,Cross-module preservation and handoff (KBDL-CUS-013 through KBDL-CUS-022),All Approved.,Uniform status default,Approved,Uniform default,Yes,PASS,None
KBDL-CUS-022,Lifecycle status,Cross-module preservation and handoff (KBDL-CUS-013 through KBDL-CUS-022),All Approved.,Uniform status default,Approved,Uniform default,Yes,PASS,None
KBDL-CUS-013,Provenance,Cross-module preservation and handoff (KBDL-CUS-013 through KBDL-CUS-022),All Confirmed.,Uniform status default,Confirmed,Uniform default,Yes,PASS,None
KBDL-CUS-014,Provenance,Cross-module preservation and handoff (KBDL-CUS-013 through KBDL-CUS-022),All Confirmed.,Uniform status default,Confirmed,Uniform default,Yes,PASS,None
KBDL-CUS-015,Provenance,Cross-module preservation and handoff (KBDL-CUS-013 through KBDL-CUS-022),All Confirmed.,Uniform status default,Confirmed,Uniform default,Yes,PASS,None
KBDL-CUS-016,Provenance,Cross-module preservation and handoff (KBDL-CUS-013 through KBDL-CUS-022),All Confirmed.,Uniform status default,Confirmed,Uniform default,Yes,PASS,None
KBDL-CUS-017,Provenance,Cross-module preservation and handoff (KBDL-CUS-013 through KBDL-CUS-022),All Confirmed.,Uniform status default,Confirmed,Uniform default,Yes,PASS,None
KBDL-CUS-018,Provenance,Cross-module preservation and handoff (KBDL-CUS-013 through KBDL-CUS-022),All Confirmed.,Uniform status default,Confirmed,Uniform default,Yes,PASS,None
KBDL-CUS-019,Provenance,Cross-module preservation and handoff (KBDL-CUS-013 through KBDL-CUS-022),All Confirmed.,Uniform status default,Confirmed,Uniform default,Yes,PASS,None
KBDL-CUS-020,Provenance,Cross-module preservation and handoff (KBDL-CUS-013 through KBDL-CUS-022),All Confirmed.,Uniform status default,Confirmed,Uniform default,Yes,PASS,None
KBDL-CUS-021,Provenance,Cross-module preservation and handoff (KBDL-CUS-013 through KBDL-CUS-022),All Confirmed.,Uniform status default,Confirmed,Uniform default,Yes,PASS,None
KBDL-CUS-022,Provenance,Cross-module preservation and handoff (KBDL-CUS-013 through KBDL-CUS-022),All Confirmed.,Uniform status default,Confirmed,Uniform default,Yes,PASS,None
KBDL-CUS-013,Validation classification,Cross-module preservation and handoff (KBDL-CUS-013 through KBDL-CUS-022),Not verified,Uniform status default,Not verified,Uniform default,Yes,PASS,None
KBDL-CUS-014,Validation classification,Cross-module preservation and handoff (KBDL-CUS-013 through KBDL-CUS-022),Not verified,Uniform status default,Not verified,Uniform default,Yes,PASS,None
KBDL-CUS-015,Validation classification,Cross-module preservation and handoff (KBDL-CUS-013 through KBDL-CUS-022),Not verified,Uniform status default,Not verified,Uniform default,Yes,PASS,None
KBDL-CUS-016,Validation classification,Cross-module preservation and handoff (KBDL-CUS-013 through KBDL-CUS-022),Not verified,Uniform status default,Not verified,Uniform default,Yes,PASS,None
KBDL-CUS-017,Validation classification,Cross-module preservation and handoff (KBDL-CUS-013 through KBDL-CUS-022),Not verified,Uniform status default,Not verified,Uniform default,Yes,PASS,None
KBDL-CUS-018,Validation classification,Cross-module preservation and handoff (KBDL-CUS-013 through KBDL-CUS-022),Not verified,Uniform status default,Not verified,Uniform default,Yes,PASS,None
KBDL-CUS-019,Validation classification,Cross-module preservation and handoff (KBDL-CUS-013 through KBDL-CUS-022),Not verified,Uniform status default,Not verified,Uniform default,Yes,PASS,None
KBDL-CUS-020,Validation classification,Cross-module preservation and handoff (KBDL-CUS-013 through KBDL-CUS-022),Not verified,Uniform status default,Not verified,Uniform default,Yes,PASS,None
KBDL-CUS-021,Validation classification,Cross-module preservation and handoff (KBDL-CUS-013 through KBDL-CUS-022),Not verified,Uniform status default,Not verified,Uniform default,Yes,PASS,None
KBDL-CUS-022,Validation classification,Cross-module preservation and handoff (KBDL-CUS-013 through KBDL-CUS-022),Not verified,Uniform status default,Not verified,Uniform default,Yes,PASS,None
KBDL-CUS-013,Authority,Cross-module preservation and handoff (KBDL-CUS-013 through KBDL-CUS-022),Approved owning-module requirements plus explicit mandatory KBDL-010 preservation clauses; exact source appears per normative record.,Broad descriptive summary,Approved owning-module requirements plus explicit mandatory KBDL-010 preservation clauses; exact source appears per normative record.,Non-overriding summary,No,PASS,None
KBDL-CUS-014,Authority,Cross-module preservation and handoff (KBDL-CUS-013 through KBDL-CUS-022),Approved owning-module requirements plus explicit mandatory KBDL-010 preservation clauses; exact source appears per normative record.,Broad descriptive summary,Approved owning-module requirements plus explicit mandatory KBDL-010 preservation clauses; exact source appears per normative record.,Non-overriding summary,No,PASS,None
KBDL-CUS-015,Authority,Cross-module preservation and handoff (KBDL-CUS-013 through KBDL-CUS-022),Approved owning-module requirements plus explicit mandatory KBDL-010 preservation clauses; exact source appears per normative record.,Broad descriptive summary,Approved owning-module requirements plus explicit mandatory KBDL-010 preservation clauses; exact source appears per normative record.,Non-overriding summary,No,PASS,None
KBDL-CUS-016,Authority,Cross-module preservation and handoff (KBDL-CUS-013 through KBDL-CUS-022),Approved owning-module requirements plus explicit mandatory KBDL-010 preservation clauses; exact source appears per normative record.,Broad descriptive summary,Approved owning-module requirements plus explicit mandatory KBDL-010 preservation clauses; exact source appears per normative record.,Non-overriding summary,No,PASS,None
KBDL-CUS-017,Authority,Cross-module preservation and handoff (KBDL-CUS-013 through KBDL-CUS-022),Approved owning-module requirements plus explicit mandatory KBDL-010 preservation clauses; exact source appears per normative record.,Broad descriptive summary,Approved owning-module requirements plus explicit mandatory KBDL-010 preservation clauses; exact source appears per normative record.,Non-overriding summary,No,PASS,None
KBDL-CUS-018,Authority,Cross-module preservation and handoff (KBDL-CUS-013 through KBDL-CUS-022),Approved owning-module requirements plus explicit mandatory KBDL-010 preservation clauses; exact source appears per normative record.,Broad descriptive summary,Approved owning-module requirements plus explicit mandatory KBDL-010 preservation clauses; exact source appears per normative record.,Non-overriding summary,No,PASS,None
KBDL-CUS-019,Authority,Cross-module preservation and handoff (KBDL-CUS-013 through KBDL-CUS-022),Approved owning-module requirements plus explicit mandatory KBDL-010 preservation clauses; exact source appears per normative record.,Broad descriptive summary,Approved owning-module requirements plus explicit mandatory KBDL-010 preservation clauses; exact source appears per normative record.,Non-overriding summary,No,PASS,None
KBDL-CUS-020,Authority,Cross-module preservation and handoff (KBDL-CUS-013 through KBDL-CUS-022),Approved owning-module requirements plus explicit mandatory KBDL-010 preservation clauses; exact source appears per normative record.,Broad descriptive summary,Approved owning-module requirements plus explicit mandatory KBDL-010 preservation clauses; exact source appears per normative record.,Non-overriding summary,No,PASS,None
KBDL-CUS-021,Authority,Cross-module preservation and handoff (KBDL-CUS-013 through KBDL-CUS-022),Approved owning-module requirements plus explicit mandatory KBDL-010 preservation clauses; exact source appears per normative record.,Broad descriptive summary,Approved owning-module requirements plus explicit mandatory KBDL-010 preservation clauses; exact source appears per normative record.,Non-overriding summary,No,PASS,None
KBDL-CUS-022,Authority,Cross-module preservation and handoff (KBDL-CUS-013 through KBDL-CUS-022),Approved owning-module requirements plus explicit mandatory KBDL-010 preservation clauses; exact source appears per normative record.,Broad descriptive summary,Approved owning-module requirements plus explicit mandatory KBDL-010 preservation clauses; exact source appears per normative record.,Non-overriding summary,No,PASS,None
KBDL-CUS-013,Validation method,Cross-module preservation and handoff (KBDL-CUS-013 through KBDL-CUS-022),"Owning-module value, parity, safety, outcome, WCAG, component-contract, invariant, security, or handoff audit; evidence Not verified.",Combined method/evidence summary,"Owning-module value, parity, safety, outcome, WCAG, component-contract, invariant, security, or handoff audit; evidence Not verified.",Non-overriding summary,No,PASS,None
KBDL-CUS-014,Validation method,Cross-module preservation and handoff (KBDL-CUS-013 through KBDL-CUS-022),"Owning-module value, parity, safety, outcome, WCAG, component-contract, invariant, security, or handoff audit; evidence Not verified.",Combined method/evidence summary,"Owning-module value, parity, safety, outcome, WCAG, component-contract, invariant, security, or handoff audit; evidence Not verified.",Non-overriding summary,No,PASS,None
KBDL-CUS-015,Validation method,Cross-module preservation and handoff (KBDL-CUS-013 through KBDL-CUS-022),"Owning-module value, parity, safety, outcome, WCAG, component-contract, invariant, security, or handoff audit; evidence Not verified.",Combined method/evidence summary,"Owning-module value, parity, safety, outcome, WCAG, component-contract, invariant, security, or handoff audit; evidence Not verified.",Non-overriding summary,No,PASS,None
KBDL-CUS-016,Validation method,Cross-module preservation and handoff (KBDL-CUS-013 through KBDL-CUS-022),"Owning-module value, parity, safety, outcome, WCAG, component-contract, invariant, security, or handoff audit; evidence Not verified.",Combined method/evidence summary,"Owning-module value, parity, safety, outcome, WCAG, component-contract, invariant, security, or handoff audit; evidence Not verified.",Non-overriding summary,No,PASS,None
KBDL-CUS-017,Validation method,Cross-module preservation and handoff (KBDL-CUS-013 through KBDL-CUS-022),"Owning-module value, parity, safety, outcome, WCAG, component-contract, invariant, security, or handoff audit; evidence Not verified.",Combined method/evidence summary,"Owning-module value, parity, safety, outcome, WCAG, component-contract, invariant, security, or handoff audit; evidence Not verified.",Non-overriding summary,No,PASS,None
KBDL-CUS-018,Validation method,Cross-module preservation and handoff (KBDL-CUS-013 through KBDL-CUS-022),"Owning-module value, parity, safety, outcome, WCAG, component-contract, invariant, security, or handoff audit; evidence Not verified.",Combined method/evidence summary,"Owning-module value, parity, safety, outcome, WCAG, component-contract, invariant, security, or handoff audit; evidence Not verified.",Non-overriding summary,No,PASS,None
KBDL-CUS-019,Validation method,Cross-module preservation and handoff (KBDL-CUS-013 through KBDL-CUS-022),"Owning-module value, parity, safety, outcome, WCAG, component-contract, invariant, security, or handoff audit; evidence Not verified.",Combined method/evidence summary,"Owning-module value, parity, safety, outcome, WCAG, component-contract, invariant, security, or handoff audit; evidence Not verified.",Non-overriding summary,No,PASS,None
KBDL-CUS-020,Validation method,Cross-module preservation and handoff (KBDL-CUS-013 through KBDL-CUS-022),"Owning-module value, parity, safety, outcome, WCAG, component-contract, invariant, security, or handoff audit; evidence Not verified.",Combined method/evidence summary,"Owning-module value, parity, safety, outcome, WCAG, component-contract, invariant, security, or handoff audit; evidence Not verified.",Non-overriding summary,No,PASS,None
KBDL-CUS-021,Validation method,Cross-module preservation and handoff (KBDL-CUS-013 through KBDL-CUS-022),"Owning-module value, parity, safety, outcome, WCAG, component-contract, invariant, security, or handoff audit; evidence Not verified.",Combined method/evidence summary,"Owning-module value, parity, safety, outcome, WCAG, component-contract, invariant, security, or handoff audit; evidence Not verified.",Non-overriding summary,No,PASS,None
KBDL-CUS-022,Validation method,Cross-module preservation and handoff (KBDL-CUS-013 through KBDL-CUS-022),"Owning-module value, parity, safety, outcome, WCAG, component-contract, invariant, security, or handoff audit; evidence Not verified.",Combined method/evidence summary,"Owning-module value, parity, safety, outcome, WCAG, component-contract, invariant, security, or handoff audit; evidence Not verified.",Non-overriding summary,No,PASS,None
KBDL-CUS-013,Validation evidence,Cross-module preservation and handoff (KBDL-CUS-013 through KBDL-CUS-022),MISSING,Missing,MISSING,Missing,No,PASS,None
KBDL-CUS-014,Validation evidence,Cross-module preservation and handoff (KBDL-CUS-013 through KBDL-CUS-022),MISSING,Missing,MISSING,Missing,No,PASS,None
KBDL-CUS-015,Validation evidence,Cross-module preservation and handoff (KBDL-CUS-013 through KBDL-CUS-022),MISSING,Missing,MISSING,Missing,No,PASS,None
KBDL-CUS-016,Validation evidence,Cross-module preservation and handoff (KBDL-CUS-013 through KBDL-CUS-022),MISSING,Missing,MISSING,Missing,No,PASS,None
KBDL-CUS-017,Validation evidence,Cross-module preservation and handoff (KBDL-CUS-013 through KBDL-CUS-022),MISSING,Missing,MISSING,Missing,No,PASS,None
KBDL-CUS-018,Validation evidence,Cross-module preservation and handoff (KBDL-CUS-013 through KBDL-CUS-022),MISSING,Missing,MISSING,Missing,No,PASS,None
KBDL-CUS-019,Validation evidence,Cross-module preservation and handoff (KBDL-CUS-013 through KBDL-CUS-022),MISSING,Missing,MISSING,Missing,No,PASS,None
KBDL-CUS-020,Validation evidence,Cross-module preservation and handoff (KBDL-CUS-013 through KBDL-CUS-022),MISSING,Missing,MISSING,Missing,No,PASS,None
KBDL-CUS-021,Validation evidence,Cross-module preservation and handoff (KBDL-CUS-013 through KBDL-CUS-022),MISSING,Missing,MISSING,Missing,No,PASS,None
KBDL-CUS-022,Validation evidence,Cross-module preservation and handoff (KBDL-CUS-013 through KBDL-CUS-022),MISSING,Missing,MISSING,Missing,No,PASS,None
KBDL-CUS-013,Known limitation,Cross-module preservation and handoff (KBDL-CUS-013 through KBDL-CUS-022),No project implementation exists; every listed earlier recommendation remains excluded.,Broad descriptive summary,No project implementation exists; every listed earlier recommendation remains excluded.,Non-overriding summary,No,PASS,None
KBDL-CUS-014,Known limitation,Cross-module preservation and handoff (KBDL-CUS-013 through KBDL-CUS-022),No project implementation exists; every listed earlier recommendation remains excluded.,Broad descriptive summary,No project implementation exists; every listed earlier recommendation remains excluded.,Non-overriding summary,No,PASS,None
KBDL-CUS-015,Known limitation,Cross-module preservation and handoff (KBDL-CUS-013 through KBDL-CUS-022),No project implementation exists; every listed earlier recommendation remains excluded.,Broad descriptive summary,No project implementation exists; every listed earlier recommendation remains excluded.,Non-overriding summary,No,PASS,None
KBDL-CUS-016,Known limitation,Cross-module preservation and handoff (KBDL-CUS-013 through KBDL-CUS-022),No project implementation exists; every listed earlier recommendation remains excluded.,Broad descriptive summary,No project implementation exists; every listed earlier recommendation remains excluded.,Non-overriding summary,No,PASS,None
KBDL-CUS-017,Known limitation,Cross-module preservation and handoff (KBDL-CUS-013 through KBDL-CUS-022),No project implementation exists; every listed earlier recommendation remains excluded.,Broad descriptive summary,No project implementation exists; every listed earlier recommendation remains excluded.,Non-overriding summary,No,PASS,None
KBDL-CUS-018,Known limitation,Cross-module preservation and handoff (KBDL-CUS-013 through KBDL-CUS-022),No project implementation exists; every listed earlier recommendation remains excluded.,Broad descriptive summary,No project implementation exists; every listed earlier recommendation remains excluded.,Non-overriding summary,No,PASS,None
KBDL-CUS-019,Known limitation,Cross-module preservation and handoff (KBDL-CUS-013 through KBDL-CUS-022),No project implementation exists; every listed earlier recommendation remains excluded.,Broad descriptive summary,No project implementation exists; every listed earlier recommendation remains excluded.,Non-overriding summary,No,PASS,None
KBDL-CUS-020,Known limitation,Cross-module preservation and handoff (KBDL-CUS-013 through KBDL-CUS-022),No project implementation exists; every listed earlier recommendation remains excluded.,Broad descriptive summary,No project implementation exists; every listed earlier recommendation remains excluded.,Non-overriding summary,No,PASS,None
KBDL-CUS-021,Known limitation,Cross-module preservation and handoff (KBDL-CUS-013 through KBDL-CUS-022),No project implementation exists; every listed earlier recommendation remains excluded.,Broad descriptive summary,No project implementation exists; every listed earlier recommendation remains excluded.,Non-overriding summary,No,PASS,None
KBDL-CUS-022,Known limitation,Cross-module preservation and handoff (KBDL-CUS-013 through KBDL-CUS-022),No project implementation exists; every listed earlier recommendation remains excluded.,Broad descriptive summary,No project implementation exists; every listed earlier recommendation remains excluded.,Non-overriding summary,No,PASS,None
KBDL-CUS-013,Packet or tracking destination,Cross-module preservation and handoff (KBDL-CUS-013 through KBDL-CUS-022),`013`–`022`: None — Approved.,Per-ID clause mapping,None — Approved.,Exact per-ID mapping,Yes,PASS,None
KBDL-CUS-014,Packet or tracking destination,Cross-module preservation and handoff (KBDL-CUS-013 through KBDL-CUS-022),`013`–`022`: None — Approved.,Range mapping,None — Approved.,Exact per-ID mapping,Yes,PASS,None
KBDL-CUS-015,Packet or tracking destination,Cross-module preservation and handoff (KBDL-CUS-013 through KBDL-CUS-022),`013`–`022`: None — Approved.,Range mapping,None — Approved.,Exact per-ID mapping,Yes,PASS,None
KBDL-CUS-016,Packet or tracking destination,Cross-module preservation and handoff (KBDL-CUS-013 through KBDL-CUS-022),`013`–`022`: None — Approved.,Range mapping,None — Approved.,Exact per-ID mapping,Yes,PASS,None
KBDL-CUS-017,Packet or tracking destination,Cross-module preservation and handoff (KBDL-CUS-013 through KBDL-CUS-022),`013`–`022`: None — Approved.,Range mapping,None — Approved.,Exact per-ID mapping,Yes,PASS,None
KBDL-CUS-018,Packet or tracking destination,Cross-module preservation and handoff (KBDL-CUS-013 through KBDL-CUS-022),`013`–`022`: None — Approved.,Range mapping,None — Approved.,Exact per-ID mapping,Yes,PASS,None
KBDL-CUS-019,Packet or tracking destination,Cross-module preservation and handoff (KBDL-CUS-013 through KBDL-CUS-022),`013`–`022`: None — Approved.,Range mapping,None — Approved.,Exact per-ID mapping,Yes,PASS,None
KBDL-CUS-020,Packet or tracking destination,Cross-module preservation and handoff (KBDL-CUS-013 through KBDL-CUS-022),`013`–`022`: None — Approved.,Range mapping,None — Approved.,Exact per-ID mapping,Yes,PASS,None
KBDL-CUS-021,Packet or tracking destination,Cross-module preservation and handoff (KBDL-CUS-013 through KBDL-CUS-022),`013`–`022`: None — Approved.,Range mapping,None — Approved.,Exact per-ID mapping,Yes,PASS,None
KBDL-CUS-022,Packet or tracking destination,Cross-module preservation and handoff (KBDL-CUS-013 through KBDL-CUS-022),`013`–`022`: None — Approved.,Per-ID clause mapping,None — Approved.,Exact per-ID mapping,Yes,PASS,None
KBDL-CUS-013,Pending dependencies,Cross-module preservation and handoff (KBDL-CUS-013 through KBDL-CUS-022),"`013`–`022`: None; pending earlier items are exclusions, not normative dependencies.",Per-ID clause mapping,None,Exact per-ID mapping,Yes,PASS,None
KBDL-CUS-014,Pending dependencies,Cross-module preservation and handoff (KBDL-CUS-013 through KBDL-CUS-022),"`013`–`022`: None; pending earlier items are exclusions, not normative dependencies.",Range mapping,None,Exact per-ID mapping,Yes,PASS,None
KBDL-CUS-015,Pending dependencies,Cross-module preservation and handoff (KBDL-CUS-013 through KBDL-CUS-022),"`013`–`022`: None; pending earlier items are exclusions, not normative dependencies.",Range mapping,None,Exact per-ID mapping,Yes,PASS,None
KBDL-CUS-016,Pending dependencies,Cross-module preservation and handoff (KBDL-CUS-013 through KBDL-CUS-022),"`013`–`022`: None; pending earlier items are exclusions, not normative dependencies.",Range mapping,None,Exact per-ID mapping,Yes,PASS,None
KBDL-CUS-017,Pending dependencies,Cross-module preservation and handoff (KBDL-CUS-013 through KBDL-CUS-022),"`013`–`022`: None; pending earlier items are exclusions, not normative dependencies.",Range mapping,None,Exact per-ID mapping,Yes,PASS,None
KBDL-CUS-018,Pending dependencies,Cross-module preservation and handoff (KBDL-CUS-013 through KBDL-CUS-022),"`013`–`022`: None; pending earlier items are exclusions, not normative dependencies.",Range mapping,None,Exact per-ID mapping,Yes,PASS,None
KBDL-CUS-019,Pending dependencies,Cross-module preservation and handoff (KBDL-CUS-013 through KBDL-CUS-022),"`013`–`022`: None; pending earlier items are exclusions, not normative dependencies.",Range mapping,None,Exact per-ID mapping,Yes,PASS,None
KBDL-CUS-020,Pending dependencies,Cross-module preservation and handoff (KBDL-CUS-013 through KBDL-CUS-022),"`013`–`022`: None; pending earlier items are exclusions, not normative dependencies.",Range mapping,None,Exact per-ID mapping,Yes,PASS,None
KBDL-CUS-021,Pending dependencies,Cross-module preservation and handoff (KBDL-CUS-013 through KBDL-CUS-022),"`013`–`022`: None; pending earlier items are exclusions, not normative dependencies.",Range mapping,None,Exact per-ID mapping,Yes,PASS,None
KBDL-CUS-022,Pending dependencies,Cross-module preservation and handoff (KBDL-CUS-013 through KBDL-CUS-022),"`013`–`022`: None; pending earlier items are exclusions, not normative dependencies.",Per-ID clause mapping,None,Exact per-ID mapping,Yes,PASS,None
KBDL-CUS-013,Related decision,Cross-module preservation and handoff (KBDL-CUS-013 through KBDL-CUS-022),None new; existing owning-module decisions remain authoritative.,Broad descriptive summary,None new; existing owning-module decisions remain authoritative.,Non-overriding summary,No,PASS,None
KBDL-CUS-014,Related decision,Cross-module preservation and handoff (KBDL-CUS-013 through KBDL-CUS-022),None new; existing owning-module decisions remain authoritative.,Broad descriptive summary,None new; existing owning-module decisions remain authoritative.,Non-overriding summary,No,PASS,None
KBDL-CUS-015,Related decision,Cross-module preservation and handoff (KBDL-CUS-013 through KBDL-CUS-022),None new; existing owning-module decisions remain authoritative.,Broad descriptive summary,None new; existing owning-module decisions remain authoritative.,Non-overriding summary,No,PASS,None
KBDL-CUS-016,Related decision,Cross-module preservation and handoff (KBDL-CUS-013 through KBDL-CUS-022),None new; existing owning-module decisions remain authoritative.,Broad descriptive summary,None new; existing owning-module decisions remain authoritative.,Non-overriding summary,No,PASS,None
KBDL-CUS-017,Related decision,Cross-module preservation and handoff (KBDL-CUS-013 through KBDL-CUS-022),None new; existing owning-module decisions remain authoritative.,Broad descriptive summary,None new; existing owning-module decisions remain authoritative.,Non-overriding summary,No,PASS,None
KBDL-CUS-018,Related decision,Cross-module preservation and handoff (KBDL-CUS-013 through KBDL-CUS-022),None new; existing owning-module decisions remain authoritative.,Broad descriptive summary,None new; existing owning-module decisions remain authoritative.,Non-overriding summary,No,PASS,None
KBDL-CUS-019,Related decision,Cross-module preservation and handoff (KBDL-CUS-013 through KBDL-CUS-022),None new; existing owning-module decisions remain authoritative.,Broad descriptive summary,None new; existing owning-module decisions remain authoritative.,Non-overriding summary,No,PASS,None
KBDL-CUS-020,Related decision,Cross-module preservation and handoff (KBDL-CUS-013 through KBDL-CUS-022),None new; existing owning-module decisions remain authoritative.,Broad descriptive summary,None new; existing owning-module decisions remain authoritative.,Non-overriding summary,No,PASS,None
KBDL-CUS-021,Related decision,Cross-module preservation and handoff (KBDL-CUS-013 through KBDL-CUS-022),None new; existing owning-module decisions remain authoritative.,Broad descriptive summary,None new; existing owning-module decisions remain authoritative.,Non-overriding summary,No,PASS,None
KBDL-CUS-022,Related decision,Cross-module preservation and handoff (KBDL-CUS-013 through KBDL-CUS-022),None new; existing owning-module decisions remain authoritative.,Broad descriptive summary,None new; existing owning-module decisions remain authoritative.,Non-overriding summary,No,PASS,None
KBDL-CUS-013,Notes or exclusions,Cross-module preservation and handoff (KBDL-CUS-013 through KBDL-CUS-022),"No exact value, technology, component semantic variant, Profile, or exception is introduced.",Broad descriptive summary,"No exact value, technology, component semantic variant, Profile, or exception is introduced.",Non-overriding summary,No,PASS,None
KBDL-CUS-014,Notes or exclusions,Cross-module preservation and handoff (KBDL-CUS-013 through KBDL-CUS-022),"No exact value, technology, component semantic variant, Profile, or exception is introduced.",Broad descriptive summary,"No exact value, technology, component semantic variant, Profile, or exception is introduced.",Non-overriding summary,No,PASS,None
KBDL-CUS-015,Notes or exclusions,Cross-module preservation and handoff (KBDL-CUS-013 through KBDL-CUS-022),"No exact value, technology, component semantic variant, Profile, or exception is introduced.",Broad descriptive summary,"No exact value, technology, component semantic variant, Profile, or exception is introduced.",Non-overriding summary,No,PASS,None
KBDL-CUS-016,Notes or exclusions,Cross-module preservation and handoff (KBDL-CUS-013 through KBDL-CUS-022),"No exact value, technology, component semantic variant, Profile, or exception is introduced.",Broad descriptive summary,"No exact value, technology, component semantic variant, Profile, or exception is introduced.",Non-overriding summary,No,PASS,None
KBDL-CUS-017,Notes or exclusions,Cross-module preservation and handoff (KBDL-CUS-013 through KBDL-CUS-022),"No exact value, technology, component semantic variant, Profile, or exception is introduced.",Broad descriptive summary,"No exact value, technology, component semantic variant, Profile, or exception is introduced.",Non-overriding summary,No,PASS,None
KBDL-CUS-018,Notes or exclusions,Cross-module preservation and handoff (KBDL-CUS-013 through KBDL-CUS-022),"No exact value, technology, component semantic variant, Profile, or exception is introduced.",Broad descriptive summary,"No exact value, technology, component semantic variant, Profile, or exception is introduced.",Non-overriding summary,No,PASS,None
KBDL-CUS-019,Notes or exclusions,Cross-module preservation and handoff (KBDL-CUS-013 through KBDL-CUS-022),"No exact value, technology, component semantic variant, Profile, or exception is introduced.",Broad descriptive summary,"No exact value, technology, component semantic variant, Profile, or exception is introduced.",Non-overriding summary,No,PASS,None
KBDL-CUS-020,Notes or exclusions,Cross-module preservation and handoff (KBDL-CUS-013 through KBDL-CUS-022),"No exact value, technology, component semantic variant, Profile, or exception is introduced.",Broad descriptive summary,"No exact value, technology, component semantic variant, Profile, or exception is introduced.",Non-overriding summary,No,PASS,None
KBDL-CUS-021,Notes or exclusions,Cross-module preservation and handoff (KBDL-CUS-013 through KBDL-CUS-022),"No exact value, technology, component semantic variant, Profile, or exception is introduced.",Broad descriptive summary,"No exact value, technology, component semantic variant, Profile, or exception is introduced.",Non-overriding summary,No,PASS,None
KBDL-CUS-022,Notes or exclusions,Cross-module preservation and handoff (KBDL-CUS-013 through KBDL-CUS-022),"No exact value, technology, component semantic variant, Profile, or exception is introduced.",Broad descriptive summary,"No exact value, technology, component semantic variant, Profile, or exception is introduced.",Non-overriding summary,No,PASS,None
KBDL-CUS-023,Blueprint section,Discretionary KBDL-010 policy (KBDL-CUS-023 through KBDL-CUS-029),Identifier; local roles; risk/evidence and material-classification review triggers; review/expiry; precedence; reuse; archive/licensing/rollback evidence,Uniform default,Identifier; local roles; risk/evidence and material-classification review triggers; review/expiry; precedence; reuse; archive/licensing/rollback evidence,Uniform default,Yes,PASS,None
KBDL-CUS-024,Blueprint section,Discretionary KBDL-010 policy (KBDL-CUS-023 through KBDL-CUS-029),Identifier; local roles; risk/evidence and material-classification review triggers; review/expiry; precedence; reuse; archive/licensing/rollback evidence,Uniform default,Identifier; local roles; risk/evidence and material-classification review triggers; review/expiry; precedence; reuse; archive/licensing/rollback evidence,Uniform default,Yes,PASS,None
KBDL-CUS-025,Blueprint section,Discretionary KBDL-010 policy (KBDL-CUS-023 through KBDL-CUS-029),Identifier; local roles; risk/evidence and material-classification review triggers; review/expiry; precedence; reuse; archive/licensing/rollback evidence,Uniform default,Identifier; local roles; risk/evidence and material-classification review triggers; review/expiry; precedence; reuse; archive/licensing/rollback evidence,Uniform default,Yes,PASS,None
KBDL-CUS-026,Blueprint section,Discretionary KBDL-010 policy (KBDL-CUS-023 through KBDL-CUS-029),Identifier; local roles; risk/evidence and material-classification review triggers; review/expiry; precedence; reuse; archive/licensing/rollback evidence,Uniform default,Identifier; local roles; risk/evidence and material-classification review triggers; review/expiry; precedence; reuse; archive/licensing/rollback evidence,Uniform default,Yes,PASS,None
KBDL-CUS-027,Blueprint section,Discretionary KBDL-010 policy (KBDL-CUS-023 through KBDL-CUS-029),Identifier; local roles; risk/evidence and material-classification review triggers; review/expiry; precedence; reuse; archive/licensing/rollback evidence,Uniform default,Identifier; local roles; risk/evidence and material-classification review triggers; review/expiry; precedence; reuse; archive/licensing/rollback evidence,Uniform default,Yes,PASS,None
KBDL-CUS-028,Blueprint section,Discretionary KBDL-010 policy (KBDL-CUS-023 through KBDL-CUS-029),Identifier; local roles; risk/evidence and material-classification review triggers; review/expiry; precedence; reuse; archive/licensing/rollback evidence,Uniform default,Identifier; local roles; risk/evidence and material-classification review triggers; review/expiry; precedence; reuse; archive/licensing/rollback evidence,Uniform default,Yes,PASS,None
KBDL-CUS-029,Blueprint section,Discretionary KBDL-010 policy (KBDL-CUS-023 through KBDL-CUS-029),Identifier; local roles; risk/evidence and material-classification review triggers; review/expiry; precedence; reuse; archive/licensing/rollback evidence,Uniform default,Identifier; local roles; risk/evidence and material-classification review triggers; review/expiry; precedence; reuse; archive/licensing/rollback evidence,Uniform default,Yes,PASS,None
KBDL-CUS-023,Roadmap prompt,Discretionary KBDL-010 policy (KBDL-CUS-023 through KBDL-CUS-029),KBDL-010,Uniform default,KBDL-010,Uniform default,Yes,PASS,None
KBDL-CUS-024,Roadmap prompt,Discretionary KBDL-010 policy (KBDL-CUS-023 through KBDL-CUS-029),KBDL-010,Uniform default,KBDL-010,Uniform default,Yes,PASS,None
KBDL-CUS-025,Roadmap prompt,Discretionary KBDL-010 policy (KBDL-CUS-023 through KBDL-CUS-029),KBDL-010,Uniform default,KBDL-010,Uniform default,Yes,PASS,None
KBDL-CUS-026,Roadmap prompt,Discretionary KBDL-010 policy (KBDL-CUS-023 through KBDL-CUS-029),KBDL-010,Uniform default,KBDL-010,Uniform default,Yes,PASS,None
KBDL-CUS-027,Roadmap prompt,Discretionary KBDL-010 policy (KBDL-CUS-023 through KBDL-CUS-029),KBDL-010,Uniform default,KBDL-010,Uniform default,Yes,PASS,None
KBDL-CUS-028,Roadmap prompt,Discretionary KBDL-010 policy (KBDL-CUS-023 through KBDL-CUS-029),KBDL-010,Uniform default,KBDL-010,Uniform default,Yes,PASS,None
KBDL-CUS-029,Roadmap prompt,Discretionary KBDL-010 policy (KBDL-CUS-023 through KBDL-CUS-029),KBDL-010,Uniform default,KBDL-010,Uniform default,Yes,PASS,None
KBDL-CUS-023,Specification location,Discretionary KBDL-010 policy (KBDL-CUS-023 through KBDL-CUS-029),MISSING,Missing,MISSING,Missing,No,PASS,None
KBDL-CUS-024,Specification location,Discretionary KBDL-010 policy (KBDL-CUS-023 through KBDL-CUS-029),MISSING,Missing,MISSING,Missing,No,PASS,None
KBDL-CUS-025,Specification location,Discretionary KBDL-010 policy (KBDL-CUS-023 through KBDL-CUS-029),MISSING,Missing,MISSING,Missing,No,PASS,None
KBDL-CUS-026,Specification location,Discretionary KBDL-010 policy (KBDL-CUS-023 through KBDL-CUS-029),MISSING,Missing,MISSING,Missing,No,PASS,None
KBDL-CUS-027,Specification location,Discretionary KBDL-010 policy (KBDL-CUS-023 through KBDL-CUS-029),MISSING,Missing,MISSING,Missing,No,PASS,None
KBDL-CUS-028,Specification location,Discretionary KBDL-010 policy (KBDL-CUS-023 through KBDL-CUS-029),MISSING,Missing,MISSING,Missing,No,PASS,None
KBDL-CUS-029,Specification location,Discretionary KBDL-010 policy (KBDL-CUS-023 through KBDL-CUS-029),MISSING,Missing,MISSING,Missing,No,PASS,None
KBDL-CUS-023,Lifecycle status,Discretionary KBDL-010 policy (KBDL-CUS-023 through KBDL-CUS-029),All Recommended.,Uniform status default,Recommended,Uniform default,Yes,PASS,None
KBDL-CUS-024,Lifecycle status,Discretionary KBDL-010 policy (KBDL-CUS-023 through KBDL-CUS-029),All Recommended.,Uniform status default,Recommended,Uniform default,Yes,PASS,None
KBDL-CUS-025,Lifecycle status,Discretionary KBDL-010 policy (KBDL-CUS-023 through KBDL-CUS-029),All Recommended.,Uniform status default,Recommended,Uniform default,Yes,PASS,None
KBDL-CUS-026,Lifecycle status,Discretionary KBDL-010 policy (KBDL-CUS-023 through KBDL-CUS-029),All Recommended.,Uniform status default,Recommended,Uniform default,Yes,PASS,None
KBDL-CUS-027,Lifecycle status,Discretionary KBDL-010 policy (KBDL-CUS-023 through KBDL-CUS-029),All Recommended.,Uniform status default,Recommended,Uniform default,Yes,PASS,None
KBDL-CUS-028,Lifecycle status,Discretionary KBDL-010 policy (KBDL-CUS-023 through KBDL-CUS-029),All Recommended.,Uniform status default,Recommended,Uniform default,Yes,PASS,None
KBDL-CUS-029,Lifecycle status,Discretionary KBDL-010 policy (KBDL-CUS-023 through KBDL-CUS-029),All Recommended.,Uniform status default,Recommended,Uniform default,Yes,PASS,None
KBDL-CUS-023,Provenance,Discretionary KBDL-010 policy (KBDL-CUS-023 through KBDL-CUS-029),All Assumed.,Uniform status default,Assumed,Uniform default,Yes,PASS,None
KBDL-CUS-024,Provenance,Discretionary KBDL-010 policy (KBDL-CUS-023 through KBDL-CUS-029),All Assumed.,Uniform status default,Assumed,Uniform default,Yes,PASS,None
KBDL-CUS-025,Provenance,Discretionary KBDL-010 policy (KBDL-CUS-023 through KBDL-CUS-029),All Assumed.,Uniform status default,Assumed,Uniform default,Yes,PASS,None
KBDL-CUS-026,Provenance,Discretionary KBDL-010 policy (KBDL-CUS-023 through KBDL-CUS-029),All Assumed.,Uniform status default,Assumed,Uniform default,Yes,PASS,None
KBDL-CUS-027,Provenance,Discretionary KBDL-010 policy (KBDL-CUS-023 through KBDL-CUS-029),All Assumed.,Uniform status default,Assumed,Uniform default,Yes,PASS,None
KBDL-CUS-028,Provenance,Discretionary KBDL-010 policy (KBDL-CUS-023 through KBDL-CUS-029),All Assumed.,Uniform status default,Assumed,Uniform default,Yes,PASS,None
KBDL-CUS-029,Provenance,Discretionary KBDL-010 policy (KBDL-CUS-023 through KBDL-CUS-029),All Assumed.,Uniform status default,Assumed,Uniform default,Yes,PASS,None
KBDL-CUS-023,Validation classification,Discretionary KBDL-010 policy (KBDL-CUS-023 through KBDL-CUS-029),Not applicable,Uniform status default,Not applicable,Uniform default,Yes,PASS,None
KBDL-CUS-024,Validation classification,Discretionary KBDL-010 policy (KBDL-CUS-023 through KBDL-CUS-029),Not applicable,Uniform status default,Not applicable,Uniform default,Yes,PASS,None
KBDL-CUS-025,Validation classification,Discretionary KBDL-010 policy (KBDL-CUS-023 through KBDL-CUS-029),Not applicable,Uniform status default,Not applicable,Uniform default,Yes,PASS,None
KBDL-CUS-026,Validation classification,Discretionary KBDL-010 policy (KBDL-CUS-023 through KBDL-CUS-029),Not applicable,Uniform status default,Not applicable,Uniform default,Yes,PASS,None
KBDL-CUS-027,Validation classification,Discretionary KBDL-010 policy (KBDL-CUS-023 through KBDL-CUS-029),Not applicable,Uniform status default,Not applicable,Uniform default,Yes,PASS,None
KBDL-CUS-028,Validation classification,Discretionary KBDL-010 policy (KBDL-CUS-023 through KBDL-CUS-029),Not applicable,Uniform status default,Not applicable,Uniform default,Yes,PASS,None
KBDL-CUS-029,Validation classification,Discretionary KBDL-010 policy (KBDL-CUS-023 through KBDL-CUS-029),Not applicable,Uniform status default,Not applicable,Uniform default,Yes,PASS,None
KBDL-CUS-023,Authority,Discretionary KBDL-010 policy (KBDL-CUS-023 through KBDL-CUS-029),Not applicable — pending explicit project-owner approval; assignment of a CUS ID does not grant implementation authority.,Broad descriptive summary,Not applicable — pending explicit project-owner approval; assignment of a CUS ID does not grant implementation authority.,Non-overriding summary,No,PASS,None
KBDL-CUS-024,Authority,Discretionary KBDL-010 policy (KBDL-CUS-023 through KBDL-CUS-029),Not applicable — pending explicit project-owner approval; assignment of a CUS ID does not grant implementation authority.,Broad descriptive summary,Not applicable — pending explicit project-owner approval; assignment of a CUS ID does not grant implementation authority.,Non-overriding summary,No,PASS,None
KBDL-CUS-025,Authority,Discretionary KBDL-010 policy (KBDL-CUS-023 through KBDL-CUS-029),Not applicable — pending explicit project-owner approval; assignment of a CUS ID does not grant implementation authority.,Broad descriptive summary,Not applicable — pending explicit project-owner approval; assignment of a CUS ID does not grant implementation authority.,Non-overriding summary,No,PASS,None
KBDL-CUS-026,Authority,Discretionary KBDL-010 policy (KBDL-CUS-023 through KBDL-CUS-029),Not applicable — pending explicit project-owner approval; assignment of a CUS ID does not grant implementation authority.,Broad descriptive summary,Not applicable — pending explicit project-owner approval; assignment of a CUS ID does not grant implementation authority.,Non-overriding summary,No,PASS,None
KBDL-CUS-027,Authority,Discretionary KBDL-010 policy (KBDL-CUS-023 through KBDL-CUS-029),Not applicable — pending explicit project-owner approval; assignment of a CUS ID does not grant implementation authority.,Broad descriptive summary,Not applicable — pending explicit project-owner approval; assignment of a CUS ID does not grant implementation authority.,Non-overriding summary,No,PASS,None
KBDL-CUS-028,Authority,Discretionary KBDL-010 policy (KBDL-CUS-023 through KBDL-CUS-029),Not applicable — pending explicit project-owner approval; assignment of a CUS ID does not grant implementation authority.,Broad descriptive summary,Not applicable — pending explicit project-owner approval; assignment of a CUS ID does not grant implementation authority.,Non-overriding summary,No,PASS,None
KBDL-CUS-029,Authority,Discretionary KBDL-010 policy (KBDL-CUS-023 through KBDL-CUS-029),Not applicable — pending explicit project-owner approval; assignment of a CUS ID does not grant implementation authority.,Broad descriptive summary,Not applicable — pending explicit project-owner approval; assignment of a CUS ID does not grant implementation authority.,Non-overriding summary,No,PASS,None
KBDL-CUS-023,Validation method,Discretionary KBDL-010 policy (KBDL-CUS-023 through KBDL-CUS-029),Project-owner review; not yet performed.,Combined method/evidence summary,Project-owner review; not yet performed.,Non-overriding summary,No,PASS,None
KBDL-CUS-024,Validation method,Discretionary KBDL-010 policy (KBDL-CUS-023 through KBDL-CUS-029),Project-owner review; not yet performed.,Combined method/evidence summary,Project-owner review; not yet performed.,Non-overriding summary,No,PASS,None
KBDL-CUS-025,Validation method,Discretionary KBDL-010 policy (KBDL-CUS-023 through KBDL-CUS-029),Project-owner review; not yet performed.,Combined method/evidence summary,Project-owner review; not yet performed.,Non-overriding summary,No,PASS,None
KBDL-CUS-026,Validation method,Discretionary KBDL-010 policy (KBDL-CUS-023 through KBDL-CUS-029),Project-owner review; not yet performed.,Combined method/evidence summary,Project-owner review; not yet performed.,Non-overriding summary,No,PASS,None
KBDL-CUS-027,Validation method,Discretionary KBDL-010 policy (KBDL-CUS-023 through KBDL-CUS-029),Project-owner review; not yet performed.,Combined method/evidence summary,Project-owner review; not yet performed.,Non-overriding summary,No,PASS,None
KBDL-CUS-028,Validation method,Discretionary KBDL-010 policy (KBDL-CUS-023 through KBDL-CUS-029),Project-owner review; not yet performed.,Combined method/evidence summary,Project-owner review; not yet performed.,Non-overriding summary,No,PASS,None
KBDL-CUS-029,Validation method,Discretionary KBDL-010 policy (KBDL-CUS-023 through KBDL-CUS-029),Project-owner review; not yet performed.,Combined method/evidence summary,Project-owner review; not yet performed.,Non-overriding summary,No,PASS,None
KBDL-CUS-023,Validation evidence,Discretionary KBDL-010 policy (KBDL-CUS-023 through KBDL-CUS-029),MISSING,Missing,MISSING,Missing,No,PASS,None
KBDL-CUS-024,Validation evidence,Discretionary KBDL-010 policy (KBDL-CUS-023 through KBDL-CUS-029),MISSING,Missing,MISSING,Missing,No,PASS,None
KBDL-CUS-025,Validation evidence,Discretionary KBDL-010 policy (KBDL-CUS-023 through KBDL-CUS-029),MISSING,Missing,MISSING,Missing,No,PASS,None
KBDL-CUS-026,Validation evidence,Discretionary KBDL-010 policy (KBDL-CUS-023 through KBDL-CUS-029),MISSING,Missing,MISSING,Missing,No,PASS,None
KBDL-CUS-027,Validation evidence,Discretionary KBDL-010 policy (KBDL-CUS-023 through KBDL-CUS-029),MISSING,Missing,MISSING,Missing,No,PASS,None
KBDL-CUS-028,Validation evidence,Discretionary KBDL-010 policy (KBDL-CUS-023 through KBDL-CUS-029),MISSING,Missing,MISSING,Missing,No,PASS,None
KBDL-CUS-029,Validation evidence,Discretionary KBDL-010 policy (KBDL-CUS-023 through KBDL-CUS-029),MISSING,Missing,MISSING,Missing,No,PASS,None
KBDL-CUS-023,Known limitation,Discretionary KBDL-010 policy (KBDL-CUS-023 through KBDL-CUS-029),Exact policies are not authorized.,Broad descriptive summary,Exact policies are not authorized.,Non-overriding summary,No,PASS,None
KBDL-CUS-024,Known limitation,Discretionary KBDL-010 policy (KBDL-CUS-023 through KBDL-CUS-029),Exact policies are not authorized.,Broad descriptive summary,Exact policies are not authorized.,Non-overriding summary,No,PASS,None
KBDL-CUS-025,Known limitation,Discretionary KBDL-010 policy (KBDL-CUS-023 through KBDL-CUS-029),Exact policies are not authorized.,Broad descriptive summary,Exact policies are not authorized.,Non-overriding summary,No,PASS,None
KBDL-CUS-026,Known limitation,Discretionary KBDL-010 policy (KBDL-CUS-023 through KBDL-CUS-029),Exact policies are not authorized.,Broad descriptive summary,Exact policies are not authorized.,Non-overriding summary,No,PASS,None
KBDL-CUS-027,Known limitation,Discretionary KBDL-010 policy (KBDL-CUS-023 through KBDL-CUS-029),Exact policies are not authorized.,Broad descriptive summary,Exact policies are not authorized.,Non-overriding summary,No,PASS,None
KBDL-CUS-028,Known limitation,Discretionary KBDL-010 policy (KBDL-CUS-023 through KBDL-CUS-029),Exact policies are not authorized.,Broad descriptive summary,Exact policies are not authorized.,Non-overriding summary,No,PASS,None
KBDL-CUS-029,Known limitation,Discretionary KBDL-010 policy (KBDL-CUS-023 through KBDL-CUS-029),Exact policies are not authorized.,Broad descriptive summary,Exact policies are not authorized.,Non-overriding summary,No,PASS,None
KBDL-CUS-023,Packet or tracking destination,Discretionary KBDL-010 policy (KBDL-CUS-023 through KBDL-CUS-029),"`023` → item 1; `024` → item 2; `025` → item 3; `026` → item 4; `027` → item 5; `028` → item 6; `029` → item 7, all independently approval-ready.",Arrow mapping,item 1,Exact per-ID mapping,Yes,PASS,None
KBDL-CUS-024,Packet or tracking destination,Discretionary KBDL-010 policy (KBDL-CUS-023 through KBDL-CUS-029),"`023` → item 1; `024` → item 2; `025` → item 3; `026` → item 4; `027` → item 5; `028` → item 6; `029` → item 7, all independently approval-ready.",Arrow mapping,item 2,Exact per-ID mapping,Yes,PASS,None
KBDL-CUS-025,Packet or tracking destination,Discretionary KBDL-010 policy (KBDL-CUS-023 through KBDL-CUS-029),"`023` → item 1; `024` → item 2; `025` → item 3; `026` → item 4; `027` → item 5; `028` → item 6; `029` → item 7, all independently approval-ready.",Arrow mapping,item 3,Exact per-ID mapping,Yes,PASS,None
KBDL-CUS-026,Packet or tracking destination,Discretionary KBDL-010 policy (KBDL-CUS-023 through KBDL-CUS-029),"`023` → item 1; `024` → item 2; `025` → item 3; `026` → item 4; `027` → item 5; `028` → item 6; `029` → item 7, all independently approval-ready.",Arrow mapping,item 4,Exact per-ID mapping,Yes,PASS,None
KBDL-CUS-027,Packet or tracking destination,Discretionary KBDL-010 policy (KBDL-CUS-023 through KBDL-CUS-029),"`023` → item 1; `024` → item 2; `025` → item 3; `026` → item 4; `027` → item 5; `028` → item 6; `029` → item 7, all independently approval-ready.",Arrow mapping,item 5,Exact per-ID mapping,Yes,PASS,None
KBDL-CUS-028,Packet or tracking destination,Discretionary KBDL-010 policy (KBDL-CUS-023 through KBDL-CUS-029),"`023` → item 1; `024` → item 2; `025` → item 3; `026` → item 4; `027` → item 5; `028` → item 6; `029` → item 7, all independently approval-ready.",Arrow mapping,item 6,Exact per-ID mapping,Yes,PASS,None
KBDL-CUS-029,Packet or tracking destination,Discretionary KBDL-010 policy (KBDL-CUS-023 through KBDL-CUS-029),"`023` → item 1; `024` → item 2; `025` → item 3; `026` → item 4; `027` → item 5; `028` → item 6; `029` → item 7, all independently approval-ready.",Arrow mapping,"item 7, all independently approval-ready.",Exact per-ID mapping,Yes,PASS,None
KBDL-CUS-023,Pending dependencies,Discretionary KBDL-010 policy (KBDL-CUS-023 through KBDL-CUS-029),None.,Broad descriptive summary,None.,Non-overriding summary,No,PASS,None
KBDL-CUS-024,Pending dependencies,Discretionary KBDL-010 policy (KBDL-CUS-023 through KBDL-CUS-029),None.,Broad descriptive summary,None.,Non-overriding summary,No,PASS,None
KBDL-CUS-025,Pending dependencies,Discretionary KBDL-010 policy (KBDL-CUS-023 through KBDL-CUS-029),None.,Broad descriptive summary,None.,Non-overriding summary,No,PASS,None
KBDL-CUS-026,Pending dependencies,Discretionary KBDL-010 policy (KBDL-CUS-023 through KBDL-CUS-029),None.,Broad descriptive summary,None.,Non-overriding summary,No,PASS,None
KBDL-CUS-027,Pending dependencies,Discretionary KBDL-010 policy (KBDL-CUS-023 through KBDL-CUS-029),None.,Broad descriptive summary,None.,Non-overriding summary,No,PASS,None
KBDL-CUS-028,Pending dependencies,Discretionary KBDL-010 policy (KBDL-CUS-023 through KBDL-CUS-029),None.,Broad descriptive summary,None.,Non-overriding summary,No,PASS,None
KBDL-CUS-029,Pending dependencies,Discretionary KBDL-010 policy (KBDL-CUS-023 through KBDL-CUS-029),None.,Broad descriptive summary,None.,Non-overriding summary,No,PASS,None
KBDL-CUS-023,Related decision,Discretionary KBDL-010 policy (KBDL-CUS-023 through KBDL-CUS-029),None — no packet item has been approved.,Broad descriptive summary,None — no packet item has been approved.,Non-overriding summary,No,PASS,None
KBDL-CUS-024,Related decision,Discretionary KBDL-010 policy (KBDL-CUS-023 through KBDL-CUS-029),None — no packet item has been approved.,Broad descriptive summary,None — no packet item has been approved.,Non-overriding summary,No,PASS,None
KBDL-CUS-025,Related decision,Discretionary KBDL-010 policy (KBDL-CUS-023 through KBDL-CUS-029),None — no packet item has been approved.,Broad descriptive summary,None — no packet item has been approved.,Non-overriding summary,No,PASS,None
KBDL-CUS-026,Related decision,Discretionary KBDL-010 policy (KBDL-CUS-023 through KBDL-CUS-029),None — no packet item has been approved.,Broad descriptive summary,None — no packet item has been approved.,Non-overriding summary,No,PASS,None
KBDL-CUS-027,Related decision,Discretionary KBDL-010 policy (KBDL-CUS-023 through KBDL-CUS-029),None — no packet item has been approved.,Broad descriptive summary,None — no packet item has been approved.,Non-overriding summary,No,PASS,None
KBDL-CUS-028,Related decision,Discretionary KBDL-010 policy (KBDL-CUS-023 through KBDL-CUS-029),None — no packet item has been approved.,Broad descriptive summary,None — no packet item has been approved.,Non-overriding summary,No,PASS,None
KBDL-CUS-029,Related decision,Discretionary KBDL-010 policy (KBDL-CUS-023 through KBDL-CUS-029),None — no packet item has been approved.,Broad descriptive summary,None — no packet item has been approved.,Non-overriding summary,No,PASS,None
KBDL-CUS-023,Notes or exclusions,Discretionary KBDL-010 policy (KBDL-CUS-023 through KBDL-CUS-029),"Approval scope and exclusions appear in [the packet](customization.md#37-kbdl-010-decision-packet). Item 2's accessibility/security independent-review rule has no material-threshold dependency; item 3 exclusively owns risk tiers, minor/material thresholds, and any material-classification reviewer trigger.",Broad descriptive summary,"Approval scope and exclusions appear in [the packet](customization.md#37-kbdl-010-decision-packet). Item 2's accessibility/security independent-review rule has no material-threshold dependency; item 3 exclusively owns risk tiers, minor/material thresholds, and any material-classification reviewer trigger.",Non-overriding summary,No,PASS,None
KBDL-CUS-024,Notes or exclusions,Discretionary KBDL-010 policy (KBDL-CUS-023 through KBDL-CUS-029),"Approval scope and exclusions appear in [the packet](customization.md#37-kbdl-010-decision-packet). Item 2's accessibility/security independent-review rule has no material-threshold dependency; item 3 exclusively owns risk tiers, minor/material thresholds, and any material-classification reviewer trigger.",Broad descriptive summary,"Approval scope and exclusions appear in [the packet](customization.md#37-kbdl-010-decision-packet). Item 2's accessibility/security independent-review rule has no material-threshold dependency; item 3 exclusively owns risk tiers, minor/material thresholds, and any material-classification reviewer trigger.",Non-overriding summary,No,PASS,None
KBDL-CUS-025,Notes or exclusions,Discretionary KBDL-010 policy (KBDL-CUS-023 through KBDL-CUS-029),"Approval scope and exclusions appear in [the packet](customization.md#37-kbdl-010-decision-packet). Item 2's accessibility/security independent-review rule has no material-threshold dependency; item 3 exclusively owns risk tiers, minor/material thresholds, and any material-classification reviewer trigger.",Broad descriptive summary,"Approval scope and exclusions appear in [the packet](customization.md#37-kbdl-010-decision-packet). Item 2's accessibility/security independent-review rule has no material-threshold dependency; item 3 exclusively owns risk tiers, minor/material thresholds, and any material-classification reviewer trigger.",Non-overriding summary,No,PASS,None
KBDL-CUS-026,Notes or exclusions,Discretionary KBDL-010 policy (KBDL-CUS-023 through KBDL-CUS-029),"Approval scope and exclusions appear in [the packet](customization.md#37-kbdl-010-decision-packet). Item 2's accessibility/security independent-review rule has no material-threshold dependency; item 3 exclusively owns risk tiers, minor/material thresholds, and any material-classification reviewer trigger.",Broad descriptive summary,"Approval scope and exclusions appear in [the packet](customization.md#37-kbdl-010-decision-packet). Item 2's accessibility/security independent-review rule has no material-threshold dependency; item 3 exclusively owns risk tiers, minor/material thresholds, and any material-classification reviewer trigger.",Non-overriding summary,No,PASS,None
KBDL-CUS-027,Notes or exclusions,Discretionary KBDL-010 policy (KBDL-CUS-023 through KBDL-CUS-029),"Approval scope and exclusions appear in [the packet](customization.md#37-kbdl-010-decision-packet). Item 2's accessibility/security independent-review rule has no material-threshold dependency; item 3 exclusively owns risk tiers, minor/material thresholds, and any material-classification reviewer trigger.",Broad descriptive summary,"Approval scope and exclusions appear in [the packet](customization.md#37-kbdl-010-decision-packet). Item 2's accessibility/security independent-review rule has no material-threshold dependency; item 3 exclusively owns risk tiers, minor/material thresholds, and any material-classification reviewer trigger.",Non-overriding summary,No,PASS,None
KBDL-CUS-028,Notes or exclusions,Discretionary KBDL-010 policy (KBDL-CUS-023 through KBDL-CUS-029),"Approval scope and exclusions appear in [the packet](customization.md#37-kbdl-010-decision-packet). Item 2's accessibility/security independent-review rule has no material-threshold dependency; item 3 exclusively owns risk tiers, minor/material thresholds, and any material-classification reviewer trigger.",Broad descriptive summary,"Approval scope and exclusions appear in [the packet](customization.md#37-kbdl-010-decision-packet). Item 2's accessibility/security independent-review rule has no material-threshold dependency; item 3 exclusively owns risk tiers, minor/material thresholds, and any material-classification reviewer trigger.",Non-overriding summary,No,PASS,None
KBDL-CUS-029,Notes or exclusions,Discretionary KBDL-010 policy (KBDL-CUS-023 through KBDL-CUS-029),"Approval scope and exclusions appear in [the packet](customization.md#37-kbdl-010-decision-packet). Item 2's accessibility/security independent-review rule has no material-threshold dependency; item 3 exclusively owns risk tiers, minor/material thresholds, and any material-classification reviewer trigger.",Broad descriptive summary,"Approval scope and exclusions appear in [the packet](customization.md#37-kbdl-010-decision-packet). Item 2's accessibility/security independent-review rule has no material-threshold dependency; item 3 exclusively owns risk tiers, minor/material thresholds, and any material-classification reviewer trigger.",Non-overriding summary,No,PASS,None
KBDL-CUS-030,Blueprint section,Deferred machine-readable format (KBDL-CUS-030),Deferred tooling and formats,Uniform default,Deferred tooling and formats,Uniform default,Yes,PASS,None
KBDL-CUS-030,Roadmap prompt,Deferred machine-readable format (KBDL-CUS-030),KBDL-010,Uniform default,KBDL-010,Uniform default,Yes,PASS,None
KBDL-CUS-030,Specification location,Deferred machine-readable format (KBDL-CUS-030),[customization.md §41](customization.md#41-deferred-and-unresolved-items),Broad descriptive summary,[customization.md §41](customization.md#41-deferred-and-unresolved-items),Non-overriding summary,No,PASS,None
KBDL-CUS-030,Lifecycle status,Deferred machine-readable format (KBDL-CUS-030),Deferred.,Uniform status default,Deferred,Uniform default,Yes,PASS,None
KBDL-CUS-030,Provenance,Deferred machine-readable format (KBDL-CUS-030),Assumed.,Uniform status default,Assumed,Uniform default,Yes,PASS,None
KBDL-CUS-030,Validation classification,Deferred machine-readable format (KBDL-CUS-030),Not applicable,Uniform status default,Not applicable,Uniform default,Yes,PASS,None
KBDL-CUS-030,Authority,Deferred machine-readable format (KBDL-CUS-030),Not applicable — deliberately deferred; assignment of a CUS ID does not grant implementation authority.,Broad descriptive summary,Not applicable — deliberately deferred; assignment of a CUS ID does not grant implementation authority.,Non-overriding summary,No,PASS,None
KBDL-CUS-030,Validation method,Deferred machine-readable format (KBDL-CUS-030),Not applicable until resumed; no evidence.,Combined method/evidence summary,Not applicable until resumed; no evidence.,Non-overriding summary,No,PASS,None
KBDL-CUS-030,Validation evidence,Deferred machine-readable format (KBDL-CUS-030),MISSING,Missing,MISSING,Missing,No,PASS,None
KBDL-CUS-030,Known limitation,Deferred machine-readable format (KBDL-CUS-030),No machine-readable format or tooling is authorized.,Broad descriptive summary,No machine-readable format or tooling is authorized.,Non-overriding summary,No,PASS,None
KBDL-CUS-030,Packet or tracking destination,Deferred machine-readable format (KBDL-CUS-030),Deferred tracking.,Broad descriptive summary,Deferred tracking.,Non-overriding summary,No,PASS,None
KBDL-CUS-030,Pending dependencies,Deferred machine-readable format (KBDL-CUS-030),MISSING,Missing,MISSING,Missing,No,PASS,None
KBDL-CUS-030,Related decision,Deferred machine-readable format (KBDL-CUS-030),None.,Broad descriptive summary,None.,Non-overriding summary,No,PASS,None
KBDL-CUS-030,Notes or exclusions,Deferred machine-readable format (KBDL-CUS-030),Not an orphan packet item and not approval-ready.,Broad descriptive summary,Not an orphan packet item and not approval-ready.,Non-overriding summary,No,PASS,None
KBDL-VAL-001,Blueprint section,"Evidence, inventory, lifecycle, and validation integrity (KBDL-VAL-001 through KBDL-VAL-004)",Final validation methodology; evidence classification; complete inventory; authority and status integrity,Uniform default,Final validation methodology; evidence classification; complete inventory; authority and status integrity,Uniform default,Yes,PASS,None
KBDL-VAL-002,Blueprint section,"Evidence, inventory, lifecycle, and validation integrity (KBDL-VAL-001 through KBDL-VAL-004)",Final validation methodology; evidence classification; complete inventory; authority and status integrity,Uniform default,Final validation methodology; evidence classification; complete inventory; authority and status integrity,Uniform default,Yes,PASS,None
KBDL-VAL-003,Blueprint section,"Evidence, inventory, lifecycle, and validation integrity (KBDL-VAL-001 through KBDL-VAL-004)",Final validation methodology; evidence classification; complete inventory; authority and status integrity,Uniform default,Final validation methodology; evidence classification; complete inventory; authority and status integrity,Uniform default,Yes,PASS,None
KBDL-VAL-004,Blueprint section,"Evidence, inventory, lifecycle, and validation integrity (KBDL-VAL-001 through KBDL-VAL-004)",Final validation methodology; evidence classification; complete inventory; authority and status integrity,Uniform default,Final validation methodology; evidence classification; complete inventory; authority and status integrity,Uniform default,Yes,PASS,None
KBDL-VAL-001,Roadmap prompt,"Evidence, inventory, lifecycle, and validation integrity (KBDL-VAL-001 through KBDL-VAL-004)",KBDL-011,Uniform default,KBDL-011,Uniform default,Yes,PASS,None
KBDL-VAL-002,Roadmap prompt,"Evidence, inventory, lifecycle, and validation integrity (KBDL-VAL-001 through KBDL-VAL-004)",KBDL-011,Uniform default,KBDL-011,Uniform default,Yes,PASS,None
KBDL-VAL-003,Roadmap prompt,"Evidence, inventory, lifecycle, and validation integrity (KBDL-VAL-001 through KBDL-VAL-004)",KBDL-011,Uniform default,KBDL-011,Uniform default,Yes,PASS,None
KBDL-VAL-004,Roadmap prompt,"Evidence, inventory, lifecycle, and validation integrity (KBDL-VAL-001 through KBDL-VAL-004)",KBDL-011,Uniform default,KBDL-011,Uniform default,Yes,PASS,None
KBDL-VAL-001,Specification location,"Evidence, inventory, lifecycle, and validation integrity (KBDL-VAL-001 through KBDL-VAL-004)",MISSING,Missing,MISSING,Missing,No,PASS,None
KBDL-VAL-002,Specification location,"Evidence, inventory, lifecycle, and validation integrity (KBDL-VAL-001 through KBDL-VAL-004)",MISSING,Missing,MISSING,Missing,No,PASS,None
KBDL-VAL-003,Specification location,"Evidence, inventory, lifecycle, and validation integrity (KBDL-VAL-001 through KBDL-VAL-004)",MISSING,Missing,MISSING,Missing,No,PASS,None
KBDL-VAL-004,Specification location,"Evidence, inventory, lifecycle, and validation integrity (KBDL-VAL-001 through KBDL-VAL-004)",MISSING,Missing,MISSING,Missing,No,PASS,None
KBDL-VAL-001,Lifecycle status,"Evidence, inventory, lifecycle, and validation integrity (KBDL-VAL-001 through KBDL-VAL-004)",All Approved.,Uniform status default,Approved,Uniform default,Yes,PASS,None
KBDL-VAL-002,Lifecycle status,"Evidence, inventory, lifecycle, and validation integrity (KBDL-VAL-001 through KBDL-VAL-004)",All Approved.,Uniform status default,Approved,Uniform default,Yes,PASS,None
KBDL-VAL-003,Lifecycle status,"Evidence, inventory, lifecycle, and validation integrity (KBDL-VAL-001 through KBDL-VAL-004)",All Approved.,Uniform status default,Approved,Uniform default,Yes,PASS,None
KBDL-VAL-004,Lifecycle status,"Evidence, inventory, lifecycle, and validation integrity (KBDL-VAL-001 through KBDL-VAL-004)",All Approved.,Uniform status default,Approved,Uniform default,Yes,PASS,None
KBDL-VAL-001,Provenance,"Evidence, inventory, lifecycle, and validation integrity (KBDL-VAL-001 through KBDL-VAL-004)",All Confirmed.,Uniform status default,Confirmed,Uniform default,Yes,PASS,None
KBDL-VAL-002,Provenance,"Evidence, inventory, lifecycle, and validation integrity (KBDL-VAL-001 through KBDL-VAL-004)",All Confirmed.,Uniform status default,Confirmed,Uniform default,Yes,PASS,None
KBDL-VAL-003,Provenance,"Evidence, inventory, lifecycle, and validation integrity (KBDL-VAL-001 through KBDL-VAL-004)",All Confirmed.,Uniform status default,Confirmed,Uniform default,Yes,PASS,None
KBDL-VAL-004,Provenance,"Evidence, inventory, lifecycle, and validation integrity (KBDL-VAL-001 through KBDL-VAL-004)",All Confirmed.,Uniform status default,Confirmed,Uniform default,Yes,PASS,None
KBDL-VAL-001,Validation classification,"Evidence, inventory, lifecycle, and validation integrity (KBDL-VAL-001 through KBDL-VAL-004)","`001`, `002`: Verified; `003`, `004`: Not verified during R16 source-independence remediation; the eleven R12 clause-evidence findings remain out of scope.",Per-ID clause mapping,Verified,Exact per-ID mapping,Yes,PASS,None
KBDL-VAL-002,Validation classification,"Evidence, inventory, lifecycle, and validation integrity (KBDL-VAL-001 through KBDL-VAL-004)","`001`, `002`: Verified; `003`, `004`: Not verified during R16 source-independence remediation; the eleven R12 clause-evidence findings remain out of scope.",Per-ID clause mapping,Verified,Exact per-ID mapping,Yes,PASS,None
KBDL-VAL-003,Validation classification,"Evidence, inventory, lifecycle, and validation integrity (KBDL-VAL-001 through KBDL-VAL-004)","`001`, `002`: Verified; `003`, `004`: Not verified during R16 source-independence remediation; the eleven R12 clause-evidence findings remain out of scope.",Per-ID clause mapping,Not verified during R16 source-independence remediation,Exact per-ID mapping,Yes,PASS,None
KBDL-VAL-004,Validation classification,"Evidence, inventory, lifecycle, and validation integrity (KBDL-VAL-001 through KBDL-VAL-004)","`001`, `002`: Verified; `003`, `004`: Not verified during R16 source-independence remediation; the eleven R12 clause-evidence findings remain out of scope.",Per-ID clause mapping,Not verified during R16 source-independence remediation,Exact per-ID mapping,Yes,PASS,None
KBDL-VAL-001,Authority,"Evidence, inventory, lifecycle, and validation integrity (KBDL-VAL-001 through KBDL-VAL-004)",Explicit mandatory KBDL-011 prompt clauses approved by the project owner.,Broad descriptive summary,Explicit mandatory KBDL-011 prompt clauses approved by the project owner.,Non-overriding summary,No,PASS,None
KBDL-VAL-002,Authority,"Evidence, inventory, lifecycle, and validation integrity (KBDL-VAL-001 through KBDL-VAL-004)",Explicit mandatory KBDL-011 prompt clauses approved by the project owner.,Broad descriptive summary,Explicit mandatory KBDL-011 prompt clauses approved by the project owner.,Non-overriding summary,No,PASS,None
KBDL-VAL-003,Authority,"Evidence, inventory, lifecycle, and validation integrity (KBDL-VAL-001 through KBDL-VAL-004)",Explicit mandatory KBDL-011 prompt clauses approved by the project owner.,Broad descriptive summary,Explicit mandatory KBDL-011 prompt clauses approved by the project owner.,Non-overriding summary,No,PASS,None
KBDL-VAL-004,Authority,"Evidence, inventory, lifecycle, and validation integrity (KBDL-VAL-001 through KBDL-VAL-004)",Explicit mandatory KBDL-011 prompt clauses approved by the project owner.,Broad descriptive summary,Explicit mandatory KBDL-011 prompt clauses approved by the project owner.,Non-overriding summary,No,PASS,None
KBDL-VAL-001,Validation method,"Evidence, inventory, lifecycle, and validation integrity (KBDL-VAL-001 through KBDL-VAL-004)",MISSING,Missing,MISSING,Missing,No,PASS,None
KBDL-VAL-002,Validation method,"Evidence, inventory, lifecycle, and validation integrity (KBDL-VAL-001 through KBDL-VAL-004)",MISSING,Missing,MISSING,Missing,No,PASS,None
KBDL-VAL-003,Validation method,"Evidence, inventory, lifecycle, and validation integrity (KBDL-VAL-001 through KBDL-VAL-004)",MISSING,Missing,MISSING,Missing,No,PASS,None
KBDL-VAL-004,Validation method,"Evidence, inventory, lifecycle, and validation integrity (KBDL-VAL-001 through KBDL-VAL-004)",MISSING,Missing,MISSING,Missing,No,PASS,None
KBDL-VAL-001,Validation evidence,"Evidence, inventory, lifecycle, and validation integrity (KBDL-VAL-001 through KBDL-VAL-004)",MISSING,Missing,MISSING,Missing,No,PASS,None
KBDL-VAL-002,Validation evidence,"Evidence, inventory, lifecycle, and validation integrity (KBDL-VAL-001 through KBDL-VAL-004)",MISSING,Missing,MISSING,Missing,No,PASS,None
KBDL-VAL-003,Validation evidence,"Evidence, inventory, lifecycle, and validation integrity (KBDL-VAL-001 through KBDL-VAL-004)",MISSING,Missing,MISSING,Missing,No,PASS,None
KBDL-VAL-004,Validation evidence,"Evidence, inventory, lifecycle, and validation integrity (KBDL-VAL-001 through KBDL-VAL-004)",MISSING,Missing,MISSING,Missing,No,PASS,None
KBDL-VAL-001,Known limitation,"Evidence, inventory, lifecycle, and validation integrity (KBDL-VAL-001 through KBDL-VAL-004)",These methods validate repository evidence only; they do not execute an implementation.,Broad descriptive summary,These methods validate repository evidence only; they do not execute an implementation.,Non-overriding summary,No,PASS,None
KBDL-VAL-002,Known limitation,"Evidence, inventory, lifecycle, and validation integrity (KBDL-VAL-001 through KBDL-VAL-004)",These methods validate repository evidence only; they do not execute an implementation.,Broad descriptive summary,These methods validate repository evidence only; they do not execute an implementation.,Non-overriding summary,No,PASS,None
KBDL-VAL-003,Known limitation,"Evidence, inventory, lifecycle, and validation integrity (KBDL-VAL-001 through KBDL-VAL-004)",These methods validate repository evidence only; they do not execute an implementation.,Broad descriptive summary,These methods validate repository evidence only; they do not execute an implementation.,Non-overriding summary,No,PASS,None
KBDL-VAL-004,Known limitation,"Evidence, inventory, lifecycle, and validation integrity (KBDL-VAL-001 through KBDL-VAL-004)",These methods validate repository evidence only; they do not execute an implementation.,Broad descriptive summary,These methods validate repository evidence only; they do not execute an implementation.,Non-overriding summary,No,PASS,None
KBDL-VAL-001,Packet or tracking destination,"Evidence, inventory, lifecycle, and validation integrity (KBDL-VAL-001 through KBDL-VAL-004)",`001`–`004`: None — Approved.,Per-ID clause mapping,None — Approved.,Exact per-ID mapping,Yes,PASS,None
KBDL-VAL-002,Packet or tracking destination,"Evidence, inventory, lifecycle, and validation integrity (KBDL-VAL-001 through KBDL-VAL-004)",`001`–`004`: None — Approved.,Range mapping,None — Approved.,Exact per-ID mapping,Yes,PASS,None
KBDL-VAL-003,Packet or tracking destination,"Evidence, inventory, lifecycle, and validation integrity (KBDL-VAL-001 through KBDL-VAL-004)",`001`–`004`: None — Approved.,Range mapping,None — Approved.,Exact per-ID mapping,Yes,PASS,None
KBDL-VAL-004,Packet or tracking destination,"Evidence, inventory, lifecycle, and validation integrity (KBDL-VAL-001 through KBDL-VAL-004)",`001`–`004`: None — Approved.,Per-ID clause mapping,None — Approved.,Exact per-ID mapping,Yes,PASS,None
KBDL-VAL-001,Pending dependencies,"Evidence, inventory, lifecycle, and validation integrity (KBDL-VAL-001 through KBDL-VAL-004)",`001`–`004`: None for the documented checks.,Per-ID clause mapping,None for the documented checks.,Exact per-ID mapping,Yes,PASS,None
KBDL-VAL-002,Pending dependencies,"Evidence, inventory, lifecycle, and validation integrity (KBDL-VAL-001 through KBDL-VAL-004)",`001`–`004`: None for the documented checks.,Range mapping,None for the documented checks.,Exact per-ID mapping,Yes,PASS,None
KBDL-VAL-003,Pending dependencies,"Evidence, inventory, lifecycle, and validation integrity (KBDL-VAL-001 through KBDL-VAL-004)",`001`–`004`: None for the documented checks.,Range mapping,None for the documented checks.,Exact per-ID mapping,Yes,PASS,None
KBDL-VAL-004,Pending dependencies,"Evidence, inventory, lifecycle, and validation integrity (KBDL-VAL-001 through KBDL-VAL-004)",`001`–`004`: None for the documented checks.,Per-ID clause mapping,None for the documented checks.,Exact per-ID mapping,Yes,PASS,None
KBDL-VAL-001,Related decision,"Evidence, inventory, lifecycle, and validation integrity (KBDL-VAL-001 through KBDL-VAL-004)",None; methodology approval does not alter earlier decisions.,Broad descriptive summary,None; methodology approval does not alter earlier decisions.,Non-overriding summary,No,PASS,None
KBDL-VAL-002,Related decision,"Evidence, inventory, lifecycle, and validation integrity (KBDL-VAL-001 through KBDL-VAL-004)",None; methodology approval does not alter earlier decisions.,Broad descriptive summary,None; methodology approval does not alter earlier decisions.,Non-overriding summary,No,PASS,None
KBDL-VAL-003,Related decision,"Evidence, inventory, lifecycle, and validation integrity (KBDL-VAL-001 through KBDL-VAL-004)",None; methodology approval does not alter earlier decisions.,Broad descriptive summary,None; methodology approval does not alter earlier decisions.,Non-overriding summary,No,PASS,None
KBDL-VAL-004,Related decision,"Evidence, inventory, lifecycle, and validation integrity (KBDL-VAL-001 through KBDL-VAL-004)",None; methodology approval does not alter earlier decisions.,Broad descriptive summary,None; methodology approval does not alter earlier decisions.,Non-overriding summary,No,PASS,None
KBDL-VAL-001,Notes or exclusions,"Evidence, inventory, lifecycle, and validation integrity (KBDL-VAL-001 through KBDL-VAL-004)",Verification is scoped to the executed validation method.,Broad descriptive summary,Verification is scoped to the executed validation method.,Non-overriding summary,No,PASS,None
KBDL-VAL-002,Notes or exclusions,"Evidence, inventory, lifecycle, and validation integrity (KBDL-VAL-001 through KBDL-VAL-004)",Verification is scoped to the executed validation method.,Broad descriptive summary,Verification is scoped to the executed validation method.,Non-overriding summary,No,PASS,None
KBDL-VAL-003,Notes or exclusions,"Evidence, inventory, lifecycle, and validation integrity (KBDL-VAL-001 through KBDL-VAL-004)",Verification is scoped to the executed validation method.,Broad descriptive summary,Verification is scoped to the executed validation method.,Non-overriding summary,No,PASS,None
KBDL-VAL-004,Notes or exclusions,"Evidence, inventory, lifecycle, and validation integrity (KBDL-VAL-001 through KBDL-VAL-004)",Verification is scoped to the executed validation method.,Broad descriptive summary,Verification is scoped to the executed validation method.,Non-overriding summary,No,PASS,None
KBDL-VAL-005,Blueprint section,"Decisions, traceability, documentation, and architecture (KBDL-VAL-005 through KBDL-VAL-008)",Decision and pending integrity; traceability; documentation integrity; static cross-module consistency,Uniform default,Decision and pending integrity; traceability; documentation integrity; static cross-module consistency,Uniform default,Yes,PASS,None
KBDL-VAL-006,Blueprint section,"Decisions, traceability, documentation, and architecture (KBDL-VAL-005 through KBDL-VAL-008)",Decision and pending integrity; traceability; documentation integrity; static cross-module consistency,Uniform default,Decision and pending integrity; traceability; documentation integrity; static cross-module consistency,Uniform default,Yes,PASS,None
KBDL-VAL-007,Blueprint section,"Decisions, traceability, documentation, and architecture (KBDL-VAL-005 through KBDL-VAL-008)",Decision and pending integrity; traceability; documentation integrity; static cross-module consistency,Uniform default,Decision and pending integrity; traceability; documentation integrity; static cross-module consistency,Uniform default,Yes,PASS,None
KBDL-VAL-008,Blueprint section,"Decisions, traceability, documentation, and architecture (KBDL-VAL-005 through KBDL-VAL-008)",Decision and pending integrity; traceability; documentation integrity; static cross-module consistency,Uniform default,Decision and pending integrity; traceability; documentation integrity; static cross-module consistency,Uniform default,Yes,PASS,None
KBDL-VAL-005,Roadmap prompt,"Decisions, traceability, documentation, and architecture (KBDL-VAL-005 through KBDL-VAL-008)",KBDL-011,Uniform default,KBDL-011,Uniform default,Yes,PASS,None
KBDL-VAL-006,Roadmap prompt,"Decisions, traceability, documentation, and architecture (KBDL-VAL-005 through KBDL-VAL-008)",KBDL-011,Uniform default,KBDL-011,Uniform default,Yes,PASS,None
KBDL-VAL-007,Roadmap prompt,"Decisions, traceability, documentation, and architecture (KBDL-VAL-005 through KBDL-VAL-008)",KBDL-011,Uniform default,KBDL-011,Uniform default,Yes,PASS,None
KBDL-VAL-008,Roadmap prompt,"Decisions, traceability, documentation, and architecture (KBDL-VAL-005 through KBDL-VAL-008)",KBDL-011,Uniform default,KBDL-011,Uniform default,Yes,PASS,None
KBDL-VAL-005,Specification location,"Decisions, traceability, documentation, and architecture (KBDL-VAL-005 through KBDL-VAL-008)",MISSING,Missing,MISSING,Missing,No,PASS,None
KBDL-VAL-006,Specification location,"Decisions, traceability, documentation, and architecture (KBDL-VAL-005 through KBDL-VAL-008)",MISSING,Missing,MISSING,Missing,No,PASS,None
KBDL-VAL-007,Specification location,"Decisions, traceability, documentation, and architecture (KBDL-VAL-005 through KBDL-VAL-008)",MISSING,Missing,MISSING,Missing,No,PASS,None
KBDL-VAL-008,Specification location,"Decisions, traceability, documentation, and architecture (KBDL-VAL-005 through KBDL-VAL-008)",MISSING,Missing,MISSING,Missing,No,PASS,None
KBDL-VAL-005,Lifecycle status,"Decisions, traceability, documentation, and architecture (KBDL-VAL-005 through KBDL-VAL-008)",All Approved.,Uniform status default,Approved,Uniform default,Yes,PASS,None
KBDL-VAL-006,Lifecycle status,"Decisions, traceability, documentation, and architecture (KBDL-VAL-005 through KBDL-VAL-008)",All Approved.,Uniform status default,Approved,Uniform default,Yes,PASS,None
KBDL-VAL-007,Lifecycle status,"Decisions, traceability, documentation, and architecture (KBDL-VAL-005 through KBDL-VAL-008)",All Approved.,Uniform status default,Approved,Uniform default,Yes,PASS,None
KBDL-VAL-008,Lifecycle status,"Decisions, traceability, documentation, and architecture (KBDL-VAL-005 through KBDL-VAL-008)",All Approved.,Uniform status default,Approved,Uniform default,Yes,PASS,None
KBDL-VAL-005,Provenance,"Decisions, traceability, documentation, and architecture (KBDL-VAL-005 through KBDL-VAL-008)",All Confirmed.,Uniform status default,Confirmed,Uniform default,Yes,PASS,None
KBDL-VAL-006,Provenance,"Decisions, traceability, documentation, and architecture (KBDL-VAL-005 through KBDL-VAL-008)",All Confirmed.,Uniform status default,Confirmed,Uniform default,Yes,PASS,None
KBDL-VAL-007,Provenance,"Decisions, traceability, documentation, and architecture (KBDL-VAL-005 through KBDL-VAL-008)",All Confirmed.,Uniform status default,Confirmed,Uniform default,Yes,PASS,None
KBDL-VAL-008,Provenance,"Decisions, traceability, documentation, and architecture (KBDL-VAL-005 through KBDL-VAL-008)",All Confirmed.,Uniform status default,Confirmed,Uniform default,Yes,PASS,None
KBDL-VAL-005,Validation classification,"Decisions, traceability, documentation, and architecture (KBDL-VAL-005 through KBDL-VAL-008)","`007`: Verified; `005`, `006`, `008`: Not verified during R16 source-independence remediation.",Per-ID clause mapping,Not verified during R16 source-independence remediation.,Exact per-ID mapping,Yes,PASS,None
KBDL-VAL-006,Validation classification,"Decisions, traceability, documentation, and architecture (KBDL-VAL-005 through KBDL-VAL-008)","`007`: Verified; `005`, `006`, `008`: Not verified during R16 source-independence remediation.",Per-ID clause mapping,Not verified during R16 source-independence remediation.,Exact per-ID mapping,Yes,PASS,None
KBDL-VAL-007,Validation classification,"Decisions, traceability, documentation, and architecture (KBDL-VAL-005 through KBDL-VAL-008)","`007`: Verified; `005`, `006`, `008`: Not verified during R16 source-independence remediation.",Per-ID clause mapping,Verified,Exact per-ID mapping,Yes,PASS,None
KBDL-VAL-008,Validation classification,"Decisions, traceability, documentation, and architecture (KBDL-VAL-005 through KBDL-VAL-008)","`007`: Verified; `005`, `006`, `008`: Not verified during R16 source-independence remediation.",Per-ID clause mapping,Not verified during R16 source-independence remediation.,Exact per-ID mapping,Yes,PASS,None
KBDL-VAL-005,Authority,"Decisions, traceability, documentation, and architecture (KBDL-VAL-005 through KBDL-VAL-008)",Explicit mandatory KBDL-011 prompt clauses approved by the project owner.,Broad descriptive summary,Explicit mandatory KBDL-011 prompt clauses approved by the project owner.,Non-overriding summary,No,PASS,None
KBDL-VAL-006,Authority,"Decisions, traceability, documentation, and architecture (KBDL-VAL-005 through KBDL-VAL-008)",Explicit mandatory KBDL-011 prompt clauses approved by the project owner.,Broad descriptive summary,Explicit mandatory KBDL-011 prompt clauses approved by the project owner.,Non-overriding summary,No,PASS,None
KBDL-VAL-007,Authority,"Decisions, traceability, documentation, and architecture (KBDL-VAL-005 through KBDL-VAL-008)",Explicit mandatory KBDL-011 prompt clauses approved by the project owner.,Broad descriptive summary,Explicit mandatory KBDL-011 prompt clauses approved by the project owner.,Non-overriding summary,No,PASS,None
KBDL-VAL-008,Authority,"Decisions, traceability, documentation, and architecture (KBDL-VAL-005 through KBDL-VAL-008)",Explicit mandatory KBDL-011 prompt clauses approved by the project owner.,Broad descriptive summary,Explicit mandatory KBDL-011 prompt clauses approved by the project owner.,Non-overriding summary,No,PASS,None
KBDL-VAL-005,Validation method,"Decisions, traceability, documentation, and architecture (KBDL-VAL-005 through KBDL-VAL-008)",MISSING,Missing,MISSING,Missing,No,PASS,None
KBDL-VAL-006,Validation method,"Decisions, traceability, documentation, and architecture (KBDL-VAL-005 through KBDL-VAL-008)",MISSING,Missing,MISSING,Missing,No,PASS,None
KBDL-VAL-007,Validation method,"Decisions, traceability, documentation, and architecture (KBDL-VAL-005 through KBDL-VAL-008)",MISSING,Missing,MISSING,Missing,No,PASS,None
KBDL-VAL-008,Validation method,"Decisions, traceability, documentation, and architecture (KBDL-VAL-005 through KBDL-VAL-008)",MISSING,Missing,MISSING,Missing,No,PASS,None
KBDL-VAL-005,Validation evidence,"Decisions, traceability, documentation, and architecture (KBDL-VAL-005 through KBDL-VAL-008)",MISSING,Missing,MISSING,Missing,No,PASS,None
KBDL-VAL-006,Validation evidence,"Decisions, traceability, documentation, and architecture (KBDL-VAL-005 through KBDL-VAL-008)",MISSING,Missing,MISSING,Missing,No,PASS,None
KBDL-VAL-007,Validation evidence,"Decisions, traceability, documentation, and architecture (KBDL-VAL-005 through KBDL-VAL-008)",MISSING,Missing,MISSING,Missing,No,PASS,None
KBDL-VAL-008,Validation evidence,"Decisions, traceability, documentation, and architecture (KBDL-VAL-005 through KBDL-VAL-008)",MISSING,Missing,MISSING,Missing,No,PASS,None
KBDL-VAL-005,Known limitation,"Decisions, traceability, documentation, and architecture (KBDL-VAL-005 through KBDL-VAL-008)","Static agreement does not establish runtime, assistive-technology, device, security, or production conformance.",Broad descriptive summary,"Static agreement does not establish runtime, assistive-technology, device, security, or production conformance.",Non-overriding summary,No,PASS,None
KBDL-VAL-006,Known limitation,"Decisions, traceability, documentation, and architecture (KBDL-VAL-005 through KBDL-VAL-008)","Static agreement does not establish runtime, assistive-technology, device, security, or production conformance.",Broad descriptive summary,"Static agreement does not establish runtime, assistive-technology, device, security, or production conformance.",Non-overriding summary,No,PASS,None
KBDL-VAL-007,Known limitation,"Decisions, traceability, documentation, and architecture (KBDL-VAL-005 through KBDL-VAL-008)","Static agreement does not establish runtime, assistive-technology, device, security, or production conformance.",Broad descriptive summary,"Static agreement does not establish runtime, assistive-technology, device, security, or production conformance.",Non-overriding summary,No,PASS,None
KBDL-VAL-008,Known limitation,"Decisions, traceability, documentation, and architecture (KBDL-VAL-005 through KBDL-VAL-008)","Static agreement does not establish runtime, assistive-technology, device, security, or production conformance.",Broad descriptive summary,"Static agreement does not establish runtime, assistive-technology, device, security, or production conformance.",Non-overriding summary,No,PASS,None
KBDL-VAL-005,Packet or tracking destination,"Decisions, traceability, documentation, and architecture (KBDL-VAL-005 through KBDL-VAL-008)",`005`–`008`: None — Approved.,Per-ID clause mapping,None — Approved.,Exact per-ID mapping,Yes,PASS,None
KBDL-VAL-006,Packet or tracking destination,"Decisions, traceability, documentation, and architecture (KBDL-VAL-005 through KBDL-VAL-008)",`005`–`008`: None — Approved.,Range mapping,None — Approved.,Exact per-ID mapping,Yes,PASS,None
KBDL-VAL-007,Packet or tracking destination,"Decisions, traceability, documentation, and architecture (KBDL-VAL-005 through KBDL-VAL-008)",`005`–`008`: None — Approved.,Range mapping,None — Approved.,Exact per-ID mapping,Yes,PASS,None
KBDL-VAL-008,Packet or tracking destination,"Decisions, traceability, documentation, and architecture (KBDL-VAL-005 through KBDL-VAL-008)",`005`–`008`: None — Approved.,Per-ID clause mapping,None — Approved.,Exact per-ID mapping,Yes,PASS,None
KBDL-VAL-005,Pending dependencies,"Decisions, traceability, documentation, and architecture (KBDL-VAL-005 through KBDL-VAL-008)",`005`–`008`: None for static repository validation; recorded recommendations and deferrals remain pending.,Per-ID clause mapping,None for static repository validation,Exact per-ID mapping,Yes,PASS,None
KBDL-VAL-006,Pending dependencies,"Decisions, traceability, documentation, and architecture (KBDL-VAL-005 through KBDL-VAL-008)",`005`–`008`: None for static repository validation; recorded recommendations and deferrals remain pending.,Range mapping,None for static repository validation,Exact per-ID mapping,Yes,PASS,None
KBDL-VAL-007,Pending dependencies,"Decisions, traceability, documentation, and architecture (KBDL-VAL-005 through KBDL-VAL-008)",`005`–`008`: None for static repository validation; recorded recommendations and deferrals remain pending.,Range mapping,None for static repository validation,Exact per-ID mapping,Yes,PASS,None
KBDL-VAL-008,Pending dependencies,"Decisions, traceability, documentation, and architecture (KBDL-VAL-005 through KBDL-VAL-008)",`005`–`008`: None for static repository validation; recorded recommendations and deferrals remain pending.,Per-ID clause mapping,None for static repository validation,Exact per-ID mapping,Yes,PASS,None
KBDL-VAL-005,Related decision,"Decisions, traceability, documentation, and architecture (KBDL-VAL-005 through KBDL-VAL-008)",Existing `KBDL-DEC-001`–`015`; no new decision is created.,Broad descriptive summary,Existing `KBDL-DEC-001`–`015`; no new decision is created.,Non-overriding summary,No,PASS,None
KBDL-VAL-006,Related decision,"Decisions, traceability, documentation, and architecture (KBDL-VAL-005 through KBDL-VAL-008)",Existing `KBDL-DEC-001`–`015`; no new decision is created.,Broad descriptive summary,Existing `KBDL-DEC-001`–`015`; no new decision is created.,Non-overriding summary,No,PASS,None
KBDL-VAL-007,Related decision,"Decisions, traceability, documentation, and architecture (KBDL-VAL-005 through KBDL-VAL-008)",Existing `KBDL-DEC-001`–`015`; no new decision is created.,Broad descriptive summary,Existing `KBDL-DEC-001`–`015`; no new decision is created.,Non-overriding summary,No,PASS,None
KBDL-VAL-008,Related decision,"Decisions, traceability, documentation, and architecture (KBDL-VAL-005 through KBDL-VAL-008)",Existing `KBDL-DEC-001`–`015`; no new decision is created.,Broad descriptive summary,Existing `KBDL-DEC-001`–`015`; no new decision is created.,Non-overriding summary,No,PASS,None
KBDL-VAL-005,Notes or exclusions,"Decisions, traceability, documentation, and architecture (KBDL-VAL-005 through KBDL-VAL-008)",Grouping is presentation only; each listed ID has a distinct evidence record.,Broad descriptive summary,Grouping is presentation only; each listed ID has a distinct evidence record.,Non-overriding summary,No,PASS,None
KBDL-VAL-006,Notes or exclusions,"Decisions, traceability, documentation, and architecture (KBDL-VAL-005 through KBDL-VAL-008)",Grouping is presentation only; each listed ID has a distinct evidence record.,Broad descriptive summary,Grouping is presentation only; each listed ID has a distinct evidence record.,Non-overriding summary,No,PASS,None
KBDL-VAL-007,Notes or exclusions,"Decisions, traceability, documentation, and architecture (KBDL-VAL-005 through KBDL-VAL-008)",Grouping is presentation only; each listed ID has a distinct evidence record.,Broad descriptive summary,Grouping is presentation only; each listed ID has a distinct evidence record.,Non-overriding summary,No,PASS,None
KBDL-VAL-008,Notes or exclusions,"Decisions, traceability, documentation, and architecture (KBDL-VAL-005 through KBDL-VAL-008)",Grouping is presentation only; each listed ID has a distinct evidence record.,Broad descriptive summary,Grouping is presentation only; each listed ID has a distinct evidence record.,Non-overriding summary,No,PASS,None
KBDL-VAL-009,Blueprint section,"Calculations, evidence ledgers, and completion gate (KBDL-VAL-009 through KBDL-VAL-012)",Reproducible theme calculations; implementation and project ledgers; completion governance,Uniform default,Reproducible theme calculations; implementation and project ledgers; completion governance,Uniform default,Yes,PASS,None
KBDL-VAL-010,Blueprint section,"Calculations, evidence ledgers, and completion gate (KBDL-VAL-009 through KBDL-VAL-012)",Reproducible theme calculations; implementation and project ledgers; completion governance,Uniform default,Reproducible theme calculations; implementation and project ledgers; completion governance,Uniform default,Yes,PASS,None
KBDL-VAL-011,Blueprint section,"Calculations, evidence ledgers, and completion gate (KBDL-VAL-009 through KBDL-VAL-012)",Reproducible theme calculations; implementation and project ledgers; completion governance,Uniform default,Reproducible theme calculations; implementation and project ledgers; completion governance,Uniform default,Yes,PASS,None
KBDL-VAL-012,Blueprint section,"Calculations, evidence ledgers, and completion gate (KBDL-VAL-009 through KBDL-VAL-012)",Reproducible theme calculations; implementation and project ledgers; completion governance,Uniform default,Reproducible theme calculations; implementation and project ledgers; completion governance,Uniform default,Yes,PASS,None
KBDL-VAL-009,Roadmap prompt,"Calculations, evidence ledgers, and completion gate (KBDL-VAL-009 through KBDL-VAL-012)",KBDL-011,Uniform default,KBDL-011,Uniform default,Yes,PASS,None
KBDL-VAL-010,Roadmap prompt,"Calculations, evidence ledgers, and completion gate (KBDL-VAL-009 through KBDL-VAL-012)",KBDL-011,Uniform default,KBDL-011,Uniform default,Yes,PASS,None
KBDL-VAL-011,Roadmap prompt,"Calculations, evidence ledgers, and completion gate (KBDL-VAL-009 through KBDL-VAL-012)",KBDL-011,Uniform default,KBDL-011,Uniform default,Yes,PASS,None
KBDL-VAL-012,Roadmap prompt,"Calculations, evidence ledgers, and completion gate (KBDL-VAL-009 through KBDL-VAL-012)",KBDL-011,Uniform default,KBDL-011,Uniform default,Yes,PASS,None
KBDL-VAL-009,Specification location,"Calculations, evidence ledgers, and completion gate (KBDL-VAL-009 through KBDL-VAL-012)",MISSING,Missing,MISSING,Missing,No,PASS,None
KBDL-VAL-010,Specification location,"Calculations, evidence ledgers, and completion gate (KBDL-VAL-009 through KBDL-VAL-012)",MISSING,Missing,MISSING,Missing,No,PASS,None
KBDL-VAL-011,Specification location,"Calculations, evidence ledgers, and completion gate (KBDL-VAL-009 through KBDL-VAL-012)",MISSING,Missing,MISSING,Missing,No,PASS,None
KBDL-VAL-012,Specification location,"Calculations, evidence ledgers, and completion gate (KBDL-VAL-009 through KBDL-VAL-012)",MISSING,Missing,MISSING,Missing,No,PASS,None
KBDL-VAL-009,Lifecycle status,"Calculations, evidence ledgers, and completion gate (KBDL-VAL-009 through KBDL-VAL-012)",All Approved.,Uniform status default,Approved,Uniform default,Yes,PASS,None
KBDL-VAL-010,Lifecycle status,"Calculations, evidence ledgers, and completion gate (KBDL-VAL-009 through KBDL-VAL-012)",All Approved.,Uniform status default,Approved,Uniform default,Yes,PASS,None
KBDL-VAL-011,Lifecycle status,"Calculations, evidence ledgers, and completion gate (KBDL-VAL-009 through KBDL-VAL-012)",All Approved.,Uniform status default,Approved,Uniform default,Yes,PASS,None
KBDL-VAL-012,Lifecycle status,"Calculations, evidence ledgers, and completion gate (KBDL-VAL-009 through KBDL-VAL-012)",All Approved.,Uniform status default,Approved,Uniform default,Yes,PASS,None
KBDL-VAL-009,Provenance,"Calculations, evidence ledgers, and completion gate (KBDL-VAL-009 through KBDL-VAL-012)",All Confirmed.,Uniform status default,Confirmed,Uniform default,Yes,PASS,None
KBDL-VAL-010,Provenance,"Calculations, evidence ledgers, and completion gate (KBDL-VAL-009 through KBDL-VAL-012)",All Confirmed.,Uniform status default,Confirmed,Uniform default,Yes,PASS,None
KBDL-VAL-011,Provenance,"Calculations, evidence ledgers, and completion gate (KBDL-VAL-009 through KBDL-VAL-012)",All Confirmed.,Uniform status default,Confirmed,Uniform default,Yes,PASS,None
KBDL-VAL-012,Provenance,"Calculations, evidence ledgers, and completion gate (KBDL-VAL-009 through KBDL-VAL-012)",All Confirmed.,Uniform status default,Confirmed,Uniform default,Yes,PASS,None
KBDL-VAL-009,Validation classification,"Calculations, evidence ledgers, and completion gate (KBDL-VAL-009 through KBDL-VAL-012)","`009`: Verified; `010`, `011`: Not verified; `012`: Verified.",Per-ID clause mapping,Verified,Exact per-ID mapping,Yes,PASS,None
KBDL-VAL-010,Validation classification,"Calculations, evidence ledgers, and completion gate (KBDL-VAL-009 through KBDL-VAL-012)","`009`: Verified; `010`, `011`: Not verified; `012`: Verified.",Per-ID clause mapping,Not verified,Exact per-ID mapping,Yes,PASS,None
KBDL-VAL-011,Validation classification,"Calculations, evidence ledgers, and completion gate (KBDL-VAL-009 through KBDL-VAL-012)","`009`: Verified; `010`, `011`: Not verified; `012`: Verified.",Per-ID clause mapping,Not verified,Exact per-ID mapping,Yes,PASS,None
KBDL-VAL-012,Validation classification,"Calculations, evidence ledgers, and completion gate (KBDL-VAL-009 through KBDL-VAL-012)","`009`: Verified; `010`, `011`: Not verified; `012`: Verified.",Per-ID clause mapping,Verified.,Exact per-ID mapping,Yes,PASS,None
KBDL-VAL-009,Authority,"Calculations, evidence ledgers, and completion gate (KBDL-VAL-009 through KBDL-VAL-012)",Explicit mandatory KBDL-011 prompt clauses approved by the project owner.,Broad descriptive summary,Explicit mandatory KBDL-011 prompt clauses approved by the project owner.,Non-overriding summary,No,PASS,None
KBDL-VAL-010,Authority,"Calculations, evidence ledgers, and completion gate (KBDL-VAL-009 through KBDL-VAL-012)",Explicit mandatory KBDL-011 prompt clauses approved by the project owner.,Broad descriptive summary,Explicit mandatory KBDL-011 prompt clauses approved by the project owner.,Non-overriding summary,No,PASS,None
KBDL-VAL-011,Authority,"Calculations, evidence ledgers, and completion gate (KBDL-VAL-009 through KBDL-VAL-012)",Explicit mandatory KBDL-011 prompt clauses approved by the project owner.,Broad descriptive summary,Explicit mandatory KBDL-011 prompt clauses approved by the project owner.,Non-overriding summary,No,PASS,None
KBDL-VAL-012,Authority,"Calculations, evidence ledgers, and completion gate (KBDL-VAL-009 through KBDL-VAL-012)",Explicit mandatory KBDL-011 prompt clauses approved by the project owner.,Broad descriptive summary,Explicit mandatory KBDL-011 prompt clauses approved by the project owner.,Non-overriding summary,No,PASS,None
KBDL-VAL-009,Validation method,"Calculations, evidence ledgers, and completion gate (KBDL-VAL-009 through KBDL-VAL-012)",MISSING,Missing,MISSING,Missing,No,PASS,None
KBDL-VAL-010,Validation method,"Calculations, evidence ledgers, and completion gate (KBDL-VAL-009 through KBDL-VAL-012)",MISSING,Missing,MISSING,Missing,No,PASS,None
KBDL-VAL-011,Validation method,"Calculations, evidence ledgers, and completion gate (KBDL-VAL-009 through KBDL-VAL-012)",MISSING,Missing,MISSING,Missing,No,PASS,None
KBDL-VAL-012,Validation method,"Calculations, evidence ledgers, and completion gate (KBDL-VAL-009 through KBDL-VAL-012)",MISSING,Missing,MISSING,Missing,No,PASS,None
KBDL-VAL-009,Validation evidence,"Calculations, evidence ledgers, and completion gate (KBDL-VAL-009 through KBDL-VAL-012)",MISSING,Missing,MISSING,Missing,No,PASS,None
KBDL-VAL-010,Validation evidence,"Calculations, evidence ledgers, and completion gate (KBDL-VAL-009 through KBDL-VAL-012)",MISSING,Missing,MISSING,Missing,No,PASS,None
KBDL-VAL-011,Validation evidence,"Calculations, evidence ledgers, and completion gate (KBDL-VAL-009 through KBDL-VAL-012)",MISSING,Missing,MISSING,Missing,No,PASS,None
KBDL-VAL-012,Validation evidence,"Calculations, evidence ledgers, and completion gate (KBDL-VAL-009 through KBDL-VAL-012)",MISSING,Missing,MISSING,Missing,No,PASS,None
KBDL-VAL-009,Known limitation,"Calculations, evidence ledgers, and completion gate (KBDL-VAL-009 through KBDL-VAL-012)","`009` excludes unknown alpha/media contexts; `010` and `011` verify ledger honesty, not implementation or project conformance; `012` records a pending gate.",Broad descriptive summary,"`009` excludes unknown alpha/media contexts; `010` and `011` verify ledger honesty, not implementation or project conformance; `012` records a pending gate.",Non-overriding summary,No,PASS,None
KBDL-VAL-010,Known limitation,"Calculations, evidence ledgers, and completion gate (KBDL-VAL-009 through KBDL-VAL-012)","`009` excludes unknown alpha/media contexts; `010` and `011` verify ledger honesty, not implementation or project conformance; `012` records a pending gate.",Broad descriptive summary,"`009` excludes unknown alpha/media contexts; `010` and `011` verify ledger honesty, not implementation or project conformance; `012` records a pending gate.",Non-overriding summary,No,PASS,None
KBDL-VAL-011,Known limitation,"Calculations, evidence ledgers, and completion gate (KBDL-VAL-009 through KBDL-VAL-012)","`009` excludes unknown alpha/media contexts; `010` and `011` verify ledger honesty, not implementation or project conformance; `012` records a pending gate.",Broad descriptive summary,"`009` excludes unknown alpha/media contexts; `010` and `011` verify ledger honesty, not implementation or project conformance; `012` records a pending gate.",Non-overriding summary,No,PASS,None
KBDL-VAL-012,Known limitation,"Calculations, evidence ledgers, and completion gate (KBDL-VAL-009 through KBDL-VAL-012)","`009` excludes unknown alpha/media contexts; `010` and `011` verify ledger honesty, not implementation or project conformance; `012` records a pending gate.",Broad descriptive summary,"`009` excludes unknown alpha/media contexts; `010` and `011` verify ledger honesty, not implementation or project conformance; `012` records a pending gate.",Non-overriding summary,No,PASS,None
KBDL-VAL-009,Packet or tracking destination,"Calculations, evidence ledgers, and completion gate (KBDL-VAL-009 through KBDL-VAL-012)",`009`–`012`: None — Approved methodology requirements.,Per-ID clause mapping,None — Approved methodology requirements.,Exact per-ID mapping,Yes,PASS,None
KBDL-VAL-010,Packet or tracking destination,"Calculations, evidence ledgers, and completion gate (KBDL-VAL-009 through KBDL-VAL-012)",`009`–`012`: None — Approved methodology requirements.,Range mapping,None — Approved methodology requirements.,Exact per-ID mapping,Yes,PASS,None
KBDL-VAL-011,Packet or tracking destination,"Calculations, evidence ledgers, and completion gate (KBDL-VAL-009 through KBDL-VAL-012)",`009`–`012`: None — Approved methodology requirements.,Range mapping,None — Approved methodology requirements.,Exact per-ID mapping,Yes,PASS,None
KBDL-VAL-012,Packet or tracking destination,"Calculations, evidence ledgers, and completion gate (KBDL-VAL-009 through KBDL-VAL-012)",`009`–`012`: None — Approved methodology requirements.,Per-ID clause mapping,None — Approved methodology requirements.,Exact per-ID mapping,Yes,PASS,None
KBDL-VAL-009,Pending dependencies,"Calculations, evidence ledgers, and completion gate (KBDL-VAL-009 through KBDL-VAL-012)",`009`: none for opaque checks; `010`: implementation evidence; `011`: adopting-project evidence; `012`: planning-agent validation and explicit project-owner approval.,Per-ID clause mapping,none for opaque checks,Exact per-ID mapping,Yes,PASS,None
KBDL-VAL-010,Pending dependencies,"Calculations, evidence ledgers, and completion gate (KBDL-VAL-009 through KBDL-VAL-012)",`009`: none for opaque checks; `010`: implementation evidence; `011`: adopting-project evidence; `012`: planning-agent validation and explicit project-owner approval.,Per-ID clause mapping,implementation evidence,Exact per-ID mapping,Yes,PASS,None
KBDL-VAL-011,Pending dependencies,"Calculations, evidence ledgers, and completion gate (KBDL-VAL-009 through KBDL-VAL-012)",`009`: none for opaque checks; `010`: implementation evidence; `011`: adopting-project evidence; `012`: planning-agent validation and explicit project-owner approval.,Per-ID clause mapping,adopting-project evidence,Exact per-ID mapping,Yes,PASS,None
KBDL-VAL-012,Pending dependencies,"Calculations, evidence ledgers, and completion gate (KBDL-VAL-009 through KBDL-VAL-012)",`009`: none for opaque checks; `010`: implementation evidence; `011`: adopting-project evidence; `012`: planning-agent validation and explicit project-owner approval.,Per-ID clause mapping,planning-agent validation and explicit project-owner approval.,Exact per-ID mapping,Yes,PASS,None
KBDL-VAL-009,Related decision,"Calculations, evidence ledgers, and completion gate (KBDL-VAL-009 through KBDL-VAL-012)",No completion decision exists; earlier decision scopes remain unchanged.,Broad descriptive summary,No completion decision exists; earlier decision scopes remain unchanged.,Non-overriding summary,No,PASS,None
KBDL-VAL-010,Related decision,"Calculations, evidence ledgers, and completion gate (KBDL-VAL-009 through KBDL-VAL-012)",No completion decision exists; earlier decision scopes remain unchanged.,Broad descriptive summary,No completion decision exists; earlier decision scopes remain unchanged.,Non-overriding summary,No,PASS,None
KBDL-VAL-011,Related decision,"Calculations, evidence ledgers, and completion gate (KBDL-VAL-009 through KBDL-VAL-012)",No completion decision exists; earlier decision scopes remain unchanged.,Broad descriptive summary,No completion decision exists; earlier decision scopes remain unchanged.,Non-overriding summary,No,PASS,None
KBDL-VAL-012,Related decision,"Calculations, evidence ledgers, and completion gate (KBDL-VAL-009 through KBDL-VAL-012)",No completion decision exists; earlier decision scopes remain unchanged.,Broad descriptive summary,No completion decision exists; earlier decision scopes remain unchanged.,Non-overriding summary,No,PASS,None
KBDL-VAL-009,Notes or exclusions,"Calculations, evidence ledgers, and completion gate (KBDL-VAL-009 through KBDL-VAL-012)",Candidate documentation readiness is not project completion.,Broad descriptive summary,Candidate documentation readiness is not project completion.,Non-overriding summary,No,PASS,None
KBDL-VAL-010,Notes or exclusions,"Calculations, evidence ledgers, and completion gate (KBDL-VAL-009 through KBDL-VAL-012)",Candidate documentation readiness is not project completion.,Broad descriptive summary,Candidate documentation readiness is not project completion.,Non-overriding summary,No,PASS,None
KBDL-VAL-011,Notes or exclusions,"Calculations, evidence ledgers, and completion gate (KBDL-VAL-009 through KBDL-VAL-012)",Candidate documentation readiness is not project completion.,Broad descriptive summary,Candidate documentation readiness is not project completion.,Non-overriding summary,No,PASS,None
KBDL-VAL-012,Notes or exclusions,"Calculations, evidence ledgers, and completion gate (KBDL-VAL-009 through KBDL-VAL-012)",Candidate documentation readiness is not project completion.,Broad descriptive summary,Candidate documentation readiness is not project completion.,Non-overriding summary,No,PASS,None
