Requirement ID,Blueprint section,Roadmap prompt,Specification location,Lifecycle status,Provenance,Validation classification,Verified scope,Not-verified scope,Authority,Validation method,Validation evidence,Known limitation,Packet or tracking destination,Pending dependencies,Related decision,Notes or exclusions,Result,Defect fields
KBDL-A11Y-001,Text alternatives; captions; semantic structure; landmarks; reading/focus order; color independence; text/non-text contrast; focus visibility/obscuration; text spacing; keyboard operability/traps/bypass; pointer cancellation; dragging/gesture alternatives; motion actuation; reduced-motion cross-reference; flashing; timing/automatic movement; forms/labels/autocomplete; error identification/prevention; status messages; authentication; plain language; consistent navigation/help; media controls cross-reference; data presentation; mobile/virtual-keyboard cross-reference; profile consistency,KBDL-006,accessibility.md#6-text-alternatives,Approved,Confirmed,Not verified,None,Not verified,RESOLVED,Manual + automated static accessibility check once implemented.,Not verified — the requirement’s stated validation method has not been executed.,"This document does not claim full WCAG conformance, screen-reader compatibility, or real-device support — those require an implementation and recorded test evidence",None — Approved,None,RESOLVED,Readable group plus authoritative per-ID ledger; group values reconciled without changing normative text.,PASS,None
KBDL-A11Y-002,Text alternatives; captions; semantic structure; landmarks; reading/focus order; color independence; text/non-text contrast; focus visibility/obscuration; text spacing; keyboard operability/traps/bypass; pointer cancellation; dragging/gesture alternatives; motion actuation; reduced-motion cross-reference; flashing; timing/automatic movement; forms/labels/autocomplete; error identification/prevention; status messages; authentication; plain language; consistent navigation/help; media controls cross-reference; data presentation; mobile/virtual-keyboard cross-reference; profile consistency,KBDL-006,accessibility.md#7-captions-transcripts-and-audio-description,Approved,Confirmed,Not verified,None,Not verified,RESOLVED,Manual review once implemented.,Not verified — the requirement’s stated validation method has not been executed.,"This document does not claim full WCAG conformance, screen-reader compatibility, or real-device support — those require an implementation and recorded test evidence",None — Approved,None,RESOLVED,Readable group plus authoritative per-ID ledger; group values reconciled without changing normative text.,PASS,None
KBDL-A11Y-003,Text alternatives; captions; semantic structure; landmarks; reading/focus order; color independence; text/non-text contrast; focus visibility/obscuration; text spacing; keyboard operability/traps/bypass; pointer cancellation; dragging/gesture alternatives; motion actuation; reduced-motion cross-reference; flashing; timing/automatic movement; forms/labels/autocomplete; error identification/prevention; status messages; authentication; plain language; consistent navigation/help; media controls cross-reference; data presentation; mobile/virtual-keyboard cross-reference; profile consistency,KBDL-006,accessibility.md#8-semantic-structure-and-relationships,Approved,Confirmed,Not verified,None,Not verified,RESOLVED,Automated static accessibility check + manual screen-reader review once implemented.,Not verified — the requirement’s stated validation method has not been executed.,"This document does not claim full WCAG conformance, screen-reader compatibility, or real-device support — those require an implementation and recorded test evidence",None — Approved,None,RESOLVED,Readable group plus authoritative per-ID ledger; group values reconciled without changing normative text.,PASS,None
KBDL-A11Y-004,Text alternatives; captions; semantic structure; landmarks; reading/focus order; color independence; text/non-text contrast; focus visibility/obscuration; text spacing; keyboard operability/traps/bypass; pointer cancellation; dragging/gesture alternatives; motion actuation; reduced-motion cross-reference; flashing; timing/automatic movement; forms/labels/autocomplete; error identification/prevention; status messages; authentication; plain language; consistent navigation/help; media controls cross-reference; data presentation; mobile/virtual-keyboard cross-reference; profile consistency,KBDL-006,accessibility.md#9-landmark-and-heading-architecture,Approved,Confirmed,Not verified,None,Not verified,RESOLVED,Automated static check + manual review once implemented.,Not verified — the requirement’s stated validation method has not been executed.,"This document does not claim full WCAG conformance, screen-reader compatibility, or real-device support — those require an implementation and recorded test evidence",None — Approved,None,RESOLVED,Readable group plus authoritative per-ID ledger; group values reconciled without changing normative text.,PASS,None
KBDL-A11Y-005,Text alternatives; captions; semantic structure; landmarks; reading/focus order; color independence; text/non-text contrast; focus visibility/obscuration; text spacing; keyboard operability/traps/bypass; pointer cancellation; dragging/gesture alternatives; motion actuation; reduced-motion cross-reference; flashing; timing/automatic movement; forms/labels/autocomplete; error identification/prevention; status messages; authentication; plain language; consistent navigation/help; media controls cross-reference; data presentation; mobile/virtual-keyboard cross-reference; profile consistency,KBDL-006,accessibility.md#10-reading-and-focus-order,Approved,Confirmed,Not verified,None,Not verified,RESOLVED,Manual keyboard/screen-reader order review once implemented.,Not verified — the requirement’s stated validation method has not been executed.,"This document does not claim full WCAG conformance, screen-reader compatibility, or real-device support — those require an implementation and recorded test evidence",None — Approved,None,RESOLVED,Readable group plus authoritative per-ID ledger; group values reconciled without changing normative text.,PASS,None
KBDL-A11Y-006,Text alternatives; captions; semantic structure; landmarks; reading/focus order; color independence; text/non-text contrast; focus visibility/obscuration; text spacing; keyboard operability/traps/bypass; pointer cancellation; dragging/gesture alternatives; motion actuation; reduced-motion cross-reference; flashing; timing/automatic movement; forms/labels/autocomplete; error identification/prevention; status messages; authentication; plain language; consistent navigation/help; media controls cross-reference; data presentation; mobile/virtual-keyboard cross-reference; profile consistency,KBDL-006,accessibility.md#11-color-independent-communication,Approved,Confirmed,Not verified,None,Not verified,RESOLVED,Manual review once implemented.,Not verified — the requirement’s stated validation method has not been executed.,"This document does not claim full WCAG conformance, screen-reader compatibility, or real-device support — those require an implementation and recorded test evidence",None — Approved,None,RESOLVED,Readable group plus authoritative per-ID ledger; group values reconciled without changing normative text.,PASS,None
KBDL-A11Y-007,Text alternatives; captions; semantic structure; landmarks; reading/focus order; color independence; text/non-text contrast; focus visibility/obscuration; text spacing; keyboard operability/traps/bypass; pointer cancellation; dragging/gesture alternatives; motion actuation; reduced-motion cross-reference; flashing; timing/automatic movement; forms/labels/autocomplete; error identification/prevention; status messages; authentication; plain language; consistent navigation/help; media controls cross-reference; data presentation; mobile/virtual-keyboard cross-reference; profile consistency,KBDL-006,accessibility.md#12-text-contrast,Approved,Confirmed,Verified,Verified (for the documented theme role pairs; see themes/validation.md §3),None,RESOLVED,"WCAG relative-luminance contrast calculation (completed for theme role pairs, see cited evidence).",themes/validation.md §3 for the three Verified rows; not verified for the rest,"This document does not claim full WCAG conformance, screen-reader compatibility, or real-device support — those require an implementation and recorded test evidence",None — Approved,None,RESOLVED,Readable group plus authoritative per-ID ledger; group values reconciled without changing normative text.,PASS,None
KBDL-A11Y-008,Text alternatives; captions; semantic structure; landmarks; reading/focus order; color independence; text/non-text contrast; focus visibility/obscuration; text spacing; keyboard operability/traps/bypass; pointer cancellation; dragging/gesture alternatives; motion actuation; reduced-motion cross-reference; flashing; timing/automatic movement; forms/labels/autocomplete; error identification/prevention; status messages; authentication; plain language; consistent navigation/help; media controls cross-reference; data presentation; mobile/virtual-keyboard cross-reference; profile consistency,KBDL-006,accessibility.md#13-non-text-contrast,Approved,Confirmed,Verified,"Verified (for documented pairs, see cited evidence)",None,RESOLVED,WCAG relative-luminance contrast calculation (completed for documented pairs).,themes/validation.md §3 for the three Verified rows; not verified for the rest,"This document does not claim full WCAG conformance, screen-reader compatibility, or real-device support — those require an implementation and recorded test evidence",None — Approved,None,RESOLVED,Readable group plus authoritative per-ID ledger; group values reconciled without changing normative text.,PASS,None
KBDL-A11Y-009,Text alternatives; captions; semantic structure; landmarks; reading/focus order; color independence; text/non-text contrast; focus visibility/obscuration; text spacing; keyboard operability/traps/bypass; pointer cancellation; dragging/gesture alternatives; motion actuation; reduced-motion cross-reference; flashing; timing/automatic movement; forms/labels/autocomplete; error identification/prevention; status messages; authentication; plain language; consistent navigation/help; media controls cross-reference; data presentation; mobile/virtual-keyboard cross-reference; profile consistency,KBDL-006,accessibility.md#14-focus-visibility,Approved,Confirmed,Verified,Verified (for the documented Focus indicator role; see theme validation evidence),None,RESOLVED,Contrast calculation (completed); manual keyboard review once implemented.,themes/validation.md §3 for the three Verified rows; not verified for the rest,"This document does not claim full WCAG conformance, screen-reader compatibility, or real-device support — those require an implementation and recorded test evidence",None — Approved,None,RESOLVED,Readable group plus authoritative per-ID ledger; group values reconciled without changing normative text.,PASS,None
KBDL-A11Y-010,Text alternatives; captions; semantic structure; landmarks; reading/focus order; color independence; text/non-text contrast; focus visibility/obscuration; text spacing; keyboard operability/traps/bypass; pointer cancellation; dragging/gesture alternatives; motion actuation; reduced-motion cross-reference; flashing; timing/automatic movement; forms/labels/autocomplete; error identification/prevention; status messages; authentication; plain language; consistent navigation/help; media controls cross-reference; data presentation; mobile/virtual-keyboard cross-reference; profile consistency,KBDL-006,accessibility.md#15-focus-not-obscured,Approved,Confirmed,Not verified,None,Not verified,RESOLVED,Manual keyboard-focus review once implemented.,Not verified — the requirement’s stated validation method has not been executed.,"This document does not claim full WCAG conformance, screen-reader compatibility, or real-device support — those require an implementation and recorded test evidence",None — Approved,None,RESOLVED,Readable group plus authoritative per-ID ledger; group values reconciled without changing normative text.,PASS,None
KBDL-A11Y-011,Forced-colors/high-contrast policy; preferred enhanced target size; preferred accessibility testing matrix,KBDL-006,accessibility.md#16-light-dark-forced-colors-and-high-contrast-behavior,Recommended,Assumed,Not verified,None,Not verified,RESOLVED,Manual forced-colors testing once implemented; project-owner review (not yet performed).,Not verified — the requirement’s stated validation method has not been executed.,Forced-colors/high-contrast mode is currently unaddressed elsewhere in the specification and was explicitly excluded from the KBDL-004 theme approval (KBDL-DEC-013); these three requirements must not be treated as Approved until reviewed,accessibility.md — 49.2 Recommended Decisions — Ready for Approval — item 2,None,RESOLVED,Readable group plus authoritative per-ID ledger; group values reconciled without changing normative text.,PASS,None
KBDL-A11Y-012,Text alternatives; captions; semantic structure; landmarks; reading/focus order; color independence; text/non-text contrast; focus visibility/obscuration; text spacing; keyboard operability/traps/bypass; pointer cancellation; dragging/gesture alternatives; motion actuation; reduced-motion cross-reference; flashing; timing/automatic movement; forms/labels/autocomplete; error identification/prevention; status messages; authentication; plain language; consistent navigation/help; media controls cross-reference; data presentation; mobile/virtual-keyboard cross-reference; profile consistency,KBDL-006,accessibility.md#17-resize-text,Approved,Confirmed,Not verified,None,Not verified,RESOLVED,Manual zoom testing once implemented.,Not verified — the requirement’s stated validation method has not been executed.,"This document does not claim full WCAG conformance, screen-reader compatibility, or real-device support — those require an implementation and recorded test evidence",None — Approved,None,RESOLVED,Readable group plus authoritative per-ID ledger; group values reconciled without changing normative text.,PASS,None
KBDL-A11Y-013,Text alternatives; captions; semantic structure; landmarks; reading/focus order; color independence; text/non-text contrast; focus visibility/obscuration; text spacing; keyboard operability/traps/bypass; pointer cancellation; dragging/gesture alternatives; motion actuation; reduced-motion cross-reference; flashing; timing/automatic movement; forms/labels/autocomplete; error identification/prevention; status messages; authentication; plain language; consistent navigation/help; media controls cross-reference; data presentation; mobile/virtual-keyboard cross-reference; profile consistency,KBDL-006,accessibility.md#18-reflow,Approved,Confirmed,Not verified,None,Not verified,RESOLVED,Manual reflow testing once implemented.,Not verified — the requirement’s stated validation method has not been executed.,"This document does not claim full WCAG conformance, screen-reader compatibility, or real-device support — those require an implementation and recorded test evidence",None — Approved,None,RESOLVED,Readable group plus authoritative per-ID ledger; group values reconciled without changing normative text.,PASS,None
KBDL-A11Y-014,Text alternatives; captions; semantic structure; landmarks; reading/focus order; color independence; text/non-text contrast; focus visibility/obscuration; text spacing; keyboard operability/traps/bypass; pointer cancellation; dragging/gesture alternatives; motion actuation; reduced-motion cross-reference; flashing; timing/automatic movement; forms/labels/autocomplete; error identification/prevention; status messages; authentication; plain language; consistent navigation/help; media controls cross-reference; data presentation; mobile/virtual-keyboard cross-reference; profile consistency,KBDL-006,accessibility.md#19-text-spacing-overrides,Approved,Confirmed,Not verified,None,Not verified,RESOLVED,Manual text-spacing override testing once implemented.,Not verified — the requirement’s stated validation method has not been executed.,"This document does not claim full WCAG conformance, screen-reader compatibility, or real-device support — those require an implementation and recorded test evidence",None — Approved,None,RESOLVED,Readable group plus authoritative per-ID ledger; group values reconciled without changing normative text.,PASS,None
KBDL-A11Y-015,Text alternatives; captions; semantic structure; landmarks; reading/focus order; color independence; text/non-text contrast; focus visibility/obscuration; text spacing; keyboard operability/traps/bypass; pointer cancellation; dragging/gesture alternatives; motion actuation; reduced-motion cross-reference; flashing; timing/automatic movement; forms/labels/autocomplete; error identification/prevention; status messages; authentication; plain language; consistent navigation/help; media controls cross-reference; data presentation; mobile/virtual-keyboard cross-reference; profile consistency,KBDL-006,accessibility.md#20-orientation,Approved,Confirmed,Not verified,None,Not verified,RESOLVED,Manual orientation testing once implemented.,Not verified — the requirement’s stated validation method has not been executed.,"This document does not claim full WCAG conformance, screen-reader compatibility, or real-device support — those require an implementation and recorded test evidence",None — Approved,None,RESOLVED,Readable group plus authoritative per-ID ledger; group values reconciled without changing normative text.,PASS,None
KBDL-A11Y-016,Text alternatives; captions; semantic structure; landmarks; reading/focus order; color independence; text/non-text contrast; focus visibility/obscuration; text spacing; keyboard operability/traps/bypass; pointer cancellation; dragging/gesture alternatives; motion actuation; reduced-motion cross-reference; flashing; timing/automatic movement; forms/labels/autocomplete; error identification/prevention; status messages; authentication; plain language; consistent navigation/help; media controls cross-reference; data presentation; mobile/virtual-keyboard cross-reference; profile consistency,KBDL-006,accessibility.md#21-keyboard-operability,Approved,Confirmed,Not verified,None,Not verified,RESOLVED,Manual keyboard testing once implemented.,Not verified — the requirement’s stated validation method has not been executed.,"This document does not claim full WCAG conformance, screen-reader compatibility, or real-device support — those require an implementation and recorded test evidence",None — Approved,None,RESOLVED,Readable group plus authoritative per-ID ledger; group values reconciled without changing normative text.,PASS,None
KBDL-A11Y-017,Text alternatives; captions; semantic structure; landmarks; reading/focus order; color independence; text/non-text contrast; focus visibility/obscuration; text spacing; keyboard operability/traps/bypass; pointer cancellation; dragging/gesture alternatives; motion actuation; reduced-motion cross-reference; flashing; timing/automatic movement; forms/labels/autocomplete; error identification/prevention; status messages; authentication; plain language; consistent navigation/help; media controls cross-reference; data presentation; mobile/virtual-keyboard cross-reference; profile consistency,KBDL-006,accessibility.md#22-keyboard-traps-and-escape-behavior,Approved,Confirmed,Not verified,None,Not verified,RESOLVED,Manual keyboard testing once implemented.,Not verified — the requirement’s stated validation method has not been executed.,"This document does not claim full WCAG conformance, screen-reader compatibility, or real-device support — those require an implementation and recorded test evidence",None — Approved,None,RESOLVED,Readable group plus authoritative per-ID ledger; group values reconciled without changing normative text.,PASS,None
KBDL-A11Y-018,Text alternatives; captions; semantic structure; landmarks; reading/focus order; color independence; text/non-text contrast; focus visibility/obscuration; text spacing; keyboard operability/traps/bypass; pointer cancellation; dragging/gesture alternatives; motion actuation; reduced-motion cross-reference; flashing; timing/automatic movement; forms/labels/autocomplete; error identification/prevention; status messages; authentication; plain language; consistent navigation/help; media controls cross-reference; data presentation; mobile/virtual-keyboard cross-reference; profile consistency,KBDL-006,accessibility.md#23-bypass-mechanisms,Approved,Confirmed,Not verified,None,Not verified,RESOLVED,Manual keyboard testing once implemented.,Not verified — the requirement’s stated validation method has not been executed.,"This document does not claim full WCAG conformance, screen-reader compatibility, or real-device support — those require an implementation and recorded test evidence",None — Approved,None,RESOLVED,Readable group plus authoritative per-ID ledger; group values reconciled without changing normative text.,PASS,None
KBDL-A11Y-019,Text alternatives; captions; semantic structure; landmarks; reading/focus order; color independence; text/non-text contrast; focus visibility/obscuration; text spacing; keyboard operability/traps/bypass; pointer cancellation; dragging/gesture alternatives; motion actuation; reduced-motion cross-reference; flashing; timing/automatic movement; forms/labels/autocomplete; error identification/prevention; status messages; authentication; plain language; consistent navigation/help; media controls cross-reference; data presentation; mobile/virtual-keyboard cross-reference; profile consistency,KBDL-006,accessibility.md#24-pointer-and-touch-behavior,Approved,Confirmed,Not applicable,None,None,RESOLVED,Not applicable (umbrella section).,Not applicable — no executed implementation claim is asserted for this requirement.,"This document does not claim full WCAG conformance, screen-reader compatibility, or real-device support — those require an implementation and recorded test evidence",None — Approved,None,RESOLVED,Readable group plus authoritative per-ID ledger; group values reconciled without changing normative text.,PASS,None
KBDL-A11Y-020,Text alternatives; captions; semantic structure; landmarks; reading/focus order; color independence; text/non-text contrast; focus visibility/obscuration; text spacing; keyboard operability/traps/bypass; pointer cancellation; dragging/gesture alternatives; motion actuation; reduced-motion cross-reference; flashing; timing/automatic movement; forms/labels/autocomplete; error identification/prevention; status messages; authentication; plain language; consistent navigation/help; media controls cross-reference; data presentation; mobile/virtual-keyboard cross-reference; profile consistency,KBDL-006,accessibility.md#25-target-sizing-and-spacing,Approved,Confirmed,Not verified,None,Not verified,RESOLVED,Manual measurement once implemented.,Not verified — the requirement’s stated validation method has not been executed.,"This document does not claim full WCAG conformance, screen-reader compatibility, or real-device support — those require an implementation and recorded test evidence",None — Approved,None,RESOLVED,Readable group plus authoritative per-ID ledger; group values reconciled without changing normative text.,PASS,None
KBDL-A11Y-021,Forced-colors/high-contrast policy; preferred enhanced target size; preferred accessibility testing matrix,KBDL-006,accessibility.md#25-target-sizing-and-spacing,Recommended,Assumed,Not applicable,None,None,RESOLVED,Project-owner review (not yet performed).,Not applicable — no executed implementation claim is asserted for this requirement.,Forced-colors/high-contrast mode is currently unaddressed elsewhere in the specification and was explicitly excluded from the KBDL-004 theme approval (KBDL-DEC-013); these three requirements must not be treated as Approved until reviewed,accessibility.md — 49.2 Recommended Decisions — Ready for Approval — item 1,None,RESOLVED,Readable group plus authoritative per-ID ledger; group values reconciled without changing normative text.,PASS,None
KBDL-A11Y-022,Text alternatives; captions; semantic structure; landmarks; reading/focus order; color independence; text/non-text contrast; focus visibility/obscuration; text spacing; keyboard operability/traps/bypass; pointer cancellation; dragging/gesture alternatives; motion actuation; reduced-motion cross-reference; flashing; timing/automatic movement; forms/labels/autocomplete; error identification/prevention; status messages; authentication; plain language; consistent navigation/help; media controls cross-reference; data presentation; mobile/virtual-keyboard cross-reference; profile consistency,KBDL-006,accessibility.md#26-pointer-cancellation,Approved,Confirmed,Not verified,None,Not verified,RESOLVED,Manual testing once implemented.,Not verified — the requirement’s stated validation method has not been executed.,"This document does not claim full WCAG conformance, screen-reader compatibility, or real-device support — those require an implementation and recorded test evidence",None — Approved,None,RESOLVED,Readable group plus authoritative per-ID ledger; group values reconciled without changing normative text.,PASS,None
KBDL-A11Y-023,Text alternatives; captions; semantic structure; landmarks; reading/focus order; color independence; text/non-text contrast; focus visibility/obscuration; text spacing; keyboard operability/traps/bypass; pointer cancellation; dragging/gesture alternatives; motion actuation; reduced-motion cross-reference; flashing; timing/automatic movement; forms/labels/autocomplete; error identification/prevention; status messages; authentication; plain language; consistent navigation/help; media controls cross-reference; data presentation; mobile/virtual-keyboard cross-reference; profile consistency,KBDL-006,accessibility.md#27-dragging-and-gesture-alternatives,Approved,Confirmed,Not verified,None,Not verified,RESOLVED,Manual testing once implemented.,Not verified — the requirement’s stated validation method has not been executed.,"This document does not claim full WCAG conformance, screen-reader compatibility, or real-device support — those require an implementation and recorded test evidence",None — Approved,None,RESOLVED,Readable group plus authoritative per-ID ledger; group values reconciled without changing normative text.,PASS,None
KBDL-A11Y-024,Text alternatives; captions; semantic structure; landmarks; reading/focus order; color independence; text/non-text contrast; focus visibility/obscuration; text spacing; keyboard operability/traps/bypass; pointer cancellation; dragging/gesture alternatives; motion actuation; reduced-motion cross-reference; flashing; timing/automatic movement; forms/labels/autocomplete; error identification/prevention; status messages; authentication; plain language; consistent navigation/help; media controls cross-reference; data presentation; mobile/virtual-keyboard cross-reference; profile consistency,KBDL-006,accessibility.md#28-motion-actuation-alternatives,Approved,Confirmed,Not verified,None,Not verified,RESOLVED,Manual testing once implemented.,Not verified — the requirement’s stated validation method has not been executed.,"This document does not claim full WCAG conformance, screen-reader compatibility, or real-device support — those require an implementation and recorded test evidence",None — Approved,None,RESOLVED,Readable group plus authoritative per-ID ledger; group values reconciled without changing normative text.,PASS,None
KBDL-A11Y-025,Text alternatives; captions; semantic structure; landmarks; reading/focus order; color independence; text/non-text contrast; focus visibility/obscuration; text spacing; keyboard operability/traps/bypass; pointer cancellation; dragging/gesture alternatives; motion actuation; reduced-motion cross-reference; flashing; timing/automatic movement; forms/labels/autocomplete; error identification/prevention; status messages; authentication; plain language; consistent navigation/help; media controls cross-reference; data presentation; mobile/virtual-keyboard cross-reference; profile consistency,KBDL-006,accessibility.md#29-reduced-motion-and-no-motion-parity,Approved,Confirmed,Not verified,None,Not verified,RESOLVED,Cross-reference only; see `KBDL-MOT-022`'s own validation method.,Not verified — the requirement’s stated validation method has not been executed.,"This document does not claim full WCAG conformance, screen-reader compatibility, or real-device support — those require an implementation and recorded test evidence",None — Approved,None,RESOLVED,Readable group plus authoritative per-ID ledger; group values reconciled without changing normative text.,PASS,None
KBDL-A11Y-026,Text alternatives; captions; semantic structure; landmarks; reading/focus order; color independence; text/non-text contrast; focus visibility/obscuration; text spacing; keyboard operability/traps/bypass; pointer cancellation; dragging/gesture alternatives; motion actuation; reduced-motion cross-reference; flashing; timing/automatic movement; forms/labels/autocomplete; error identification/prevention; status messages; authentication; plain language; consistent navigation/help; media controls cross-reference; data presentation; mobile/virtual-keyboard cross-reference; profile consistency,KBDL-006,accessibility.md#30-flashing-vestibular-and-motion-safety-limits,Approved,Confirmed,Not verified,None,Not verified,RESOLVED,Flash-analysis testing once implemented (exact threshold measurement is implementation-dependent and deferred until an implementation exists).,Not verified — the requirement’s stated validation method has not been executed.,"This document does not claim full WCAG conformance, screen-reader compatibility, or real-device support — those require an implementation and recorded test evidence",None — Approved,None,RESOLVED,Readable group plus authoritative per-ID ledger; group values reconciled without changing normative text.,PASS,None
KBDL-A11Y-027,Text alternatives; captions; semantic structure; landmarks; reading/focus order; color independence; text/non-text contrast; focus visibility/obscuration; text spacing; keyboard operability/traps/bypass; pointer cancellation; dragging/gesture alternatives; motion actuation; reduced-motion cross-reference; flashing; timing/automatic movement; forms/labels/autocomplete; error identification/prevention; status messages; authentication; plain language; consistent navigation/help; media controls cross-reference; data presentation; mobile/virtual-keyboard cross-reference; profile consistency,KBDL-006,accessibility.md#31-timing-automatic-movement-and-interruptions,Approved,Confirmed,Not verified,None,Not verified,RESOLVED,Manual testing once implemented.,Not verified — the requirement’s stated validation method has not been executed.,"This document does not claim full WCAG conformance, screen-reader compatibility, or real-device support — those require an implementation and recorded test evidence",None — Approved,None,RESOLVED,Readable group plus authoritative per-ID ledger; group values reconciled without changing normative text.,PASS,None
KBDL-A11Y-028,Text alternatives; captions; semantic structure; landmarks; reading/focus order; color independence; text/non-text contrast; focus visibility/obscuration; text spacing; keyboard operability/traps/bypass; pointer cancellation; dragging/gesture alternatives; motion actuation; reduced-motion cross-reference; flashing; timing/automatic movement; forms/labels/autocomplete; error identification/prevention; status messages; authentication; plain language; consistent navigation/help; media controls cross-reference; data presentation; mobile/virtual-keyboard cross-reference; profile consistency,KBDL-006,accessibility.md#32-forms-labels-instructions-and-autocomplete,Approved,Confirmed,Not verified,None,Not verified,RESOLVED,Manual + automated static check once implemented.,Not verified — the requirement’s stated validation method has not been executed.,"This document does not claim full WCAG conformance, screen-reader compatibility, or real-device support — those require an implementation and recorded test evidence",None — Approved,None,RESOLVED,Readable group plus authoritative per-ID ledger; group values reconciled without changing normative text.,PASS,None
KBDL-A11Y-029,Text alternatives; captions; semantic structure; landmarks; reading/focus order; color independence; text/non-text contrast; focus visibility/obscuration; text spacing; keyboard operability/traps/bypass; pointer cancellation; dragging/gesture alternatives; motion actuation; reduced-motion cross-reference; flashing; timing/automatic movement; forms/labels/autocomplete; error identification/prevention; status messages; authentication; plain language; consistent navigation/help; media controls cross-reference; data presentation; mobile/virtual-keyboard cross-reference; profile consistency,KBDL-006,accessibility.md#33-error-identification-and-recovery,Approved,Confirmed,Not verified,None,Not verified,RESOLVED,Manual testing once implemented.,Not verified — the requirement’s stated validation method has not been executed.,"This document does not claim full WCAG conformance, screen-reader compatibility, or real-device support — those require an implementation and recorded test evidence",None — Approved,None,RESOLVED,Readable group plus authoritative per-ID ledger; group values reconciled without changing normative text.,PASS,None
KBDL-A11Y-030,Text alternatives; captions; semantic structure; landmarks; reading/focus order; color independence; text/non-text contrast; focus visibility/obscuration; text spacing; keyboard operability/traps/bypass; pointer cancellation; dragging/gesture alternatives; motion actuation; reduced-motion cross-reference; flashing; timing/automatic movement; forms/labels/autocomplete; error identification/prevention; status messages; authentication; plain language; consistent navigation/help; media controls cross-reference; data presentation; mobile/virtual-keyboard cross-reference; profile consistency,KBDL-006,accessibility.md#34-error-prevention-for-consequential-actions,Approved,Confirmed,Not verified,None,Not verified,RESOLVED,Manual testing once implemented.,Not verified — the requirement’s stated validation method has not been executed.,"This document does not claim full WCAG conformance, screen-reader compatibility, or real-device support — those require an implementation and recorded test evidence",None — Approved,None,RESOLVED,Readable group plus authoritative per-ID ledger; group values reconciled without changing normative text.,PASS,None
KBDL-A11Y-031,Text alternatives; captions; semantic structure; landmarks; reading/focus order; color independence; text/non-text contrast; focus visibility/obscuration; text spacing; keyboard operability/traps/bypass; pointer cancellation; dragging/gesture alternatives; motion actuation; reduced-motion cross-reference; flashing; timing/automatic movement; forms/labels/autocomplete; error identification/prevention; status messages; authentication; plain language; consistent navigation/help; media controls cross-reference; data presentation; mobile/virtual-keyboard cross-reference; profile consistency,KBDL-006,accessibility.md#35-status-messages-and-live-communication,Approved,Confirmed,Not verified,None,Not verified,RESOLVED,Manual screen-reader testing once implemented.,Not verified — the requirement’s stated validation method has not been executed.,"This document does not claim full WCAG conformance, screen-reader compatibility, or real-device support — those require an implementation and recorded test evidence",None — Approved,None,RESOLVED,Readable group plus authoritative per-ID ledger; group values reconciled without changing normative text.,PASS,None
KBDL-A11Y-032,Text alternatives; captions; semantic structure; landmarks; reading/focus order; color independence; text/non-text contrast; focus visibility/obscuration; text spacing; keyboard operability/traps/bypass; pointer cancellation; dragging/gesture alternatives; motion actuation; reduced-motion cross-reference; flashing; timing/automatic movement; forms/labels/autocomplete; error identification/prevention; status messages; authentication; plain language; consistent navigation/help; media controls cross-reference; data presentation; mobile/virtual-keyboard cross-reference; profile consistency,KBDL-006,accessibility.md#36-authentication-accessibility,Approved,Confirmed,Not verified,None,Not verified,RESOLVED,Manual testing once implemented.,Not verified — the requirement’s stated validation method has not been executed.,"This document does not claim full WCAG conformance, screen-reader compatibility, or real-device support — those require an implementation and recorded test evidence",None — Approved,None,RESOLVED,Readable group plus authoritative per-ID ledger; group values reconciled without changing normative text.,PASS,None
KBDL-A11Y-033,Text alternatives; captions; semantic structure; landmarks; reading/focus order; color independence; text/non-text contrast; focus visibility/obscuration; text spacing; keyboard operability/traps/bypass; pointer cancellation; dragging/gesture alternatives; motion actuation; reduced-motion cross-reference; flashing; timing/automatic movement; forms/labels/autocomplete; error identification/prevention; status messages; authentication; plain language; consistent navigation/help; media controls cross-reference; data presentation; mobile/virtual-keyboard cross-reference; profile consistency,KBDL-006,accessibility.md#37-plain-language-and-cognitive-accessibility,Approved,Confirmed,Not verified,None,Not verified,RESOLVED,Manual review once implemented.,Not verified — the requirement’s stated validation method has not been executed.,"This document does not claim full WCAG conformance, screen-reader compatibility, or real-device support — those require an implementation and recorded test evidence",None — Approved,None,RESOLVED,Readable group plus authoritative per-ID ledger; group values reconciled without changing normative text.,PASS,None
KBDL-A11Y-034,Text alternatives; captions; semantic structure; landmarks; reading/focus order; color independence; text/non-text contrast; focus visibility/obscuration; text spacing; keyboard operability/traps/bypass; pointer cancellation; dragging/gesture alternatives; motion actuation; reduced-motion cross-reference; flashing; timing/automatic movement; forms/labels/autocomplete; error identification/prevention; status messages; authentication; plain language; consistent navigation/help; media controls cross-reference; data presentation; mobile/virtual-keyboard cross-reference; profile consistency,KBDL-006,accessibility.md#38-consistent-navigation-identification-and-help,Approved,Confirmed,Not verified,None,Not verified,RESOLVED,Manual review once implemented.,Not verified — the requirement’s stated validation method has not been executed.,"This document does not claim full WCAG conformance, screen-reader compatibility, or real-device support — those require an implementation and recorded test evidence",None — Approved,None,RESOLVED,Readable group plus authoritative per-ID ledger; group values reconciled without changing normative text.,PASS,None
KBDL-A11Y-035,Forced-colors/high-contrast policy; preferred enhanced target size; preferred accessibility testing matrix,KBDL-006,accessibility.md#39-screen-reader-behavior,Recommended,Assumed,Not applicable,None,None,RESOLVED,Project-owner review (not yet performed).,Not applicable — no executed implementation claim is asserted for this requirement.,Forced-colors/high-contrast mode is currently unaddressed elsewhere in the specification and was explicitly excluded from the KBDL-004 theme approval (KBDL-DEC-013); these three requirements must not be treated as Approved until reviewed,accessibility.md — 49.2 Recommended Decisions — Ready for Approval — item 3,None,RESOLVED,Readable group plus authoritative per-ID ledger; group values reconciled without changing normative text.,PASS,None
KBDL-A11Y-036,Text alternatives; captions; semantic structure; landmarks; reading/focus order; color independence; text/non-text contrast; focus visibility/obscuration; text spacing; keyboard operability/traps/bypass; pointer cancellation; dragging/gesture alternatives; motion actuation; reduced-motion cross-reference; flashing; timing/automatic movement; forms/labels/autocomplete; error identification/prevention; status messages; authentication; plain language; consistent navigation/help; media controls cross-reference; data presentation; mobile/virtual-keyboard cross-reference; profile consistency,KBDL-006,accessibility.md#40-media-and-animation-controls,Approved,Confirmed,Not applicable,None,None,RESOLVED,Not applicable (cross-reference section).,Not applicable — no executed implementation claim is asserted for this requirement.,"This document does not claim full WCAG conformance, screen-reader compatibility, or real-device support — those require an implementation and recorded test evidence",None — Approved,None,RESOLVED,Readable group plus authoritative per-ID ledger; group values reconciled without changing normative text.,PASS,None
KBDL-A11Y-037,Text alternatives; captions; semantic structure; landmarks; reading/focus order; color independence; text/non-text contrast; focus visibility/obscuration; text spacing; keyboard operability/traps/bypass; pointer cancellation; dragging/gesture alternatives; motion actuation; reduced-motion cross-reference; flashing; timing/automatic movement; forms/labels/autocomplete; error identification/prevention; status messages; authentication; plain language; consistent navigation/help; media controls cross-reference; data presentation; mobile/virtual-keyboard cross-reference; profile consistency,KBDL-006,accessibility.md#41-accessible-data-presentation,Approved,Confirmed,Not verified,None,Not verified,RESOLVED,Automated static check + manual review once implemented.,Not verified — the requirement’s stated validation method has not been executed.,"This document does not claim full WCAG conformance, screen-reader compatibility, or real-device support — those require an implementation and recorded test evidence",None — Approved,None,RESOLVED,Readable group plus authoritative per-ID ledger; group values reconciled without changing normative text.,PASS,None
KBDL-A11Y-038,Text alternatives; captions; semantic structure; landmarks; reading/focus order; color independence; text/non-text contrast; focus visibility/obscuration; text spacing; keyboard operability/traps/bypass; pointer cancellation; dragging/gesture alternatives; motion actuation; reduced-motion cross-reference; flashing; timing/automatic movement; forms/labels/autocomplete; error identification/prevention; status messages; authentication; plain language; consistent navigation/help; media controls cross-reference; data presentation; mobile/virtual-keyboard cross-reference; profile consistency,KBDL-006,accessibility.md#42-mobile-accessibility,Approved,Confirmed,Not applicable,None,None,RESOLVED,Not applicable (cross-reference section).,Not applicable — no executed implementation claim is asserted for this requirement.,"This document does not claim full WCAG conformance, screen-reader compatibility, or real-device support — those require an implementation and recorded test evidence",None — Approved,None,RESOLVED,Readable group plus authoritative per-ID ledger; group values reconciled without changing normative text.,PASS,None
KBDL-A11Y-039,Text alternatives; captions; semantic structure; landmarks; reading/focus order; color independence; text/non-text contrast; focus visibility/obscuration; text spacing; keyboard operability/traps/bypass; pointer cancellation; dragging/gesture alternatives; motion actuation; reduced-motion cross-reference; flashing; timing/automatic movement; forms/labels/autocomplete; error identification/prevention; status messages; authentication; plain language; consistent navigation/help; media controls cross-reference; data presentation; mobile/virtual-keyboard cross-reference; profile consistency,KBDL-006,accessibility.md#43-virtual-keyboard-accessibility,Approved,Confirmed,Not applicable,None,None,RESOLVED,Not applicable (cross-reference section).,Not applicable — no executed implementation claim is asserted for this requirement.,"This document does not claim full WCAG conformance, screen-reader compatibility, or real-device support — those require an implementation and recorded test evidence",None — Approved,None,RESOLVED,Readable group plus authoritative per-ID ledger; group values reconciled without changing normative text.,PASS,None
KBDL-A11Y-040,Text alternatives; captions; semantic structure; landmarks; reading/focus order; color independence; text/non-text contrast; focus visibility/obscuration; text spacing; keyboard operability/traps/bypass; pointer cancellation; dragging/gesture alternatives; motion actuation; reduced-motion cross-reference; flashing; timing/automatic movement; forms/labels/autocomplete; error identification/prevention; status messages; authentication; plain language; consistent navigation/help; media controls cross-reference; data presentation; mobile/virtual-keyboard cross-reference; profile consistency,KBDL-006,accessibility.md#44-profile-interpretation,Approved,Confirmed,Not verified,None,Not verified,RESOLVED,Manual cross-profile review once the project-profiles module is approved.,Not verified — the requirement’s stated validation method has not been executed.,"This document does not claim full WCAG conformance, screen-reader compatibility, or real-device support — those require an implementation and recorded test evidence",None — Approved,None,RESOLVED,Readable group plus authoritative per-ID ledger; group values reconciled without changing normative text.,PASS,None
KBDL-CMP-001,Shared component contract; native-semantics-first rule; accessible naming; component state model; KBDL-008 scope boundary; focus/keyboard/pointer behavior; responsive/target-size/theme/foundation/motion mapping; cross-component composition; profile compatibility,KBDL-007,components-core.md#6-shared-component-contract,Approved,User-provided,Not verified,None,Not verified,RESOLVED,Manual completeness review per component.,Not verified — no implementation exists yet,Implementation-dependent; cannot be tested until real components exist,None — Approved,None,RESOLVED,Readable group plus authoritative per-ID ledger; group values reconciled without changing normative text.,PASS,None
KBDL-CMP-002,Shared component contract; native-semantics-first rule; accessible naming; component state model; KBDL-008 scope boundary; focus/keyboard/pointer behavior; responsive/target-size/theme/foundation/motion mapping; cross-component composition; profile compatibility,KBDL-007,components-core.md#5-native-semantics-first-rule,Approved,Confirmed,Not verified,None,Not verified,RESOLVED,Manual + automated static accessibility check once implemented.,Not verified — no implementation exists yet,Implementation-dependent; cannot be tested until real components exist,None — Approved,None,RESOLVED,Readable group plus authoritative per-ID ledger; group values reconciled without changing normative text.,PASS,None
KBDL-CMP-003,Shared component contract; native-semantics-first rule; accessible naming; component state model; KBDL-008 scope boundary; focus/keyboard/pointer behavior; responsive/target-size/theme/foundation/motion mapping; cross-component composition; profile compatibility,KBDL-007,components-core.md#10-accessible-naming-and-description,Approved,Confirmed,Not verified,None,Not verified,RESOLVED,Manual + automated static accessibility check once implemented.,Not verified — no implementation exists yet,Implementation-dependent; cannot be tested until real components exist,None — Approved,None,RESOLVED,Readable group plus authoritative per-ID ledger; group values reconciled without changing normative text.,PASS,None
KBDL-CMP-004,Shared component contract; native-semantics-first rule; accessible naming; component state model; KBDL-008 scope boundary; focus/keyboard/pointer behavior; responsive/target-size/theme/foundation/motion mapping; cross-component composition; profile compatibility,KBDL-007,components-core.md#8-component-state-model,Approved,Confirmed,Not verified,None,Not verified,RESOLVED,Manual review once implemented.,Not verified — no implementation exists yet,Implementation-dependent; cannot be tested until real components exist,None — Approved,None,RESOLVED,Readable group plus authoritative per-ID ledger; group values reconciled without changing normative text.,PASS,None
KBDL-CMP-005,Shared component contract; native-semantics-first rule; accessible naming; component state model; KBDL-008 scope boundary; focus/keyboard/pointer behavior; responsive/target-size/theme/foundation/motion mapping; cross-component composition; profile compatibility,KBDL-007,components-core.md#11-kbdl-008-scope-boundary,Approved,Confirmed,Not applicable,None,None,RESOLVED,"Manual scope-compliance review (performed, see implementation report).",Not verified — no implementation exists yet,Implementation-dependent; cannot be tested until real components exist,None — Approved,None,RESOLVED,Readable group plus authoritative per-ID ledger; group values reconciled without changing normative text.,PASS,None
KBDL-CMP-006,Shared component contract; native-semantics-first rule; accessible naming; component state model; KBDL-008 scope boundary; focus/keyboard/pointer behavior; responsive/target-size/theme/foundation/motion mapping; cross-component composition; profile compatibility,KBDL-007,components-core.md#12-focus-behavior,Approved,Confirmed,Not verified,None,Not verified,RESOLVED,Manual keyboard-focus review once implemented.,Not verified — no implementation exists yet,Implementation-dependent; cannot be tested until real components exist,None — Approved,None,RESOLVED,Readable group plus authoritative per-ID ledger; group values reconciled without changing normative text.,PASS,None
KBDL-CMP-007,Shared component contract; native-semantics-first rule; accessible naming; component state model; KBDL-008 scope boundary; focus/keyboard/pointer behavior; responsive/target-size/theme/foundation/motion mapping; cross-component composition; profile compatibility,KBDL-007,components-core.md#13-keyboard-interaction,Approved,Confirmed,Not verified,None,Not verified,RESOLVED,Manual keyboard testing once implemented.,Not verified — no implementation exists yet,Implementation-dependent; cannot be tested until real components exist,None — Approved,None,RESOLVED,Readable group plus authoritative per-ID ledger; group values reconciled without changing normative text.,PASS,None
KBDL-CMP-008,Shared component contract; native-semantics-first rule; accessible naming; component state model; KBDL-008 scope boundary; focus/keyboard/pointer behavior; responsive/target-size/theme/foundation/motion mapping; cross-component composition; profile compatibility,KBDL-007,components-core.md#14-pointer-and-touch-interaction,Approved,Confirmed,Not verified,None,Not verified,RESOLVED,Manual pointer/touch testing once implemented.,Not verified — no implementation exists yet,Implementation-dependent; cannot be tested until real components exist,None — Approved,None,RESOLVED,Readable group plus authoritative per-ID ledger; group values reconciled without changing normative text.,PASS,None
KBDL-CMP-009,Shared component contract; native-semantics-first rule; accessible naming; component state model; KBDL-008 scope boundary; focus/keyboard/pointer behavior; responsive/target-size/theme/foundation/motion mapping; cross-component composition; profile compatibility,KBDL-007,components-core.md#15-responsive-behavior,Approved,Confirmed,Not verified,None,Not verified,RESOLVED,Manual reflow/zoom testing once implemented.,Not verified — no implementation exists yet,Implementation-dependent; cannot be tested until real components exist,None — Approved,None,RESOLVED,Readable group plus authoritative per-ID ledger; group values reconciled without changing normative text.,PASS,None
KBDL-CMP-010,Shared component contract; native-semantics-first rule; accessible naming; component state model; KBDL-008 scope boundary; focus/keyboard/pointer behavior; responsive/target-size/theme/foundation/motion mapping; cross-component composition; profile compatibility,KBDL-007,components-core.md#16-target-size-handling,Approved,Confirmed,Not verified,None,Not verified,RESOLVED,Manual measurement once implemented.,Not verified — no implementation exists yet,Implementation-dependent; cannot be tested until real components exist,None — Approved,None,RESOLVED,Readable group plus authoritative per-ID ledger; group values reconciled without changing normative text.,PASS,None
KBDL-CMP-011,Shared component contract; native-semantics-first rule; accessible naming; component state model; KBDL-008 scope boundary; focus/keyboard/pointer behavior; responsive/target-size/theme/foundation/motion mapping; cross-component composition; profile compatibility,KBDL-007,components-core.md#17-theme-and-contrast-behavior,Approved,Confirmed,Not verified,None,Not verified,RESOLVED,Manual theme-role mapping review once implemented.,Not verified — no implementation exists yet,Implementation-dependent; cannot be tested until real components exist,None — Approved,None,RESOLVED,Readable group plus authoritative per-ID ledger; group values reconciled without changing normative text.,PASS,None
KBDL-CMP-012,Shared component contract; native-semantics-first rule; accessible naming; component state model; KBDL-008 scope boundary; focus/keyboard/pointer behavior; responsive/target-size/theme/foundation/motion mapping; cross-component composition; profile compatibility,KBDL-007,components-core.md#18-foundation-behavior,Approved,Confirmed,Not verified,None,Not verified,RESOLVED,Manual foundation-mapping review once implemented.,Not verified — no implementation exists yet,Implementation-dependent; cannot be tested until real components exist,None — Approved,None,RESOLVED,Readable group plus authoritative per-ID ledger; group values reconciled without changing normative text.,PASS,None
KBDL-CMP-013,Shared component contract; native-semantics-first rule; accessible naming; component state model; KBDL-008 scope boundary; focus/keyboard/pointer behavior; responsive/target-size/theme/foundation/motion mapping; cross-component composition; profile compatibility,KBDL-007,components-core.md#19-motion-behavior,Approved,Confirmed,Not verified,None,Not verified,RESOLVED,Manual review once implemented.,Not verified — no implementation exists yet,Implementation-dependent; cannot be tested until real components exist,None — Approved,None,RESOLVED,Readable group plus authoritative per-ID ledger; group values reconciled without changing normative text.,PASS,None
KBDL-CMP-014,"Button, Icon Button, Toggle Button, Link, Button Group, Disclosure/Menu Trigger",KBDL-007,components-core.md#201-button,Approved,Confirmed,Not verified,None,Not verified,RESOLVED,Manual review once implemented.,Not verified — no implementation exists yet,Implementation-dependent,None — Approved,None,RESOLVED,Readable group plus authoritative per-ID ledger; group values reconciled without changing normative text.,PASS,None
KBDL-CMP-015,"Button, Icon Button, Toggle Button, Link, Button Group, Disclosure/Menu Trigger",KBDL-007,components-core.md#201-button,Recommended,Assumed,Not applicable,None,None,RESOLVED,Project-owner review (not yet performed).,Not verified — no implementation exists yet,Implementation-dependent,components-core.md — 35.2 Recommended Decisions — Ready for Approval — item 1,None,RESOLVED,Readable group plus authoritative per-ID ledger; group values reconciled without changing normative text.,PASS,None
KBDL-CMP-016,"Button, Icon Button, Toggle Button, Link, Button Group, Disclosure/Menu Trigger",KBDL-007,components-core.md#202-icon-button,Approved,Confirmed,Not verified,None,Not verified,RESOLVED,Manual + automated static accessibility check once implemented.,Not verified — no implementation exists yet,Implementation-dependent,None — Approved,None,RESOLVED,Readable group plus authoritative per-ID ledger; group values reconciled without changing normative text.,PASS,None
KBDL-CMP-017,"Button, Icon Button, Toggle Button, Link, Button Group, Disclosure/Menu Trigger",KBDL-007,components-core.md#202-icon-button,Recommended,Assumed,Not applicable,None,None,RESOLVED,Project-owner review (not yet performed).,Not verified — no implementation exists yet,Implementation-dependent,components-core.md — 35.2 Recommended Decisions — Ready for Approval — item 3,None,RESOLVED,Readable group plus authoritative per-ID ledger; group values reconciled without changing normative text.,PASS,None
KBDL-CMP-018,"Button, Icon Button, Toggle Button, Link, Button Group, Disclosure/Menu Trigger",KBDL-007,components-core.md#203-toggle-button,Approved,Confirmed,Not verified,None,Not verified,RESOLVED,Manual ARIA review once implemented.,Not verified — no implementation exists yet,Implementation-dependent,None — Approved,None,RESOLVED,Readable group plus authoritative per-ID ledger; group values reconciled without changing normative text.,PASS,None
KBDL-CMP-019,"Button, Icon Button, Toggle Button, Link, Button Group, Disclosure/Menu Trigger",KBDL-007,components-core.md#204-link,Approved,Confirmed,Not verified,None,Not verified,RESOLVED,Manual review once implemented.,Not verified — no implementation exists yet,Implementation-dependent,None — Approved,None,RESOLVED,Readable group plus authoritative per-ID ledger; group values reconciled without changing normative text.,PASS,None
KBDL-CMP-020,"Button, Icon Button, Toggle Button, Link, Button Group, Disclosure/Menu Trigger",KBDL-007,components-core.md#205-button-group,Recommended,Assumed,Not applicable,None,None,RESOLVED,Project-owner review (not yet performed).,Not verified — no implementation exists yet,Implementation-dependent,components-core.md — 35.2 Recommended Decisions — Ready for Approval — item 9,None,RESOLVED,Readable group plus authoritative per-ID ledger; group values reconciled without changing normative text.,PASS,None
KBDL-CMP-021,"Button, Icon Button, Toggle Button, Link, Button Group, Disclosure/Menu Trigger",KBDL-007,components-core.md#206-disclosure-and-menu-triggers,Approved,Confirmed,Not verified,None,Not verified,RESOLVED,Manual keyboard review once implemented.,Not verified — no implementation exists yet,Implementation-dependent,None — Approved,None,RESOLVED,Readable group plus authoritative per-ID ledger; group values reconciled without changing normative text.,PASS,None
KBDL-CMP-022,"Shared field model; Text Input, Password Input, Search Field, Textarea, Select, Combobox, Checkbox, Radio Group, Switch, File Input, Field Group, Form Action Row; form validation and recovery",KBDL-007,components-core.md#21-form-architecture,Approved,Confirmed,Not verified,None,Not verified,RESOLVED,Manual + automated static check once implemented.,Not verified — no implementation exists yet,Implementation-dependent,None — Approved,None,RESOLVED,Readable group plus authoritative per-ID ledger; group values reconciled without changing normative text.,PASS,None
KBDL-CMP-023,"Shared field model; Text Input, Password Input, Search Field, Textarea, Select, Combobox, Checkbox, Radio Group, Switch, File Input, Field Group, Form Action Row; form validation and recovery",KBDL-007,components-core.md#221-text-input,Approved,Confirmed,Not verified,None,Not verified,RESOLVED,Manual review once implemented.,Not verified — no implementation exists yet,Implementation-dependent,None — Approved,None,RESOLVED,Readable group plus authoritative per-ID ledger; group values reconciled without changing normative text.,PASS,None
KBDL-CMP-024,"Shared field model; Text Input, Password Input, Search Field, Textarea, Select, Combobox, Checkbox, Radio Group, Switch, File Input, Field Group, Form Action Row; form validation and recovery",KBDL-007,components-core.md#222-password-input,Approved,Confirmed,Not verified,None,Not verified,RESOLVED,Manual review once implemented.,Not verified — no implementation exists yet,Implementation-dependent,None — Approved,None,RESOLVED,Readable group plus authoritative per-ID ledger; group values reconciled without changing normative text.,PASS,None
KBDL-CMP-025,"Shared field model; Text Input, Password Input, Search Field, Textarea, Select, Combobox, Checkbox, Radio Group, Switch, File Input, Field Group, Form Action Row; form validation and recovery",KBDL-007,components-core.md#223-search-field,Recommended,Assumed,Not applicable,None,None,RESOLVED,Project-owner review (not yet performed).,Not verified — no implementation exists yet,Implementation-dependent,components-core.md — 35.2 Recommended Decisions — Ready for Approval — item 4,None,RESOLVED,Readable group plus authoritative per-ID ledger; group values reconciled without changing normative text.,PASS,None
KBDL-CMP-026,"Shared field model; Text Input, Password Input, Search Field, Textarea, Select, Combobox, Checkbox, Radio Group, Switch, File Input, Field Group, Form Action Row; form validation and recovery",KBDL-007,components-core.md#224-textarea,Approved,Confirmed,Not verified,None,Not verified,RESOLVED,Manual review once implemented.,Not verified — no implementation exists yet,Implementation-dependent,None — Approved,None,RESOLVED,Readable group plus authoritative per-ID ledger; group values reconciled without changing normative text.,PASS,None
KBDL-CMP-027,"Shared field model; Text Input, Password Input, Search Field, Textarea, Select, Combobox, Checkbox, Radio Group, Switch, File Input, Field Group, Form Action Row; form validation and recovery",KBDL-007,components-core.md#225-select,Approved,Confirmed,Not verified,None,Not verified,RESOLVED,Manual review once implemented.,Not verified — no implementation exists yet,Implementation-dependent,None — Approved,None,RESOLVED,Readable group plus authoritative per-ID ledger; group values reconciled without changing normative text.,PASS,None
KBDL-CMP-028,"Shared field model; Text Input, Password Input, Search Field, Textarea, Select, Combobox, Checkbox, Radio Group, Switch, File Input, Field Group, Form Action Row; form validation and recovery",KBDL-007,components-core.md#226-combobox-boundary,Approved,Confirmed,Not verified,None,Not verified,RESOLVED,Manual ARIA/keyboard review once implemented.,Not verified — no implementation exists yet,Implementation-dependent,None — Approved,None,RESOLVED,Readable group plus authoritative per-ID ledger; group values reconciled without changing normative text.,PASS,None
KBDL-CMP-029,"Shared field model; Text Input, Password Input, Search Field, Textarea, Select, Combobox, Checkbox, Radio Group, Switch, File Input, Field Group, Form Action Row; form validation and recovery",KBDL-007,components-core.md#226-combobox-boundary,Recommended,Assumed,Not applicable,None,None,RESOLVED,Project-owner review (not yet performed).,Not verified — no implementation exists yet,Implementation-dependent,components-core.md — 35.2 Recommended Decisions — Ready for Approval — item 5,None,RESOLVED,Readable group plus authoritative per-ID ledger; group values reconciled without changing normative text.,PASS,None
KBDL-CMP-030,"Shared field model; Text Input, Password Input, Search Field, Textarea, Select, Combobox, Checkbox, Radio Group, Switch, File Input, Field Group, Form Action Row; form validation and recovery",KBDL-007,components-core.md#227-checkbox,Approved,Confirmed,Not verified,None,Not verified,RESOLVED,Manual review once implemented.,Not verified — no implementation exists yet,Implementation-dependent,None — Approved,None,RESOLVED,Readable group plus authoritative per-ID ledger; group values reconciled without changing normative text.,PASS,None
KBDL-CMP-031,"Shared field model; Text Input, Password Input, Search Field, Textarea, Select, Combobox, Checkbox, Radio Group, Switch, File Input, Field Group, Form Action Row; form validation and recovery",KBDL-007,components-core.md#228-radio-group,Approved,Confirmed,Not verified,None,Not verified,RESOLVED,Manual review once implemented.,Not verified — no implementation exists yet,Implementation-dependent,None — Approved,None,RESOLVED,Readable group plus authoritative per-ID ledger; group values reconciled without changing normative text.,PASS,None
KBDL-CMP-032,"Shared field model; Text Input, Password Input, Search Field, Textarea, Select, Combobox, Checkbox, Radio Group, Switch, File Input, Field Group, Form Action Row; form validation and recovery",KBDL-007,components-core.md#229-switch,Approved,Confirmed,Not verified,None,Not verified,RESOLVED,Manual review once implemented.,Not verified — no implementation exists yet,Implementation-dependent,None — Approved,None,RESOLVED,Readable group plus authoritative per-ID ledger; group values reconciled without changing normative text.,PASS,None
KBDL-CMP-033,"Shared field model; Text Input, Password Input, Search Field, Textarea, Select, Combobox, Checkbox, Radio Group, Switch, File Input, Field Group, Form Action Row; form validation and recovery",KBDL-007,components-core.md#2210-file-input,Approved,Confirmed,Not verified,None,Not verified,RESOLVED,Manual review once implemented.,Not verified — no implementation exists yet,Implementation-dependent,None — Approved,None,RESOLVED,Readable group plus authoritative per-ID ledger; group values reconciled without changing normative text.,PASS,None
KBDL-CMP-034,"Shared field model; Text Input, Password Input, Search Field, Textarea, Select, Combobox, Checkbox, Radio Group, Switch, File Input, Field Group, Form Action Row; form validation and recovery",KBDL-007,components-core.md#2211-field-group,Approved,Confirmed,Not verified,None,Not verified,RESOLVED,Manual review once implemented.,Not verified — no implementation exists yet,Implementation-dependent,None — Approved,None,RESOLVED,Readable group plus authoritative per-ID ledger; group values reconciled without changing normative text.,PASS,None
KBDL-CMP-035,"Shared field model; Text Input, Password Input, Search Field, Textarea, Select, Combobox, Checkbox, Radio Group, Switch, File Input, Field Group, Form Action Row; form validation and recovery",KBDL-007,components-core.md#2212-form-action-row,Approved,Confirmed,Not verified,None,Not verified,RESOLVED,Manual review once implemented.,Not verified — no implementation exists yet,Implementation-dependent,None — Approved,None,RESOLVED,Readable group plus authoritative per-ID ledger; group values reconciled without changing normative text.,PASS,None
KBDL-CMP-036,"Shared field model; Text Input, Password Input, Search Field, Textarea, Select, Combobox, Checkbox, Radio Group, Switch, File Input, Field Group, Form Action Row; form validation and recovery",KBDL-007,components-core.md#2212-form-action-row,Recommended,Assumed,Not applicable,None,None,RESOLVED,Project-owner review (not yet performed).,Not verified — no implementation exists yet,Implementation-dependent,components-core.md — 35.2 Recommended Decisions — Ready for Approval — item 6,None,RESOLVED,Readable group plus authoritative per-ID ledger; group values reconciled without changing normative text.,PASS,None
KBDL-CMP-037,"Shared field model; Text Input, Password Input, Search Field, Textarea, Select, Combobox, Checkbox, Radio Group, Switch, File Input, Field Group, Form Action Row; form validation and recovery",KBDL-007,components-core.md#23-form-validation-and-recovery,Approved,Confirmed,Not verified,None,Not verified,RESOLVED,Manual review once implemented.,Not verified — no implementation exists yet,Implementation-dependent,None — Approved,None,RESOLVED,Readable group plus authoritative per-ID ledger; group values reconciled without changing normative text.,PASS,None
KBDL-CMP-038,"Skip Link, Navigation Link/List, Primary/Global Navigation, Local/Section Navigation, Breadcrumb, Tabs, Pagination, Back Link",KBDL-007,components-core.md#241-skip-link,Approved,Confirmed,Not verified,None,Not verified,RESOLVED,Manual keyboard testing once implemented.,Not verified — no implementation exists yet,KBDL-CMP-041 additionally depends on the unapproved KBDL-RSP-002/008 and cannot be approved independently of them,None — Approved,None,RESOLVED,Readable group plus authoritative per-ID ledger; group values reconciled without changing normative text.,PASS,None
KBDL-CMP-039,"Skip Link, Navigation Link/List, Primary/Global Navigation, Local/Section Navigation, Breadcrumb, Tabs, Pagination, Back Link",KBDL-007,components-core.md#242-navigation-link-and-list,Approved,Confirmed,Not verified,None,Not verified,RESOLVED,Manual review once implemented.,Not verified — no implementation exists yet,KBDL-CMP-041 additionally depends on the unapproved KBDL-RSP-002/008 and cannot be approved independently of them,None — Approved,None,RESOLVED,Readable group plus authoritative per-ID ledger; group values reconciled without changing normative text.,PASS,None
KBDL-CMP-040,"Skip Link, Navigation Link/List, Primary/Global Navigation, Local/Section Navigation, Breadcrumb, Tabs, Pagination, Back Link",KBDL-007,components-core.md#243-primary-or-global-navigation,Approved,Confirmed,Not verified,None,Not verified,RESOLVED,Manual review once implemented.,Not verified — no implementation exists yet,KBDL-CMP-041 additionally depends on the unapproved KBDL-RSP-002/008 and cannot be approved independently of them,None — Approved,None,RESOLVED,Readable group plus authoritative per-ID ledger; group values reconciled without changing normative text.,PASS,None
KBDL-CMP-041,"Skip Link, Navigation Link/List, Primary/Global Navigation, Local/Section Navigation, Breadcrumb, Tabs, Pagination, Back Link",KBDL-007,components-core.md#243-primary-or-global-navigation,Recommended,Assumed,Not applicable,None,None,RESOLVED,Project-owner review (not yet performed).,Not verified — no implementation exists yet,KBDL-CMP-041 additionally depends on the unapproved KBDL-RSP-002/008 and cannot be approved independently of them,components-core.md — §35.3 Unresolved or Not Approval-Ready — contingent item KBDL-CMP-041,None,RESOLVED,Readable group plus authoritative per-ID ledger; group values reconciled without changing normative text.,PASS,None
KBDL-CMP-042,"Skip Link, Navigation Link/List, Primary/Global Navigation, Local/Section Navigation, Breadcrumb, Tabs, Pagination, Back Link",KBDL-007,components-core.md#244-local-or-section-navigation,Approved,Confirmed,Not verified,None,Not verified,RESOLVED,Manual review once implemented.,Not verified — no implementation exists yet,KBDL-CMP-041 additionally depends on the unapproved KBDL-RSP-002/008 and cannot be approved independently of them,None — Approved,None,RESOLVED,Readable group plus authoritative per-ID ledger; group values reconciled without changing normative text.,PASS,None
KBDL-CMP-043,"Skip Link, Navigation Link/List, Primary/Global Navigation, Local/Section Navigation, Breadcrumb, Tabs, Pagination, Back Link",KBDL-007,components-core.md#245-breadcrumb,Approved,Confirmed,Not verified,None,Not verified,RESOLVED,Manual review once implemented.,Not verified — no implementation exists yet,KBDL-CMP-041 additionally depends on the unapproved KBDL-RSP-002/008 and cannot be approved independently of them,None — Approved,None,RESOLVED,Readable group plus authoritative per-ID ledger; group values reconciled without changing normative text.,PASS,None
KBDL-CMP-044,"Skip Link, Navigation Link/List, Primary/Global Navigation, Local/Section Navigation, Breadcrumb, Tabs, Pagination, Back Link",KBDL-007,components-core.md#245-breadcrumb,Recommended,Assumed,Not applicable,None,None,RESOLVED,Project-owner review (not yet performed).,Not verified — no implementation exists yet,KBDL-CMP-041 additionally depends on the unapproved KBDL-RSP-002/008 and cannot be approved independently of them,components-core.md — 35.2 Recommended Decisions — Ready for Approval — item 7,None,RESOLVED,Readable group plus authoritative per-ID ledger; group values reconciled without changing normative text.,PASS,None
KBDL-CMP-045,"Skip Link, Navigation Link/List, Primary/Global Navigation, Local/Section Navigation, Breadcrumb, Tabs, Pagination, Back Link",KBDL-007,components-core.md#246-tabs,Approved,Confirmed,Not verified,None,Not verified,RESOLVED,Manual keyboard/ARIA review once implemented.,Not verified — no implementation exists yet,KBDL-CMP-041 additionally depends on the unapproved KBDL-RSP-002/008 and cannot be approved independently of them,None — Approved,None,RESOLVED,Readable group plus authoritative per-ID ledger; group values reconciled without changing normative text.,PASS,None
KBDL-CMP-046,"Skip Link, Navigation Link/List, Primary/Global Navigation, Local/Section Navigation, Breadcrumb, Tabs, Pagination, Back Link",KBDL-007,components-core.md#246-tabs,Recommended,Assumed,Not applicable,None,None,RESOLVED,Project-owner review (not yet performed).,Not verified — no implementation exists yet,KBDL-CMP-041 additionally depends on the unapproved KBDL-RSP-002/008 and cannot be approved independently of them,components-core.md — 35.2 Recommended Decisions — Ready for Approval — item 2,None,RESOLVED,Readable group plus authoritative per-ID ledger; group values reconciled without changing normative text.,PASS,None
KBDL-CMP-047,"Skip Link, Navigation Link/List, Primary/Global Navigation, Local/Section Navigation, Breadcrumb, Tabs, Pagination, Back Link",KBDL-007,components-core.md#247-pagination,Approved,Confirmed,Not verified,None,Not verified,RESOLVED,Manual review once implemented.,Not verified — no implementation exists yet,KBDL-CMP-041 additionally depends on the unapproved KBDL-RSP-002/008 and cannot be approved independently of them,None — Approved,None,RESOLVED,Readable group plus authoritative per-ID ledger; group values reconciled without changing normative text.,PASS,None
KBDL-CMP-048,"Skip Link, Navigation Link/List, Primary/Global Navigation, Local/Section Navigation, Breadcrumb, Tabs, Pagination, Back Link",KBDL-007,components-core.md#247-pagination,Recommended,Assumed,Not applicable,None,None,RESOLVED,Project-owner review (not yet performed).,Not verified — no implementation exists yet,KBDL-CMP-041 additionally depends on the unapproved KBDL-RSP-002/008 and cannot be approved independently of them,components-core.md — 35.2 Recommended Decisions — Ready for Approval — item 8,None,RESOLVED,Readable group plus authoritative per-ID ledger; group values reconciled without changing normative text.,PASS,None
KBDL-CMP-049,"Skip Link, Navigation Link/List, Primary/Global Navigation, Local/Section Navigation, Breadcrumb, Tabs, Pagination, Back Link",KBDL-007,components-core.md#248-back-link,Approved,Confirmed,Not verified,None,Not verified,RESOLVED,Manual review once implemented.,Not verified — no implementation exists yet,KBDL-CMP-041 additionally depends on the unapproved KBDL-RSP-002/008 and cannot be approved independently of them,None — Approved,None,RESOLVED,Readable group plus authoritative per-ID ledger; group values reconciled without changing normative text.,PASS,None
KBDL-CMP-050,Shared component contract; native-semantics-first rule; accessible naming; component state model; KBDL-008 scope boundary; focus/keyboard/pointer behavior; responsive/target-size/theme/foundation/motion mapping; cross-component composition; profile compatibility,KBDL-007,components-core.md#25-cross-component-composition-rules,Approved,Confirmed,Not applicable,None,None,RESOLVED,Manual composition review once implemented.,Not verified — no implementation exists yet,Implementation-dependent; cannot be tested until real components exist,None — Approved,None,RESOLVED,Readable group plus authoritative per-ID ledger; group values reconciled without changing normative text.,PASS,None
KBDL-CMP-051,Shared component contract; native-semantics-first rule; accessible naming; component state model; KBDL-008 scope boundary; focus/keyboard/pointer behavior; responsive/target-size/theme/foundation/motion mapping; cross-component composition; profile compatibility,KBDL-007,components-core.md#26-profile-compatibility,Approved,Confirmed,Not verified,None,Not verified,RESOLVED,Manual cross-profile review once the project-profiles module is approved.,Not verified — no implementation exists yet,Implementation-dependent; cannot be tested until real components exist,None — Approved,None,RESOLVED,Readable group plus authoritative per-ID ledger; group values reconciled without changing normative text.,PASS,None
KBDL-CMP-052,"KBDL-007 ownership boundary; extended system-component contract; surface architecture; Container Surface, Panel, Card, Accordion, Static Data Table",KBDL-008,components-system.md#5-kbdl-007-ownership-boundary,Approved,Confirmed,Not applicable,None,None,RESOLVED,"Manual scope-compliance review (performed, see implementation report).",Not verified — no implementation exists yet,Implementation-dependent,None — Approved,None,RESOLVED,Readable group plus authoritative per-ID ledger; group values reconciled without changing normative text.,PASS,None
KBDL-CMP-053,"KBDL-007 ownership boundary; extended system-component contract; surface architecture; Container Surface, Panel, Card, Accordion, Static Data Table",KBDL-008,components-system.md#8-surface-architecture,Approved,Confirmed,Not verified,None,Not verified,RESOLVED,Manual native-structure review once implemented.,Not verified — no implementation exists yet,Implementation-dependent,None — Approved,None,RESOLVED,Readable group plus authoritative per-ID ledger; group values reconciled without changing normative text.,PASS,None
KBDL-CMP-054,"KBDL-007 ownership boundary; extended system-component contract; surface architecture; Container Surface, Panel, Card, Accordion, Static Data Table",KBDL-008,components-system.md#91-container-surface,Approved,Confirmed,Not verified,None,Not verified,RESOLVED,"Manual semantic-structure review once implemented. ### 9.2 Panel A section-level grouping surface with an optional heading and description. Uses `region` semantics only when it is a significant, independently navigable section (per `KBDL-CMP-054`); otherwise remains neutral. Internal actions follow the KBDL-007 button/link contract unchanged. Composes with loading/empty/error states ([§15](#15-system-state-architecture)). Differs from Container Surface by optionally carrying section-level identity; differs from Dialog by never requiring modality or focus containment; differs from Card by never functioning as a summary/preview unit. ### 9.3 Card A summary or preview surface with heading/content hierarchy, an optional media relationship, and optional actions or a whole-card link.",Not verified — no implementation exists yet,Implementation-dependent,None — Approved,None,RESOLVED,Readable group plus authoritative per-ID ledger; group values reconciled without changing normative text.,PASS,None
KBDL-CMP-055,"KBDL-007 ownership boundary; extended system-component contract; surface architecture; Container Surface, Panel, Card, Accordion, Static Data Table",KBDL-008,components-system.md#93-card,Approved,Confirmed,Not verified,None,Not verified,RESOLVED,"Manual DOM-structure and keyboard review once implemented. A card's selected or current state must not be communicated by color alone, per `KBDL-CMP-004`'s already-Approved state-clarity rule, applied here without change. The exact card-variant taxonomy (media- forward, text-only, action-forward, and similar) is new KBDL-008 policy:",Not verified — no implementation exists yet,Implementation-dependent,None — Approved,None,RESOLVED,Readable group plus authoritative per-ID ledger; group values reconciled without changing normative text.,PASS,None
KBDL-CMP-056,"Overlay architecture; Tooltip, Popover, Menu surface, Listbox popup, Dialog, Modal Dialog, Alert Dialog, Drawer/Sheet; overlay layering and nesting",KBDL-008,components-system.md#10-overlay-architecture,Approved,Confirmed,Not applicable,None,None,RESOLVED,"Manual scope-compliance review (performed, see implementation report).",Not verified — no implementation exists yet,KBDL-CMP-083 additionally notes that navigation-drawer use remains bound by the unapproved KBDL-CMP-041 (KBDL-007) regardless of this item's own approval,None — Approved,None,RESOLVED,Readable group plus authoritative per-ID ledger; group values reconciled without changing normative text.,PASS,None
KBDL-CMP-057,"Overlay architecture; Tooltip, Popover, Menu surface, Listbox popup, Dialog, Modal Dialog, Alert Dialog, Drawer/Sheet; overlay layering and nesting",KBDL-008,components-system.md#10-overlay-architecture,Approved,Confirmed,Not verified,None,Not verified,RESOLVED,Manual keyboard-trap review once implemented.,Not verified — no implementation exists yet,KBDL-CMP-083 additionally notes that navigation-drawer use remains bound by the unapproved KBDL-CMP-041 (KBDL-007) regardless of this item's own approval,None — Approved,None,RESOLVED,Readable group plus authoritative per-ID ledger; group values reconciled without changing normative text.,PASS,None
KBDL-CMP-058,"Overlay architecture; Tooltip, Popover, Menu surface, Listbox popup, Dialog, Modal Dialog, Alert Dialog, Drawer/Sheet; overlay layering and nesting",KBDL-008,components-system.md#10-overlay-architecture,Approved,Confirmed,Not verified,None,Not verified,RESOLVED,Manual focus-restoration review once implemented.,Not verified — no implementation exists yet,KBDL-CMP-083 additionally notes that navigation-drawer use remains bound by the unapproved KBDL-CMP-041 (KBDL-007) regardless of this item's own approval,None — Approved,None,RESOLVED,Readable group plus authoritative per-ID ledger; group values reconciled without changing normative text.,PASS,None
KBDL-CMP-059,"Overlay architecture; Tooltip, Popover, Menu surface, Listbox popup, Dialog, Modal Dialog, Alert Dialog, Drawer/Sheet; overlay layering and nesting",KBDL-008,components-system.md#10-overlay-architecture,Approved,Confirmed,Not verified,None,Not verified,RESOLVED,Manual content-persistence review once implemented.,Not verified — no implementation exists yet,KBDL-CMP-083 additionally notes that navigation-drawer use remains bound by the unapproved KBDL-CMP-041 (KBDL-007) regardless of this item's own approval,None — Approved,None,RESOLVED,Readable group plus authoritative per-ID ledger; group values reconciled without changing normative text.,PASS,None
KBDL-CMP-060,"Overlay architecture; Tooltip, Popover, Menu surface, Listbox popup, Dialog, Modal Dialog, Alert Dialog, Drawer/Sheet; overlay layering and nesting",KBDL-008,components-system.md#10-overlay-architecture,Approved,Confirmed,Not verified,None,Not verified,RESOLVED,Manual reduced/no-motion parity review once implemented.,Not verified — no implementation exists yet,KBDL-CMP-083 additionally notes that navigation-drawer use remains bound by the unapproved KBDL-CMP-041 (KBDL-007) regardless of this item's own approval,None — Approved,None,RESOLVED,Readable group plus authoritative per-ID ledger; group values reconciled without changing normative text.,PASS,None
KBDL-CMP-061,"Feedback architecture; Inline Feedback, Alert, Banner, Toast/Snackbar, Status Region/Log, Badge, Progress Indicator, Meter, Skeleton",KBDL-008,components-system.md#13-feedback-architecture,Approved,Confirmed,Not verified,None,Not verified,RESOLVED,"Manual color-independence review once implemented. Feedback components are further distinguished by persistence (transient versus persistent), interruption level, and recovery-action relationship, documented per component below.",Not verified — no implementation exists yet,Implementation-dependent,None — Approved,None,RESOLVED,Readable group plus authoritative per-ID ledger; group values reconciled without changing normative text.,PASS,None
KBDL-CMP-062,"KBDL-007 ownership boundary; extended system-component contract; surface architecture; Container Surface, Panel, Card, Accordion, Static Data Table",KBDL-008,components-system.md#8-surface-architecture,Approved,Confirmed,Not verified,None,Not verified,RESOLVED,Manual role-use review once implemented.,Not verified — no implementation exists yet,Implementation-dependent,None — Approved,None,RESOLVED,Readable group plus authoritative per-ID ledger; group values reconciled without changing normative text.,PASS,None
KBDL-CMP-063,"System-state architecture; Loading, Empty, No-Results, Error, Offline/Reconnecting, Permission Denied, Not Found, Maintenance/Degraded, System Status; complex-presentation architecture; Interactive Grid, Tree/Treegrid, Carousel, Data Visualization; responsive transformation policy; security/privacy and profile-compatibility baselines",KBDL-008,components-system.md#23-security-and-privacy,Approved,Confirmed,Not verified,None,Not verified,RESOLVED,Manual claim-accuracy review once implemented.,Not verified — no implementation exists yet,KBDL-CMP-105 additionally cites the unapproved KBDL-RSP-011 as related context; KBDL-CMP-111 additionally depends on the eventual KBDL-RSP-002 value for its exact trigger point,None — Approved,None,RESOLVED,Readable group plus authoritative per-ID ledger; group values reconciled without changing normative text.,PASS,None
KBDL-CMP-064,"System-state architecture; Loading, Empty, No-Results, Error, Offline/Reconnecting, Permission Denied, Not Found, Maintenance/Degraded, System Status; complex-presentation architecture; Interactive Grid, Tree/Treegrid, Carousel, Data Visualization; responsive transformation policy; security/privacy and profile-compatibility baselines",KBDL-008,components-system.md#23-security-and-privacy,Approved,Confirmed,Not verified,None,Not verified,RESOLVED,Manual content review once implemented.,Not verified — no implementation exists yet,KBDL-CMP-105 additionally cites the unapproved KBDL-RSP-011 as related context; KBDL-CMP-111 additionally depends on the eventual KBDL-RSP-002 value for its exact trigger point,None — Approved,None,RESOLVED,Readable group plus authoritative per-ID ledger; group values reconciled without changing normative text.,PASS,None
KBDL-CMP-065,"KBDL-007 ownership boundary; extended system-component contract; surface architecture; Container Surface, Panel, Card, Accordion, Static Data Table",KBDL-008,components-system.md#7-extended-system-component-contract,Approved,Confirmed,Not verified,None,Not verified,RESOLVED,Manual accessible-name review once implemented.,Not verified — no implementation exists yet,Implementation-dependent,None — Approved,None,RESOLVED,Readable group plus authoritative per-ID ledger; group values reconciled without changing normative text.,PASS,None
KBDL-CMP-066,"System-state architecture; Loading, Empty, No-Results, Error, Offline/Reconnecting, Permission Denied, Not Found, Maintenance/Degraded, System Status; complex-presentation architecture; Interactive Grid, Tree/Treegrid, Carousel, Data Visualization; responsive transformation policy; security/privacy and profile-compatibility baselines",KBDL-008,components-system.md#24-cross-component-composition-and-profile-compatibility,Approved,Confirmed,Not verified,None,Not verified,RESOLVED,Manual cross-profile consistency review once implemented.,Not verified — no implementation exists yet,KBDL-CMP-105 additionally cites the unapproved KBDL-RSP-011 as related context; KBDL-CMP-111 additionally depends on the eventual KBDL-RSP-002 value for its exact trigger point,None — Approved,None,RESOLVED,Readable group plus authoritative per-ID ledger; group values reconciled without changing normative text.,PASS,None
KBDL-CMP-067,"KBDL-007 ownership boundary; extended system-component contract; surface architecture; Container Surface, Panel, Card, Accordion, Static Data Table",KBDL-008,components-system.md#93-card,Recommended,Assumed,Not applicable,None,None,RESOLVED,"Project-owner review (not yet performed). ### 9.4 Accordion Surface Preserves the KBDL-007 disclosure-trigger contract (`KBDL-CMP-021`-adjacent trigger semantics) unchanged. An accordion item pairs one disclosure trigger with one panel, associated via `aria-controls`/`aria-labelledby` per the adopted ARIA disclosure pattern.",Not verified — no implementation exists yet,Implementation-dependent,components-system.md — 33.2 Recommended Decisions — Ready for Approval — item 1,None,RESOLVED,Readable group plus authoritative per-ID ledger; group values reconciled without changing normative text.,PASS,None
KBDL-CMP-068,"KBDL-007 ownership boundary; extended system-component contract; surface architecture; Container Surface, Panel, Card, Accordion, Static Data Table",KBDL-008,components-system.md#94-accordion-surface,Approved,Confirmed,Not verified,None,Not verified,RESOLVED,Manual ARIA-relationship review once implemented. Whether an accordion permits multiple simultaneously open panels or restricts to one is new policy:,Not verified — no implementation exists yet,Implementation-dependent,None — Approved,None,RESOLVED,Readable group plus authoritative per-ID ledger; group values reconciled without changing normative text.,PASS,None
KBDL-CMP-069,"KBDL-007 ownership boundary; extended system-component contract; surface architecture; Container Surface, Panel, Card, Accordion, Static Data Table",KBDL-008,components-system.md#94-accordion-surface,Recommended,Assumed,Not applicable,None,None,RESOLVED,Project-owner review (not yet performed). ### 9.5 Static Data Table,Not verified — no implementation exists yet,Implementation-dependent,components-system.md — 33.2 Recommended Decisions — Ready for Approval — item 2,None,RESOLVED,Readable group plus authoritative per-ID ledger; group values reconciled without changing normative text.,PASS,None
KBDL-CMP-070,"KBDL-007 ownership boundary; extended system-component contract; surface architecture; Container Surface, Panel, Card, Accordion, Static Data Table",KBDL-008,components-system.md#95-static-data-table,Approved,Confirmed,Not verified,None,Not verified,RESOLVED,"Manual semantic-structure review once implemented. Responsive behavior for wide tables (horizontal scroll, reflow, or an alternate presentation such as a card transformation) is addressed in [§33](#33-kbdl-008-decision-packet) item 17. This document does not silently adopt the unapproved `KBDL-RSP-011` data-dense transformation strategy as authority; `RSP-011` is cited only as related, unapproved context (see [§35](#35-kbdl-006-approval-boundary-audit)).",Not verified — no implementation exists yet,Implementation-dependent,None — Approved,None,RESOLVED,Readable group plus authoritative per-ID ledger; group values reconciled without changing normative text.,PASS,None
KBDL-CMP-071,"Overlay architecture; Tooltip, Popover, Menu surface, Listbox popup, Dialog, Modal Dialog, Alert Dialog, Drawer/Sheet; overlay layering and nesting",KBDL-008,components-system.md#10-overlay-architecture,Approved,Confirmed,Not verified,None,Not verified,RESOLVED,Manual focus-containment review once implemented.,Not verified — no implementation exists yet,KBDL-CMP-083 additionally notes that navigation-drawer use remains bound by the unapproved KBDL-CMP-041 (KBDL-007) regardless of this item's own approval,None — Approved,None,RESOLVED,Readable group plus authoritative per-ID ledger; group values reconciled without changing normative text.,PASS,None
KBDL-CMP-072,"Overlay architecture; Tooltip, Popover, Menu surface, Listbox popup, Dialog, Modal Dialog, Alert Dialog, Drawer/Sheet; overlay layering and nesting",KBDL-008,components-system.md#111-tooltip,Approved,Confirmed,Not verified,None,Not verified,RESOLVED,"Manual hover/focus and accessible-name review once implemented. A tooltip containing controls must instead use Popover ([§11.2](#112-popover-or-non-modal-dialog)) or Menu ([§11.3](#113-menu-surface)) semantics, never a tooltip role.",Not verified — no implementation exists yet,KBDL-CMP-083 additionally notes that navigation-drawer use remains bound by the unapproved KBDL-CMP-041 (KBDL-007) regardless of this item's own approval,None — Approved,None,RESOLVED,Readable group plus authoritative per-ID ledger; group values reconciled without changing normative text.,PASS,None
KBDL-CMP-073,"Overlay architecture; Tooltip, Popover, Menu surface, Listbox popup, Dialog, Modal Dialog, Alert Dialog, Drawer/Sheet; overlay layering and nesting",KBDL-008,components-system.md#111-tooltip,Recommended,Assumed,Not applicable,None,None,RESOLVED,"Project-owner review (not yet performed). ### 11.2 Popover or Non-Modal Dialog Supplemental interactive content anchored to a trigger, non-modal: focus is not contained, Tab moves normally between the popover and the rest of the page, Escape closes it and returns focus to the trigger, and an outside pointer interaction closes it by default. Differs from Tooltip (interactive content permitted), Menu (arbitrary interactive content rather than a fixed command/choice list), and Modal Dialog (no focus containment).",Not verified — no implementation exists yet,KBDL-CMP-083 additionally notes that navigation-drawer use remains bound by the unapproved KBDL-CMP-041 (KBDL-007) regardless of this item's own approval,components-system.md — 33.2 Recommended Decisions — Ready for Approval — item 3,None,RESOLVED,Readable group plus authoritative per-ID ledger; group values reconciled without changing normative text.,PASS,None
KBDL-CMP-074,"Overlay architecture; Tooltip, Popover, Menu surface, Listbox popup, Dialog, Modal Dialog, Alert Dialog, Drawer/Sheet; overlay layering and nesting",KBDL-008,components-system.md#112-popover-or-non-modal-dialog,Recommended,Assumed,Not applicable,None,None,RESOLVED,Project-owner review (not yet performed). ### 11.3 Menu Surface Preserves the KBDL-007 menu-button trigger contract (`KBDL-CMP-021`-adjacent) unchanged.,Not verified — no implementation exists yet,KBDL-CMP-083 additionally notes that navigation-drawer use remains bound by the unapproved KBDL-CMP-041 (KBDL-007) regardless of this item's own approval,components-system.md — 33.2 Recommended Decisions — Ready for Approval — item 4,None,RESOLVED,Readable group plus authoritative per-ID ledger; group values reconciled without changing normative text.,PASS,None
KBDL-CMP-075,"Overlay architecture; Tooltip, Popover, Menu surface, Listbox popup, Dialog, Modal Dialog, Alert Dialog, Drawer/Sheet; overlay layering and nesting",KBDL-008,components-system.md#113-menu-surface,Approved,Confirmed,Not verified,None,Not verified,RESOLVED,"Manual ARIA-relationship review once implemented. Menu semantics are used only for menu-like command or choice behavior, never merely for visual dropdown navigation when ordinary links and lists provide correct semantics. The exact interaction model (type- ahead, submenu behavior, closing specifics) is new policy:",Not verified — no implementation exists yet,KBDL-CMP-083 additionally notes that navigation-drawer use remains bound by the unapproved KBDL-CMP-041 (KBDL-007) regardless of this item's own approval,None — Approved,None,RESOLVED,Readable group plus authoritative per-ID ledger; group values reconciled without changing normative text.,PASS,None
KBDL-CMP-076,"Overlay architecture; Tooltip, Popover, Menu surface, Listbox popup, Dialog, Modal Dialog, Alert Dialog, Drawer/Sheet; overlay layering and nesting",KBDL-008,components-system.md#113-menu-surface,Recommended,Assumed,Not applicable,None,None,RESOLVED,"Project-owner review (not yet performed). ### 11.4 Listbox Popup Preserves the KBDL-007 combobox input, value, and active-option relationship unchanged.",Not verified — no implementation exists yet,KBDL-CMP-083 additionally notes that navigation-drawer use remains bound by the unapproved KBDL-CMP-041 (KBDL-007) regardless of this item's own approval,components-system.md — 33.2 Recommended Decisions — Ready for Approval — item 5,None,RESOLVED,Readable group plus authoritative per-ID ledger; group values reconciled without changing normative text.,PASS,None
KBDL-CMP-077,"Overlay architecture; Tooltip, Popover, Menu surface, Listbox popup, Dialog, Modal Dialog, Alert Dialog, Drawer/Sheet; overlay layering and nesting",KBDL-008,components-system.md#114-listbox-popup,Approved,Confirmed,Not verified,None,Not verified,RESOLVED,Manual ARIA-relationship review once implemented. ### 11.5 Dialog A viewport-level or anchored surface with an accessible name (via `aria-labelledby`) and optional description (via `aria-describedby`).,Not verified — no implementation exists yet,KBDL-CMP-083 additionally notes that navigation-drawer use remains bound by the unapproved KBDL-CMP-041 (KBDL-007) regardless of this item's own approval,None — Approved,None,RESOLVED,Readable group plus authoritative per-ID ledger; group values reconciled without changing normative text.,PASS,None
KBDL-CMP-078,"Overlay architecture; Tooltip, Popover, Menu surface, Listbox popup, Dialog, Modal Dialog, Alert Dialog, Drawer/Sheet; overlay layering and nesting",KBDL-008,components-system.md#115-dialog,Approved,Confirmed,Not verified,None,Not verified,RESOLVED,Manual accessible-name and keyboard review once implemented. ### 11.6 Modal Dialog,Not verified — no implementation exists yet,KBDL-CMP-083 additionally notes that navigation-drawer use remains bound by the unapproved KBDL-CMP-041 (KBDL-007) regardless of this item's own approval,None — Approved,None,RESOLVED,Readable group plus authoritative per-ID ledger; group values reconciled without changing normative text.,PASS,None
KBDL-CMP-079,"Overlay architecture; Tooltip, Popover, Menu surface, Listbox popup, Dialog, Modal Dialog, Alert Dialog, Drawer/Sheet; overlay layering and nesting",KBDL-008,components-system.md#116-modal-dialog,Approved,Confirmed,Not verified,None,Not verified,RESOLVED,"Manual modality-compliance review once implemented. Exact modal sizing, placement, and nested-modal policy are new decisions:",Not verified — no implementation exists yet,KBDL-CMP-083 additionally notes that navigation-drawer use remains bound by the unapproved KBDL-CMP-041 (KBDL-007) regardless of this item's own approval,None — Approved,None,RESOLVED,Readable group plus authoritative per-ID ledger; group values reconciled without changing normative text.,PASS,None
KBDL-CMP-080,"Overlay architecture; Tooltip, Popover, Menu surface, Listbox popup, Dialog, Modal Dialog, Alert Dialog, Drawer/Sheet; overlay layering and nesting",KBDL-008,components-system.md#116-modal-dialog,Recommended,Assumed,Not applicable,None,None,RESOLVED,Project-owner review (not yet performed). ### 11.7 Alert Dialog,Not verified — no implementation exists yet,KBDL-CMP-083 additionally notes that navigation-drawer use remains bound by the unapproved KBDL-CMP-041 (KBDL-007) regardless of this item's own approval,components-system.md — 33.2 Recommended Decisions — Ready for Approval — item 6,None,RESOLVED,Readable group plus authoritative per-ID ledger; group values reconciled without changing normative text.,PASS,None
KBDL-CMP-081,"Overlay architecture; Tooltip, Popover, Menu surface, Listbox popup, Dialog, Modal Dialog, Alert Dialog, Drawer/Sheet; overlay layering and nesting",KBDL-008,components-system.md#117-alert-dialog,Approved,Confirmed,Not verified,None,Not verified,RESOLVED,"Manual role-use review once implemented. An alert dialog for a destructive action favors presenting the least- destructive action as the visually primary choice, consistent with KBDL-007's existing consequential-action requirement (`components-core.md §23`); this document does not silently approve the KBDL-007 button-hierarchy recommendation (`KBDL-CMP-015`) or form- action-row ordering (`KBDL-CMP-036`) as authority for the alert dialog's action area. ### 11.8 Drawer and Sheet",Not verified — no implementation exists yet,KBDL-CMP-083 additionally notes that navigation-drawer use remains bound by the unapproved KBDL-CMP-041 (KBDL-007) regardless of this item's own approval,None — Approved,None,RESOLVED,Readable group plus authoritative per-ID ledger; group values reconciled without changing normative text.,PASS,None
KBDL-CMP-082,"Overlay architecture; Tooltip, Popover, Menu surface, Listbox popup, Dialog, Modal Dialog, Alert Dialog, Drawer/Sheet; overlay layering and nesting",KBDL-008,components-system.md#118-drawer-and-sheet,Approved,Confirmed,Not applicable,None,None,RESOLVED,"Manual scope-compliance review (performed, see implementation report). The general drawer/sheet taxonomy and default modality (edge-attached placement, modal versus non-modal variants) is new policy, independent of any exact navigation-collapse threshold:",Not verified — no implementation exists yet,KBDL-CMP-083 additionally notes that navigation-drawer use remains bound by the unapproved KBDL-CMP-041 (KBDL-007) regardless of this item's own approval,None — Approved,None,RESOLVED,Readable group plus authoritative per-ID ledger; group values reconciled without changing normative text.,PASS,None
KBDL-CMP-083,"Overlay architecture; Tooltip, Popover, Menu surface, Listbox popup, Dialog, Modal Dialog, Alert Dialog, Drawer/Sheet; overlay layering and nesting",KBDL-008,components-system.md#118-drawer-and-sheet,Recommended,Assumed,Not applicable,None,None,RESOLVED,Project-owner review (not yet performed). This item's approval would not approve any navigation-collapse threshold; a drawer used for collapsed navigation remains bound by `KBDL-CMP-041`'s existing contingent status (KBDL-007).,Not verified — no implementation exists yet,KBDL-CMP-083 additionally notes that navigation-drawer use remains bound by the unapproved KBDL-CMP-041 (KBDL-007) regardless of this item's own approval,components-system.md — 33.2 Recommended Decisions — Ready for Approval — item 7,None,RESOLVED,Readable group plus authoritative per-ID ledger; group values reconciled without changing normative text.,PASS,None
KBDL-CMP-084,"Overlay architecture; Tooltip, Popover, Menu surface, Listbox popup, Dialog, Modal Dialog, Alert Dialog, Drawer/Sheet; overlay layering and nesting",KBDL-008,components-system.md#12-overlay-layering-and-nesting,Approved,Confirmed,Not verified,None,Not verified,RESOLVED,"Manual nested-focus review once implemented. The maximum number of simultaneously open overlays, and whether more than one modal may ever be open at once beyond the one-at-a-time default implied by `KBDL-CMP-080`, is new policy:",Not verified — no implementation exists yet,KBDL-CMP-083 additionally notes that navigation-drawer use remains bound by the unapproved KBDL-CMP-041 (KBDL-007) regardless of this item's own approval,None — Approved,None,RESOLVED,Readable group plus authoritative per-ID ledger; group values reconciled without changing normative text.,PASS,None
KBDL-CMP-085,"Overlay architecture; Tooltip, Popover, Menu surface, Listbox popup, Dialog, Modal Dialog, Alert Dialog, Drawer/Sheet; overlay layering and nesting",KBDL-008,components-system.md#12-overlay-layering-and-nesting,Recommended,Assumed,Not applicable,None,None,RESOLVED,"Project-owner review (not yet performed). This document does not approve exact layer numbers, an exact z-index scale, an unlimited nesting model, or a specific portal strategy (see [§40](#40-deferred-and-unresolved-items)).",Not verified — no implementation exists yet,KBDL-CMP-083 additionally notes that navigation-drawer use remains bound by the unapproved KBDL-CMP-041 (KBDL-007) regardless of this item's own approval,components-system.md — 33.2 Recommended Decisions — Ready for Approval — item 8,None,RESOLVED,Readable group plus authoritative per-ID ledger; group values reconciled without changing normative text.,PASS,None
KBDL-CMP-086,"Feedback architecture; Inline Feedback, Alert, Banner, Toast/Snackbar, Status Region/Log, Badge, Progress Indicator, Meter, Skeleton",KBDL-008,components-system.md#13-feedback-architecture,Approved,Confirmed,Not verified,None,Not verified,RESOLVED,Manual live-region role review once implemented.,Not verified — no implementation exists yet,Implementation-dependent,None — Approved,None,RESOLVED,Readable group plus authoritative per-ID ledger; group values reconciled without changing normative text.,PASS,None
KBDL-CMP-087,"Feedback architecture; Inline Feedback, Alert, Banner, Toast/Snackbar, Status Region/Log, Badge, Progress Indicator, Meter, Skeleton",KBDL-008,components-system.md#141-inline-feedback,Approved,Confirmed,Not verified,None,Not verified,RESOLVED,Manual review once implemented. ### 14.2 Alert,Not verified — no implementation exists yet,Implementation-dependent,None — Approved,None,RESOLVED,Readable group plus authoritative per-ID ledger; group values reconciled without changing normative text.,PASS,None
KBDL-CMP-088,"Feedback architecture; Inline Feedback, Alert, Banner, Toast/Snackbar, Status Region/Log, Badge, Progress Indicator, Meter, Skeleton",KBDL-008,components-system.md#142-alert,Approved,Confirmed,Not verified,None,Not verified,RESOLVED,"Manual role-use review once implemented. ### 14.3 Banner A page- or section-level message with a heading, severity meaning, and actions. The exact severity taxonomy and visual variant set are new policy:",Not verified — no implementation exists yet,Implementation-dependent,None — Approved,None,RESOLVED,Readable group plus authoritative per-ID ledger; group values reconciled without changing normative text.,PASS,None
KBDL-CMP-089,"Feedback architecture; Inline Feedback, Alert, Banner, Toast/Snackbar, Status Region/Log, Badge, Progress Indicator, Meter, Skeleton",KBDL-008,components-system.md#143-banner,Recommended,Assumed,Not applicable,None,None,RESOLVED,Project-owner review (not yet performed). ### 14.4 Toast or Snackbar,Not verified — no implementation exists yet,Implementation-dependent,components-system.md — 33.2 Recommended Decisions — Ready for Approval — item 9,None,RESOLVED,Readable group plus authoritative per-ID ledger; group values reconciled without changing normative text.,PASS,None
KBDL-CMP-090,"Feedback architecture; Inline Feedback, Alert, Banner, Toast/Snackbar, Status Region/Log, Badge, Progress Indicator, Meter, Skeleton",KBDL-008,components-system.md#144-toast-or-snackbar,Approved,Confirmed,Not verified,None,Not verified,RESOLVED,"Manual content-classification review once implemented. Exact auto-dismiss timing, queue size, and stacking/placement are new policy:",Not verified — no implementation exists yet,Implementation-dependent,None — Approved,None,RESOLVED,Readable group plus authoritative per-ID ledger; group values reconciled without changing normative text.,PASS,None
KBDL-CMP-091,"Feedback architecture; Inline Feedback, Alert, Banner, Toast/Snackbar, Status Region/Log, Badge, Progress Indicator, Meter, Skeleton",KBDL-008,components-system.md#144-toast-or-snackbar,Recommended,Assumed,Not applicable,None,None,RESOLVED,Project-owner review (not yet performed). ### 14.5 Status Region and Log,Not verified — no implementation exists yet,Implementation-dependent,components-system.md — 33.2 Recommended Decisions — Ready for Approval — item 10,None,RESOLVED,Readable group plus authoritative per-ID ledger; group values reconciled without changing normative text.,PASS,None
KBDL-CMP-092,"Feedback architecture; Inline Feedback, Alert, Banner, Toast/Snackbar, Status Region/Log, Badge, Progress Indicator, Meter, Skeleton",KBDL-008,components-system.md#145-status-region-and-log,Approved,Confirmed,Not verified,None,Not verified,RESOLVED,Manual live-region review once implemented. ### 14.6 Badge or Count Indicator,Not verified — no implementation exists yet,Implementation-dependent,None — Approved,None,RESOLVED,Readable group plus authoritative per-ID ledger; group values reconciled without changing normative text.,PASS,None
KBDL-CMP-093,"Feedback architecture; Inline Feedback, Alert, Banner, Toast/Snackbar, Status Region/Log, Badge, Progress Indicator, Meter, Skeleton",KBDL-008,components-system.md#146-badge-or-count-indicator,Approved,Confirmed,Not verified,None,Not verified,RESOLVED,Manual accessible-text review once implemented. ### 14.7 Progress Indicator,Not verified — no implementation exists yet,Implementation-dependent,None — Approved,None,RESOLVED,Readable group plus authoritative per-ID ledger; group values reconciled without changing normative text.,PASS,None
KBDL-CMP-094,"Feedback architecture; Inline Feedback, Alert, Banner, Toast/Snackbar, Status Region/Log, Badge, Progress Indicator, Meter, Skeleton",KBDL-008,components-system.md#147-progress-indicator,Approved,Confirmed,Not verified,None,Not verified,RESOLVED,Manual role/value review once implemented. ### 14.8 Meter,Not verified — no implementation exists yet,Implementation-dependent,None — Approved,None,RESOLVED,Readable group plus authoritative per-ID ledger; group values reconciled without changing normative text.,PASS,None
KBDL-CMP-095,"Feedback architecture; Inline Feedback, Alert, Banner, Toast/Snackbar, Status Region/Log, Badge, Progress Indicator, Meter, Skeleton",KBDL-008,components-system.md#148-meter,Approved,Confirmed,Not verified,None,Not verified,RESOLVED,Manual role/value review once implemented. ### 14.9 Skeleton,Not verified — no implementation exists yet,Implementation-dependent,None — Approved,None,RESOLVED,Readable group plus authoritative per-ID ledger; group values reconciled without changing normative text.,PASS,None
KBDL-CMP-096,"Feedback architecture; Inline Feedback, Alert, Banner, Toast/Snackbar, Status Region/Log, Badge, Progress Indicator, Meter, Skeleton",KBDL-008,components-system.md#149-skeleton,Approved,Confirmed,Not verified,None,Not verified,RESOLVED,"Manual accessibility-tree review once implemented. Exact shimmer, pulse, timing, and density values remain unapproved (see [§40](#40-deferred-and-unresolved-items)).",Not verified — no implementation exists yet,Implementation-dependent,None — Approved,None,RESOLVED,Readable group plus authoritative per-ID ledger; group values reconciled without changing normative text.,PASS,None
KBDL-CMP-097,"System-state architecture; Loading, Empty, No-Results, Error, Offline/Reconnecting, Permission Denied, Not Found, Maintenance/Degraded, System Status; complex-presentation architecture; Interactive Grid, Tree/Treegrid, Carousel, Data Visualization; responsive transformation policy; security/privacy and profile-compatibility baselines",KBDL-008,components-system.md#15-system-state-architecture,Approved,Confirmed,Not verified,None,Not verified,RESOLVED,"Manual review once implemented. System states are distinguished at component, section, page, and application level; see [§16](#16-required-system-state-components) for each required state's cause, recovery behavior, and difference from adjacent states.",Not verified — no implementation exists yet,KBDL-CMP-105 additionally cites the unapproved KBDL-RSP-011 as related context; KBDL-CMP-111 additionally depends on the eventual KBDL-RSP-002 value for its exact trigger point,None — Approved,None,RESOLVED,Readable group plus authoritative per-ID ledger; group values reconciled without changing normative text.,PASS,None
KBDL-CMP-098,"Feedback architecture; Inline Feedback, Alert, Banner, Toast/Snackbar, Status Region/Log, Badge, Progress Indicator, Meter, Skeleton",KBDL-008,components-system.md#161-loading-state,Approved,Confirmed,Not verified,None,Not verified,RESOLVED,"Manual review once implemented. ### 16.2 Empty State Genuine absence of content, distinct from a first-use state, a user- cleared state, and a permission-limited state. The exact empty-state taxonomy, illustration policy, and action hierarchy are new policy, and this state is explicitly distinguished from No-Results below:",Not verified — no implementation exists yet,Implementation-dependent,None — Approved,None,RESOLVED,Readable group plus authoritative per-ID ledger; group values reconciled without changing normative text.,PASS,None
KBDL-CMP-099,"System-state architecture; Loading, Empty, No-Results, Error, Offline/Reconnecting, Permission Denied, Not Found, Maintenance/Degraded, System Status; complex-presentation architecture; Interactive Grid, Tree/Treegrid, Carousel, Data Visualization; responsive transformation policy; security/privacy and profile-compatibility baselines",KBDL-008,components-system.md#162-empty-state,Recommended,Assumed,Not applicable,None,None,RESOLVED,Project-owner review (not yet performed). ### 16.3 No-Results State,Not verified — no implementation exists yet,KBDL-CMP-105 additionally cites the unapproved KBDL-RSP-011 as related context; KBDL-CMP-111 additionally depends on the eventual KBDL-RSP-002 value for its exact trigger point,components-system.md — 33.2 Recommended Decisions — Ready for Approval — item 11,None,RESOLVED,Readable group plus authoritative per-ID ledger; group values reconciled without changing normative text.,PASS,None
KBDL-CMP-100,"System-state architecture; Loading, Empty, No-Results, Error, Offline/Reconnecting, Permission Denied, Not Found, Maintenance/Degraded, System Status; complex-presentation architecture; Interactive Grid, Tree/Treegrid, Carousel, Data Visualization; responsive transformation policy; security/privacy and profile-compatibility baselines",KBDL-008,components-system.md#163-no-results-state,Approved,Confirmed,Not verified,None,Not verified,RESOLVED,Manual data-preservation review once implemented. ### 16.4 Error State,Not verified — no implementation exists yet,KBDL-CMP-105 additionally cites the unapproved KBDL-RSP-011 as related context; KBDL-CMP-111 additionally depends on the eventual KBDL-RSP-002 value for its exact trigger point,None — Approved,None,RESOLVED,Readable group plus authoritative per-ID ledger; group values reconciled without changing normative text.,PASS,None
KBDL-CMP-101,"System-state architecture; Loading, Empty, No-Results, Error, Offline/Reconnecting, Permission Denied, Not Found, Maintenance/Degraded, System Status; complex-presentation architecture; Interactive Grid, Tree/Treegrid, Carousel, Data Visualization; responsive transformation policy; security/privacy and profile-compatibility baselines",KBDL-008,components-system.md#164-error-state,Approved,Confirmed,Not verified,None,Not verified,RESOLVED,"Manual review once implemented. The exact severity taxonomy for error and broader system-state recovery (a hierarchy distinguishing maintenance, temporary unavailability, and degraded service) is new policy:",Not verified — no implementation exists yet,KBDL-CMP-105 additionally cites the unapproved KBDL-RSP-011 as related context; KBDL-CMP-111 additionally depends on the eventual KBDL-RSP-002 value for its exact trigger point,None — Approved,None,RESOLVED,Readable group plus authoritative per-ID ledger; group values reconciled without changing normative text.,PASS,None
KBDL-CMP-102,"System-state architecture; Loading, Empty, No-Results, Error, Offline/Reconnecting, Permission Denied, Not Found, Maintenance/Degraded, System Status; complex-presentation architecture; Interactive Grid, Tree/Treegrid, Carousel, Data Visualization; responsive transformation policy; security/privacy and profile-compatibility baselines",KBDL-008,components-system.md#164-error-state,Recommended,Assumed,Not applicable,None,None,RESOLVED,Project-owner review (not yet performed). ### 16.5 Offline and Reconnecting State,Not verified — no implementation exists yet,KBDL-CMP-105 additionally cites the unapproved KBDL-RSP-011 as related context; KBDL-CMP-111 additionally depends on the eventual KBDL-RSP-002 value for its exact trigger point,components-system.md — 33.2 Recommended Decisions — Ready for Approval — item 12,None,RESOLVED,Readable group plus authoritative per-ID ledger; group values reconciled without changing normative text.,PASS,None
KBDL-CMP-103,"System-state architecture; Loading, Empty, No-Results, Error, Offline/Reconnecting, Permission Denied, Not Found, Maintenance/Degraded, System Status; complex-presentation architecture; Interactive Grid, Tree/Treegrid, Carousel, Data Visualization; responsive transformation policy; security/privacy and profile-compatibility baselines",KBDL-008,components-system.md#165-offline-and-reconnecting-state,Approved,Confirmed,Not verified,None,Not verified,RESOLVED,Manual claim-accuracy review once implemented. ### 16.6 Permission Denied and Restricted State,Not verified — no implementation exists yet,KBDL-CMP-105 additionally cites the unapproved KBDL-RSP-011 as related context; KBDL-CMP-111 additionally depends on the eventual KBDL-RSP-002 value for its exact trigger point,None — Approved,None,RESOLVED,Readable group plus authoritative per-ID ledger; group values reconciled without changing normative text.,PASS,None
KBDL-CMP-104,"System-state architecture; Loading, Empty, No-Results, Error, Offline/Reconnecting, Permission Denied, Not Found, Maintenance/Degraded, System Status; complex-presentation architecture; Interactive Grid, Tree/Treegrid, Carousel, Data Visualization; responsive transformation policy; security/privacy and profile-compatibility baselines",KBDL-008,components-system.md#166-permission-denied-and-restricted-state,Approved,Confirmed,Not verified,None,Not verified,RESOLVED,"Manual security-review once implemented. ### 16.7 Not Found State Distinguished from Permission Denied: a not-found state does not require revealing whether a protected resource exists, per `KBDL-CMP-104`, applied here without change. ### 16.8 Maintenance, Unavailable, and Degraded State Uses the severity taxonomy and recovery hierarchy from `KBDL-CMP-102` once approved; does not invent service-level commitments or recovery time estimates. ### 16.9 System Status Uses the Status Region/Log live-region model (`KBDL-CMP-092`) for its update stream, distinct from a transient Alert or Toast (`KBDL-CMP-088`, `KBDL-CMP-090`).",Not verified — no implementation exists yet,KBDL-CMP-105 additionally cites the unapproved KBDL-RSP-011 as related context; KBDL-CMP-111 additionally depends on the eventual KBDL-RSP-002 value for its exact trigger point,None — Approved,None,RESOLVED,Readable group plus authoritative per-ID ledger; group values reconciled without changing normative text.,PASS,None
KBDL-CMP-105,"System-state architecture; Loading, Empty, No-Results, Error, Offline/Reconnecting, Permission Denied, Not Found, Maintenance/Degraded, System Status; complex-presentation architecture; Interactive Grid, Tree/Treegrid, Carousel, Data Visualization; responsive transformation policy; security/privacy and profile-compatibility baselines",KBDL-008,components-system.md#181-interactive-grid,Recommended,Assumed,Not applicable,None,None,RESOLVED,"Project-owner review (not yet performed). Exact virtualization, column-resizing, column-reordering, and pinning behavior remain later implementation decisions, out of scope here. ### 18.2 Tree and Treegrid",Not verified — no implementation exists yet,KBDL-CMP-105 additionally cites the unapproved KBDL-RSP-011 as related context; KBDL-CMP-111 additionally depends on the eventual KBDL-RSP-002 value for its exact trigger point,components-system.md — 33.2 Recommended Decisions — Ready for Approval — item 13,None,RESOLVED,Readable group plus authoritative per-ID ledger; group values reconciled without changing normative text.,PASS,None
KBDL-CMP-106,"System-state architecture; Loading, Empty, No-Results, Error, Offline/Reconnecting, Permission Denied, Not Found, Maintenance/Degraded, System Status; complex-presentation architecture; Interactive Grid, Tree/Treegrid, Carousel, Data Visualization; responsive transformation policy; security/privacy and profile-compatibility baselines",KBDL-008,components-system.md#182-tree-and-treegrid,Recommended,Assumed,Not applicable,None,None,RESOLVED,Project-owner review (not yet performed). ### 18.3 Carousel,Not verified — no implementation exists yet,KBDL-CMP-105 additionally cites the unapproved KBDL-RSP-011 as related context; KBDL-CMP-111 additionally depends on the eventual KBDL-RSP-002 value for its exact trigger point,components-system.md — 33.2 Recommended Decisions — Ready for Approval — item 14,None,RESOLVED,Readable group plus authoritative per-ID ledger; group values reconciled without changing normative text.,PASS,None
KBDL-CMP-107,"System-state architecture; Loading, Empty, No-Results, Error, Offline/Reconnecting, Permission Denied, Not Found, Maintenance/Degraded, System Status; complex-presentation architecture; Interactive Grid, Tree/Treegrid, Carousel, Data Visualization; responsive transformation policy; security/privacy and profile-compatibility baselines",KBDL-008,components-system.md#183-carousel,Approved,Confirmed,Not verified,None,Not verified,RESOLVED,"Manual pause/stop/hide review once implemented. Whether KBDL permits automatic rotation by default at all, and any exact rotation interval, are new policy:",Not verified — no implementation exists yet,KBDL-CMP-105 additionally cites the unapproved KBDL-RSP-011 as related context; KBDL-CMP-111 additionally depends on the eventual KBDL-RSP-002 value for its exact trigger point,None — Approved,None,RESOLVED,Readable group plus authoritative per-ID ledger; group values reconciled without changing normative text.,PASS,None
KBDL-CMP-108,"System-state architecture; Loading, Empty, No-Results, Error, Offline/Reconnecting, Permission Denied, Not Found, Maintenance/Degraded, System Status; complex-presentation architecture; Interactive Grid, Tree/Treegrid, Carousel, Data Visualization; responsive transformation policy; security/privacy and profile-compatibility baselines",KBDL-008,components-system.md#183-carousel,Recommended,Assumed,Not applicable,None,None,RESOLVED,Project-owner review (not yet performed). ### 18.4 Data Visualization,Not verified — no implementation exists yet,KBDL-CMP-105 additionally cites the unapproved KBDL-RSP-011 as related context; KBDL-CMP-111 additionally depends on the eventual KBDL-RSP-002 value for its exact trigger point,components-system.md — 33.2 Recommended Decisions — Ready for Approval — item 15,None,RESOLVED,Readable group plus authoritative per-ID ledger; group values reconciled without changing normative text.,PASS,None
KBDL-CMP-109,"System-state architecture; Loading, Empty, No-Results, Error, Offline/Reconnecting, Permission Denied, Not Found, Maintenance/Degraded, System Status; complex-presentation architecture; Interactive Grid, Tree/Treegrid, Carousel, Data Visualization; responsive transformation policy; security/privacy and profile-compatibility baselines",KBDL-008,components-system.md#184-data-visualization,Approved,Confirmed,Not verified,None,Not verified,RESOLVED,"Manual review once implemented. The exact chart taxonomy, tooltip behavior, and interaction model are new policy; this document does not approve a data-visualization color palette (the palette itself remains a separate, unapproved theme matter, see [§40](#40-deferred-and-unresolved-items)):",Not verified — no implementation exists yet,KBDL-CMP-105 additionally cites the unapproved KBDL-RSP-011 as related context; KBDL-CMP-111 additionally depends on the eventual KBDL-RSP-002 value for its exact trigger point,None — Approved,None,RESOLVED,Readable group plus authoritative per-ID ledger; group values reconciled without changing normative text.,PASS,None
KBDL-CMP-110,"System-state architecture; Loading, Empty, No-Results, Error, Offline/Reconnecting, Permission Denied, Not Found, Maintenance/Degraded, System Status; complex-presentation architecture; Interactive Grid, Tree/Treegrid, Carousel, Data Visualization; responsive transformation policy; security/privacy and profile-compatibility baselines",KBDL-008,components-system.md#184-data-visualization,Recommended,Assumed,Not applicable,None,None,RESOLVED,Project-owner review (not yet performed).,Not verified — no implementation exists yet,KBDL-CMP-105 additionally cites the unapproved KBDL-RSP-011 as related context; KBDL-CMP-111 additionally depends on the eventual KBDL-RSP-002 value for its exact trigger point,components-system.md — 33.2 Recommended Decisions — Ready for Approval — item 16,None,RESOLVED,Readable group plus authoritative per-ID ledger; group values reconciled without changing normative text.,PASS,None
KBDL-CMP-111,"System-state architecture; Loading, Empty, No-Results, Error, Offline/Reconnecting, Permission Denied, Not Found, Maintenance/Degraded, System Status; complex-presentation architecture; Interactive Grid, Tree/Treegrid, Carousel, Data Visualization; responsive transformation policy; security/privacy and profile-compatibility baselines",KBDL-008,components-system.md#19-responsive-transformation-policy,Recommended,Assumed,Not applicable,None,None,RESOLVED,Project-owner review (not yet performed).,Not verified — no implementation exists yet,KBDL-CMP-105 additionally cites the unapproved KBDL-RSP-011 as related context; KBDL-CMP-111 additionally depends on the eventual KBDL-RSP-002 value for its exact trigger point,components-system.md — 33.2 Recommended Decisions — Ready for Approval — item 17,None,RESOLVED,Readable group plus authoritative per-ID ledger; group values reconciled without changing normative text.,PASS,None
KBDL-CUS-001,Manual/documented customization; authority; classification; workflow; intake; records; impact/evidence; review/rollback,KBDL-010,customization.md#1-purpose-and-scope,Approved,Confirmed,Not verified,None,Not verified,RESOLVED,Record and implementation audit.,Not verified — validation method has not been executed,No project customization exists to test,None — Approved,None,RESOLVED,Readable group plus authoritative per-ID ledger; group values reconciled without changing normative text.,PASS,None
KBDL-CUS-002,Manual/documented customization; authority; classification; workflow; intake; records; impact/evidence; review/rollback,KBDL-010,customization.md#5-customization-authority-model,Approved,Confirmed,Not verified,None,Not verified,RESOLVED,Authority-source audit.,Not verified — validation method has not been executed,Project records are not available,None — Approved,None,RESOLVED,Readable group plus authoritative per-ID ledger; group values reconciled without changing normative text.,PASS,None
KBDL-CUS-003,Manual/documented customization; authority; classification; workflow; intake; records; impact/evidence; review/rollback,KBDL-010,customization.md#6-locked-controlled-open-proposed-and-exception-classifications,Approved,Confirmed,Not verified,None,Not verified,RESOLVED,Classification review.,Not verified — validation method has not been executed,Classification has not been applied to a real request,None — Approved,None,RESOLVED,Readable group plus authoritative per-ID ledger; group values reconciled without changing normative text.,PASS,None
KBDL-CUS-004,Manual/documented customization; authority; classification; workflow; intake; records; impact/evidence; review/rollback,KBDL-010,customization.md#12-approval-and-escalation-paths,Approved,Confirmed,Not verified,None,Not verified,RESOLVED,Source-bound comparison.,Not verified — validation method has not been executed,Implementation choices are project-specific,None — Approved,None,RESOLVED,Readable group plus authoritative per-ID ledger; group values reconciled without changing normative text.,PASS,None
KBDL-CUS-005,Manual/documented customization; authority; classification; workflow; intake; records; impact/evidence; review/rollback,KBDL-010,customization.md#24-content-and-open-brand-expression,Approved,Confirmed,Not verified,None,Not verified,RESOLVED,Content and locked-rule audit.,Not verified — validation method has not been executed,Actual assets require project review,None — Approved,None,RESOLVED,Readable group plus authoritative per-ID ledger; group values reconciled without changing normative text.,PASS,None
KBDL-CUS-006,Manual/documented customization; authority; classification; workflow; intake; records; impact/evidence; review/rollback,KBDL-010,customization.md#26-reusable-versus-project-local-customization,Approved,Confirmed,Not verified,None,Not verified,RESOLVED,Proposal-history audit.,Not verified — validation method has not been executed,Exact reuse threshold is Recommended,None — Approved,None,RESOLVED,Readable group plus authoritative per-ID ledger; group values reconciled without changing normative text.,PASS,None
KBDL-CUS-007,Manual/documented customization; authority; classification; workflow; intake; records; impact/evidence; review/rollback,KBDL-010,customization.md#27-conflict-handling-and-exceptions,Approved,Confirmed,Not verified,None,Not verified,RESOLVED,Exception/stop-path audit.,Not verified — validation method has not been executed,No exception is created here,None — Approved,None,RESOLVED,Readable group plus authoritative per-ID ledger; group values reconciled without changing normative text.,PASS,None
KBDL-CUS-008,Manual/documented customization; authority; classification; workflow; intake; records; impact/evidence; review/rollback,KBDL-010,customization.md#7-manual-customization-workflow,Approved,Confirmed,Not verified,None,Not verified,RESOLVED,Workflow-stage audit.,Not verified — validation method has not been executed,No real workflow history exists,None — Approved,None,RESOLVED,Readable group plus authoritative per-ID ledger; group values reconciled without changing normative text.,PASS,None
KBDL-CUS-009,Manual/documented customization; authority; classification; workflow; intake; records; impact/evidence; review/rollback,KBDL-010,customization.md#8-customization-request-intake,Approved,Confirmed,Not verified,None,Not verified,RESOLVED,Intake-field audit.,Not verified — validation method has not been executed,Inapplicable fields require project rationale,None — Approved,None,RESOLVED,Readable group plus authoritative per-ID ledger; group values reconciled without changing normative text.,PASS,None
KBDL-CUS-010,Manual/documented customization; authority; classification; workflow; intake; records; impact/evidence; review/rollback,KBDL-010,customization.md#11-customization-record,Approved,Confirmed,Not verified,None,Not verified,RESOLVED,Programmatic field audit plus manual status review.,Not verified — validation method has not been executed,No machine-readable format is mandated,None — Approved,None,RESOLVED,Readable group plus authoritative per-ID ledger; group values reconciled without changing normative text.,PASS,None
KBDL-CUS-011,Manual/documented customization; authority; classification; workflow; intake; records; impact/evidence; review/rollback,KBDL-010,customization.md#10-impact-assessment,Approved,Confirmed,Not verified,None,Not verified,RESOLVED,Impact/evidence plan audit.,Not verified — validation method has not been executed,Final KBDL validation remains later scope,None — Approved,None,RESOLVED,Readable group plus authoritative per-ID ledger; group values reconciled without changing normative text.,PASS,None
KBDL-CUS-012,Manual/documented customization; authority; classification; workflow; intake; records; impact/evidence; review/rollback,KBDL-010,customization.md#15-review-expiry-change-and-rollback,Approved,Confirmed,Not verified,None,Not verified,RESOLVED,Record-history and rollback audit.,Not verified — validation method has not been executed,Exact cadence/expiry are Recommended,None — Approved,None,RESOLVED,Readable group plus authoritative per-ID ledger; group values reconciled without changing normative text.,PASS,None
KBDL-CUS-013,Foundations; themes; motion; responsive; accessibility; core/system components; Profiles; security/correctness; handoff,KBDL-010,customization.md#16-foundations-customization,Approved,Confirmed,Not verified,None,Not verified,RESOLVED,Foundation-role/value audit.,Not verified — validation method has not been executed,Project implementation absent,None — Approved,None,RESOLVED,Readable group plus authoritative per-ID ledger; group values reconciled without changing normative text.,PASS,None
KBDL-CUS-014,Foundations; themes; motion; responsive; accessibility; core/system components; Profiles; security/correctness; handoff,KBDL-010,customization.md#17-theme-customization,Approved,Confirmed,Not verified,None,Not verified,RESOLVED,Theme-role and parity audit.,Not verified — validation method has not been executed,Pending theme items remain excluded,None — Approved,None,RESOLVED,Readable group plus authoritative per-ID ledger; group values reconciled without changing normative text.,PASS,None
KBDL-CUS-015,Foundations; themes; motion; responsive; accessibility; core/system components; Profiles; security/correctness; handoff,KBDL-010,customization.md#18-motion-customization,Approved,Confirmed,Not verified,None,Not verified,RESOLVED,Motion architecture/safety audit.,Not verified — validation method has not been executed,Exact component values and technology remain excluded,None — Approved,None,RESOLVED,Readable group plus authoritative per-ID ledger; group values reconciled without changing normative text.,PASS,None
KBDL-CUS-016,Foundations; themes; motion; responsive; accessibility; core/system components; Profiles; security/correctness; handoff,KBDL-010,customization.md#19-responsive-customization,Approved,Confirmed,Not verified,None,Not verified,RESOLVED,Responsive outcome audit.,Not verified — validation method has not been executed,Pending exact values remain excluded,None — Approved,None,RESOLVED,Readable group plus authoritative per-ID ledger; group values reconciled without changing normative text.,PASS,None
KBDL-CUS-017,Foundations; themes; motion; responsive; accessibility; core/system components; Profiles; security/correctness; handoff,KBDL-010,customization.md#20-accessibility-customization-boundary,Approved,Confirmed,Not verified,None,Not verified,RESOLVED,WCAG/requirement audit.,Not verified — validation method has not been executed,Implementation testing is absent,None — Approved,None,RESOLVED,Readable group plus authoritative per-ID ledger; group values reconciled without changing normative text.,PASS,None
KBDL-CUS-018,Foundations; themes; motion; responsive; accessibility; core/system components; Profiles; security/correctness; handoff,KBDL-010,customization.md#21-core-component-customization,Approved,Confirmed,Not verified,None,Not verified,RESOLVED,Component-contract audit.,Not verified — validation method has not been executed,Pending KBDL-007 items remain excluded,None — Approved,None,RESOLVED,Readable group plus authoritative per-ID ledger; group values reconciled without changing normative text.,PASS,None
KBDL-CUS-019,Foundations; themes; motion; responsive; accessibility; core/system components; Profiles; security/correctness; handoff,KBDL-010,customization.md#22-system-component-customization,Approved,Confirmed,Not verified,None,Not verified,RESOLVED,System-component contract audit.,Not verified — validation method has not been executed,Pending KBDL-008 items remain excluded,None — Approved,None,RESOLVED,Readable group plus authoritative per-ID ledger; group values reconciled without changing normative text.,PASS,None
KBDL-CUS-020,Foundations; themes; motion; responsive; accessibility; core/system components; Profiles; security/correctness; handoff,KBDL-010,customization.md#23-project-profile-customization,Approved,Confirmed,Not verified,None,Not verified,RESOLVED,Profile-invariant audit.,Not verified — validation method has not been executed,Pending KBDL-009 policies remain excluded,None — Approved,None,RESOLVED,Readable group plus authoritative per-ID ledger; group values reconciled without changing normative text.,PASS,None
KBDL-CUS-021,Foundations; themes; motion; responsive; accessibility; core/system components; Profiles; security/correctness; handoff,KBDL-010,customization.md#25-security-privacy-correctness-and-data-integrity,Approved,Confirmed,Not verified,None,Not verified,RESOLVED,Security/privacy/correctness review.,Not verified — validation method has not been executed,Backend architecture is out of scope,None — Approved,None,RESOLVED,Readable group plus authoritative per-ID ledger; group values reconciled without changing normative text.,PASS,None
KBDL-CUS-022,Foundations; themes; motion; responsive; accessibility; core/system components; Profiles; security/correctness; handoff,KBDL-010,customization.md#13-implementation-handoff-boundary,Approved,Confirmed,Not verified,None,Not verified,RESOLVED,Handoff-record and artifact audit.,Not verified — validation method has not been executed,No implementation handoff exists,None — Approved,None,RESOLVED,Readable group plus authoritative per-ID ledger; group values reconciled without changing normative text.,PASS,None
KBDL-CUS-023,Identifier; local roles; risk/evidence and material-classification review triggers; review/expiry; precedence; reuse; archive/licensing/rollback evidence,KBDL-010,customization.md#11-customization-record,Recommended,Assumed,Not applicable,None,None,RESOLVED,Project-owner review.,Not verified — validation method has not been executed,Records use a visible placeholder meanwhile,Approval-ready item 1,None,RESOLVED,Readable group plus authoritative per-ID ledger; group values reconciled without changing normative text.,PASS,None
KBDL-CUS-024,Identifier; local roles; risk/evidence and material-classification review triggers; review/expiry; precedence; reuse; archive/licensing/rollback evidence,KBDL-010,customization.md#12-approval-and-escalation-paths,Recommended,Assumed,Not applicable,None,None,RESOLVED,Project-owner review.,Not verified — validation method has not been executed,Current governance does not define exact local roles,Approval-ready item 2,None,RESOLVED,Readable group plus authoritative per-ID ledger; group values reconciled without changing normative text.,PASS,None
KBDL-CUS-025,Identifier; local roles; risk/evidence and material-classification review triggers; review/expiry; precedence; reuse; archive/licensing/rollback evidence,KBDL-010,customization.md#14-validation-and-evidence-planning,Recommended,Assumed,Not applicable,None,None,RESOLVED,Project-owner review.,Not verified — validation method has not been executed,KBDL-011 does not approve this discretionary policy,Approval-ready item 3,None,RESOLVED,Readable group plus authoritative per-ID ledger; group values reconciled without changing normative text.,PASS,None
KBDL-CUS-026,Identifier; local roles; risk/evidence and material-classification review triggers; review/expiry; precedence; reuse; archive/licensing/rollback evidence,KBDL-010,customization.md#15-review-expiry-change-and-rollback,Recommended,Assumed,Not applicable,None,None,RESOLVED,Project-owner review.,Not verified — validation method has not been executed,No default time period is authorized,Approval-ready item 4,None,RESOLVED,Readable group plus authoritative per-ID ledger; group values reconciled without changing normative text.,PASS,None
KBDL-CUS-027,Identifier; local roles; risk/evidence and material-classification review triggers; review/expiry; precedence; reuse; archive/licensing/rollback evidence,KBDL-010,customization.md#15-review-expiry-change-and-rollback,Recommended,Assumed,Not applicable,None,None,RESOLVED,Project-owner review.,Not verified — validation method has not been executed,Conflicts stop under current rules,Approval-ready item 5,None,RESOLVED,Readable group plus authoritative per-ID ledger; group values reconciled without changing normative text.,PASS,None
KBDL-CUS-028,Identifier; local roles; risk/evidence and material-classification review triggers; review/expiry; precedence; reuse; archive/licensing/rollback evidence,KBDL-010,customization.md#26-reusable-versus-project-local-customization,Recommended,Assumed,Not applicable,None,None,RESOLVED,Project-owner review.,Not verified — validation method has not been executed,Reuse always triggers review until a threshold is approved,Approval-ready item 6,None,RESOLVED,Readable group plus authoritative per-ID ledger; group values reconciled without changing normative text.,PASS,None
KBDL-CUS-029,Identifier; local roles; risk/evidence and material-classification review triggers; review/expiry; precedence; reuse; archive/licensing/rollback evidence,KBDL-010,customization.md#15-review-expiry-change-and-rollback,Recommended,Assumed,Not applicable,None,None,RESOLVED,Project-owner review.,Not verified — validation method has not been executed,Exact retention and evidence rules are not authorized,Approval-ready item 7,None,RESOLVED,Readable group plus authoritative per-ID ledger; group values reconciled without changing normative text.,PASS,None
KBDL-CUS-030,Deferred tooling and formats,KBDL-010,customization.md#41-deferred-and-unresolved-items,Deferred,Assumed,Not applicable,None,None,RESOLVED,Not applicable until resumed.,Not verified — validation method has not been executed,"No JSON, YAML, schema, API, plugin, or automation is authorized",Deferred tracking,Later implementation/tooling authorization,RESOLVED,Readable group plus authoritative per-ID ledger; group values reconciled without changing normative text.,PASS,None
KBDL-FND-001,Color architecture — semantic roles and color- only-meaning prohibition,KBDL-003,foundations/color.md#1-architectural-principles-approved,Approved,Confirmed,Not verified,None,Not verified,RESOLVED,Manual review of role names against hue-independence at each later module's approval gate.,Not verified — no theme or component content exists yet to check role usage against,Cannot be fully validated until THM and CMP requirements exist,None — Approved,None,RESOLVED,Readable group plus authoritative per-ID ledger; group values reconciled without changing normative text.,PASS,None
KBDL-FND-002,Color architecture — semantic roles and color- only-meaning prohibition,KBDL-003,foundations/color.md#24-status-roles,Approved,Confirmed,Not verified,None,Not verified,RESOLVED,Manual review at component-design time (later module) plus this module's conceptual examples.,Not verified — no theme or component content exists yet to check role usage against,Cannot be fully validated until THM and CMP requirements exist,None — Approved,None,RESOLVED,Readable group plus authoritative per-ID ledger; group values reconciled without changing normative text.,PASS,None
KBDL-FND-003,Spacing rhythm and content-driven breakpoints,KBDL-003,foundations/spacing-layout.md#1-spacing-and-sizing-logic,Approved,Confirmed,Not verified,None,Not verified,RESOLVED,Manual review of spacing usage against the named step set; exceptions checked against [governance.md § Exception process](../governance.md#exception-process).,Not verified — no responsive-behavior module exists yet,Cannot be fully validated until RSP requirements exist,None — Approved,None,RESOLVED,Readable group plus authoritative per-ID ledger; group values reconciled without changing normative text.,PASS,None
KBDL-FND-004,Spacing rhythm and content-driven breakpoints,KBDL-003,foundations/spacing-layout.md#3-content-driven-breakpoint-philosophy-approved-principle-recommended-values,Approved,Confirmed,Not verified,None,Not verified,RESOLVED,Manual review of a layout's content-priority ranking at each supported breakpoint.,Not verified — no responsive-behavior module exists yet,Cannot be fully validated until RSP requirements exist,None — Approved,None,RESOLVED,Readable group plus authoritative per-ID ledger; group values reconciled without changing normative text.,PASS,None
KBDL-FND-005,Depth semantics; icon and media accessibility anticipation,KBDL-003,foundations/shape-depth.md#3-elevation-and-depth,Approved,Confirmed,Not verified,None,Not verified,RESOLVED,Manual review confirming a simplified fallback exists for each elevation level.,"Manual completeness review recorded in the KBDL-003 commit — confirmed all five elevation levels list a non-shadow-dependent fallback, and both icon and media sections state their respective anticipation requirements",No implementation exists to execute the stated typography validation method.,None — Approved,None,RESOLVED,Readable group plus authoritative per-ID ledger; group values reconciled without changing normative text.,PASS,None
KBDL-FND-006,Depth semantics; icon and media accessibility anticipation,KBDL-003,foundations/iconography-media.md#1-iconography,Approved,Confirmed,Not verified,None,Not verified,RESOLVED,Manual review of icon usage against the label-pairing rule.,"Manual completeness review recorded in the KBDL-003 commit — confirmed all five elevation levels list a non-shadow-dependent fallback, and both icon and media sections state their respective anticipation requirements",No implementation exists to execute the stated iconography validation method.,None — Approved,None,RESOLVED,Readable group plus authoritative per-ID ledger; group values reconciled without changing normative text.,PASS,None
KBDL-FND-007,Depth semantics; icon and media accessibility anticipation,KBDL-003,foundations/iconography-media.md#2-imagery-and-media,Approved,Confirmed,Not verified,None,Not verified,RESOLVED,Manual review confirming a static/paused equivalent and an anticipated accessible-text plan exist per media asset type.,"Manual completeness review recorded in the KBDL-003 commit — confirmed all five elevation levels list a non-shadow-dependent fallback, and both icon and media sections state their respective anticipation requirements",No implementation exists to execute the stated spacing validation method.,None — Approved,None,RESOLVED,Readable group plus authoritative per-ID ledger; group values reconciled without changing normative text.,PASS,None
KBDL-FND-008,Profile-level foundation adjustments,KBDL-003,foundations/README.md#4-project-profile-adjustments--foundation-summary,Approved,Confirmed,Not verified,None,Not verified,RESOLVED,Manual cross-profile review once the project-profiles module is approved.,Not verified — PRO requirements do not exist yet,Cannot be fully validated until PRO requirements exist,None — Approved,None,RESOLVED,Readable group plus authoritative per-ID ledger; group values reconciled without changing normative text.,PASS,None
KBDL-FND-009,Foundation decision packet — default values,KBDL-003,foundations/color.md#3-default-foundation,Approved,User-provided,Mixed — Verified / Not verified,Verified for the contrast calculations only (see color.md §4); Not verified for suitability as a final brand palette,Verified for the contrast calculations only (see color.md §4); Not verified for suitability as a final brand palette,RESOLVED,"Contrast calculation (completed, see evidence); brand suitability review (not yet performed).","Contrast-ratio table in foundations/color.md §4, computed via a local dependency-free script (see the KBDL-003 validation evidence for the script and full output). Updated under KBDL-003-R1: neutral-50 (3.25:1) was found to fail the 4.5:1 normal-text threshold and is now restricted to large-text/non-text-UI/decorative use only; a new neutral-60 (5.59:1) was added and verified as the safe value for normal-sized secondary/tertiary text","Approval authorizes these defaults for implementation; it does not itself constitute rendering, brand-suitability, or licensing validation — those remain Not verified as noted above",None — Approved,None,RESOLVED,Readable group plus authoritative per-ID ledger; group values reconciled without changing normative text.,PASS,None
KBDL-FND-010,Foundation decision packet — default values,KBDL-003,foundations/typography.md#3-type-scale-and-text-roles,Approved,User-provided,Not verified,None,Not verified,RESOLVED,Licensing verification (not yet performed) plus project-owner review (completed for the strategy; the specific family remains a separate future decision).,"Contrast-ratio table in foundations/color.md §4, computed via a local dependency-free script (see the KBDL-003 validation evidence for the script and full output). Updated under KBDL-003-R1: neutral-50 (3.25:1) was found to fail the 4.5:1 normal-text threshold and is now restricted to large-text/non-text-UI/decorative use only; a new neutral-60 (5.59:1) was added and verified as the safe value for normal-sized secondary/tertiary text","Approval authorizes these defaults for implementation; it does not itself constitute rendering, brand-suitability, or licensing validation — those remain Not verified as noted above",None — Approved,None,RESOLVED,Readable group plus authoritative per-ID ledger; group values reconciled without changing normative text.,PASS,None
KBDL-FND-011,Foundation decision packet — default values,KBDL-003,foundations/spacing-layout.md#13-default-modular-spacing-system,Approved,User-provided,Not verified,None,Not verified,RESOLVED,Project-owner review (completed); exact pixel values validated once chosen.,"Contrast-ratio table in foundations/color.md §4, computed via a local dependency-free script (see the KBDL-003 validation evidence for the script and full output). Updated under KBDL-003-R1: neutral-50 (3.25:1) was found to fail the 4.5:1 normal-text threshold and is now restricted to large-text/non-text-UI/decorative use only; a new neutral-60 (5.59:1) was added and verified as the safe value for normal-sized secondary/tertiary text","Approval authorizes these defaults for implementation; it does not itself constitute rendering, brand-suitability, or licensing validation — those remain Not verified as noted above",None — Approved,None,RESOLVED,Readable group plus authoritative per-ID ledger; group values reconciled without changing normative text.,PASS,None
KBDL-FND-012,Foundation decision packet — default values,KBDL-003,foundations/shape-depth.md#13-default-corner-system,Approved,User-provided,Not verified,None,Not verified,RESOLVED,Project-owner review (completed).,"Contrast-ratio table in foundations/color.md §4, computed via a local dependency-free script (see the KBDL-003 validation evidence for the script and full output). Updated under KBDL-003-R1: neutral-50 (3.25:1) was found to fail the 4.5:1 normal-text threshold and is now restricted to large-text/non-text-UI/decorative use only; a new neutral-60 (5.59:1) was added and verified as the safe value for normal-sized secondary/tertiary text","Approval authorizes these defaults for implementation; it does not itself constitute rendering, brand-suitability, or licensing validation — those remain Not verified as noted above",None — Approved,None,RESOLVED,Readable group plus authoritative per-ID ledger; group values reconciled without changing normative text.,PASS,None
KBDL-GOV-001,Specification architecture and governance foundation,KBDL-001,governance.md#kbdl-governance-and-change-control,Approved,Historical KBDL-001 prompt and approved decision record,Verified,Verified,None,RESOLVED,"Manual review — heading hierarchy, relative-link resolution, and heading-anchor correctness checked across all KBDL-001 files",Manual review recorded in commit 2d356b4 (KBDL-001 initial commit); re-checked for this remediation in commit-to-follow (see decision-register.md § KBDL-DEC-011),"No automated Markdown linter or link checker was available in this environment; verification is manual, not tool-based",None — Approved,None,RESOLVED,Readable group plus authoritative per-ID ledger; group values reconciled without changing normative text.,PASS,None
KBDL-GOV-002,WCAG 2.2 AA baseline with enhanced motion safety (locked-rule protection),KBDL-001,governance.md#kbdl-gov-001--specification-architecture-is-established,Approved,Historical KBDL-001 prompt and approved decision record,Not verified,None,Not verified,RESOLVED,Manual review; no automated check is applicable yet,Not verified — no A11Y requirement exists yet for this rule to be checked against,"Cannot be validated against a real accessibility requirement, since none exist yet",None — Approved,None,RESOLVED,Readable group plus authoritative per-ID ledger; group values reconciled without changing normative text.,PASS,None
KBDL-GOV-003,Governance and change control,KBDL-001,governance.md#kbdl-gov-002--accessibility-requirements-are-protected,Approved,Historical KBDL-001 prompt and approved decision record,Verified,Verified,None,RESOLVED,"Manual review against this prompt's required governance topics (ownership, proposal, review, approval, scope-change, exception, deprecation, versioning, documentation-update, accessibility/motion/responsive review, conformance-review, conflict-resolution, restoration, evidence)","Manual review recorded in commit 2d356b4, corrected in the remediation commit for this status-model fix",None identified,None — Approved,None,RESOLVED,Readable group plus authoritative per-ID ledger; group values reconciled without changing normative text.,PASS,None
KBDL-MOT-001,Motion purpose requirement; motion terminology; expressive-versus-usability conflict resolution,KBDL-005,motion/foundations.md#1-motion-purposes,Approved,Confirmed,Not verified,None,Not verified,RESOLVED,Manual review confirming every documented motion pattern cites a purpose from the approved list.,Manual review recorded in motion/validation.md §6,"Per-component purpose assignment depends on the Components module (CMP), not yet reached",None — Approved,None,RESOLVED,Readable group plus authoritative per-ID ledger; group values reconciled without changing normative text.,PASS,None
KBDL-MOT-002,Motion purpose requirement; motion terminology; expressive-versus-usability conflict resolution,KBDL-005,motion/README.md#2-motion-terminology,Approved,User-provided,Not verified,None,Not verified,RESOLVED,Manual terminology-consistency review.,Manual review recorded in motion/validation.md §6,"Per-component purpose assignment depends on the Components module (CMP), not yet reached",None — Approved,None,RESOLVED,Readable group plus authoritative per-ID ledger; group values reconciled without changing normative text.,PASS,None
KBDL-MOT-003,Motion purpose requirement; motion terminology; expressive-versus-usability conflict resolution,KBDL-005,motion/README.md#33-relationship-and-conflict-resolution,Approved,Confirmed,Not verified,None,Not verified,RESOLVED,Manual review of motion decisions against the priority order; disputes escalated per [governance.md](../governance.md).,Manual review recorded in motion/validation.md §6,"Per-component purpose assignment depends on the Components module (CMP), not yet reached",None — Approved,None,RESOLVED,Readable group plus authoritative per-ID ledger; group values reconciled without changing normative text.,PASS,None
KBDL-MOT-004,Ten motion categories; five-level motion hierarchy; multi-factor intensity model,KBDL-005,motion/foundations.md#2-motion-categories,Approved,User-provided,Not verified,None,Not verified,RESOLVED,Manual completeness review per category.,Manual review recorded in motion/validation.md §1,"Exceptional-level (Level 4) usage requires project-owner review each time; not yet exercised, since no implementation exists",None — Approved,None,RESOLVED,Readable group plus authoritative per-ID ledger; group values reconciled without changing normative text.,PASS,None
KBDL-MOT-005,Ten motion categories; five-level motion hierarchy; multi-factor intensity model,KBDL-005,motion/foundations.md#3-motion-hierarchy,Approved,User-provided,Not verified,None,Not verified,RESOLVED,"Manual review of Exceptional-level usage once implemented; project-owner review (performed, see [KBDL-DEC-014](../decision-register.md#kbdl-dec-014--kbdl-005-motion-decisions-approved)).",Manual review recorded in motion/validation.md §1,"Exceptional-level (Level 4) usage requires project-owner review each time; not yet exercised, since no implementation exists",None — Approved,None,RESOLVED,Readable group plus authoritative per-ID ledger; group values reconciled without changing normative text.,PASS,None
KBDL-MOT-006,Ten motion categories; five-level motion hierarchy; multi-factor intensity model,KBDL-005,motion/foundations.md#4-motion-intensity,Approved,User-provided,Not verified,None,Not verified,RESOLVED,"Manual review of intensity assessments once implemented; project-owner review (performed, see [KBDL-DEC-014](../decision-register.md#kbdl-dec-014--kbdl-005-motion-decisions-approved)).",Manual review recorded in motion/validation.md §1,"Exceptional-level (Level 4) usage requires project-owner review each time; not yet exercised, since no implementation exists",None — Approved,None,RESOLVED,Readable group plus authoritative per-ID ledger; group values reconciled without changing normative text.,PASS,None
KBDL-MOT-007,Semantic timing classes; duration recommendations; easing categories and exact curves,KBDL-005,motion/timing-easing.md#1-timing-architecture,Approved,User-provided,Not verified,None,Not verified,RESOLVED,"Manual review of timing-class usage once implemented; project-owner review (performed, see [KBDL-DEC-014](../decision-register.md#kbdl-dec-014--kbdl-005-motion-decisions-approved)).","motion/validation.md §2 — every value has a stated purpose, exit durations are equal to or shorter than paired entrances, and no value is marked Verified without implementation evidence","Approval is a lifecycle decision, not implementation validation; these values must not be treated as Verified until an implementation exists and is measured",None — Approved,None,RESOLVED,Readable group plus authoritative per-ID ledger; group values reconciled without changing normative text.,PASS,None
KBDL-MOT-008,Semantic timing classes; duration recommendations; easing categories and exact curves,KBDL-005,motion/timing-easing.md#2-duration-recommendations,Approved,User-provided,Not applicable,None,None,RESOLVED,"Project-owner review (performed, see [KBDL-DEC-014](../decision-register.md#kbdl-dec-014--kbdl-005-motion-decisions-approved)); manual implementation review once an implementation exists.","motion/validation.md §2 — every value has a stated purpose, exit durations are equal to or shorter than paired entrances, and no value is marked Verified without implementation evidence","Approval is a lifecycle decision, not implementation validation; these values must not be treated as Verified until an implementation exists and is measured",None — Approved,None,RESOLVED,Readable group plus authoritative per-ID ledger; group values reconciled without changing normative text.,PASS,None
KBDL-MOT-009,Semantic timing classes; duration recommendations; easing categories and exact curves,KBDL-005,motion/timing-easing.md#3-easing-architecture,Approved,User-provided,Not applicable,None,None,RESOLVED,"Manual conceptual review (performed, see [timing-easing.md §3](timing-easing.md#3-easing-architecture)); project-owner approval (performed, see [KBDL-DEC-014](../decision-register.md#kbdl-dec-014--kbdl-005-motion-decisions-approved)).","motion/validation.md §2 — every value has a stated purpose, exit durations are equal to or shorter than paired entrances, and no value is marked Verified without implementation evidence","Approval is a lifecycle decision, not implementation validation; these values must not be treated as Verified until an implementation exists and is measured",None — Approved,None,RESOLVED,Readable group plus authoritative per-ID ledger; group values reconciled without changing normative text.,PASS,None
KBDL-MOT-010,Spatial-movement constraints; choreography and sequencing; entrance/exit behavior,KBDL-005,motion/foundations.md#6-spatial-movement,Approved,User-provided,Not verified,None,Not verified,RESOLVED,"Manual review once implemented; project-owner review (performed, see [KBDL-DEC-014](../decision-register.md#kbdl-dec-014--kbdl-005-motion-decisions-approved)).",Not verified — no implementation exists yet,Exact pixel/percentage movement and scale values are deferred to the Components module,None — Approved,None,RESOLVED,Readable group plus authoritative per-ID ledger; group values reconciled without changing normative text.,PASS,None
KBDL-MOT-011,Spatial-movement constraints; choreography and sequencing; entrance/exit behavior,KBDL-005,motion/foundations.md#5-choreography-and-sequencing,Approved,User-provided,Not verified,None,Not verified,RESOLVED,"Manual review once implemented; project-owner review (performed, see [KBDL-DEC-014](../decision-register.md#kbdl-dec-014--kbdl-005-motion-decisions-approved)).",Not verified — no implementation exists yet,Exact pixel/percentage movement and scale values are deferred to the Components module,None — Approved,None,RESOLVED,Readable group plus authoritative per-ID ledger; group values reconciled without changing normative text.,PASS,None
KBDL-MOT-012,Spatial-movement constraints; choreography and sequencing; entrance/exit behavior,KBDL-005,motion/foundations.md#7-entrance-and-exit-behavior,Approved,Confirmed,Not verified,None,Not verified,RESOLVED,Manual review once implemented; project-owner review (not yet performed).,Not verified — no implementation exists yet,Exact pixel/percentage movement and scale values are deferred to the Components module,None — Approved,None,RESOLVED,Readable group plus authoritative per-ID ledger; group values reconciled without changing normative text.,PASS,None
KBDL-MOT-013,Navigation continuity; loading/progress; direct manipulation; attention motion; ambient/continuous motion; scroll-linked motion; media motion,KBDL-005,motion/patterns.md#1-navigation-and-spatial-continuity,Approved,User-provided,Not verified,None,Not verified,RESOLVED,"Manual review once implemented; project-owner review (performed, see [KBDL-DEC-014](../decision-register.md#kbdl-dec-014--kbdl-005-motion-decisions-approved)).",Not verified — no implementation exists yet,Exact repetition limits (attention motion) and scroll thresholds remain qualitative pending implementation-level review,None — Approved,None,RESOLVED,Readable group plus authoritative per-ID ledger; group values reconciled without changing normative text.,PASS,None
KBDL-MOT-014,Navigation continuity; loading/progress; direct manipulation; attention motion; ambient/continuous motion; scroll-linked motion; media motion,KBDL-005,motion/patterns.md#2-loading-and-progress,Approved,Confirmed,Not verified,None,Not verified,RESOLVED,Manual review once implemented; project-owner review (not yet performed).,Not verified — no implementation exists yet,Exact repetition limits (attention motion) and scroll thresholds remain qualitative pending implementation-level review,None — Approved,None,RESOLVED,Readable group plus authoritative per-ID ledger; group values reconciled without changing normative text.,PASS,None
KBDL-MOT-015,Navigation continuity; loading/progress; direct manipulation; attention motion; ambient/continuous motion; scroll-linked motion; media motion,KBDL-005,motion/patterns.md#3-direct-manipulation-and-gesture-response,Approved,Confirmed,Not verified,None,Not verified,RESOLVED,Manual review once implemented; project-owner review (not yet performed).,Not verified — no implementation exists yet,Exact repetition limits (attention motion) and scroll thresholds remain qualitative pending implementation-level review,None — Approved,None,RESOLVED,Readable group plus authoritative per-ID ledger; group values reconciled without changing normative text.,PASS,None
KBDL-MOT-016,Navigation continuity; loading/progress; direct manipulation; attention motion; ambient/continuous motion; scroll-linked motion; media motion,KBDL-005,motion/patterns.md#4-attention-motion,Approved,Confirmed,Not verified,None,Not verified,RESOLVED,Manual review once implemented; project-owner review (not yet performed).,Not verified — no implementation exists yet,Exact repetition limits (attention motion) and scroll thresholds remain qualitative pending implementation-level review,None — Approved,None,RESOLVED,Readable group plus authoritative per-ID ledger; group values reconciled without changing normative text.,PASS,None
KBDL-MOT-017,Navigation continuity; loading/progress; direct manipulation; attention motion; ambient/continuous motion; scroll-linked motion; media motion,KBDL-005,motion/patterns.md#5-ambient-and-continuous-motion,Approved,Confirmed,Not verified,None,Not verified,RESOLVED,Manual review once implemented; project-owner review (not yet performed).,Not verified — no implementation exists yet,Exact repetition limits (attention motion) and scroll thresholds remain qualitative pending implementation-level review,None — Approved,None,RESOLVED,Readable group plus authoritative per-ID ledger; group values reconciled without changing normative text.,PASS,None
KBDL-MOT-018,Navigation continuity; loading/progress; direct manipulation; attention motion; ambient/continuous motion; scroll-linked motion; media motion,KBDL-005,motion/patterns.md#6-scroll-linked-motion,Approved,Confirmed,Not verified,None,Not verified,RESOLVED,Manual review once implemented; project-owner review (not yet performed).,Not verified — no implementation exists yet,Exact repetition limits (attention motion) and scroll thresholds remain qualitative pending implementation-level review,None — Approved,None,RESOLVED,Readable group plus authoritative per-ID ledger; group values reconciled without changing normative text.,PASS,None
KBDL-MOT-019,Navigation continuity; loading/progress; direct manipulation; attention motion; ambient/continuous motion; scroll-linked motion; media motion,KBDL-005,motion/patterns.md#7-media-motion,Approved,Confirmed,Not verified,None,Not verified,RESOLVED,Manual review once implemented; project-owner review (not yet performed).,Not verified — no implementation exists yet,Exact repetition limits (attention motion) and scroll thresholds remain qualitative pending implementation-level review,None — Approved,None,RESOLVED,Readable group plus authoritative per-ID ledger; group values reconciled without changing normative text.,PASS,None
KBDL-MOT-020,Concrete duration/easing for the KBDL-004 theme-transition rules,KBDL-005,motion/patterns.md#8-theme-transition-motion,Approved,User-provided,Not verified,None,Not verified,RESOLVED,"Manual review of the worked example (performed, see [patterns.md §8](patterns.md#8-theme-transition-motion)); project-owner review (performed, see [KBDL-DEC-014](../decision-register.md#kbdl-dec-014--kbdl-005-motion-decisions-approved)).","motion/patterns.md §8 — conceptually verified against the already-Verified opaque contrast pair (17.17:1, unrelated example) and the KBDL-004 non-blocking/readability requirements; no live implementation has been rendered or measured",No intermediate-frame contrast measurement has actually been performed against a live implementation,None — Approved,None,RESOLVED,Readable group plus authoritative per-ID ledger; group values reconciled without changing normative text.,PASS,None
KBDL-MOT-021,Interruption/reversal/recovery; reduced-motion and no-motion parity; motion safety; performance requirements; mobile/input-method considerations; profile consistency; approval-gate governance,KBDL-005,motion/patterns.md#9-interruption-reversal-and-recovery,Approved,Confirmed,Not verified,None,Not verified,RESOLVED,Manual review once implemented; project-owner review (not yet performed).,"motion/validation.md §3 (reduced-motion parity, passed) and motion/validation.md §4 (pattern coverage, passed)","No implementation exists to measure actual frame rate, input latency, or cross-input-method behavior",None — Approved,None,RESOLVED,Readable group plus authoritative per-ID ledger; group values reconciled without changing normative text.,PASS,None
KBDL-MOT-022,Interruption/reversal/recovery; reduced-motion and no-motion parity; motion safety; performance requirements; mobile/input-method considerations; profile consistency; approval-gate governance,KBDL-005,motion/accessibility-performance.md#1-reduced-motion-and-no-motion-parity,Approved,Confirmed,Not verified,None,Not verified,RESOLVED,"Manual parity review per pattern (performed, see [accessibility-performance.md §1](accessibility-performance.md#1-reduced-motion-and-no-motion-parity)); implementation-level review not yet performed.","motion/validation.md §3 (reduced-motion parity, passed) and motion/validation.md §4 (pattern coverage, passed)","No implementation exists to measure actual frame rate, input latency, or cross-input-method behavior",None — Approved,None,RESOLVED,Readable group plus authoritative per-ID ledger; group values reconciled without changing normative text.,PASS,None
KBDL-MOT-023,Interruption/reversal/recovery; reduced-motion and no-motion parity; motion safety; performance requirements; mobile/input-method considerations; profile consistency; approval-gate governance,KBDL-005,motion/accessibility-performance.md#2-motion-safety,Approved,Confirmed,Not verified,None,Not verified,RESOLVED,Manual review once implemented; project-owner review (not yet performed).,"motion/validation.md §3 (reduced-motion parity, passed) and motion/validation.md §4 (pattern coverage, passed)","No implementation exists to measure actual frame rate, input latency, or cross-input-method behavior",None — Approved,None,RESOLVED,Readable group plus authoritative per-ID ledger; group values reconciled without changing normative text.,PASS,None
KBDL-MOT-024,Interruption/reversal/recovery; reduced-motion and no-motion parity; motion safety; performance requirements; mobile/input-method considerations; profile consistency; approval-gate governance,KBDL-005,motion/accessibility-performance.md#3-performance-requirements,Approved,Confirmed,Not verified,None,Not verified,RESOLVED,Implementation-level performance measurement (not yet performed — no implementation exists).,"motion/validation.md §3 (reduced-motion parity, passed) and motion/validation.md §4 (pattern coverage, passed)","No implementation exists to measure actual frame rate, input latency, or cross-input-method behavior",None — Approved,None,RESOLVED,Readable group plus authoritative per-ID ledger; group values reconciled without changing normative text.,PASS,None
KBDL-MOT-025,Interruption/reversal/recovery; reduced-motion and no-motion parity; motion safety; performance requirements; mobile/input-method considerations; profile consistency; approval-gate governance,KBDL-005,motion/accessibility-performance.md#4-mobile-and-input-method-considerations,Approved,Confirmed,Not verified,None,Not verified,RESOLVED,Manual review once implemented; project-owner review (not yet performed).,"motion/validation.md §3 (reduced-motion parity, passed) and motion/validation.md §4 (pattern coverage, passed)","No implementation exists to measure actual frame rate, input latency, or cross-input-method behavior",None — Approved,None,RESOLVED,Readable group plus authoritative per-ID ledger; group values reconciled without changing normative text.,PASS,None
KBDL-MOT-026,Interruption/reversal/recovery; reduced-motion and no-motion parity; motion safety; performance requirements; mobile/input-method considerations; profile consistency; approval-gate governance,KBDL-005,motion/patterns.md#10-profile-level-motion-interpretation,Approved,Confirmed,Not verified,None,Not verified,RESOLVED,Manual cross-profile review once the project-profiles module is approved.,"motion/validation.md §3 (reduced-motion parity, passed) and motion/validation.md §4 (pattern coverage, passed)","No implementation exists to measure actual frame rate, input latency, or cross-input-method behavior",None — Approved,None,RESOLVED,Readable group plus authoritative per-ID ledger; group values reconciled without changing normative text.,PASS,None
KBDL-MOT-027,Interruption/reversal/recovery; reduced-motion and no-motion parity; motion safety; performance requirements; mobile/input-method considerations; profile consistency; approval-gate governance,KBDL-005,motion/README.md#10-motion-decision-packet,Approved,Confirmed,Not applicable,None,None,RESOLVED,Manual review confirming no `Recommended` motion value is implemented or marked `Approved` without a decision-register entry.,"motion/validation.md §3 (reduced-motion parity, passed) and motion/validation.md §4 (pattern coverage, passed)","No implementation exists to measure actual frame rate, input latency, or cross-input-method behavior",None — Approved,None,RESOLVED,Readable group plus authoritative per-ID ledger; group values reconciled without changing normative text.,PASS,None
KBDL-MOT-028,Entrance-versus-exit duration relationship; attention repetition default; detailed ambient-motion boundaries; detailed scroll-linked-motion boundaries; reduced-motion substitution matrix; conceptual motion-token naming architecture; profile-level motion-intensity adjustments,KBDL-005,motion/foundations.md#7-entrance-and-exit-behavior,Approved,User-provided,Not applicable,None,None,RESOLVED,"Manual review once implemented; project-owner review (performed, see [KBDL-DEC-014](../decision-register.md#kbdl-dec-014--kbdl-005-motion-decisions-approved)).",Not verified — no implementation exists yet; conceptual manual review recorded in motion/validation.md where applicable,"Approval is a lifecycle decision, not implementation validation; these values must not be treated as Verified until an implementation exists and is measured",None — Approved,None,RESOLVED,Readable group plus authoritative per-ID ledger; group values reconciled without changing normative text.,PASS,None
KBDL-MOT-029,Entrance-versus-exit duration relationship; attention repetition default; detailed ambient-motion boundaries; detailed scroll-linked-motion boundaries; reduced-motion substitution matrix; conceptual motion-token naming architecture; profile-level motion-intensity adjustments,KBDL-005,motion/patterns.md#4-attention-motion,Approved,User-provided,Not applicable,None,None,RESOLVED,"Manual review once implemented; project-owner review (performed, see [KBDL-DEC-014](../decision-register.md#kbdl-dec-014--kbdl-005-motion-decisions-approved)).",Not verified — no implementation exists yet; conceptual manual review recorded in motion/validation.md where applicable,"Approval is a lifecycle decision, not implementation validation; these values must not be treated as Verified until an implementation exists and is measured",None — Approved,None,RESOLVED,Readable group plus authoritative per-ID ledger; group values reconciled without changing normative text.,PASS,None
KBDL-MOT-030,Entrance-versus-exit duration relationship; attention repetition default; detailed ambient-motion boundaries; detailed scroll-linked-motion boundaries; reduced-motion substitution matrix; conceptual motion-token naming architecture; profile-level motion-intensity adjustments,KBDL-005,motion/patterns.md#5-ambient-and-continuous-motion,Approved,User-provided,Not verified,None,Not verified,RESOLVED,"Manual review once implemented; project-owner review (performed, see [KBDL-DEC-014](../decision-register.md#kbdl-dec-014--kbdl-005-motion-decisions-approved)).",Not verified — no implementation exists yet; conceptual manual review recorded in motion/validation.md where applicable,"Approval is a lifecycle decision, not implementation validation; these values must not be treated as Verified until an implementation exists and is measured",None — Approved,None,RESOLVED,Readable group plus authoritative per-ID ledger; group values reconciled without changing normative text.,PASS,None
KBDL-MOT-031,Entrance-versus-exit duration relationship; attention repetition default; detailed ambient-motion boundaries; detailed scroll-linked-motion boundaries; reduced-motion substitution matrix; conceptual motion-token naming architecture; profile-level motion-intensity adjustments,KBDL-005,motion/patterns.md#6-scroll-linked-motion,Approved,User-provided,Not verified,None,Not verified,RESOLVED,"Manual review once implemented; project-owner review (performed, see [KBDL-DEC-014](../decision-register.md#kbdl-dec-014--kbdl-005-motion-decisions-approved)).",Not verified — no implementation exists yet; conceptual manual review recorded in motion/validation.md where applicable,"Approval is a lifecycle decision, not implementation validation; these values must not be treated as Verified until an implementation exists and is measured",None — Approved,None,RESOLVED,Readable group plus authoritative per-ID ledger; group values reconciled without changing normative text.,PASS,None
KBDL-MOT-032,Entrance-versus-exit duration relationship; attention repetition default; detailed ambient-motion boundaries; detailed scroll-linked-motion boundaries; reduced-motion substitution matrix; conceptual motion-token naming architecture; profile-level motion-intensity adjustments,KBDL-005,motion/accessibility-performance.md#14-per-category-parity-matrix,Approved,User-provided,Not applicable,None,None,RESOLVED,"Manual review (performed, see [motion/validation.md §3](validation.md#3-reduced-motion-matrix-review-performed)); project-owner review (performed, see [KBDL-DEC-014](../decision-register.md#kbdl-dec-014--kbdl-005-motion-decisions-approved)).",Not verified — no implementation exists yet; conceptual manual review recorded in motion/validation.md where applicable,"Approval is a lifecycle decision, not implementation validation; these values must not be treated as Verified until an implementation exists and is measured",None — Approved,None,RESOLVED,Readable group plus authoritative per-ID ledger; group values reconciled without changing normative text.,PASS,None
KBDL-MOT-033,Entrance-versus-exit duration relationship; attention repetition default; detailed ambient-motion boundaries; detailed scroll-linked-motion boundaries; reduced-motion substitution matrix; conceptual motion-token naming architecture; profile-level motion-intensity adjustments,KBDL-005,motion/timing-easing.md#4-conceptual-motion-tokens,Approved,User-provided,Not applicable,None,None,RESOLVED,"Manual review once implemented; project-owner review (performed, see [KBDL-DEC-014](../decision-register.md#kbdl-dec-014--kbdl-005-motion-decisions-approved)).",Not verified — no implementation exists yet; conceptual manual review recorded in motion/validation.md where applicable,"Approval is a lifecycle decision, not implementation validation; these values must not be treated as Verified until an implementation exists and is measured",None — Approved,None,RESOLVED,Readable group plus authoritative per-ID ledger; group values reconciled without changing normative text.,PASS,None
KBDL-MOT-034,Entrance-versus-exit duration relationship; attention repetition default; detailed ambient-motion boundaries; detailed scroll-linked-motion boundaries; reduced-motion substitution matrix; conceptual motion-token naming architecture; profile-level motion-intensity adjustments,KBDL-005,motion/patterns.md#10-profile-level-motion-interpretation,Approved,User-provided,Not verified,None,Not verified,RESOLVED,"Manual cross-profile review once the project-profiles module is approved; project-owner review (performed, see [KBDL-DEC-014](../decision-register.md#kbdl-dec-014--kbdl-005-motion-decisions-approved)).",Not verified — no implementation exists yet; conceptual manual review recorded in motion/validation.md where applicable,"Approval is a lifecycle decision, not implementation validation; these values must not be treated as Verified until an implementation exists and is measured",None — Approved,None,RESOLVED,Readable group plus authoritative per-ID ledger; group values reconciled without changing normative text.,PASS,None
KBDL-PRN-001,"KBDL identity, personality, and explicit exclusions",KBDL-002,principles.md#12-normative-requirements,Approved,User-provided,Not verified,None,Not verified,RESOLVED,Manual design review against this section at each later module's approval gate.,"Not verified — validation method has not yet been run against a later module, since none exist yet","Cannot be checked against real foundation, theme, or component content until those modules exist",None — Approved,None,RESOLVED,Readable group plus authoritative per-ID ledger; group values reconciled without changing normative text.,PASS,None
KBDL-PRN-002,Relationship between Digital Luxury and Technical Utility,KBDL-002,principles.md#12-normative-requirements,Approved,User-provided,Not verified,None,Not verified,RESOLVED,Manual review of design decisions against the priority order; disputes escalated per Section 8.,Not verified,No real design decisions exist yet to test the priority order against,None — Approved,None,RESOLVED,Readable group plus authoritative per-ID ledger; group values reconciled without changing normative text.,PASS,None
KBDL-PRN-003,Core enforceable design principles,KBDL-002,principles.md#12-normative-requirements,Approved,User-provided,Not verified,None,Not verified,RESOLVED,"Manual review using each principle's review questions, at each later module's approval gate.",Not verified — the requirement's later-module approval-gate method has not been executed completely,Complete evidence across every later module is unavailable,None — Approved,None,RESOLVED,Readable group plus authoritative per-ID ledger; group values reconciled without changing normative text.,PASS,None
KBDL-PRN-004,Cross-project visual consistency,KBDL-002,principles.md#12-normative-requirements,Approved,User-provided,Not verified,None,Not verified,RESOLVED,"Manual cross-reference review once foundation, theme, and responsive modules are approved.",Not verified — dependent modules do not exist yet,"Cannot be fully validated until FND, THM, and RSP requirements exist",None — Approved,None,RESOLVED,Readable group plus authoritative per-ID ledger; group values reconciled without changing normative text.,PASS,None
KBDL-PRN-005,Stable and variable identity elements,KBDL-002,principles.md#12-normative-requirements,Approved,User-provided,Not verified,None,Not verified,RESOLVED,Manual review of any proposed exception against the exception process.,Not verified — the requirement's full later-module and implementation review has not been executed,Controlled-variable ranges are intentionally undefined pending later modules,None — Approved,None,RESOLVED,Readable group plus authoritative per-ID ledger; group values reconciled without changing normative text.,PASS,None
KBDL-PRN-006,Design-decision hierarchy and conflict handling,KBDL-002,principles.md#12-normative-requirements,Approved,User-provided,Not verified,None,Not verified,RESOLVED,Manual review of decision records against the hierarchy; conflicts escalated per governance's conflict-resolution process.,Not verified — no real design decision has been escalated through this hierarchy yet,Later-module conflict-resolution behavior has not been executed.,None — Approved,None,RESOLVED,Readable group plus authoritative per-ID ledger; group values reconciled without changing normative text.,PASS,None
KBDL-PRN-007,Profile-level interpretation of shared principles,KBDL-002,principles.md#12-normative-requirements,Approved,User-provided,Not verified,None,Not verified,RESOLVED,Manual cross-profile consistency review once the project-profiles module is approved.,Not verified — the project-profiles module (PRO) does not exist yet,Cannot be fully validated until PRO requirements exist,None — Approved,None,RESOLVED,Readable group plus authoritative per-ID ledger; group values reconciled without changing normative text.,PASS,None
KBDL-PRN-008,Conceptual examples distinguishing conformance from non-conformance,KBDL-002,principles.md#12-normative-requirements,Approved,User-provided,Not verified,None,Not verified,RESOLVED,"Manual conformance review against the pattern list at each later module's approval gate, recorded in the [conformance checklist](conformance-checklist.md). ---",Not verified — example-count evidence does not execute the requirement's later-module conformance-review method,Examples are conceptual; no mockups or token values exist to check them against yet,None — Approved,None,RESOLVED,Readable group plus authoritative per-ID ledger; group values reconciled without changing normative text.,PASS,None
KBDL-PRO-001,Profile architecture; terminology; locked/controlled/open classification; profile selection and declaration,KBDL-009,profiles.md#5-profile-architecture,Approved,Confirmed,Not verified,None,Not verified,RESOLVED,"Manual cross-profile architecture review (performed for this document's own consistency, see implementation report).",Not verified — no implementation exists yet,Implementation-level profile behavior is not verified; no coded project profile exists yet to test against,None — Approved,None,RESOLVED,Readable group plus authoritative per-ID ledger; group values reconciled without changing normative text.,PASS,None
KBDL-PRO-002,Profile architecture; terminology; locked/controlled/open classification; profile selection and declaration,KBDL-009,profiles.md#4-project-profile-terminology,Approved,Confirmed,Not verified,None,Not verified,RESOLVED,Manual terminology-consistency review.,Not verified — no implementation exists yet,Implementation-level profile behavior is not verified; no coded project profile exists yet to test against,None — Approved,None,RESOLVED,Readable group plus authoritative per-ID ledger; group values reconciled without changing normative text.,PASS,None
KBDL-PRO-003,Profile architecture; terminology; locked/controlled/open classification; profile selection and declaration,KBDL-009,profiles.md#7-locked-controlled-and-open-profile-decisions,Approved,Confirmed,Not verified,None,Not verified,RESOLVED,Manual review once a project profile is implemented.,Not verified — no implementation exists yet,Implementation-level profile behavior is not verified; no coded project profile exists yet to test against,None — Approved,None,RESOLVED,Readable group plus authoritative per-ID ledger; group values reconciled without changing normative text.,PASS,None
KBDL-PRO-004,Profile architecture; terminology; locked/controlled/open classification; profile selection and declaration,KBDL-009,profiles.md#7-locked-controlled-and-open-profile-decisions,Approved,Confirmed,Not verified,None,Not verified,RESOLVED,Manual review once a project profile is implemented.,Not verified — no implementation exists yet,Implementation-level profile behavior is not verified; no coded project profile exists yet to test against,None — Approved,None,RESOLVED,Readable group plus authoritative per-ID ledger; group values reconciled without changing normative text.,PASS,None
KBDL-PRO-005,Profile architecture; terminology; locked/controlled/open classification; profile selection and declaration,KBDL-009,profiles.md#7-locked-controlled-and-open-profile-decisions,Approved,Confirmed,Not verified,None,Not verified,RESOLVED,Manual review once a project profile is implemented.,Not verified — no implementation exists yet,"Not applicable — restates an existing scope/governance rule, not independently testable against an implementation",None — Approved,None,RESOLVED,Readable group plus authoritative per-ID ledger; group values reconciled without changing normative text.,PASS,None
KBDL-PRO-006,Profile architecture; terminology; locked/controlled/open classification; profile selection and declaration,KBDL-009,profiles.md#7-locked-controlled-and-open-profile-decisions,Approved,Confirmed,Not applicable,None,None,RESOLVED,"Manual scope-compliance review (performed, see implementation report).",Not verified — no implementation exists yet,"Not applicable — scope-control requirement, not independently testable against an implementation",None — Approved,None,RESOLVED,Readable group plus authoritative per-ID ledger; group values reconciled without changing normative text.,PASS,None
KBDL-PRO-007,Profile architecture; terminology; locked/controlled/open classification; profile selection and declaration,KBDL-009,profiles.md#8-profile-selection-and-declaration,Approved,Confirmed,Not applicable,None,None,RESOLVED,Manual review of a project's declaration once one exists.,Not verified — no implementation exists yet,No project profile declaration exists yet to review against this requirement's field list,None — Approved,None,RESOLVED,Readable group plus authoritative per-ID ledger; group values reconciled without changing normative text.,PASS,None
KBDL-PRO-008,Profile architecture; terminology; locked/controlled/open classification; profile selection and declaration,KBDL-009,profiles.md#8-profile-selection-and-declaration,Approved,Confirmed,Not applicable,None,None,RESOLVED,Manual review of a project's stated selection rationale.,Not verified — no implementation exists yet,"No project profile declaration exists yet to review against this requirement. Whether a project must select exactly one primary profile, may select a secondary profile, or may use a hybrid model is new governance policy:",None — Approved,None,RESOLVED,Readable group plus authoritative per-ID ledger; group values reconciled without changing normative text.,PASS,None
KBDL-PRO-009,Profile architecture; terminology; locked/controlled/open classification; profile selection and declaration,KBDL-009,profiles.md#8-profile-selection-and-declaration,Recommended,Assumed,Not applicable,None,None,RESOLVED,Project-owner review (not yet performed).,Not verified — no implementation exists yet,Recommended — grants no implementation authority pending project-owner review; see the decision packet,Approval-ready item 1,None,RESOLVED,Readable group plus authoritative per-ID ledger; group values reconciled without changing normative text.,PASS,None
KBDL-PRO-010,Showcase Profile; Precision Profile; Flow Profile; component interpretation per profile,KBDL-009,profiles.md#101-purpose,Approved,Confirmed,Not verified,None,Not verified,RESOLVED,Manual cross-module consistency review.,Not verified — no implementation exists yet,Implementation-level profile behavior is not verified; no coded project profile exists yet to test against. ### 10.2 Component Interpretation,None — Approved,None,RESOLVED,Readable group plus authoritative per-ID ledger; group values reconciled without changing normative text.,PASS,None
KBDL-PRO-011,Showcase Profile; Precision Profile; Flow Profile; component interpretation per profile,KBDL-009,profiles.md#111-purpose,Approved,Confirmed,Not verified,None,Not verified,RESOLVED,Manual cross-module consistency review.,Not verified — no implementation exists yet,Implementation-level profile behavior is not verified; no coded project profile exists yet to test against. ### 11.2 Component Interpretation,None — Approved,None,RESOLVED,Readable group plus authoritative per-ID ledger; group values reconciled without changing normative text.,PASS,None
KBDL-PRO-012,Showcase Profile; Precision Profile; Flow Profile; component interpretation per profile,KBDL-009,profiles.md#121-purpose,Approved,Confirmed,Not verified,None,Not verified,RESOLVED,Manual cross-module consistency review.,Not verified — no implementation exists yet,Implementation-level profile behavior is not verified; no coded project profile exists yet to test against. ### 12.2 Component Interpretation,None — Approved,None,RESOLVED,Readable group plus authoritative per-ID ledger; group values reconciled without changing normative text.,PASS,None
KBDL-PRO-013,Showcase Profile; Precision Profile; Flow Profile; component interpretation per profile,KBDL-009,profiles.md#102-component-interpretation,Approved,Confirmed,Not verified,None,Not verified,RESOLVED,Manual component-composition review.,Not verified — no implementation exists yet,Implementation-level profile behavior is not verified; no coded project profile exists yet to test against. Any exact Showcase card-variant or composition default remains new policy:,None — Approved,None,RESOLVED,Readable group plus authoritative per-ID ledger; group values reconciled without changing normative text.,PASS,None
KBDL-PRO-014,Showcase Profile; Precision Profile; Flow Profile; component interpretation per profile,KBDL-009,profiles.md#112-component-interpretation,Approved,Confirmed,Not verified,None,Not verified,RESOLVED,Manual component-composition review. This requirement does not adopt the pending grid-versus-table threshold (`KBDL-CMP-105`) or data-dense transformation strategy (`KBDL-RSP-011`) as authority — both remain cited only as unapproved context (see [§37](#37-kbdl-008-approval-boundary-audit)).,Not verified — no implementation exists yet,Implementation-level profile behavior is not verified; no coded project profile exists yet to test against. Any exact Precision density or component-variant default remains new policy:,None — Approved,"None blocking; KBDL-CMP-105, KBDL-RSP-011 cited as unapproved context only, not adopted as authority",RESOLVED,Readable group plus authoritative per-ID ledger; group values reconciled without changing normative text.,PASS,None
KBDL-PRO-015,Showcase Profile; Precision Profile; Flow Profile; component interpretation per profile,KBDL-009,profiles.md#122-component-interpretation,Approved,Confirmed,Not verified,None,Not verified,RESOLVED,Manual component-composition review. This requirement does not adopt the pending button-hierarchy (`KBDL-CMP-015`) or form-action-row-ordering (`KBDL-CMP-036`) recommendations as authority for Flow's action sequences — both remain cited only as unapproved context (see [§36](#36-kbdl-007-approval-boundary-audit)).,Not verified — no implementation exists yet,Implementation-level profile behavior is not verified; no coded project profile exists yet to test against. Any exact Flow action-hierarchy or workflow-component default remains new policy:,None — Approved,"None blocking; KBDL-CMP-015, KBDL-CMP-036 cited as unapproved context only, not adopted as authority",RESOLVED,Readable group plus authoritative per-ID ledger; group values reconciled without changing normative text.,PASS,None
KBDL-PRO-016,Showcase Profile; Precision Profile; Flow Profile; component interpretation per profile,KBDL-009,profiles.md#102-component-interpretation,Recommended,Assumed,Not applicable,None,None,RESOLVED,Project-owner review (not yet performed); not independently approvable until `KBDL-CMP-067` is approved.,Not verified — no implementation exists yet,Contingent on the unapproved KBDL-008 KBDL-CMP-067; cannot be approved independently through the KBDL-009 packet until KBDL-CMP-067 is approved or replaced,Contingent — [§33.3](#333-unresolved-or-not-approval-ready); not independently approval-ready,KBDL-CMP-067 (KBDL-008) — blocking,RESOLVED,Readable group plus authoritative per-ID ledger; group values reconciled without changing normative text.,PASS,None
KBDL-PRO-017,Showcase Profile; Precision Profile; Flow Profile; component interpretation per profile,KBDL-009,profiles.md#112-component-interpretation,Recommended,Assumed,Not applicable,None,None,RESOLVED,Project-owner review (not yet performed).,Not verified — no implementation exists yet,Recommended — grants no implementation authority pending project-owner review; see the decision packet,Approval-ready item 2,"None blocking; KBDL-RSP-002, KBDL-RSP-003 cited as unapproved context only for the eventual exact grid-interaction point, not required for this item's own approval",RESOLVED,Readable group plus authoritative per-ID ledger; group values reconciled without changing normative text.,PASS,None
KBDL-PRO-018,Showcase Profile; Precision Profile; Flow Profile; component interpretation per profile,KBDL-009,profiles.md#122-component-interpretation,Recommended,Assumed,Not applicable,None,None,RESOLVED,Project-owner review (not yet performed); not independently approvable until `KBDL-CMP-015`/`036` are approved.,Not verified — no implementation exists yet,Contingent on the unapproved KBDL-007 KBDL-CMP-015/036; cannot be approved independently through the KBDL-009 packet until those are approved or replaced,Contingent — [§33.3](#333-unresolved-or-not-approval-ready); not independently approval-ready,"KBDL-CMP-015, KBDL-CMP-036 (KBDL-007) — blocking",RESOLVED,Readable group plus authoritative per-ID ledger; group values reconciled without changing normative text.,PASS,None
KBDL-PRO-019,"Principles/core-component/system-component mapping; content and communication; security, privacy, and correctness; profile conflicts; profile adoption and change management",KBDL-009,profiles.md#14-principles-mapping,Approved,Confirmed,Not verified,None,Not verified,RESOLVED,Manual principle-by-principle review using each principle's review questions ([principles.md §6](principles.md#6-core-principles)).,Not verified — no implementation exists yet,Implementation-level profile behavior is not verified; no coded project profile exists yet to test against,None — Approved,None,RESOLVED,Readable group plus authoritative per-ID ledger; group values reconciled without changing normative text.,PASS,None
KBDL-PRO-020,"Principles/core-component/system-component mapping; content and communication; security, privacy, and correctness; profile conflicts; profile adoption and change management",KBDL-009,profiles.md#20-core-component-mapping,Approved,Confirmed,Not verified,None,Not verified,RESOLVED,Manual cross-profile component-semantics review.,Not verified — no implementation exists yet,Implementation-level profile behavior is not verified; no coded project profile exists yet to test against,None — Approved,None,RESOLVED,Readable group plus authoritative per-ID ledger; group values reconciled without changing normative text.,PASS,None
KBDL-PRO-021,"Principles/core-component/system-component mapping; content and communication; security, privacy, and correctness; profile conflicts; profile adoption and change management",KBDL-009,profiles.md#21-system-component-mapping,Approved,Confirmed,Not verified,None,Not verified,RESOLVED,Manual cross-profile component-semantics review.,Not verified — no implementation exists yet,Implementation-level profile behavior is not verified; no coded project profile exists yet to test against,None — Approved,None,RESOLVED,Readable group plus authoritative per-ID ledger; group values reconciled without changing normative text.,PASS,None
KBDL-PRO-022,"Principles/core-component/system-component mapping; content and communication; security, privacy, and correctness; profile conflicts; profile adoption and change management",KBDL-009,profiles.md#22-content-and-communication-considerations,Approved,Confirmed,Not verified,None,Not verified,RESOLVED,Manual content review. Showcase may emphasize editorial storytelling and project narrative; Precision may emphasize scannable labels and operational precision; Flow may emphasize reassuring instructions and recovery guidance — none of these emphases changes the shared requirements above.,Not verified — no implementation exists yet,Implementation-level profile behavior is not verified; no coded project profile exists yet to test against,None — Approved,None,RESOLVED,Readable group plus authoritative per-ID ledger; group values reconciled without changing normative text.,PASS,None
KBDL-PRO-023,"Principles/core-component/system-component mapping; content and communication; security, privacy, and correctness; profile conflicts; profile adoption and change management",KBDL-009,profiles.md#23-security-privacy-and-correctness,Approved,Confirmed,Not verified,None,Not verified,RESOLVED,Manual security review. Precision density must not obscure permissions or errors; Showcase expression must not expose private media or metadata; Flow reassurance must not make unconfirmed success claims — each restates the shared rule above for its own emphasis area.,Not verified — no implementation exists yet,Implementation-level profile behavior is not verified; no coded project profile exists yet to test against,None — Approved,None,RESOLVED,Readable group plus authoritative per-ID ledger; group values reconciled without changing normative text.,PASS,None
KBDL-PRO-024,"Principles/core-component/system-component mapping; content and communication; security, privacy, and correctness; profile conflicts; profile adoption and change management",KBDL-009,profiles.md#24-profile-conflicts-and-exception-handling,Approved,Confirmed,Not verified,None,Not verified,RESOLVED,Manual review of any proposed exception against the governance exception process.,Not verified — no implementation exists yet,Implementation-level profile behavior is not verified; no coded project profile exists yet to test against,None — Approved,None,RESOLVED,Readable group plus authoritative per-ID ledger; group values reconciled without changing normative text.,PASS,None
KBDL-PRO-025,"Principles/core-component/system-component mapping; content and communication; security, privacy, and correctness; profile conflicts; profile adoption and change management",KBDL-009,profiles.md#24-profile-conflicts-and-exception-handling,Approved,Confirmed,Not applicable,None,None,RESOLVED,"Manual scope-compliance review (performed, see implementation report).",Not verified — no implementation exists yet,"Not applicable — scope-control requirement, not independently testable against an implementation",None — Approved,None,RESOLVED,Readable group plus authoritative per-ID ledger; group values reconciled without changing normative text.,PASS,None
KBDL-PRO-026,"Principles/core-component/system-component mapping; content and communication; security, privacy, and correctness; profile conflicts; profile adoption and change management",KBDL-009,profiles.md#25-profile-adoption-and-change-management,Approved,Confirmed,Not applicable,None,None,RESOLVED,Manual review of a project's adoption record once one exists.,Not verified — no implementation exists yet,"No project profile adoption record exists yet to review against this requirement's field list. Whether a profile may change after adoption, whether a project may have multiple profile scopes, and how migration is governed are new decisions:",None — Approved,None,RESOLVED,Readable group plus authoritative per-ID ledger; group values reconciled without changing normative text.,PASS,None
KBDL-PRO-027,"Principles/core-component/system-component mapping; content and communication; security, privacy, and correctness; profile conflicts; profile adoption and change management",KBDL-009,profiles.md#25-profile-adoption-and-change-management,Recommended,Assumed,Not applicable,None,None,RESOLVED,Project-owner review (not yet performed).,Not verified — no implementation exists yet,Recommended — grants no implementation authority pending project-owner review; see the decision packet,Approval-ready item 3,None,RESOLVED,Readable group plus authoritative per-ID ledger; group values reconciled without changing normative text.,PASS,None
KBDL-PRO-028,"Principles/core-component/system-component mapping; content and communication; security, privacy, and correctness; profile conflicts; profile adoption and change management",KBDL-009,profiles.md#8-profile-selection-and-declaration,Recommended,Assumed,Not applicable,None,None,RESOLVED,Project-owner review (not yet performed).,Not verified — no implementation exists yet,Recommended — grants no implementation authority pending project-owner review; see the decision packet,Approval-ready item 4,None,RESOLVED,Readable group plus authoritative per-ID ledger; group values reconciled without changing normative text.,PASS,None
KBDL-PRO-029,"Principles/core-component/system-component mapping; content and communication; security, privacy, and correctness; profile conflicts; profile adoption and change management",KBDL-009,profiles.md#25-profile-adoption-and-change-management,Recommended,Assumed,Not applicable,None,None,RESOLVED,Project-owner review (not yet performed).,Not verified — no implementation exists yet,Recommended — grants no implementation authority pending project-owner review; see the decision packet. Manual customization of a project's KBDL implementation is governed by [customization.md](customization.md); this profile document does not itself authorize a project customization,Approval-ready item 5,None,RESOLVED,Readable group plus authoritative per-ID ledger; group values reconciled without changing normative text.,PASS,None
KBDL-RSP-001,Responsive-content priority; layout reflow; source/reading order; orientation; zoom and enlarged text; responsive focus management,KBDL-006,responsive.md#4-responsive-content-priority,Approved,Confirmed,Not verified,None,Not verified,RESOLVED,Manual review once implemented; comparing content inventory across breakpoints.,Not verified — no implementation exists yet,Implementation-dependent; cannot be tested until a real layout exists,None — Approved,None,RESOLVED,Readable group plus authoritative per-ID ledger; group values reconciled without changing normative text.,PASS,None
KBDL-RSP-002,Exact breakpoint thresholds; grid column counts; container widths and reading measures; gutters and responsive spacing,KBDL-006,responsive.md#7-proposed-exact-breakpoint-thresholds,Recommended,Assumed,Not applicable,None,None,RESOLVED,Project-owner review (not yet performed); manual implementation review once an implementation exists.,Not verified — no implementation exists yet,These are recommendations awaiting project-owner approval; must not be treated as Approved or implemented until that approval is recorded,responsive.md — 35.2 Recommended Decisions — Ready for Approval — item 1,None,RESOLVED,Readable group plus authoritative per-ID ledger; group values reconciled without changing normative text.,PASS,None
KBDL-RSP-003,Exact breakpoint thresholds; grid column counts; container widths and reading measures; gutters and responsive spacing,KBDL-006,responsive.md#8-grid-and-column-behavior,Recommended,Assumed,Not applicable,None,None,RESOLVED,Project-owner review (not yet performed).,Not verified — no implementation exists yet,These are recommendations awaiting project-owner approval; must not be treated as Approved or implemented until that approval is recorded,responsive.md — 35.2 Recommended Decisions — Ready for Approval — item 2,None,RESOLVED,Readable group plus authoritative per-ID ledger; group values reconciled without changing normative text.,PASS,None
KBDL-RSP-004,Exact breakpoint thresholds; grid column counts; container widths and reading measures; gutters and responsive spacing,KBDL-006,responsive.md#9-container-widths-and-reading-measures,Recommended,Assumed,Not applicable,None,None,RESOLVED,Project-owner review (not yet performed).,Not verified — no implementation exists yet,These are recommendations awaiting project-owner approval; must not be treated as Approved or implemented until that approval is recorded,responsive.md — 35.2 Recommended Decisions — Ready for Approval — item 3,None,RESOLVED,Readable group plus authoritative per-ID ledger; group values reconciled without changing normative text.,PASS,None
KBDL-RSP-005,Exact breakpoint thresholds; grid column counts; container widths and reading measures; gutters and responsive spacing,KBDL-006,responsive.md#10-gutters-and-responsive-spacing,Recommended,Assumed,Not applicable,None,None,RESOLVED,Project-owner review (not yet performed).,Not verified — no implementation exists yet,These are recommendations awaiting project-owner approval; must not be treated as Approved or implemented until that approval is recorded,responsive.md — 35.2 Recommended Decisions — Ready for Approval — item 4,None,RESOLVED,Readable group plus authoritative per-ID ledger; group values reconciled without changing normative text.,PASS,None
KBDL-RSP-006,Responsive-content priority; layout reflow; source/reading order; orientation; zoom and enlarged text; responsive focus management,KBDL-006,responsive.md#11-layout-reflow,Approved,Confirmed,Not verified,None,Not verified,RESOLVED,Manual reflow testing once an implementation exists (documented as a distinct method in [§34](#34-responsive-validation-matrix)).,Not verified — no implementation exists yet,Implementation-dependent; cannot be tested until a real layout exists,None — Approved,None,RESOLVED,Readable group plus authoritative per-ID ledger; group values reconciled without changing normative text.,PASS,None
KBDL-RSP-007,Responsive-content priority; layout reflow; source/reading order; orientation; zoom and enlarged text; responsive focus management,KBDL-006,responsive.md#12-source-order-and-reading-order,Approved,Confirmed,Not verified,None,Not verified,RESOLVED,Manual keyboard/screen-reader order review once implemented.,Not verified — no implementation exists yet,Implementation-dependent; cannot be tested until a real layout exists,None — Approved,None,RESOLVED,Readable group plus authoritative per-ID ledger; group values reconciled without changing normative text.,PASS,None
KBDL-RSP-008,Navigation adaptation; content-density adaptation; media and image adaptation; data-dense/tabular content; full-bleed and asymmetric layouts,KBDL-006,responsive.md#13-navigation-adaptation,Recommended,Assumed,Not verified,None,Not verified,RESOLVED,Manual review once implemented; project-owner review of thresholds (not yet performed).,Not verified — no implementation exists yet,Exact collapse thresholds and per-project column-priority rules remain qualitative pending implementation-level review,responsive.md — 35.2 Recommended Decisions — Ready for Approval — item 5,None,RESOLVED,Readable group plus authoritative per-ID ledger; group values reconciled without changing normative text.,PASS,None
KBDL-RSP-009,Navigation adaptation; content-density adaptation; media and image adaptation; data-dense/tabular content; full-bleed and asymmetric layouts,KBDL-006,responsive.md#14-content-density-adaptation,Approved,Confirmed,Not verified,None,Not verified,RESOLVED,Manual review once implemented.,Not verified — no implementation exists yet,Exact collapse thresholds and per-project column-priority rules remain qualitative pending implementation-level review,None — Approved,None,RESOLVED,Readable group plus authoritative per-ID ledger; group values reconciled without changing normative text.,PASS,None
KBDL-RSP-010,Navigation adaptation; content-density adaptation; media and image adaptation; data-dense/tabular content; full-bleed and asymmetric layouts,KBDL-006,responsive.md#15-media-and-image-adaptation,Approved,Confirmed,Not verified,None,Not verified,RESOLVED,Manual review once implemented.,Not verified — no implementation exists yet,Exact collapse thresholds and per-project column-priority rules remain qualitative pending implementation-level review,None — Approved,None,RESOLVED,Readable group plus authoritative per-ID ledger; group values reconciled without changing normative text.,PASS,None
KBDL-RSP-011,Navigation adaptation; content-density adaptation; media and image adaptation; data-dense/tabular content; full-bleed and asymmetric layouts,KBDL-006,responsive.md#16-data-dense-and-tabular-content,Recommended,Assumed,Not verified,None,Not verified,RESOLVED,Manual review once implemented; project-owner review (not yet performed).,Not verified — no implementation exists yet,Exact collapse thresholds and per-project column-priority rules remain qualitative pending implementation-level review,responsive.md — 35.2 Recommended Decisions — Ready for Approval — item 6,None,RESOLVED,Readable group plus authoritative per-ID ledger; group values reconciled without changing normative text.,PASS,None
KBDL-RSP-012,Navigation adaptation; content-density adaptation; media and image adaptation; data-dense/tabular content; full-bleed and asymmetric layouts,KBDL-006,responsive.md#17-full-bleed-and-asymmetric-layouts,Approved,Confirmed,Not verified,None,Not verified,RESOLVED,Manual review once implemented.,Not verified — no implementation exists yet,Exact collapse thresholds and per-project column-priority rules remain qualitative pending implementation-level review,None — Approved,None,RESOLVED,Readable group plus authoritative per-ID ledger; group values reconciled without changing normative text.,PASS,None
KBDL-RSP-013,Sticky/fixed regions; safe areas; virtual-keyboard behavior; touch/pointer/keyboard/hybrid input; hover-independent discoverability,KBDL-006,responsive.md#18-sticky-and-fixed-regions,Approved,Confirmed,Not verified,None,Not verified,RESOLVED,Manual keyboard-focus review once implemented.,Not verified — no implementation exists yet,Implementation- and device-dependent,None — Approved,None,RESOLVED,Readable group plus authoritative per-ID ledger; group values reconciled without changing normative text.,PASS,None
KBDL-RSP-014,Sticky/fixed regions; safe areas; virtual-keyboard behavior; touch/pointer/keyboard/hybrid input; hover-independent discoverability,KBDL-006,responsive.md#19-safe-areas-and-viewport-edges,Approved,Confirmed,Not verified,None,Not verified,RESOLVED,Manual review on representative devices once implemented.,Not verified — no implementation exists yet,Implementation- and device-dependent,None — Approved,None,RESOLVED,Readable group plus authoritative per-ID ledger; group values reconciled without changing normative text.,PASS,None
KBDL-RSP-015,Responsive-content priority; layout reflow; source/reading order; orientation; zoom and enlarged text; responsive focus management,KBDL-006,responsive.md#20-orientation-changes,Approved,Confirmed,Not verified,None,Not verified,RESOLVED,Manual orientation testing once implemented.,Not verified — no implementation exists yet,Implementation-dependent; cannot be tested until a real layout exists,None — Approved,None,RESOLVED,Readable group plus authoritative per-ID ledger; group values reconciled without changing normative text.,PASS,None
KBDL-RSP-016,Responsive-content priority; layout reflow; source/reading order; orientation; zoom and enlarged text; responsive focus management,KBDL-006,responsive.md#21-zoom-and-enlarged-text,Approved,Confirmed,Not verified,None,Not verified,RESOLVED,Manual zoom/reflow testing once implemented.,Not verified — no implementation exists yet,Implementation-dependent; cannot be tested until a real layout exists,None — Approved,None,RESOLVED,Readable group plus authoritative per-ID ledger; group values reconciled without changing normative text.,PASS,None
KBDL-RSP-017,Sticky/fixed regions; safe areas; virtual-keyboard behavior; touch/pointer/keyboard/hybrid input; hover-independent discoverability,KBDL-006,responsive.md#22-virtual-keyboard-behavior,Approved,Confirmed,Not verified,None,Not verified,RESOLVED,Manual mobile testing once implemented.,Not verified — no implementation exists yet,Implementation- and device-dependent,None — Approved,None,RESOLVED,Readable group plus authoritative per-ID ledger; group values reconciled without changing normative text.,PASS,None
KBDL-RSP-018,Sticky/fixed regions; safe areas; virtual-keyboard behavior; touch/pointer/keyboard/hybrid input; hover-independent discoverability,KBDL-006,responsive.md#23-touch-pointer-keyboard-and-hybrid-input,Approved,Confirmed,Not verified,None,Not verified,RESOLVED,Manual cross-input testing once implemented.,Not verified — no implementation exists yet,Implementation- and device-dependent,None — Approved,None,RESOLVED,Readable group plus authoritative per-ID ledger; group values reconciled without changing normative text.,PASS,None
KBDL-RSP-019,Sticky/fixed regions; safe areas; virtual-keyboard behavior; touch/pointer/keyboard/hybrid input; hover-independent discoverability,KBDL-006,responsive.md#24-hover-independent-discoverability,Approved,Confirmed,Not verified,None,Not verified,RESOLVED,Manual review once implemented.,Not verified — no implementation exists yet,Implementation- and device-dependent,None — Approved,None,RESOLVED,Readable group plus authoritative per-ID ledger; group values reconciled without changing normative text.,PASS,None
KBDL-RSP-020,Responsive-content priority; layout reflow; source/reading order; orientation; zoom and enlarged text; responsive focus management,KBDL-006,responsive.md#25-responsive-focus-management,Approved,Confirmed,Not verified,None,Not verified,RESOLVED,Manual keyboard testing once implemented.,Not verified — no implementation exists yet,Implementation-dependent; cannot be tested until a real layout exists,None — Approved,None,RESOLVED,Readable group plus authoritative per-ID ledger; group values reconciled without changing normative text.,PASS,None
KBDL-RSP-021,Responsive motion behavior; performance and low-capability contexts,KBDL-006,responsive.md#26-responsive-motion-behavior,Approved,Confirmed,Not verified,None,Not verified,RESOLVED,Manual review once implemented.,Not verified — no implementation exists yet,Performance claims cannot be Verified without a real implementation to measure,None — Approved,None,RESOLVED,Readable group plus authoritative per-ID ledger; group values reconciled without changing normative text.,PASS,None
KBDL-RSP-022,Responsive motion behavior; performance and low-capability contexts,KBDL-006,responsive.md#27-performance-and-low-capability-contexts,Approved,Confirmed,Not verified,None,Not verified,RESOLVED,Manual review; implementation-level performance measurement once an implementation exists.,Not verified — no implementation exists yet,Performance claims cannot be Verified without a real implementation to measure,None — Approved,None,RESOLVED,Readable group plus authoritative per-ID ledger; group values reconciled without changing normative text.,PASS,None
KBDL-THM-001,Theme architecture and semantic-role inventory,KBDL-004,themes/semantic-roles.md#1-semantic-role-inventory,Approved,Confirmed,Not verified,None,Not verified,RESOLVED,Manual review of role usage against the inventory at each later module's approval gate.,Not verified — no component module exists yet to check role usage against,Cannot be fully validated until component modules (CMP) exist,None — Approved,None,RESOLVED,Readable group plus authoritative per-ID ledger; group values reconciled without changing normative text.,PASS,None
KBDL-THM-002,Light/dark theme parity,KBDL-004,themes/semantic-roles.md#2-semantic-parity,Approved,Confirmed,Verified,Verified (see semantic-roles.md §2 parity matrix),None,RESOLVED,"Parity-matrix completeness check (performed, see validation.md).","Parity matrix in themes/semantic-roles.md § Parity Matrix — 72 unique roles, 72 light mappings, 72 dark mappings, 1 role-level alias (corrected under KBDL-004-R3, previously miscounted as 2), 0 unresolved; recorded in the KBDL-004-R3 commit. The KBDL-004-R1 re-run found and fixed a real table-formatting defect (an inserted paragraph had broken the Status Families table in light-theme.md §5, orphaning its ""Neutral status"" row)",None identified,None — Approved,None,RESOLVED,Readable group plus authoritative per-ID ledger; group values reconciled without changing normative text.,PASS,None
KBDL-THM-003,Theme-selection precedence — explicit-choice-over-system-preference core,KBDL-004,themes/README.md#5-theme-selection-precedence,Approved,Confirmed,Not verified,None,Not verified,RESOLVED,Manual review of precedence logic once implemented.,Not verified — no implementation exists yet,Cannot be validated until an implementation exists,None — Approved,None,RESOLVED,Readable group plus authoritative per-ID ledger; group values reconciled without changing normative text.,PASS,None
KBDL-THM-004,Theme preference persistence baseline,KBDL-004,themes/README.md#7-persistence-guidance,Approved,User-provided,Not verified,None,Not verified — approval authorizes this baseline; it does not itself constitute implementation validation,RESOLVED,Manual review of persistence design once implemented (not yet performed — approval does not require this to have happened).,"Not verified — no implementation exists yet; approval is a lifecycle decision, not validation evidence",Cannot be validated until an implementation exists,None — Approved,None,RESOLVED,Readable group plus authoritative per-ID ledger; group values reconciled without changing normative text.,PASS,None
KBDL-THM-005,Accessibility cannot be weakened by a project theme override; shared theme architecture across profiles,KBDL-004,themes/adaptation.md#12-projects-must-not,Approved,Confirmed,Not verified,None,Not verified,RESOLVED,Manual review of any project theme against the documented boundaries.,Not verified — no project theme or PRO module exists yet,Cannot be fully validated until PRO requirements exist,None — Approved,None,RESOLVED,Readable group plus authoritative per-ID ledger; group values reconciled without changing normative text.,PASS,None
KBDL-THM-006,Accessibility cannot be weakened by a project theme override; shared theme architecture across profiles,KBDL-004,themes/README.md#8-project-profile-theme-interpretation,Approved,Confirmed,Not verified,None,Not verified,RESOLVED,Manual cross-profile review once the project-profiles module is approved.,Not verified — no project theme or PRO module exists yet,Cannot be fully validated until PRO requirements exist,None — Approved,None,RESOLVED,Readable group plus authoritative per-ID ledger; group values reconciled without changing normative text.,PASS,None
KBDL-THM-007,Light and dark theme semantic mappings,KBDL-004,themes/light-theme.md,Approved,User-provided,Mixed — Verified / Not verified,Verified for the opaque contrast pairs listed in light-theme.md and validation.md; Not verified for the excluded opacity values or for suitability beyond the tested pairs,Verified for the opaque contrast pairs listed in light-theme.md and validation.md; Not verified for the excluded opacity values or for suitability beyond the tested pairs,RESOLVED,"WCAG relative-luminance contrast calculation (completed, see validation.md); project-owner approval (recorded, see [KBDL-DEC-013](../decision-register.md#kbdl-dec-013--kbdl-004-theme-decisions-approved)).","themes/validation.md §3 — 52 pairs tested, all opaque, all passing their applicable threshold except 4 explicitly decorative-exempt borders/gridlines. The two Informational failures identified in the original KBDL-004 report (3.78:1, 4.21:1) are resolved by a revised hue (#164499) for the Text/Icon/Border/Strong-surface roles, with neutral-10 correctly retained for On-strong-surface content (role assignment corrected under KBDL-004-R2) — see adaptation.md §5.2. The Media caption row was corrected under KBDL-004-R2 to describe a fully opaque neutral-100 band (17.17:1 is directly correct for this pair, not inherited or assumed)","Approval covers the opaque mappings only; opacity values must not be treated as Approved or implemented until a future decision addresses them. The dark theme was independently designed, not inverted from light — see dark-theme.md § Design Strategy for the neutral-60/neutral-50 asymmetry this produced. Translucent opacity values remain entirely out of scope for this row",None — Approved,None,RESOLVED,Readable group plus authoritative per-ID ledger; group values reconciled without changing normative text.,PASS,None
KBDL-THM-008,Light and dark theme semantic mappings,KBDL-004,themes/dark-theme.md,Approved,User-provided,Mixed — Verified / Not verified,Verified for the opaque contrast pairs listed in dark-theme.md and validation.md; Not verified for the excluded opacity values or for suitability beyond the tested pairs,Verified for the opaque contrast pairs listed in dark-theme.md and validation.md; Not verified for the excluded opacity values or for suitability beyond the tested pairs,RESOLVED,"WCAG relative-luminance contrast calculation (completed, see validation.md); project-owner approval (recorded, see [KBDL-DEC-013](../decision-register.md#kbdl-dec-013--kbdl-004-theme-decisions-approved)).","themes/validation.md §3 — 52 pairs tested, all opaque, all passing their applicable threshold except 4 explicitly decorative-exempt borders/gridlines. The two Informational failures identified in the original KBDL-004 report (3.78:1, 4.21:1) are resolved by a revised hue (#164499) for the Text/Icon/Border/Strong-surface roles, with neutral-10 correctly retained for On-strong-surface content (role assignment corrected under KBDL-004-R2) — see adaptation.md §5.2. The Media caption row was corrected under KBDL-004-R2 to describe a fully opaque neutral-100 band (17.17:1 is directly correct for this pair, not inherited or assumed)","Approval covers the opaque mappings only; opacity values must not be treated as Approved or implemented until a future decision addresses them. The dark theme was independently designed, not inverted from light — see dark-theme.md § Design Strategy for the neutral-60/neutral-50 asymmetry this produced. Translucent opacity values remain entirely out of scope for this row",None — Approved,None,RESOLVED,Readable group plus authoritative per-ID ledger; group values reconciled without changing normative text.,PASS,None
KBDL-THM-009,Status-family theme colors; gradient strategy; color-value expression convention,KBDL-004,themes/adaptation.md#5-status-family-theme-behavior,Approved,User-provided,Mixed — Verified / Not verified,Verified for the contrast pairs listed (see validation.md); Not verified for suitability beyond the tested pairs,Verified for the contrast pairs listed (see validation.md); Not verified for suitability beyond the tested pairs,RESOLVED,"WCAG relative-luminance contrast calculation (completed, see validation.md); project-owner approval (recorded, see [KBDL-DEC-013](../decision-register.md#kbdl-dec-013--kbdl-004-theme-decisions-approved)).","themes/validation.md §3 for the recalculated pairs and themes/adaptation.md §5.2 for the Informational correction record. themes/adaptation.md §4.3 documents both gradient endpoints tested against both candidate text colors and the corrected, fully-opaque caption-band resolution (KBDL-004-R2)","New dark-mode status hues (#7CC4FF, #6FD19A, #E0A840, #FF8A80) were introduced here since the light-mode-only values from KBDL-003 fail contrast against a dark canvas; these dark hues, along with the light-mode Informational value revised to #164499 under KBDL-004-R1, are now Approved as part of the theme layer under KBDL-004-A1 (its correct role assignment — #164499 for Text/Icon/Border/Strong-surface, neutral-10 for On-strong-surface content — was clarified under KBDL-004-R2). Any translucent caption-band variant remains outside this row's approved scope",None — Approved,None,RESOLVED,Readable group plus authoritative per-ID ledger; group values reconciled without changing normative text.,PASS,None
KBDL-THM-010,Status-family theme colors; gradient strategy; color-value expression convention,KBDL-004,themes/adaptation.md#4-gradient-strategy,Approved,User-provided,Mixed — Verified / Not verified,Verified for the opaque caption-band pair and both gradient endpoints (see validation.md); Not verified for any translucent variant,Verified for the opaque caption-band pair and both gradient endpoints (see validation.md); Not verified for any translucent variant,RESOLVED,"Manual review of worst-case text-over-gradient contrast (performed for the documented example, see validation.md); project-owner approval (recorded, see [KBDL-DEC-013](../decision-register.md#kbdl-dec-013--kbdl-004-theme-decisions-approved)).","themes/validation.md §3 for the recalculated pairs and themes/adaptation.md §5.2 for the Informational correction record. themes/adaptation.md §4.3 documents both gradient endpoints tested against both candidate text colors and the corrected, fully-opaque caption-band resolution (KBDL-004-R2)","New dark-mode status hues (#7CC4FF, #6FD19A, #E0A840, #FF8A80) were introduced here since the light-mode-only values from KBDL-003 fail contrast against a dark canvas; these dark hues, along with the light-mode Informational value revised to #164499 under KBDL-004-R1, are now Approved as part of the theme layer under KBDL-004-A1 (its correct role assignment — #164499 for Text/Icon/Border/Strong-surface, neutral-10 for On-strong-surface content — was clarified under KBDL-004-R2). Any translucent caption-band variant remains outside this row's approved scope",None — Approved,None,RESOLVED,Readable group plus authoritative per-ID ledger; group values reconciled without changing normative text.,PASS,None
KBDL-THM-011,Status-family theme colors; gradient strategy; color-value expression convention,KBDL-004,themes/adaptation.md#6-color-value-expression,Approved,User-provided,Not applicable,None,None,RESOLVED,"Project-owner approval (recorded, see [KBDL-DEC-013](../decision-register.md#kbdl-dec-013--kbdl-004-theme-decisions-approved)).","themes/validation.md §3 for the recalculated pairs and themes/adaptation.md §5.2 for the Informational correction record. themes/adaptation.md §4.3 documents both gradient endpoints tested against both candidate text colors and the corrected, fully-opaque caption-band resolution (KBDL-004-R2)","New dark-mode status hues (#7CC4FF, #6FD19A, #E0A840, #FF8A80) were introduced here since the light-mode-only values from KBDL-003 fail contrast against a dark canvas; these dark hues, along with the light-mode Informational value revised to #164499 under KBDL-004-R1, are now Approved as part of the theme layer under KBDL-004-A1 (its correct role assignment — #164499 for Text/Icon/Border/Strong-surface, neutral-10 for On-strong-surface content — was clarified under KBDL-004-R2). Any translucent caption-band variant remains outside this row's approved scope",None — Approved,None,RESOLVED,Readable group plus authoritative per-ID ledger; group values reconciled without changing normative text.,PASS,None
KBDL-THM-012,"Theme-transition guidance (conceptual, no timing/easing); reduced-motion requirement",KBDL-004,themes/adaptation.md#7-theme-transition-guidance,Approved,User-provided,Not verified,None,Not verified,RESOLVED,"Manual review confirming no timing/easing values were introduced (performed); project-owner approval (recorded, see [KBDL-DEC-013](../decision-register.md#kbdl-dec-013--kbdl-004-theme-decisions-approved)).",Manual scope-compliance review recorded in the KBDL-004 commit — confirmed zero millisecond/easing values anywhere in docs/kbdl/themes/,"Exact timing/easing depends entirely on KBDL-005, which is eligible for its own future prompt and has not been started by this approval",None — Approved,None,RESOLVED,Readable group plus authoritative per-ID ledger; group values reconciled without changing normative text.,PASS,None
KBDL-THM-012a,"Theme-transition guidance (conceptual, no timing/easing); reduced-motion requirement",KBDL-004,themes/adaptation.md#71-requirements,Approved,Confirmed,Not verified,None,Not verified,RESOLVED,Manual review confirming reduced-motion behavior is honored once implemented.,Manual scope-compliance review recorded in the KBDL-004 commit — confirmed zero millisecond/easing values anywhere in docs/kbdl/themes/,"Exact timing/easing depends entirely on KBDL-005, which is eligible for its own future prompt and has not been started by this approval",None — Approved,None,RESOLVED,Readable group plus authoritative per-ID ledger; group values reconciled without changing normative text.,PASS,None
KBDL-THM-013,Full six-level theme-selection precedence ordering,KBDL-004,themes/README.md#5-theme-selection-precedence,Approved,User-provided,Not verified,None,Not verified,RESOLVED,"Manual review of the full precedence flow once implemented; project-owner approval (recorded, see [KBDL-DEC-013](../decision-register.md#kbdl-dec-013--kbdl-004-theme-decisions-approved)).","Not verified — approval is a lifecycle decision, not validation evidence",Cannot be validated until an implementation exists,None — Approved,None,RESOLVED,Readable group plus authoritative per-ID ledger; group values reconciled without changing normative text.,PASS,None
KBDL-THM-014,Detailed permitted project-override list and documentation requirement,KBDL-004,themes/adaptation.md#1-project-controlled-adaptation,Approved,User-provided,Not verified,None,Not verified,RESOLVED,"Manual review of the override list once a project theme exists; project-owner approval (recorded, see [KBDL-DEC-013](../decision-register.md#kbdl-dec-013--kbdl-004-theme-decisions-approved)).","Not verified — approval is a lifecycle decision, not validation evidence",Cannot be validated until a project theme exists,None — Approved,None,RESOLVED,Readable group plus authoritative per-ID ledger; group values reconciled without changing normative text.,PASS,None
KBDL-THM-015,Named local-contrast-context set and nesting rules,KBDL-004,themes/adaptation.md#2-local-contrast-contexts,Approved,User-provided,Not verified,None,Not verified,RESOLVED,"Manual review of context usage against the defined set and rules once implemented; project-owner approval (recorded, see [KBDL-DEC-013](../decision-register.md#kbdl-dec-013--kbdl-004-theme-decisions-approved)).","Not verified — approval is a lifecycle decision, not validation evidence",Cannot be validated until an implementation exists,None — Approved,None,RESOLVED,Readable group plus authoritative per-ID ledger; group values reconciled without changing normative text.,PASS,None
KBDL-VAL-001,Final validation methodology; evidence classification; complete inventory; authority and status integrity,KBDL-011,validation.md#4-evidence-classification,Approved,Confirmed,Verified,Verified,None,RESOLVED,Classification audit executed by the final validator; PASS,Executed evidence — docs/kbdl/evidence/kbdl-011-r8/artifacts/validation-output.txt; stated repository method PASS.,Runtime claims remain Class E,None — Approved,None,RESOLVED,Readable group plus authoritative per-ID ledger; group values reconciled without changing normative text.,PASS,None
KBDL-VAL-002,Final validation methodology; evidence classification; complete inventory; authority and status integrity,KBDL-011,validation.md#8-requirement-inventory,Approved,Confirmed,Verified,Verified,None,RESOLVED,"Parser inventory; 317 unique requirements, zero gaps/duplicates",Executed evidence — docs/kbdl/evidence/kbdl-011-r8/artifacts/validation-output.txt; stated repository method PASS.,None,None — Approved,None,RESOLVED,Readable group plus authoritative per-ID ledger; group values reconciled without changing normative text.,PASS,None
KBDL-VAL-003,Final validation methodology; evidence classification; complete inventory; authority and status integrity,KBDL-011,validation.md#9-lifecycle-status-audit,Approved,Confirmed,Verified,Complete R15 lifecycle and authority semantic audit,None,RESOLVED,Exact standard-clause and complete authority-reference classification audit,Executed evidence — docs/kbdl/evidence/kbdl-011-r15/artifacts/val-003-audit.txt; 26-mutation suite PASS.,Historical approval commands remain unrecovered,None — Approved,None,RESOLVED,R15 restores only the executed repository method; lifecycle provenance and authority scope unchanged.,PASS,None
KBDL-VAL-004,Final validation methodology; evidence classification; complete inventory; authority and status integrity,KBDL-011,validation.md#11-validation-status-audit,Approved,Confirmed,Not verified,None,Complete R12 gate remains Not verified,RESOLVED,"Corrected clause/scope audit is complete, but the fixed-point gate depends on unresolved VAL-003 and VAL-006 source derivation",R12 source-derived audit records the unresolved source coverage; no PASS claimed,No unsupported clause is retained as Verified; the aggregate gate remains Not verified,None — Approved,None,RESOLVED,"R12 removes the R11 false-positive restoration; lifecycle, provenance, and authority are unchanged.",PASS,None
KBDL-VAL-005,Decision and pending integrity; traceability; documentation integrity; static cross-module consistency,KBDL-011,validation.md#13-decision-register-audit,Approved,Confirmed,Verified,Verified,None,RESOLVED,Decision/packet audit; zero orphan or untracked items,Executed evidence — docs/kbdl/evidence/kbdl-011-r8/artifacts/validation-output.txt; stated repository method PASS.,Pending choices remain unavailable for implementation,None — Approved,None,RESOLVED,Readable group plus authoritative per-ID ledger; group values reconciled without changing normative text.,PASS,None
KBDL-VAL-006,Decision and pending integrity; traceability; documentation integrity; static cross-module consistency,KBDL-011,validation.md#15-traceability-audit,Approved,Confirmed,Verified,Complete R15 field-source and semantic relationship audit,None,RESOLVED,Exact group grammar location packet dependency evidence and limitation relationship audit,Executed evidence — docs/kbdl/evidence/kbdl-011-r15/artifacts/val-006-audit.txt; 26-mutation suite PASS.,Implementation remains unverified,None — Approved,None,RESOLVED,R15 restores only the executed repository method; normative requirements and administrative semantics unchanged.,PASS,None
KBDL-VAL-007,Decision and pending integrity; traceability; documentation integrity; static cross-module consistency,KBDL-011,validation.md#16-cross-reference-and-documentation-integrity-audit,Approved,Confirmed,Verified,Complete documentation-integrity method,None within the stated repository method,RESOLVED,"Complete link, anchor, heading, section, placeholder, conflict-marker, table, ID, packet, label, roadmap, readiness, and completion-claim audit",Executed evidence — docs/kbdl/evidence/kbdl-011-r11/artifacts/val-007-audit.txt; complete stated method PASS.,No external-site availability or runtime claim,None — Approved,None,RESOLVED,"R11 restores Verified only for the executed repository method; no runtime, readiness approval, limitation acceptance, or completion approval.",PASS,None
KBDL-VAL-008,Decision and pending integrity; traceability; documentation integrity; static cross-module consistency,KBDL-011,validation.md#17-governance-and-conventions-audit,Approved,Confirmed,Not verified,None,Not verified,RESOLVED,No executed independent method covers every stated cross-module invariant; complete method not established,Not verified — no executed independent result artifact covers every stated cross-module invariant,static and runtime architecture require further evidence,None — Approved,None,RESOLVED,Readable group plus authoritative per-ID ledger; group values reconciled without changing normative text.,PASS,None
KBDL-VAL-009,Reproducible theme calculations; implementation and project ledgers; completion governance,KBDL-011,validation.md#20-theme-audit,Approved,Confirmed,Verified,Verified,None,RESOLVED,WCAG contrast script; PASS and checksum recorded,Executed evidence — docs/kbdl/evidence/kbdl-011-r8/artifacts/validation-output.txt; stated repository method PASS.,Translucency/media remain unverified,None — Approved,None,RESOLVED,Readable group plus authoritative per-ID ledger; group values reconciled without changing normative text.,PASS,None
KBDL-VAL-010,Reproducible theme calculations; implementation and project ledgers; completion governance,KBDL-011,validation.md#29-implementation-dependent-validation-ledger,Approved,Confirmed,Not verified,None,Not verified,RESOLVED,No independent per-ID ledger-coverage proof covers the complete stated method,Not verified — no independent per-ID result artifact covers the complete ledger method,listed behavior and ledger completeness remain Not verified,None — Approved,Future implementation,RESOLVED,Readable group plus authoritative per-ID ledger; group values reconciled without changing normative text.,PASS,None
KBDL-VAL-011,Reproducible theme calculations; implementation and project ledgers; completion governance,KBDL-011,validation.md#30-project-specific-validation-ledger,Approved,Confirmed,Not verified,None,Not verified,RESOLVED,"Project absence is established, but complete project-ledger coverage is not independently proven",Not verified — validation method has not been executed,No adopting project,None — Approved,Adopting project,RESOLVED,Readable group plus authoritative per-ID ledger; group values reconciled without changing normative text.,PASS,None
KBDL-VAL-012,Reproducible theme calculations; implementation and project ledgers; completion governance,KBDL-011,validation.md#41-completion-and-approval-boundary,Approved,Confirmed,Verified,Verified,None,RESOLVED,Completion-claim scan; zero decisions/claims,Executed evidence — docs/kbdl/evidence/kbdl-011-r8/artifacts/validation-output.txt; stated repository method PASS.,Candidate status is not approval,None — Approved,Planning-agent and project-owner review,RESOLVED,Readable group plus authoritative per-ID ledger; group values reconciled without changing normative text.,PASS,None
