Resolution issue ID,Category,Requirement ID,Field or relationship,Current candidate value,Current candidate source,Permitted authoritative source,Authoritative source found,R16 defect category,R16 evidence reference,Affected validation gate,Affected effective record,Related requirements,Related decisions,Related packet item,Related standard,Current risk,Recommended resolution approach,Alternative approaches,Trade-offs,Required owner decision,Implementation action potentially unlocked,Additional approval required,Owner decision,Owner decision date,Owner evidence,Resolution status,Notes
SMR1-VC-0001,Validation classification,KBDL-A11Y-001,Validation classification,Not verified,traceability-metadata.csv (candidate only),A — Normative-owned,None,UNRESOLVED_FIELD_SOURCE,unresolved-field-sources.csv,VAL-003; VAL-006,KBDL-A11Y-001,,,,,Normative record,No approach recommended; options only: PROVIDE ORIGINAL OR APPROVED SOURCE / CONFIRM CURRENT CLASSIFICATION AS NEW CURRENT AUTHORITY / REVISE CLASSIFICATION / SET TO NOT VERIFIED / DEFER DECISION,Setting to Not verified is the most conservative alternative and requires no new authority.,Confirming current classification as new current authority would be current and non-retroactive; would not reconstruct historical approval; would not prove execution evidence; would not change lifecycle; would require a later recording and validation prompt. Prohibited automatic correction: Ledger/readable-group self-proof.,Approve an independent source or preserve Not verified,"A future recording/validation prompt for KBDL-A11Y-001's validation classification field, only after an explicit owner decision and separate validation.",Planning-agent validation of the recorded decision before any implementation action.,PENDING,PENDING,PENDING,SOURCE EVIDENCE REQUIRED,
SMR1-KL-0001,Known limitation,KBDL-A11Y-001,Known limitation,"This document does not claim full WCAG conformance, screen-reader compatibility, or real-device support — those require an implementation and recorded test evidence",traceability-metadata.csv (candidate only),D — Evidence-owned,None,UNRESOLVED_FIELD_SOURCE,unresolved-field-sources.csv ; limitation-scope-audit.csv,VAL-006; VAL-005,KBDL-A11Y-001,,,,,Not-verified/excluded scope relationship,No approach recommended; options only: PROVIDE APPROVED LIMITATION SOURCE / CONFIRM CURRENT LIMITATION AS CURRENT NON-RETROACTIVE GOVERNANCE / REVISE LIMITATION / REMOVE UNSUPPORTED LIMITATION / DEFER DECISION,Removing the limitation text without a supporting source risks silently narrowing disclosed scope.,No limitation is accepted through packet preparation; confirming current text as governance would be current and non-retroactive only. Prohibited automatic correction: Ledger/readable-group self-proof.,Approve an independent source or preserve Not verified,"A future recording/validation prompt for KBDL-A11Y-001's known limitation field, only after an explicit owner decision and separate validation.",Planning-agent validation of the recorded decision before any implementation action.,PENDING,PENDING,PENDING,SOURCE EVIDENCE REQUIRED,Shared with R16 LIMITATION_MISMATCH finding: derived Not-verified/excluded scope = 'not verified not verified'; exact normalized scope overlap = 'None' (limitation-scope-audit.csv).
SMR1-KL-0002,Known limitation,KBDL-A11Y-002,Known limitation,"This document does not claim full WCAG conformance, screen-reader compatibility, or real-device support — those require an implementation and recorded test evidence",traceability-metadata.csv (candidate only),D — Evidence-owned,None,UNRESOLVED_FIELD_SOURCE,unresolved-field-sources.csv ; limitation-scope-audit.csv,VAL-006; VAL-005,KBDL-A11Y-002,,,,,Not-verified/excluded scope relationship,No approach recommended; options only: PROVIDE APPROVED LIMITATION SOURCE / CONFIRM CURRENT LIMITATION AS CURRENT NON-RETROACTIVE GOVERNANCE / REVISE LIMITATION / REMOVE UNSUPPORTED LIMITATION / DEFER DECISION,Removing the limitation text without a supporting source risks silently narrowing disclosed scope.,No limitation is accepted through packet preparation; confirming current text as governance would be current and non-retroactive only. Prohibited automatic correction: Ledger/readable-group self-proof.,Approve an independent source or preserve Not verified,"A future recording/validation prompt for KBDL-A11Y-002's known limitation field, only after an explicit owner decision and separate validation.",Planning-agent validation of the recorded decision before any implementation action.,PENDING,PENDING,PENDING,SOURCE EVIDENCE REQUIRED,Shared with R16 LIMITATION_MISMATCH finding: derived Not-verified/excluded scope = 'not verified not verified'; exact normalized scope overlap = 'None' (limitation-scope-audit.csv).
SMR1-KL-0003,Known limitation,KBDL-A11Y-003,Known limitation,"This document does not claim full WCAG conformance, screen-reader compatibility, or real-device support — those require an implementation and recorded test evidence",traceability-metadata.csv (candidate only),D — Evidence-owned,None,UNRESOLVED_FIELD_SOURCE,unresolved-field-sources.csv ; limitation-scope-audit.csv,VAL-006; VAL-005,KBDL-A11Y-003,,,,,Not-verified/excluded scope relationship,No approach recommended; options only: PROVIDE APPROVED LIMITATION SOURCE / CONFIRM CURRENT LIMITATION AS CURRENT NON-RETROACTIVE GOVERNANCE / REVISE LIMITATION / REMOVE UNSUPPORTED LIMITATION / DEFER DECISION,Removing the limitation text without a supporting source risks silently narrowing disclosed scope.,No limitation is accepted through packet preparation; confirming current text as governance would be current and non-retroactive only. Prohibited automatic correction: Ledger/readable-group self-proof.,Approve an independent source or preserve Not verified,"A future recording/validation prompt for KBDL-A11Y-003's known limitation field, only after an explicit owner decision and separate validation.",Planning-agent validation of the recorded decision before any implementation action.,PENDING,PENDING,PENDING,SOURCE EVIDENCE REQUIRED,Shared with R16 LIMITATION_MISMATCH finding: derived Not-verified/excluded scope = 'not verified not verified'; exact normalized scope overlap = 'None' (limitation-scope-audit.csv).
SMR1-VC-0002,Validation classification,KBDL-A11Y-004,Validation classification,Not verified,traceability-metadata.csv (candidate only),A — Normative-owned,None,UNRESOLVED_FIELD_SOURCE,unresolved-field-sources.csv,VAL-003; VAL-006,KBDL-A11Y-004,,,,,Normative record,No approach recommended; options only: PROVIDE ORIGINAL OR APPROVED SOURCE / CONFIRM CURRENT CLASSIFICATION AS NEW CURRENT AUTHORITY / REVISE CLASSIFICATION / SET TO NOT VERIFIED / DEFER DECISION,Setting to Not verified is the most conservative alternative and requires no new authority.,Confirming current classification as new current authority would be current and non-retroactive; would not reconstruct historical approval; would not prove execution evidence; would not change lifecycle; would require a later recording and validation prompt. Prohibited automatic correction: Ledger/readable-group self-proof.,Approve an independent source or preserve Not verified,"A future recording/validation prompt for KBDL-A11Y-004's validation classification field, only after an explicit owner decision and separate validation.",Planning-agent validation of the recorded decision before any implementation action.,PENDING,PENDING,PENDING,SOURCE EVIDENCE REQUIRED,
SMR1-KL-0004,Known limitation,KBDL-A11Y-004,Known limitation,"This document does not claim full WCAG conformance, screen-reader compatibility, or real-device support — those require an implementation and recorded test evidence",traceability-metadata.csv (candidate only),D — Evidence-owned,None,UNRESOLVED_FIELD_SOURCE,unresolved-field-sources.csv ; limitation-scope-audit.csv,VAL-006; VAL-005,KBDL-A11Y-004,,,,,Not-verified/excluded scope relationship,No approach recommended; options only: PROVIDE APPROVED LIMITATION SOURCE / CONFIRM CURRENT LIMITATION AS CURRENT NON-RETROACTIVE GOVERNANCE / REVISE LIMITATION / REMOVE UNSUPPORTED LIMITATION / DEFER DECISION,Removing the limitation text without a supporting source risks silently narrowing disclosed scope.,No limitation is accepted through packet preparation; confirming current text as governance would be current and non-retroactive only. Prohibited automatic correction: Ledger/readable-group self-proof.,Approve an independent source or preserve Not verified,"A future recording/validation prompt for KBDL-A11Y-004's known limitation field, only after an explicit owner decision and separate validation.",Planning-agent validation of the recorded decision before any implementation action.,PENDING,PENDING,PENDING,SOURCE EVIDENCE REQUIRED,Shared with R16 LIMITATION_MISMATCH finding: derived Not-verified/excluded scope = 'not verified not verified'; exact normalized scope overlap = 'None' (limitation-scope-audit.csv).
SMR1-KL-0005,Known limitation,KBDL-A11Y-005,Known limitation,"This document does not claim full WCAG conformance, screen-reader compatibility, or real-device support — those require an implementation and recorded test evidence",traceability-metadata.csv (candidate only),D — Evidence-owned,None,UNRESOLVED_FIELD_SOURCE,unresolved-field-sources.csv ; limitation-scope-audit.csv,VAL-006; VAL-005,KBDL-A11Y-005,,,,,Not-verified/excluded scope relationship,No approach recommended; options only: PROVIDE APPROVED LIMITATION SOURCE / CONFIRM CURRENT LIMITATION AS CURRENT NON-RETROACTIVE GOVERNANCE / REVISE LIMITATION / REMOVE UNSUPPORTED LIMITATION / DEFER DECISION,Removing the limitation text without a supporting source risks silently narrowing disclosed scope.,No limitation is accepted through packet preparation; confirming current text as governance would be current and non-retroactive only. Prohibited automatic correction: Ledger/readable-group self-proof.,Approve an independent source or preserve Not verified,"A future recording/validation prompt for KBDL-A11Y-005's known limitation field, only after an explicit owner decision and separate validation.",Planning-agent validation of the recorded decision before any implementation action.,PENDING,PENDING,PENDING,SOURCE EVIDENCE REQUIRED,Shared with R16 LIMITATION_MISMATCH finding: derived Not-verified/excluded scope = 'not verified not verified'; exact normalized scope overlap = 'None' (limitation-scope-audit.csv).
SMR1-KL-0006,Known limitation,KBDL-A11Y-006,Known limitation,"This document does not claim full WCAG conformance, screen-reader compatibility, or real-device support — those require an implementation and recorded test evidence",traceability-metadata.csv (candidate only),D — Evidence-owned,None,UNRESOLVED_FIELD_SOURCE,unresolved-field-sources.csv ; limitation-scope-audit.csv,VAL-006; VAL-005,KBDL-A11Y-006,,,,,Not-verified/excluded scope relationship,No approach recommended; options only: PROVIDE APPROVED LIMITATION SOURCE / CONFIRM CURRENT LIMITATION AS CURRENT NON-RETROACTIVE GOVERNANCE / REVISE LIMITATION / REMOVE UNSUPPORTED LIMITATION / DEFER DECISION,Removing the limitation text without a supporting source risks silently narrowing disclosed scope.,No limitation is accepted through packet preparation; confirming current text as governance would be current and non-retroactive only. Prohibited automatic correction: Ledger/readable-group self-proof.,Approve an independent source or preserve Not verified,"A future recording/validation prompt for KBDL-A11Y-006's known limitation field, only after an explicit owner decision and separate validation.",Planning-agent validation of the recorded decision before any implementation action.,PENDING,PENDING,PENDING,SOURCE EVIDENCE REQUIRED,Shared with R16 LIMITATION_MISMATCH finding: derived Not-verified/excluded scope = 'not verified not verified'; exact normalized scope overlap = 'None' (limitation-scope-audit.csv).
SMR1-VE-0001,Validation evidence,KBDL-A11Y-007,Validation evidence,themes/validation.md §3 for the three Verified rows; not verified for the rest,traceability-metadata.csv (candidate only),D — Evidence-owned,None,UNRESOLVED_FIELD_SOURCE,unresolved-field-sources.csv ; evidence-scope-audit.csv,VAL-004,KBDL-A11Y-007,,,,,Resolved evidence/classification relationship,No approach recommended; options only: PROVIDE ORIGINAL EVIDENCE MANIFEST / CONFIRM SCOPE MAPPING / REVISE EVIDENCE CITATION / SET TO NOT VERIFIED / DEFER DECISION,Setting to Not verified avoids relying on unscoped shared evidence text.,Owner choices may authorize later evidence work; this packet does not execute it. Prohibited automatic correction: Ledger/readable-group self-proof.,Approve an independent source or preserve Not verified,"A future recording/validation prompt for KBDL-A11Y-007's validation evidence field, only after an explicit owner decision and separate validation.",Planning-agent validation of the recorded decision before any implementation action.,PENDING,PENDING,PENDING,SOURCE EVIDENCE REQUIRED,Shared with R16 EVIDENCE_SCOPE_RELATIONSHIP finding: resolved artifact does not name this requirement or an approved shared validation scope (evidence-scope-audit.csv).
SMR1-AU-0001,Authority,KBDL-A11Y-008,Authority,"Approved (directly restates WCAG 2.2 SC 1.4.11, Level AA)",traceability-metadata.csv (candidate only),B — Governance-owned,None,UNRESOLVED_FIELD_SOURCE,unresolved-field-sources.csv,VAL-003,KBDL-A11Y-008,,,,,Authority graph,No approach recommended; options only: PROVIDE ORIGINAL OR APPROVED AUTHORITY / CONFIRM CURRENT NON-RETROACTIVE AUTHORITY / REVISE AUTHORITY EXPRESSION / REJECT AUTHORITY / DEFER DECISION,Rejecting the authority expression would require reclassifying dependent requirement text.,"Lifecycle status, ledger presence, and implementation history are not treated as authority under this packet's source-of-truth hierarchy. Prohibited automatic correction: Ledger/readable-group self-proof.",Approve an independent source or preserve Not verified,"A future recording/validation prompt for KBDL-A11Y-008's authority field, only after an explicit owner decision and separate validation.",Planning-agent validation of the recorded decision before any implementation action.,PENDING,PENDING,PENDING,SOURCE EVIDENCE REQUIRED,
SMR1-VE-0002,Validation evidence,KBDL-A11Y-008,Validation evidence,themes/validation.md §3 for the three Verified rows; not verified for the rest,traceability-metadata.csv (candidate only),D — Evidence-owned,None,UNRESOLVED_FIELD_SOURCE,unresolved-field-sources.csv ; evidence-scope-audit.csv,VAL-004,KBDL-A11Y-008,,,,,Resolved evidence/classification relationship,No approach recommended; options only: PROVIDE ORIGINAL EVIDENCE MANIFEST / CONFIRM SCOPE MAPPING / REVISE EVIDENCE CITATION / SET TO NOT VERIFIED / DEFER DECISION,Setting to Not verified avoids relying on unscoped shared evidence text.,Owner choices may authorize later evidence work; this packet does not execute it. Prohibited automatic correction: Ledger/readable-group self-proof.,Approve an independent source or preserve Not verified,"A future recording/validation prompt for KBDL-A11Y-008's validation evidence field, only after an explicit owner decision and separate validation.",Planning-agent validation of the recorded decision before any implementation action.,PENDING,PENDING,PENDING,SOURCE EVIDENCE REQUIRED,Shared with R16 EVIDENCE_SCOPE_RELATIONSHIP finding: resolved artifact does not name this requirement or an approved shared validation scope (evidence-scope-audit.csv).
SMR1-VE-0003,Validation evidence,KBDL-A11Y-009,Validation evidence,themes/validation.md §3 for the three Verified rows; not verified for the rest,traceability-metadata.csv (candidate only),D — Evidence-owned,None,UNRESOLVED_FIELD_SOURCE,unresolved-field-sources.csv ; evidence-scope-audit.csv,VAL-004,KBDL-A11Y-009,,,,,Resolved evidence/classification relationship,No approach recommended; options only: PROVIDE ORIGINAL EVIDENCE MANIFEST / CONFIRM SCOPE MAPPING / REVISE EVIDENCE CITATION / SET TO NOT VERIFIED / DEFER DECISION,Setting to Not verified avoids relying on unscoped shared evidence text.,Owner choices may authorize later evidence work; this packet does not execute it. Prohibited automatic correction: Ledger/readable-group self-proof.,Approve an independent source or preserve Not verified,"A future recording/validation prompt for KBDL-A11Y-009's validation evidence field, only after an explicit owner decision and separate validation.",Planning-agent validation of the recorded decision before any implementation action.,PENDING,PENDING,PENDING,SOURCE EVIDENCE REQUIRED,Shared with R16 EVIDENCE_SCOPE_RELATIONSHIP finding: resolved artifact does not name this requirement or an approved shared validation scope (evidence-scope-audit.csv).
SMR1-AU-0002,Authority,KBDL-A11Y-010,Authority,"Approved (directly restates WCAG 2.2 SC 2.4.11, Level AA)",traceability-metadata.csv (candidate only),B — Governance-owned,None,UNRESOLVED_FIELD_SOURCE,unresolved-field-sources.csv,VAL-003,KBDL-A11Y-010,,,,,Authority graph,No approach recommended; options only: PROVIDE ORIGINAL OR APPROVED AUTHORITY / CONFIRM CURRENT NON-RETROACTIVE AUTHORITY / REVISE AUTHORITY EXPRESSION / REJECT AUTHORITY / DEFER DECISION,Rejecting the authority expression would require reclassifying dependent requirement text.,"Lifecycle status, ledger presence, and implementation history are not treated as authority under this packet's source-of-truth hierarchy. Prohibited automatic correction: Ledger/readable-group self-proof.",Approve an independent source or preserve Not verified,"A future recording/validation prompt for KBDL-A11Y-010's authority field, only after an explicit owner decision and separate validation.",Planning-agent validation of the recorded decision before any implementation action.,PENDING,PENDING,PENDING,SOURCE EVIDENCE REQUIRED,
SMR1-KL-0007,Known limitation,KBDL-A11Y-010,Known limitation,"This document does not claim full WCAG conformance, screen-reader compatibility, or real-device support — those require an implementation and recorded test evidence",traceability-metadata.csv (candidate only),D — Evidence-owned,None,UNRESOLVED_FIELD_SOURCE,unresolved-field-sources.csv ; limitation-scope-audit.csv,VAL-006; VAL-005,KBDL-A11Y-010,,,,,Not-verified/excluded scope relationship,No approach recommended; options only: PROVIDE APPROVED LIMITATION SOURCE / CONFIRM CURRENT LIMITATION AS CURRENT NON-RETROACTIVE GOVERNANCE / REVISE LIMITATION / REMOVE UNSUPPORTED LIMITATION / DEFER DECISION,Removing the limitation text without a supporting source risks silently narrowing disclosed scope.,No limitation is accepted through packet preparation; confirming current text as governance would be current and non-retroactive only. Prohibited automatic correction: Ledger/readable-group self-proof.,Approve an independent source or preserve Not verified,"A future recording/validation prompt for KBDL-A11Y-010's known limitation field, only after an explicit owner decision and separate validation.",Planning-agent validation of the recorded decision before any implementation action.,PENDING,PENDING,PENDING,SOURCE EVIDENCE REQUIRED,Shared with R16 LIMITATION_MISMATCH finding: derived Not-verified/excluded scope = 'not verified not verified'; exact normalized scope overlap = 'None' (limitation-scope-audit.csv).
SMR1-KL-0008,Known limitation,KBDL-A11Y-011,Known limitation,Forced-colors/high-contrast mode is currently unaddressed elsewhere in the specification and was explicitly excluded from the KBDL-004 theme approval (KBDL-DEC-013); these three requirements must not be treated as Approved until reviewed,traceability-metadata.csv (candidate only),D — Evidence-owned,None,UNRESOLVED_FIELD_SOURCE,unresolved-field-sources.csv ; limitation-scope-audit.csv,VAL-006; VAL-005,KBDL-A11Y-011,,,,,Not-verified/excluded scope relationship,No approach recommended; options only: PROVIDE APPROVED LIMITATION SOURCE / CONFIRM CURRENT LIMITATION AS CURRENT NON-RETROACTIVE GOVERNANCE / REVISE LIMITATION / REMOVE UNSUPPORTED LIMITATION / DEFER DECISION,Removing the limitation text without a supporting source risks silently narrowing disclosed scope.,No limitation is accepted through packet preparation; confirming current text as governance would be current and non-retroactive only. Prohibited automatic correction: Ledger/readable-group self-proof.,Approve an independent source or preserve Not verified,"A future recording/validation prompt for KBDL-A11Y-011's known limitation field, only after an explicit owner decision and separate validation.",Planning-agent validation of the recorded decision before any implementation action.,PENDING,PENDING,PENDING,SOURCE EVIDENCE REQUIRED,Shared with R16 LIMITATION_MISMATCH finding: derived Not-verified/excluded scope = 'not verified not verified'; exact normalized scope overlap = 'None' (limitation-scope-audit.csv).
SMR1-KL-0009,Known limitation,KBDL-A11Y-012,Known limitation,"This document does not claim full WCAG conformance, screen-reader compatibility, or real-device support — those require an implementation and recorded test evidence",traceability-metadata.csv (candidate only),D — Evidence-owned,None,UNRESOLVED_FIELD_SOURCE,unresolved-field-sources.csv ; limitation-scope-audit.csv,VAL-006; VAL-005,KBDL-A11Y-012,,,,,Not-verified/excluded scope relationship,No approach recommended; options only: PROVIDE APPROVED LIMITATION SOURCE / CONFIRM CURRENT LIMITATION AS CURRENT NON-RETROACTIVE GOVERNANCE / REVISE LIMITATION / REMOVE UNSUPPORTED LIMITATION / DEFER DECISION,Removing the limitation text without a supporting source risks silently narrowing disclosed scope.,No limitation is accepted through packet preparation; confirming current text as governance would be current and non-retroactive only. Prohibited automatic correction: Ledger/readable-group self-proof.,Approve an independent source or preserve Not verified,"A future recording/validation prompt for KBDL-A11Y-012's known limitation field, only after an explicit owner decision and separate validation.",Planning-agent validation of the recorded decision before any implementation action.,PENDING,PENDING,PENDING,SOURCE EVIDENCE REQUIRED,Shared with R16 LIMITATION_MISMATCH finding: derived Not-verified/excluded scope = 'not verified not verified'; exact normalized scope overlap = 'None' (limitation-scope-audit.csv).
SMR1-AU-0003,Authority,KBDL-A11Y-013,Authority,"Approved (directly restates WCAG 2.2 SC 1.4.10, Level AA)",traceability-metadata.csv (candidate only),B — Governance-owned,None,UNRESOLVED_FIELD_SOURCE,unresolved-field-sources.csv,VAL-003,KBDL-A11Y-013,,,,,Authority graph,No approach recommended; options only: PROVIDE ORIGINAL OR APPROVED AUTHORITY / CONFIRM CURRENT NON-RETROACTIVE AUTHORITY / REVISE AUTHORITY EXPRESSION / REJECT AUTHORITY / DEFER DECISION,Rejecting the authority expression would require reclassifying dependent requirement text.,"Lifecycle status, ledger presence, and implementation history are not treated as authority under this packet's source-of-truth hierarchy. Prohibited automatic correction: Ledger/readable-group self-proof.",Approve an independent source or preserve Not verified,"A future recording/validation prompt for KBDL-A11Y-013's authority field, only after an explicit owner decision and separate validation.",Planning-agent validation of the recorded decision before any implementation action.,PENDING,PENDING,PENDING,SOURCE EVIDENCE REQUIRED,
SMR1-KL-0010,Known limitation,KBDL-A11Y-013,Known limitation,"This document does not claim full WCAG conformance, screen-reader compatibility, or real-device support — those require an implementation and recorded test evidence",traceability-metadata.csv (candidate only),D — Evidence-owned,None,UNRESOLVED_FIELD_SOURCE,unresolved-field-sources.csv ; limitation-scope-audit.csv,VAL-006; VAL-005,KBDL-A11Y-013,,,,,Not-verified/excluded scope relationship,No approach recommended; options only: PROVIDE APPROVED LIMITATION SOURCE / CONFIRM CURRENT LIMITATION AS CURRENT NON-RETROACTIVE GOVERNANCE / REVISE LIMITATION / REMOVE UNSUPPORTED LIMITATION / DEFER DECISION,Removing the limitation text without a supporting source risks silently narrowing disclosed scope.,No limitation is accepted through packet preparation; confirming current text as governance would be current and non-retroactive only. Prohibited automatic correction: Ledger/readable-group self-proof.,Approve an independent source or preserve Not verified,"A future recording/validation prompt for KBDL-A11Y-013's known limitation field, only after an explicit owner decision and separate validation.",Planning-agent validation of the recorded decision before any implementation action.,PENDING,PENDING,PENDING,SOURCE EVIDENCE REQUIRED,Shared with R16 LIMITATION_MISMATCH finding: derived Not-verified/excluded scope = 'not verified not verified'; exact normalized scope overlap = 'None' (limitation-scope-audit.csv).
SMR1-AU-0004,Authority,KBDL-A11Y-014,Authority,"Approved (directly restates WCAG 2.2 SC 1.4.12, Level AA)",traceability-metadata.csv (candidate only),B — Governance-owned,None,UNRESOLVED_FIELD_SOURCE,unresolved-field-sources.csv,VAL-003,KBDL-A11Y-014,,,,,Authority graph,No approach recommended; options only: PROVIDE ORIGINAL OR APPROVED AUTHORITY / CONFIRM CURRENT NON-RETROACTIVE AUTHORITY / REVISE AUTHORITY EXPRESSION / REJECT AUTHORITY / DEFER DECISION,Rejecting the authority expression would require reclassifying dependent requirement text.,"Lifecycle status, ledger presence, and implementation history are not treated as authority under this packet's source-of-truth hierarchy. Prohibited automatic correction: Ledger/readable-group self-proof.",Approve an independent source or preserve Not verified,"A future recording/validation prompt for KBDL-A11Y-014's authority field, only after an explicit owner decision and separate validation.",Planning-agent validation of the recorded decision before any implementation action.,PENDING,PENDING,PENDING,SOURCE EVIDENCE REQUIRED,
SMR1-KL-0011,Known limitation,KBDL-A11Y-014,Known limitation,"This document does not claim full WCAG conformance, screen-reader compatibility, or real-device support — those require an implementation and recorded test evidence",traceability-metadata.csv (candidate only),D — Evidence-owned,None,UNRESOLVED_FIELD_SOURCE,unresolved-field-sources.csv ; limitation-scope-audit.csv,VAL-006; VAL-005,KBDL-A11Y-014,,,,,Not-verified/excluded scope relationship,No approach recommended; options only: PROVIDE APPROVED LIMITATION SOURCE / CONFIRM CURRENT LIMITATION AS CURRENT NON-RETROACTIVE GOVERNANCE / REVISE LIMITATION / REMOVE UNSUPPORTED LIMITATION / DEFER DECISION,Removing the limitation text without a supporting source risks silently narrowing disclosed scope.,No limitation is accepted through packet preparation; confirming current text as governance would be current and non-retroactive only. Prohibited automatic correction: Ledger/readable-group self-proof.,Approve an independent source or preserve Not verified,"A future recording/validation prompt for KBDL-A11Y-014's known limitation field, only after an explicit owner decision and separate validation.",Planning-agent validation of the recorded decision before any implementation action.,PENDING,PENDING,PENDING,SOURCE EVIDENCE REQUIRED,Shared with R16 LIMITATION_MISMATCH finding: derived Not-verified/excluded scope = 'not verified not verified'; exact normalized scope overlap = 'None' (limitation-scope-audit.csv).
SMR1-KL-0012,Known limitation,KBDL-A11Y-015,Known limitation,"This document does not claim full WCAG conformance, screen-reader compatibility, or real-device support — those require an implementation and recorded test evidence",traceability-metadata.csv (candidate only),D — Evidence-owned,None,UNRESOLVED_FIELD_SOURCE,unresolved-field-sources.csv ; limitation-scope-audit.csv,VAL-006; VAL-005,KBDL-A11Y-015,,,,,Not-verified/excluded scope relationship,No approach recommended; options only: PROVIDE APPROVED LIMITATION SOURCE / CONFIRM CURRENT LIMITATION AS CURRENT NON-RETROACTIVE GOVERNANCE / REVISE LIMITATION / REMOVE UNSUPPORTED LIMITATION / DEFER DECISION,Removing the limitation text without a supporting source risks silently narrowing disclosed scope.,No limitation is accepted through packet preparation; confirming current text as governance would be current and non-retroactive only. Prohibited automatic correction: Ledger/readable-group self-proof.,Approve an independent source or preserve Not verified,"A future recording/validation prompt for KBDL-A11Y-015's known limitation field, only after an explicit owner decision and separate validation.",Planning-agent validation of the recorded decision before any implementation action.,PENDING,PENDING,PENDING,SOURCE EVIDENCE REQUIRED,Shared with R16 LIMITATION_MISMATCH finding: derived Not-verified/excluded scope = 'not verified not verified'; exact normalized scope overlap = 'None' (limitation-scope-audit.csv).
SMR1-VC-0003,Validation classification,KBDL-A11Y-016,Validation classification,Not verified,traceability-metadata.csv (candidate only),A — Normative-owned,None,UNRESOLVED_FIELD_SOURCE,unresolved-field-sources.csv,VAL-003; VAL-006,KBDL-A11Y-016,,,,,Normative record,No approach recommended; options only: PROVIDE ORIGINAL OR APPROVED SOURCE / CONFIRM CURRENT CLASSIFICATION AS NEW CURRENT AUTHORITY / REVISE CLASSIFICATION / SET TO NOT VERIFIED / DEFER DECISION,Setting to Not verified is the most conservative alternative and requires no new authority.,Confirming current classification as new current authority would be current and non-retroactive; would not reconstruct historical approval; would not prove execution evidence; would not change lifecycle; would require a later recording and validation prompt. Prohibited automatic correction: Ledger/readable-group self-proof.,Approve an independent source or preserve Not verified,"A future recording/validation prompt for KBDL-A11Y-016's validation classification field, only after an explicit owner decision and separate validation.",Planning-agent validation of the recorded decision before any implementation action.,PENDING,PENDING,PENDING,SOURCE EVIDENCE REQUIRED,
SMR1-KL-0013,Known limitation,KBDL-A11Y-016,Known limitation,"This document does not claim full WCAG conformance, screen-reader compatibility, or real-device support — those require an implementation and recorded test evidence",traceability-metadata.csv (candidate only),D — Evidence-owned,None,UNRESOLVED_FIELD_SOURCE,unresolved-field-sources.csv ; limitation-scope-audit.csv,VAL-006; VAL-005,KBDL-A11Y-016,,,,,Not-verified/excluded scope relationship,No approach recommended; options only: PROVIDE APPROVED LIMITATION SOURCE / CONFIRM CURRENT LIMITATION AS CURRENT NON-RETROACTIVE GOVERNANCE / REVISE LIMITATION / REMOVE UNSUPPORTED LIMITATION / DEFER DECISION,Removing the limitation text without a supporting source risks silently narrowing disclosed scope.,No limitation is accepted through packet preparation; confirming current text as governance would be current and non-retroactive only. Prohibited automatic correction: Ledger/readable-group self-proof.,Approve an independent source or preserve Not verified,"A future recording/validation prompt for KBDL-A11Y-016's known limitation field, only after an explicit owner decision and separate validation.",Planning-agent validation of the recorded decision before any implementation action.,PENDING,PENDING,PENDING,SOURCE EVIDENCE REQUIRED,Shared with R16 LIMITATION_MISMATCH finding: derived Not-verified/excluded scope = 'not verified not verified'; exact normalized scope overlap = 'None' (limitation-scope-audit.csv).
SMR1-KL-0014,Known limitation,KBDL-A11Y-017,Known limitation,"This document does not claim full WCAG conformance, screen-reader compatibility, or real-device support — those require an implementation and recorded test evidence",traceability-metadata.csv (candidate only),D — Evidence-owned,None,UNRESOLVED_FIELD_SOURCE,unresolved-field-sources.csv ; limitation-scope-audit.csv,VAL-006; VAL-005,KBDL-A11Y-017,,,,,Not-verified/excluded scope relationship,No approach recommended; options only: PROVIDE APPROVED LIMITATION SOURCE / CONFIRM CURRENT LIMITATION AS CURRENT NON-RETROACTIVE GOVERNANCE / REVISE LIMITATION / REMOVE UNSUPPORTED LIMITATION / DEFER DECISION,Removing the limitation text without a supporting source risks silently narrowing disclosed scope.,No limitation is accepted through packet preparation; confirming current text as governance would be current and non-retroactive only. Prohibited automatic correction: Ledger/readable-group self-proof.,Approve an independent source or preserve Not verified,"A future recording/validation prompt for KBDL-A11Y-017's known limitation field, only after an explicit owner decision and separate validation.",Planning-agent validation of the recorded decision before any implementation action.,PENDING,PENDING,PENDING,SOURCE EVIDENCE REQUIRED,Shared with R16 LIMITATION_MISMATCH finding: derived Not-verified/excluded scope = 'not verified not verified'; exact normalized scope overlap = 'None' (limitation-scope-audit.csv).
SMR1-KL-0015,Known limitation,KBDL-A11Y-018,Known limitation,"This document does not claim full WCAG conformance, screen-reader compatibility, or real-device support — those require an implementation and recorded test evidence",traceability-metadata.csv (candidate only),D — Evidence-owned,None,UNRESOLVED_FIELD_SOURCE,unresolved-field-sources.csv ; limitation-scope-audit.csv,VAL-006; VAL-005,KBDL-A11Y-018,,,,,Not-verified/excluded scope relationship,No approach recommended; options only: PROVIDE APPROVED LIMITATION SOURCE / CONFIRM CURRENT LIMITATION AS CURRENT NON-RETROACTIVE GOVERNANCE / REVISE LIMITATION / REMOVE UNSUPPORTED LIMITATION / DEFER DECISION,Removing the limitation text without a supporting source risks silently narrowing disclosed scope.,No limitation is accepted through packet preparation; confirming current text as governance would be current and non-retroactive only. Prohibited automatic correction: Ledger/readable-group self-proof.,Approve an independent source or preserve Not verified,"A future recording/validation prompt for KBDL-A11Y-018's known limitation field, only after an explicit owner decision and separate validation.",Planning-agent validation of the recorded decision before any implementation action.,PENDING,PENDING,PENDING,SOURCE EVIDENCE REQUIRED,Shared with R16 LIMITATION_MISMATCH finding: derived Not-verified/excluded scope = 'not verified not verified'; exact normalized scope overlap = 'None' (limitation-scope-audit.csv).
SMR1-VC-0004,Validation classification,KBDL-A11Y-019,Validation classification,Not applicable,traceability-metadata.csv (candidate only),A — Normative-owned,None,UNRESOLVED_FIELD_SOURCE,unresolved-field-sources.csv,VAL-003; VAL-006,KBDL-A11Y-019,,,,,Normative record,No approach recommended; options only: PROVIDE ORIGINAL OR APPROVED SOURCE / CONFIRM CURRENT CLASSIFICATION AS NEW CURRENT AUTHORITY / REVISE CLASSIFICATION / SET TO NOT VERIFIED / DEFER DECISION,Setting to Not verified is the most conservative alternative and requires no new authority.,Confirming current classification as new current authority would be current and non-retroactive; would not reconstruct historical approval; would not prove execution evidence; would not change lifecycle; would require a later recording and validation prompt. Prohibited automatic correction: Ledger/readable-group self-proof.,Approve an independent source or preserve Not verified,"A future recording/validation prompt for KBDL-A11Y-019's validation classification field, only after an explicit owner decision and separate validation.",Planning-agent validation of the recorded decision before any implementation action.,PENDING,PENDING,PENDING,SOURCE EVIDENCE REQUIRED,
SMR1-KL-0016,Known limitation,KBDL-A11Y-020,Known limitation,"This document does not claim full WCAG conformance, screen-reader compatibility, or real-device support — those require an implementation and recorded test evidence",traceability-metadata.csv (candidate only),D — Evidence-owned,None,UNRESOLVED_FIELD_SOURCE,unresolved-field-sources.csv ; limitation-scope-audit.csv,VAL-006; VAL-005,KBDL-A11Y-020,,,,,Not-verified/excluded scope relationship,No approach recommended; options only: PROVIDE APPROVED LIMITATION SOURCE / CONFIRM CURRENT LIMITATION AS CURRENT NON-RETROACTIVE GOVERNANCE / REVISE LIMITATION / REMOVE UNSUPPORTED LIMITATION / DEFER DECISION,Removing the limitation text without a supporting source risks silently narrowing disclosed scope.,No limitation is accepted through packet preparation; confirming current text as governance would be current and non-retroactive only. Prohibited automatic correction: Ledger/readable-group self-proof.,Approve an independent source or preserve Not verified,"A future recording/validation prompt for KBDL-A11Y-020's known limitation field, only after an explicit owner decision and separate validation.",Planning-agent validation of the recorded decision before any implementation action.,PENDING,PENDING,PENDING,SOURCE EVIDENCE REQUIRED,Shared with R16 LIMITATION_MISMATCH finding: derived Not-verified/excluded scope = 'not verified not verified'; exact normalized scope overlap = 'None' (limitation-scope-audit.csv).
SMR1-KL-0017,Known limitation,KBDL-A11Y-022,Known limitation,"This document does not claim full WCAG conformance, screen-reader compatibility, or real-device support — those require an implementation and recorded test evidence",traceability-metadata.csv (candidate only),D — Evidence-owned,None,UNRESOLVED_FIELD_SOURCE,unresolved-field-sources.csv ; limitation-scope-audit.csv,VAL-006; VAL-005,KBDL-A11Y-022,,,,,Not-verified/excluded scope relationship,No approach recommended; options only: PROVIDE APPROVED LIMITATION SOURCE / CONFIRM CURRENT LIMITATION AS CURRENT NON-RETROACTIVE GOVERNANCE / REVISE LIMITATION / REMOVE UNSUPPORTED LIMITATION / DEFER DECISION,Removing the limitation text without a supporting source risks silently narrowing disclosed scope.,No limitation is accepted through packet preparation; confirming current text as governance would be current and non-retroactive only. Prohibited automatic correction: Ledger/readable-group self-proof.,Approve an independent source or preserve Not verified,"A future recording/validation prompt for KBDL-A11Y-022's known limitation field, only after an explicit owner decision and separate validation.",Planning-agent validation of the recorded decision before any implementation action.,PENDING,PENDING,PENDING,SOURCE EVIDENCE REQUIRED,Shared with R16 LIMITATION_MISMATCH finding: derived Not-verified/excluded scope = 'not verified not verified'; exact normalized scope overlap = 'None' (limitation-scope-audit.csv).
SMR1-VC-0005,Validation classification,KBDL-A11Y-023,Validation classification,Not verified,traceability-metadata.csv (candidate only),A — Normative-owned,None,UNRESOLVED_FIELD_SOURCE,unresolved-field-sources.csv,VAL-003; VAL-006,KBDL-A11Y-023,,,,,Normative record,No approach recommended; options only: PROVIDE ORIGINAL OR APPROVED SOURCE / CONFIRM CURRENT CLASSIFICATION AS NEW CURRENT AUTHORITY / REVISE CLASSIFICATION / SET TO NOT VERIFIED / DEFER DECISION,Setting to Not verified is the most conservative alternative and requires no new authority.,Confirming current classification as new current authority would be current and non-retroactive; would not reconstruct historical approval; would not prove execution evidence; would not change lifecycle; would require a later recording and validation prompt. Prohibited automatic correction: Ledger/readable-group self-proof.,Approve an independent source or preserve Not verified,"A future recording/validation prompt for KBDL-A11Y-023's validation classification field, only after an explicit owner decision and separate validation.",Planning-agent validation of the recorded decision before any implementation action.,PENDING,PENDING,PENDING,SOURCE EVIDENCE REQUIRED,
SMR1-KL-0018,Known limitation,KBDL-A11Y-023,Known limitation,"This document does not claim full WCAG conformance, screen-reader compatibility, or real-device support — those require an implementation and recorded test evidence",traceability-metadata.csv (candidate only),D — Evidence-owned,None,UNRESOLVED_FIELD_SOURCE,unresolved-field-sources.csv ; limitation-scope-audit.csv,VAL-006; VAL-005,KBDL-A11Y-023,,,,,Not-verified/excluded scope relationship,No approach recommended; options only: PROVIDE APPROVED LIMITATION SOURCE / CONFIRM CURRENT LIMITATION AS CURRENT NON-RETROACTIVE GOVERNANCE / REVISE LIMITATION / REMOVE UNSUPPORTED LIMITATION / DEFER DECISION,Removing the limitation text without a supporting source risks silently narrowing disclosed scope.,No limitation is accepted through packet preparation; confirming current text as governance would be current and non-retroactive only. Prohibited automatic correction: Ledger/readable-group self-proof.,Approve an independent source or preserve Not verified,"A future recording/validation prompt for KBDL-A11Y-023's known limitation field, only after an explicit owner decision and separate validation.",Planning-agent validation of the recorded decision before any implementation action.,PENDING,PENDING,PENDING,SOURCE EVIDENCE REQUIRED,Shared with R16 LIMITATION_MISMATCH finding: derived Not-verified/excluded scope = 'not verified not verified'; exact normalized scope overlap = 'None' (limitation-scope-audit.csv).
SMR1-KL-0019,Known limitation,KBDL-A11Y-024,Known limitation,"This document does not claim full WCAG conformance, screen-reader compatibility, or real-device support — those require an implementation and recorded test evidence",traceability-metadata.csv (candidate only),D — Evidence-owned,None,UNRESOLVED_FIELD_SOURCE,unresolved-field-sources.csv ; limitation-scope-audit.csv,VAL-006; VAL-005,KBDL-A11Y-024,,,,,Not-verified/excluded scope relationship,No approach recommended; options only: PROVIDE APPROVED LIMITATION SOURCE / CONFIRM CURRENT LIMITATION AS CURRENT NON-RETROACTIVE GOVERNANCE / REVISE LIMITATION / REMOVE UNSUPPORTED LIMITATION / DEFER DECISION,Removing the limitation text without a supporting source risks silently narrowing disclosed scope.,No limitation is accepted through packet preparation; confirming current text as governance would be current and non-retroactive only. Prohibited automatic correction: Ledger/readable-group self-proof.,Approve an independent source or preserve Not verified,"A future recording/validation prompt for KBDL-A11Y-024's known limitation field, only after an explicit owner decision and separate validation.",Planning-agent validation of the recorded decision before any implementation action.,PENDING,PENDING,PENDING,SOURCE EVIDENCE REQUIRED,Shared with R16 LIMITATION_MISMATCH finding: derived Not-verified/excluded scope = 'not verified not verified'; exact normalized scope overlap = 'None' (limitation-scope-audit.csv).
SMR1-KL-0020,Known limitation,KBDL-A11Y-025,Known limitation,"This document does not claim full WCAG conformance, screen-reader compatibility, or real-device support — those require an implementation and recorded test evidence",traceability-metadata.csv (candidate only),D — Evidence-owned,None,UNRESOLVED_FIELD_SOURCE,unresolved-field-sources.csv ; limitation-scope-audit.csv,VAL-006; VAL-005,KBDL-A11Y-025,,,,,Not-verified/excluded scope relationship,No approach recommended; options only: PROVIDE APPROVED LIMITATION SOURCE / CONFIRM CURRENT LIMITATION AS CURRENT NON-RETROACTIVE GOVERNANCE / REVISE LIMITATION / REMOVE UNSUPPORTED LIMITATION / DEFER DECISION,Removing the limitation text without a supporting source risks silently narrowing disclosed scope.,No limitation is accepted through packet preparation; confirming current text as governance would be current and non-retroactive only. Prohibited automatic correction: Ledger/readable-group self-proof.,Approve an independent source or preserve Not verified,"A future recording/validation prompt for KBDL-A11Y-025's known limitation field, only after an explicit owner decision and separate validation.",Planning-agent validation of the recorded decision before any implementation action.,PENDING,PENDING,PENDING,SOURCE EVIDENCE REQUIRED,Shared with R16 LIMITATION_MISMATCH finding: derived Not-verified/excluded scope = 'not verified not verified'; exact normalized scope overlap = 'None' (limitation-scope-audit.csv).
SMR1-KL-0021,Known limitation,KBDL-A11Y-026,Known limitation,"This document does not claim full WCAG conformance, screen-reader compatibility, or real-device support — those require an implementation and recorded test evidence",traceability-metadata.csv (candidate only),D — Evidence-owned,None,UNRESOLVED_FIELD_SOURCE,unresolved-field-sources.csv ; limitation-scope-audit.csv,VAL-006; VAL-005,KBDL-A11Y-026,,,,,Not-verified/excluded scope relationship,No approach recommended; options only: PROVIDE APPROVED LIMITATION SOURCE / CONFIRM CURRENT LIMITATION AS CURRENT NON-RETROACTIVE GOVERNANCE / REVISE LIMITATION / REMOVE UNSUPPORTED LIMITATION / DEFER DECISION,Removing the limitation text without a supporting source risks silently narrowing disclosed scope.,No limitation is accepted through packet preparation; confirming current text as governance would be current and non-retroactive only. Prohibited automatic correction: Ledger/readable-group self-proof.,Approve an independent source or preserve Not verified,"A future recording/validation prompt for KBDL-A11Y-026's known limitation field, only after an explicit owner decision and separate validation.",Planning-agent validation of the recorded decision before any implementation action.,PENDING,PENDING,PENDING,SOURCE EVIDENCE REQUIRED,Shared with R16 LIMITATION_MISMATCH finding: derived Not-verified/excluded scope = 'not verified not verified'; exact normalized scope overlap = 'None' (limitation-scope-audit.csv).
SMR1-KL-0022,Known limitation,KBDL-A11Y-027,Known limitation,"This document does not claim full WCAG conformance, screen-reader compatibility, or real-device support — those require an implementation and recorded test evidence",traceability-metadata.csv (candidate only),D — Evidence-owned,None,UNRESOLVED_FIELD_SOURCE,unresolved-field-sources.csv ; limitation-scope-audit.csv,VAL-006; VAL-005,KBDL-A11Y-027,,,,,Not-verified/excluded scope relationship,No approach recommended; options only: PROVIDE APPROVED LIMITATION SOURCE / CONFIRM CURRENT LIMITATION AS CURRENT NON-RETROACTIVE GOVERNANCE / REVISE LIMITATION / REMOVE UNSUPPORTED LIMITATION / DEFER DECISION,Removing the limitation text without a supporting source risks silently narrowing disclosed scope.,No limitation is accepted through packet preparation; confirming current text as governance would be current and non-retroactive only. Prohibited automatic correction: Ledger/readable-group self-proof.,Approve an independent source or preserve Not verified,"A future recording/validation prompt for KBDL-A11Y-027's known limitation field, only after an explicit owner decision and separate validation.",Planning-agent validation of the recorded decision before any implementation action.,PENDING,PENDING,PENDING,SOURCE EVIDENCE REQUIRED,Shared with R16 LIMITATION_MISMATCH finding: derived Not-verified/excluded scope = 'not verified not verified'; exact normalized scope overlap = 'None' (limitation-scope-audit.csv).
SMR1-KL-0023,Known limitation,KBDL-A11Y-028,Known limitation,"This document does not claim full WCAG conformance, screen-reader compatibility, or real-device support — those require an implementation and recorded test evidence",traceability-metadata.csv (candidate only),D — Evidence-owned,None,UNRESOLVED_FIELD_SOURCE,unresolved-field-sources.csv ; limitation-scope-audit.csv,VAL-006; VAL-005,KBDL-A11Y-028,,,,,Not-verified/excluded scope relationship,No approach recommended; options only: PROVIDE APPROVED LIMITATION SOURCE / CONFIRM CURRENT LIMITATION AS CURRENT NON-RETROACTIVE GOVERNANCE / REVISE LIMITATION / REMOVE UNSUPPORTED LIMITATION / DEFER DECISION,Removing the limitation text without a supporting source risks silently narrowing disclosed scope.,No limitation is accepted through packet preparation; confirming current text as governance would be current and non-retroactive only. Prohibited automatic correction: Ledger/readable-group self-proof.,Approve an independent source or preserve Not verified,"A future recording/validation prompt for KBDL-A11Y-028's known limitation field, only after an explicit owner decision and separate validation.",Planning-agent validation of the recorded decision before any implementation action.,PENDING,PENDING,PENDING,SOURCE EVIDENCE REQUIRED,Shared with R16 LIMITATION_MISMATCH finding: derived Not-verified/excluded scope = 'not verified not verified'; exact normalized scope overlap = 'None' (limitation-scope-audit.csv).
SMR1-VC-0006,Validation classification,KBDL-A11Y-029,Validation classification,Not verified,traceability-metadata.csv (candidate only),A — Normative-owned,None,UNRESOLVED_FIELD_SOURCE,unresolved-field-sources.csv,VAL-003; VAL-006,KBDL-A11Y-029,,,,,Normative record,No approach recommended; options only: PROVIDE ORIGINAL OR APPROVED SOURCE / CONFIRM CURRENT CLASSIFICATION AS NEW CURRENT AUTHORITY / REVISE CLASSIFICATION / SET TO NOT VERIFIED / DEFER DECISION,Setting to Not verified is the most conservative alternative and requires no new authority.,Confirming current classification as new current authority would be current and non-retroactive; would not reconstruct historical approval; would not prove execution evidence; would not change lifecycle; would require a later recording and validation prompt. Prohibited automatic correction: Ledger/readable-group self-proof.,Approve an independent source or preserve Not verified,"A future recording/validation prompt for KBDL-A11Y-029's validation classification field, only after an explicit owner decision and separate validation.",Planning-agent validation of the recorded decision before any implementation action.,PENDING,PENDING,PENDING,SOURCE EVIDENCE REQUIRED,
SMR1-KL-0024,Known limitation,KBDL-A11Y-029,Known limitation,"This document does not claim full WCAG conformance, screen-reader compatibility, or real-device support — those require an implementation and recorded test evidence",traceability-metadata.csv (candidate only),D — Evidence-owned,None,UNRESOLVED_FIELD_SOURCE,unresolved-field-sources.csv ; limitation-scope-audit.csv,VAL-006; VAL-005,KBDL-A11Y-029,,,,,Not-verified/excluded scope relationship,No approach recommended; options only: PROVIDE APPROVED LIMITATION SOURCE / CONFIRM CURRENT LIMITATION AS CURRENT NON-RETROACTIVE GOVERNANCE / REVISE LIMITATION / REMOVE UNSUPPORTED LIMITATION / DEFER DECISION,Removing the limitation text without a supporting source risks silently narrowing disclosed scope.,No limitation is accepted through packet preparation; confirming current text as governance would be current and non-retroactive only. Prohibited automatic correction: Ledger/readable-group self-proof.,Approve an independent source or preserve Not verified,"A future recording/validation prompt for KBDL-A11Y-029's known limitation field, only after an explicit owner decision and separate validation.",Planning-agent validation of the recorded decision before any implementation action.,PENDING,PENDING,PENDING,SOURCE EVIDENCE REQUIRED,Shared with R16 LIMITATION_MISMATCH finding: derived Not-verified/excluded scope = 'not verified not verified'; exact normalized scope overlap = 'None' (limitation-scope-audit.csv).
SMR1-KL-0025,Known limitation,KBDL-A11Y-030,Known limitation,"This document does not claim full WCAG conformance, screen-reader compatibility, or real-device support — those require an implementation and recorded test evidence",traceability-metadata.csv (candidate only),D — Evidence-owned,None,UNRESOLVED_FIELD_SOURCE,unresolved-field-sources.csv ; limitation-scope-audit.csv,VAL-006; VAL-005,KBDL-A11Y-030,,,,,Not-verified/excluded scope relationship,No approach recommended; options only: PROVIDE APPROVED LIMITATION SOURCE / CONFIRM CURRENT LIMITATION AS CURRENT NON-RETROACTIVE GOVERNANCE / REVISE LIMITATION / REMOVE UNSUPPORTED LIMITATION / DEFER DECISION,Removing the limitation text without a supporting source risks silently narrowing disclosed scope.,No limitation is accepted through packet preparation; confirming current text as governance would be current and non-retroactive only. Prohibited automatic correction: Ledger/readable-group self-proof.,Approve an independent source or preserve Not verified,"A future recording/validation prompt for KBDL-A11Y-030's known limitation field, only after an explicit owner decision and separate validation.",Planning-agent validation of the recorded decision before any implementation action.,PENDING,PENDING,PENDING,SOURCE EVIDENCE REQUIRED,Shared with R16 LIMITATION_MISMATCH finding: derived Not-verified/excluded scope = 'not verified not verified'; exact normalized scope overlap = 'None' (limitation-scope-audit.csv).
SMR1-KL-0026,Known limitation,KBDL-A11Y-031,Known limitation,"This document does not claim full WCAG conformance, screen-reader compatibility, or real-device support — those require an implementation and recorded test evidence",traceability-metadata.csv (candidate only),D — Evidence-owned,None,UNRESOLVED_FIELD_SOURCE,unresolved-field-sources.csv ; limitation-scope-audit.csv,VAL-006; VAL-005,KBDL-A11Y-031,,,,,Not-verified/excluded scope relationship,No approach recommended; options only: PROVIDE APPROVED LIMITATION SOURCE / CONFIRM CURRENT LIMITATION AS CURRENT NON-RETROACTIVE GOVERNANCE / REVISE LIMITATION / REMOVE UNSUPPORTED LIMITATION / DEFER DECISION,Removing the limitation text without a supporting source risks silently narrowing disclosed scope.,No limitation is accepted through packet preparation; confirming current text as governance would be current and non-retroactive only. Prohibited automatic correction: Ledger/readable-group self-proof.,Approve an independent source or preserve Not verified,"A future recording/validation prompt for KBDL-A11Y-031's known limitation field, only after an explicit owner decision and separate validation.",Planning-agent validation of the recorded decision before any implementation action.,PENDING,PENDING,PENDING,SOURCE EVIDENCE REQUIRED,Shared with R16 LIMITATION_MISMATCH finding: derived Not-verified/excluded scope = 'not verified not verified'; exact normalized scope overlap = 'None' (limitation-scope-audit.csv).
SMR1-KL-0027,Known limitation,KBDL-A11Y-032,Known limitation,"This document does not claim full WCAG conformance, screen-reader compatibility, or real-device support — those require an implementation and recorded test evidence",traceability-metadata.csv (candidate only),D — Evidence-owned,None,UNRESOLVED_FIELD_SOURCE,unresolved-field-sources.csv ; limitation-scope-audit.csv,VAL-006; VAL-005,KBDL-A11Y-032,,,,,Not-verified/excluded scope relationship,No approach recommended; options only: PROVIDE APPROVED LIMITATION SOURCE / CONFIRM CURRENT LIMITATION AS CURRENT NON-RETROACTIVE GOVERNANCE / REVISE LIMITATION / REMOVE UNSUPPORTED LIMITATION / DEFER DECISION,Removing the limitation text without a supporting source risks silently narrowing disclosed scope.,No limitation is accepted through packet preparation; confirming current text as governance would be current and non-retroactive only. Prohibited automatic correction: Ledger/readable-group self-proof.,Approve an independent source or preserve Not verified,"A future recording/validation prompt for KBDL-A11Y-032's known limitation field, only after an explicit owner decision and separate validation.",Planning-agent validation of the recorded decision before any implementation action.,PENDING,PENDING,PENDING,SOURCE EVIDENCE REQUIRED,Shared with R16 LIMITATION_MISMATCH finding: derived Not-verified/excluded scope = 'not verified not verified'; exact normalized scope overlap = 'None' (limitation-scope-audit.csv).
SMR1-KL-0028,Known limitation,KBDL-A11Y-033,Known limitation,"This document does not claim full WCAG conformance, screen-reader compatibility, or real-device support — those require an implementation and recorded test evidence",traceability-metadata.csv (candidate only),D — Evidence-owned,None,UNRESOLVED_FIELD_SOURCE,unresolved-field-sources.csv ; limitation-scope-audit.csv,VAL-006; VAL-005,KBDL-A11Y-033,,,,,Not-verified/excluded scope relationship,No approach recommended; options only: PROVIDE APPROVED LIMITATION SOURCE / CONFIRM CURRENT LIMITATION AS CURRENT NON-RETROACTIVE GOVERNANCE / REVISE LIMITATION / REMOVE UNSUPPORTED LIMITATION / DEFER DECISION,Removing the limitation text without a supporting source risks silently narrowing disclosed scope.,No limitation is accepted through packet preparation; confirming current text as governance would be current and non-retroactive only. Prohibited automatic correction: Ledger/readable-group self-proof.,Approve an independent source or preserve Not verified,"A future recording/validation prompt for KBDL-A11Y-033's known limitation field, only after an explicit owner decision and separate validation.",Planning-agent validation of the recorded decision before any implementation action.,PENDING,PENDING,PENDING,SOURCE EVIDENCE REQUIRED,Shared with R16 LIMITATION_MISMATCH finding: derived Not-verified/excluded scope = 'not verified not verified'; exact normalized scope overlap = 'None' (limitation-scope-audit.csv).
SMR1-VC-0007,Validation classification,KBDL-A11Y-034,Validation classification,Not verified,traceability-metadata.csv (candidate only),A — Normative-owned,None,UNRESOLVED_FIELD_SOURCE,unresolved-field-sources.csv,VAL-003; VAL-006,KBDL-A11Y-034,,,,,Normative record,No approach recommended; options only: PROVIDE ORIGINAL OR APPROVED SOURCE / CONFIRM CURRENT CLASSIFICATION AS NEW CURRENT AUTHORITY / REVISE CLASSIFICATION / SET TO NOT VERIFIED / DEFER DECISION,Setting to Not verified is the most conservative alternative and requires no new authority.,Confirming current classification as new current authority would be current and non-retroactive; would not reconstruct historical approval; would not prove execution evidence; would not change lifecycle; would require a later recording and validation prompt. Prohibited automatic correction: Ledger/readable-group self-proof.,Approve an independent source or preserve Not verified,"A future recording/validation prompt for KBDL-A11Y-034's validation classification field, only after an explicit owner decision and separate validation.",Planning-agent validation of the recorded decision before any implementation action.,PENDING,PENDING,PENDING,SOURCE EVIDENCE REQUIRED,
SMR1-KL-0029,Known limitation,KBDL-A11Y-034,Known limitation,"This document does not claim full WCAG conformance, screen-reader compatibility, or real-device support — those require an implementation and recorded test evidence",traceability-metadata.csv (candidate only),D — Evidence-owned,None,UNRESOLVED_FIELD_SOURCE,unresolved-field-sources.csv ; limitation-scope-audit.csv,VAL-006; VAL-005,KBDL-A11Y-034,,,,,Not-verified/excluded scope relationship,No approach recommended; options only: PROVIDE APPROVED LIMITATION SOURCE / CONFIRM CURRENT LIMITATION AS CURRENT NON-RETROACTIVE GOVERNANCE / REVISE LIMITATION / REMOVE UNSUPPORTED LIMITATION / DEFER DECISION,Removing the limitation text without a supporting source risks silently narrowing disclosed scope.,No limitation is accepted through packet preparation; confirming current text as governance would be current and non-retroactive only. Prohibited automatic correction: Ledger/readable-group self-proof.,Approve an independent source or preserve Not verified,"A future recording/validation prompt for KBDL-A11Y-034's known limitation field, only after an explicit owner decision and separate validation.",Planning-agent validation of the recorded decision before any implementation action.,PENDING,PENDING,PENDING,SOURCE EVIDENCE REQUIRED,Shared with R16 LIMITATION_MISMATCH finding: derived Not-verified/excluded scope = 'not verified not verified'; exact normalized scope overlap = 'None' (limitation-scope-audit.csv).
SMR1-KL-0030,Known limitation,KBDL-A11Y-037,Known limitation,"This document does not claim full WCAG conformance, screen-reader compatibility, or real-device support — those require an implementation and recorded test evidence",traceability-metadata.csv (candidate only),D — Evidence-owned,None,UNRESOLVED_FIELD_SOURCE,unresolved-field-sources.csv ; limitation-scope-audit.csv,VAL-006; VAL-005,KBDL-A11Y-037,,,,,Not-verified/excluded scope relationship,No approach recommended; options only: PROVIDE APPROVED LIMITATION SOURCE / CONFIRM CURRENT LIMITATION AS CURRENT NON-RETROACTIVE GOVERNANCE / REVISE LIMITATION / REMOVE UNSUPPORTED LIMITATION / DEFER DECISION,Removing the limitation text without a supporting source risks silently narrowing disclosed scope.,No limitation is accepted through packet preparation; confirming current text as governance would be current and non-retroactive only. Prohibited automatic correction: Ledger/readable-group self-proof.,Approve an independent source or preserve Not verified,"A future recording/validation prompt for KBDL-A11Y-037's known limitation field, only after an explicit owner decision and separate validation.",Planning-agent validation of the recorded decision before any implementation action.,PENDING,PENDING,PENDING,SOURCE EVIDENCE REQUIRED,Shared with R16 LIMITATION_MISMATCH finding: derived Not-verified/excluded scope = 'not verified not verified'; exact normalized scope overlap = 'None' (limitation-scope-audit.csv).
SMR1-KL-0031,Known limitation,KBDL-A11Y-040,Known limitation,"This document does not claim full WCAG conformance, screen-reader compatibility, or real-device support — those require an implementation and recorded test evidence",traceability-metadata.csv (candidate only),D — Evidence-owned,None,UNRESOLVED_FIELD_SOURCE,unresolved-field-sources.csv ; limitation-scope-audit.csv,VAL-006; VAL-005,KBDL-A11Y-040,,,,,Not-verified/excluded scope relationship,No approach recommended; options only: PROVIDE APPROVED LIMITATION SOURCE / CONFIRM CURRENT LIMITATION AS CURRENT NON-RETROACTIVE GOVERNANCE / REVISE LIMITATION / REMOVE UNSUPPORTED LIMITATION / DEFER DECISION,Removing the limitation text without a supporting source risks silently narrowing disclosed scope.,No limitation is accepted through packet preparation; confirming current text as governance would be current and non-retroactive only. Prohibited automatic correction: Ledger/readable-group self-proof.,Approve an independent source or preserve Not verified,"A future recording/validation prompt for KBDL-A11Y-040's known limitation field, only after an explicit owner decision and separate validation.",Planning-agent validation of the recorded decision before any implementation action.,PENDING,PENDING,PENDING,SOURCE EVIDENCE REQUIRED,Shared with R16 LIMITATION_MISMATCH finding: derived Not-verified/excluded scope = 'not verified not verified'; exact normalized scope overlap = 'None' (limitation-scope-audit.csv).
SMR1-KL-0032,Known limitation,KBDL-CMP-001,Known limitation,Implementation-dependent; cannot be tested until real components exist,traceability-metadata.csv (candidate only),D — Evidence-owned,None,UNRESOLVED_FIELD_SOURCE,unresolved-field-sources.csv ; limitation-scope-audit.csv,VAL-006; VAL-005,KBDL-CMP-001,,,,,Not-verified/excluded scope relationship,No approach recommended; options only: PROVIDE APPROVED LIMITATION SOURCE / CONFIRM CURRENT LIMITATION AS CURRENT NON-RETROACTIVE GOVERNANCE / REVISE LIMITATION / REMOVE UNSUPPORTED LIMITATION / DEFER DECISION,Removing the limitation text without a supporting source risks silently narrowing disclosed scope.,No limitation is accepted through packet preparation; confirming current text as governance would be current and non-retroactive only. Prohibited automatic correction: Ledger/readable-group self-proof.,Approve an independent source or preserve Not verified,"A future recording/validation prompt for KBDL-CMP-001's known limitation field, only after an explicit owner decision and separate validation.",Planning-agent validation of the recorded decision before any implementation action.,PENDING,PENDING,PENDING,SOURCE EVIDENCE REQUIRED,Shared with R16 LIMITATION_MISMATCH finding: derived Not-verified/excluded scope = 'not verified not verified'; exact normalized scope overlap = 'None' (limitation-scope-audit.csv).
SMR1-KL-0033,Known limitation,KBDL-CMP-002,Known limitation,Implementation-dependent; cannot be tested until real components exist,traceability-metadata.csv (candidate only),D — Evidence-owned,None,UNRESOLVED_FIELD_SOURCE,unresolved-field-sources.csv ; limitation-scope-audit.csv,VAL-006; VAL-005,KBDL-CMP-002,,,,,Not-verified/excluded scope relationship,No approach recommended; options only: PROVIDE APPROVED LIMITATION SOURCE / CONFIRM CURRENT LIMITATION AS CURRENT NON-RETROACTIVE GOVERNANCE / REVISE LIMITATION / REMOVE UNSUPPORTED LIMITATION / DEFER DECISION,Removing the limitation text without a supporting source risks silently narrowing disclosed scope.,No limitation is accepted through packet preparation; confirming current text as governance would be current and non-retroactive only. Prohibited automatic correction: Ledger/readable-group self-proof.,Approve an independent source or preserve Not verified,"A future recording/validation prompt for KBDL-CMP-002's known limitation field, only after an explicit owner decision and separate validation.",Planning-agent validation of the recorded decision before any implementation action.,PENDING,PENDING,PENDING,SOURCE EVIDENCE REQUIRED,Shared with R16 LIMITATION_MISMATCH finding: derived Not-verified/excluded scope = 'not verified not verified'; exact normalized scope overlap = 'None' (limitation-scope-audit.csv).
SMR1-KL-0034,Known limitation,KBDL-CMP-003,Known limitation,Implementation-dependent; cannot be tested until real components exist,traceability-metadata.csv (candidate only),D — Evidence-owned,None,UNRESOLVED_FIELD_SOURCE,unresolved-field-sources.csv ; limitation-scope-audit.csv,VAL-006; VAL-005,KBDL-CMP-003,,,,,Not-verified/excluded scope relationship,No approach recommended; options only: PROVIDE APPROVED LIMITATION SOURCE / CONFIRM CURRENT LIMITATION AS CURRENT NON-RETROACTIVE GOVERNANCE / REVISE LIMITATION / REMOVE UNSUPPORTED LIMITATION / DEFER DECISION,Removing the limitation text without a supporting source risks silently narrowing disclosed scope.,No limitation is accepted through packet preparation; confirming current text as governance would be current and non-retroactive only. Prohibited automatic correction: Ledger/readable-group self-proof.,Approve an independent source or preserve Not verified,"A future recording/validation prompt for KBDL-CMP-003's known limitation field, only after an explicit owner decision and separate validation.",Planning-agent validation of the recorded decision before any implementation action.,PENDING,PENDING,PENDING,SOURCE EVIDENCE REQUIRED,Shared with R16 LIMITATION_MISMATCH finding: derived Not-verified/excluded scope = 'not verified not verified'; exact normalized scope overlap = 'None' (limitation-scope-audit.csv).
SMR1-VC-0008,Validation classification,KBDL-CMP-004,Validation classification,Not verified,traceability-metadata.csv (candidate only),A — Normative-owned,None,UNRESOLVED_FIELD_SOURCE,unresolved-field-sources.csv,VAL-003; VAL-006,KBDL-CMP-004,,,,,Normative record,No approach recommended; options only: PROVIDE ORIGINAL OR APPROVED SOURCE / CONFIRM CURRENT CLASSIFICATION AS NEW CURRENT AUTHORITY / REVISE CLASSIFICATION / SET TO NOT VERIFIED / DEFER DECISION,Setting to Not verified is the most conservative alternative and requires no new authority.,Confirming current classification as new current authority would be current and non-retroactive; would not reconstruct historical approval; would not prove execution evidence; would not change lifecycle; would require a later recording and validation prompt. Prohibited automatic correction: Ledger/readable-group self-proof.,Approve an independent source or preserve Not verified,"A future recording/validation prompt for KBDL-CMP-004's validation classification field, only after an explicit owner decision and separate validation.",Planning-agent validation of the recorded decision before any implementation action.,PENDING,PENDING,PENDING,SOURCE EVIDENCE REQUIRED,
SMR1-KL-0035,Known limitation,KBDL-CMP-004,Known limitation,Implementation-dependent; cannot be tested until real components exist,traceability-metadata.csv (candidate only),D — Evidence-owned,None,UNRESOLVED_FIELD_SOURCE,unresolved-field-sources.csv ; limitation-scope-audit.csv,VAL-006; VAL-005,KBDL-CMP-004,,,,,Not-verified/excluded scope relationship,No approach recommended; options only: PROVIDE APPROVED LIMITATION SOURCE / CONFIRM CURRENT LIMITATION AS CURRENT NON-RETROACTIVE GOVERNANCE / REVISE LIMITATION / REMOVE UNSUPPORTED LIMITATION / DEFER DECISION,Removing the limitation text without a supporting source risks silently narrowing disclosed scope.,No limitation is accepted through packet preparation; confirming current text as governance would be current and non-retroactive only. Prohibited automatic correction: Ledger/readable-group self-proof.,Approve an independent source or preserve Not verified,"A future recording/validation prompt for KBDL-CMP-004's known limitation field, only after an explicit owner decision and separate validation.",Planning-agent validation of the recorded decision before any implementation action.,PENDING,PENDING,PENDING,SOURCE EVIDENCE REQUIRED,Shared with R16 LIMITATION_MISMATCH finding: derived Not-verified/excluded scope = 'not verified not verified'; exact normalized scope overlap = 'None' (limitation-scope-audit.csv).
SMR1-KL-0036,Known limitation,KBDL-CMP-006,Known limitation,Implementation-dependent; cannot be tested until real components exist,traceability-metadata.csv (candidate only),D — Evidence-owned,None,UNRESOLVED_FIELD_SOURCE,unresolved-field-sources.csv ; limitation-scope-audit.csv,VAL-006; VAL-005,KBDL-CMP-006,,,,,Not-verified/excluded scope relationship,No approach recommended; options only: PROVIDE APPROVED LIMITATION SOURCE / CONFIRM CURRENT LIMITATION AS CURRENT NON-RETROACTIVE GOVERNANCE / REVISE LIMITATION / REMOVE UNSUPPORTED LIMITATION / DEFER DECISION,Removing the limitation text without a supporting source risks silently narrowing disclosed scope.,No limitation is accepted through packet preparation; confirming current text as governance would be current and non-retroactive only. Prohibited automatic correction: Ledger/readable-group self-proof.,Approve an independent source or preserve Not verified,"A future recording/validation prompt for KBDL-CMP-006's known limitation field, only after an explicit owner decision and separate validation.",Planning-agent validation of the recorded decision before any implementation action.,PENDING,PENDING,PENDING,SOURCE EVIDENCE REQUIRED,Shared with R16 LIMITATION_MISMATCH finding: derived Not-verified/excluded scope = 'not verified not verified'; exact normalized scope overlap = 'None' (limitation-scope-audit.csv).
SMR1-KL-0037,Known limitation,KBDL-CMP-007,Known limitation,Implementation-dependent; cannot be tested until real components exist,traceability-metadata.csv (candidate only),D — Evidence-owned,None,UNRESOLVED_FIELD_SOURCE,unresolved-field-sources.csv ; limitation-scope-audit.csv,VAL-006; VAL-005,KBDL-CMP-007,,,,,Not-verified/excluded scope relationship,No approach recommended; options only: PROVIDE APPROVED LIMITATION SOURCE / CONFIRM CURRENT LIMITATION AS CURRENT NON-RETROACTIVE GOVERNANCE / REVISE LIMITATION / REMOVE UNSUPPORTED LIMITATION / DEFER DECISION,Removing the limitation text without a supporting source risks silently narrowing disclosed scope.,No limitation is accepted through packet preparation; confirming current text as governance would be current and non-retroactive only. Prohibited automatic correction: Ledger/readable-group self-proof.,Approve an independent source or preserve Not verified,"A future recording/validation prompt for KBDL-CMP-007's known limitation field, only after an explicit owner decision and separate validation.",Planning-agent validation of the recorded decision before any implementation action.,PENDING,PENDING,PENDING,SOURCE EVIDENCE REQUIRED,Shared with R16 LIMITATION_MISMATCH finding: derived Not-verified/excluded scope = 'not verified not verified'; exact normalized scope overlap = 'None' (limitation-scope-audit.csv).
SMR1-KL-0038,Known limitation,KBDL-CMP-008,Known limitation,Implementation-dependent; cannot be tested until real components exist,traceability-metadata.csv (candidate only),D — Evidence-owned,None,UNRESOLVED_FIELD_SOURCE,unresolved-field-sources.csv ; limitation-scope-audit.csv,VAL-006; VAL-005,KBDL-CMP-008,,,,,Not-verified/excluded scope relationship,No approach recommended; options only: PROVIDE APPROVED LIMITATION SOURCE / CONFIRM CURRENT LIMITATION AS CURRENT NON-RETROACTIVE GOVERNANCE / REVISE LIMITATION / REMOVE UNSUPPORTED LIMITATION / DEFER DECISION,Removing the limitation text without a supporting source risks silently narrowing disclosed scope.,No limitation is accepted through packet preparation; confirming current text as governance would be current and non-retroactive only. Prohibited automatic correction: Ledger/readable-group self-proof.,Approve an independent source or preserve Not verified,"A future recording/validation prompt for KBDL-CMP-008's known limitation field, only after an explicit owner decision and separate validation.",Planning-agent validation of the recorded decision before any implementation action.,PENDING,PENDING,PENDING,SOURCE EVIDENCE REQUIRED,Shared with R16 LIMITATION_MISMATCH finding: derived Not-verified/excluded scope = 'not verified not verified'; exact normalized scope overlap = 'None' (limitation-scope-audit.csv).
SMR1-KL-0039,Known limitation,KBDL-CMP-009,Known limitation,Implementation-dependent; cannot be tested until real components exist,traceability-metadata.csv (candidate only),D — Evidence-owned,None,UNRESOLVED_FIELD_SOURCE,unresolved-field-sources.csv ; limitation-scope-audit.csv,VAL-006; VAL-005,KBDL-CMP-009,,,,,Not-verified/excluded scope relationship,No approach recommended; options only: PROVIDE APPROVED LIMITATION SOURCE / CONFIRM CURRENT LIMITATION AS CURRENT NON-RETROACTIVE GOVERNANCE / REVISE LIMITATION / REMOVE UNSUPPORTED LIMITATION / DEFER DECISION,Removing the limitation text without a supporting source risks silently narrowing disclosed scope.,No limitation is accepted through packet preparation; confirming current text as governance would be current and non-retroactive only. Prohibited automatic correction: Ledger/readable-group self-proof.,Approve an independent source or preserve Not verified,"A future recording/validation prompt for KBDL-CMP-009's known limitation field, only after an explicit owner decision and separate validation.",Planning-agent validation of the recorded decision before any implementation action.,PENDING,PENDING,PENDING,SOURCE EVIDENCE REQUIRED,Shared with R16 LIMITATION_MISMATCH finding: derived Not-verified/excluded scope = 'not verified not verified'; exact normalized scope overlap = 'None' (limitation-scope-audit.csv).
SMR1-KL-0040,Known limitation,KBDL-CMP-010,Known limitation,Implementation-dependent; cannot be tested until real components exist,traceability-metadata.csv (candidate only),D — Evidence-owned,None,UNRESOLVED_FIELD_SOURCE,unresolved-field-sources.csv ; limitation-scope-audit.csv,VAL-006; VAL-005,KBDL-CMP-010,,,,,Not-verified/excluded scope relationship,No approach recommended; options only: PROVIDE APPROVED LIMITATION SOURCE / CONFIRM CURRENT LIMITATION AS CURRENT NON-RETROACTIVE GOVERNANCE / REVISE LIMITATION / REMOVE UNSUPPORTED LIMITATION / DEFER DECISION,Removing the limitation text without a supporting source risks silently narrowing disclosed scope.,No limitation is accepted through packet preparation; confirming current text as governance would be current and non-retroactive only. Prohibited automatic correction: Ledger/readable-group self-proof.,Approve an independent source or preserve Not verified,"A future recording/validation prompt for KBDL-CMP-010's known limitation field, only after an explicit owner decision and separate validation.",Planning-agent validation of the recorded decision before any implementation action.,PENDING,PENDING,PENDING,SOURCE EVIDENCE REQUIRED,Shared with R16 LIMITATION_MISMATCH finding: derived Not-verified/excluded scope = 'not verified not verified'; exact normalized scope overlap = 'None' (limitation-scope-audit.csv).
SMR1-KL-0041,Known limitation,KBDL-CMP-011,Known limitation,Implementation-dependent; cannot be tested until real components exist,traceability-metadata.csv (candidate only),D — Evidence-owned,None,UNRESOLVED_FIELD_SOURCE,unresolved-field-sources.csv ; limitation-scope-audit.csv,VAL-006; VAL-005,KBDL-CMP-011,,,,,Not-verified/excluded scope relationship,No approach recommended; options only: PROVIDE APPROVED LIMITATION SOURCE / CONFIRM CURRENT LIMITATION AS CURRENT NON-RETROACTIVE GOVERNANCE / REVISE LIMITATION / REMOVE UNSUPPORTED LIMITATION / DEFER DECISION,Removing the limitation text without a supporting source risks silently narrowing disclosed scope.,No limitation is accepted through packet preparation; confirming current text as governance would be current and non-retroactive only. Prohibited automatic correction: Ledger/readable-group self-proof.,Approve an independent source or preserve Not verified,"A future recording/validation prompt for KBDL-CMP-011's known limitation field, only after an explicit owner decision and separate validation.",Planning-agent validation of the recorded decision before any implementation action.,PENDING,PENDING,PENDING,SOURCE EVIDENCE REQUIRED,Shared with R16 LIMITATION_MISMATCH finding: derived Not-verified/excluded scope = 'not verified not verified'; exact normalized scope overlap = 'None' (limitation-scope-audit.csv).
SMR1-KL-0042,Known limitation,KBDL-CMP-012,Known limitation,Implementation-dependent; cannot be tested until real components exist,traceability-metadata.csv (candidate only),D — Evidence-owned,None,UNRESOLVED_FIELD_SOURCE,unresolved-field-sources.csv ; limitation-scope-audit.csv,VAL-006; VAL-005,KBDL-CMP-012,,,,,Not-verified/excluded scope relationship,No approach recommended; options only: PROVIDE APPROVED LIMITATION SOURCE / CONFIRM CURRENT LIMITATION AS CURRENT NON-RETROACTIVE GOVERNANCE / REVISE LIMITATION / REMOVE UNSUPPORTED LIMITATION / DEFER DECISION,Removing the limitation text without a supporting source risks silently narrowing disclosed scope.,No limitation is accepted through packet preparation; confirming current text as governance would be current and non-retroactive only. Prohibited automatic correction: Ledger/readable-group self-proof.,Approve an independent source or preserve Not verified,"A future recording/validation prompt for KBDL-CMP-012's known limitation field, only after an explicit owner decision and separate validation.",Planning-agent validation of the recorded decision before any implementation action.,PENDING,PENDING,PENDING,SOURCE EVIDENCE REQUIRED,Shared with R16 LIMITATION_MISMATCH finding: derived Not-verified/excluded scope = 'not verified not verified'; exact normalized scope overlap = 'None' (limitation-scope-audit.csv).
SMR1-KL-0043,Known limitation,KBDL-CMP-013,Known limitation,Implementation-dependent; cannot be tested until real components exist,traceability-metadata.csv (candidate only),D — Evidence-owned,None,UNRESOLVED_FIELD_SOURCE,unresolved-field-sources.csv ; limitation-scope-audit.csv,VAL-006; VAL-005,KBDL-CMP-013,,,,,Not-verified/excluded scope relationship,No approach recommended; options only: PROVIDE APPROVED LIMITATION SOURCE / CONFIRM CURRENT LIMITATION AS CURRENT NON-RETROACTIVE GOVERNANCE / REVISE LIMITATION / REMOVE UNSUPPORTED LIMITATION / DEFER DECISION,Removing the limitation text without a supporting source risks silently narrowing disclosed scope.,No limitation is accepted through packet preparation; confirming current text as governance would be current and non-retroactive only. Prohibited automatic correction: Ledger/readable-group self-proof.,Approve an independent source or preserve Not verified,"A future recording/validation prompt for KBDL-CMP-013's known limitation field, only after an explicit owner decision and separate validation.",Planning-agent validation of the recorded decision before any implementation action.,PENDING,PENDING,PENDING,SOURCE EVIDENCE REQUIRED,Shared with R16 LIMITATION_MISMATCH finding: derived Not-verified/excluded scope = 'not verified not verified'; exact normalized scope overlap = 'None' (limitation-scope-audit.csv).
SMR1-KL-0044,Known limitation,KBDL-CMP-014,Known limitation,Implementation-dependent,traceability-metadata.csv (candidate only),D — Evidence-owned,None,UNRESOLVED_FIELD_SOURCE,unresolved-field-sources.csv ; limitation-scope-audit.csv,VAL-006; VAL-005,KBDL-CMP-014,,,,,Not-verified/excluded scope relationship,No approach recommended; options only: PROVIDE APPROVED LIMITATION SOURCE / CONFIRM CURRENT LIMITATION AS CURRENT NON-RETROACTIVE GOVERNANCE / REVISE LIMITATION / REMOVE UNSUPPORTED LIMITATION / DEFER DECISION,Removing the limitation text without a supporting source risks silently narrowing disclosed scope.,No limitation is accepted through packet preparation; confirming current text as governance would be current and non-retroactive only. Prohibited automatic correction: Ledger/readable-group self-proof.,Approve an independent source or preserve Not verified,"A future recording/validation prompt for KBDL-CMP-014's known limitation field, only after an explicit owner decision and separate validation.",Planning-agent validation of the recorded decision before any implementation action.,PENDING,PENDING,PENDING,SOURCE EVIDENCE REQUIRED,Shared with R16 LIMITATION_MISMATCH finding: derived Not-verified/excluded scope = 'not verified not verified'; exact normalized scope overlap = 'None' (limitation-scope-audit.csv).
SMR1-KL-0045,Known limitation,KBDL-CMP-016,Known limitation,Implementation-dependent,traceability-metadata.csv (candidate only),D — Evidence-owned,None,UNRESOLVED_FIELD_SOURCE,unresolved-field-sources.csv ; limitation-scope-audit.csv,VAL-006; VAL-005,KBDL-CMP-016,,,,,Not-verified/excluded scope relationship,No approach recommended; options only: PROVIDE APPROVED LIMITATION SOURCE / CONFIRM CURRENT LIMITATION AS CURRENT NON-RETROACTIVE GOVERNANCE / REVISE LIMITATION / REMOVE UNSUPPORTED LIMITATION / DEFER DECISION,Removing the limitation text without a supporting source risks silently narrowing disclosed scope.,No limitation is accepted through packet preparation; confirming current text as governance would be current and non-retroactive only. Prohibited automatic correction: Ledger/readable-group self-proof.,Approve an independent source or preserve Not verified,"A future recording/validation prompt for KBDL-CMP-016's known limitation field, only after an explicit owner decision and separate validation.",Planning-agent validation of the recorded decision before any implementation action.,PENDING,PENDING,PENDING,SOURCE EVIDENCE REQUIRED,Shared with R16 LIMITATION_MISMATCH finding: derived Not-verified/excluded scope = 'not verified not verified'; exact normalized scope overlap = 'None' (limitation-scope-audit.csv).
SMR1-AU-0005,Authority,KBDL-CMP-018,Authority,Approved (directly restates WAI-ARIA),traceability-metadata.csv (candidate only),B — Governance-owned,None,UNRESOLVED_FIELD_SOURCE,unresolved-field-sources.csv,VAL-003,KBDL-CMP-018,,,,,Authority graph,No approach recommended; options only: PROVIDE ORIGINAL OR APPROVED AUTHORITY / CONFIRM CURRENT NON-RETROACTIVE AUTHORITY / REVISE AUTHORITY EXPRESSION / REJECT AUTHORITY / DEFER DECISION,Rejecting the authority expression would require reclassifying dependent requirement text.,"Lifecycle status, ledger presence, and implementation history are not treated as authority under this packet's source-of-truth hierarchy. Prohibited automatic correction: Ledger/readable-group self-proof.",Approve an independent source or preserve Not verified,"A future recording/validation prompt for KBDL-CMP-018's authority field, only after an explicit owner decision and separate validation.",Planning-agent validation of the recorded decision before any implementation action.,PENDING,PENDING,PENDING,SOURCE EVIDENCE REQUIRED,
SMR1-KL-0046,Known limitation,KBDL-CMP-018,Known limitation,Implementation-dependent,traceability-metadata.csv (candidate only),D — Evidence-owned,None,UNRESOLVED_FIELD_SOURCE,unresolved-field-sources.csv ; limitation-scope-audit.csv,VAL-006; VAL-005,KBDL-CMP-018,,,,,Not-verified/excluded scope relationship,No approach recommended; options only: PROVIDE APPROVED LIMITATION SOURCE / CONFIRM CURRENT LIMITATION AS CURRENT NON-RETROACTIVE GOVERNANCE / REVISE LIMITATION / REMOVE UNSUPPORTED LIMITATION / DEFER DECISION,Removing the limitation text without a supporting source risks silently narrowing disclosed scope.,No limitation is accepted through packet preparation; confirming current text as governance would be current and non-retroactive only. Prohibited automatic correction: Ledger/readable-group self-proof.,Approve an independent source or preserve Not verified,"A future recording/validation prompt for KBDL-CMP-018's known limitation field, only after an explicit owner decision and separate validation.",Planning-agent validation of the recorded decision before any implementation action.,PENDING,PENDING,PENDING,SOURCE EVIDENCE REQUIRED,Shared with R16 LIMITATION_MISMATCH finding: derived Not-verified/excluded scope = 'not verified not verified'; exact normalized scope overlap = 'None' (limitation-scope-audit.csv).
SMR1-KL-0047,Known limitation,KBDL-CMP-019,Known limitation,Implementation-dependent,traceability-metadata.csv (candidate only),D — Evidence-owned,None,UNRESOLVED_FIELD_SOURCE,unresolved-field-sources.csv ; limitation-scope-audit.csv,VAL-006; VAL-005,KBDL-CMP-019,,,,,Not-verified/excluded scope relationship,No approach recommended; options only: PROVIDE APPROVED LIMITATION SOURCE / CONFIRM CURRENT LIMITATION AS CURRENT NON-RETROACTIVE GOVERNANCE / REVISE LIMITATION / REMOVE UNSUPPORTED LIMITATION / DEFER DECISION,Removing the limitation text without a supporting source risks silently narrowing disclosed scope.,No limitation is accepted through packet preparation; confirming current text as governance would be current and non-retroactive only. Prohibited automatic correction: Ledger/readable-group self-proof.,Approve an independent source or preserve Not verified,"A future recording/validation prompt for KBDL-CMP-019's known limitation field, only after an explicit owner decision and separate validation.",Planning-agent validation of the recorded decision before any implementation action.,PENDING,PENDING,PENDING,SOURCE EVIDENCE REQUIRED,Shared with R16 LIMITATION_MISMATCH finding: derived Not-verified/excluded scope = 'not verified not verified'; exact normalized scope overlap = 'None' (limitation-scope-audit.csv).
SMR1-AU-0006,Authority,KBDL-CMP-021,Authority,Approved (directly restates the WAI-ARIA disclosure pattern),traceability-metadata.csv (candidate only),B — Governance-owned,None,UNRESOLVED_FIELD_SOURCE,unresolved-field-sources.csv,VAL-003,KBDL-CMP-021,,,,,Authority graph,No approach recommended; options only: PROVIDE ORIGINAL OR APPROVED AUTHORITY / CONFIRM CURRENT NON-RETROACTIVE AUTHORITY / REVISE AUTHORITY EXPRESSION / REJECT AUTHORITY / DEFER DECISION,Rejecting the authority expression would require reclassifying dependent requirement text.,"Lifecycle status, ledger presence, and implementation history are not treated as authority under this packet's source-of-truth hierarchy. Prohibited automatic correction: Ledger/readable-group self-proof.",Approve an independent source or preserve Not verified,"A future recording/validation prompt for KBDL-CMP-021's authority field, only after an explicit owner decision and separate validation.",Planning-agent validation of the recorded decision before any implementation action.,PENDING,PENDING,PENDING,SOURCE EVIDENCE REQUIRED,
SMR1-KL-0048,Known limitation,KBDL-CMP-021,Known limitation,Implementation-dependent,traceability-metadata.csv (candidate only),D — Evidence-owned,None,UNRESOLVED_FIELD_SOURCE,unresolved-field-sources.csv ; limitation-scope-audit.csv,VAL-006; VAL-005,KBDL-CMP-021,,,,,Not-verified/excluded scope relationship,No approach recommended; options only: PROVIDE APPROVED LIMITATION SOURCE / CONFIRM CURRENT LIMITATION AS CURRENT NON-RETROACTIVE GOVERNANCE / REVISE LIMITATION / REMOVE UNSUPPORTED LIMITATION / DEFER DECISION,Removing the limitation text without a supporting source risks silently narrowing disclosed scope.,No limitation is accepted through packet preparation; confirming current text as governance would be current and non-retroactive only. Prohibited automatic correction: Ledger/readable-group self-proof.,Approve an independent source or preserve Not verified,"A future recording/validation prompt for KBDL-CMP-021's known limitation field, only after an explicit owner decision and separate validation.",Planning-agent validation of the recorded decision before any implementation action.,PENDING,PENDING,PENDING,SOURCE EVIDENCE REQUIRED,Shared with R16 LIMITATION_MISMATCH finding: derived Not-verified/excluded scope = 'not verified not verified'; exact normalized scope overlap = 'None' (limitation-scope-audit.csv).
SMR1-KL-0049,Known limitation,KBDL-CMP-022,Known limitation,Implementation-dependent,traceability-metadata.csv (candidate only),D — Evidence-owned,None,UNRESOLVED_FIELD_SOURCE,unresolved-field-sources.csv ; limitation-scope-audit.csv,VAL-006; VAL-005,KBDL-CMP-022,,,,,Not-verified/excluded scope relationship,No approach recommended; options only: PROVIDE APPROVED LIMITATION SOURCE / CONFIRM CURRENT LIMITATION AS CURRENT NON-RETROACTIVE GOVERNANCE / REVISE LIMITATION / REMOVE UNSUPPORTED LIMITATION / DEFER DECISION,Removing the limitation text without a supporting source risks silently narrowing disclosed scope.,No limitation is accepted through packet preparation; confirming current text as governance would be current and non-retroactive only. Prohibited automatic correction: Ledger/readable-group self-proof.,Approve an independent source or preserve Not verified,"A future recording/validation prompt for KBDL-CMP-022's known limitation field, only after an explicit owner decision and separate validation.",Planning-agent validation of the recorded decision before any implementation action.,PENDING,PENDING,PENDING,SOURCE EVIDENCE REQUIRED,Shared with R16 LIMITATION_MISMATCH finding: derived Not-verified/excluded scope = 'not verified not verified'; exact normalized scope overlap = 'None' (limitation-scope-audit.csv).
SMR1-VC-0009,Validation classification,KBDL-CMP-023,Validation classification,Not verified,traceability-metadata.csv (candidate only),A — Normative-owned,None,UNRESOLVED_FIELD_SOURCE,unresolved-field-sources.csv,VAL-003; VAL-006,KBDL-CMP-023,,,,,Normative record,No approach recommended; options only: PROVIDE ORIGINAL OR APPROVED SOURCE / CONFIRM CURRENT CLASSIFICATION AS NEW CURRENT AUTHORITY / REVISE CLASSIFICATION / SET TO NOT VERIFIED / DEFER DECISION,Setting to Not verified is the most conservative alternative and requires no new authority.,Confirming current classification as new current authority would be current and non-retroactive; would not reconstruct historical approval; would not prove execution evidence; would not change lifecycle; would require a later recording and validation prompt. Prohibited automatic correction: Ledger/readable-group self-proof.,Approve an independent source or preserve Not verified,"A future recording/validation prompt for KBDL-CMP-023's validation classification field, only after an explicit owner decision and separate validation.",Planning-agent validation of the recorded decision before any implementation action.,PENDING,PENDING,PENDING,SOURCE EVIDENCE REQUIRED,
SMR1-KL-0050,Known limitation,KBDL-CMP-023,Known limitation,Implementation-dependent,traceability-metadata.csv (candidate only),D — Evidence-owned,None,UNRESOLVED_FIELD_SOURCE,unresolved-field-sources.csv ; limitation-scope-audit.csv,VAL-006; VAL-005,KBDL-CMP-023,,,,,Not-verified/excluded scope relationship,No approach recommended; options only: PROVIDE APPROVED LIMITATION SOURCE / CONFIRM CURRENT LIMITATION AS CURRENT NON-RETROACTIVE GOVERNANCE / REVISE LIMITATION / REMOVE UNSUPPORTED LIMITATION / DEFER DECISION,Removing the limitation text without a supporting source risks silently narrowing disclosed scope.,No limitation is accepted through packet preparation; confirming current text as governance would be current and non-retroactive only. Prohibited automatic correction: Ledger/readable-group self-proof.,Approve an independent source or preserve Not verified,"A future recording/validation prompt for KBDL-CMP-023's known limitation field, only after an explicit owner decision and separate validation.",Planning-agent validation of the recorded decision before any implementation action.,PENDING,PENDING,PENDING,SOURCE EVIDENCE REQUIRED,Shared with R16 LIMITATION_MISMATCH finding: derived Not-verified/excluded scope = 'not verified not verified'; exact normalized scope overlap = 'None' (limitation-scope-audit.csv).
SMR1-KL-0051,Known limitation,KBDL-CMP-024,Known limitation,Implementation-dependent,traceability-metadata.csv (candidate only),D — Evidence-owned,None,UNRESOLVED_FIELD_SOURCE,unresolved-field-sources.csv ; limitation-scope-audit.csv,VAL-006; VAL-005,KBDL-CMP-024,,,,,Not-verified/excluded scope relationship,No approach recommended; options only: PROVIDE APPROVED LIMITATION SOURCE / CONFIRM CURRENT LIMITATION AS CURRENT NON-RETROACTIVE GOVERNANCE / REVISE LIMITATION / REMOVE UNSUPPORTED LIMITATION / DEFER DECISION,Removing the limitation text without a supporting source risks silently narrowing disclosed scope.,No limitation is accepted through packet preparation; confirming current text as governance would be current and non-retroactive only. Prohibited automatic correction: Ledger/readable-group self-proof.,Approve an independent source or preserve Not verified,"A future recording/validation prompt for KBDL-CMP-024's known limitation field, only after an explicit owner decision and separate validation.",Planning-agent validation of the recorded decision before any implementation action.,PENDING,PENDING,PENDING,SOURCE EVIDENCE REQUIRED,Shared with R16 LIMITATION_MISMATCH finding: derived Not-verified/excluded scope = 'not verified not verified'; exact normalized scope overlap = 'None' (limitation-scope-audit.csv).
SMR1-VC-0010,Validation classification,KBDL-CMP-026,Validation classification,Not verified,traceability-metadata.csv (candidate only),A — Normative-owned,None,UNRESOLVED_FIELD_SOURCE,unresolved-field-sources.csv,VAL-003; VAL-006,KBDL-CMP-026,,,,,Normative record,No approach recommended; options only: PROVIDE ORIGINAL OR APPROVED SOURCE / CONFIRM CURRENT CLASSIFICATION AS NEW CURRENT AUTHORITY / REVISE CLASSIFICATION / SET TO NOT VERIFIED / DEFER DECISION,Setting to Not verified is the most conservative alternative and requires no new authority.,Confirming current classification as new current authority would be current and non-retroactive; would not reconstruct historical approval; would not prove execution evidence; would not change lifecycle; would require a later recording and validation prompt. Prohibited automatic correction: Ledger/readable-group self-proof.,Approve an independent source or preserve Not verified,"A future recording/validation prompt for KBDL-CMP-026's validation classification field, only after an explicit owner decision and separate validation.",Planning-agent validation of the recorded decision before any implementation action.,PENDING,PENDING,PENDING,SOURCE EVIDENCE REQUIRED,
SMR1-KL-0052,Known limitation,KBDL-CMP-026,Known limitation,Implementation-dependent,traceability-metadata.csv (candidate only),D — Evidence-owned,None,UNRESOLVED_FIELD_SOURCE,unresolved-field-sources.csv ; limitation-scope-audit.csv,VAL-006; VAL-005,KBDL-CMP-026,,,,,Not-verified/excluded scope relationship,No approach recommended; options only: PROVIDE APPROVED LIMITATION SOURCE / CONFIRM CURRENT LIMITATION AS CURRENT NON-RETROACTIVE GOVERNANCE / REVISE LIMITATION / REMOVE UNSUPPORTED LIMITATION / DEFER DECISION,Removing the limitation text without a supporting source risks silently narrowing disclosed scope.,No limitation is accepted through packet preparation; confirming current text as governance would be current and non-retroactive only. Prohibited automatic correction: Ledger/readable-group self-proof.,Approve an independent source or preserve Not verified,"A future recording/validation prompt for KBDL-CMP-026's known limitation field, only after an explicit owner decision and separate validation.",Planning-agent validation of the recorded decision before any implementation action.,PENDING,PENDING,PENDING,SOURCE EVIDENCE REQUIRED,Shared with R16 LIMITATION_MISMATCH finding: derived Not-verified/excluded scope = 'not verified not verified'; exact normalized scope overlap = 'None' (limitation-scope-audit.csv).
SMR1-KL-0053,Known limitation,KBDL-CMP-027,Known limitation,Implementation-dependent,traceability-metadata.csv (candidate only),D — Evidence-owned,None,UNRESOLVED_FIELD_SOURCE,unresolved-field-sources.csv ; limitation-scope-audit.csv,VAL-006; VAL-005,KBDL-CMP-027,,,,,Not-verified/excluded scope relationship,No approach recommended; options only: PROVIDE APPROVED LIMITATION SOURCE / CONFIRM CURRENT LIMITATION AS CURRENT NON-RETROACTIVE GOVERNANCE / REVISE LIMITATION / REMOVE UNSUPPORTED LIMITATION / DEFER DECISION,Removing the limitation text without a supporting source risks silently narrowing disclosed scope.,No limitation is accepted through packet preparation; confirming current text as governance would be current and non-retroactive only. Prohibited automatic correction: Ledger/readable-group self-proof.,Approve an independent source or preserve Not verified,"A future recording/validation prompt for KBDL-CMP-027's known limitation field, only after an explicit owner decision and separate validation.",Planning-agent validation of the recorded decision before any implementation action.,PENDING,PENDING,PENDING,SOURCE EVIDENCE REQUIRED,Shared with R16 LIMITATION_MISMATCH finding: derived Not-verified/excluded scope = 'not verified not verified'; exact normalized scope overlap = 'None' (limitation-scope-audit.csv).
SMR1-AU-0007,Authority,KBDL-CMP-028,Authority,Approved (directly restates WAI-ARIA/APG),traceability-metadata.csv (candidate only),B — Governance-owned,None,UNRESOLVED_FIELD_SOURCE,unresolved-field-sources.csv,VAL-003,KBDL-CMP-028,,,,,Authority graph,No approach recommended; options only: PROVIDE ORIGINAL OR APPROVED AUTHORITY / CONFIRM CURRENT NON-RETROACTIVE AUTHORITY / REVISE AUTHORITY EXPRESSION / REJECT AUTHORITY / DEFER DECISION,Rejecting the authority expression would require reclassifying dependent requirement text.,"Lifecycle status, ledger presence, and implementation history are not treated as authority under this packet's source-of-truth hierarchy. Prohibited automatic correction: Ledger/readable-group self-proof.",Approve an independent source or preserve Not verified,"A future recording/validation prompt for KBDL-CMP-028's authority field, only after an explicit owner decision and separate validation.",Planning-agent validation of the recorded decision before any implementation action.,PENDING,PENDING,PENDING,SOURCE EVIDENCE REQUIRED,
SMR1-KL-0054,Known limitation,KBDL-CMP-028,Known limitation,Implementation-dependent,traceability-metadata.csv (candidate only),D — Evidence-owned,None,UNRESOLVED_FIELD_SOURCE,unresolved-field-sources.csv ; limitation-scope-audit.csv,VAL-006; VAL-005,KBDL-CMP-028,,,,,Not-verified/excluded scope relationship,No approach recommended; options only: PROVIDE APPROVED LIMITATION SOURCE / CONFIRM CURRENT LIMITATION AS CURRENT NON-RETROACTIVE GOVERNANCE / REVISE LIMITATION / REMOVE UNSUPPORTED LIMITATION / DEFER DECISION,Removing the limitation text without a supporting source risks silently narrowing disclosed scope.,No limitation is accepted through packet preparation; confirming current text as governance would be current and non-retroactive only. Prohibited automatic correction: Ledger/readable-group self-proof.,Approve an independent source or preserve Not verified,"A future recording/validation prompt for KBDL-CMP-028's known limitation field, only after an explicit owner decision and separate validation.",Planning-agent validation of the recorded decision before any implementation action.,PENDING,PENDING,PENDING,SOURCE EVIDENCE REQUIRED,Shared with R16 LIMITATION_MISMATCH finding: derived Not-verified/excluded scope = 'not verified not verified'; exact normalized scope overlap = 'None' (limitation-scope-audit.csv).
SMR1-VC-0011,Validation classification,KBDL-CMP-030,Validation classification,Not verified,traceability-metadata.csv (candidate only),A — Normative-owned,None,UNRESOLVED_FIELD_SOURCE,unresolved-field-sources.csv,VAL-003; VAL-006,KBDL-CMP-030,,,,,Normative record,No approach recommended; options only: PROVIDE ORIGINAL OR APPROVED SOURCE / CONFIRM CURRENT CLASSIFICATION AS NEW CURRENT AUTHORITY / REVISE CLASSIFICATION / SET TO NOT VERIFIED / DEFER DECISION,Setting to Not verified is the most conservative alternative and requires no new authority.,Confirming current classification as new current authority would be current and non-retroactive; would not reconstruct historical approval; would not prove execution evidence; would not change lifecycle; would require a later recording and validation prompt. Prohibited automatic correction: Ledger/readable-group self-proof.,Approve an independent source or preserve Not verified,"A future recording/validation prompt for KBDL-CMP-030's validation classification field, only after an explicit owner decision and separate validation.",Planning-agent validation of the recorded decision before any implementation action.,PENDING,PENDING,PENDING,SOURCE EVIDENCE REQUIRED,
SMR1-KL-0055,Known limitation,KBDL-CMP-030,Known limitation,Implementation-dependent,traceability-metadata.csv (candidate only),D — Evidence-owned,None,UNRESOLVED_FIELD_SOURCE,unresolved-field-sources.csv ; limitation-scope-audit.csv,VAL-006; VAL-005,KBDL-CMP-030,,,,,Not-verified/excluded scope relationship,No approach recommended; options only: PROVIDE APPROVED LIMITATION SOURCE / CONFIRM CURRENT LIMITATION AS CURRENT NON-RETROACTIVE GOVERNANCE / REVISE LIMITATION / REMOVE UNSUPPORTED LIMITATION / DEFER DECISION,Removing the limitation text without a supporting source risks silently narrowing disclosed scope.,No limitation is accepted through packet preparation; confirming current text as governance would be current and non-retroactive only. Prohibited automatic correction: Ledger/readable-group self-proof.,Approve an independent source or preserve Not verified,"A future recording/validation prompt for KBDL-CMP-030's known limitation field, only after an explicit owner decision and separate validation.",Planning-agent validation of the recorded decision before any implementation action.,PENDING,PENDING,PENDING,SOURCE EVIDENCE REQUIRED,Shared with R16 LIMITATION_MISMATCH finding: derived Not-verified/excluded scope = 'not verified not verified'; exact normalized scope overlap = 'None' (limitation-scope-audit.csv).
SMR1-VC-0012,Validation classification,KBDL-CMP-031,Validation classification,Not verified,traceability-metadata.csv (candidate only),A — Normative-owned,None,UNRESOLVED_FIELD_SOURCE,unresolved-field-sources.csv,VAL-003; VAL-006,KBDL-CMP-031,,,,,Normative record,No approach recommended; options only: PROVIDE ORIGINAL OR APPROVED SOURCE / CONFIRM CURRENT CLASSIFICATION AS NEW CURRENT AUTHORITY / REVISE CLASSIFICATION / SET TO NOT VERIFIED / DEFER DECISION,Setting to Not verified is the most conservative alternative and requires no new authority.,Confirming current classification as new current authority would be current and non-retroactive; would not reconstruct historical approval; would not prove execution evidence; would not change lifecycle; would require a later recording and validation prompt. Prohibited automatic correction: Ledger/readable-group self-proof.,Approve an independent source or preserve Not verified,"A future recording/validation prompt for KBDL-CMP-031's validation classification field, only after an explicit owner decision and separate validation.",Planning-agent validation of the recorded decision before any implementation action.,PENDING,PENDING,PENDING,SOURCE EVIDENCE REQUIRED,
SMR1-KL-0056,Known limitation,KBDL-CMP-031,Known limitation,Implementation-dependent,traceability-metadata.csv (candidate only),D — Evidence-owned,None,UNRESOLVED_FIELD_SOURCE,unresolved-field-sources.csv ; limitation-scope-audit.csv,VAL-006; VAL-005,KBDL-CMP-031,,,,,Not-verified/excluded scope relationship,No approach recommended; options only: PROVIDE APPROVED LIMITATION SOURCE / CONFIRM CURRENT LIMITATION AS CURRENT NON-RETROACTIVE GOVERNANCE / REVISE LIMITATION / REMOVE UNSUPPORTED LIMITATION / DEFER DECISION,Removing the limitation text without a supporting source risks silently narrowing disclosed scope.,No limitation is accepted through packet preparation; confirming current text as governance would be current and non-retroactive only. Prohibited automatic correction: Ledger/readable-group self-proof.,Approve an independent source or preserve Not verified,"A future recording/validation prompt for KBDL-CMP-031's known limitation field, only after an explicit owner decision and separate validation.",Planning-agent validation of the recorded decision before any implementation action.,PENDING,PENDING,PENDING,SOURCE EVIDENCE REQUIRED,Shared with R16 LIMITATION_MISMATCH finding: derived Not-verified/excluded scope = 'not verified not verified'; exact normalized scope overlap = 'None' (limitation-scope-audit.csv).
SMR1-AU-0008,Authority,KBDL-CMP-032,Authority,Approved (directly restates WAI-ARIA switch role),traceability-metadata.csv (candidate only),B — Governance-owned,None,UNRESOLVED_FIELD_SOURCE,unresolved-field-sources.csv,VAL-003,KBDL-CMP-032,,,,,Authority graph,No approach recommended; options only: PROVIDE ORIGINAL OR APPROVED AUTHORITY / CONFIRM CURRENT NON-RETROACTIVE AUTHORITY / REVISE AUTHORITY EXPRESSION / REJECT AUTHORITY / DEFER DECISION,Rejecting the authority expression would require reclassifying dependent requirement text.,"Lifecycle status, ledger presence, and implementation history are not treated as authority under this packet's source-of-truth hierarchy. Prohibited automatic correction: Ledger/readable-group self-proof.",Approve an independent source or preserve Not verified,"A future recording/validation prompt for KBDL-CMP-032's authority field, only after an explicit owner decision and separate validation.",Planning-agent validation of the recorded decision before any implementation action.,PENDING,PENDING,PENDING,SOURCE EVIDENCE REQUIRED,
SMR1-KL-0057,Known limitation,KBDL-CMP-032,Known limitation,Implementation-dependent,traceability-metadata.csv (candidate only),D — Evidence-owned,None,UNRESOLVED_FIELD_SOURCE,unresolved-field-sources.csv ; limitation-scope-audit.csv,VAL-006; VAL-005,KBDL-CMP-032,,,,,Not-verified/excluded scope relationship,No approach recommended; options only: PROVIDE APPROVED LIMITATION SOURCE / CONFIRM CURRENT LIMITATION AS CURRENT NON-RETROACTIVE GOVERNANCE / REVISE LIMITATION / REMOVE UNSUPPORTED LIMITATION / DEFER DECISION,Removing the limitation text without a supporting source risks silently narrowing disclosed scope.,No limitation is accepted through packet preparation; confirming current text as governance would be current and non-retroactive only. Prohibited automatic correction: Ledger/readable-group self-proof.,Approve an independent source or preserve Not verified,"A future recording/validation prompt for KBDL-CMP-032's known limitation field, only after an explicit owner decision and separate validation.",Planning-agent validation of the recorded decision before any implementation action.,PENDING,PENDING,PENDING,SOURCE EVIDENCE REQUIRED,Shared with R16 LIMITATION_MISMATCH finding: derived Not-verified/excluded scope = 'not verified not verified'; exact normalized scope overlap = 'None' (limitation-scope-audit.csv).
SMR1-VC-0013,Validation classification,KBDL-CMP-033,Validation classification,Not verified,traceability-metadata.csv (candidate only),A — Normative-owned,None,UNRESOLVED_FIELD_SOURCE,unresolved-field-sources.csv,VAL-003; VAL-006,KBDL-CMP-033,,,,,Normative record,No approach recommended; options only: PROVIDE ORIGINAL OR APPROVED SOURCE / CONFIRM CURRENT CLASSIFICATION AS NEW CURRENT AUTHORITY / REVISE CLASSIFICATION / SET TO NOT VERIFIED / DEFER DECISION,Setting to Not verified is the most conservative alternative and requires no new authority.,Confirming current classification as new current authority would be current and non-retroactive; would not reconstruct historical approval; would not prove execution evidence; would not change lifecycle; would require a later recording and validation prompt. Prohibited automatic correction: Ledger/readable-group self-proof.,Approve an independent source or preserve Not verified,"A future recording/validation prompt for KBDL-CMP-033's validation classification field, only after an explicit owner decision and separate validation.",Planning-agent validation of the recorded decision before any implementation action.,PENDING,PENDING,PENDING,SOURCE EVIDENCE REQUIRED,
SMR1-KL-0058,Known limitation,KBDL-CMP-033,Known limitation,Implementation-dependent,traceability-metadata.csv (candidate only),D — Evidence-owned,None,UNRESOLVED_FIELD_SOURCE,unresolved-field-sources.csv ; limitation-scope-audit.csv,VAL-006; VAL-005,KBDL-CMP-033,,,,,Not-verified/excluded scope relationship,No approach recommended; options only: PROVIDE APPROVED LIMITATION SOURCE / CONFIRM CURRENT LIMITATION AS CURRENT NON-RETROACTIVE GOVERNANCE / REVISE LIMITATION / REMOVE UNSUPPORTED LIMITATION / DEFER DECISION,Removing the limitation text without a supporting source risks silently narrowing disclosed scope.,No limitation is accepted through packet preparation; confirming current text as governance would be current and non-retroactive only. Prohibited automatic correction: Ledger/readable-group self-proof.,Approve an independent source or preserve Not verified,"A future recording/validation prompt for KBDL-CMP-033's known limitation field, only after an explicit owner decision and separate validation.",Planning-agent validation of the recorded decision before any implementation action.,PENDING,PENDING,PENDING,SOURCE EVIDENCE REQUIRED,Shared with R16 LIMITATION_MISMATCH finding: derived Not-verified/excluded scope = 'not verified not verified'; exact normalized scope overlap = 'None' (limitation-scope-audit.csv).
SMR1-VC-0014,Validation classification,KBDL-CMP-034,Validation classification,Not verified,traceability-metadata.csv (candidate only),A — Normative-owned,None,UNRESOLVED_FIELD_SOURCE,unresolved-field-sources.csv,VAL-003; VAL-006,KBDL-CMP-034,,,,,Normative record,No approach recommended; options only: PROVIDE ORIGINAL OR APPROVED SOURCE / CONFIRM CURRENT CLASSIFICATION AS NEW CURRENT AUTHORITY / REVISE CLASSIFICATION / SET TO NOT VERIFIED / DEFER DECISION,Setting to Not verified is the most conservative alternative and requires no new authority.,Confirming current classification as new current authority would be current and non-retroactive; would not reconstruct historical approval; would not prove execution evidence; would not change lifecycle; would require a later recording and validation prompt. Prohibited automatic correction: Ledger/readable-group self-proof.,Approve an independent source or preserve Not verified,"A future recording/validation prompt for KBDL-CMP-034's validation classification field, only after an explicit owner decision and separate validation.",Planning-agent validation of the recorded decision before any implementation action.,PENDING,PENDING,PENDING,SOURCE EVIDENCE REQUIRED,
SMR1-KL-0059,Known limitation,KBDL-CMP-034,Known limitation,Implementation-dependent,traceability-metadata.csv (candidate only),D — Evidence-owned,None,UNRESOLVED_FIELD_SOURCE,unresolved-field-sources.csv ; limitation-scope-audit.csv,VAL-006; VAL-005,KBDL-CMP-034,,,,,Not-verified/excluded scope relationship,No approach recommended; options only: PROVIDE APPROVED LIMITATION SOURCE / CONFIRM CURRENT LIMITATION AS CURRENT NON-RETROACTIVE GOVERNANCE / REVISE LIMITATION / REMOVE UNSUPPORTED LIMITATION / DEFER DECISION,Removing the limitation text without a supporting source risks silently narrowing disclosed scope.,No limitation is accepted through packet preparation; confirming current text as governance would be current and non-retroactive only. Prohibited automatic correction: Ledger/readable-group self-proof.,Approve an independent source or preserve Not verified,"A future recording/validation prompt for KBDL-CMP-034's known limitation field, only after an explicit owner decision and separate validation.",Planning-agent validation of the recorded decision before any implementation action.,PENDING,PENDING,PENDING,SOURCE EVIDENCE REQUIRED,Shared with R16 LIMITATION_MISMATCH finding: derived Not-verified/excluded scope = 'not verified not verified'; exact normalized scope overlap = 'None' (limitation-scope-audit.csv).
SMR1-KL-0060,Known limitation,KBDL-CMP-035,Known limitation,Implementation-dependent,traceability-metadata.csv (candidate only),D — Evidence-owned,None,UNRESOLVED_FIELD_SOURCE,unresolved-field-sources.csv ; limitation-scope-audit.csv,VAL-006; VAL-005,KBDL-CMP-035,,,,,Not-verified/excluded scope relationship,No approach recommended; options only: PROVIDE APPROVED LIMITATION SOURCE / CONFIRM CURRENT LIMITATION AS CURRENT NON-RETROACTIVE GOVERNANCE / REVISE LIMITATION / REMOVE UNSUPPORTED LIMITATION / DEFER DECISION,Removing the limitation text without a supporting source risks silently narrowing disclosed scope.,No limitation is accepted through packet preparation; confirming current text as governance would be current and non-retroactive only. Prohibited automatic correction: Ledger/readable-group self-proof.,Approve an independent source or preserve Not verified,"A future recording/validation prompt for KBDL-CMP-035's known limitation field, only after an explicit owner decision and separate validation.",Planning-agent validation of the recorded decision before any implementation action.,PENDING,PENDING,PENDING,SOURCE EVIDENCE REQUIRED,Shared with R16 LIMITATION_MISMATCH finding: derived Not-verified/excluded scope = 'not verified not verified'; exact normalized scope overlap = 'None' (limitation-scope-audit.csv).
SMR1-KL-0061,Known limitation,KBDL-CMP-037,Known limitation,Implementation-dependent,traceability-metadata.csv (candidate only),D — Evidence-owned,None,UNRESOLVED_FIELD_SOURCE,unresolved-field-sources.csv ; limitation-scope-audit.csv,VAL-006; VAL-005,KBDL-CMP-037,,,,,Not-verified/excluded scope relationship,No approach recommended; options only: PROVIDE APPROVED LIMITATION SOURCE / CONFIRM CURRENT LIMITATION AS CURRENT NON-RETROACTIVE GOVERNANCE / REVISE LIMITATION / REMOVE UNSUPPORTED LIMITATION / DEFER DECISION,Removing the limitation text without a supporting source risks silently narrowing disclosed scope.,No limitation is accepted through packet preparation; confirming current text as governance would be current and non-retroactive only. Prohibited automatic correction: Ledger/readable-group self-proof.,Approve an independent source or preserve Not verified,"A future recording/validation prompt for KBDL-CMP-037's known limitation field, only after an explicit owner decision and separate validation.",Planning-agent validation of the recorded decision before any implementation action.,PENDING,PENDING,PENDING,SOURCE EVIDENCE REQUIRED,Shared with R16 LIMITATION_MISMATCH finding: derived Not-verified/excluded scope = 'not verified not verified'; exact normalized scope overlap = 'None' (limitation-scope-audit.csv).
SMR1-KL-0062,Known limitation,KBDL-CMP-038,Known limitation,KBDL-CMP-041 additionally depends on the unapproved KBDL-RSP-002/008 and cannot be approved independently of them,traceability-metadata.csv (candidate only),D — Evidence-owned,None,UNRESOLVED_FIELD_SOURCE,unresolved-field-sources.csv ; limitation-scope-audit.csv,VAL-006; VAL-005,KBDL-CMP-038,,,,,Not-verified/excluded scope relationship,No approach recommended; options only: PROVIDE APPROVED LIMITATION SOURCE / CONFIRM CURRENT LIMITATION AS CURRENT NON-RETROACTIVE GOVERNANCE / REVISE LIMITATION / REMOVE UNSUPPORTED LIMITATION / DEFER DECISION,Removing the limitation text without a supporting source risks silently narrowing disclosed scope.,No limitation is accepted through packet preparation; confirming current text as governance would be current and non-retroactive only. Prohibited automatic correction: Ledger/readable-group self-proof.,Approve an independent source or preserve Not verified,"A future recording/validation prompt for KBDL-CMP-038's known limitation field, only after an explicit owner decision and separate validation.",Planning-agent validation of the recorded decision before any implementation action.,PENDING,PENDING,PENDING,SOURCE EVIDENCE REQUIRED,Shared with R16 LIMITATION_MISMATCH finding: derived Not-verified/excluded scope = 'not verified not verified'; exact normalized scope overlap = 'None' (limitation-scope-audit.csv).
SMR1-VC-0015,Validation classification,KBDL-CMP-039,Validation classification,Not verified,traceability-metadata.csv (candidate only),A — Normative-owned,None,UNRESOLVED_FIELD_SOURCE,unresolved-field-sources.csv,VAL-003; VAL-006,KBDL-CMP-039,,,,,Normative record,No approach recommended; options only: PROVIDE ORIGINAL OR APPROVED SOURCE / CONFIRM CURRENT CLASSIFICATION AS NEW CURRENT AUTHORITY / REVISE CLASSIFICATION / SET TO NOT VERIFIED / DEFER DECISION,Setting to Not verified is the most conservative alternative and requires no new authority.,Confirming current classification as new current authority would be current and non-retroactive; would not reconstruct historical approval; would not prove execution evidence; would not change lifecycle; would require a later recording and validation prompt. Prohibited automatic correction: Ledger/readable-group self-proof.,Approve an independent source or preserve Not verified,"A future recording/validation prompt for KBDL-CMP-039's validation classification field, only after an explicit owner decision and separate validation.",Planning-agent validation of the recorded decision before any implementation action.,PENDING,PENDING,PENDING,SOURCE EVIDENCE REQUIRED,
SMR1-KL-0063,Known limitation,KBDL-CMP-039,Known limitation,KBDL-CMP-041 additionally depends on the unapproved KBDL-RSP-002/008 and cannot be approved independently of them,traceability-metadata.csv (candidate only),D — Evidence-owned,None,UNRESOLVED_FIELD_SOURCE,unresolved-field-sources.csv ; limitation-scope-audit.csv,VAL-006; VAL-005,KBDL-CMP-039,,,,,Not-verified/excluded scope relationship,No approach recommended; options only: PROVIDE APPROVED LIMITATION SOURCE / CONFIRM CURRENT LIMITATION AS CURRENT NON-RETROACTIVE GOVERNANCE / REVISE LIMITATION / REMOVE UNSUPPORTED LIMITATION / DEFER DECISION,Removing the limitation text without a supporting source risks silently narrowing disclosed scope.,No limitation is accepted through packet preparation; confirming current text as governance would be current and non-retroactive only. Prohibited automatic correction: Ledger/readable-group self-proof.,Approve an independent source or preserve Not verified,"A future recording/validation prompt for KBDL-CMP-039's known limitation field, only after an explicit owner decision and separate validation.",Planning-agent validation of the recorded decision before any implementation action.,PENDING,PENDING,PENDING,SOURCE EVIDENCE REQUIRED,Shared with R16 LIMITATION_MISMATCH finding: derived Not-verified/excluded scope = 'not verified not verified'; exact normalized scope overlap = 'None' (limitation-scope-audit.csv).
SMR1-VC-0016,Validation classification,KBDL-CMP-040,Validation classification,Not verified,traceability-metadata.csv (candidate only),A — Normative-owned,None,UNRESOLVED_FIELD_SOURCE,unresolved-field-sources.csv,VAL-003; VAL-006,KBDL-CMP-040,,,,,Normative record,No approach recommended; options only: PROVIDE ORIGINAL OR APPROVED SOURCE / CONFIRM CURRENT CLASSIFICATION AS NEW CURRENT AUTHORITY / REVISE CLASSIFICATION / SET TO NOT VERIFIED / DEFER DECISION,Setting to Not verified is the most conservative alternative and requires no new authority.,Confirming current classification as new current authority would be current and non-retroactive; would not reconstruct historical approval; would not prove execution evidence; would not change lifecycle; would require a later recording and validation prompt. Prohibited automatic correction: Ledger/readable-group self-proof.,Approve an independent source or preserve Not verified,"A future recording/validation prompt for KBDL-CMP-040's validation classification field, only after an explicit owner decision and separate validation.",Planning-agent validation of the recorded decision before any implementation action.,PENDING,PENDING,PENDING,SOURCE EVIDENCE REQUIRED,
SMR1-KL-0064,Known limitation,KBDL-CMP-040,Known limitation,KBDL-CMP-041 additionally depends on the unapproved KBDL-RSP-002/008 and cannot be approved independently of them,traceability-metadata.csv (candidate only),D — Evidence-owned,None,UNRESOLVED_FIELD_SOURCE,unresolved-field-sources.csv ; limitation-scope-audit.csv,VAL-006; VAL-005,KBDL-CMP-040,,,,,Not-verified/excluded scope relationship,No approach recommended; options only: PROVIDE APPROVED LIMITATION SOURCE / CONFIRM CURRENT LIMITATION AS CURRENT NON-RETROACTIVE GOVERNANCE / REVISE LIMITATION / REMOVE UNSUPPORTED LIMITATION / DEFER DECISION,Removing the limitation text without a supporting source risks silently narrowing disclosed scope.,No limitation is accepted through packet preparation; confirming current text as governance would be current and non-retroactive only. Prohibited automatic correction: Ledger/readable-group self-proof.,Approve an independent source or preserve Not verified,"A future recording/validation prompt for KBDL-CMP-040's known limitation field, only after an explicit owner decision and separate validation.",Planning-agent validation of the recorded decision before any implementation action.,PENDING,PENDING,PENDING,SOURCE EVIDENCE REQUIRED,Shared with R16 LIMITATION_MISMATCH finding: derived Not-verified/excluded scope = 'not verified not verified'; exact normalized scope overlap = 'None' (limitation-scope-audit.csv).
SMR1-VC-0017,Validation classification,KBDL-CMP-042,Validation classification,Not verified,traceability-metadata.csv (candidate only),A — Normative-owned,None,UNRESOLVED_FIELD_SOURCE,unresolved-field-sources.csv,VAL-003; VAL-006,KBDL-CMP-042,,,,,Normative record,No approach recommended; options only: PROVIDE ORIGINAL OR APPROVED SOURCE / CONFIRM CURRENT CLASSIFICATION AS NEW CURRENT AUTHORITY / REVISE CLASSIFICATION / SET TO NOT VERIFIED / DEFER DECISION,Setting to Not verified is the most conservative alternative and requires no new authority.,Confirming current classification as new current authority would be current and non-retroactive; would not reconstruct historical approval; would not prove execution evidence; would not change lifecycle; would require a later recording and validation prompt. Prohibited automatic correction: Ledger/readable-group self-proof.,Approve an independent source or preserve Not verified,"A future recording/validation prompt for KBDL-CMP-042's validation classification field, only after an explicit owner decision and separate validation.",Planning-agent validation of the recorded decision before any implementation action.,PENDING,PENDING,PENDING,SOURCE EVIDENCE REQUIRED,
SMR1-KL-0065,Known limitation,KBDL-CMP-042,Known limitation,KBDL-CMP-041 additionally depends on the unapproved KBDL-RSP-002/008 and cannot be approved independently of them,traceability-metadata.csv (candidate only),D — Evidence-owned,None,UNRESOLVED_FIELD_SOURCE,unresolved-field-sources.csv ; limitation-scope-audit.csv,VAL-006; VAL-005,KBDL-CMP-042,,,,,Not-verified/excluded scope relationship,No approach recommended; options only: PROVIDE APPROVED LIMITATION SOURCE / CONFIRM CURRENT LIMITATION AS CURRENT NON-RETROACTIVE GOVERNANCE / REVISE LIMITATION / REMOVE UNSUPPORTED LIMITATION / DEFER DECISION,Removing the limitation text without a supporting source risks silently narrowing disclosed scope.,No limitation is accepted through packet preparation; confirming current text as governance would be current and non-retroactive only. Prohibited automatic correction: Ledger/readable-group self-proof.,Approve an independent source or preserve Not verified,"A future recording/validation prompt for KBDL-CMP-042's known limitation field, only after an explicit owner decision and separate validation.",Planning-agent validation of the recorded decision before any implementation action.,PENDING,PENDING,PENDING,SOURCE EVIDENCE REQUIRED,Shared with R16 LIMITATION_MISMATCH finding: derived Not-verified/excluded scope = 'not verified not verified'; exact normalized scope overlap = 'None' (limitation-scope-audit.csv).
SMR1-VC-0018,Validation classification,KBDL-CMP-043,Validation classification,Not verified,traceability-metadata.csv (candidate only),A — Normative-owned,None,UNRESOLVED_FIELD_SOURCE,unresolved-field-sources.csv,VAL-003; VAL-006,KBDL-CMP-043,,,,,Normative record,No approach recommended; options only: PROVIDE ORIGINAL OR APPROVED SOURCE / CONFIRM CURRENT CLASSIFICATION AS NEW CURRENT AUTHORITY / REVISE CLASSIFICATION / SET TO NOT VERIFIED / DEFER DECISION,Setting to Not verified is the most conservative alternative and requires no new authority.,Confirming current classification as new current authority would be current and non-retroactive; would not reconstruct historical approval; would not prove execution evidence; would not change lifecycle; would require a later recording and validation prompt. Prohibited automatic correction: Ledger/readable-group self-proof.,Approve an independent source or preserve Not verified,"A future recording/validation prompt for KBDL-CMP-043's validation classification field, only after an explicit owner decision and separate validation.",Planning-agent validation of the recorded decision before any implementation action.,PENDING,PENDING,PENDING,SOURCE EVIDENCE REQUIRED,
SMR1-KL-0066,Known limitation,KBDL-CMP-043,Known limitation,KBDL-CMP-041 additionally depends on the unapproved KBDL-RSP-002/008 and cannot be approved independently of them,traceability-metadata.csv (candidate only),D — Evidence-owned,None,UNRESOLVED_FIELD_SOURCE,unresolved-field-sources.csv ; limitation-scope-audit.csv,VAL-006; VAL-005,KBDL-CMP-043,,,,,Not-verified/excluded scope relationship,No approach recommended; options only: PROVIDE APPROVED LIMITATION SOURCE / CONFIRM CURRENT LIMITATION AS CURRENT NON-RETROACTIVE GOVERNANCE / REVISE LIMITATION / REMOVE UNSUPPORTED LIMITATION / DEFER DECISION,Removing the limitation text without a supporting source risks silently narrowing disclosed scope.,No limitation is accepted through packet preparation; confirming current text as governance would be current and non-retroactive only. Prohibited automatic correction: Ledger/readable-group self-proof.,Approve an independent source or preserve Not verified,"A future recording/validation prompt for KBDL-CMP-043's known limitation field, only after an explicit owner decision and separate validation.",Planning-agent validation of the recorded decision before any implementation action.,PENDING,PENDING,PENDING,SOURCE EVIDENCE REQUIRED,Shared with R16 LIMITATION_MISMATCH finding: derived Not-verified/excluded scope = 'not verified not verified'; exact normalized scope overlap = 'None' (limitation-scope-audit.csv).
SMR1-VC-0019,Validation classification,KBDL-CMP-044,Validation classification,Not applicable,traceability-metadata.csv (candidate only),A — Normative-owned,None,UNRESOLVED_FIELD_SOURCE,unresolved-field-sources.csv,VAL-003; VAL-006,KBDL-CMP-044,,,,,Normative record,No approach recommended; options only: PROVIDE ORIGINAL OR APPROVED SOURCE / CONFIRM CURRENT CLASSIFICATION AS NEW CURRENT AUTHORITY / REVISE CLASSIFICATION / SET TO NOT VERIFIED / DEFER DECISION,Setting to Not verified is the most conservative alternative and requires no new authority.,Confirming current classification as new current authority would be current and non-retroactive; would not reconstruct historical approval; would not prove execution evidence; would not change lifecycle; would require a later recording and validation prompt. Prohibited automatic correction: Ledger/readable-group self-proof.,Approve an independent source or preserve Not verified,"A future recording/validation prompt for KBDL-CMP-044's validation classification field, only after an explicit owner decision and separate validation.",Planning-agent validation of the recorded decision before any implementation action.,PENDING,PENDING,PENDING,SOURCE EVIDENCE REQUIRED,
SMR1-AU-0009,Authority,KBDL-CMP-045,Authority,Approved (directly restates the WAI-ARIA tabs pattern),traceability-metadata.csv (candidate only),B — Governance-owned,None,UNRESOLVED_FIELD_SOURCE,unresolved-field-sources.csv,VAL-003,KBDL-CMP-045,,,,,Authority graph,No approach recommended; options only: PROVIDE ORIGINAL OR APPROVED AUTHORITY / CONFIRM CURRENT NON-RETROACTIVE AUTHORITY / REVISE AUTHORITY EXPRESSION / REJECT AUTHORITY / DEFER DECISION,Rejecting the authority expression would require reclassifying dependent requirement text.,"Lifecycle status, ledger presence, and implementation history are not treated as authority under this packet's source-of-truth hierarchy. Prohibited automatic correction: Ledger/readable-group self-proof.",Approve an independent source or preserve Not verified,"A future recording/validation prompt for KBDL-CMP-045's authority field, only after an explicit owner decision and separate validation.",Planning-agent validation of the recorded decision before any implementation action.,PENDING,PENDING,PENDING,SOURCE EVIDENCE REQUIRED,
SMR1-KL-0067,Known limitation,KBDL-CMP-045,Known limitation,KBDL-CMP-041 additionally depends on the unapproved KBDL-RSP-002/008 and cannot be approved independently of them,traceability-metadata.csv (candidate only),D — Evidence-owned,None,UNRESOLVED_FIELD_SOURCE,unresolved-field-sources.csv ; limitation-scope-audit.csv,VAL-006; VAL-005,KBDL-CMP-045,,,,,Not-verified/excluded scope relationship,No approach recommended; options only: PROVIDE APPROVED LIMITATION SOURCE / CONFIRM CURRENT LIMITATION AS CURRENT NON-RETROACTIVE GOVERNANCE / REVISE LIMITATION / REMOVE UNSUPPORTED LIMITATION / DEFER DECISION,Removing the limitation text without a supporting source risks silently narrowing disclosed scope.,No limitation is accepted through packet preparation; confirming current text as governance would be current and non-retroactive only. Prohibited automatic correction: Ledger/readable-group self-proof.,Approve an independent source or preserve Not verified,"A future recording/validation prompt for KBDL-CMP-045's known limitation field, only after an explicit owner decision and separate validation.",Planning-agent validation of the recorded decision before any implementation action.,PENDING,PENDING,PENDING,SOURCE EVIDENCE REQUIRED,Shared with R16 LIMITATION_MISMATCH finding: derived Not-verified/excluded scope = 'not verified not verified'; exact normalized scope overlap = 'None' (limitation-scope-audit.csv).
SMR1-VC-0020,Validation classification,KBDL-CMP-047,Validation classification,Not verified,traceability-metadata.csv (candidate only),A — Normative-owned,None,UNRESOLVED_FIELD_SOURCE,unresolved-field-sources.csv,VAL-003; VAL-006,KBDL-CMP-047,,,,,Normative record,No approach recommended; options only: PROVIDE ORIGINAL OR APPROVED SOURCE / CONFIRM CURRENT CLASSIFICATION AS NEW CURRENT AUTHORITY / REVISE CLASSIFICATION / SET TO NOT VERIFIED / DEFER DECISION,Setting to Not verified is the most conservative alternative and requires no new authority.,Confirming current classification as new current authority would be current and non-retroactive; would not reconstruct historical approval; would not prove execution evidence; would not change lifecycle; would require a later recording and validation prompt. Prohibited automatic correction: Ledger/readable-group self-proof.,Approve an independent source or preserve Not verified,"A future recording/validation prompt for KBDL-CMP-047's validation classification field, only after an explicit owner decision and separate validation.",Planning-agent validation of the recorded decision before any implementation action.,PENDING,PENDING,PENDING,SOURCE EVIDENCE REQUIRED,
SMR1-KL-0068,Known limitation,KBDL-CMP-047,Known limitation,KBDL-CMP-041 additionally depends on the unapproved KBDL-RSP-002/008 and cannot be approved independently of them,traceability-metadata.csv (candidate only),D — Evidence-owned,None,UNRESOLVED_FIELD_SOURCE,unresolved-field-sources.csv ; limitation-scope-audit.csv,VAL-006; VAL-005,KBDL-CMP-047,,,,,Not-verified/excluded scope relationship,No approach recommended; options only: PROVIDE APPROVED LIMITATION SOURCE / CONFIRM CURRENT LIMITATION AS CURRENT NON-RETROACTIVE GOVERNANCE / REVISE LIMITATION / REMOVE UNSUPPORTED LIMITATION / DEFER DECISION,Removing the limitation text without a supporting source risks silently narrowing disclosed scope.,No limitation is accepted through packet preparation; confirming current text as governance would be current and non-retroactive only. Prohibited automatic correction: Ledger/readable-group self-proof.,Approve an independent source or preserve Not verified,"A future recording/validation prompt for KBDL-CMP-047's known limitation field, only after an explicit owner decision and separate validation.",Planning-agent validation of the recorded decision before any implementation action.,PENDING,PENDING,PENDING,SOURCE EVIDENCE REQUIRED,Shared with R16 LIMITATION_MISMATCH finding: derived Not-verified/excluded scope = 'not verified not verified'; exact normalized scope overlap = 'None' (limitation-scope-audit.csv).
SMR1-VC-0021,Validation classification,KBDL-CMP-048,Validation classification,Not applicable,traceability-metadata.csv (candidate only),A — Normative-owned,None,UNRESOLVED_FIELD_SOURCE,unresolved-field-sources.csv,VAL-003; VAL-006,KBDL-CMP-048,,,,,Normative record,No approach recommended; options only: PROVIDE ORIGINAL OR APPROVED SOURCE / CONFIRM CURRENT CLASSIFICATION AS NEW CURRENT AUTHORITY / REVISE CLASSIFICATION / SET TO NOT VERIFIED / DEFER DECISION,Setting to Not verified is the most conservative alternative and requires no new authority.,Confirming current classification as new current authority would be current and non-retroactive; would not reconstruct historical approval; would not prove execution evidence; would not change lifecycle; would require a later recording and validation prompt. Prohibited automatic correction: Ledger/readable-group self-proof.,Approve an independent source or preserve Not verified,"A future recording/validation prompt for KBDL-CMP-048's validation classification field, only after an explicit owner decision and separate validation.",Planning-agent validation of the recorded decision before any implementation action.,PENDING,PENDING,PENDING,SOURCE EVIDENCE REQUIRED,
SMR1-VC-0022,Validation classification,KBDL-CMP-049,Validation classification,Not verified,traceability-metadata.csv (candidate only),A — Normative-owned,None,UNRESOLVED_FIELD_SOURCE,unresolved-field-sources.csv,VAL-003; VAL-006,KBDL-CMP-049,,,,,Normative record,No approach recommended; options only: PROVIDE ORIGINAL OR APPROVED SOURCE / CONFIRM CURRENT CLASSIFICATION AS NEW CURRENT AUTHORITY / REVISE CLASSIFICATION / SET TO NOT VERIFIED / DEFER DECISION,Setting to Not verified is the most conservative alternative and requires no new authority.,Confirming current classification as new current authority would be current and non-retroactive; would not reconstruct historical approval; would not prove execution evidence; would not change lifecycle; would require a later recording and validation prompt. Prohibited automatic correction: Ledger/readable-group self-proof.,Approve an independent source or preserve Not verified,"A future recording/validation prompt for KBDL-CMP-049's validation classification field, only after an explicit owner decision and separate validation.",Planning-agent validation of the recorded decision before any implementation action.,PENDING,PENDING,PENDING,SOURCE EVIDENCE REQUIRED,
SMR1-KL-0069,Known limitation,KBDL-CMP-049,Known limitation,KBDL-CMP-041 additionally depends on the unapproved KBDL-RSP-002/008 and cannot be approved independently of them,traceability-metadata.csv (candidate only),D — Evidence-owned,None,UNRESOLVED_FIELD_SOURCE,unresolved-field-sources.csv ; limitation-scope-audit.csv,VAL-006; VAL-005,KBDL-CMP-049,,,,,Not-verified/excluded scope relationship,No approach recommended; options only: PROVIDE APPROVED LIMITATION SOURCE / CONFIRM CURRENT LIMITATION AS CURRENT NON-RETROACTIVE GOVERNANCE / REVISE LIMITATION / REMOVE UNSUPPORTED LIMITATION / DEFER DECISION,Removing the limitation text without a supporting source risks silently narrowing disclosed scope.,No limitation is accepted through packet preparation; confirming current text as governance would be current and non-retroactive only. Prohibited automatic correction: Ledger/readable-group self-proof.,Approve an independent source or preserve Not verified,"A future recording/validation prompt for KBDL-CMP-049's known limitation field, only after an explicit owner decision and separate validation.",Planning-agent validation of the recorded decision before any implementation action.,PENDING,PENDING,PENDING,SOURCE EVIDENCE REQUIRED,Shared with R16 LIMITATION_MISMATCH finding: derived Not-verified/excluded scope = 'not verified not verified'; exact normalized scope overlap = 'None' (limitation-scope-audit.csv).
SMR1-KL-0070,Known limitation,KBDL-CMP-051,Known limitation,Implementation-dependent; cannot be tested until real components exist,traceability-metadata.csv (candidate only),D — Evidence-owned,None,UNRESOLVED_FIELD_SOURCE,unresolved-field-sources.csv ; limitation-scope-audit.csv,VAL-006; VAL-005,KBDL-CMP-051,,,,,Not-verified/excluded scope relationship,No approach recommended; options only: PROVIDE APPROVED LIMITATION SOURCE / CONFIRM CURRENT LIMITATION AS CURRENT NON-RETROACTIVE GOVERNANCE / REVISE LIMITATION / REMOVE UNSUPPORTED LIMITATION / DEFER DECISION,Removing the limitation text without a supporting source risks silently narrowing disclosed scope.,No limitation is accepted through packet preparation; confirming current text as governance would be current and non-retroactive only. Prohibited automatic correction: Ledger/readable-group self-proof.,Approve an independent source or preserve Not verified,"A future recording/validation prompt for KBDL-CMP-051's known limitation field, only after an explicit owner decision and separate validation.",Planning-agent validation of the recorded decision before any implementation action.,PENDING,PENDING,PENDING,SOURCE EVIDENCE REQUIRED,Shared with R16 LIMITATION_MISMATCH finding: derived Not-verified/excluded scope = 'not verified not verified'; exact normalized scope overlap = 'None' (limitation-scope-audit.csv).
SMR1-KL-0071,Known limitation,KBDL-CMP-053,Known limitation,Implementation-dependent,traceability-metadata.csv (candidate only),D — Evidence-owned,None,UNRESOLVED_FIELD_SOURCE,unresolved-field-sources.csv ; limitation-scope-audit.csv,VAL-006; VAL-005,KBDL-CMP-053,,,,,Not-verified/excluded scope relationship,No approach recommended; options only: PROVIDE APPROVED LIMITATION SOURCE / CONFIRM CURRENT LIMITATION AS CURRENT NON-RETROACTIVE GOVERNANCE / REVISE LIMITATION / REMOVE UNSUPPORTED LIMITATION / DEFER DECISION,Removing the limitation text without a supporting source risks silently narrowing disclosed scope.,No limitation is accepted through packet preparation; confirming current text as governance would be current and non-retroactive only. Prohibited automatic correction: Ledger/readable-group self-proof.,Approve an independent source or preserve Not verified,"A future recording/validation prompt for KBDL-CMP-053's known limitation field, only after an explicit owner decision and separate validation.",Planning-agent validation of the recorded decision before any implementation action.,PENDING,PENDING,PENDING,SOURCE EVIDENCE REQUIRED,Shared with R16 LIMITATION_MISMATCH finding: derived Not-verified/excluded scope = 'not verified not verified'; exact normalized scope overlap = 'None' (limitation-scope-audit.csv).
SMR1-AU-0010,Authority,KBDL-CMP-054,Authority,Approved (restates ARIA 1.2's region role definition),traceability-metadata.csv (candidate only),B — Governance-owned,None,UNRESOLVED_FIELD_SOURCE,unresolved-field-sources.csv,VAL-003,KBDL-CMP-054,,,,,Authority graph,No approach recommended; options only: PROVIDE ORIGINAL OR APPROVED AUTHORITY / CONFIRM CURRENT NON-RETROACTIVE AUTHORITY / REVISE AUTHORITY EXPRESSION / REJECT AUTHORITY / DEFER DECISION,Rejecting the authority expression would require reclassifying dependent requirement text.,"Lifecycle status, ledger presence, and implementation history are not treated as authority under this packet's source-of-truth hierarchy. Prohibited automatic correction: Ledger/readable-group self-proof.",Approve an independent source or preserve Not verified,"A future recording/validation prompt for KBDL-CMP-054's authority field, only after an explicit owner decision and separate validation.",Planning-agent validation of the recorded decision before any implementation action.,PENDING,PENDING,PENDING,SOURCE EVIDENCE REQUIRED,
SMR1-KL-0072,Known limitation,KBDL-CMP-054,Known limitation,Implementation-dependent,traceability-metadata.csv (candidate only),D — Evidence-owned,None,UNRESOLVED_FIELD_SOURCE,unresolved-field-sources.csv ; limitation-scope-audit.csv,VAL-006; VAL-005,KBDL-CMP-054,,,,,Not-verified/excluded scope relationship,No approach recommended; options only: PROVIDE APPROVED LIMITATION SOURCE / CONFIRM CURRENT LIMITATION AS CURRENT NON-RETROACTIVE GOVERNANCE / REVISE LIMITATION / REMOVE UNSUPPORTED LIMITATION / DEFER DECISION,Removing the limitation text without a supporting source risks silently narrowing disclosed scope.,No limitation is accepted through packet preparation; confirming current text as governance would be current and non-retroactive only. Prohibited automatic correction: Ledger/readable-group self-proof.,Approve an independent source or preserve Not verified,"A future recording/validation prompt for KBDL-CMP-054's known limitation field, only after an explicit owner decision and separate validation.",Planning-agent validation of the recorded decision before any implementation action.,PENDING,PENDING,PENDING,SOURCE EVIDENCE REQUIRED,Shared with R16 LIMITATION_MISMATCH finding: derived Not-verified/excluded scope = 'not verified not verified'; exact normalized scope overlap = 'None' (limitation-scope-audit.csv).
SMR1-KL-0073,Known limitation,KBDL-CMP-055,Known limitation,Implementation-dependent,traceability-metadata.csv (candidate only),D — Evidence-owned,None,UNRESOLVED_FIELD_SOURCE,unresolved-field-sources.csv ; limitation-scope-audit.csv,VAL-006; VAL-005,KBDL-CMP-055,,,,,Not-verified/excluded scope relationship,No approach recommended; options only: PROVIDE APPROVED LIMITATION SOURCE / CONFIRM CURRENT LIMITATION AS CURRENT NON-RETROACTIVE GOVERNANCE / REVISE LIMITATION / REMOVE UNSUPPORTED LIMITATION / DEFER DECISION,Removing the limitation text without a supporting source risks silently narrowing disclosed scope.,No limitation is accepted through packet preparation; confirming current text as governance would be current and non-retroactive only. Prohibited automatic correction: Ledger/readable-group self-proof.,Approve an independent source or preserve Not verified,"A future recording/validation prompt for KBDL-CMP-055's known limitation field, only after an explicit owner decision and separate validation.",Planning-agent validation of the recorded decision before any implementation action.,PENDING,PENDING,PENDING,SOURCE EVIDENCE REQUIRED,Shared with R16 LIMITATION_MISMATCH finding: derived Not-verified/excluded scope = 'not verified not verified'; exact normalized scope overlap = 'None' (limitation-scope-audit.csv).
SMR1-AU-0011,Authority,KBDL-CMP-056,Authority,"Approved (dictated outcome of the already-adopted WCAG 2.2 focus, keyboard, and reading-order rules applied to layered content — a structural scope statement, not new policy)",traceability-metadata.csv (candidate only),B — Governance-owned,None,UNRESOLVED_FIELD_SOURCE,unresolved-field-sources.csv,VAL-003,KBDL-CMP-056,,,,,Authority graph,No approach recommended; options only: PROVIDE ORIGINAL OR APPROVED AUTHORITY / CONFIRM CURRENT NON-RETROACTIVE AUTHORITY / REVISE AUTHORITY EXPRESSION / REJECT AUTHORITY / DEFER DECISION,Rejecting the authority expression would require reclassifying dependent requirement text.,"Lifecycle status, ledger presence, and implementation history are not treated as authority under this packet's source-of-truth hierarchy. Prohibited automatic correction: Ledger/readable-group self-proof.",Approve an independent source or preserve Not verified,"A future recording/validation prompt for KBDL-CMP-056's authority field, only after an explicit owner decision and separate validation.",Planning-agent validation of the recorded decision before any implementation action.,PENDING,PENDING,PENDING,SOURCE EVIDENCE REQUIRED,
SMR1-KL-0074,Known limitation,KBDL-CMP-057,Known limitation,KBDL-CMP-083 additionally notes that navigation-drawer use remains bound by the unapproved KBDL-CMP-041 (KBDL-007) regardless of this item's own approval,traceability-metadata.csv (candidate only),D — Evidence-owned,None,UNRESOLVED_FIELD_SOURCE,unresolved-field-sources.csv ; limitation-scope-audit.csv,VAL-006; VAL-005,KBDL-CMP-057,,,,,Not-verified/excluded scope relationship,No approach recommended; options only: PROVIDE APPROVED LIMITATION SOURCE / CONFIRM CURRENT LIMITATION AS CURRENT NON-RETROACTIVE GOVERNANCE / REVISE LIMITATION / REMOVE UNSUPPORTED LIMITATION / DEFER DECISION,Removing the limitation text without a supporting source risks silently narrowing disclosed scope.,No limitation is accepted through packet preparation; confirming current text as governance would be current and non-retroactive only. Prohibited automatic correction: Ledger/readable-group self-proof.,Approve an independent source or preserve Not verified,"A future recording/validation prompt for KBDL-CMP-057's known limitation field, only after an explicit owner decision and separate validation.",Planning-agent validation of the recorded decision before any implementation action.,PENDING,PENDING,PENDING,SOURCE EVIDENCE REQUIRED,Shared with R16 LIMITATION_MISMATCH finding: derived Not-verified/excluded scope = 'not verified not verified'; exact normalized scope overlap = 'None' (limitation-scope-audit.csv).
SMR1-KL-0075,Known limitation,KBDL-CMP-058,Known limitation,KBDL-CMP-083 additionally notes that navigation-drawer use remains bound by the unapproved KBDL-CMP-041 (KBDL-007) regardless of this item's own approval,traceability-metadata.csv (candidate only),D — Evidence-owned,None,UNRESOLVED_FIELD_SOURCE,unresolved-field-sources.csv ; limitation-scope-audit.csv,VAL-006; VAL-005,KBDL-CMP-058,,,,,Not-verified/excluded scope relationship,No approach recommended; options only: PROVIDE APPROVED LIMITATION SOURCE / CONFIRM CURRENT LIMITATION AS CURRENT NON-RETROACTIVE GOVERNANCE / REVISE LIMITATION / REMOVE UNSUPPORTED LIMITATION / DEFER DECISION,Removing the limitation text without a supporting source risks silently narrowing disclosed scope.,No limitation is accepted through packet preparation; confirming current text as governance would be current and non-retroactive only. Prohibited automatic correction: Ledger/readable-group self-proof.,Approve an independent source or preserve Not verified,"A future recording/validation prompt for KBDL-CMP-058's known limitation field, only after an explicit owner decision and separate validation.",Planning-agent validation of the recorded decision before any implementation action.,PENDING,PENDING,PENDING,SOURCE EVIDENCE REQUIRED,Shared with R16 LIMITATION_MISMATCH finding: derived Not-verified/excluded scope = 'not verified not verified'; exact normalized scope overlap = 'None' (limitation-scope-audit.csv).
SMR1-KL-0076,Known limitation,KBDL-CMP-059,Known limitation,KBDL-CMP-083 additionally notes that navigation-drawer use remains bound by the unapproved KBDL-CMP-041 (KBDL-007) regardless of this item's own approval,traceability-metadata.csv (candidate only),D — Evidence-owned,None,UNRESOLVED_FIELD_SOURCE,unresolved-field-sources.csv ; limitation-scope-audit.csv,VAL-006; VAL-005,KBDL-CMP-059,,,,,Not-verified/excluded scope relationship,No approach recommended; options only: PROVIDE APPROVED LIMITATION SOURCE / CONFIRM CURRENT LIMITATION AS CURRENT NON-RETROACTIVE GOVERNANCE / REVISE LIMITATION / REMOVE UNSUPPORTED LIMITATION / DEFER DECISION,Removing the limitation text without a supporting source risks silently narrowing disclosed scope.,No limitation is accepted through packet preparation; confirming current text as governance would be current and non-retroactive only. Prohibited automatic correction: Ledger/readable-group self-proof.,Approve an independent source or preserve Not verified,"A future recording/validation prompt for KBDL-CMP-059's known limitation field, only after an explicit owner decision and separate validation.",Planning-agent validation of the recorded decision before any implementation action.,PENDING,PENDING,PENDING,SOURCE EVIDENCE REQUIRED,Shared with R16 LIMITATION_MISMATCH finding: derived Not-verified/excluded scope = 'not verified not verified'; exact normalized scope overlap = 'None' (limitation-scope-audit.csv).
SMR1-KL-0077,Known limitation,KBDL-CMP-060,Known limitation,KBDL-CMP-083 additionally notes that navigation-drawer use remains bound by the unapproved KBDL-CMP-041 (KBDL-007) regardless of this item's own approval,traceability-metadata.csv (candidate only),D — Evidence-owned,None,UNRESOLVED_FIELD_SOURCE,unresolved-field-sources.csv ; limitation-scope-audit.csv,VAL-006; VAL-005,KBDL-CMP-060,,,,,Not-verified/excluded scope relationship,No approach recommended; options only: PROVIDE APPROVED LIMITATION SOURCE / CONFIRM CURRENT LIMITATION AS CURRENT NON-RETROACTIVE GOVERNANCE / REVISE LIMITATION / REMOVE UNSUPPORTED LIMITATION / DEFER DECISION,Removing the limitation text without a supporting source risks silently narrowing disclosed scope.,No limitation is accepted through packet preparation; confirming current text as governance would be current and non-retroactive only. Prohibited automatic correction: Ledger/readable-group self-proof.,Approve an independent source or preserve Not verified,"A future recording/validation prompt for KBDL-CMP-060's known limitation field, only after an explicit owner decision and separate validation.",Planning-agent validation of the recorded decision before any implementation action.,PENDING,PENDING,PENDING,SOURCE EVIDENCE REQUIRED,Shared with R16 LIMITATION_MISMATCH finding: derived Not-verified/excluded scope = 'not verified not verified'; exact normalized scope overlap = 'None' (limitation-scope-audit.csv).
SMR1-KL-0078,Known limitation,KBDL-CMP-061,Known limitation,Implementation-dependent,traceability-metadata.csv (candidate only),D — Evidence-owned,None,UNRESOLVED_FIELD_SOURCE,unresolved-field-sources.csv ; limitation-scope-audit.csv,VAL-006; VAL-005,KBDL-CMP-061,,,,,Not-verified/excluded scope relationship,No approach recommended; options only: PROVIDE APPROVED LIMITATION SOURCE / CONFIRM CURRENT LIMITATION AS CURRENT NON-RETROACTIVE GOVERNANCE / REVISE LIMITATION / REMOVE UNSUPPORTED LIMITATION / DEFER DECISION,Removing the limitation text without a supporting source risks silently narrowing disclosed scope.,No limitation is accepted through packet preparation; confirming current text as governance would be current and non-retroactive only. Prohibited automatic correction: Ledger/readable-group self-proof.,Approve an independent source or preserve Not verified,"A future recording/validation prompt for KBDL-CMP-061's known limitation field, only after an explicit owner decision and separate validation.",Planning-agent validation of the recorded decision before any implementation action.,PENDING,PENDING,PENDING,SOURCE EVIDENCE REQUIRED,Shared with R16 LIMITATION_MISMATCH finding: derived Not-verified/excluded scope = 'not verified not verified'; exact normalized scope overlap = 'None' (limitation-scope-audit.csv).
SMR1-VC-0023,Validation classification,KBDL-CMP-062,Validation classification,Not verified,traceability-metadata.csv (candidate only),A — Normative-owned,None,UNRESOLVED_FIELD_SOURCE,unresolved-field-sources.csv,VAL-003; VAL-006,KBDL-CMP-062,,,,,Normative record,No approach recommended; options only: PROVIDE ORIGINAL OR APPROVED SOURCE / CONFIRM CURRENT CLASSIFICATION AS NEW CURRENT AUTHORITY / REVISE CLASSIFICATION / SET TO NOT VERIFIED / DEFER DECISION,Setting to Not verified is the most conservative alternative and requires no new authority.,Confirming current classification as new current authority would be current and non-retroactive; would not reconstruct historical approval; would not prove execution evidence; would not change lifecycle; would require a later recording and validation prompt. Prohibited automatic correction: Ledger/readable-group self-proof.,Approve an independent source or preserve Not verified,"A future recording/validation prompt for KBDL-CMP-062's validation classification field, only after an explicit owner decision and separate validation.",Planning-agent validation of the recorded decision before any implementation action.,PENDING,PENDING,PENDING,SOURCE EVIDENCE REQUIRED,
SMR1-KL-0079,Known limitation,KBDL-CMP-062,Known limitation,Implementation-dependent,traceability-metadata.csv (candidate only),D — Evidence-owned,None,UNRESOLVED_FIELD_SOURCE,unresolved-field-sources.csv ; limitation-scope-audit.csv,VAL-006; VAL-005,KBDL-CMP-062,,,,,Not-verified/excluded scope relationship,No approach recommended; options only: PROVIDE APPROVED LIMITATION SOURCE / CONFIRM CURRENT LIMITATION AS CURRENT NON-RETROACTIVE GOVERNANCE / REVISE LIMITATION / REMOVE UNSUPPORTED LIMITATION / DEFER DECISION,Removing the limitation text without a supporting source risks silently narrowing disclosed scope.,No limitation is accepted through packet preparation; confirming current text as governance would be current and non-retroactive only. Prohibited automatic correction: Ledger/readable-group self-proof.,Approve an independent source or preserve Not verified,"A future recording/validation prompt for KBDL-CMP-062's known limitation field, only after an explicit owner decision and separate validation.",Planning-agent validation of the recorded decision before any implementation action.,PENDING,PENDING,PENDING,SOURCE EVIDENCE REQUIRED,Shared with R16 LIMITATION_MISMATCH finding: derived Not-verified/excluded scope = 'not verified not verified'; exact normalized scope overlap = 'None' (limitation-scope-audit.csv).
SMR1-KL-0080,Known limitation,KBDL-CMP-063,Known limitation,KBDL-CMP-105 additionally cites the unapproved KBDL-RSP-011 as related context; KBDL-CMP-111 additionally depends on the eventual KBDL-RSP-002 value for its exact trigger point,traceability-metadata.csv (candidate only),D — Evidence-owned,None,UNRESOLVED_FIELD_SOURCE,unresolved-field-sources.csv ; limitation-scope-audit.csv,VAL-006; VAL-005,KBDL-CMP-063,,,,,Not-verified/excluded scope relationship,No approach recommended; options only: PROVIDE APPROVED LIMITATION SOURCE / CONFIRM CURRENT LIMITATION AS CURRENT NON-RETROACTIVE GOVERNANCE / REVISE LIMITATION / REMOVE UNSUPPORTED LIMITATION / DEFER DECISION,Removing the limitation text without a supporting source risks silently narrowing disclosed scope.,No limitation is accepted through packet preparation; confirming current text as governance would be current and non-retroactive only. Prohibited automatic correction: Ledger/readable-group self-proof.,Approve an independent source or preserve Not verified,"A future recording/validation prompt for KBDL-CMP-063's known limitation field, only after an explicit owner decision and separate validation.",Planning-agent validation of the recorded decision before any implementation action.,PENDING,PENDING,PENDING,SOURCE EVIDENCE REQUIRED,Shared with R16 LIMITATION_MISMATCH finding: derived Not-verified/excluded scope = 'not verified not verified'; exact normalized scope overlap = 'None' (limitation-scope-audit.csv).
SMR1-KL-0081,Known limitation,KBDL-CMP-064,Known limitation,KBDL-CMP-105 additionally cites the unapproved KBDL-RSP-011 as related context; KBDL-CMP-111 additionally depends on the eventual KBDL-RSP-002 value for its exact trigger point,traceability-metadata.csv (candidate only),D — Evidence-owned,None,UNRESOLVED_FIELD_SOURCE,unresolved-field-sources.csv ; limitation-scope-audit.csv,VAL-006; VAL-005,KBDL-CMP-064,,,,,Not-verified/excluded scope relationship,No approach recommended; options only: PROVIDE APPROVED LIMITATION SOURCE / CONFIRM CURRENT LIMITATION AS CURRENT NON-RETROACTIVE GOVERNANCE / REVISE LIMITATION / REMOVE UNSUPPORTED LIMITATION / DEFER DECISION,Removing the limitation text without a supporting source risks silently narrowing disclosed scope.,No limitation is accepted through packet preparation; confirming current text as governance would be current and non-retroactive only. Prohibited automatic correction: Ledger/readable-group self-proof.,Approve an independent source or preserve Not verified,"A future recording/validation prompt for KBDL-CMP-064's known limitation field, only after an explicit owner decision and separate validation.",Planning-agent validation of the recorded decision before any implementation action.,PENDING,PENDING,PENDING,SOURCE EVIDENCE REQUIRED,Shared with R16 LIMITATION_MISMATCH finding: derived Not-verified/excluded scope = 'not verified not verified'; exact normalized scope overlap = 'None' (limitation-scope-audit.csv).
SMR1-KL-0082,Known limitation,KBDL-CMP-065,Known limitation,Implementation-dependent,traceability-metadata.csv (candidate only),D — Evidence-owned,None,UNRESOLVED_FIELD_SOURCE,unresolved-field-sources.csv ; limitation-scope-audit.csv,VAL-006; VAL-005,KBDL-CMP-065,,,,,Not-verified/excluded scope relationship,No approach recommended; options only: PROVIDE APPROVED LIMITATION SOURCE / CONFIRM CURRENT LIMITATION AS CURRENT NON-RETROACTIVE GOVERNANCE / REVISE LIMITATION / REMOVE UNSUPPORTED LIMITATION / DEFER DECISION,Removing the limitation text without a supporting source risks silently narrowing disclosed scope.,No limitation is accepted through packet preparation; confirming current text as governance would be current and non-retroactive only. Prohibited automatic correction: Ledger/readable-group self-proof.,Approve an independent source or preserve Not verified,"A future recording/validation prompt for KBDL-CMP-065's known limitation field, only after an explicit owner decision and separate validation.",Planning-agent validation of the recorded decision before any implementation action.,PENDING,PENDING,PENDING,SOURCE EVIDENCE REQUIRED,Shared with R16 LIMITATION_MISMATCH finding: derived Not-verified/excluded scope = 'not verified not verified'; exact normalized scope overlap = 'None' (limitation-scope-audit.csv).
SMR1-KL-0083,Known limitation,KBDL-CMP-066,Known limitation,KBDL-CMP-105 additionally cites the unapproved KBDL-RSP-011 as related context; KBDL-CMP-111 additionally depends on the eventual KBDL-RSP-002 value for its exact trigger point,traceability-metadata.csv (candidate only),D — Evidence-owned,None,UNRESOLVED_FIELD_SOURCE,unresolved-field-sources.csv ; limitation-scope-audit.csv,VAL-006; VAL-005,KBDL-CMP-066,,,,,Not-verified/excluded scope relationship,No approach recommended; options only: PROVIDE APPROVED LIMITATION SOURCE / CONFIRM CURRENT LIMITATION AS CURRENT NON-RETROACTIVE GOVERNANCE / REVISE LIMITATION / REMOVE UNSUPPORTED LIMITATION / DEFER DECISION,Removing the limitation text without a supporting source risks silently narrowing disclosed scope.,No limitation is accepted through packet preparation; confirming current text as governance would be current and non-retroactive only. Prohibited automatic correction: Ledger/readable-group self-proof.,Approve an independent source or preserve Not verified,"A future recording/validation prompt for KBDL-CMP-066's known limitation field, only after an explicit owner decision and separate validation.",Planning-agent validation of the recorded decision before any implementation action.,PENDING,PENDING,PENDING,SOURCE EVIDENCE REQUIRED,Shared with R16 LIMITATION_MISMATCH finding: derived Not-verified/excluded scope = 'not verified not verified'; exact normalized scope overlap = 'None' (limitation-scope-audit.csv).
SMR1-VC-0024,Validation classification,KBDL-CMP-068,Validation classification,Not verified,traceability-metadata.csv (candidate only),A — Normative-owned,None,UNRESOLVED_FIELD_SOURCE,unresolved-field-sources.csv,VAL-003; VAL-006,KBDL-CMP-068,,,,,Normative record,No approach recommended; options only: PROVIDE ORIGINAL OR APPROVED SOURCE / CONFIRM CURRENT CLASSIFICATION AS NEW CURRENT AUTHORITY / REVISE CLASSIFICATION / SET TO NOT VERIFIED / DEFER DECISION,Setting to Not verified is the most conservative alternative and requires no new authority.,Confirming current classification as new current authority would be current and non-retroactive; would not reconstruct historical approval; would not prove execution evidence; would not change lifecycle; would require a later recording and validation prompt. Prohibited automatic correction: Ledger/readable-group self-proof.,Approve an independent source or preserve Not verified,"A future recording/validation prompt for KBDL-CMP-068's validation classification field, only after an explicit owner decision and separate validation.",Planning-agent validation of the recorded decision before any implementation action.,PENDING,PENDING,PENDING,SOURCE EVIDENCE REQUIRED,
SMR1-AU-0012,Authority,KBDL-CMP-068,Authority,Approved (restates the adopted ARIA disclosure pattern's role/state definitions and the already-Approved KBDL-007 disclosure-trigger contract),traceability-metadata.csv (candidate only),B — Governance-owned,None,UNRESOLVED_FIELD_SOURCE,unresolved-field-sources.csv,VAL-003,KBDL-CMP-068,,,,,Authority graph,No approach recommended; options only: PROVIDE ORIGINAL OR APPROVED AUTHORITY / CONFIRM CURRENT NON-RETROACTIVE AUTHORITY / REVISE AUTHORITY EXPRESSION / REJECT AUTHORITY / DEFER DECISION,Rejecting the authority expression would require reclassifying dependent requirement text.,"Lifecycle status, ledger presence, and implementation history are not treated as authority under this packet's source-of-truth hierarchy. Prohibited automatic correction: Ledger/readable-group self-proof.",Approve an independent source or preserve Not verified,"A future recording/validation prompt for KBDL-CMP-068's authority field, only after an explicit owner decision and separate validation.",Planning-agent validation of the recorded decision before any implementation action.,PENDING,PENDING,PENDING,SOURCE EVIDENCE REQUIRED,
SMR1-KL-0084,Known limitation,KBDL-CMP-068,Known limitation,Implementation-dependent,traceability-metadata.csv (candidate only),D — Evidence-owned,None,UNRESOLVED_FIELD_SOURCE,unresolved-field-sources.csv ; limitation-scope-audit.csv,VAL-006; VAL-005,KBDL-CMP-068,,,,,Not-verified/excluded scope relationship,No approach recommended; options only: PROVIDE APPROVED LIMITATION SOURCE / CONFIRM CURRENT LIMITATION AS CURRENT NON-RETROACTIVE GOVERNANCE / REVISE LIMITATION / REMOVE UNSUPPORTED LIMITATION / DEFER DECISION,Removing the limitation text without a supporting source risks silently narrowing disclosed scope.,No limitation is accepted through packet preparation; confirming current text as governance would be current and non-retroactive only. Prohibited automatic correction: Ledger/readable-group self-proof.,Approve an independent source or preserve Not verified,"A future recording/validation prompt for KBDL-CMP-068's known limitation field, only after an explicit owner decision and separate validation.",Planning-agent validation of the recorded decision before any implementation action.,PENDING,PENDING,PENDING,SOURCE EVIDENCE REQUIRED,Shared with R16 LIMITATION_MISMATCH finding: derived Not-verified/excluded scope = 'not verified not verified'; exact normalized scope overlap = 'None' (limitation-scope-audit.csv).
SMR1-KL-0085,Known limitation,KBDL-CMP-070,Known limitation,Implementation-dependent,traceability-metadata.csv (candidate only),D — Evidence-owned,None,UNRESOLVED_FIELD_SOURCE,unresolved-field-sources.csv ; limitation-scope-audit.csv,VAL-006; VAL-005,KBDL-CMP-070,,,,,Not-verified/excluded scope relationship,No approach recommended; options only: PROVIDE APPROVED LIMITATION SOURCE / CONFIRM CURRENT LIMITATION AS CURRENT NON-RETROACTIVE GOVERNANCE / REVISE LIMITATION / REMOVE UNSUPPORTED LIMITATION / DEFER DECISION,Removing the limitation text without a supporting source risks silently narrowing disclosed scope.,No limitation is accepted through packet preparation; confirming current text as governance would be current and non-retroactive only. Prohibited automatic correction: Ledger/readable-group self-proof.,Approve an independent source or preserve Not verified,"A future recording/validation prompt for KBDL-CMP-070's known limitation field, only after an explicit owner decision and separate validation.",Planning-agent validation of the recorded decision before any implementation action.,PENDING,PENDING,PENDING,SOURCE EVIDENCE REQUIRED,Shared with R16 LIMITATION_MISMATCH finding: derived Not-verified/excluded scope = 'not verified not verified'; exact normalized scope overlap = 'None' (limitation-scope-audit.csv).
SMR1-KL-0086,Known limitation,KBDL-CMP-071,Known limitation,KBDL-CMP-083 additionally notes that navigation-drawer use remains bound by the unapproved KBDL-CMP-041 (KBDL-007) regardless of this item's own approval,traceability-metadata.csv (candidate only),D — Evidence-owned,None,UNRESOLVED_FIELD_SOURCE,unresolved-field-sources.csv ; limitation-scope-audit.csv,VAL-006; VAL-005,KBDL-CMP-071,,,,,Not-verified/excluded scope relationship,No approach recommended; options only: PROVIDE APPROVED LIMITATION SOURCE / CONFIRM CURRENT LIMITATION AS CURRENT NON-RETROACTIVE GOVERNANCE / REVISE LIMITATION / REMOVE UNSUPPORTED LIMITATION / DEFER DECISION,Removing the limitation text without a supporting source risks silently narrowing disclosed scope.,No limitation is accepted through packet preparation; confirming current text as governance would be current and non-retroactive only. Prohibited automatic correction: Ledger/readable-group self-proof.,Approve an independent source or preserve Not verified,"A future recording/validation prompt for KBDL-CMP-071's known limitation field, only after an explicit owner decision and separate validation.",Planning-agent validation of the recorded decision before any implementation action.,PENDING,PENDING,PENDING,SOURCE EVIDENCE REQUIRED,Shared with R16 LIMITATION_MISMATCH finding: derived Not-verified/excluded scope = 'not verified not verified'; exact normalized scope overlap = 'None' (limitation-scope-audit.csv).
SMR1-KL-0087,Known limitation,KBDL-CMP-072,Known limitation,KBDL-CMP-083 additionally notes that navigation-drawer use remains bound by the unapproved KBDL-CMP-041 (KBDL-007) regardless of this item's own approval,traceability-metadata.csv (candidate only),D — Evidence-owned,None,UNRESOLVED_FIELD_SOURCE,unresolved-field-sources.csv ; limitation-scope-audit.csv,VAL-006; VAL-005,KBDL-CMP-072,,,,,Not-verified/excluded scope relationship,No approach recommended; options only: PROVIDE APPROVED LIMITATION SOURCE / CONFIRM CURRENT LIMITATION AS CURRENT NON-RETROACTIVE GOVERNANCE / REVISE LIMITATION / REMOVE UNSUPPORTED LIMITATION / DEFER DECISION,Removing the limitation text without a supporting source risks silently narrowing disclosed scope.,No limitation is accepted through packet preparation; confirming current text as governance would be current and non-retroactive only. Prohibited automatic correction: Ledger/readable-group self-proof.,Approve an independent source or preserve Not verified,"A future recording/validation prompt for KBDL-CMP-072's known limitation field, only after an explicit owner decision and separate validation.",Planning-agent validation of the recorded decision before any implementation action.,PENDING,PENDING,PENDING,SOURCE EVIDENCE REQUIRED,Shared with R16 LIMITATION_MISMATCH finding: derived Not-verified/excluded scope = 'not verified not verified'; exact normalized scope overlap = 'None' (limitation-scope-audit.csv).
SMR1-AU-0013,Authority,KBDL-CMP-075,Authority,Approved (restates the adopted WAI-ARIA 1.2 menu role definitions and the already-Approved KBDL-007 trigger contract),traceability-metadata.csv (candidate only),B — Governance-owned,None,UNRESOLVED_FIELD_SOURCE,unresolved-field-sources.csv,VAL-003,KBDL-CMP-075,,,,,Authority graph,No approach recommended; options only: PROVIDE ORIGINAL OR APPROVED AUTHORITY / CONFIRM CURRENT NON-RETROACTIVE AUTHORITY / REVISE AUTHORITY EXPRESSION / REJECT AUTHORITY / DEFER DECISION,Rejecting the authority expression would require reclassifying dependent requirement text.,"Lifecycle status, ledger presence, and implementation history are not treated as authority under this packet's source-of-truth hierarchy. Prohibited automatic correction: Ledger/readable-group self-proof.",Approve an independent source or preserve Not verified,"A future recording/validation prompt for KBDL-CMP-075's authority field, only after an explicit owner decision and separate validation.",Planning-agent validation of the recorded decision before any implementation action.,PENDING,PENDING,PENDING,SOURCE EVIDENCE REQUIRED,
SMR1-KL-0088,Known limitation,KBDL-CMP-075,Known limitation,KBDL-CMP-083 additionally notes that navigation-drawer use remains bound by the unapproved KBDL-CMP-041 (KBDL-007) regardless of this item's own approval,traceability-metadata.csv (candidate only),D — Evidence-owned,None,UNRESOLVED_FIELD_SOURCE,unresolved-field-sources.csv ; limitation-scope-audit.csv,VAL-006; VAL-005,KBDL-CMP-075,,,,,Not-verified/excluded scope relationship,No approach recommended; options only: PROVIDE APPROVED LIMITATION SOURCE / CONFIRM CURRENT LIMITATION AS CURRENT NON-RETROACTIVE GOVERNANCE / REVISE LIMITATION / REMOVE UNSUPPORTED LIMITATION / DEFER DECISION,Removing the limitation text without a supporting source risks silently narrowing disclosed scope.,No limitation is accepted through packet preparation; confirming current text as governance would be current and non-retroactive only. Prohibited automatic correction: Ledger/readable-group self-proof.,Approve an independent source or preserve Not verified,"A future recording/validation prompt for KBDL-CMP-075's known limitation field, only after an explicit owner decision and separate validation.",Planning-agent validation of the recorded decision before any implementation action.,PENDING,PENDING,PENDING,SOURCE EVIDENCE REQUIRED,Shared with R16 LIMITATION_MISMATCH finding: derived Not-verified/excluded scope = 'not verified not verified'; exact normalized scope overlap = 'None' (limitation-scope-audit.csv).
SMR1-AU-0014,Authority,KBDL-CMP-077,Authority,Approved (restates the adopted WAI-ARIA 1.2 listbox role definitions and the already-Approved KBDL-007 combobox contract),traceability-metadata.csv (candidate only),B — Governance-owned,None,UNRESOLVED_FIELD_SOURCE,unresolved-field-sources.csv,VAL-003,KBDL-CMP-077,,,,,Authority graph,No approach recommended; options only: PROVIDE ORIGINAL OR APPROVED AUTHORITY / CONFIRM CURRENT NON-RETROACTIVE AUTHORITY / REVISE AUTHORITY EXPRESSION / REJECT AUTHORITY / DEFER DECISION,Rejecting the authority expression would require reclassifying dependent requirement text.,"Lifecycle status, ledger presence, and implementation history are not treated as authority under this packet's source-of-truth hierarchy. Prohibited automatic correction: Ledger/readable-group self-proof.",Approve an independent source or preserve Not verified,"A future recording/validation prompt for KBDL-CMP-077's authority field, only after an explicit owner decision and separate validation.",Planning-agent validation of the recorded decision before any implementation action.,PENDING,PENDING,PENDING,SOURCE EVIDENCE REQUIRED,
SMR1-KL-0089,Known limitation,KBDL-CMP-077,Known limitation,KBDL-CMP-083 additionally notes that navigation-drawer use remains bound by the unapproved KBDL-CMP-041 (KBDL-007) regardless of this item's own approval,traceability-metadata.csv (candidate only),D — Evidence-owned,None,UNRESOLVED_FIELD_SOURCE,unresolved-field-sources.csv ; limitation-scope-audit.csv,VAL-006; VAL-005,KBDL-CMP-077,,,,,Not-verified/excluded scope relationship,No approach recommended; options only: PROVIDE APPROVED LIMITATION SOURCE / CONFIRM CURRENT LIMITATION AS CURRENT NON-RETROACTIVE GOVERNANCE / REVISE LIMITATION / REMOVE UNSUPPORTED LIMITATION / DEFER DECISION,Removing the limitation text without a supporting source risks silently narrowing disclosed scope.,No limitation is accepted through packet preparation; confirming current text as governance would be current and non-retroactive only. Prohibited automatic correction: Ledger/readable-group self-proof.,Approve an independent source or preserve Not verified,"A future recording/validation prompt for KBDL-CMP-077's known limitation field, only after an explicit owner decision and separate validation.",Planning-agent validation of the recorded decision before any implementation action.,PENDING,PENDING,PENDING,SOURCE EVIDENCE REQUIRED,Shared with R16 LIMITATION_MISMATCH finding: derived Not-verified/excluded scope = 'not verified not verified'; exact normalized scope overlap = 'None' (limitation-scope-audit.csv).
SMR1-KL-0090,Known limitation,KBDL-CMP-078,Known limitation,KBDL-CMP-083 additionally notes that navigation-drawer use remains bound by the unapproved KBDL-CMP-041 (KBDL-007) regardless of this item's own approval,traceability-metadata.csv (candidate only),D — Evidence-owned,None,UNRESOLVED_FIELD_SOURCE,unresolved-field-sources.csv ; limitation-scope-audit.csv,VAL-006; VAL-005,KBDL-CMP-078,,,,,Not-verified/excluded scope relationship,No approach recommended; options only: PROVIDE APPROVED LIMITATION SOURCE / CONFIRM CURRENT LIMITATION AS CURRENT NON-RETROACTIVE GOVERNANCE / REVISE LIMITATION / REMOVE UNSUPPORTED LIMITATION / DEFER DECISION,Removing the limitation text without a supporting source risks silently narrowing disclosed scope.,No limitation is accepted through packet preparation; confirming current text as governance would be current and non-retroactive only. Prohibited automatic correction: Ledger/readable-group self-proof.,Approve an independent source or preserve Not verified,"A future recording/validation prompt for KBDL-CMP-078's known limitation field, only after an explicit owner decision and separate validation.",Planning-agent validation of the recorded decision before any implementation action.,PENDING,PENDING,PENDING,SOURCE EVIDENCE REQUIRED,Shared with R16 LIMITATION_MISMATCH finding: derived Not-verified/excluded scope = 'not verified not verified'; exact normalized scope overlap = 'None' (limitation-scope-audit.csv).
SMR1-KL-0091,Known limitation,KBDL-CMP-079,Known limitation,KBDL-CMP-083 additionally notes that navigation-drawer use remains bound by the unapproved KBDL-CMP-041 (KBDL-007) regardless of this item's own approval,traceability-metadata.csv (candidate only),D — Evidence-owned,None,UNRESOLVED_FIELD_SOURCE,unresolved-field-sources.csv ; limitation-scope-audit.csv,VAL-006; VAL-005,KBDL-CMP-079,,,,,Not-verified/excluded scope relationship,No approach recommended; options only: PROVIDE APPROVED LIMITATION SOURCE / CONFIRM CURRENT LIMITATION AS CURRENT NON-RETROACTIVE GOVERNANCE / REVISE LIMITATION / REMOVE UNSUPPORTED LIMITATION / DEFER DECISION,Removing the limitation text without a supporting source risks silently narrowing disclosed scope.,No limitation is accepted through packet preparation; confirming current text as governance would be current and non-retroactive only. Prohibited automatic correction: Ledger/readable-group self-proof.,Approve an independent source or preserve Not verified,"A future recording/validation prompt for KBDL-CMP-079's known limitation field, only after an explicit owner decision and separate validation.",Planning-agent validation of the recorded decision before any implementation action.,PENDING,PENDING,PENDING,SOURCE EVIDENCE REQUIRED,Shared with R16 LIMITATION_MISMATCH finding: derived Not-verified/excluded scope = 'not verified not verified'; exact normalized scope overlap = 'None' (limitation-scope-audit.csv).
SMR1-VC-0025,Validation classification,KBDL-CMP-081,Validation classification,Not verified,traceability-metadata.csv (candidate only),A — Normative-owned,None,UNRESOLVED_FIELD_SOURCE,unresolved-field-sources.csv,VAL-003; VAL-006,KBDL-CMP-081,,,,,Normative record,No approach recommended; options only: PROVIDE ORIGINAL OR APPROVED SOURCE / CONFIRM CURRENT CLASSIFICATION AS NEW CURRENT AUTHORITY / REVISE CLASSIFICATION / SET TO NOT VERIFIED / DEFER DECISION,Setting to Not verified is the most conservative alternative and requires no new authority.,Confirming current classification as new current authority would be current and non-retroactive; would not reconstruct historical approval; would not prove execution evidence; would not change lifecycle; would require a later recording and validation prompt. Prohibited automatic correction: Ledger/readable-group self-proof.,Approve an independent source or preserve Not verified,"A future recording/validation prompt for KBDL-CMP-081's validation classification field, only after an explicit owner decision and separate validation.",Planning-agent validation of the recorded decision before any implementation action.,PENDING,PENDING,PENDING,SOURCE EVIDENCE REQUIRED,
SMR1-AU-0015,Authority,KBDL-CMP-081,Authority,Approved (restates the adopted WAI-ARIA 1.2 alertdialog role definition),traceability-metadata.csv (candidate only),B — Governance-owned,None,UNRESOLVED_FIELD_SOURCE,unresolved-field-sources.csv,VAL-003,KBDL-CMP-081,,,,,Authority graph,No approach recommended; options only: PROVIDE ORIGINAL OR APPROVED AUTHORITY / CONFIRM CURRENT NON-RETROACTIVE AUTHORITY / REVISE AUTHORITY EXPRESSION / REJECT AUTHORITY / DEFER DECISION,Rejecting the authority expression would require reclassifying dependent requirement text.,"Lifecycle status, ledger presence, and implementation history are not treated as authority under this packet's source-of-truth hierarchy. Prohibited automatic correction: Ledger/readable-group self-proof.",Approve an independent source or preserve Not verified,"A future recording/validation prompt for KBDL-CMP-081's authority field, only after an explicit owner decision and separate validation.",Planning-agent validation of the recorded decision before any implementation action.,PENDING,PENDING,PENDING,SOURCE EVIDENCE REQUIRED,
SMR1-KL-0092,Known limitation,KBDL-CMP-081,Known limitation,KBDL-CMP-083 additionally notes that navigation-drawer use remains bound by the unapproved KBDL-CMP-041 (KBDL-007) regardless of this item's own approval,traceability-metadata.csv (candidate only),D — Evidence-owned,None,UNRESOLVED_FIELD_SOURCE,unresolved-field-sources.csv ; limitation-scope-audit.csv,VAL-006; VAL-005,KBDL-CMP-081,,,,,Not-verified/excluded scope relationship,No approach recommended; options only: PROVIDE APPROVED LIMITATION SOURCE / CONFIRM CURRENT LIMITATION AS CURRENT NON-RETROACTIVE GOVERNANCE / REVISE LIMITATION / REMOVE UNSUPPORTED LIMITATION / DEFER DECISION,Removing the limitation text without a supporting source risks silently narrowing disclosed scope.,No limitation is accepted through packet preparation; confirming current text as governance would be current and non-retroactive only. Prohibited automatic correction: Ledger/readable-group self-proof.,Approve an independent source or preserve Not verified,"A future recording/validation prompt for KBDL-CMP-081's known limitation field, only after an explicit owner decision and separate validation.",Planning-agent validation of the recorded decision before any implementation action.,PENDING,PENDING,PENDING,SOURCE EVIDENCE REQUIRED,Shared with R16 LIMITATION_MISMATCH finding: derived Not-verified/excluded scope = 'not verified not verified'; exact normalized scope overlap = 'None' (limitation-scope-audit.csv).
SMR1-VC-0026,Validation classification,KBDL-CMP-082,Validation classification,Not applicable,traceability-metadata.csv (candidate only),A — Normative-owned,None,UNRESOLVED_FIELD_SOURCE,unresolved-field-sources.csv,VAL-003; VAL-006,KBDL-CMP-082,,,,,Normative record,No approach recommended; options only: PROVIDE ORIGINAL OR APPROVED SOURCE / CONFIRM CURRENT CLASSIFICATION AS NEW CURRENT AUTHORITY / REVISE CLASSIFICATION / SET TO NOT VERIFIED / DEFER DECISION,Setting to Not verified is the most conservative alternative and requires no new authority.,Confirming current classification as new current authority would be current and non-retroactive; would not reconstruct historical approval; would not prove execution evidence; would not change lifecycle; would require a later recording and validation prompt. Prohibited automatic correction: Ledger/readable-group self-proof.,Approve an independent source or preserve Not verified,"A future recording/validation prompt for KBDL-CMP-082's validation classification field, only after an explicit owner decision and separate validation.",Planning-agent validation of the recorded decision before any implementation action.,PENDING,PENDING,PENDING,SOURCE EVIDENCE REQUIRED,
SMR1-KL-0093,Known limitation,KBDL-CMP-084,Known limitation,KBDL-CMP-083 additionally notes that navigation-drawer use remains bound by the unapproved KBDL-CMP-041 (KBDL-007) regardless of this item's own approval,traceability-metadata.csv (candidate only),D — Evidence-owned,None,UNRESOLVED_FIELD_SOURCE,unresolved-field-sources.csv ; limitation-scope-audit.csv,VAL-006; VAL-005,KBDL-CMP-084,,,,,Not-verified/excluded scope relationship,No approach recommended; options only: PROVIDE APPROVED LIMITATION SOURCE / CONFIRM CURRENT LIMITATION AS CURRENT NON-RETROACTIVE GOVERNANCE / REVISE LIMITATION / REMOVE UNSUPPORTED LIMITATION / DEFER DECISION,Removing the limitation text without a supporting source risks silently narrowing disclosed scope.,No limitation is accepted through packet preparation; confirming current text as governance would be current and non-retroactive only. Prohibited automatic correction: Ledger/readable-group self-proof.,Approve an independent source or preserve Not verified,"A future recording/validation prompt for KBDL-CMP-084's known limitation field, only after an explicit owner decision and separate validation.",Planning-agent validation of the recorded decision before any implementation action.,PENDING,PENDING,PENDING,SOURCE EVIDENCE REQUIRED,Shared with R16 LIMITATION_MISMATCH finding: derived Not-verified/excluded scope = 'not verified not verified'; exact normalized scope overlap = 'None' (limitation-scope-audit.csv).
SMR1-KL-0094,Known limitation,KBDL-CMP-086,Known limitation,Implementation-dependent,traceability-metadata.csv (candidate only),D — Evidence-owned,None,UNRESOLVED_FIELD_SOURCE,unresolved-field-sources.csv ; limitation-scope-audit.csv,VAL-006; VAL-005,KBDL-CMP-086,,,,,Not-verified/excluded scope relationship,No approach recommended; options only: PROVIDE APPROVED LIMITATION SOURCE / CONFIRM CURRENT LIMITATION AS CURRENT NON-RETROACTIVE GOVERNANCE / REVISE LIMITATION / REMOVE UNSUPPORTED LIMITATION / DEFER DECISION,Removing the limitation text without a supporting source risks silently narrowing disclosed scope.,No limitation is accepted through packet preparation; confirming current text as governance would be current and non-retroactive only. Prohibited automatic correction: Ledger/readable-group self-proof.,Approve an independent source or preserve Not verified,"A future recording/validation prompt for KBDL-CMP-086's known limitation field, only after an explicit owner decision and separate validation.",Planning-agent validation of the recorded decision before any implementation action.,PENDING,PENDING,PENDING,SOURCE EVIDENCE REQUIRED,Shared with R16 LIMITATION_MISMATCH finding: derived Not-verified/excluded scope = 'not verified not verified'; exact normalized scope overlap = 'None' (limitation-scope-audit.csv).
SMR1-KL-0095,Known limitation,KBDL-CMP-087,Known limitation,Implementation-dependent,traceability-metadata.csv (candidate only),D — Evidence-owned,None,UNRESOLVED_FIELD_SOURCE,unresolved-field-sources.csv ; limitation-scope-audit.csv,VAL-006; VAL-005,KBDL-CMP-087,,,,,Not-verified/excluded scope relationship,No approach recommended; options only: PROVIDE APPROVED LIMITATION SOURCE / CONFIRM CURRENT LIMITATION AS CURRENT NON-RETROACTIVE GOVERNANCE / REVISE LIMITATION / REMOVE UNSUPPORTED LIMITATION / DEFER DECISION,Removing the limitation text without a supporting source risks silently narrowing disclosed scope.,No limitation is accepted through packet preparation; confirming current text as governance would be current and non-retroactive only. Prohibited automatic correction: Ledger/readable-group self-proof.,Approve an independent source or preserve Not verified,"A future recording/validation prompt for KBDL-CMP-087's known limitation field, only after an explicit owner decision and separate validation.",Planning-agent validation of the recorded decision before any implementation action.,PENDING,PENDING,PENDING,SOURCE EVIDENCE REQUIRED,Shared with R16 LIMITATION_MISMATCH finding: derived Not-verified/excluded scope = 'not verified not verified'; exact normalized scope overlap = 'None' (limitation-scope-audit.csv).
SMR1-KL-0096,Known limitation,KBDL-CMP-088,Known limitation,Implementation-dependent,traceability-metadata.csv (candidate only),D — Evidence-owned,None,UNRESOLVED_FIELD_SOURCE,unresolved-field-sources.csv ; limitation-scope-audit.csv,VAL-006; VAL-005,KBDL-CMP-088,,,,,Not-verified/excluded scope relationship,No approach recommended; options only: PROVIDE APPROVED LIMITATION SOURCE / CONFIRM CURRENT LIMITATION AS CURRENT NON-RETROACTIVE GOVERNANCE / REVISE LIMITATION / REMOVE UNSUPPORTED LIMITATION / DEFER DECISION,Removing the limitation text without a supporting source risks silently narrowing disclosed scope.,No limitation is accepted through packet preparation; confirming current text as governance would be current and non-retroactive only. Prohibited automatic correction: Ledger/readable-group self-proof.,Approve an independent source or preserve Not verified,"A future recording/validation prompt for KBDL-CMP-088's known limitation field, only after an explicit owner decision and separate validation.",Planning-agent validation of the recorded decision before any implementation action.,PENDING,PENDING,PENDING,SOURCE EVIDENCE REQUIRED,Shared with R16 LIMITATION_MISMATCH finding: derived Not-verified/excluded scope = 'not verified not verified'; exact normalized scope overlap = 'None' (limitation-scope-audit.csv).
SMR1-VC-0027,Validation classification,KBDL-CMP-090,Validation classification,Not verified,traceability-metadata.csv (candidate only),A — Normative-owned,None,UNRESOLVED_FIELD_SOURCE,unresolved-field-sources.csv,VAL-003; VAL-006,KBDL-CMP-090,,,,,Normative record,No approach recommended; options only: PROVIDE ORIGINAL OR APPROVED SOURCE / CONFIRM CURRENT CLASSIFICATION AS NEW CURRENT AUTHORITY / REVISE CLASSIFICATION / SET TO NOT VERIFIED / DEFER DECISION,Setting to Not verified is the most conservative alternative and requires no new authority.,Confirming current classification as new current authority would be current and non-retroactive; would not reconstruct historical approval; would not prove execution evidence; would not change lifecycle; would require a later recording and validation prompt. Prohibited automatic correction: Ledger/readable-group self-proof.,Approve an independent source or preserve Not verified,"A future recording/validation prompt for KBDL-CMP-090's validation classification field, only after an explicit owner decision and separate validation.",Planning-agent validation of the recorded decision before any implementation action.,PENDING,PENDING,PENDING,SOURCE EVIDENCE REQUIRED,
SMR1-KL-0097,Known limitation,KBDL-CMP-090,Known limitation,Implementation-dependent,traceability-metadata.csv (candidate only),D — Evidence-owned,None,UNRESOLVED_FIELD_SOURCE,unresolved-field-sources.csv ; limitation-scope-audit.csv,VAL-006; VAL-005,KBDL-CMP-090,,,,,Not-verified/excluded scope relationship,No approach recommended; options only: PROVIDE APPROVED LIMITATION SOURCE / CONFIRM CURRENT LIMITATION AS CURRENT NON-RETROACTIVE GOVERNANCE / REVISE LIMITATION / REMOVE UNSUPPORTED LIMITATION / DEFER DECISION,Removing the limitation text without a supporting source risks silently narrowing disclosed scope.,No limitation is accepted through packet preparation; confirming current text as governance would be current and non-retroactive only. Prohibited automatic correction: Ledger/readable-group self-proof.,Approve an independent source or preserve Not verified,"A future recording/validation prompt for KBDL-CMP-090's known limitation field, only after an explicit owner decision and separate validation.",Planning-agent validation of the recorded decision before any implementation action.,PENDING,PENDING,PENDING,SOURCE EVIDENCE REQUIRED,Shared with R16 LIMITATION_MISMATCH finding: derived Not-verified/excluded scope = 'not verified not verified'; exact normalized scope overlap = 'None' (limitation-scope-audit.csv).
SMR1-KL-0098,Known limitation,KBDL-CMP-092,Known limitation,Implementation-dependent,traceability-metadata.csv (candidate only),D — Evidence-owned,None,UNRESOLVED_FIELD_SOURCE,unresolved-field-sources.csv ; limitation-scope-audit.csv,VAL-006; VAL-005,KBDL-CMP-092,,,,,Not-verified/excluded scope relationship,No approach recommended; options only: PROVIDE APPROVED LIMITATION SOURCE / CONFIRM CURRENT LIMITATION AS CURRENT NON-RETROACTIVE GOVERNANCE / REVISE LIMITATION / REMOVE UNSUPPORTED LIMITATION / DEFER DECISION,Removing the limitation text without a supporting source risks silently narrowing disclosed scope.,No limitation is accepted through packet preparation; confirming current text as governance would be current and non-retroactive only. Prohibited automatic correction: Ledger/readable-group self-proof.,Approve an independent source or preserve Not verified,"A future recording/validation prompt for KBDL-CMP-092's known limitation field, only after an explicit owner decision and separate validation.",Planning-agent validation of the recorded decision before any implementation action.,PENDING,PENDING,PENDING,SOURCE EVIDENCE REQUIRED,Shared with R16 LIMITATION_MISMATCH finding: derived Not-verified/excluded scope = 'not verified not verified'; exact normalized scope overlap = 'None' (limitation-scope-audit.csv).
SMR1-KL-0099,Known limitation,KBDL-CMP-093,Known limitation,Implementation-dependent,traceability-metadata.csv (candidate only),D — Evidence-owned,None,UNRESOLVED_FIELD_SOURCE,unresolved-field-sources.csv ; limitation-scope-audit.csv,VAL-006; VAL-005,KBDL-CMP-093,,,,,Not-verified/excluded scope relationship,No approach recommended; options only: PROVIDE APPROVED LIMITATION SOURCE / CONFIRM CURRENT LIMITATION AS CURRENT NON-RETROACTIVE GOVERNANCE / REVISE LIMITATION / REMOVE UNSUPPORTED LIMITATION / DEFER DECISION,Removing the limitation text without a supporting source risks silently narrowing disclosed scope.,No limitation is accepted through packet preparation; confirming current text as governance would be current and non-retroactive only. Prohibited automatic correction: Ledger/readable-group self-proof.,Approve an independent source or preserve Not verified,"A future recording/validation prompt for KBDL-CMP-093's known limitation field, only after an explicit owner decision and separate validation.",Planning-agent validation of the recorded decision before any implementation action.,PENDING,PENDING,PENDING,SOURCE EVIDENCE REQUIRED,Shared with R16 LIMITATION_MISMATCH finding: derived Not-verified/excluded scope = 'not verified not verified'; exact normalized scope overlap = 'None' (limitation-scope-audit.csv).
SMR1-AU-0016,Authority,KBDL-CMP-094,Authority,Approved (restates the adopted WAI-ARIA 1.2 progressbar role definition and native <progress> semantics),traceability-metadata.csv (candidate only),B — Governance-owned,None,UNRESOLVED_FIELD_SOURCE,unresolved-field-sources.csv,VAL-003,KBDL-CMP-094,,,,,Authority graph,No approach recommended; options only: PROVIDE ORIGINAL OR APPROVED AUTHORITY / CONFIRM CURRENT NON-RETROACTIVE AUTHORITY / REVISE AUTHORITY EXPRESSION / REJECT AUTHORITY / DEFER DECISION,Rejecting the authority expression would require reclassifying dependent requirement text.,"Lifecycle status, ledger presence, and implementation history are not treated as authority under this packet's source-of-truth hierarchy. Prohibited automatic correction: Ledger/readable-group self-proof.",Approve an independent source or preserve Not verified,"A future recording/validation prompt for KBDL-CMP-094's authority field, only after an explicit owner decision and separate validation.",Planning-agent validation of the recorded decision before any implementation action.,PENDING,PENDING,PENDING,SOURCE EVIDENCE REQUIRED,
SMR1-KL-0100,Known limitation,KBDL-CMP-094,Known limitation,Implementation-dependent,traceability-metadata.csv (candidate only),D — Evidence-owned,None,UNRESOLVED_FIELD_SOURCE,unresolved-field-sources.csv ; limitation-scope-audit.csv,VAL-006; VAL-005,KBDL-CMP-094,,,,,Not-verified/excluded scope relationship,No approach recommended; options only: PROVIDE APPROVED LIMITATION SOURCE / CONFIRM CURRENT LIMITATION AS CURRENT NON-RETROACTIVE GOVERNANCE / REVISE LIMITATION / REMOVE UNSUPPORTED LIMITATION / DEFER DECISION,Removing the limitation text without a supporting source risks silently narrowing disclosed scope.,No limitation is accepted through packet preparation; confirming current text as governance would be current and non-retroactive only. Prohibited automatic correction: Ledger/readable-group self-proof.,Approve an independent source or preserve Not verified,"A future recording/validation prompt for KBDL-CMP-094's known limitation field, only after an explicit owner decision and separate validation.",Planning-agent validation of the recorded decision before any implementation action.,PENDING,PENDING,PENDING,SOURCE EVIDENCE REQUIRED,Shared with R16 LIMITATION_MISMATCH finding: derived Not-verified/excluded scope = 'not verified not verified'; exact normalized scope overlap = 'None' (limitation-scope-audit.csv).
SMR1-AU-0017,Authority,KBDL-CMP-095,Authority,Approved (restates the adopted WAI-ARIA 1.2 meter role definition and native <meter> semantics),traceability-metadata.csv (candidate only),B — Governance-owned,None,UNRESOLVED_FIELD_SOURCE,unresolved-field-sources.csv,VAL-003,KBDL-CMP-095,,,,,Authority graph,No approach recommended; options only: PROVIDE ORIGINAL OR APPROVED AUTHORITY / CONFIRM CURRENT NON-RETROACTIVE AUTHORITY / REVISE AUTHORITY EXPRESSION / REJECT AUTHORITY / DEFER DECISION,Rejecting the authority expression would require reclassifying dependent requirement text.,"Lifecycle status, ledger presence, and implementation history are not treated as authority under this packet's source-of-truth hierarchy. Prohibited automatic correction: Ledger/readable-group self-proof.",Approve an independent source or preserve Not verified,"A future recording/validation prompt for KBDL-CMP-095's authority field, only after an explicit owner decision and separate validation.",Planning-agent validation of the recorded decision before any implementation action.,PENDING,PENDING,PENDING,SOURCE EVIDENCE REQUIRED,
SMR1-KL-0101,Known limitation,KBDL-CMP-095,Known limitation,Implementation-dependent,traceability-metadata.csv (candidate only),D — Evidence-owned,None,UNRESOLVED_FIELD_SOURCE,unresolved-field-sources.csv ; limitation-scope-audit.csv,VAL-006; VAL-005,KBDL-CMP-095,,,,,Not-verified/excluded scope relationship,No approach recommended; options only: PROVIDE APPROVED LIMITATION SOURCE / CONFIRM CURRENT LIMITATION AS CURRENT NON-RETROACTIVE GOVERNANCE / REVISE LIMITATION / REMOVE UNSUPPORTED LIMITATION / DEFER DECISION,Removing the limitation text without a supporting source risks silently narrowing disclosed scope.,No limitation is accepted through packet preparation; confirming current text as governance would be current and non-retroactive only. Prohibited automatic correction: Ledger/readable-group self-proof.,Approve an independent source or preserve Not verified,"A future recording/validation prompt for KBDL-CMP-095's known limitation field, only after an explicit owner decision and separate validation.",Planning-agent validation of the recorded decision before any implementation action.,PENDING,PENDING,PENDING,SOURCE EVIDENCE REQUIRED,Shared with R16 LIMITATION_MISMATCH finding: derived Not-verified/excluded scope = 'not verified not verified'; exact normalized scope overlap = 'None' (limitation-scope-audit.csv).
SMR1-KL-0102,Known limitation,KBDL-CMP-096,Known limitation,Implementation-dependent,traceability-metadata.csv (candidate only),D — Evidence-owned,None,UNRESOLVED_FIELD_SOURCE,unresolved-field-sources.csv ; limitation-scope-audit.csv,VAL-006; VAL-005,KBDL-CMP-096,,,,,Not-verified/excluded scope relationship,No approach recommended; options only: PROVIDE APPROVED LIMITATION SOURCE / CONFIRM CURRENT LIMITATION AS CURRENT NON-RETROACTIVE GOVERNANCE / REVISE LIMITATION / REMOVE UNSUPPORTED LIMITATION / DEFER DECISION,Removing the limitation text without a supporting source risks silently narrowing disclosed scope.,No limitation is accepted through packet preparation; confirming current text as governance would be current and non-retroactive only. Prohibited automatic correction: Ledger/readable-group self-proof.,Approve an independent source or preserve Not verified,"A future recording/validation prompt for KBDL-CMP-096's known limitation field, only after an explicit owner decision and separate validation.",Planning-agent validation of the recorded decision before any implementation action.,PENDING,PENDING,PENDING,SOURCE EVIDENCE REQUIRED,Shared with R16 LIMITATION_MISMATCH finding: derived Not-verified/excluded scope = 'not verified not verified'; exact normalized scope overlap = 'None' (limitation-scope-audit.csv).
SMR1-KL-0103,Known limitation,KBDL-CMP-097,Known limitation,KBDL-CMP-105 additionally cites the unapproved KBDL-RSP-011 as related context; KBDL-CMP-111 additionally depends on the eventual KBDL-RSP-002 value for its exact trigger point,traceability-metadata.csv (candidate only),D — Evidence-owned,None,UNRESOLVED_FIELD_SOURCE,unresolved-field-sources.csv ; limitation-scope-audit.csv,VAL-006; VAL-005,KBDL-CMP-097,,,,,Not-verified/excluded scope relationship,No approach recommended; options only: PROVIDE APPROVED LIMITATION SOURCE / CONFIRM CURRENT LIMITATION AS CURRENT NON-RETROACTIVE GOVERNANCE / REVISE LIMITATION / REMOVE UNSUPPORTED LIMITATION / DEFER DECISION,Removing the limitation text without a supporting source risks silently narrowing disclosed scope.,No limitation is accepted through packet preparation; confirming current text as governance would be current and non-retroactive only. Prohibited automatic correction: Ledger/readable-group self-proof.,Approve an independent source or preserve Not verified,"A future recording/validation prompt for KBDL-CMP-097's known limitation field, only after an explicit owner decision and separate validation.",Planning-agent validation of the recorded decision before any implementation action.,PENDING,PENDING,PENDING,SOURCE EVIDENCE REQUIRED,Shared with R16 LIMITATION_MISMATCH finding: derived Not-verified/excluded scope = 'not verified not verified'; exact normalized scope overlap = 'None' (limitation-scope-audit.csv).
SMR1-KL-0104,Known limitation,KBDL-CMP-098,Known limitation,Implementation-dependent,traceability-metadata.csv (candidate only),D — Evidence-owned,None,UNRESOLVED_FIELD_SOURCE,unresolved-field-sources.csv ; limitation-scope-audit.csv,VAL-006; VAL-005,KBDL-CMP-098,,,,,Not-verified/excluded scope relationship,No approach recommended; options only: PROVIDE APPROVED LIMITATION SOURCE / CONFIRM CURRENT LIMITATION AS CURRENT NON-RETROACTIVE GOVERNANCE / REVISE LIMITATION / REMOVE UNSUPPORTED LIMITATION / DEFER DECISION,Removing the limitation text without a supporting source risks silently narrowing disclosed scope.,No limitation is accepted through packet preparation; confirming current text as governance would be current and non-retroactive only. Prohibited automatic correction: Ledger/readable-group self-proof.,Approve an independent source or preserve Not verified,"A future recording/validation prompt for KBDL-CMP-098's known limitation field, only after an explicit owner decision and separate validation.",Planning-agent validation of the recorded decision before any implementation action.,PENDING,PENDING,PENDING,SOURCE EVIDENCE REQUIRED,Shared with R16 LIMITATION_MISMATCH finding: derived Not-verified/excluded scope = 'not verified not verified'; exact normalized scope overlap = 'None' (limitation-scope-audit.csv).
SMR1-KL-0105,Known limitation,KBDL-CMP-100,Known limitation,KBDL-CMP-105 additionally cites the unapproved KBDL-RSP-011 as related context; KBDL-CMP-111 additionally depends on the eventual KBDL-RSP-002 value for its exact trigger point,traceability-metadata.csv (candidate only),D — Evidence-owned,None,UNRESOLVED_FIELD_SOURCE,unresolved-field-sources.csv ; limitation-scope-audit.csv,VAL-006; VAL-005,KBDL-CMP-100,,,,,Not-verified/excluded scope relationship,No approach recommended; options only: PROVIDE APPROVED LIMITATION SOURCE / CONFIRM CURRENT LIMITATION AS CURRENT NON-RETROACTIVE GOVERNANCE / REVISE LIMITATION / REMOVE UNSUPPORTED LIMITATION / DEFER DECISION,Removing the limitation text without a supporting source risks silently narrowing disclosed scope.,No limitation is accepted through packet preparation; confirming current text as governance would be current and non-retroactive only. Prohibited automatic correction: Ledger/readable-group self-proof.,Approve an independent source or preserve Not verified,"A future recording/validation prompt for KBDL-CMP-100's known limitation field, only after an explicit owner decision and separate validation.",Planning-agent validation of the recorded decision before any implementation action.,PENDING,PENDING,PENDING,SOURCE EVIDENCE REQUIRED,Shared with R16 LIMITATION_MISMATCH finding: derived Not-verified/excluded scope = 'not verified not verified'; exact normalized scope overlap = 'None' (limitation-scope-audit.csv).
SMR1-KL-0106,Known limitation,KBDL-CMP-101,Known limitation,KBDL-CMP-105 additionally cites the unapproved KBDL-RSP-011 as related context; KBDL-CMP-111 additionally depends on the eventual KBDL-RSP-002 value for its exact trigger point,traceability-metadata.csv (candidate only),D — Evidence-owned,None,UNRESOLVED_FIELD_SOURCE,unresolved-field-sources.csv ; limitation-scope-audit.csv,VAL-006; VAL-005,KBDL-CMP-101,,,,,Not-verified/excluded scope relationship,No approach recommended; options only: PROVIDE APPROVED LIMITATION SOURCE / CONFIRM CURRENT LIMITATION AS CURRENT NON-RETROACTIVE GOVERNANCE / REVISE LIMITATION / REMOVE UNSUPPORTED LIMITATION / DEFER DECISION,Removing the limitation text without a supporting source risks silently narrowing disclosed scope.,No limitation is accepted through packet preparation; confirming current text as governance would be current and non-retroactive only. Prohibited automatic correction: Ledger/readable-group self-proof.,Approve an independent source or preserve Not verified,"A future recording/validation prompt for KBDL-CMP-101's known limitation field, only after an explicit owner decision and separate validation.",Planning-agent validation of the recorded decision before any implementation action.,PENDING,PENDING,PENDING,SOURCE EVIDENCE REQUIRED,Shared with R16 LIMITATION_MISMATCH finding: derived Not-verified/excluded scope = 'not verified not verified'; exact normalized scope overlap = 'None' (limitation-scope-audit.csv).
SMR1-KL-0107,Known limitation,KBDL-CMP-103,Known limitation,KBDL-CMP-105 additionally cites the unapproved KBDL-RSP-011 as related context; KBDL-CMP-111 additionally depends on the eventual KBDL-RSP-002 value for its exact trigger point,traceability-metadata.csv (candidate only),D — Evidence-owned,None,UNRESOLVED_FIELD_SOURCE,unresolved-field-sources.csv ; limitation-scope-audit.csv,VAL-006; VAL-005,KBDL-CMP-103,,,,,Not-verified/excluded scope relationship,No approach recommended; options only: PROVIDE APPROVED LIMITATION SOURCE / CONFIRM CURRENT LIMITATION AS CURRENT NON-RETROACTIVE GOVERNANCE / REVISE LIMITATION / REMOVE UNSUPPORTED LIMITATION / DEFER DECISION,Removing the limitation text without a supporting source risks silently narrowing disclosed scope.,No limitation is accepted through packet preparation; confirming current text as governance would be current and non-retroactive only. Prohibited automatic correction: Ledger/readable-group self-proof.,Approve an independent source or preserve Not verified,"A future recording/validation prompt for KBDL-CMP-103's known limitation field, only after an explicit owner decision and separate validation.",Planning-agent validation of the recorded decision before any implementation action.,PENDING,PENDING,PENDING,SOURCE EVIDENCE REQUIRED,Shared with R16 LIMITATION_MISMATCH finding: derived Not-verified/excluded scope = 'not verified not verified'; exact normalized scope overlap = 'None' (limitation-scope-audit.csv).
SMR1-KL-0108,Known limitation,KBDL-CMP-104,Known limitation,KBDL-CMP-105 additionally cites the unapproved KBDL-RSP-011 as related context; KBDL-CMP-111 additionally depends on the eventual KBDL-RSP-002 value for its exact trigger point,traceability-metadata.csv (candidate only),D — Evidence-owned,None,UNRESOLVED_FIELD_SOURCE,unresolved-field-sources.csv ; limitation-scope-audit.csv,VAL-006; VAL-005,KBDL-CMP-104,,,,,Not-verified/excluded scope relationship,No approach recommended; options only: PROVIDE APPROVED LIMITATION SOURCE / CONFIRM CURRENT LIMITATION AS CURRENT NON-RETROACTIVE GOVERNANCE / REVISE LIMITATION / REMOVE UNSUPPORTED LIMITATION / DEFER DECISION,Removing the limitation text without a supporting source risks silently narrowing disclosed scope.,No limitation is accepted through packet preparation; confirming current text as governance would be current and non-retroactive only. Prohibited automatic correction: Ledger/readable-group self-proof.,Approve an independent source or preserve Not verified,"A future recording/validation prompt for KBDL-CMP-104's known limitation field, only after an explicit owner decision and separate validation.",Planning-agent validation of the recorded decision before any implementation action.,PENDING,PENDING,PENDING,SOURCE EVIDENCE REQUIRED,Shared with R16 LIMITATION_MISMATCH finding: derived Not-verified/excluded scope = 'not verified not verified'; exact normalized scope overlap = 'None' (limitation-scope-audit.csv).
SMR1-KL-0109,Known limitation,KBDL-CMP-107,Known limitation,KBDL-CMP-105 additionally cites the unapproved KBDL-RSP-011 as related context; KBDL-CMP-111 additionally depends on the eventual KBDL-RSP-002 value for its exact trigger point,traceability-metadata.csv (candidate only),D — Evidence-owned,None,UNRESOLVED_FIELD_SOURCE,unresolved-field-sources.csv ; limitation-scope-audit.csv,VAL-006; VAL-005,KBDL-CMP-107,,,,,Not-verified/excluded scope relationship,No approach recommended; options only: PROVIDE APPROVED LIMITATION SOURCE / CONFIRM CURRENT LIMITATION AS CURRENT NON-RETROACTIVE GOVERNANCE / REVISE LIMITATION / REMOVE UNSUPPORTED LIMITATION / DEFER DECISION,Removing the limitation text without a supporting source risks silently narrowing disclosed scope.,No limitation is accepted through packet preparation; confirming current text as governance would be current and non-retroactive only. Prohibited automatic correction: Ledger/readable-group self-proof.,Approve an independent source or preserve Not verified,"A future recording/validation prompt for KBDL-CMP-107's known limitation field, only after an explicit owner decision and separate validation.",Planning-agent validation of the recorded decision before any implementation action.,PENDING,PENDING,PENDING,SOURCE EVIDENCE REQUIRED,Shared with R16 LIMITATION_MISMATCH finding: derived Not-verified/excluded scope = 'not verified not verified'; exact normalized scope overlap = 'None' (limitation-scope-audit.csv).
SMR1-KL-0110,Known limitation,KBDL-CMP-109,Known limitation,KBDL-CMP-105 additionally cites the unapproved KBDL-RSP-011 as related context; KBDL-CMP-111 additionally depends on the eventual KBDL-RSP-002 value for its exact trigger point,traceability-metadata.csv (candidate only),D — Evidence-owned,None,UNRESOLVED_FIELD_SOURCE,unresolved-field-sources.csv ; limitation-scope-audit.csv,VAL-006; VAL-005,KBDL-CMP-109,,,,,Not-verified/excluded scope relationship,No approach recommended; options only: PROVIDE APPROVED LIMITATION SOURCE / CONFIRM CURRENT LIMITATION AS CURRENT NON-RETROACTIVE GOVERNANCE / REVISE LIMITATION / REMOVE UNSUPPORTED LIMITATION / DEFER DECISION,Removing the limitation text without a supporting source risks silently narrowing disclosed scope.,No limitation is accepted through packet preparation; confirming current text as governance would be current and non-retroactive only. Prohibited automatic correction: Ledger/readable-group self-proof.,Approve an independent source or preserve Not verified,"A future recording/validation prompt for KBDL-CMP-109's known limitation field, only after an explicit owner decision and separate validation.",Planning-agent validation of the recorded decision before any implementation action.,PENDING,PENDING,PENDING,SOURCE EVIDENCE REQUIRED,Shared with R16 LIMITATION_MISMATCH finding: derived Not-verified/excluded scope = 'not verified not verified'; exact normalized scope overlap = 'None' (limitation-scope-audit.csv).
SMR1-VC-0028,Validation classification,KBDL-CMP-111,Validation classification,Not applicable,traceability-metadata.csv (candidate only),A — Normative-owned,None,UNRESOLVED_FIELD_SOURCE,unresolved-field-sources.csv,VAL-003; VAL-006,KBDL-CMP-111,,,,,Normative record,No approach recommended; options only: PROVIDE ORIGINAL OR APPROVED SOURCE / CONFIRM CURRENT CLASSIFICATION AS NEW CURRENT AUTHORITY / REVISE CLASSIFICATION / SET TO NOT VERIFIED / DEFER DECISION,Setting to Not verified is the most conservative alternative and requires no new authority.,Confirming current classification as new current authority would be current and non-retroactive; would not reconstruct historical approval; would not prove execution evidence; would not change lifecycle; would require a later recording and validation prompt. Prohibited automatic correction: Ledger/readable-group self-proof.,Approve an independent source or preserve Not verified,"A future recording/validation prompt for KBDL-CMP-111's validation classification field, only after an explicit owner decision and separate validation.",Planning-agent validation of the recorded decision before any implementation action.,PENDING,PENDING,PENDING,SOURCE EVIDENCE REQUIRED,
SMR1-KL-0111,Known limitation,KBDL-CUS-001,Known limitation,No project customization exists to test,traceability-metadata.csv (candidate only),D — Evidence-owned,None,UNRESOLVED_FIELD_SOURCE,unresolved-field-sources.csv ; limitation-scope-audit.csv,VAL-006; VAL-005,KBDL-CUS-001,,,,,Not-verified/excluded scope relationship,No approach recommended; options only: PROVIDE APPROVED LIMITATION SOURCE / CONFIRM CURRENT LIMITATION AS CURRENT NON-RETROACTIVE GOVERNANCE / REVISE LIMITATION / REMOVE UNSUPPORTED LIMITATION / DEFER DECISION,Removing the limitation text without a supporting source risks silently narrowing disclosed scope.,No limitation is accepted through packet preparation; confirming current text as governance would be current and non-retroactive only. Prohibited automatic correction: Ledger/readable-group self-proof.,Approve an independent source or preserve Not verified,"A future recording/validation prompt for KBDL-CUS-001's known limitation field, only after an explicit owner decision and separate validation.",Planning-agent validation of the recorded decision before any implementation action.,PENDING,PENDING,PENDING,SOURCE EVIDENCE REQUIRED,Shared with R16 LIMITATION_MISMATCH finding: derived Not-verified/excluded scope = 'not verified not verified'; exact normalized scope overlap = 'None' (limitation-scope-audit.csv).
SMR1-KL-0112,Known limitation,KBDL-CUS-002,Known limitation,Project records are not available,traceability-metadata.csv (candidate only),D — Evidence-owned,None,UNRESOLVED_FIELD_SOURCE,unresolved-field-sources.csv ; limitation-scope-audit.csv,VAL-006; VAL-005,KBDL-CUS-002,,,,,Not-verified/excluded scope relationship,No approach recommended; options only: PROVIDE APPROVED LIMITATION SOURCE / CONFIRM CURRENT LIMITATION AS CURRENT NON-RETROACTIVE GOVERNANCE / REVISE LIMITATION / REMOVE UNSUPPORTED LIMITATION / DEFER DECISION,Removing the limitation text without a supporting source risks silently narrowing disclosed scope.,No limitation is accepted through packet preparation; confirming current text as governance would be current and non-retroactive only. Prohibited automatic correction: Ledger/readable-group self-proof.,Approve an independent source or preserve Not verified,"A future recording/validation prompt for KBDL-CUS-002's known limitation field, only after an explicit owner decision and separate validation.",Planning-agent validation of the recorded decision before any implementation action.,PENDING,PENDING,PENDING,SOURCE EVIDENCE REQUIRED,Shared with R16 LIMITATION_MISMATCH finding: derived Not-verified/excluded scope = 'not verified not verified'; exact normalized scope overlap = 'None' (limitation-scope-audit.csv).
SMR1-KL-0113,Known limitation,KBDL-CUS-003,Known limitation,Classification has not been applied to a real request,traceability-metadata.csv (candidate only),D — Evidence-owned,None,UNRESOLVED_FIELD_SOURCE,unresolved-field-sources.csv ; limitation-scope-audit.csv,VAL-006; VAL-005,KBDL-CUS-003,,,,,Not-verified/excluded scope relationship,No approach recommended; options only: PROVIDE APPROVED LIMITATION SOURCE / CONFIRM CURRENT LIMITATION AS CURRENT NON-RETROACTIVE GOVERNANCE / REVISE LIMITATION / REMOVE UNSUPPORTED LIMITATION / DEFER DECISION,Removing the limitation text without a supporting source risks silently narrowing disclosed scope.,No limitation is accepted through packet preparation; confirming current text as governance would be current and non-retroactive only. Prohibited automatic correction: Ledger/readable-group self-proof.,Approve an independent source or preserve Not verified,"A future recording/validation prompt for KBDL-CUS-003's known limitation field, only after an explicit owner decision and separate validation.",Planning-agent validation of the recorded decision before any implementation action.,PENDING,PENDING,PENDING,SOURCE EVIDENCE REQUIRED,Shared with R16 LIMITATION_MISMATCH finding: derived Not-verified/excluded scope = 'not verified not verified'; exact normalized scope overlap = 'None' (limitation-scope-audit.csv).
SMR1-KL-0114,Known limitation,KBDL-CUS-004,Known limitation,Implementation choices are project-specific,traceability-metadata.csv (candidate only),D — Evidence-owned,None,UNRESOLVED_FIELD_SOURCE,unresolved-field-sources.csv ; limitation-scope-audit.csv,VAL-006; VAL-005,KBDL-CUS-004,,,,,Not-verified/excluded scope relationship,No approach recommended; options only: PROVIDE APPROVED LIMITATION SOURCE / CONFIRM CURRENT LIMITATION AS CURRENT NON-RETROACTIVE GOVERNANCE / REVISE LIMITATION / REMOVE UNSUPPORTED LIMITATION / DEFER DECISION,Removing the limitation text without a supporting source risks silently narrowing disclosed scope.,No limitation is accepted through packet preparation; confirming current text as governance would be current and non-retroactive only. Prohibited automatic correction: Ledger/readable-group self-proof.,Approve an independent source or preserve Not verified,"A future recording/validation prompt for KBDL-CUS-004's known limitation field, only after an explicit owner decision and separate validation.",Planning-agent validation of the recorded decision before any implementation action.,PENDING,PENDING,PENDING,SOURCE EVIDENCE REQUIRED,Shared with R16 LIMITATION_MISMATCH finding: derived Not-verified/excluded scope = 'not verified not verified'; exact normalized scope overlap = 'None' (limitation-scope-audit.csv).
SMR1-KL-0115,Known limitation,KBDL-CUS-005,Known limitation,Actual assets require project review,traceability-metadata.csv (candidate only),D — Evidence-owned,None,UNRESOLVED_FIELD_SOURCE,unresolved-field-sources.csv ; limitation-scope-audit.csv,VAL-006; VAL-005,KBDL-CUS-005,,,,,Not-verified/excluded scope relationship,No approach recommended; options only: PROVIDE APPROVED LIMITATION SOURCE / CONFIRM CURRENT LIMITATION AS CURRENT NON-RETROACTIVE GOVERNANCE / REVISE LIMITATION / REMOVE UNSUPPORTED LIMITATION / DEFER DECISION,Removing the limitation text without a supporting source risks silently narrowing disclosed scope.,No limitation is accepted through packet preparation; confirming current text as governance would be current and non-retroactive only. Prohibited automatic correction: Ledger/readable-group self-proof.,Approve an independent source or preserve Not verified,"A future recording/validation prompt for KBDL-CUS-005's known limitation field, only after an explicit owner decision and separate validation.",Planning-agent validation of the recorded decision before any implementation action.,PENDING,PENDING,PENDING,SOURCE EVIDENCE REQUIRED,Shared with R16 LIMITATION_MISMATCH finding: derived Not-verified/excluded scope = 'not verified not verified'; exact normalized scope overlap = 'None' (limitation-scope-audit.csv).
SMR1-KL-0116,Known limitation,KBDL-CUS-006,Known limitation,Exact reuse threshold is Recommended,traceability-metadata.csv (candidate only),D — Evidence-owned,None,UNRESOLVED_FIELD_SOURCE,unresolved-field-sources.csv ; limitation-scope-audit.csv,VAL-006; VAL-005,KBDL-CUS-006,,,,,Not-verified/excluded scope relationship,No approach recommended; options only: PROVIDE APPROVED LIMITATION SOURCE / CONFIRM CURRENT LIMITATION AS CURRENT NON-RETROACTIVE GOVERNANCE / REVISE LIMITATION / REMOVE UNSUPPORTED LIMITATION / DEFER DECISION,Removing the limitation text without a supporting source risks silently narrowing disclosed scope.,No limitation is accepted through packet preparation; confirming current text as governance would be current and non-retroactive only. Prohibited automatic correction: Ledger/readable-group self-proof.,Approve an independent source or preserve Not verified,"A future recording/validation prompt for KBDL-CUS-006's known limitation field, only after an explicit owner decision and separate validation.",Planning-agent validation of the recorded decision before any implementation action.,PENDING,PENDING,PENDING,SOURCE EVIDENCE REQUIRED,Shared with R16 LIMITATION_MISMATCH finding: derived Not-verified/excluded scope = 'not verified not verified'; exact normalized scope overlap = 'None' (limitation-scope-audit.csv).
SMR1-KL-0117,Known limitation,KBDL-CUS-007,Known limitation,No exception is created here,traceability-metadata.csv (candidate only),D — Evidence-owned,None,UNRESOLVED_FIELD_SOURCE,unresolved-field-sources.csv ; limitation-scope-audit.csv,VAL-006; VAL-005,KBDL-CUS-007,,,,,Not-verified/excluded scope relationship,No approach recommended; options only: PROVIDE APPROVED LIMITATION SOURCE / CONFIRM CURRENT LIMITATION AS CURRENT NON-RETROACTIVE GOVERNANCE / REVISE LIMITATION / REMOVE UNSUPPORTED LIMITATION / DEFER DECISION,Removing the limitation text without a supporting source risks silently narrowing disclosed scope.,No limitation is accepted through packet preparation; confirming current text as governance would be current and non-retroactive only. Prohibited automatic correction: Ledger/readable-group self-proof.,Approve an independent source or preserve Not verified,"A future recording/validation prompt for KBDL-CUS-007's known limitation field, only after an explicit owner decision and separate validation.",Planning-agent validation of the recorded decision before any implementation action.,PENDING,PENDING,PENDING,SOURCE EVIDENCE REQUIRED,Shared with R16 LIMITATION_MISMATCH finding: derived Not-verified/excluded scope = 'not verified not verified'; exact normalized scope overlap = 'None' (limitation-scope-audit.csv).
SMR1-KL-0118,Known limitation,KBDL-CUS-008,Known limitation,No real workflow history exists,traceability-metadata.csv (candidate only),D — Evidence-owned,None,UNRESOLVED_FIELD_SOURCE,unresolved-field-sources.csv ; limitation-scope-audit.csv,VAL-006; VAL-005,KBDL-CUS-008,,,,,Not-verified/excluded scope relationship,No approach recommended; options only: PROVIDE APPROVED LIMITATION SOURCE / CONFIRM CURRENT LIMITATION AS CURRENT NON-RETROACTIVE GOVERNANCE / REVISE LIMITATION / REMOVE UNSUPPORTED LIMITATION / DEFER DECISION,Removing the limitation text without a supporting source risks silently narrowing disclosed scope.,No limitation is accepted through packet preparation; confirming current text as governance would be current and non-retroactive only. Prohibited automatic correction: Ledger/readable-group self-proof.,Approve an independent source or preserve Not verified,"A future recording/validation prompt for KBDL-CUS-008's known limitation field, only after an explicit owner decision and separate validation.",Planning-agent validation of the recorded decision before any implementation action.,PENDING,PENDING,PENDING,SOURCE EVIDENCE REQUIRED,Shared with R16 LIMITATION_MISMATCH finding: derived Not-verified/excluded scope = 'not verified not verified'; exact normalized scope overlap = 'None' (limitation-scope-audit.csv).
SMR1-KL-0119,Known limitation,KBDL-CUS-009,Known limitation,Inapplicable fields require project rationale,traceability-metadata.csv (candidate only),D — Evidence-owned,None,UNRESOLVED_FIELD_SOURCE,unresolved-field-sources.csv ; limitation-scope-audit.csv,VAL-006; VAL-005,KBDL-CUS-009,,,,,Not-verified/excluded scope relationship,No approach recommended; options only: PROVIDE APPROVED LIMITATION SOURCE / CONFIRM CURRENT LIMITATION AS CURRENT NON-RETROACTIVE GOVERNANCE / REVISE LIMITATION / REMOVE UNSUPPORTED LIMITATION / DEFER DECISION,Removing the limitation text without a supporting source risks silently narrowing disclosed scope.,No limitation is accepted through packet preparation; confirming current text as governance would be current and non-retroactive only. Prohibited automatic correction: Ledger/readable-group self-proof.,Approve an independent source or preserve Not verified,"A future recording/validation prompt for KBDL-CUS-009's known limitation field, only after an explicit owner decision and separate validation.",Planning-agent validation of the recorded decision before any implementation action.,PENDING,PENDING,PENDING,SOURCE EVIDENCE REQUIRED,Shared with R16 LIMITATION_MISMATCH finding: derived Not-verified/excluded scope = 'not verified not verified'; exact normalized scope overlap = 'None' (limitation-scope-audit.csv).
SMR1-KL-0120,Known limitation,KBDL-CUS-010,Known limitation,No machine-readable format is mandated,traceability-metadata.csv (candidate only),D — Evidence-owned,None,UNRESOLVED_FIELD_SOURCE,unresolved-field-sources.csv ; limitation-scope-audit.csv,VAL-006; VAL-005,KBDL-CUS-010,,,,,Not-verified/excluded scope relationship,No approach recommended; options only: PROVIDE APPROVED LIMITATION SOURCE / CONFIRM CURRENT LIMITATION AS CURRENT NON-RETROACTIVE GOVERNANCE / REVISE LIMITATION / REMOVE UNSUPPORTED LIMITATION / DEFER DECISION,Removing the limitation text without a supporting source risks silently narrowing disclosed scope.,No limitation is accepted through packet preparation; confirming current text as governance would be current and non-retroactive only. Prohibited automatic correction: Ledger/readable-group self-proof.,Approve an independent source or preserve Not verified,"A future recording/validation prompt for KBDL-CUS-010's known limitation field, only after an explicit owner decision and separate validation.",Planning-agent validation of the recorded decision before any implementation action.,PENDING,PENDING,PENDING,SOURCE EVIDENCE REQUIRED,Shared with R16 LIMITATION_MISMATCH finding: derived Not-verified/excluded scope = 'not verified not verified'; exact normalized scope overlap = 'None' (limitation-scope-audit.csv).
SMR1-KL-0121,Known limitation,KBDL-CUS-011,Known limitation,Final KBDL validation remains later scope,traceability-metadata.csv (candidate only),D — Evidence-owned,None,UNRESOLVED_FIELD_SOURCE,unresolved-field-sources.csv ; limitation-scope-audit.csv,VAL-006; VAL-005,KBDL-CUS-011,,,,,Not-verified/excluded scope relationship,No approach recommended; options only: PROVIDE APPROVED LIMITATION SOURCE / CONFIRM CURRENT LIMITATION AS CURRENT NON-RETROACTIVE GOVERNANCE / REVISE LIMITATION / REMOVE UNSUPPORTED LIMITATION / DEFER DECISION,Removing the limitation text without a supporting source risks silently narrowing disclosed scope.,No limitation is accepted through packet preparation; confirming current text as governance would be current and non-retroactive only. Prohibited automatic correction: Ledger/readable-group self-proof.,Approve an independent source or preserve Not verified,"A future recording/validation prompt for KBDL-CUS-011's known limitation field, only after an explicit owner decision and separate validation.",Planning-agent validation of the recorded decision before any implementation action.,PENDING,PENDING,PENDING,SOURCE EVIDENCE REQUIRED,Shared with R16 LIMITATION_MISMATCH finding: derived Not-verified/excluded scope = 'not verified not verified'; exact normalized scope overlap = 'None' (limitation-scope-audit.csv).
SMR1-KL-0122,Known limitation,KBDL-CUS-012,Known limitation,Exact cadence/expiry are Recommended,traceability-metadata.csv (candidate only),D — Evidence-owned,None,UNRESOLVED_FIELD_SOURCE,unresolved-field-sources.csv ; limitation-scope-audit.csv,VAL-006; VAL-005,KBDL-CUS-012,,,,,Not-verified/excluded scope relationship,No approach recommended; options only: PROVIDE APPROVED LIMITATION SOURCE / CONFIRM CURRENT LIMITATION AS CURRENT NON-RETROACTIVE GOVERNANCE / REVISE LIMITATION / REMOVE UNSUPPORTED LIMITATION / DEFER DECISION,Removing the limitation text without a supporting source risks silently narrowing disclosed scope.,No limitation is accepted through packet preparation; confirming current text as governance would be current and non-retroactive only. Prohibited automatic correction: Ledger/readable-group self-proof.,Approve an independent source or preserve Not verified,"A future recording/validation prompt for KBDL-CUS-012's known limitation field, only after an explicit owner decision and separate validation.",Planning-agent validation of the recorded decision before any implementation action.,PENDING,PENDING,PENDING,SOURCE EVIDENCE REQUIRED,Shared with R16 LIMITATION_MISMATCH finding: derived Not-verified/excluded scope = 'not verified not verified'; exact normalized scope overlap = 'None' (limitation-scope-audit.csv).
SMR1-KL-0123,Known limitation,KBDL-CUS-013,Known limitation,Project implementation absent,traceability-metadata.csv (candidate only),D — Evidence-owned,None,UNRESOLVED_FIELD_SOURCE,unresolved-field-sources.csv ; limitation-scope-audit.csv,VAL-006; VAL-005,KBDL-CUS-013,,,,,Not-verified/excluded scope relationship,No approach recommended; options only: PROVIDE APPROVED LIMITATION SOURCE / CONFIRM CURRENT LIMITATION AS CURRENT NON-RETROACTIVE GOVERNANCE / REVISE LIMITATION / REMOVE UNSUPPORTED LIMITATION / DEFER DECISION,Removing the limitation text without a supporting source risks silently narrowing disclosed scope.,No limitation is accepted through packet preparation; confirming current text as governance would be current and non-retroactive only. Prohibited automatic correction: Ledger/readable-group self-proof.,Approve an independent source or preserve Not verified,"A future recording/validation prompt for KBDL-CUS-013's known limitation field, only after an explicit owner decision and separate validation.",Planning-agent validation of the recorded decision before any implementation action.,PENDING,PENDING,PENDING,SOURCE EVIDENCE REQUIRED,Shared with R16 LIMITATION_MISMATCH finding: derived Not-verified/excluded scope = 'not verified not verified'; exact normalized scope overlap = 'None' (limitation-scope-audit.csv).
SMR1-KL-0124,Known limitation,KBDL-CUS-014,Known limitation,Pending theme items remain excluded,traceability-metadata.csv (candidate only),D — Evidence-owned,None,UNRESOLVED_FIELD_SOURCE,unresolved-field-sources.csv ; limitation-scope-audit.csv,VAL-006; VAL-005,KBDL-CUS-014,,,,,Not-verified/excluded scope relationship,No approach recommended; options only: PROVIDE APPROVED LIMITATION SOURCE / CONFIRM CURRENT LIMITATION AS CURRENT NON-RETROACTIVE GOVERNANCE / REVISE LIMITATION / REMOVE UNSUPPORTED LIMITATION / DEFER DECISION,Removing the limitation text without a supporting source risks silently narrowing disclosed scope.,No limitation is accepted through packet preparation; confirming current text as governance would be current and non-retroactive only. Prohibited automatic correction: Ledger/readable-group self-proof.,Approve an independent source or preserve Not verified,"A future recording/validation prompt for KBDL-CUS-014's known limitation field, only after an explicit owner decision and separate validation.",Planning-agent validation of the recorded decision before any implementation action.,PENDING,PENDING,PENDING,SOURCE EVIDENCE REQUIRED,Shared with R16 LIMITATION_MISMATCH finding: derived Not-verified/excluded scope = 'not verified not verified'; exact normalized scope overlap = 'None' (limitation-scope-audit.csv).
SMR1-KL-0125,Known limitation,KBDL-CUS-015,Known limitation,Exact component values and technology remain excluded,traceability-metadata.csv (candidate only),D — Evidence-owned,None,UNRESOLVED_FIELD_SOURCE,unresolved-field-sources.csv ; limitation-scope-audit.csv,VAL-006; VAL-005,KBDL-CUS-015,,,,,Not-verified/excluded scope relationship,No approach recommended; options only: PROVIDE APPROVED LIMITATION SOURCE / CONFIRM CURRENT LIMITATION AS CURRENT NON-RETROACTIVE GOVERNANCE / REVISE LIMITATION / REMOVE UNSUPPORTED LIMITATION / DEFER DECISION,Removing the limitation text without a supporting source risks silently narrowing disclosed scope.,No limitation is accepted through packet preparation; confirming current text as governance would be current and non-retroactive only. Prohibited automatic correction: Ledger/readable-group self-proof.,Approve an independent source or preserve Not verified,"A future recording/validation prompt for KBDL-CUS-015's known limitation field, only after an explicit owner decision and separate validation.",Planning-agent validation of the recorded decision before any implementation action.,PENDING,PENDING,PENDING,SOURCE EVIDENCE REQUIRED,Shared with R16 LIMITATION_MISMATCH finding: derived Not-verified/excluded scope = 'not verified not verified'; exact normalized scope overlap = 'None' (limitation-scope-audit.csv).
SMR1-KL-0126,Known limitation,KBDL-CUS-016,Known limitation,Pending exact values remain excluded,traceability-metadata.csv (candidate only),D — Evidence-owned,None,UNRESOLVED_FIELD_SOURCE,unresolved-field-sources.csv ; limitation-scope-audit.csv,VAL-006; VAL-005,KBDL-CUS-016,,,,,Not-verified/excluded scope relationship,No approach recommended; options only: PROVIDE APPROVED LIMITATION SOURCE / CONFIRM CURRENT LIMITATION AS CURRENT NON-RETROACTIVE GOVERNANCE / REVISE LIMITATION / REMOVE UNSUPPORTED LIMITATION / DEFER DECISION,Removing the limitation text without a supporting source risks silently narrowing disclosed scope.,No limitation is accepted through packet preparation; confirming current text as governance would be current and non-retroactive only. Prohibited automatic correction: Ledger/readable-group self-proof.,Approve an independent source or preserve Not verified,"A future recording/validation prompt for KBDL-CUS-016's known limitation field, only after an explicit owner decision and separate validation.",Planning-agent validation of the recorded decision before any implementation action.,PENDING,PENDING,PENDING,SOURCE EVIDENCE REQUIRED,Shared with R16 LIMITATION_MISMATCH finding: derived Not-verified/excluded scope = 'not verified not verified'; exact normalized scope overlap = 'None' (limitation-scope-audit.csv).
SMR1-KL-0127,Known limitation,KBDL-CUS-017,Known limitation,Implementation testing is absent,traceability-metadata.csv (candidate only),D — Evidence-owned,None,UNRESOLVED_FIELD_SOURCE,unresolved-field-sources.csv ; limitation-scope-audit.csv,VAL-006; VAL-005,KBDL-CUS-017,,,,,Not-verified/excluded scope relationship,No approach recommended; options only: PROVIDE APPROVED LIMITATION SOURCE / CONFIRM CURRENT LIMITATION AS CURRENT NON-RETROACTIVE GOVERNANCE / REVISE LIMITATION / REMOVE UNSUPPORTED LIMITATION / DEFER DECISION,Removing the limitation text without a supporting source risks silently narrowing disclosed scope.,No limitation is accepted through packet preparation; confirming current text as governance would be current and non-retroactive only. Prohibited automatic correction: Ledger/readable-group self-proof.,Approve an independent source or preserve Not verified,"A future recording/validation prompt for KBDL-CUS-017's known limitation field, only after an explicit owner decision and separate validation.",Planning-agent validation of the recorded decision before any implementation action.,PENDING,PENDING,PENDING,SOURCE EVIDENCE REQUIRED,Shared with R16 LIMITATION_MISMATCH finding: derived Not-verified/excluded scope = 'not verified not verified'; exact normalized scope overlap = 'None' (limitation-scope-audit.csv).
SMR1-KL-0128,Known limitation,KBDL-CUS-018,Known limitation,Pending KBDL-007 items remain excluded,traceability-metadata.csv (candidate only),D — Evidence-owned,None,UNRESOLVED_FIELD_SOURCE,unresolved-field-sources.csv ; limitation-scope-audit.csv,VAL-006; VAL-005,KBDL-CUS-018,,,,,Not-verified/excluded scope relationship,No approach recommended; options only: PROVIDE APPROVED LIMITATION SOURCE / CONFIRM CURRENT LIMITATION AS CURRENT NON-RETROACTIVE GOVERNANCE / REVISE LIMITATION / REMOVE UNSUPPORTED LIMITATION / DEFER DECISION,Removing the limitation text without a supporting source risks silently narrowing disclosed scope.,No limitation is accepted through packet preparation; confirming current text as governance would be current and non-retroactive only. Prohibited automatic correction: Ledger/readable-group self-proof.,Approve an independent source or preserve Not verified,"A future recording/validation prompt for KBDL-CUS-018's known limitation field, only after an explicit owner decision and separate validation.",Planning-agent validation of the recorded decision before any implementation action.,PENDING,PENDING,PENDING,SOURCE EVIDENCE REQUIRED,Shared with R16 LIMITATION_MISMATCH finding: derived Not-verified/excluded scope = 'not verified not verified'; exact normalized scope overlap = 'None' (limitation-scope-audit.csv).
SMR1-KL-0129,Known limitation,KBDL-CUS-019,Known limitation,Pending KBDL-008 items remain excluded,traceability-metadata.csv (candidate only),D — Evidence-owned,None,UNRESOLVED_FIELD_SOURCE,unresolved-field-sources.csv ; limitation-scope-audit.csv,VAL-006; VAL-005,KBDL-CUS-019,,,,,Not-verified/excluded scope relationship,No approach recommended; options only: PROVIDE APPROVED LIMITATION SOURCE / CONFIRM CURRENT LIMITATION AS CURRENT NON-RETROACTIVE GOVERNANCE / REVISE LIMITATION / REMOVE UNSUPPORTED LIMITATION / DEFER DECISION,Removing the limitation text without a supporting source risks silently narrowing disclosed scope.,No limitation is accepted through packet preparation; confirming current text as governance would be current and non-retroactive only. Prohibited automatic correction: Ledger/readable-group self-proof.,Approve an independent source or preserve Not verified,"A future recording/validation prompt for KBDL-CUS-019's known limitation field, only after an explicit owner decision and separate validation.",Planning-agent validation of the recorded decision before any implementation action.,PENDING,PENDING,PENDING,SOURCE EVIDENCE REQUIRED,Shared with R16 LIMITATION_MISMATCH finding: derived Not-verified/excluded scope = 'not verified not verified'; exact normalized scope overlap = 'None' (limitation-scope-audit.csv).
SMR1-KL-0130,Known limitation,KBDL-CUS-020,Known limitation,Pending KBDL-009 policies remain excluded,traceability-metadata.csv (candidate only),D — Evidence-owned,None,UNRESOLVED_FIELD_SOURCE,unresolved-field-sources.csv ; limitation-scope-audit.csv,VAL-006; VAL-005,KBDL-CUS-020,,,,,Not-verified/excluded scope relationship,No approach recommended; options only: PROVIDE APPROVED LIMITATION SOURCE / CONFIRM CURRENT LIMITATION AS CURRENT NON-RETROACTIVE GOVERNANCE / REVISE LIMITATION / REMOVE UNSUPPORTED LIMITATION / DEFER DECISION,Removing the limitation text without a supporting source risks silently narrowing disclosed scope.,No limitation is accepted through packet preparation; confirming current text as governance would be current and non-retroactive only. Prohibited automatic correction: Ledger/readable-group self-proof.,Approve an independent source or preserve Not verified,"A future recording/validation prompt for KBDL-CUS-020's known limitation field, only after an explicit owner decision and separate validation.",Planning-agent validation of the recorded decision before any implementation action.,PENDING,PENDING,PENDING,SOURCE EVIDENCE REQUIRED,Shared with R16 LIMITATION_MISMATCH finding: derived Not-verified/excluded scope = 'not verified not verified'; exact normalized scope overlap = 'None' (limitation-scope-audit.csv).
SMR1-KL-0131,Known limitation,KBDL-CUS-021,Known limitation,Backend architecture is out of scope,traceability-metadata.csv (candidate only),D — Evidence-owned,None,UNRESOLVED_FIELD_SOURCE,unresolved-field-sources.csv ; limitation-scope-audit.csv,VAL-006; VAL-005,KBDL-CUS-021,,,,,Not-verified/excluded scope relationship,No approach recommended; options only: PROVIDE APPROVED LIMITATION SOURCE / CONFIRM CURRENT LIMITATION AS CURRENT NON-RETROACTIVE GOVERNANCE / REVISE LIMITATION / REMOVE UNSUPPORTED LIMITATION / DEFER DECISION,Removing the limitation text without a supporting source risks silently narrowing disclosed scope.,No limitation is accepted through packet preparation; confirming current text as governance would be current and non-retroactive only. Prohibited automatic correction: Ledger/readable-group self-proof.,Approve an independent source or preserve Not verified,"A future recording/validation prompt for KBDL-CUS-021's known limitation field, only after an explicit owner decision and separate validation.",Planning-agent validation of the recorded decision before any implementation action.,PENDING,PENDING,PENDING,SOURCE EVIDENCE REQUIRED,Shared with R16 LIMITATION_MISMATCH finding: derived Not-verified/excluded scope = 'not verified not verified'; exact normalized scope overlap = 'None' (limitation-scope-audit.csv).
SMR1-KL-0132,Known limitation,KBDL-CUS-022,Known limitation,No implementation handoff exists,traceability-metadata.csv (candidate only),D — Evidence-owned,None,UNRESOLVED_FIELD_SOURCE,unresolved-field-sources.csv ; limitation-scope-audit.csv,VAL-006; VAL-005,KBDL-CUS-022,,,,,Not-verified/excluded scope relationship,No approach recommended; options only: PROVIDE APPROVED LIMITATION SOURCE / CONFIRM CURRENT LIMITATION AS CURRENT NON-RETROACTIVE GOVERNANCE / REVISE LIMITATION / REMOVE UNSUPPORTED LIMITATION / DEFER DECISION,Removing the limitation text without a supporting source risks silently narrowing disclosed scope.,No limitation is accepted through packet preparation; confirming current text as governance would be current and non-retroactive only. Prohibited automatic correction: Ledger/readable-group self-proof.,Approve an independent source or preserve Not verified,"A future recording/validation prompt for KBDL-CUS-022's known limitation field, only after an explicit owner decision and separate validation.",Planning-agent validation of the recorded decision before any implementation action.,PENDING,PENDING,PENDING,SOURCE EVIDENCE REQUIRED,Shared with R16 LIMITATION_MISMATCH finding: derived Not-verified/excluded scope = 'not verified not verified'; exact normalized scope overlap = 'None' (limitation-scope-audit.csv).
SMR1-KL-0133,Known limitation,KBDL-FND-001,Known limitation,Cannot be fully validated until THM and CMP requirements exist,traceability-metadata.csv (candidate only),D — Evidence-owned,None,UNRESOLVED_FIELD_SOURCE,unresolved-field-sources.csv ; limitation-scope-audit.csv,VAL-006; VAL-005,KBDL-FND-001,,,,,Not-verified/excluded scope relationship,No approach recommended; options only: PROVIDE APPROVED LIMITATION SOURCE / CONFIRM CURRENT LIMITATION AS CURRENT NON-RETROACTIVE GOVERNANCE / REVISE LIMITATION / REMOVE UNSUPPORTED LIMITATION / DEFER DECISION,Removing the limitation text without a supporting source risks silently narrowing disclosed scope.,No limitation is accepted through packet preparation; confirming current text as governance would be current and non-retroactive only. Prohibited automatic correction: Ledger/readable-group self-proof.,Approve an independent source or preserve Not verified,"A future recording/validation prompt for KBDL-FND-001's known limitation field, only after an explicit owner decision and separate validation.",Planning-agent validation of the recorded decision before any implementation action.,PENDING,PENDING,PENDING,SOURCE EVIDENCE REQUIRED,Shared with R16 LIMITATION_MISMATCH finding: derived Not-verified/excluded scope = 'not verified not verified'; exact normalized scope overlap = 'None' (limitation-scope-audit.csv).
SMR1-KL-0134,Known limitation,KBDL-FND-002,Known limitation,Cannot be fully validated until THM and CMP requirements exist,traceability-metadata.csv (candidate only),D — Evidence-owned,None,UNRESOLVED_FIELD_SOURCE,unresolved-field-sources.csv ; limitation-scope-audit.csv,VAL-006; VAL-005,KBDL-FND-002,,,,,Not-verified/excluded scope relationship,No approach recommended; options only: PROVIDE APPROVED LIMITATION SOURCE / CONFIRM CURRENT LIMITATION AS CURRENT NON-RETROACTIVE GOVERNANCE / REVISE LIMITATION / REMOVE UNSUPPORTED LIMITATION / DEFER DECISION,Removing the limitation text without a supporting source risks silently narrowing disclosed scope.,No limitation is accepted through packet preparation; confirming current text as governance would be current and non-retroactive only. Prohibited automatic correction: Ledger/readable-group self-proof.,Approve an independent source or preserve Not verified,"A future recording/validation prompt for KBDL-FND-002's known limitation field, only after an explicit owner decision and separate validation.",Planning-agent validation of the recorded decision before any implementation action.,PENDING,PENDING,PENDING,SOURCE EVIDENCE REQUIRED,Shared with R16 LIMITATION_MISMATCH finding: derived Not-verified/excluded scope = 'not verified not verified'; exact normalized scope overlap = 'None' (limitation-scope-audit.csv).
SMR1-KL-0135,Known limitation,KBDL-FND-003,Known limitation,Cannot be fully validated until RSP requirements exist,traceability-metadata.csv (candidate only),D — Evidence-owned,None,UNRESOLVED_FIELD_SOURCE,unresolved-field-sources.csv ; limitation-scope-audit.csv,VAL-006; VAL-005,KBDL-FND-003,,,,,Not-verified/excluded scope relationship,No approach recommended; options only: PROVIDE APPROVED LIMITATION SOURCE / CONFIRM CURRENT LIMITATION AS CURRENT NON-RETROACTIVE GOVERNANCE / REVISE LIMITATION / REMOVE UNSUPPORTED LIMITATION / DEFER DECISION,Removing the limitation text without a supporting source risks silently narrowing disclosed scope.,No limitation is accepted through packet preparation; confirming current text as governance would be current and non-retroactive only. Prohibited automatic correction: Ledger/readable-group self-proof.,Approve an independent source or preserve Not verified,"A future recording/validation prompt for KBDL-FND-003's known limitation field, only after an explicit owner decision and separate validation.",Planning-agent validation of the recorded decision before any implementation action.,PENDING,PENDING,PENDING,SOURCE EVIDENCE REQUIRED,Shared with R16 LIMITATION_MISMATCH finding: derived Not-verified/excluded scope = 'not verified not verified'; exact normalized scope overlap = 'None' (limitation-scope-audit.csv).
SMR1-KL-0136,Known limitation,KBDL-FND-004,Known limitation,Cannot be fully validated until RSP requirements exist,traceability-metadata.csv (candidate only),D — Evidence-owned,None,UNRESOLVED_FIELD_SOURCE,unresolved-field-sources.csv ; limitation-scope-audit.csv,VAL-006; VAL-005,KBDL-FND-004,,,,,Not-verified/excluded scope relationship,No approach recommended; options only: PROVIDE APPROVED LIMITATION SOURCE / CONFIRM CURRENT LIMITATION AS CURRENT NON-RETROACTIVE GOVERNANCE / REVISE LIMITATION / REMOVE UNSUPPORTED LIMITATION / DEFER DECISION,Removing the limitation text without a supporting source risks silently narrowing disclosed scope.,No limitation is accepted through packet preparation; confirming current text as governance would be current and non-retroactive only. Prohibited automatic correction: Ledger/readable-group self-proof.,Approve an independent source or preserve Not verified,"A future recording/validation prompt for KBDL-FND-004's known limitation field, only after an explicit owner decision and separate validation.",Planning-agent validation of the recorded decision before any implementation action.,PENDING,PENDING,PENDING,SOURCE EVIDENCE REQUIRED,Shared with R16 LIMITATION_MISMATCH finding: derived Not-verified/excluded scope = 'not verified not verified'; exact normalized scope overlap = 'None' (limitation-scope-audit.csv).
SMR1-KL-0137,Known limitation,KBDL-FND-005,Known limitation,No implementation exists to execute the stated typography validation method.,traceability-metadata.csv (candidate only),D — Evidence-owned,None,UNRESOLVED_FIELD_SOURCE,unresolved-field-sources.csv ; limitation-scope-audit.csv,VAL-006; VAL-005,KBDL-FND-005,,,,,Not-verified/excluded scope relationship,No approach recommended; options only: PROVIDE APPROVED LIMITATION SOURCE / CONFIRM CURRENT LIMITATION AS CURRENT NON-RETROACTIVE GOVERNANCE / REVISE LIMITATION / REMOVE UNSUPPORTED LIMITATION / DEFER DECISION,Removing the limitation text without a supporting source risks silently narrowing disclosed scope.,No limitation is accepted through packet preparation; confirming current text as governance would be current and non-retroactive only. Prohibited automatic correction: Ledger/readable-group self-proof.,Approve an independent source or preserve Not verified,"A future recording/validation prompt for KBDL-FND-005's known limitation field, only after an explicit owner decision and separate validation.",Planning-agent validation of the recorded decision before any implementation action.,PENDING,PENDING,PENDING,SOURCE EVIDENCE REQUIRED,Shared with R16 LIMITATION_MISMATCH finding: derived Not-verified/excluded scope = 'not verified not verified'; exact normalized scope overlap = 'None' (limitation-scope-audit.csv).
SMR1-KL-0138,Known limitation,KBDL-FND-006,Known limitation,No implementation exists to execute the stated iconography validation method.,traceability-metadata.csv (candidate only),D — Evidence-owned,None,UNRESOLVED_FIELD_SOURCE,unresolved-field-sources.csv ; limitation-scope-audit.csv,VAL-006; VAL-005,KBDL-FND-006,,,,,Not-verified/excluded scope relationship,No approach recommended; options only: PROVIDE APPROVED LIMITATION SOURCE / CONFIRM CURRENT LIMITATION AS CURRENT NON-RETROACTIVE GOVERNANCE / REVISE LIMITATION / REMOVE UNSUPPORTED LIMITATION / DEFER DECISION,Removing the limitation text without a supporting source risks silently narrowing disclosed scope.,No limitation is accepted through packet preparation; confirming current text as governance would be current and non-retroactive only. Prohibited automatic correction: Ledger/readable-group self-proof.,Approve an independent source or preserve Not verified,"A future recording/validation prompt for KBDL-FND-006's known limitation field, only after an explicit owner decision and separate validation.",Planning-agent validation of the recorded decision before any implementation action.,PENDING,PENDING,PENDING,SOURCE EVIDENCE REQUIRED,Shared with R16 LIMITATION_MISMATCH finding: derived Not-verified/excluded scope = 'not verified not verified'; exact normalized scope overlap = 'None' (limitation-scope-audit.csv).
SMR1-KL-0139,Known limitation,KBDL-FND-007,Known limitation,No implementation exists to execute the stated spacing validation method.,traceability-metadata.csv (candidate only),D — Evidence-owned,None,UNRESOLVED_FIELD_SOURCE,unresolved-field-sources.csv ; limitation-scope-audit.csv,VAL-006; VAL-005,KBDL-FND-007,,,,,Not-verified/excluded scope relationship,No approach recommended; options only: PROVIDE APPROVED LIMITATION SOURCE / CONFIRM CURRENT LIMITATION AS CURRENT NON-RETROACTIVE GOVERNANCE / REVISE LIMITATION / REMOVE UNSUPPORTED LIMITATION / DEFER DECISION,Removing the limitation text without a supporting source risks silently narrowing disclosed scope.,No limitation is accepted through packet preparation; confirming current text as governance would be current and non-retroactive only. Prohibited automatic correction: Ledger/readable-group self-proof.,Approve an independent source or preserve Not verified,"A future recording/validation prompt for KBDL-FND-007's known limitation field, only after an explicit owner decision and separate validation.",Planning-agent validation of the recorded decision before any implementation action.,PENDING,PENDING,PENDING,SOURCE EVIDENCE REQUIRED,Shared with R16 LIMITATION_MISMATCH finding: derived Not-verified/excluded scope = 'not verified not verified'; exact normalized scope overlap = 'None' (limitation-scope-audit.csv).
SMR1-KL-0140,Known limitation,KBDL-FND-008,Known limitation,Cannot be fully validated until PRO requirements exist,traceability-metadata.csv (candidate only),D — Evidence-owned,None,UNRESOLVED_FIELD_SOURCE,unresolved-field-sources.csv ; limitation-scope-audit.csv,VAL-006; VAL-005,KBDL-FND-008,,,,,Not-verified/excluded scope relationship,No approach recommended; options only: PROVIDE APPROVED LIMITATION SOURCE / CONFIRM CURRENT LIMITATION AS CURRENT NON-RETROACTIVE GOVERNANCE / REVISE LIMITATION / REMOVE UNSUPPORTED LIMITATION / DEFER DECISION,Removing the limitation text without a supporting source risks silently narrowing disclosed scope.,No limitation is accepted through packet preparation; confirming current text as governance would be current and non-retroactive only. Prohibited automatic correction: Ledger/readable-group self-proof.,Approve an independent source or preserve Not verified,"A future recording/validation prompt for KBDL-FND-008's known limitation field, only after an explicit owner decision and separate validation.",Planning-agent validation of the recorded decision before any implementation action.,PENDING,PENDING,PENDING,SOURCE EVIDENCE REQUIRED,Shared with R16 LIMITATION_MISMATCH finding: derived Not-verified/excluded scope = 'not verified not verified'; exact normalized scope overlap = 'None' (limitation-scope-audit.csv).
SMR1-VE-0004,Validation evidence,KBDL-FND-009,Validation evidence,"Contrast-ratio table in foundations/color.md §4, computed via a local dependency-free script (see the KBDL-003 validation evidence for the script and full output). Updated under KBDL-003-R1: neutral-50 (3.25:1) was found to fail the 4.5:1 normal-text threshold and is now restricted to large-text/non-text-UI/decorative use only; a new neutral-60 (5.59:1) was added and verified as the safe value for normal-sized secondary/tertiary text",traceability-metadata.csv (candidate only),D — Evidence-owned,None,UNRESOLVED_FIELD_SOURCE,unresolved-field-sources.csv ; evidence-scope-audit.csv,VAL-004,KBDL-FND-009,,,,,Resolved evidence/classification relationship,No approach recommended; options only: PROVIDE ORIGINAL EVIDENCE MANIFEST / CONFIRM SCOPE MAPPING / REVISE EVIDENCE CITATION / SET TO NOT VERIFIED / DEFER DECISION,Setting to Not verified avoids relying on unscoped shared evidence text.,Owner choices may authorize later evidence work; this packet does not execute it. Prohibited automatic correction: Ledger/readable-group self-proof.,Approve an independent source or preserve Not verified,"A future recording/validation prompt for KBDL-FND-009's validation evidence field, only after an explicit owner decision and separate validation.",Planning-agent validation of the recorded decision before any implementation action.,PENDING,PENDING,PENDING,SOURCE EVIDENCE REQUIRED,Shared with R16 EVIDENCE_SCOPE_RELATIONSHIP finding: resolved artifact does not name this requirement or an approved shared validation scope (evidence-scope-audit.csv).
SMR1-KL-0141,Known limitation,KBDL-FND-010,Known limitation,"Approval authorizes these defaults for implementation; it does not itself constitute rendering, brand-suitability, or licensing validation — those remain Not verified as noted above",traceability-metadata.csv (candidate only),D — Evidence-owned,None,UNRESOLVED_FIELD_SOURCE,unresolved-field-sources.csv ; limitation-scope-audit.csv,VAL-006; VAL-005,KBDL-FND-010,,,,,Not-verified/excluded scope relationship,No approach recommended; options only: PROVIDE APPROVED LIMITATION SOURCE / CONFIRM CURRENT LIMITATION AS CURRENT NON-RETROACTIVE GOVERNANCE / REVISE LIMITATION / REMOVE UNSUPPORTED LIMITATION / DEFER DECISION,Removing the limitation text without a supporting source risks silently narrowing disclosed scope.,No limitation is accepted through packet preparation; confirming current text as governance would be current and non-retroactive only. Prohibited automatic correction: Ledger/readable-group self-proof.,Approve an independent source or preserve Not verified,"A future recording/validation prompt for KBDL-FND-010's known limitation field, only after an explicit owner decision and separate validation.",Planning-agent validation of the recorded decision before any implementation action.,PENDING,PENDING,PENDING,SOURCE EVIDENCE REQUIRED,Shared with R16 LIMITATION_MISMATCH finding: derived Not-verified/excluded scope = 'not verified not verified'; exact normalized scope overlap = 'None' (limitation-scope-audit.csv).
SMR1-KL-0142,Known limitation,KBDL-FND-011,Known limitation,"Approval authorizes these defaults for implementation; it does not itself constitute rendering, brand-suitability, or licensing validation — those remain Not verified as noted above",traceability-metadata.csv (candidate only),D — Evidence-owned,None,UNRESOLVED_FIELD_SOURCE,unresolved-field-sources.csv ; limitation-scope-audit.csv,VAL-006; VAL-005,KBDL-FND-011,,,,,Not-verified/excluded scope relationship,No approach recommended; options only: PROVIDE APPROVED LIMITATION SOURCE / CONFIRM CURRENT LIMITATION AS CURRENT NON-RETROACTIVE GOVERNANCE / REVISE LIMITATION / REMOVE UNSUPPORTED LIMITATION / DEFER DECISION,Removing the limitation text without a supporting source risks silently narrowing disclosed scope.,No limitation is accepted through packet preparation; confirming current text as governance would be current and non-retroactive only. Prohibited automatic correction: Ledger/readable-group self-proof.,Approve an independent source or preserve Not verified,"A future recording/validation prompt for KBDL-FND-011's known limitation field, only after an explicit owner decision and separate validation.",Planning-agent validation of the recorded decision before any implementation action.,PENDING,PENDING,PENDING,SOURCE EVIDENCE REQUIRED,Shared with R16 LIMITATION_MISMATCH finding: derived Not-verified/excluded scope = 'not verified not verified'; exact normalized scope overlap = 'None' (limitation-scope-audit.csv).
SMR1-KL-0143,Known limitation,KBDL-FND-012,Known limitation,"Approval authorizes these defaults for implementation; it does not itself constitute rendering, brand-suitability, or licensing validation — those remain Not verified as noted above",traceability-metadata.csv (candidate only),D — Evidence-owned,None,UNRESOLVED_FIELD_SOURCE,unresolved-field-sources.csv ; limitation-scope-audit.csv,VAL-006; VAL-005,KBDL-FND-012,,,,,Not-verified/excluded scope relationship,No approach recommended; options only: PROVIDE APPROVED LIMITATION SOURCE / CONFIRM CURRENT LIMITATION AS CURRENT NON-RETROACTIVE GOVERNANCE / REVISE LIMITATION / REMOVE UNSUPPORTED LIMITATION / DEFER DECISION,Removing the limitation text without a supporting source risks silently narrowing disclosed scope.,No limitation is accepted through packet preparation; confirming current text as governance would be current and non-retroactive only. Prohibited automatic correction: Ledger/readable-group self-proof.,Approve an independent source or preserve Not verified,"A future recording/validation prompt for KBDL-FND-012's known limitation field, only after an explicit owner decision and separate validation.",Planning-agent validation of the recorded decision before any implementation action.,PENDING,PENDING,PENDING,SOURCE EVIDENCE REQUIRED,Shared with R16 LIMITATION_MISMATCH finding: derived Not-verified/excluded scope = 'not verified not verified'; exact normalized scope overlap = 'None' (limitation-scope-audit.csv).
SMR1-VC-0029,Validation classification,KBDL-GOV-001,Validation classification,Verified,traceability-metadata.csv (candidate only),A — Normative-owned,None,UNRESOLVED_FIELD_SOURCE,unresolved-field-sources.csv,VAL-003; VAL-006,KBDL-GOV-001,,,,,Normative record,No approach recommended; options only: PROVIDE ORIGINAL OR APPROVED SOURCE / CONFIRM CURRENT CLASSIFICATION AS NEW CURRENT AUTHORITY / REVISE CLASSIFICATION / SET TO NOT VERIFIED / DEFER DECISION,Setting to Not verified is the most conservative alternative and requires no new authority.,Confirming current classification as new current authority would be current and non-retroactive; would not reconstruct historical approval; would not prove execution evidence; would not change lifecycle; would require a later recording and validation prompt. Prohibited automatic correction: Ledger/readable-group self-proof.,Approve an independent source or preserve Not verified,"A future recording/validation prompt for KBDL-GOV-001's validation classification field, only after an explicit owner decision and separate validation.",Planning-agent validation of the recorded decision before any implementation action.,PENDING,PENDING,PENDING,SOURCE EVIDENCE REQUIRED,
SMR1-VC-0030,Validation classification,KBDL-GOV-002,Validation classification,Not verified,traceability-metadata.csv (candidate only),A — Normative-owned,None,UNRESOLVED_FIELD_SOURCE,unresolved-field-sources.csv,VAL-003; VAL-006,KBDL-GOV-002,,,,,Normative record,No approach recommended; options only: PROVIDE ORIGINAL OR APPROVED SOURCE / CONFIRM CURRENT CLASSIFICATION AS NEW CURRENT AUTHORITY / REVISE CLASSIFICATION / SET TO NOT VERIFIED / DEFER DECISION,Setting to Not verified is the most conservative alternative and requires no new authority.,Confirming current classification as new current authority would be current and non-retroactive; would not reconstruct historical approval; would not prove execution evidence; would not change lifecycle; would require a later recording and validation prompt. Prohibited automatic correction: Ledger/readable-group self-proof.,Approve an independent source or preserve Not verified,"A future recording/validation prompt for KBDL-GOV-002's validation classification field, only after an explicit owner decision and separate validation.",Planning-agent validation of the recorded decision before any implementation action.,PENDING,PENDING,PENDING,SOURCE EVIDENCE REQUIRED,
SMR1-KL-0144,Known limitation,KBDL-GOV-002,Known limitation,"Cannot be validated against a real accessibility requirement, since none exist yet",traceability-metadata.csv (candidate only),D — Evidence-owned,None,UNRESOLVED_FIELD_SOURCE,unresolved-field-sources.csv ; limitation-scope-audit.csv,VAL-006; VAL-005,KBDL-GOV-002,,,,,Not-verified/excluded scope relationship,No approach recommended; options only: PROVIDE APPROVED LIMITATION SOURCE / CONFIRM CURRENT LIMITATION AS CURRENT NON-RETROACTIVE GOVERNANCE / REVISE LIMITATION / REMOVE UNSUPPORTED LIMITATION / DEFER DECISION,Removing the limitation text without a supporting source risks silently narrowing disclosed scope.,No limitation is accepted through packet preparation; confirming current text as governance would be current and non-retroactive only. Prohibited automatic correction: Ledger/readable-group self-proof.,Approve an independent source or preserve Not verified,"A future recording/validation prompt for KBDL-GOV-002's known limitation field, only after an explicit owner decision and separate validation.",Planning-agent validation of the recorded decision before any implementation action.,PENDING,PENDING,PENDING,SOURCE EVIDENCE REQUIRED,Shared with R16 LIMITATION_MISMATCH finding: derived Not-verified/excluded scope = 'not verified not verified'; exact normalized scope overlap = 'None' (limitation-scope-audit.csv).
SMR1-VC-0031,Validation classification,KBDL-GOV-003,Validation classification,Verified,traceability-metadata.csv (candidate only),A — Normative-owned,None,UNRESOLVED_FIELD_SOURCE,unresolved-field-sources.csv,VAL-003; VAL-006,KBDL-GOV-003,,,,,Normative record,No approach recommended; options only: PROVIDE ORIGINAL OR APPROVED SOURCE / CONFIRM CURRENT CLASSIFICATION AS NEW CURRENT AUTHORITY / REVISE CLASSIFICATION / SET TO NOT VERIFIED / DEFER DECISION,Setting to Not verified is the most conservative alternative and requires no new authority.,Confirming current classification as new current authority would be current and non-retroactive; would not reconstruct historical approval; would not prove execution evidence; would not change lifecycle; would require a later recording and validation prompt. Prohibited automatic correction: Ledger/readable-group self-proof.,Approve an independent source or preserve Not verified,"A future recording/validation prompt for KBDL-GOV-003's validation classification field, only after an explicit owner decision and separate validation.",Planning-agent validation of the recorded decision before any implementation action.,PENDING,PENDING,PENDING,SOURCE EVIDENCE REQUIRED,
SMR1-KL-0145,Known limitation,KBDL-MOT-001,Known limitation,"Per-component purpose assignment depends on the Components module (CMP), not yet reached",traceability-metadata.csv (candidate only),D — Evidence-owned,None,UNRESOLVED_FIELD_SOURCE,unresolved-field-sources.csv ; limitation-scope-audit.csv,VAL-006; VAL-005,KBDL-MOT-001,,,,,Not-verified/excluded scope relationship,No approach recommended; options only: PROVIDE APPROVED LIMITATION SOURCE / CONFIRM CURRENT LIMITATION AS CURRENT NON-RETROACTIVE GOVERNANCE / REVISE LIMITATION / REMOVE UNSUPPORTED LIMITATION / DEFER DECISION,Removing the limitation text without a supporting source risks silently narrowing disclosed scope.,No limitation is accepted through packet preparation; confirming current text as governance would be current and non-retroactive only. Prohibited automatic correction: Ledger/readable-group self-proof.,Approve an independent source or preserve Not verified,"A future recording/validation prompt for KBDL-MOT-001's known limitation field, only after an explicit owner decision and separate validation.",Planning-agent validation of the recorded decision before any implementation action.,PENDING,PENDING,PENDING,SOURCE EVIDENCE REQUIRED,Shared with R16 LIMITATION_MISMATCH finding: derived Not-verified/excluded scope = 'not verified not verified'; exact normalized scope overlap = 'None' (limitation-scope-audit.csv).
SMR1-VC-0032,Validation classification,KBDL-MOT-002,Validation classification,Not verified,traceability-metadata.csv (candidate only),A — Normative-owned,None,UNRESOLVED_FIELD_SOURCE,unresolved-field-sources.csv,VAL-003; VAL-006,KBDL-MOT-002,,,,,Normative record,No approach recommended; options only: PROVIDE ORIGINAL OR APPROVED SOURCE / CONFIRM CURRENT CLASSIFICATION AS NEW CURRENT AUTHORITY / REVISE CLASSIFICATION / SET TO NOT VERIFIED / DEFER DECISION,Setting to Not verified is the most conservative alternative and requires no new authority.,Confirming current classification as new current authority would be current and non-retroactive; would not reconstruct historical approval; would not prove execution evidence; would not change lifecycle; would require a later recording and validation prompt. Prohibited automatic correction: Ledger/readable-group self-proof.,Approve an independent source or preserve Not verified,"A future recording/validation prompt for KBDL-MOT-002's validation classification field, only after an explicit owner decision and separate validation.",Planning-agent validation of the recorded decision before any implementation action.,PENDING,PENDING,PENDING,SOURCE EVIDENCE REQUIRED,
SMR1-KL-0146,Known limitation,KBDL-MOT-002,Known limitation,"Per-component purpose assignment depends on the Components module (CMP), not yet reached",traceability-metadata.csv (candidate only),D — Evidence-owned,None,UNRESOLVED_FIELD_SOURCE,unresolved-field-sources.csv ; limitation-scope-audit.csv,VAL-006; VAL-005,KBDL-MOT-002,,,,,Not-verified/excluded scope relationship,No approach recommended; options only: PROVIDE APPROVED LIMITATION SOURCE / CONFIRM CURRENT LIMITATION AS CURRENT NON-RETROACTIVE GOVERNANCE / REVISE LIMITATION / REMOVE UNSUPPORTED LIMITATION / DEFER DECISION,Removing the limitation text without a supporting source risks silently narrowing disclosed scope.,No limitation is accepted through packet preparation; confirming current text as governance would be current and non-retroactive only. Prohibited automatic correction: Ledger/readable-group self-proof.,Approve an independent source or preserve Not verified,"A future recording/validation prompt for KBDL-MOT-002's known limitation field, only after an explicit owner decision and separate validation.",Planning-agent validation of the recorded decision before any implementation action.,PENDING,PENDING,PENDING,SOURCE EVIDENCE REQUIRED,Shared with R16 LIMITATION_MISMATCH finding: derived Not-verified/excluded scope = 'not verified not verified'; exact normalized scope overlap = 'None' (limitation-scope-audit.csv).
SMR1-KL-0147,Known limitation,KBDL-MOT-003,Known limitation,"Per-component purpose assignment depends on the Components module (CMP), not yet reached",traceability-metadata.csv (candidate only),D — Evidence-owned,None,UNRESOLVED_FIELD_SOURCE,unresolved-field-sources.csv ; limitation-scope-audit.csv,VAL-006; VAL-005,KBDL-MOT-003,,,,,Not-verified/excluded scope relationship,No approach recommended; options only: PROVIDE APPROVED LIMITATION SOURCE / CONFIRM CURRENT LIMITATION AS CURRENT NON-RETROACTIVE GOVERNANCE / REVISE LIMITATION / REMOVE UNSUPPORTED LIMITATION / DEFER DECISION,Removing the limitation text without a supporting source risks silently narrowing disclosed scope.,No limitation is accepted through packet preparation; confirming current text as governance would be current and non-retroactive only. Prohibited automatic correction: Ledger/readable-group self-proof.,Approve an independent source or preserve Not verified,"A future recording/validation prompt for KBDL-MOT-003's known limitation field, only after an explicit owner decision and separate validation.",Planning-agent validation of the recorded decision before any implementation action.,PENDING,PENDING,PENDING,SOURCE EVIDENCE REQUIRED,Shared with R16 LIMITATION_MISMATCH finding: derived Not-verified/excluded scope = 'not verified not verified'; exact normalized scope overlap = 'None' (limitation-scope-audit.csv).
SMR1-KL-0148,Known limitation,KBDL-MOT-004,Known limitation,"Exceptional-level (Level 4) usage requires project-owner review each time; not yet exercised, since no implementation exists",traceability-metadata.csv (candidate only),D — Evidence-owned,None,UNRESOLVED_FIELD_SOURCE,unresolved-field-sources.csv ; limitation-scope-audit.csv,VAL-006; VAL-005,KBDL-MOT-004,,,,,Not-verified/excluded scope relationship,No approach recommended; options only: PROVIDE APPROVED LIMITATION SOURCE / CONFIRM CURRENT LIMITATION AS CURRENT NON-RETROACTIVE GOVERNANCE / REVISE LIMITATION / REMOVE UNSUPPORTED LIMITATION / DEFER DECISION,Removing the limitation text without a supporting source risks silently narrowing disclosed scope.,No limitation is accepted through packet preparation; confirming current text as governance would be current and non-retroactive only. Prohibited automatic correction: Ledger/readable-group self-proof.,Approve an independent source or preserve Not verified,"A future recording/validation prompt for KBDL-MOT-004's known limitation field, only after an explicit owner decision and separate validation.",Planning-agent validation of the recorded decision before any implementation action.,PENDING,PENDING,PENDING,SOURCE EVIDENCE REQUIRED,Shared with R16 LIMITATION_MISMATCH finding: derived Not-verified/excluded scope = 'not verified not verified'; exact normalized scope overlap = 'None' (limitation-scope-audit.csv).
SMR1-KL-0149,Known limitation,KBDL-MOT-005,Known limitation,"Exceptional-level (Level 4) usage requires project-owner review each time; not yet exercised, since no implementation exists",traceability-metadata.csv (candidate only),D — Evidence-owned,None,UNRESOLVED_FIELD_SOURCE,unresolved-field-sources.csv ; limitation-scope-audit.csv,VAL-006; VAL-005,KBDL-MOT-005,,,,,Not-verified/excluded scope relationship,No approach recommended; options only: PROVIDE APPROVED LIMITATION SOURCE / CONFIRM CURRENT LIMITATION AS CURRENT NON-RETROACTIVE GOVERNANCE / REVISE LIMITATION / REMOVE UNSUPPORTED LIMITATION / DEFER DECISION,Removing the limitation text without a supporting source risks silently narrowing disclosed scope.,No limitation is accepted through packet preparation; confirming current text as governance would be current and non-retroactive only. Prohibited automatic correction: Ledger/readable-group self-proof.,Approve an independent source or preserve Not verified,"A future recording/validation prompt for KBDL-MOT-005's known limitation field, only after an explicit owner decision and separate validation.",Planning-agent validation of the recorded decision before any implementation action.,PENDING,PENDING,PENDING,SOURCE EVIDENCE REQUIRED,Shared with R16 LIMITATION_MISMATCH finding: derived Not-verified/excluded scope = 'not verified not verified'; exact normalized scope overlap = 'None' (limitation-scope-audit.csv).
SMR1-VC-0033,Validation classification,KBDL-MOT-006,Validation classification,Not verified,traceability-metadata.csv (candidate only),A — Normative-owned,None,UNRESOLVED_FIELD_SOURCE,unresolved-field-sources.csv,VAL-003; VAL-006,KBDL-MOT-006,,,,,Normative record,No approach recommended; options only: PROVIDE ORIGINAL OR APPROVED SOURCE / CONFIRM CURRENT CLASSIFICATION AS NEW CURRENT AUTHORITY / REVISE CLASSIFICATION / SET TO NOT VERIFIED / DEFER DECISION,Setting to Not verified is the most conservative alternative and requires no new authority.,Confirming current classification as new current authority would be current and non-retroactive; would not reconstruct historical approval; would not prove execution evidence; would not change lifecycle; would require a later recording and validation prompt. Prohibited automatic correction: Ledger/readable-group self-proof.,Approve an independent source or preserve Not verified,"A future recording/validation prompt for KBDL-MOT-006's validation classification field, only after an explicit owner decision and separate validation.",Planning-agent validation of the recorded decision before any implementation action.,PENDING,PENDING,PENDING,SOURCE EVIDENCE REQUIRED,
SMR1-KL-0150,Known limitation,KBDL-MOT-006,Known limitation,"Exceptional-level (Level 4) usage requires project-owner review each time; not yet exercised, since no implementation exists",traceability-metadata.csv (candidate only),D — Evidence-owned,None,UNRESOLVED_FIELD_SOURCE,unresolved-field-sources.csv ; limitation-scope-audit.csv,VAL-006; VAL-005,KBDL-MOT-006,,,,,Not-verified/excluded scope relationship,No approach recommended; options only: PROVIDE APPROVED LIMITATION SOURCE / CONFIRM CURRENT LIMITATION AS CURRENT NON-RETROACTIVE GOVERNANCE / REVISE LIMITATION / REMOVE UNSUPPORTED LIMITATION / DEFER DECISION,Removing the limitation text without a supporting source risks silently narrowing disclosed scope.,No limitation is accepted through packet preparation; confirming current text as governance would be current and non-retroactive only. Prohibited automatic correction: Ledger/readable-group self-proof.,Approve an independent source or preserve Not verified,"A future recording/validation prompt for KBDL-MOT-006's known limitation field, only after an explicit owner decision and separate validation.",Planning-agent validation of the recorded decision before any implementation action.,PENDING,PENDING,PENDING,SOURCE EVIDENCE REQUIRED,Shared with R16 LIMITATION_MISMATCH finding: derived Not-verified/excluded scope = 'not verified not verified'; exact normalized scope overlap = 'None' (limitation-scope-audit.csv).
SMR1-AU-0018,Authority,KBDL-MOT-007,Authority,"Approved (per KBDL-DEC-014, decision packet item 2, together with KBDL-MOT-008, as one timing system)",traceability-metadata.csv (candidate only),B — Governance-owned,None,UNRESOLVED_FIELD_SOURCE,unresolved-field-sources.csv,VAL-003,KBDL-MOT-007,,,,,Authority graph,No approach recommended; options only: PROVIDE ORIGINAL OR APPROVED AUTHORITY / CONFIRM CURRENT NON-RETROACTIVE AUTHORITY / REVISE AUTHORITY EXPRESSION / REJECT AUTHORITY / DEFER DECISION,Rejecting the authority expression would require reclassifying dependent requirement text.,"Lifecycle status, ledger presence, and implementation history are not treated as authority under this packet's source-of-truth hierarchy. Prohibited automatic correction: Ledger/readable-group self-proof.",Approve an independent source or preserve Not verified,"A future recording/validation prompt for KBDL-MOT-007's authority field, only after an explicit owner decision and separate validation.",Planning-agent validation of the recorded decision before any implementation action.,PENDING,PENDING,PENDING,SOURCE EVIDENCE REQUIRED,
SMR1-KL-0151,Known limitation,KBDL-MOT-007,Known limitation,"Approval is a lifecycle decision, not implementation validation; these values must not be treated as Verified until an implementation exists and is measured",traceability-metadata.csv (candidate only),D — Evidence-owned,None,UNRESOLVED_FIELD_SOURCE,unresolved-field-sources.csv ; limitation-scope-audit.csv,VAL-006; VAL-005,KBDL-MOT-007,,,,,Not-verified/excluded scope relationship,No approach recommended; options only: PROVIDE APPROVED LIMITATION SOURCE / CONFIRM CURRENT LIMITATION AS CURRENT NON-RETROACTIVE GOVERNANCE / REVISE LIMITATION / REMOVE UNSUPPORTED LIMITATION / DEFER DECISION,Removing the limitation text without a supporting source risks silently narrowing disclosed scope.,No limitation is accepted through packet preparation; confirming current text as governance would be current and non-retroactive only. Prohibited automatic correction: Ledger/readable-group self-proof.,Approve an independent source or preserve Not verified,"A future recording/validation prompt for KBDL-MOT-007's known limitation field, only after an explicit owner decision and separate validation.",Planning-agent validation of the recorded decision before any implementation action.,PENDING,PENDING,PENDING,SOURCE EVIDENCE REQUIRED,Shared with R16 LIMITATION_MISMATCH finding: derived Not-verified/excluded scope = 'not verified not verified'; exact normalized scope overlap = 'None' (limitation-scope-audit.csv).
SMR1-VC-0034,Validation classification,KBDL-MOT-008,Validation classification,Not applicable,traceability-metadata.csv (candidate only),A — Normative-owned,None,UNRESOLVED_FIELD_SOURCE,unresolved-field-sources.csv,VAL-003; VAL-006,KBDL-MOT-008,,,,,Normative record,No approach recommended; options only: PROVIDE ORIGINAL OR APPROVED SOURCE / CONFIRM CURRENT CLASSIFICATION AS NEW CURRENT AUTHORITY / REVISE CLASSIFICATION / SET TO NOT VERIFIED / DEFER DECISION,Setting to Not verified is the most conservative alternative and requires no new authority.,Confirming current classification as new current authority would be current and non-retroactive; would not reconstruct historical approval; would not prove execution evidence; would not change lifecycle; would require a later recording and validation prompt. Prohibited automatic correction: Ledger/readable-group self-proof.,Approve an independent source or preserve Not verified,"A future recording/validation prompt for KBDL-MOT-008's validation classification field, only after an explicit owner decision and separate validation.",Planning-agent validation of the recorded decision before any implementation action.,PENDING,PENDING,PENDING,SOURCE EVIDENCE REQUIRED,
SMR1-VC-0035,Validation classification,KBDL-MOT-009,Validation classification,Not applicable,traceability-metadata.csv (candidate only),A — Normative-owned,None,UNRESOLVED_FIELD_SOURCE,unresolved-field-sources.csv,VAL-003; VAL-006,KBDL-MOT-009,,,,,Normative record,No approach recommended; options only: PROVIDE ORIGINAL OR APPROVED SOURCE / CONFIRM CURRENT CLASSIFICATION AS NEW CURRENT AUTHORITY / REVISE CLASSIFICATION / SET TO NOT VERIFIED / DEFER DECISION,Setting to Not verified is the most conservative alternative and requires no new authority.,Confirming current classification as new current authority would be current and non-retroactive; would not reconstruct historical approval; would not prove execution evidence; would not change lifecycle; would require a later recording and validation prompt. Prohibited automatic correction: Ledger/readable-group self-proof.,Approve an independent source or preserve Not verified,"A future recording/validation prompt for KBDL-MOT-009's validation classification field, only after an explicit owner decision and separate validation.",Planning-agent validation of the recorded decision before any implementation action.,PENDING,PENDING,PENDING,SOURCE EVIDENCE REQUIRED,
SMR1-KL-0152,Known limitation,KBDL-MOT-010,Known limitation,Exact pixel/percentage movement and scale values are deferred to the Components module,traceability-metadata.csv (candidate only),D — Evidence-owned,None,UNRESOLVED_FIELD_SOURCE,unresolved-field-sources.csv ; limitation-scope-audit.csv,VAL-006; VAL-005,KBDL-MOT-010,,,,,Not-verified/excluded scope relationship,No approach recommended; options only: PROVIDE APPROVED LIMITATION SOURCE / CONFIRM CURRENT LIMITATION AS CURRENT NON-RETROACTIVE GOVERNANCE / REVISE LIMITATION / REMOVE UNSUPPORTED LIMITATION / DEFER DECISION,Removing the limitation text without a supporting source risks silently narrowing disclosed scope.,No limitation is accepted through packet preparation; confirming current text as governance would be current and non-retroactive only. Prohibited automatic correction: Ledger/readable-group self-proof.,Approve an independent source or preserve Not verified,"A future recording/validation prompt for KBDL-MOT-010's known limitation field, only after an explicit owner decision and separate validation.",Planning-agent validation of the recorded decision before any implementation action.,PENDING,PENDING,PENDING,SOURCE EVIDENCE REQUIRED,Shared with R16 LIMITATION_MISMATCH finding: derived Not-verified/excluded scope = 'not verified not verified'; exact normalized scope overlap = 'None' (limitation-scope-audit.csv).
SMR1-VC-0036,Validation classification,KBDL-MOT-011,Validation classification,Not verified,traceability-metadata.csv (candidate only),A — Normative-owned,None,UNRESOLVED_FIELD_SOURCE,unresolved-field-sources.csv,VAL-003; VAL-006,KBDL-MOT-011,,,,,Normative record,No approach recommended; options only: PROVIDE ORIGINAL OR APPROVED SOURCE / CONFIRM CURRENT CLASSIFICATION AS NEW CURRENT AUTHORITY / REVISE CLASSIFICATION / SET TO NOT VERIFIED / DEFER DECISION,Setting to Not verified is the most conservative alternative and requires no new authority.,Confirming current classification as new current authority would be current and non-retroactive; would not reconstruct historical approval; would not prove execution evidence; would not change lifecycle; would require a later recording and validation prompt. Prohibited automatic correction: Ledger/readable-group self-proof.,Approve an independent source or preserve Not verified,"A future recording/validation prompt for KBDL-MOT-011's validation classification field, only after an explicit owner decision and separate validation.",Planning-agent validation of the recorded decision before any implementation action.,PENDING,PENDING,PENDING,SOURCE EVIDENCE REQUIRED,
SMR1-KL-0153,Known limitation,KBDL-MOT-011,Known limitation,Exact pixel/percentage movement and scale values are deferred to the Components module,traceability-metadata.csv (candidate only),D — Evidence-owned,None,UNRESOLVED_FIELD_SOURCE,unresolved-field-sources.csv ; limitation-scope-audit.csv,VAL-006; VAL-005,KBDL-MOT-011,,,,,Not-verified/excluded scope relationship,No approach recommended; options only: PROVIDE APPROVED LIMITATION SOURCE / CONFIRM CURRENT LIMITATION AS CURRENT NON-RETROACTIVE GOVERNANCE / REVISE LIMITATION / REMOVE UNSUPPORTED LIMITATION / DEFER DECISION,Removing the limitation text without a supporting source risks silently narrowing disclosed scope.,No limitation is accepted through packet preparation; confirming current text as governance would be current and non-retroactive only. Prohibited automatic correction: Ledger/readable-group self-proof.,Approve an independent source or preserve Not verified,"A future recording/validation prompt for KBDL-MOT-011's known limitation field, only after an explicit owner decision and separate validation.",Planning-agent validation of the recorded decision before any implementation action.,PENDING,PENDING,PENDING,SOURCE EVIDENCE REQUIRED,Shared with R16 LIMITATION_MISMATCH finding: derived Not-verified/excluded scope = 'not verified not verified'; exact normalized scope overlap = 'None' (limitation-scope-audit.csv).
SMR1-KL-0154,Known limitation,KBDL-MOT-012,Known limitation,Exact pixel/percentage movement and scale values are deferred to the Components module,traceability-metadata.csv (candidate only),D — Evidence-owned,None,UNRESOLVED_FIELD_SOURCE,unresolved-field-sources.csv ; limitation-scope-audit.csv,VAL-006; VAL-005,KBDL-MOT-012,,,,,Not-verified/excluded scope relationship,No approach recommended; options only: PROVIDE APPROVED LIMITATION SOURCE / CONFIRM CURRENT LIMITATION AS CURRENT NON-RETROACTIVE GOVERNANCE / REVISE LIMITATION / REMOVE UNSUPPORTED LIMITATION / DEFER DECISION,Removing the limitation text without a supporting source risks silently narrowing disclosed scope.,No limitation is accepted through packet preparation; confirming current text as governance would be current and non-retroactive only. Prohibited automatic correction: Ledger/readable-group self-proof.,Approve an independent source or preserve Not verified,"A future recording/validation prompt for KBDL-MOT-012's known limitation field, only after an explicit owner decision and separate validation.",Planning-agent validation of the recorded decision before any implementation action.,PENDING,PENDING,PENDING,SOURCE EVIDENCE REQUIRED,Shared with R16 LIMITATION_MISMATCH finding: derived Not-verified/excluded scope = 'not verified not verified'; exact normalized scope overlap = 'None' (limitation-scope-audit.csv).
SMR1-VC-0037,Validation classification,KBDL-MOT-013,Validation classification,Not verified,traceability-metadata.csv (candidate only),A — Normative-owned,None,UNRESOLVED_FIELD_SOURCE,unresolved-field-sources.csv,VAL-003; VAL-006,KBDL-MOT-013,,,,,Normative record,No approach recommended; options only: PROVIDE ORIGINAL OR APPROVED SOURCE / CONFIRM CURRENT CLASSIFICATION AS NEW CURRENT AUTHORITY / REVISE CLASSIFICATION / SET TO NOT VERIFIED / DEFER DECISION,Setting to Not verified is the most conservative alternative and requires no new authority.,Confirming current classification as new current authority would be current and non-retroactive; would not reconstruct historical approval; would not prove execution evidence; would not change lifecycle; would require a later recording and validation prompt. Prohibited automatic correction: Ledger/readable-group self-proof.,Approve an independent source or preserve Not verified,"A future recording/validation prompt for KBDL-MOT-013's validation classification field, only after an explicit owner decision and separate validation.",Planning-agent validation of the recorded decision before any implementation action.,PENDING,PENDING,PENDING,SOURCE EVIDENCE REQUIRED,
SMR1-KL-0155,Known limitation,KBDL-MOT-013,Known limitation,Exact repetition limits (attention motion) and scroll thresholds remain qualitative pending implementation-level review,traceability-metadata.csv (candidate only),D — Evidence-owned,None,UNRESOLVED_FIELD_SOURCE,unresolved-field-sources.csv ; limitation-scope-audit.csv,VAL-006; VAL-005,KBDL-MOT-013,,,,,Not-verified/excluded scope relationship,No approach recommended; options only: PROVIDE APPROVED LIMITATION SOURCE / CONFIRM CURRENT LIMITATION AS CURRENT NON-RETROACTIVE GOVERNANCE / REVISE LIMITATION / REMOVE UNSUPPORTED LIMITATION / DEFER DECISION,Removing the limitation text without a supporting source risks silently narrowing disclosed scope.,No limitation is accepted through packet preparation; confirming current text as governance would be current and non-retroactive only. Prohibited automatic correction: Ledger/readable-group self-proof.,Approve an independent source or preserve Not verified,"A future recording/validation prompt for KBDL-MOT-013's known limitation field, only after an explicit owner decision and separate validation.",Planning-agent validation of the recorded decision before any implementation action.,PENDING,PENDING,PENDING,SOURCE EVIDENCE REQUIRED,Shared with R16 LIMITATION_MISMATCH finding: derived Not-verified/excluded scope = 'not verified not verified'; exact normalized scope overlap = 'None' (limitation-scope-audit.csv).
SMR1-KL-0156,Known limitation,KBDL-MOT-014,Known limitation,Exact repetition limits (attention motion) and scroll thresholds remain qualitative pending implementation-level review,traceability-metadata.csv (candidate only),D — Evidence-owned,None,UNRESOLVED_FIELD_SOURCE,unresolved-field-sources.csv ; limitation-scope-audit.csv,VAL-006; VAL-005,KBDL-MOT-014,,,,,Not-verified/excluded scope relationship,No approach recommended; options only: PROVIDE APPROVED LIMITATION SOURCE / CONFIRM CURRENT LIMITATION AS CURRENT NON-RETROACTIVE GOVERNANCE / REVISE LIMITATION / REMOVE UNSUPPORTED LIMITATION / DEFER DECISION,Removing the limitation text without a supporting source risks silently narrowing disclosed scope.,No limitation is accepted through packet preparation; confirming current text as governance would be current and non-retroactive only. Prohibited automatic correction: Ledger/readable-group self-proof.,Approve an independent source or preserve Not verified,"A future recording/validation prompt for KBDL-MOT-014's known limitation field, only after an explicit owner decision and separate validation.",Planning-agent validation of the recorded decision before any implementation action.,PENDING,PENDING,PENDING,SOURCE EVIDENCE REQUIRED,Shared with R16 LIMITATION_MISMATCH finding: derived Not-verified/excluded scope = 'not verified not verified'; exact normalized scope overlap = 'None' (limitation-scope-audit.csv).
SMR1-KL-0157,Known limitation,KBDL-MOT-015,Known limitation,Exact repetition limits (attention motion) and scroll thresholds remain qualitative pending implementation-level review,traceability-metadata.csv (candidate only),D — Evidence-owned,None,UNRESOLVED_FIELD_SOURCE,unresolved-field-sources.csv ; limitation-scope-audit.csv,VAL-006; VAL-005,KBDL-MOT-015,,,,,Not-verified/excluded scope relationship,No approach recommended; options only: PROVIDE APPROVED LIMITATION SOURCE / CONFIRM CURRENT LIMITATION AS CURRENT NON-RETROACTIVE GOVERNANCE / REVISE LIMITATION / REMOVE UNSUPPORTED LIMITATION / DEFER DECISION,Removing the limitation text without a supporting source risks silently narrowing disclosed scope.,No limitation is accepted through packet preparation; confirming current text as governance would be current and non-retroactive only. Prohibited automatic correction: Ledger/readable-group self-proof.,Approve an independent source or preserve Not verified,"A future recording/validation prompt for KBDL-MOT-015's known limitation field, only after an explicit owner decision and separate validation.",Planning-agent validation of the recorded decision before any implementation action.,PENDING,PENDING,PENDING,SOURCE EVIDENCE REQUIRED,Shared with R16 LIMITATION_MISMATCH finding: derived Not-verified/excluded scope = 'not verified not verified'; exact normalized scope overlap = 'None' (limitation-scope-audit.csv).
SMR1-KL-0158,Known limitation,KBDL-MOT-016,Known limitation,Exact repetition limits (attention motion) and scroll thresholds remain qualitative pending implementation-level review,traceability-metadata.csv (candidate only),D — Evidence-owned,None,UNRESOLVED_FIELD_SOURCE,unresolved-field-sources.csv ; limitation-scope-audit.csv,VAL-006; VAL-005,KBDL-MOT-016,,,,,Not-verified/excluded scope relationship,No approach recommended; options only: PROVIDE APPROVED LIMITATION SOURCE / CONFIRM CURRENT LIMITATION AS CURRENT NON-RETROACTIVE GOVERNANCE / REVISE LIMITATION / REMOVE UNSUPPORTED LIMITATION / DEFER DECISION,Removing the limitation text without a supporting source risks silently narrowing disclosed scope.,No limitation is accepted through packet preparation; confirming current text as governance would be current and non-retroactive only. Prohibited automatic correction: Ledger/readable-group self-proof.,Approve an independent source or preserve Not verified,"A future recording/validation prompt for KBDL-MOT-016's known limitation field, only after an explicit owner decision and separate validation.",Planning-agent validation of the recorded decision before any implementation action.,PENDING,PENDING,PENDING,SOURCE EVIDENCE REQUIRED,Shared with R16 LIMITATION_MISMATCH finding: derived Not-verified/excluded scope = 'not verified not verified'; exact normalized scope overlap = 'None' (limitation-scope-audit.csv).
SMR1-KL-0159,Known limitation,KBDL-MOT-017,Known limitation,Exact repetition limits (attention motion) and scroll thresholds remain qualitative pending implementation-level review,traceability-metadata.csv (candidate only),D — Evidence-owned,None,UNRESOLVED_FIELD_SOURCE,unresolved-field-sources.csv ; limitation-scope-audit.csv,VAL-006; VAL-005,KBDL-MOT-017,,,,,Not-verified/excluded scope relationship,No approach recommended; options only: PROVIDE APPROVED LIMITATION SOURCE / CONFIRM CURRENT LIMITATION AS CURRENT NON-RETROACTIVE GOVERNANCE / REVISE LIMITATION / REMOVE UNSUPPORTED LIMITATION / DEFER DECISION,Removing the limitation text without a supporting source risks silently narrowing disclosed scope.,No limitation is accepted through packet preparation; confirming current text as governance would be current and non-retroactive only. Prohibited automatic correction: Ledger/readable-group self-proof.,Approve an independent source or preserve Not verified,"A future recording/validation prompt for KBDL-MOT-017's known limitation field, only after an explicit owner decision and separate validation.",Planning-agent validation of the recorded decision before any implementation action.,PENDING,PENDING,PENDING,SOURCE EVIDENCE REQUIRED,Shared with R16 LIMITATION_MISMATCH finding: derived Not-verified/excluded scope = 'not verified not verified'; exact normalized scope overlap = 'None' (limitation-scope-audit.csv).
SMR1-KL-0160,Known limitation,KBDL-MOT-018,Known limitation,Exact repetition limits (attention motion) and scroll thresholds remain qualitative pending implementation-level review,traceability-metadata.csv (candidate only),D — Evidence-owned,None,UNRESOLVED_FIELD_SOURCE,unresolved-field-sources.csv ; limitation-scope-audit.csv,VAL-006; VAL-005,KBDL-MOT-018,,,,,Not-verified/excluded scope relationship,No approach recommended; options only: PROVIDE APPROVED LIMITATION SOURCE / CONFIRM CURRENT LIMITATION AS CURRENT NON-RETROACTIVE GOVERNANCE / REVISE LIMITATION / REMOVE UNSUPPORTED LIMITATION / DEFER DECISION,Removing the limitation text without a supporting source risks silently narrowing disclosed scope.,No limitation is accepted through packet preparation; confirming current text as governance would be current and non-retroactive only. Prohibited automatic correction: Ledger/readable-group self-proof.,Approve an independent source or preserve Not verified,"A future recording/validation prompt for KBDL-MOT-018's known limitation field, only after an explicit owner decision and separate validation.",Planning-agent validation of the recorded decision before any implementation action.,PENDING,PENDING,PENDING,SOURCE EVIDENCE REQUIRED,Shared with R16 LIMITATION_MISMATCH finding: derived Not-verified/excluded scope = 'not verified not verified'; exact normalized scope overlap = 'None' (limitation-scope-audit.csv).
SMR1-VC-0038,Validation classification,KBDL-MOT-019,Validation classification,Not verified,traceability-metadata.csv (candidate only),A — Normative-owned,None,UNRESOLVED_FIELD_SOURCE,unresolved-field-sources.csv,VAL-003; VAL-006,KBDL-MOT-019,,,,,Normative record,No approach recommended; options only: PROVIDE ORIGINAL OR APPROVED SOURCE / CONFIRM CURRENT CLASSIFICATION AS NEW CURRENT AUTHORITY / REVISE CLASSIFICATION / SET TO NOT VERIFIED / DEFER DECISION,Setting to Not verified is the most conservative alternative and requires no new authority.,Confirming current classification as new current authority would be current and non-retroactive; would not reconstruct historical approval; would not prove execution evidence; would not change lifecycle; would require a later recording and validation prompt. Prohibited automatic correction: Ledger/readable-group self-proof.,Approve an independent source or preserve Not verified,"A future recording/validation prompt for KBDL-MOT-019's validation classification field, only after an explicit owner decision and separate validation.",Planning-agent validation of the recorded decision before any implementation action.,PENDING,PENDING,PENDING,SOURCE EVIDENCE REQUIRED,
SMR1-KL-0161,Known limitation,KBDL-MOT-019,Known limitation,Exact repetition limits (attention motion) and scroll thresholds remain qualitative pending implementation-level review,traceability-metadata.csv (candidate only),D — Evidence-owned,None,UNRESOLVED_FIELD_SOURCE,unresolved-field-sources.csv ; limitation-scope-audit.csv,VAL-006; VAL-005,KBDL-MOT-019,,,,,Not-verified/excluded scope relationship,No approach recommended; options only: PROVIDE APPROVED LIMITATION SOURCE / CONFIRM CURRENT LIMITATION AS CURRENT NON-RETROACTIVE GOVERNANCE / REVISE LIMITATION / REMOVE UNSUPPORTED LIMITATION / DEFER DECISION,Removing the limitation text without a supporting source risks silently narrowing disclosed scope.,No limitation is accepted through packet preparation; confirming current text as governance would be current and non-retroactive only. Prohibited automatic correction: Ledger/readable-group self-proof.,Approve an independent source or preserve Not verified,"A future recording/validation prompt for KBDL-MOT-019's known limitation field, only after an explicit owner decision and separate validation.",Planning-agent validation of the recorded decision before any implementation action.,PENDING,PENDING,PENDING,SOURCE EVIDENCE REQUIRED,Shared with R16 LIMITATION_MISMATCH finding: derived Not-verified/excluded scope = 'not verified not verified'; exact normalized scope overlap = 'None' (limitation-scope-audit.csv).
SMR1-KL-0162,Known limitation,KBDL-MOT-020,Known limitation,No intermediate-frame contrast measurement has actually been performed against a live implementation,traceability-metadata.csv (candidate only),D — Evidence-owned,None,UNRESOLVED_FIELD_SOURCE,unresolved-field-sources.csv ; limitation-scope-audit.csv,VAL-006; VAL-005,KBDL-MOT-020,,,,,Not-verified/excluded scope relationship,No approach recommended; options only: PROVIDE APPROVED LIMITATION SOURCE / CONFIRM CURRENT LIMITATION AS CURRENT NON-RETROACTIVE GOVERNANCE / REVISE LIMITATION / REMOVE UNSUPPORTED LIMITATION / DEFER DECISION,Removing the limitation text without a supporting source risks silently narrowing disclosed scope.,No limitation is accepted through packet preparation; confirming current text as governance would be current and non-retroactive only. Prohibited automatic correction: Ledger/readable-group self-proof.,Approve an independent source or preserve Not verified,"A future recording/validation prompt for KBDL-MOT-020's known limitation field, only after an explicit owner decision and separate validation.",Planning-agent validation of the recorded decision before any implementation action.,PENDING,PENDING,PENDING,SOURCE EVIDENCE REQUIRED,Shared with R16 LIMITATION_MISMATCH finding: derived Not-verified/excluded scope = 'not verified not verified'; exact normalized scope overlap = 'None' (limitation-scope-audit.csv).
SMR1-VC-0039,Validation classification,KBDL-MOT-021,Validation classification,Not verified,traceability-metadata.csv (candidate only),A — Normative-owned,None,UNRESOLVED_FIELD_SOURCE,unresolved-field-sources.csv,VAL-003; VAL-006,KBDL-MOT-021,,,,,Normative record,No approach recommended; options only: PROVIDE ORIGINAL OR APPROVED SOURCE / CONFIRM CURRENT CLASSIFICATION AS NEW CURRENT AUTHORITY / REVISE CLASSIFICATION / SET TO NOT VERIFIED / DEFER DECISION,Setting to Not verified is the most conservative alternative and requires no new authority.,Confirming current classification as new current authority would be current and non-retroactive; would not reconstruct historical approval; would not prove execution evidence; would not change lifecycle; would require a later recording and validation prompt. Prohibited automatic correction: Ledger/readable-group self-proof.,Approve an independent source or preserve Not verified,"A future recording/validation prompt for KBDL-MOT-021's validation classification field, only after an explicit owner decision and separate validation.",Planning-agent validation of the recorded decision before any implementation action.,PENDING,PENDING,PENDING,SOURCE EVIDENCE REQUIRED,
SMR1-KL-0163,Known limitation,KBDL-MOT-021,Known limitation,"No implementation exists to measure actual frame rate, input latency, or cross-input-method behavior",traceability-metadata.csv (candidate only),D — Evidence-owned,None,UNRESOLVED_FIELD_SOURCE,unresolved-field-sources.csv ; limitation-scope-audit.csv,VAL-006; VAL-005,KBDL-MOT-021,,,,,Not-verified/excluded scope relationship,No approach recommended; options only: PROVIDE APPROVED LIMITATION SOURCE / CONFIRM CURRENT LIMITATION AS CURRENT NON-RETROACTIVE GOVERNANCE / REVISE LIMITATION / REMOVE UNSUPPORTED LIMITATION / DEFER DECISION,Removing the limitation text without a supporting source risks silently narrowing disclosed scope.,No limitation is accepted through packet preparation; confirming current text as governance would be current and non-retroactive only. Prohibited automatic correction: Ledger/readable-group self-proof.,Approve an independent source or preserve Not verified,"A future recording/validation prompt for KBDL-MOT-021's known limitation field, only after an explicit owner decision and separate validation.",Planning-agent validation of the recorded decision before any implementation action.,PENDING,PENDING,PENDING,SOURCE EVIDENCE REQUIRED,Shared with R16 LIMITATION_MISMATCH finding: derived Not-verified/excluded scope = 'not verified not verified'; exact normalized scope overlap = 'None' (limitation-scope-audit.csv).
SMR1-KL-0164,Known limitation,KBDL-MOT-022,Known limitation,"No implementation exists to measure actual frame rate, input latency, or cross-input-method behavior",traceability-metadata.csv (candidate only),D — Evidence-owned,None,UNRESOLVED_FIELD_SOURCE,unresolved-field-sources.csv ; limitation-scope-audit.csv,VAL-006; VAL-005,KBDL-MOT-022,,,,,Not-verified/excluded scope relationship,No approach recommended; options only: PROVIDE APPROVED LIMITATION SOURCE / CONFIRM CURRENT LIMITATION AS CURRENT NON-RETROACTIVE GOVERNANCE / REVISE LIMITATION / REMOVE UNSUPPORTED LIMITATION / DEFER DECISION,Removing the limitation text without a supporting source risks silently narrowing disclosed scope.,No limitation is accepted through packet preparation; confirming current text as governance would be current and non-retroactive only. Prohibited automatic correction: Ledger/readable-group self-proof.,Approve an independent source or preserve Not verified,"A future recording/validation prompt for KBDL-MOT-022's known limitation field, only after an explicit owner decision and separate validation.",Planning-agent validation of the recorded decision before any implementation action.,PENDING,PENDING,PENDING,SOURCE EVIDENCE REQUIRED,Shared with R16 LIMITATION_MISMATCH finding: derived Not-verified/excluded scope = 'not verified not verified'; exact normalized scope overlap = 'None' (limitation-scope-audit.csv).
SMR1-KL-0165,Known limitation,KBDL-MOT-023,Known limitation,"No implementation exists to measure actual frame rate, input latency, or cross-input-method behavior",traceability-metadata.csv (candidate only),D — Evidence-owned,None,UNRESOLVED_FIELD_SOURCE,unresolved-field-sources.csv ; limitation-scope-audit.csv,VAL-006; VAL-005,KBDL-MOT-023,,,,,Not-verified/excluded scope relationship,No approach recommended; options only: PROVIDE APPROVED LIMITATION SOURCE / CONFIRM CURRENT LIMITATION AS CURRENT NON-RETROACTIVE GOVERNANCE / REVISE LIMITATION / REMOVE UNSUPPORTED LIMITATION / DEFER DECISION,Removing the limitation text without a supporting source risks silently narrowing disclosed scope.,No limitation is accepted through packet preparation; confirming current text as governance would be current and non-retroactive only. Prohibited automatic correction: Ledger/readable-group self-proof.,Approve an independent source or preserve Not verified,"A future recording/validation prompt for KBDL-MOT-023's known limitation field, only after an explicit owner decision and separate validation.",Planning-agent validation of the recorded decision before any implementation action.,PENDING,PENDING,PENDING,SOURCE EVIDENCE REQUIRED,Shared with R16 LIMITATION_MISMATCH finding: derived Not-verified/excluded scope = 'not verified not verified'; exact normalized scope overlap = 'None' (limitation-scope-audit.csv).
SMR1-VC-0040,Validation classification,KBDL-MOT-024,Validation classification,Not verified,traceability-metadata.csv (candidate only),A — Normative-owned,None,UNRESOLVED_FIELD_SOURCE,unresolved-field-sources.csv,VAL-003; VAL-006,KBDL-MOT-024,,,,,Normative record,No approach recommended; options only: PROVIDE ORIGINAL OR APPROVED SOURCE / CONFIRM CURRENT CLASSIFICATION AS NEW CURRENT AUTHORITY / REVISE CLASSIFICATION / SET TO NOT VERIFIED / DEFER DECISION,Setting to Not verified is the most conservative alternative and requires no new authority.,Confirming current classification as new current authority would be current and non-retroactive; would not reconstruct historical approval; would not prove execution evidence; would not change lifecycle; would require a later recording and validation prompt. Prohibited automatic correction: Ledger/readable-group self-proof.,Approve an independent source or preserve Not verified,"A future recording/validation prompt for KBDL-MOT-024's validation classification field, only after an explicit owner decision and separate validation.",Planning-agent validation of the recorded decision before any implementation action.,PENDING,PENDING,PENDING,SOURCE EVIDENCE REQUIRED,
SMR1-KL-0166,Known limitation,KBDL-MOT-024,Known limitation,"No implementation exists to measure actual frame rate, input latency, or cross-input-method behavior",traceability-metadata.csv (candidate only),D — Evidence-owned,None,UNRESOLVED_FIELD_SOURCE,unresolved-field-sources.csv ; limitation-scope-audit.csv,VAL-006; VAL-005,KBDL-MOT-024,,,,,Not-verified/excluded scope relationship,No approach recommended; options only: PROVIDE APPROVED LIMITATION SOURCE / CONFIRM CURRENT LIMITATION AS CURRENT NON-RETROACTIVE GOVERNANCE / REVISE LIMITATION / REMOVE UNSUPPORTED LIMITATION / DEFER DECISION,Removing the limitation text without a supporting source risks silently narrowing disclosed scope.,No limitation is accepted through packet preparation; confirming current text as governance would be current and non-retroactive only. Prohibited automatic correction: Ledger/readable-group self-proof.,Approve an independent source or preserve Not verified,"A future recording/validation prompt for KBDL-MOT-024's known limitation field, only after an explicit owner decision and separate validation.",Planning-agent validation of the recorded decision before any implementation action.,PENDING,PENDING,PENDING,SOURCE EVIDENCE REQUIRED,Shared with R16 LIMITATION_MISMATCH finding: derived Not-verified/excluded scope = 'not verified not verified'; exact normalized scope overlap = 'None' (limitation-scope-audit.csv).
SMR1-KL-0167,Known limitation,KBDL-MOT-025,Known limitation,"No implementation exists to measure actual frame rate, input latency, or cross-input-method behavior",traceability-metadata.csv (candidate only),D — Evidence-owned,None,UNRESOLVED_FIELD_SOURCE,unresolved-field-sources.csv ; limitation-scope-audit.csv,VAL-006; VAL-005,KBDL-MOT-025,,,,,Not-verified/excluded scope relationship,No approach recommended; options only: PROVIDE APPROVED LIMITATION SOURCE / CONFIRM CURRENT LIMITATION AS CURRENT NON-RETROACTIVE GOVERNANCE / REVISE LIMITATION / REMOVE UNSUPPORTED LIMITATION / DEFER DECISION,Removing the limitation text without a supporting source risks silently narrowing disclosed scope.,No limitation is accepted through packet preparation; confirming current text as governance would be current and non-retroactive only. Prohibited automatic correction: Ledger/readable-group self-proof.,Approve an independent source or preserve Not verified,"A future recording/validation prompt for KBDL-MOT-025's known limitation field, only after an explicit owner decision and separate validation.",Planning-agent validation of the recorded decision before any implementation action.,PENDING,PENDING,PENDING,SOURCE EVIDENCE REQUIRED,Shared with R16 LIMITATION_MISMATCH finding: derived Not-verified/excluded scope = 'not verified not verified'; exact normalized scope overlap = 'None' (limitation-scope-audit.csv).
SMR1-KL-0168,Known limitation,KBDL-MOT-026,Known limitation,"No implementation exists to measure actual frame rate, input latency, or cross-input-method behavior",traceability-metadata.csv (candidate only),D — Evidence-owned,None,UNRESOLVED_FIELD_SOURCE,unresolved-field-sources.csv ; limitation-scope-audit.csv,VAL-006; VAL-005,KBDL-MOT-026,,,,,Not-verified/excluded scope relationship,No approach recommended; options only: PROVIDE APPROVED LIMITATION SOURCE / CONFIRM CURRENT LIMITATION AS CURRENT NON-RETROACTIVE GOVERNANCE / REVISE LIMITATION / REMOVE UNSUPPORTED LIMITATION / DEFER DECISION,Removing the limitation text without a supporting source risks silently narrowing disclosed scope.,No limitation is accepted through packet preparation; confirming current text as governance would be current and non-retroactive only. Prohibited automatic correction: Ledger/readable-group self-proof.,Approve an independent source or preserve Not verified,"A future recording/validation prompt for KBDL-MOT-026's known limitation field, only after an explicit owner decision and separate validation.",Planning-agent validation of the recorded decision before any implementation action.,PENDING,PENDING,PENDING,SOURCE EVIDENCE REQUIRED,Shared with R16 LIMITATION_MISMATCH finding: derived Not-verified/excluded scope = 'not verified not verified'; exact normalized scope overlap = 'None' (limitation-scope-audit.csv).
SMR1-VC-0041,Validation classification,KBDL-MOT-028,Validation classification,Not applicable,traceability-metadata.csv (candidate only),A — Normative-owned,None,UNRESOLVED_FIELD_SOURCE,unresolved-field-sources.csv,VAL-003; VAL-006,KBDL-MOT-028,,,,,Normative record,No approach recommended; options only: PROVIDE ORIGINAL OR APPROVED SOURCE / CONFIRM CURRENT CLASSIFICATION AS NEW CURRENT AUTHORITY / REVISE CLASSIFICATION / SET TO NOT VERIFIED / DEFER DECISION,Setting to Not verified is the most conservative alternative and requires no new authority.,Confirming current classification as new current authority would be current and non-retroactive; would not reconstruct historical approval; would not prove execution evidence; would not change lifecycle; would require a later recording and validation prompt. Prohibited automatic correction: Ledger/readable-group self-proof.,Approve an independent source or preserve Not verified,"A future recording/validation prompt for KBDL-MOT-028's validation classification field, only after an explicit owner decision and separate validation.",Planning-agent validation of the recorded decision before any implementation action.,PENDING,PENDING,PENDING,SOURCE EVIDENCE REQUIRED,
SMR1-VC-0042,Validation classification,KBDL-MOT-029,Validation classification,Not applicable,traceability-metadata.csv (candidate only),A — Normative-owned,None,UNRESOLVED_FIELD_SOURCE,unresolved-field-sources.csv,VAL-003; VAL-006,KBDL-MOT-029,,,,,Normative record,No approach recommended; options only: PROVIDE ORIGINAL OR APPROVED SOURCE / CONFIRM CURRENT CLASSIFICATION AS NEW CURRENT AUTHORITY / REVISE CLASSIFICATION / SET TO NOT VERIFIED / DEFER DECISION,Setting to Not verified is the most conservative alternative and requires no new authority.,Confirming current classification as new current authority would be current and non-retroactive; would not reconstruct historical approval; would not prove execution evidence; would not change lifecycle; would require a later recording and validation prompt. Prohibited automatic correction: Ledger/readable-group self-proof.,Approve an independent source or preserve Not verified,"A future recording/validation prompt for KBDL-MOT-029's validation classification field, only after an explicit owner decision and separate validation.",Planning-agent validation of the recorded decision before any implementation action.,PENDING,PENDING,PENDING,SOURCE EVIDENCE REQUIRED,
SMR1-VC-0043,Validation classification,KBDL-MOT-030,Validation classification,Not verified,traceability-metadata.csv (candidate only),A — Normative-owned,None,UNRESOLVED_FIELD_SOURCE,unresolved-field-sources.csv,VAL-003; VAL-006,KBDL-MOT-030,,,,,Normative record,No approach recommended; options only: PROVIDE ORIGINAL OR APPROVED SOURCE / CONFIRM CURRENT CLASSIFICATION AS NEW CURRENT AUTHORITY / REVISE CLASSIFICATION / SET TO NOT VERIFIED / DEFER DECISION,Setting to Not verified is the most conservative alternative and requires no new authority.,Confirming current classification as new current authority would be current and non-retroactive; would not reconstruct historical approval; would not prove execution evidence; would not change lifecycle; would require a later recording and validation prompt. Prohibited automatic correction: Ledger/readable-group self-proof.,Approve an independent source or preserve Not verified,"A future recording/validation prompt for KBDL-MOT-030's validation classification field, only after an explicit owner decision and separate validation.",Planning-agent validation of the recorded decision before any implementation action.,PENDING,PENDING,PENDING,SOURCE EVIDENCE REQUIRED,
SMR1-KL-0169,Known limitation,KBDL-MOT-030,Known limitation,"Approval is a lifecycle decision, not implementation validation; these values must not be treated as Verified until an implementation exists and is measured",traceability-metadata.csv (candidate only),D — Evidence-owned,None,UNRESOLVED_FIELD_SOURCE,unresolved-field-sources.csv ; limitation-scope-audit.csv,VAL-006; VAL-005,KBDL-MOT-030,,,,,Not-verified/excluded scope relationship,No approach recommended; options only: PROVIDE APPROVED LIMITATION SOURCE / CONFIRM CURRENT LIMITATION AS CURRENT NON-RETROACTIVE GOVERNANCE / REVISE LIMITATION / REMOVE UNSUPPORTED LIMITATION / DEFER DECISION,Removing the limitation text without a supporting source risks silently narrowing disclosed scope.,No limitation is accepted through packet preparation; confirming current text as governance would be current and non-retroactive only. Prohibited automatic correction: Ledger/readable-group self-proof.,Approve an independent source or preserve Not verified,"A future recording/validation prompt for KBDL-MOT-030's known limitation field, only after an explicit owner decision and separate validation.",Planning-agent validation of the recorded decision before any implementation action.,PENDING,PENDING,PENDING,SOURCE EVIDENCE REQUIRED,Shared with R16 LIMITATION_MISMATCH finding: derived Not-verified/excluded scope = 'not verified not verified'; exact normalized scope overlap = 'None' (limitation-scope-audit.csv).
SMR1-VC-0044,Validation classification,KBDL-MOT-031,Validation classification,Not verified,traceability-metadata.csv (candidate only),A — Normative-owned,None,UNRESOLVED_FIELD_SOURCE,unresolved-field-sources.csv,VAL-003; VAL-006,KBDL-MOT-031,,,,,Normative record,No approach recommended; options only: PROVIDE ORIGINAL OR APPROVED SOURCE / CONFIRM CURRENT CLASSIFICATION AS NEW CURRENT AUTHORITY / REVISE CLASSIFICATION / SET TO NOT VERIFIED / DEFER DECISION,Setting to Not verified is the most conservative alternative and requires no new authority.,Confirming current classification as new current authority would be current and non-retroactive; would not reconstruct historical approval; would not prove execution evidence; would not change lifecycle; would require a later recording and validation prompt. Prohibited automatic correction: Ledger/readable-group self-proof.,Approve an independent source or preserve Not verified,"A future recording/validation prompt for KBDL-MOT-031's validation classification field, only after an explicit owner decision and separate validation.",Planning-agent validation of the recorded decision before any implementation action.,PENDING,PENDING,PENDING,SOURCE EVIDENCE REQUIRED,
SMR1-KL-0170,Known limitation,KBDL-MOT-031,Known limitation,"Approval is a lifecycle decision, not implementation validation; these values must not be treated as Verified until an implementation exists and is measured",traceability-metadata.csv (candidate only),D — Evidence-owned,None,UNRESOLVED_FIELD_SOURCE,unresolved-field-sources.csv ; limitation-scope-audit.csv,VAL-006; VAL-005,KBDL-MOT-031,,,,,Not-verified/excluded scope relationship,No approach recommended; options only: PROVIDE APPROVED LIMITATION SOURCE / CONFIRM CURRENT LIMITATION AS CURRENT NON-RETROACTIVE GOVERNANCE / REVISE LIMITATION / REMOVE UNSUPPORTED LIMITATION / DEFER DECISION,Removing the limitation text without a supporting source risks silently narrowing disclosed scope.,No limitation is accepted through packet preparation; confirming current text as governance would be current and non-retroactive only. Prohibited automatic correction: Ledger/readable-group self-proof.,Approve an independent source or preserve Not verified,"A future recording/validation prompt for KBDL-MOT-031's known limitation field, only after an explicit owner decision and separate validation.",Planning-agent validation of the recorded decision before any implementation action.,PENDING,PENDING,PENDING,SOURCE EVIDENCE REQUIRED,Shared with R16 LIMITATION_MISMATCH finding: derived Not-verified/excluded scope = 'not verified not verified'; exact normalized scope overlap = 'None' (limitation-scope-audit.csv).
SMR1-VC-0045,Validation classification,KBDL-MOT-032,Validation classification,Not applicable,traceability-metadata.csv (candidate only),A — Normative-owned,None,UNRESOLVED_FIELD_SOURCE,unresolved-field-sources.csv,VAL-003; VAL-006,KBDL-MOT-032,,,,,Normative record,No approach recommended; options only: PROVIDE ORIGINAL OR APPROVED SOURCE / CONFIRM CURRENT CLASSIFICATION AS NEW CURRENT AUTHORITY / REVISE CLASSIFICATION / SET TO NOT VERIFIED / DEFER DECISION,Setting to Not verified is the most conservative alternative and requires no new authority.,Confirming current classification as new current authority would be current and non-retroactive; would not reconstruct historical approval; would not prove execution evidence; would not change lifecycle; would require a later recording and validation prompt. Prohibited automatic correction: Ledger/readable-group self-proof.,Approve an independent source or preserve Not verified,"A future recording/validation prompt for KBDL-MOT-032's validation classification field, only after an explicit owner decision and separate validation.",Planning-agent validation of the recorded decision before any implementation action.,PENDING,PENDING,PENDING,SOURCE EVIDENCE REQUIRED,
SMR1-VC-0046,Validation classification,KBDL-MOT-033,Validation classification,Not applicable,traceability-metadata.csv (candidate only),A — Normative-owned,None,UNRESOLVED_FIELD_SOURCE,unresolved-field-sources.csv,VAL-003; VAL-006,KBDL-MOT-033,,,,,Normative record,No approach recommended; options only: PROVIDE ORIGINAL OR APPROVED SOURCE / CONFIRM CURRENT CLASSIFICATION AS NEW CURRENT AUTHORITY / REVISE CLASSIFICATION / SET TO NOT VERIFIED / DEFER DECISION,Setting to Not verified is the most conservative alternative and requires no new authority.,Confirming current classification as new current authority would be current and non-retroactive; would not reconstruct historical approval; would not prove execution evidence; would not change lifecycle; would require a later recording and validation prompt. Prohibited automatic correction: Ledger/readable-group self-proof.,Approve an independent source or preserve Not verified,"A future recording/validation prompt for KBDL-MOT-033's validation classification field, only after an explicit owner decision and separate validation.",Planning-agent validation of the recorded decision before any implementation action.,PENDING,PENDING,PENDING,SOURCE EVIDENCE REQUIRED,
SMR1-VC-0047,Validation classification,KBDL-MOT-034,Validation classification,Not verified,traceability-metadata.csv (candidate only),A — Normative-owned,None,UNRESOLVED_FIELD_SOURCE,unresolved-field-sources.csv,VAL-003; VAL-006,KBDL-MOT-034,,,,,Normative record,No approach recommended; options only: PROVIDE ORIGINAL OR APPROVED SOURCE / CONFIRM CURRENT CLASSIFICATION AS NEW CURRENT AUTHORITY / REVISE CLASSIFICATION / SET TO NOT VERIFIED / DEFER DECISION,Setting to Not verified is the most conservative alternative and requires no new authority.,Confirming current classification as new current authority would be current and non-retroactive; would not reconstruct historical approval; would not prove execution evidence; would not change lifecycle; would require a later recording and validation prompt. Prohibited automatic correction: Ledger/readable-group self-proof.,Approve an independent source or preserve Not verified,"A future recording/validation prompt for KBDL-MOT-034's validation classification field, only after an explicit owner decision and separate validation.",Planning-agent validation of the recorded decision before any implementation action.,PENDING,PENDING,PENDING,SOURCE EVIDENCE REQUIRED,
SMR1-KL-0171,Known limitation,KBDL-MOT-034,Known limitation,"Approval is a lifecycle decision, not implementation validation; these values must not be treated as Verified until an implementation exists and is measured",traceability-metadata.csv (candidate only),D — Evidence-owned,None,UNRESOLVED_FIELD_SOURCE,unresolved-field-sources.csv ; limitation-scope-audit.csv,VAL-006; VAL-005,KBDL-MOT-034,,,,,Not-verified/excluded scope relationship,No approach recommended; options only: PROVIDE APPROVED LIMITATION SOURCE / CONFIRM CURRENT LIMITATION AS CURRENT NON-RETROACTIVE GOVERNANCE / REVISE LIMITATION / REMOVE UNSUPPORTED LIMITATION / DEFER DECISION,Removing the limitation text without a supporting source risks silently narrowing disclosed scope.,No limitation is accepted through packet preparation; confirming current text as governance would be current and non-retroactive only. Prohibited automatic correction: Ledger/readable-group self-proof.,Approve an independent source or preserve Not verified,"A future recording/validation prompt for KBDL-MOT-034's known limitation field, only after an explicit owner decision and separate validation.",Planning-agent validation of the recorded decision before any implementation action.,PENDING,PENDING,PENDING,SOURCE EVIDENCE REQUIRED,Shared with R16 LIMITATION_MISMATCH finding: derived Not-verified/excluded scope = 'not verified not verified'; exact normalized scope overlap = 'None' (limitation-scope-audit.csv).
SMR1-KL-0172,Known limitation,KBDL-PRN-001,Known limitation,"Cannot be checked against real foundation, theme, or component content until those modules exist",traceability-metadata.csv (candidate only),D — Evidence-owned,None,UNRESOLVED_FIELD_SOURCE,unresolved-field-sources.csv ; limitation-scope-audit.csv,VAL-006; VAL-005,KBDL-PRN-001,,,,,Not-verified/excluded scope relationship,No approach recommended; options only: PROVIDE APPROVED LIMITATION SOURCE / CONFIRM CURRENT LIMITATION AS CURRENT NON-RETROACTIVE GOVERNANCE / REVISE LIMITATION / REMOVE UNSUPPORTED LIMITATION / DEFER DECISION,Removing the limitation text without a supporting source risks silently narrowing disclosed scope.,No limitation is accepted through packet preparation; confirming current text as governance would be current and non-retroactive only. Prohibited automatic correction: Ledger/readable-group self-proof.,Approve an independent source or preserve Not verified,"A future recording/validation prompt for KBDL-PRN-001's known limitation field, only after an explicit owner decision and separate validation.",Planning-agent validation of the recorded decision before any implementation action.,PENDING,PENDING,PENDING,SOURCE EVIDENCE REQUIRED,Shared with R16 LIMITATION_MISMATCH finding: derived Not-verified/excluded scope = 'not verified not verified'; exact normalized scope overlap = 'None' (limitation-scope-audit.csv).
SMR1-VC-0048,Validation classification,KBDL-PRN-002,Validation classification,Not verified,traceability-metadata.csv (candidate only),A — Normative-owned,None,UNRESOLVED_FIELD_SOURCE,unresolved-field-sources.csv,VAL-003; VAL-006,KBDL-PRN-002,,,,,Normative record,No approach recommended; options only: PROVIDE ORIGINAL OR APPROVED SOURCE / CONFIRM CURRENT CLASSIFICATION AS NEW CURRENT AUTHORITY / REVISE CLASSIFICATION / SET TO NOT VERIFIED / DEFER DECISION,Setting to Not verified is the most conservative alternative and requires no new authority.,Confirming current classification as new current authority would be current and non-retroactive; would not reconstruct historical approval; would not prove execution evidence; would not change lifecycle; would require a later recording and validation prompt. Prohibited automatic correction: Ledger/readable-group self-proof.,Approve an independent source or preserve Not verified,"A future recording/validation prompt for KBDL-PRN-002's validation classification field, only after an explicit owner decision and separate validation.",Planning-agent validation of the recorded decision before any implementation action.,PENDING,PENDING,PENDING,SOURCE EVIDENCE REQUIRED,
SMR1-KL-0173,Known limitation,KBDL-PRN-002,Known limitation,No real design decisions exist yet to test the priority order against,traceability-metadata.csv (candidate only),D — Evidence-owned,None,UNRESOLVED_FIELD_SOURCE,unresolved-field-sources.csv ; limitation-scope-audit.csv,VAL-006; VAL-005,KBDL-PRN-002,,,,,Not-verified/excluded scope relationship,No approach recommended; options only: PROVIDE APPROVED LIMITATION SOURCE / CONFIRM CURRENT LIMITATION AS CURRENT NON-RETROACTIVE GOVERNANCE / REVISE LIMITATION / REMOVE UNSUPPORTED LIMITATION / DEFER DECISION,Removing the limitation text without a supporting source risks silently narrowing disclosed scope.,No limitation is accepted through packet preparation; confirming current text as governance would be current and non-retroactive only. Prohibited automatic correction: Ledger/readable-group self-proof.,Approve an independent source or preserve Not verified,"A future recording/validation prompt for KBDL-PRN-002's known limitation field, only after an explicit owner decision and separate validation.",Planning-agent validation of the recorded decision before any implementation action.,PENDING,PENDING,PENDING,SOURCE EVIDENCE REQUIRED,Shared with R16 LIMITATION_MISMATCH finding: derived Not-verified/excluded scope = 'not verified not verified'; exact normalized scope overlap = 'None' (limitation-scope-audit.csv).
SMR1-VC-0049,Validation classification,KBDL-PRN-003,Validation classification,Not verified,traceability-metadata.csv (candidate only),A — Normative-owned,None,UNRESOLVED_FIELD_SOURCE,unresolved-field-sources.csv,VAL-003; VAL-006,KBDL-PRN-003,,,,,Normative record,No approach recommended; options only: PROVIDE ORIGINAL OR APPROVED SOURCE / CONFIRM CURRENT CLASSIFICATION AS NEW CURRENT AUTHORITY / REVISE CLASSIFICATION / SET TO NOT VERIFIED / DEFER DECISION,Setting to Not verified is the most conservative alternative and requires no new authority.,Confirming current classification as new current authority would be current and non-retroactive; would not reconstruct historical approval; would not prove execution evidence; would not change lifecycle; would require a later recording and validation prompt. Prohibited automatic correction: Ledger/readable-group self-proof.,Approve an independent source or preserve Not verified,"A future recording/validation prompt for KBDL-PRN-003's validation classification field, only after an explicit owner decision and separate validation.",Planning-agent validation of the recorded decision before any implementation action.,PENDING,PENDING,PENDING,SOURCE EVIDENCE REQUIRED,
SMR1-KL-0174,Known limitation,KBDL-PRN-003,Known limitation,Complete evidence across every later module is unavailable,traceability-metadata.csv (candidate only),D — Evidence-owned,None,UNRESOLVED_FIELD_SOURCE,unresolved-field-sources.csv ; limitation-scope-audit.csv,VAL-006; VAL-005,KBDL-PRN-003,,,,,Not-verified/excluded scope relationship,No approach recommended; options only: PROVIDE APPROVED LIMITATION SOURCE / CONFIRM CURRENT LIMITATION AS CURRENT NON-RETROACTIVE GOVERNANCE / REVISE LIMITATION / REMOVE UNSUPPORTED LIMITATION / DEFER DECISION,Removing the limitation text without a supporting source risks silently narrowing disclosed scope.,No limitation is accepted through packet preparation; confirming current text as governance would be current and non-retroactive only. Prohibited automatic correction: Ledger/readable-group self-proof.,Approve an independent source or preserve Not verified,"A future recording/validation prompt for KBDL-PRN-003's known limitation field, only after an explicit owner decision and separate validation.",Planning-agent validation of the recorded decision before any implementation action.,PENDING,PENDING,PENDING,SOURCE EVIDENCE REQUIRED,Shared with R16 LIMITATION_MISMATCH finding: derived Not-verified/excluded scope = 'not verified not verified'; exact normalized scope overlap = 'None' (limitation-scope-audit.csv).
SMR1-VC-0050,Validation classification,KBDL-PRN-004,Validation classification,Not verified,traceability-metadata.csv (candidate only),A — Normative-owned,None,UNRESOLVED_FIELD_SOURCE,unresolved-field-sources.csv,VAL-003; VAL-006,KBDL-PRN-004,,,,,Normative record,No approach recommended; options only: PROVIDE ORIGINAL OR APPROVED SOURCE / CONFIRM CURRENT CLASSIFICATION AS NEW CURRENT AUTHORITY / REVISE CLASSIFICATION / SET TO NOT VERIFIED / DEFER DECISION,Setting to Not verified is the most conservative alternative and requires no new authority.,Confirming current classification as new current authority would be current and non-retroactive; would not reconstruct historical approval; would not prove execution evidence; would not change lifecycle; would require a later recording and validation prompt. Prohibited automatic correction: Ledger/readable-group self-proof.,Approve an independent source or preserve Not verified,"A future recording/validation prompt for KBDL-PRN-004's validation classification field, only after an explicit owner decision and separate validation.",Planning-agent validation of the recorded decision before any implementation action.,PENDING,PENDING,PENDING,SOURCE EVIDENCE REQUIRED,
SMR1-KL-0175,Known limitation,KBDL-PRN-004,Known limitation,"Cannot be fully validated until FND, THM, and RSP requirements exist",traceability-metadata.csv (candidate only),D — Evidence-owned,None,UNRESOLVED_FIELD_SOURCE,unresolved-field-sources.csv ; limitation-scope-audit.csv,VAL-006; VAL-005,KBDL-PRN-004,,,,,Not-verified/excluded scope relationship,No approach recommended; options only: PROVIDE APPROVED LIMITATION SOURCE / CONFIRM CURRENT LIMITATION AS CURRENT NON-RETROACTIVE GOVERNANCE / REVISE LIMITATION / REMOVE UNSUPPORTED LIMITATION / DEFER DECISION,Removing the limitation text without a supporting source risks silently narrowing disclosed scope.,No limitation is accepted through packet preparation; confirming current text as governance would be current and non-retroactive only. Prohibited automatic correction: Ledger/readable-group self-proof.,Approve an independent source or preserve Not verified,"A future recording/validation prompt for KBDL-PRN-004's known limitation field, only after an explicit owner decision and separate validation.",Planning-agent validation of the recorded decision before any implementation action.,PENDING,PENDING,PENDING,SOURCE EVIDENCE REQUIRED,Shared with R16 LIMITATION_MISMATCH finding: derived Not-verified/excluded scope = 'not verified not verified'; exact normalized scope overlap = 'None' (limitation-scope-audit.csv).
SMR1-VC-0051,Validation classification,KBDL-PRN-005,Validation classification,Not verified,traceability-metadata.csv (candidate only),A — Normative-owned,None,UNRESOLVED_FIELD_SOURCE,unresolved-field-sources.csv,VAL-003; VAL-006,KBDL-PRN-005,,,,,Normative record,No approach recommended; options only: PROVIDE ORIGINAL OR APPROVED SOURCE / CONFIRM CURRENT CLASSIFICATION AS NEW CURRENT AUTHORITY / REVISE CLASSIFICATION / SET TO NOT VERIFIED / DEFER DECISION,Setting to Not verified is the most conservative alternative and requires no new authority.,Confirming current classification as new current authority would be current and non-retroactive; would not reconstruct historical approval; would not prove execution evidence; would not change lifecycle; would require a later recording and validation prompt. Prohibited automatic correction: Ledger/readable-group self-proof.,Approve an independent source or preserve Not verified,"A future recording/validation prompt for KBDL-PRN-005's validation classification field, only after an explicit owner decision and separate validation.",Planning-agent validation of the recorded decision before any implementation action.,PENDING,PENDING,PENDING,SOURCE EVIDENCE REQUIRED,
SMR1-KL-0176,Known limitation,KBDL-PRN-005,Known limitation,Controlled-variable ranges are intentionally undefined pending later modules,traceability-metadata.csv (candidate only),D — Evidence-owned,None,UNRESOLVED_FIELD_SOURCE,unresolved-field-sources.csv ; limitation-scope-audit.csv,VAL-006; VAL-005,KBDL-PRN-005,,,,,Not-verified/excluded scope relationship,No approach recommended; options only: PROVIDE APPROVED LIMITATION SOURCE / CONFIRM CURRENT LIMITATION AS CURRENT NON-RETROACTIVE GOVERNANCE / REVISE LIMITATION / REMOVE UNSUPPORTED LIMITATION / DEFER DECISION,Removing the limitation text without a supporting source risks silently narrowing disclosed scope.,No limitation is accepted through packet preparation; confirming current text as governance would be current and non-retroactive only. Prohibited automatic correction: Ledger/readable-group self-proof.,Approve an independent source or preserve Not verified,"A future recording/validation prompt for KBDL-PRN-005's known limitation field, only after an explicit owner decision and separate validation.",Planning-agent validation of the recorded decision before any implementation action.,PENDING,PENDING,PENDING,SOURCE EVIDENCE REQUIRED,Shared with R16 LIMITATION_MISMATCH finding: derived Not-verified/excluded scope = 'not verified not verified'; exact normalized scope overlap = 'None' (limitation-scope-audit.csv).
SMR1-VC-0052,Validation classification,KBDL-PRN-006,Validation classification,Not verified,traceability-metadata.csv (candidate only),A — Normative-owned,None,UNRESOLVED_FIELD_SOURCE,unresolved-field-sources.csv,VAL-003; VAL-006,KBDL-PRN-006,,,,,Normative record,No approach recommended; options only: PROVIDE ORIGINAL OR APPROVED SOURCE / CONFIRM CURRENT CLASSIFICATION AS NEW CURRENT AUTHORITY / REVISE CLASSIFICATION / SET TO NOT VERIFIED / DEFER DECISION,Setting to Not verified is the most conservative alternative and requires no new authority.,Confirming current classification as new current authority would be current and non-retroactive; would not reconstruct historical approval; would not prove execution evidence; would not change lifecycle; would require a later recording and validation prompt. Prohibited automatic correction: Ledger/readable-group self-proof.,Approve an independent source or preserve Not verified,"A future recording/validation prompt for KBDL-PRN-006's validation classification field, only after an explicit owner decision and separate validation.",Planning-agent validation of the recorded decision before any implementation action.,PENDING,PENDING,PENDING,SOURCE EVIDENCE REQUIRED,
SMR1-KL-0177,Known limitation,KBDL-PRN-006,Known limitation,Later-module conflict-resolution behavior has not been executed.,traceability-metadata.csv (candidate only),D — Evidence-owned,None,UNRESOLVED_FIELD_SOURCE,unresolved-field-sources.csv ; limitation-scope-audit.csv,VAL-006; VAL-005,KBDL-PRN-006,,,,,Not-verified/excluded scope relationship,No approach recommended; options only: PROVIDE APPROVED LIMITATION SOURCE / CONFIRM CURRENT LIMITATION AS CURRENT NON-RETROACTIVE GOVERNANCE / REVISE LIMITATION / REMOVE UNSUPPORTED LIMITATION / DEFER DECISION,Removing the limitation text without a supporting source risks silently narrowing disclosed scope.,No limitation is accepted through packet preparation; confirming current text as governance would be current and non-retroactive only. Prohibited automatic correction: Ledger/readable-group self-proof.,Approve an independent source or preserve Not verified,"A future recording/validation prompt for KBDL-PRN-006's known limitation field, only after an explicit owner decision and separate validation.",Planning-agent validation of the recorded decision before any implementation action.,PENDING,PENDING,PENDING,SOURCE EVIDENCE REQUIRED,Shared with R16 LIMITATION_MISMATCH finding: derived Not-verified/excluded scope = 'not verified not verified'; exact normalized scope overlap = 'None' (limitation-scope-audit.csv).
SMR1-VC-0053,Validation classification,KBDL-PRN-007,Validation classification,Not verified,traceability-metadata.csv (candidate only),A — Normative-owned,None,UNRESOLVED_FIELD_SOURCE,unresolved-field-sources.csv,VAL-003; VAL-006,KBDL-PRN-007,,,,,Normative record,No approach recommended; options only: PROVIDE ORIGINAL OR APPROVED SOURCE / CONFIRM CURRENT CLASSIFICATION AS NEW CURRENT AUTHORITY / REVISE CLASSIFICATION / SET TO NOT VERIFIED / DEFER DECISION,Setting to Not verified is the most conservative alternative and requires no new authority.,Confirming current classification as new current authority would be current and non-retroactive; would not reconstruct historical approval; would not prove execution evidence; would not change lifecycle; would require a later recording and validation prompt. Prohibited automatic correction: Ledger/readable-group self-proof.,Approve an independent source or preserve Not verified,"A future recording/validation prompt for KBDL-PRN-007's validation classification field, only after an explicit owner decision and separate validation.",Planning-agent validation of the recorded decision before any implementation action.,PENDING,PENDING,PENDING,SOURCE EVIDENCE REQUIRED,
SMR1-KL-0178,Known limitation,KBDL-PRN-007,Known limitation,Cannot be fully validated until PRO requirements exist,traceability-metadata.csv (candidate only),D — Evidence-owned,None,UNRESOLVED_FIELD_SOURCE,unresolved-field-sources.csv ; limitation-scope-audit.csv,VAL-006; VAL-005,KBDL-PRN-007,,,,,Not-verified/excluded scope relationship,No approach recommended; options only: PROVIDE APPROVED LIMITATION SOURCE / CONFIRM CURRENT LIMITATION AS CURRENT NON-RETROACTIVE GOVERNANCE / REVISE LIMITATION / REMOVE UNSUPPORTED LIMITATION / DEFER DECISION,Removing the limitation text without a supporting source risks silently narrowing disclosed scope.,No limitation is accepted through packet preparation; confirming current text as governance would be current and non-retroactive only. Prohibited automatic correction: Ledger/readable-group self-proof.,Approve an independent source or preserve Not verified,"A future recording/validation prompt for KBDL-PRN-007's known limitation field, only after an explicit owner decision and separate validation.",Planning-agent validation of the recorded decision before any implementation action.,PENDING,PENDING,PENDING,SOURCE EVIDENCE REQUIRED,Shared with R16 LIMITATION_MISMATCH finding: derived Not-verified/excluded scope = 'not verified not verified'; exact normalized scope overlap = 'None' (limitation-scope-audit.csv).
SMR1-VC-0054,Validation classification,KBDL-PRN-008,Validation classification,Not verified,traceability-metadata.csv (candidate only),A — Normative-owned,None,UNRESOLVED_FIELD_SOURCE,unresolved-field-sources.csv,VAL-003; VAL-006,KBDL-PRN-008,,,,,Normative record,No approach recommended; options only: PROVIDE ORIGINAL OR APPROVED SOURCE / CONFIRM CURRENT CLASSIFICATION AS NEW CURRENT AUTHORITY / REVISE CLASSIFICATION / SET TO NOT VERIFIED / DEFER DECISION,Setting to Not verified is the most conservative alternative and requires no new authority.,Confirming current classification as new current authority would be current and non-retroactive; would not reconstruct historical approval; would not prove execution evidence; would not change lifecycle; would require a later recording and validation prompt. Prohibited automatic correction: Ledger/readable-group self-proof.,Approve an independent source or preserve Not verified,"A future recording/validation prompt for KBDL-PRN-008's validation classification field, only after an explicit owner decision and separate validation.",Planning-agent validation of the recorded decision before any implementation action.,PENDING,PENDING,PENDING,SOURCE EVIDENCE REQUIRED,
SMR1-KL-0179,Known limitation,KBDL-PRN-008,Known limitation,Examples are conceptual; no mockups or token values exist to check them against yet,traceability-metadata.csv (candidate only),D — Evidence-owned,None,UNRESOLVED_FIELD_SOURCE,unresolved-field-sources.csv ; limitation-scope-audit.csv,VAL-006; VAL-005,KBDL-PRN-008,,,,,Not-verified/excluded scope relationship,No approach recommended; options only: PROVIDE APPROVED LIMITATION SOURCE / CONFIRM CURRENT LIMITATION AS CURRENT NON-RETROACTIVE GOVERNANCE / REVISE LIMITATION / REMOVE UNSUPPORTED LIMITATION / DEFER DECISION,Removing the limitation text without a supporting source risks silently narrowing disclosed scope.,No limitation is accepted through packet preparation; confirming current text as governance would be current and non-retroactive only. Prohibited automatic correction: Ledger/readable-group self-proof.,Approve an independent source or preserve Not verified,"A future recording/validation prompt for KBDL-PRN-008's known limitation field, only after an explicit owner decision and separate validation.",Planning-agent validation of the recorded decision before any implementation action.,PENDING,PENDING,PENDING,SOURCE EVIDENCE REQUIRED,Shared with R16 LIMITATION_MISMATCH finding: derived Not-verified/excluded scope = 'not verified not verified'; exact normalized scope overlap = 'None' (limitation-scope-audit.csv).
SMR1-KL-0180,Known limitation,KBDL-PRO-001,Known limitation,Implementation-level profile behavior is not verified; no coded project profile exists yet to test against,traceability-metadata.csv (candidate only),D — Evidence-owned,None,UNRESOLVED_FIELD_SOURCE,unresolved-field-sources.csv ; limitation-scope-audit.csv,VAL-006; VAL-005,KBDL-PRO-001,,,,,Not-verified/excluded scope relationship,No approach recommended; options only: PROVIDE APPROVED LIMITATION SOURCE / CONFIRM CURRENT LIMITATION AS CURRENT NON-RETROACTIVE GOVERNANCE / REVISE LIMITATION / REMOVE UNSUPPORTED LIMITATION / DEFER DECISION,Removing the limitation text without a supporting source risks silently narrowing disclosed scope.,No limitation is accepted through packet preparation; confirming current text as governance would be current and non-retroactive only. Prohibited automatic correction: Ledger/readable-group self-proof.,Approve an independent source or preserve Not verified,"A future recording/validation prompt for KBDL-PRO-001's known limitation field, only after an explicit owner decision and separate validation.",Planning-agent validation of the recorded decision before any implementation action.,PENDING,PENDING,PENDING,SOURCE EVIDENCE REQUIRED,Shared with R16 LIMITATION_MISMATCH finding: derived Not-verified/excluded scope = 'not verified not verified'; exact normalized scope overlap = 'None' (limitation-scope-audit.csv).
SMR1-KL-0181,Known limitation,KBDL-PRO-002,Known limitation,Implementation-level profile behavior is not verified; no coded project profile exists yet to test against,traceability-metadata.csv (candidate only),D — Evidence-owned,None,UNRESOLVED_FIELD_SOURCE,unresolved-field-sources.csv ; limitation-scope-audit.csv,VAL-006; VAL-005,KBDL-PRO-002,,,,,Not-verified/excluded scope relationship,No approach recommended; options only: PROVIDE APPROVED LIMITATION SOURCE / CONFIRM CURRENT LIMITATION AS CURRENT NON-RETROACTIVE GOVERNANCE / REVISE LIMITATION / REMOVE UNSUPPORTED LIMITATION / DEFER DECISION,Removing the limitation text without a supporting source risks silently narrowing disclosed scope.,No limitation is accepted through packet preparation; confirming current text as governance would be current and non-retroactive only. Prohibited automatic correction: Ledger/readable-group self-proof.,Approve an independent source or preserve Not verified,"A future recording/validation prompt for KBDL-PRO-002's known limitation field, only after an explicit owner decision and separate validation.",Planning-agent validation of the recorded decision before any implementation action.,PENDING,PENDING,PENDING,SOURCE EVIDENCE REQUIRED,Shared with R16 LIMITATION_MISMATCH finding: derived Not-verified/excluded scope = 'not verified not verified'; exact normalized scope overlap = 'None' (limitation-scope-audit.csv).
SMR1-KL-0182,Known limitation,KBDL-PRO-003,Known limitation,Implementation-level profile behavior is not verified; no coded project profile exists yet to test against,traceability-metadata.csv (candidate only),D — Evidence-owned,None,UNRESOLVED_FIELD_SOURCE,unresolved-field-sources.csv ; limitation-scope-audit.csv,VAL-006; VAL-005,KBDL-PRO-003,,,,,Not-verified/excluded scope relationship,No approach recommended; options only: PROVIDE APPROVED LIMITATION SOURCE / CONFIRM CURRENT LIMITATION AS CURRENT NON-RETROACTIVE GOVERNANCE / REVISE LIMITATION / REMOVE UNSUPPORTED LIMITATION / DEFER DECISION,Removing the limitation text without a supporting source risks silently narrowing disclosed scope.,No limitation is accepted through packet preparation; confirming current text as governance would be current and non-retroactive only. Prohibited automatic correction: Ledger/readable-group self-proof.,Approve an independent source or preserve Not verified,"A future recording/validation prompt for KBDL-PRO-003's known limitation field, only after an explicit owner decision and separate validation.",Planning-agent validation of the recorded decision before any implementation action.,PENDING,PENDING,PENDING,SOURCE EVIDENCE REQUIRED,Shared with R16 LIMITATION_MISMATCH finding: derived Not-verified/excluded scope = 'not verified not verified'; exact normalized scope overlap = 'None' (limitation-scope-audit.csv).
SMR1-KL-0183,Known limitation,KBDL-PRO-004,Known limitation,Implementation-level profile behavior is not verified; no coded project profile exists yet to test against,traceability-metadata.csv (candidate only),D — Evidence-owned,None,UNRESOLVED_FIELD_SOURCE,unresolved-field-sources.csv ; limitation-scope-audit.csv,VAL-006; VAL-005,KBDL-PRO-004,,,,,Not-verified/excluded scope relationship,No approach recommended; options only: PROVIDE APPROVED LIMITATION SOURCE / CONFIRM CURRENT LIMITATION AS CURRENT NON-RETROACTIVE GOVERNANCE / REVISE LIMITATION / REMOVE UNSUPPORTED LIMITATION / DEFER DECISION,Removing the limitation text without a supporting source risks silently narrowing disclosed scope.,No limitation is accepted through packet preparation; confirming current text as governance would be current and non-retroactive only. Prohibited automatic correction: Ledger/readable-group self-proof.,Approve an independent source or preserve Not verified,"A future recording/validation prompt for KBDL-PRO-004's known limitation field, only after an explicit owner decision and separate validation.",Planning-agent validation of the recorded decision before any implementation action.,PENDING,PENDING,PENDING,SOURCE EVIDENCE REQUIRED,Shared with R16 LIMITATION_MISMATCH finding: derived Not-verified/excluded scope = 'not verified not verified'; exact normalized scope overlap = 'None' (limitation-scope-audit.csv).
SMR1-KL-0184,Known limitation,KBDL-PRO-005,Known limitation,"Not applicable — restates an existing scope/governance rule, not independently testable against an implementation",traceability-metadata.csv (candidate only),D — Evidence-owned,None,UNRESOLVED_FIELD_SOURCE,unresolved-field-sources.csv ; limitation-scope-audit.csv,VAL-006; VAL-005,KBDL-PRO-005,,,,,Not-verified/excluded scope relationship,No approach recommended; options only: PROVIDE APPROVED LIMITATION SOURCE / CONFIRM CURRENT LIMITATION AS CURRENT NON-RETROACTIVE GOVERNANCE / REVISE LIMITATION / REMOVE UNSUPPORTED LIMITATION / DEFER DECISION,Removing the limitation text without a supporting source risks silently narrowing disclosed scope.,No limitation is accepted through packet preparation; confirming current text as governance would be current and non-retroactive only. Prohibited automatic correction: Ledger/readable-group self-proof.,Approve an independent source or preserve Not verified,"A future recording/validation prompt for KBDL-PRO-005's known limitation field, only after an explicit owner decision and separate validation.",Planning-agent validation of the recorded decision before any implementation action.,PENDING,PENDING,PENDING,SOURCE EVIDENCE REQUIRED,Shared with R16 LIMITATION_MISMATCH finding: derived Not-verified/excluded scope = 'not verified not verified'; exact normalized scope overlap = 'None' (limitation-scope-audit.csv).
SMR1-KL-0185,Known limitation,KBDL-PRO-010,Known limitation,Implementation-level profile behavior is not verified; no coded project profile exists yet to test against. ### 10.2 Component Interpretation,traceability-metadata.csv (candidate only),D — Evidence-owned,None,UNRESOLVED_FIELD_SOURCE,unresolved-field-sources.csv ; limitation-scope-audit.csv,VAL-006; VAL-005,KBDL-PRO-010,,,,,Not-verified/excluded scope relationship,No approach recommended; options only: PROVIDE APPROVED LIMITATION SOURCE / CONFIRM CURRENT LIMITATION AS CURRENT NON-RETROACTIVE GOVERNANCE / REVISE LIMITATION / REMOVE UNSUPPORTED LIMITATION / DEFER DECISION,Removing the limitation text without a supporting source risks silently narrowing disclosed scope.,No limitation is accepted through packet preparation; confirming current text as governance would be current and non-retroactive only. Prohibited automatic correction: Ledger/readable-group self-proof.,Approve an independent source or preserve Not verified,"A future recording/validation prompt for KBDL-PRO-010's known limitation field, only after an explicit owner decision and separate validation.",Planning-agent validation of the recorded decision before any implementation action.,PENDING,PENDING,PENDING,SOURCE EVIDENCE REQUIRED,Shared with R16 LIMITATION_MISMATCH finding: derived Not-verified/excluded scope = 'not verified not verified'; exact normalized scope overlap = 'None' (limitation-scope-audit.csv).
SMR1-KL-0186,Known limitation,KBDL-PRO-011,Known limitation,Implementation-level profile behavior is not verified; no coded project profile exists yet to test against. ### 11.2 Component Interpretation,traceability-metadata.csv (candidate only),D — Evidence-owned,None,UNRESOLVED_FIELD_SOURCE,unresolved-field-sources.csv ; limitation-scope-audit.csv,VAL-006; VAL-005,KBDL-PRO-011,,,,,Not-verified/excluded scope relationship,No approach recommended; options only: PROVIDE APPROVED LIMITATION SOURCE / CONFIRM CURRENT LIMITATION AS CURRENT NON-RETROACTIVE GOVERNANCE / REVISE LIMITATION / REMOVE UNSUPPORTED LIMITATION / DEFER DECISION,Removing the limitation text without a supporting source risks silently narrowing disclosed scope.,No limitation is accepted through packet preparation; confirming current text as governance would be current and non-retroactive only. Prohibited automatic correction: Ledger/readable-group self-proof.,Approve an independent source or preserve Not verified,"A future recording/validation prompt for KBDL-PRO-011's known limitation field, only after an explicit owner decision and separate validation.",Planning-agent validation of the recorded decision before any implementation action.,PENDING,PENDING,PENDING,SOURCE EVIDENCE REQUIRED,Shared with R16 LIMITATION_MISMATCH finding: derived Not-verified/excluded scope = 'not verified not verified'; exact normalized scope overlap = 'None' (limitation-scope-audit.csv).
SMR1-KL-0187,Known limitation,KBDL-PRO-012,Known limitation,Implementation-level profile behavior is not verified; no coded project profile exists yet to test against. ### 12.2 Component Interpretation,traceability-metadata.csv (candidate only),D — Evidence-owned,None,UNRESOLVED_FIELD_SOURCE,unresolved-field-sources.csv ; limitation-scope-audit.csv,VAL-006; VAL-005,KBDL-PRO-012,,,,,Not-verified/excluded scope relationship,No approach recommended; options only: PROVIDE APPROVED LIMITATION SOURCE / CONFIRM CURRENT LIMITATION AS CURRENT NON-RETROACTIVE GOVERNANCE / REVISE LIMITATION / REMOVE UNSUPPORTED LIMITATION / DEFER DECISION,Removing the limitation text without a supporting source risks silently narrowing disclosed scope.,No limitation is accepted through packet preparation; confirming current text as governance would be current and non-retroactive only. Prohibited automatic correction: Ledger/readable-group self-proof.,Approve an independent source or preserve Not verified,"A future recording/validation prompt for KBDL-PRO-012's known limitation field, only after an explicit owner decision and separate validation.",Planning-agent validation of the recorded decision before any implementation action.,PENDING,PENDING,PENDING,SOURCE EVIDENCE REQUIRED,Shared with R16 LIMITATION_MISMATCH finding: derived Not-verified/excluded scope = 'not verified not verified'; exact normalized scope overlap = 'None' (limitation-scope-audit.csv).
SMR1-KL-0188,Known limitation,KBDL-PRO-013,Known limitation,Implementation-level profile behavior is not verified; no coded project profile exists yet to test against. Any exact Showcase card-variant or composition default remains new policy:,traceability-metadata.csv (candidate only),D — Evidence-owned,None,UNRESOLVED_FIELD_SOURCE,unresolved-field-sources.csv ; limitation-scope-audit.csv,VAL-006; VAL-005,KBDL-PRO-013,,,,,Not-verified/excluded scope relationship,No approach recommended; options only: PROVIDE APPROVED LIMITATION SOURCE / CONFIRM CURRENT LIMITATION AS CURRENT NON-RETROACTIVE GOVERNANCE / REVISE LIMITATION / REMOVE UNSUPPORTED LIMITATION / DEFER DECISION,Removing the limitation text without a supporting source risks silently narrowing disclosed scope.,No limitation is accepted through packet preparation; confirming current text as governance would be current and non-retroactive only. Prohibited automatic correction: Ledger/readable-group self-proof.,Approve an independent source or preserve Not verified,"A future recording/validation prompt for KBDL-PRO-013's known limitation field, only after an explicit owner decision and separate validation.",Planning-agent validation of the recorded decision before any implementation action.,PENDING,PENDING,PENDING,SOURCE EVIDENCE REQUIRED,Shared with R16 LIMITATION_MISMATCH finding: derived Not-verified/excluded scope = 'not verified not verified'; exact normalized scope overlap = 'None' (limitation-scope-audit.csv).
SMR1-KL-0189,Known limitation,KBDL-PRO-014,Known limitation,Implementation-level profile behavior is not verified; no coded project profile exists yet to test against. Any exact Precision density or component-variant default remains new policy:,traceability-metadata.csv (candidate only),D — Evidence-owned,None,UNRESOLVED_FIELD_SOURCE,unresolved-field-sources.csv ; limitation-scope-audit.csv,VAL-006; VAL-005,KBDL-PRO-014,,,,,Not-verified/excluded scope relationship,No approach recommended; options only: PROVIDE APPROVED LIMITATION SOURCE / CONFIRM CURRENT LIMITATION AS CURRENT NON-RETROACTIVE GOVERNANCE / REVISE LIMITATION / REMOVE UNSUPPORTED LIMITATION / DEFER DECISION,Removing the limitation text without a supporting source risks silently narrowing disclosed scope.,No limitation is accepted through packet preparation; confirming current text as governance would be current and non-retroactive only. Prohibited automatic correction: Ledger/readable-group self-proof.,Approve an independent source or preserve Not verified,"A future recording/validation prompt for KBDL-PRO-014's known limitation field, only after an explicit owner decision and separate validation.",Planning-agent validation of the recorded decision before any implementation action.,PENDING,PENDING,PENDING,SOURCE EVIDENCE REQUIRED,Shared with R16 LIMITATION_MISMATCH finding: derived Not-verified/excluded scope = 'not verified not verified'; exact normalized scope overlap = 'None' (limitation-scope-audit.csv).
SMR1-KL-0190,Known limitation,KBDL-PRO-015,Known limitation,Implementation-level profile behavior is not verified; no coded project profile exists yet to test against. Any exact Flow action-hierarchy or workflow-component default remains new policy:,traceability-metadata.csv (candidate only),D — Evidence-owned,None,UNRESOLVED_FIELD_SOURCE,unresolved-field-sources.csv ; limitation-scope-audit.csv,VAL-006; VAL-005,KBDL-PRO-015,,,,,Not-verified/excluded scope relationship,No approach recommended; options only: PROVIDE APPROVED LIMITATION SOURCE / CONFIRM CURRENT LIMITATION AS CURRENT NON-RETROACTIVE GOVERNANCE / REVISE LIMITATION / REMOVE UNSUPPORTED LIMITATION / DEFER DECISION,Removing the limitation text without a supporting source risks silently narrowing disclosed scope.,No limitation is accepted through packet preparation; confirming current text as governance would be current and non-retroactive only. Prohibited automatic correction: Ledger/readable-group self-proof.,Approve an independent source or preserve Not verified,"A future recording/validation prompt for KBDL-PRO-015's known limitation field, only after an explicit owner decision and separate validation.",Planning-agent validation of the recorded decision before any implementation action.,PENDING,PENDING,PENDING,SOURCE EVIDENCE REQUIRED,Shared with R16 LIMITATION_MISMATCH finding: derived Not-verified/excluded scope = 'not verified not verified'; exact normalized scope overlap = 'None' (limitation-scope-audit.csv).
SMR1-KL-0191,Known limitation,KBDL-PRO-019,Known limitation,Implementation-level profile behavior is not verified; no coded project profile exists yet to test against,traceability-metadata.csv (candidate only),D — Evidence-owned,None,UNRESOLVED_FIELD_SOURCE,unresolved-field-sources.csv ; limitation-scope-audit.csv,VAL-006; VAL-005,KBDL-PRO-019,,,,,Not-verified/excluded scope relationship,No approach recommended; options only: PROVIDE APPROVED LIMITATION SOURCE / CONFIRM CURRENT LIMITATION AS CURRENT NON-RETROACTIVE GOVERNANCE / REVISE LIMITATION / REMOVE UNSUPPORTED LIMITATION / DEFER DECISION,Removing the limitation text without a supporting source risks silently narrowing disclosed scope.,No limitation is accepted through packet preparation; confirming current text as governance would be current and non-retroactive only. Prohibited automatic correction: Ledger/readable-group self-proof.,Approve an independent source or preserve Not verified,"A future recording/validation prompt for KBDL-PRO-019's known limitation field, only after an explicit owner decision and separate validation.",Planning-agent validation of the recorded decision before any implementation action.,PENDING,PENDING,PENDING,SOURCE EVIDENCE REQUIRED,Shared with R16 LIMITATION_MISMATCH finding: derived Not-verified/excluded scope = 'not verified not verified'; exact normalized scope overlap = 'None' (limitation-scope-audit.csv).
SMR1-KL-0192,Known limitation,KBDL-PRO-020,Known limitation,Implementation-level profile behavior is not verified; no coded project profile exists yet to test against,traceability-metadata.csv (candidate only),D — Evidence-owned,None,UNRESOLVED_FIELD_SOURCE,unresolved-field-sources.csv ; limitation-scope-audit.csv,VAL-006; VAL-005,KBDL-PRO-020,,,,,Not-verified/excluded scope relationship,No approach recommended; options only: PROVIDE APPROVED LIMITATION SOURCE / CONFIRM CURRENT LIMITATION AS CURRENT NON-RETROACTIVE GOVERNANCE / REVISE LIMITATION / REMOVE UNSUPPORTED LIMITATION / DEFER DECISION,Removing the limitation text without a supporting source risks silently narrowing disclosed scope.,No limitation is accepted through packet preparation; confirming current text as governance would be current and non-retroactive only. Prohibited automatic correction: Ledger/readable-group self-proof.,Approve an independent source or preserve Not verified,"A future recording/validation prompt for KBDL-PRO-020's known limitation field, only after an explicit owner decision and separate validation.",Planning-agent validation of the recorded decision before any implementation action.,PENDING,PENDING,PENDING,SOURCE EVIDENCE REQUIRED,Shared with R16 LIMITATION_MISMATCH finding: derived Not-verified/excluded scope = 'not verified not verified'; exact normalized scope overlap = 'None' (limitation-scope-audit.csv).
SMR1-KL-0193,Known limitation,KBDL-PRO-021,Known limitation,Implementation-level profile behavior is not verified; no coded project profile exists yet to test against,traceability-metadata.csv (candidate only),D — Evidence-owned,None,UNRESOLVED_FIELD_SOURCE,unresolved-field-sources.csv ; limitation-scope-audit.csv,VAL-006; VAL-005,KBDL-PRO-021,,,,,Not-verified/excluded scope relationship,No approach recommended; options only: PROVIDE APPROVED LIMITATION SOURCE / CONFIRM CURRENT LIMITATION AS CURRENT NON-RETROACTIVE GOVERNANCE / REVISE LIMITATION / REMOVE UNSUPPORTED LIMITATION / DEFER DECISION,Removing the limitation text without a supporting source risks silently narrowing disclosed scope.,No limitation is accepted through packet preparation; confirming current text as governance would be current and non-retroactive only. Prohibited automatic correction: Ledger/readable-group self-proof.,Approve an independent source or preserve Not verified,"A future recording/validation prompt for KBDL-PRO-021's known limitation field, only after an explicit owner decision and separate validation.",Planning-agent validation of the recorded decision before any implementation action.,PENDING,PENDING,PENDING,SOURCE EVIDENCE REQUIRED,Shared with R16 LIMITATION_MISMATCH finding: derived Not-verified/excluded scope = 'not verified not verified'; exact normalized scope overlap = 'None' (limitation-scope-audit.csv).
SMR1-KL-0194,Known limitation,KBDL-PRO-022,Known limitation,Implementation-level profile behavior is not verified; no coded project profile exists yet to test against,traceability-metadata.csv (candidate only),D — Evidence-owned,None,UNRESOLVED_FIELD_SOURCE,unresolved-field-sources.csv ; limitation-scope-audit.csv,VAL-006; VAL-005,KBDL-PRO-022,,,,,Not-verified/excluded scope relationship,No approach recommended; options only: PROVIDE APPROVED LIMITATION SOURCE / CONFIRM CURRENT LIMITATION AS CURRENT NON-RETROACTIVE GOVERNANCE / REVISE LIMITATION / REMOVE UNSUPPORTED LIMITATION / DEFER DECISION,Removing the limitation text without a supporting source risks silently narrowing disclosed scope.,No limitation is accepted through packet preparation; confirming current text as governance would be current and non-retroactive only. Prohibited automatic correction: Ledger/readable-group self-proof.,Approve an independent source or preserve Not verified,"A future recording/validation prompt for KBDL-PRO-022's known limitation field, only after an explicit owner decision and separate validation.",Planning-agent validation of the recorded decision before any implementation action.,PENDING,PENDING,PENDING,SOURCE EVIDENCE REQUIRED,Shared with R16 LIMITATION_MISMATCH finding: derived Not-verified/excluded scope = 'not verified not verified'; exact normalized scope overlap = 'None' (limitation-scope-audit.csv).
SMR1-KL-0195,Known limitation,KBDL-PRO-023,Known limitation,Implementation-level profile behavior is not verified; no coded project profile exists yet to test against,traceability-metadata.csv (candidate only),D — Evidence-owned,None,UNRESOLVED_FIELD_SOURCE,unresolved-field-sources.csv ; limitation-scope-audit.csv,VAL-006; VAL-005,KBDL-PRO-023,,,,,Not-verified/excluded scope relationship,No approach recommended; options only: PROVIDE APPROVED LIMITATION SOURCE / CONFIRM CURRENT LIMITATION AS CURRENT NON-RETROACTIVE GOVERNANCE / REVISE LIMITATION / REMOVE UNSUPPORTED LIMITATION / DEFER DECISION,Removing the limitation text without a supporting source risks silently narrowing disclosed scope.,No limitation is accepted through packet preparation; confirming current text as governance would be current and non-retroactive only. Prohibited automatic correction: Ledger/readable-group self-proof.,Approve an independent source or preserve Not verified,"A future recording/validation prompt for KBDL-PRO-023's known limitation field, only after an explicit owner decision and separate validation.",Planning-agent validation of the recorded decision before any implementation action.,PENDING,PENDING,PENDING,SOURCE EVIDENCE REQUIRED,Shared with R16 LIMITATION_MISMATCH finding: derived Not-verified/excluded scope = 'not verified not verified'; exact normalized scope overlap = 'None' (limitation-scope-audit.csv).
SMR1-KL-0196,Known limitation,KBDL-PRO-024,Known limitation,Implementation-level profile behavior is not verified; no coded project profile exists yet to test against,traceability-metadata.csv (candidate only),D — Evidence-owned,None,UNRESOLVED_FIELD_SOURCE,unresolved-field-sources.csv ; limitation-scope-audit.csv,VAL-006; VAL-005,KBDL-PRO-024,,,,,Not-verified/excluded scope relationship,No approach recommended; options only: PROVIDE APPROVED LIMITATION SOURCE / CONFIRM CURRENT LIMITATION AS CURRENT NON-RETROACTIVE GOVERNANCE / REVISE LIMITATION / REMOVE UNSUPPORTED LIMITATION / DEFER DECISION,Removing the limitation text without a supporting source risks silently narrowing disclosed scope.,No limitation is accepted through packet preparation; confirming current text as governance would be current and non-retroactive only. Prohibited automatic correction: Ledger/readable-group self-proof.,Approve an independent source or preserve Not verified,"A future recording/validation prompt for KBDL-PRO-024's known limitation field, only after an explicit owner decision and separate validation.",Planning-agent validation of the recorded decision before any implementation action.,PENDING,PENDING,PENDING,SOURCE EVIDENCE REQUIRED,Shared with R16 LIMITATION_MISMATCH finding: derived Not-verified/excluded scope = 'not verified not verified'; exact normalized scope overlap = 'None' (limitation-scope-audit.csv).
SMR1-KL-0197,Known limitation,KBDL-RSP-001,Known limitation,Implementation-dependent; cannot be tested until a real layout exists,traceability-metadata.csv (candidate only),D — Evidence-owned,None,UNRESOLVED_FIELD_SOURCE,unresolved-field-sources.csv ; limitation-scope-audit.csv,VAL-006; VAL-005,KBDL-RSP-001,,,,,Not-verified/excluded scope relationship,No approach recommended; options only: PROVIDE APPROVED LIMITATION SOURCE / CONFIRM CURRENT LIMITATION AS CURRENT NON-RETROACTIVE GOVERNANCE / REVISE LIMITATION / REMOVE UNSUPPORTED LIMITATION / DEFER DECISION,Removing the limitation text without a supporting source risks silently narrowing disclosed scope.,No limitation is accepted through packet preparation; confirming current text as governance would be current and non-retroactive only. Prohibited automatic correction: Ledger/readable-group self-proof.,Approve an independent source or preserve Not verified,"A future recording/validation prompt for KBDL-RSP-001's known limitation field, only after an explicit owner decision and separate validation.",Planning-agent validation of the recorded decision before any implementation action.,PENDING,PENDING,PENDING,SOURCE EVIDENCE REQUIRED,Shared with R16 LIMITATION_MISMATCH finding: derived Not-verified/excluded scope = 'not verified not verified'; exact normalized scope overlap = 'None' (limitation-scope-audit.csv).
SMR1-VC-0055,Validation classification,KBDL-RSP-002,Validation classification,Not applicable,traceability-metadata.csv (candidate only),A — Normative-owned,None,UNRESOLVED_FIELD_SOURCE,unresolved-field-sources.csv,VAL-003; VAL-006,KBDL-RSP-002,,,,,Normative record,No approach recommended; options only: PROVIDE ORIGINAL OR APPROVED SOURCE / CONFIRM CURRENT CLASSIFICATION AS NEW CURRENT AUTHORITY / REVISE CLASSIFICATION / SET TO NOT VERIFIED / DEFER DECISION,Setting to Not verified is the most conservative alternative and requires no new authority.,Confirming current classification as new current authority would be current and non-retroactive; would not reconstruct historical approval; would not prove execution evidence; would not change lifecycle; would require a later recording and validation prompt. Prohibited automatic correction: Ledger/readable-group self-proof.,Approve an independent source or preserve Not verified,"A future recording/validation prompt for KBDL-RSP-002's validation classification field, only after an explicit owner decision and separate validation.",Planning-agent validation of the recorded decision before any implementation action.,PENDING,PENDING,PENDING,SOURCE EVIDENCE REQUIRED,
SMR1-VC-0056,Validation classification,KBDL-RSP-003,Validation classification,Not applicable,traceability-metadata.csv (candidate only),A — Normative-owned,None,UNRESOLVED_FIELD_SOURCE,unresolved-field-sources.csv,VAL-003; VAL-006,KBDL-RSP-003,,,,,Normative record,No approach recommended; options only: PROVIDE ORIGINAL OR APPROVED SOURCE / CONFIRM CURRENT CLASSIFICATION AS NEW CURRENT AUTHORITY / REVISE CLASSIFICATION / SET TO NOT VERIFIED / DEFER DECISION,Setting to Not verified is the most conservative alternative and requires no new authority.,Confirming current classification as new current authority would be current and non-retroactive; would not reconstruct historical approval; would not prove execution evidence; would not change lifecycle; would require a later recording and validation prompt. Prohibited automatic correction: Ledger/readable-group self-proof.,Approve an independent source or preserve Not verified,"A future recording/validation prompt for KBDL-RSP-003's validation classification field, only after an explicit owner decision and separate validation.",Planning-agent validation of the recorded decision before any implementation action.,PENDING,PENDING,PENDING,SOURCE EVIDENCE REQUIRED,
SMR1-VC-0057,Validation classification,KBDL-RSP-004,Validation classification,Not applicable,traceability-metadata.csv (candidate only),A — Normative-owned,None,UNRESOLVED_FIELD_SOURCE,unresolved-field-sources.csv,VAL-003; VAL-006,KBDL-RSP-004,,,,,Normative record,No approach recommended; options only: PROVIDE ORIGINAL OR APPROVED SOURCE / CONFIRM CURRENT CLASSIFICATION AS NEW CURRENT AUTHORITY / REVISE CLASSIFICATION / SET TO NOT VERIFIED / DEFER DECISION,Setting to Not verified is the most conservative alternative and requires no new authority.,Confirming current classification as new current authority would be current and non-retroactive; would not reconstruct historical approval; would not prove execution evidence; would not change lifecycle; would require a later recording and validation prompt. Prohibited automatic correction: Ledger/readable-group self-proof.,Approve an independent source or preserve Not verified,"A future recording/validation prompt for KBDL-RSP-004's validation classification field, only after an explicit owner decision and separate validation.",Planning-agent validation of the recorded decision before any implementation action.,PENDING,PENDING,PENDING,SOURCE EVIDENCE REQUIRED,
SMR1-VC-0058,Validation classification,KBDL-RSP-005,Validation classification,Not applicable,traceability-metadata.csv (candidate only),A — Normative-owned,None,UNRESOLVED_FIELD_SOURCE,unresolved-field-sources.csv,VAL-003; VAL-006,KBDL-RSP-005,,,,,Normative record,No approach recommended; options only: PROVIDE ORIGINAL OR APPROVED SOURCE / CONFIRM CURRENT CLASSIFICATION AS NEW CURRENT AUTHORITY / REVISE CLASSIFICATION / SET TO NOT VERIFIED / DEFER DECISION,Setting to Not verified is the most conservative alternative and requires no new authority.,Confirming current classification as new current authority would be current and non-retroactive; would not reconstruct historical approval; would not prove execution evidence; would not change lifecycle; would require a later recording and validation prompt. Prohibited automatic correction: Ledger/readable-group self-proof.,Approve an independent source or preserve Not verified,"A future recording/validation prompt for KBDL-RSP-005's validation classification field, only after an explicit owner decision and separate validation.",Planning-agent validation of the recorded decision before any implementation action.,PENDING,PENDING,PENDING,SOURCE EVIDENCE REQUIRED,
SMR1-AU-0019,Authority,KBDL-RSP-006,Authority,"Approved (directly restates WCAG 2.2 SC 1.4.10, Level AA)",traceability-metadata.csv (candidate only),B — Governance-owned,None,UNRESOLVED_FIELD_SOURCE,unresolved-field-sources.csv,VAL-003,KBDL-RSP-006,,,,,Authority graph,No approach recommended; options only: PROVIDE ORIGINAL OR APPROVED AUTHORITY / CONFIRM CURRENT NON-RETROACTIVE AUTHORITY / REVISE AUTHORITY EXPRESSION / REJECT AUTHORITY / DEFER DECISION,Rejecting the authority expression would require reclassifying dependent requirement text.,"Lifecycle status, ledger presence, and implementation history are not treated as authority under this packet's source-of-truth hierarchy. Prohibited automatic correction: Ledger/readable-group self-proof.",Approve an independent source or preserve Not verified,"A future recording/validation prompt for KBDL-RSP-006's authority field, only after an explicit owner decision and separate validation.",Planning-agent validation of the recorded decision before any implementation action.,PENDING,PENDING,PENDING,SOURCE EVIDENCE REQUIRED,
SMR1-KL-0198,Known limitation,KBDL-RSP-006,Known limitation,Implementation-dependent; cannot be tested until a real layout exists,traceability-metadata.csv (candidate only),D — Evidence-owned,None,UNRESOLVED_FIELD_SOURCE,unresolved-field-sources.csv ; limitation-scope-audit.csv,VAL-006; VAL-005,KBDL-RSP-006,,,,,Not-verified/excluded scope relationship,No approach recommended; options only: PROVIDE APPROVED LIMITATION SOURCE / CONFIRM CURRENT LIMITATION AS CURRENT NON-RETROACTIVE GOVERNANCE / REVISE LIMITATION / REMOVE UNSUPPORTED LIMITATION / DEFER DECISION,Removing the limitation text without a supporting source risks silently narrowing disclosed scope.,No limitation is accepted through packet preparation; confirming current text as governance would be current and non-retroactive only. Prohibited automatic correction: Ledger/readable-group self-proof.,Approve an independent source or preserve Not verified,"A future recording/validation prompt for KBDL-RSP-006's known limitation field, only after an explicit owner decision and separate validation.",Planning-agent validation of the recorded decision before any implementation action.,PENDING,PENDING,PENDING,SOURCE EVIDENCE REQUIRED,Shared with R16 LIMITATION_MISMATCH finding: derived Not-verified/excluded scope = 'not verified not verified'; exact normalized scope overlap = 'None' (limitation-scope-audit.csv).
SMR1-KL-0199,Known limitation,KBDL-RSP-007,Known limitation,Implementation-dependent; cannot be tested until a real layout exists,traceability-metadata.csv (candidate only),D — Evidence-owned,None,UNRESOLVED_FIELD_SOURCE,unresolved-field-sources.csv ; limitation-scope-audit.csv,VAL-006; VAL-005,KBDL-RSP-007,,,,,Not-verified/excluded scope relationship,No approach recommended; options only: PROVIDE APPROVED LIMITATION SOURCE / CONFIRM CURRENT LIMITATION AS CURRENT NON-RETROACTIVE GOVERNANCE / REVISE LIMITATION / REMOVE UNSUPPORTED LIMITATION / DEFER DECISION,Removing the limitation text without a supporting source risks silently narrowing disclosed scope.,No limitation is accepted through packet preparation; confirming current text as governance would be current and non-retroactive only. Prohibited automatic correction: Ledger/readable-group self-proof.,Approve an independent source or preserve Not verified,"A future recording/validation prompt for KBDL-RSP-007's known limitation field, only after an explicit owner decision and separate validation.",Planning-agent validation of the recorded decision before any implementation action.,PENDING,PENDING,PENDING,SOURCE EVIDENCE REQUIRED,Shared with R16 LIMITATION_MISMATCH finding: derived Not-verified/excluded scope = 'not verified not verified'; exact normalized scope overlap = 'None' (limitation-scope-audit.csv).
SMR1-KL-0200,Known limitation,KBDL-RSP-008,Known limitation,Exact collapse thresholds and per-project column-priority rules remain qualitative pending implementation-level review,traceability-metadata.csv (candidate only),D — Evidence-owned,None,UNRESOLVED_FIELD_SOURCE,unresolved-field-sources.csv ; limitation-scope-audit.csv,VAL-006; VAL-005,KBDL-RSP-008,,,,,Not-verified/excluded scope relationship,No approach recommended; options only: PROVIDE APPROVED LIMITATION SOURCE / CONFIRM CURRENT LIMITATION AS CURRENT NON-RETROACTIVE GOVERNANCE / REVISE LIMITATION / REMOVE UNSUPPORTED LIMITATION / DEFER DECISION,Removing the limitation text without a supporting source risks silently narrowing disclosed scope.,No limitation is accepted through packet preparation; confirming current text as governance would be current and non-retroactive only. Prohibited automatic correction: Ledger/readable-group self-proof.,Approve an independent source or preserve Not verified,"A future recording/validation prompt for KBDL-RSP-008's known limitation field, only after an explicit owner decision and separate validation.",Planning-agent validation of the recorded decision before any implementation action.,PENDING,PENDING,PENDING,SOURCE EVIDENCE REQUIRED,Shared with R16 LIMITATION_MISMATCH finding: derived Not-verified/excluded scope = 'not verified not verified'; exact normalized scope overlap = 'None' (limitation-scope-audit.csv).
SMR1-KL-0201,Known limitation,KBDL-RSP-009,Known limitation,Exact collapse thresholds and per-project column-priority rules remain qualitative pending implementation-level review,traceability-metadata.csv (candidate only),D — Evidence-owned,None,UNRESOLVED_FIELD_SOURCE,unresolved-field-sources.csv ; limitation-scope-audit.csv,VAL-006; VAL-005,KBDL-RSP-009,,,,,Not-verified/excluded scope relationship,No approach recommended; options only: PROVIDE APPROVED LIMITATION SOURCE / CONFIRM CURRENT LIMITATION AS CURRENT NON-RETROACTIVE GOVERNANCE / REVISE LIMITATION / REMOVE UNSUPPORTED LIMITATION / DEFER DECISION,Removing the limitation text without a supporting source risks silently narrowing disclosed scope.,No limitation is accepted through packet preparation; confirming current text as governance would be current and non-retroactive only. Prohibited automatic correction: Ledger/readable-group self-proof.,Approve an independent source or preserve Not verified,"A future recording/validation prompt for KBDL-RSP-009's known limitation field, only after an explicit owner decision and separate validation.",Planning-agent validation of the recorded decision before any implementation action.,PENDING,PENDING,PENDING,SOURCE EVIDENCE REQUIRED,Shared with R16 LIMITATION_MISMATCH finding: derived Not-verified/excluded scope = 'not verified not verified'; exact normalized scope overlap = 'None' (limitation-scope-audit.csv).
SMR1-KL-0202,Known limitation,KBDL-RSP-010,Known limitation,Exact collapse thresholds and per-project column-priority rules remain qualitative pending implementation-level review,traceability-metadata.csv (candidate only),D — Evidence-owned,None,UNRESOLVED_FIELD_SOURCE,unresolved-field-sources.csv ; limitation-scope-audit.csv,VAL-006; VAL-005,KBDL-RSP-010,,,,,Not-verified/excluded scope relationship,No approach recommended; options only: PROVIDE APPROVED LIMITATION SOURCE / CONFIRM CURRENT LIMITATION AS CURRENT NON-RETROACTIVE GOVERNANCE / REVISE LIMITATION / REMOVE UNSUPPORTED LIMITATION / DEFER DECISION,Removing the limitation text without a supporting source risks silently narrowing disclosed scope.,No limitation is accepted through packet preparation; confirming current text as governance would be current and non-retroactive only. Prohibited automatic correction: Ledger/readable-group self-proof.,Approve an independent source or preserve Not verified,"A future recording/validation prompt for KBDL-RSP-010's known limitation field, only after an explicit owner decision and separate validation.",Planning-agent validation of the recorded decision before any implementation action.,PENDING,PENDING,PENDING,SOURCE EVIDENCE REQUIRED,Shared with R16 LIMITATION_MISMATCH finding: derived Not-verified/excluded scope = 'not verified not verified'; exact normalized scope overlap = 'None' (limitation-scope-audit.csv).
SMR1-KL-0203,Known limitation,KBDL-RSP-011,Known limitation,Exact collapse thresholds and per-project column-priority rules remain qualitative pending implementation-level review,traceability-metadata.csv (candidate only),D — Evidence-owned,None,UNRESOLVED_FIELD_SOURCE,unresolved-field-sources.csv ; limitation-scope-audit.csv,VAL-006; VAL-005,KBDL-RSP-011,,,,,Not-verified/excluded scope relationship,No approach recommended; options only: PROVIDE APPROVED LIMITATION SOURCE / CONFIRM CURRENT LIMITATION AS CURRENT NON-RETROACTIVE GOVERNANCE / REVISE LIMITATION / REMOVE UNSUPPORTED LIMITATION / DEFER DECISION,Removing the limitation text without a supporting source risks silently narrowing disclosed scope.,No limitation is accepted through packet preparation; confirming current text as governance would be current and non-retroactive only. Prohibited automatic correction: Ledger/readable-group self-proof.,Approve an independent source or preserve Not verified,"A future recording/validation prompt for KBDL-RSP-011's known limitation field, only after an explicit owner decision and separate validation.",Planning-agent validation of the recorded decision before any implementation action.,PENDING,PENDING,PENDING,SOURCE EVIDENCE REQUIRED,Shared with R16 LIMITATION_MISMATCH finding: derived Not-verified/excluded scope = 'not verified not verified'; exact normalized scope overlap = 'None' (limitation-scope-audit.csv).
SMR1-KL-0204,Known limitation,KBDL-RSP-012,Known limitation,Exact collapse thresholds and per-project column-priority rules remain qualitative pending implementation-level review,traceability-metadata.csv (candidate only),D — Evidence-owned,None,UNRESOLVED_FIELD_SOURCE,unresolved-field-sources.csv ; limitation-scope-audit.csv,VAL-006; VAL-005,KBDL-RSP-012,,,,,Not-verified/excluded scope relationship,No approach recommended; options only: PROVIDE APPROVED LIMITATION SOURCE / CONFIRM CURRENT LIMITATION AS CURRENT NON-RETROACTIVE GOVERNANCE / REVISE LIMITATION / REMOVE UNSUPPORTED LIMITATION / DEFER DECISION,Removing the limitation text without a supporting source risks silently narrowing disclosed scope.,No limitation is accepted through packet preparation; confirming current text as governance would be current and non-retroactive only. Prohibited automatic correction: Ledger/readable-group self-proof.,Approve an independent source or preserve Not verified,"A future recording/validation prompt for KBDL-RSP-012's known limitation field, only after an explicit owner decision and separate validation.",Planning-agent validation of the recorded decision before any implementation action.,PENDING,PENDING,PENDING,SOURCE EVIDENCE REQUIRED,Shared with R16 LIMITATION_MISMATCH finding: derived Not-verified/excluded scope = 'not verified not verified'; exact normalized scope overlap = 'None' (limitation-scope-audit.csv).
SMR1-AU-0020,Authority,KBDL-RSP-013,Authority,"Approved (directly restates WCAG 2.2 SC 2.4.11, Level AA)",traceability-metadata.csv (candidate only),B — Governance-owned,None,UNRESOLVED_FIELD_SOURCE,unresolved-field-sources.csv,VAL-003,KBDL-RSP-013,,,,,Authority graph,No approach recommended; options only: PROVIDE ORIGINAL OR APPROVED AUTHORITY / CONFIRM CURRENT NON-RETROACTIVE AUTHORITY / REVISE AUTHORITY EXPRESSION / REJECT AUTHORITY / DEFER DECISION,Rejecting the authority expression would require reclassifying dependent requirement text.,"Lifecycle status, ledger presence, and implementation history are not treated as authority under this packet's source-of-truth hierarchy. Prohibited automatic correction: Ledger/readable-group self-proof.",Approve an independent source or preserve Not verified,"A future recording/validation prompt for KBDL-RSP-013's authority field, only after an explicit owner decision and separate validation.",Planning-agent validation of the recorded decision before any implementation action.,PENDING,PENDING,PENDING,SOURCE EVIDENCE REQUIRED,
SMR1-KL-0205,Known limitation,KBDL-RSP-013,Known limitation,Implementation- and device-dependent,traceability-metadata.csv (candidate only),D — Evidence-owned,None,UNRESOLVED_FIELD_SOURCE,unresolved-field-sources.csv ; limitation-scope-audit.csv,VAL-006; VAL-005,KBDL-RSP-013,,,,,Not-verified/excluded scope relationship,No approach recommended; options only: PROVIDE APPROVED LIMITATION SOURCE / CONFIRM CURRENT LIMITATION AS CURRENT NON-RETROACTIVE GOVERNANCE / REVISE LIMITATION / REMOVE UNSUPPORTED LIMITATION / DEFER DECISION,Removing the limitation text without a supporting source risks silently narrowing disclosed scope.,No limitation is accepted through packet preparation; confirming current text as governance would be current and non-retroactive only. Prohibited automatic correction: Ledger/readable-group self-proof.,Approve an independent source or preserve Not verified,"A future recording/validation prompt for KBDL-RSP-013's known limitation field, only after an explicit owner decision and separate validation.",Planning-agent validation of the recorded decision before any implementation action.,PENDING,PENDING,PENDING,SOURCE EVIDENCE REQUIRED,Shared with R16 LIMITATION_MISMATCH finding: derived Not-verified/excluded scope = 'not verified not verified'; exact normalized scope overlap = 'None' (limitation-scope-audit.csv).
SMR1-VC-0059,Validation classification,KBDL-RSP-014,Validation classification,Not verified,traceability-metadata.csv (candidate only),A — Normative-owned,None,UNRESOLVED_FIELD_SOURCE,unresolved-field-sources.csv,VAL-003; VAL-006,KBDL-RSP-014,,,,,Normative record,No approach recommended; options only: PROVIDE ORIGINAL OR APPROVED SOURCE / CONFIRM CURRENT CLASSIFICATION AS NEW CURRENT AUTHORITY / REVISE CLASSIFICATION / SET TO NOT VERIFIED / DEFER DECISION,Setting to Not verified is the most conservative alternative and requires no new authority.,Confirming current classification as new current authority would be current and non-retroactive; would not reconstruct historical approval; would not prove execution evidence; would not change lifecycle; would require a later recording and validation prompt. Prohibited automatic correction: Ledger/readable-group self-proof.,Approve an independent source or preserve Not verified,"A future recording/validation prompt for KBDL-RSP-014's validation classification field, only after an explicit owner decision and separate validation.",Planning-agent validation of the recorded decision before any implementation action.,PENDING,PENDING,PENDING,SOURCE EVIDENCE REQUIRED,
SMR1-KL-0206,Known limitation,KBDL-RSP-014,Known limitation,Implementation- and device-dependent,traceability-metadata.csv (candidate only),D — Evidence-owned,None,UNRESOLVED_FIELD_SOURCE,unresolved-field-sources.csv ; limitation-scope-audit.csv,VAL-006; VAL-005,KBDL-RSP-014,,,,,Not-verified/excluded scope relationship,No approach recommended; options only: PROVIDE APPROVED LIMITATION SOURCE / CONFIRM CURRENT LIMITATION AS CURRENT NON-RETROACTIVE GOVERNANCE / REVISE LIMITATION / REMOVE UNSUPPORTED LIMITATION / DEFER DECISION,Removing the limitation text without a supporting source risks silently narrowing disclosed scope.,No limitation is accepted through packet preparation; confirming current text as governance would be current and non-retroactive only. Prohibited automatic correction: Ledger/readable-group self-proof.,Approve an independent source or preserve Not verified,"A future recording/validation prompt for KBDL-RSP-014's known limitation field, only after an explicit owner decision and separate validation.",Planning-agent validation of the recorded decision before any implementation action.,PENDING,PENDING,PENDING,SOURCE EVIDENCE REQUIRED,Shared with R16 LIMITATION_MISMATCH finding: derived Not-verified/excluded scope = 'not verified not verified'; exact normalized scope overlap = 'None' (limitation-scope-audit.csv).
SMR1-KL-0207,Known limitation,KBDL-RSP-015,Known limitation,Implementation-dependent; cannot be tested until a real layout exists,traceability-metadata.csv (candidate only),D — Evidence-owned,None,UNRESOLVED_FIELD_SOURCE,unresolved-field-sources.csv ; limitation-scope-audit.csv,VAL-006; VAL-005,KBDL-RSP-015,,,,,Not-verified/excluded scope relationship,No approach recommended; options only: PROVIDE APPROVED LIMITATION SOURCE / CONFIRM CURRENT LIMITATION AS CURRENT NON-RETROACTIVE GOVERNANCE / REVISE LIMITATION / REMOVE UNSUPPORTED LIMITATION / DEFER DECISION,Removing the limitation text without a supporting source risks silently narrowing disclosed scope.,No limitation is accepted through packet preparation; confirming current text as governance would be current and non-retroactive only. Prohibited automatic correction: Ledger/readable-group self-proof.,Approve an independent source or preserve Not verified,"A future recording/validation prompt for KBDL-RSP-015's known limitation field, only after an explicit owner decision and separate validation.",Planning-agent validation of the recorded decision before any implementation action.,PENDING,PENDING,PENDING,SOURCE EVIDENCE REQUIRED,Shared with R16 LIMITATION_MISMATCH finding: derived Not-verified/excluded scope = 'not verified not verified'; exact normalized scope overlap = 'None' (limitation-scope-audit.csv).
SMR1-KL-0208,Known limitation,KBDL-RSP-016,Known limitation,Implementation-dependent; cannot be tested until a real layout exists,traceability-metadata.csv (candidate only),D — Evidence-owned,None,UNRESOLVED_FIELD_SOURCE,unresolved-field-sources.csv ; limitation-scope-audit.csv,VAL-006; VAL-005,KBDL-RSP-016,,,,,Not-verified/excluded scope relationship,No approach recommended; options only: PROVIDE APPROVED LIMITATION SOURCE / CONFIRM CURRENT LIMITATION AS CURRENT NON-RETROACTIVE GOVERNANCE / REVISE LIMITATION / REMOVE UNSUPPORTED LIMITATION / DEFER DECISION,Removing the limitation text without a supporting source risks silently narrowing disclosed scope.,No limitation is accepted through packet preparation; confirming current text as governance would be current and non-retroactive only. Prohibited automatic correction: Ledger/readable-group self-proof.,Approve an independent source or preserve Not verified,"A future recording/validation prompt for KBDL-RSP-016's known limitation field, only after an explicit owner decision and separate validation.",Planning-agent validation of the recorded decision before any implementation action.,PENDING,PENDING,PENDING,SOURCE EVIDENCE REQUIRED,Shared with R16 LIMITATION_MISMATCH finding: derived Not-verified/excluded scope = 'not verified not verified'; exact normalized scope overlap = 'None' (limitation-scope-audit.csv).
SMR1-KL-0209,Known limitation,KBDL-RSP-017,Known limitation,Implementation- and device-dependent,traceability-metadata.csv (candidate only),D — Evidence-owned,None,UNRESOLVED_FIELD_SOURCE,unresolved-field-sources.csv ; limitation-scope-audit.csv,VAL-006; VAL-005,KBDL-RSP-017,,,,,Not-verified/excluded scope relationship,No approach recommended; options only: PROVIDE APPROVED LIMITATION SOURCE / CONFIRM CURRENT LIMITATION AS CURRENT NON-RETROACTIVE GOVERNANCE / REVISE LIMITATION / REMOVE UNSUPPORTED LIMITATION / DEFER DECISION,Removing the limitation text without a supporting source risks silently narrowing disclosed scope.,No limitation is accepted through packet preparation; confirming current text as governance would be current and non-retroactive only. Prohibited automatic correction: Ledger/readable-group self-proof.,Approve an independent source or preserve Not verified,"A future recording/validation prompt for KBDL-RSP-017's known limitation field, only after an explicit owner decision and separate validation.",Planning-agent validation of the recorded decision before any implementation action.,PENDING,PENDING,PENDING,SOURCE EVIDENCE REQUIRED,Shared with R16 LIMITATION_MISMATCH finding: derived Not-verified/excluded scope = 'not verified not verified'; exact normalized scope overlap = 'None' (limitation-scope-audit.csv).
SMR1-KL-0210,Known limitation,KBDL-RSP-018,Known limitation,Implementation- and device-dependent,traceability-metadata.csv (candidate only),D — Evidence-owned,None,UNRESOLVED_FIELD_SOURCE,unresolved-field-sources.csv ; limitation-scope-audit.csv,VAL-006; VAL-005,KBDL-RSP-018,,,,,Not-verified/excluded scope relationship,No approach recommended; options only: PROVIDE APPROVED LIMITATION SOURCE / CONFIRM CURRENT LIMITATION AS CURRENT NON-RETROACTIVE GOVERNANCE / REVISE LIMITATION / REMOVE UNSUPPORTED LIMITATION / DEFER DECISION,Removing the limitation text without a supporting source risks silently narrowing disclosed scope.,No limitation is accepted through packet preparation; confirming current text as governance would be current and non-retroactive only. Prohibited automatic correction: Ledger/readable-group self-proof.,Approve an independent source or preserve Not verified,"A future recording/validation prompt for KBDL-RSP-018's known limitation field, only after an explicit owner decision and separate validation.",Planning-agent validation of the recorded decision before any implementation action.,PENDING,PENDING,PENDING,SOURCE EVIDENCE REQUIRED,Shared with R16 LIMITATION_MISMATCH finding: derived Not-verified/excluded scope = 'not verified not verified'; exact normalized scope overlap = 'None' (limitation-scope-audit.csv).
SMR1-AU-0021,Authority,KBDL-RSP-019,Authority,"Approved (directly restates WCAG 2.2 SC 1.4.13, Level AA)",traceability-metadata.csv (candidate only),B — Governance-owned,None,UNRESOLVED_FIELD_SOURCE,unresolved-field-sources.csv,VAL-003,KBDL-RSP-019,,,,,Authority graph,No approach recommended; options only: PROVIDE ORIGINAL OR APPROVED AUTHORITY / CONFIRM CURRENT NON-RETROACTIVE AUTHORITY / REVISE AUTHORITY EXPRESSION / REJECT AUTHORITY / DEFER DECISION,Rejecting the authority expression would require reclassifying dependent requirement text.,"Lifecycle status, ledger presence, and implementation history are not treated as authority under this packet's source-of-truth hierarchy. Prohibited automatic correction: Ledger/readable-group self-proof.",Approve an independent source or preserve Not verified,"A future recording/validation prompt for KBDL-RSP-019's authority field, only after an explicit owner decision and separate validation.",Planning-agent validation of the recorded decision before any implementation action.,PENDING,PENDING,PENDING,SOURCE EVIDENCE REQUIRED,
SMR1-KL-0211,Known limitation,KBDL-RSP-019,Known limitation,Implementation- and device-dependent,traceability-metadata.csv (candidate only),D — Evidence-owned,None,UNRESOLVED_FIELD_SOURCE,unresolved-field-sources.csv ; limitation-scope-audit.csv,VAL-006; VAL-005,KBDL-RSP-019,,,,,Not-verified/excluded scope relationship,No approach recommended; options only: PROVIDE APPROVED LIMITATION SOURCE / CONFIRM CURRENT LIMITATION AS CURRENT NON-RETROACTIVE GOVERNANCE / REVISE LIMITATION / REMOVE UNSUPPORTED LIMITATION / DEFER DECISION,Removing the limitation text without a supporting source risks silently narrowing disclosed scope.,No limitation is accepted through packet preparation; confirming current text as governance would be current and non-retroactive only. Prohibited automatic correction: Ledger/readable-group self-proof.,Approve an independent source or preserve Not verified,"A future recording/validation prompt for KBDL-RSP-019's known limitation field, only after an explicit owner decision and separate validation.",Planning-agent validation of the recorded decision before any implementation action.,PENDING,PENDING,PENDING,SOURCE EVIDENCE REQUIRED,Shared with R16 LIMITATION_MISMATCH finding: derived Not-verified/excluded scope = 'not verified not verified'; exact normalized scope overlap = 'None' (limitation-scope-audit.csv).
SMR1-KL-0212,Known limitation,KBDL-RSP-020,Known limitation,Implementation-dependent; cannot be tested until a real layout exists,traceability-metadata.csv (candidate only),D — Evidence-owned,None,UNRESOLVED_FIELD_SOURCE,unresolved-field-sources.csv ; limitation-scope-audit.csv,VAL-006; VAL-005,KBDL-RSP-020,,,,,Not-verified/excluded scope relationship,No approach recommended; options only: PROVIDE APPROVED LIMITATION SOURCE / CONFIRM CURRENT LIMITATION AS CURRENT NON-RETROACTIVE GOVERNANCE / REVISE LIMITATION / REMOVE UNSUPPORTED LIMITATION / DEFER DECISION,Removing the limitation text without a supporting source risks silently narrowing disclosed scope.,No limitation is accepted through packet preparation; confirming current text as governance would be current and non-retroactive only. Prohibited automatic correction: Ledger/readable-group self-proof.,Approve an independent source or preserve Not verified,"A future recording/validation prompt for KBDL-RSP-020's known limitation field, only after an explicit owner decision and separate validation.",Planning-agent validation of the recorded decision before any implementation action.,PENDING,PENDING,PENDING,SOURCE EVIDENCE REQUIRED,Shared with R16 LIMITATION_MISMATCH finding: derived Not-verified/excluded scope = 'not verified not verified'; exact normalized scope overlap = 'None' (limitation-scope-audit.csv).
SMR1-KL-0213,Known limitation,KBDL-RSP-021,Known limitation,Performance claims cannot be Verified without a real implementation to measure,traceability-metadata.csv (candidate only),D — Evidence-owned,None,UNRESOLVED_FIELD_SOURCE,unresolved-field-sources.csv ; limitation-scope-audit.csv,VAL-006; VAL-005,KBDL-RSP-021,,,,,Not-verified/excluded scope relationship,No approach recommended; options only: PROVIDE APPROVED LIMITATION SOURCE / CONFIRM CURRENT LIMITATION AS CURRENT NON-RETROACTIVE GOVERNANCE / REVISE LIMITATION / REMOVE UNSUPPORTED LIMITATION / DEFER DECISION,Removing the limitation text without a supporting source risks silently narrowing disclosed scope.,No limitation is accepted through packet preparation; confirming current text as governance would be current and non-retroactive only. Prohibited automatic correction: Ledger/readable-group self-proof.,Approve an independent source or preserve Not verified,"A future recording/validation prompt for KBDL-RSP-021's known limitation field, only after an explicit owner decision and separate validation.",Planning-agent validation of the recorded decision before any implementation action.,PENDING,PENDING,PENDING,SOURCE EVIDENCE REQUIRED,Shared with R16 LIMITATION_MISMATCH finding: derived Not-verified/excluded scope = 'not verified not verified'; exact normalized scope overlap = 'None' (limitation-scope-audit.csv).
SMR1-KL-0214,Known limitation,KBDL-RSP-022,Known limitation,Performance claims cannot be Verified without a real implementation to measure,traceability-metadata.csv (candidate only),D — Evidence-owned,None,UNRESOLVED_FIELD_SOURCE,unresolved-field-sources.csv ; limitation-scope-audit.csv,VAL-006; VAL-005,KBDL-RSP-022,,,,,Not-verified/excluded scope relationship,No approach recommended; options only: PROVIDE APPROVED LIMITATION SOURCE / CONFIRM CURRENT LIMITATION AS CURRENT NON-RETROACTIVE GOVERNANCE / REVISE LIMITATION / REMOVE UNSUPPORTED LIMITATION / DEFER DECISION,Removing the limitation text without a supporting source risks silently narrowing disclosed scope.,No limitation is accepted through packet preparation; confirming current text as governance would be current and non-retroactive only. Prohibited automatic correction: Ledger/readable-group self-proof.,Approve an independent source or preserve Not verified,"A future recording/validation prompt for KBDL-RSP-022's known limitation field, only after an explicit owner decision and separate validation.",Planning-agent validation of the recorded decision before any implementation action.,PENDING,PENDING,PENDING,SOURCE EVIDENCE REQUIRED,Shared with R16 LIMITATION_MISMATCH finding: derived Not-verified/excluded scope = 'not verified not verified'; exact normalized scope overlap = 'None' (limitation-scope-audit.csv).
SMR1-KL-0215,Known limitation,KBDL-THM-001,Known limitation,Cannot be fully validated until component modules (CMP) exist,traceability-metadata.csv (candidate only),D — Evidence-owned,None,UNRESOLVED_FIELD_SOURCE,unresolved-field-sources.csv ; limitation-scope-audit.csv,VAL-006; VAL-005,KBDL-THM-001,,,,,Not-verified/excluded scope relationship,No approach recommended; options only: PROVIDE APPROVED LIMITATION SOURCE / CONFIRM CURRENT LIMITATION AS CURRENT NON-RETROACTIVE GOVERNANCE / REVISE LIMITATION / REMOVE UNSUPPORTED LIMITATION / DEFER DECISION,Removing the limitation text without a supporting source risks silently narrowing disclosed scope.,No limitation is accepted through packet preparation; confirming current text as governance would be current and non-retroactive only. Prohibited automatic correction: Ledger/readable-group self-proof.,Approve an independent source or preserve Not verified,"A future recording/validation prompt for KBDL-THM-001's known limitation field, only after an explicit owner decision and separate validation.",Planning-agent validation of the recorded decision before any implementation action.,PENDING,PENDING,PENDING,SOURCE EVIDENCE REQUIRED,Shared with R16 LIMITATION_MISMATCH finding: derived Not-verified/excluded scope = 'not verified not verified'; exact normalized scope overlap = 'None' (limitation-scope-audit.csv).
SMR1-VE-0005,Validation evidence,KBDL-THM-002,Validation evidence,"Parity matrix in themes/semantic-roles.md § Parity Matrix — 72 unique roles, 72 light mappings, 72 dark mappings, 1 role-level alias (corrected under KBDL-004-R3, previously miscounted as 2), 0 unresolved; recorded in the KBDL-004-R3 commit. The KBDL-004-R1 re-run found and fixed a real table-formatting defect (an inserted paragraph had broken the Status Families table in light-theme.md §5, orphaning its ""Neutral status"" row)",traceability-metadata.csv (candidate only),D — Evidence-owned,None,UNRESOLVED_FIELD_SOURCE,unresolved-field-sources.csv ; evidence-scope-audit.csv,VAL-004,KBDL-THM-002,,,,,Resolved evidence/classification relationship,No approach recommended; options only: PROVIDE ORIGINAL EVIDENCE MANIFEST / CONFIRM SCOPE MAPPING / REVISE EVIDENCE CITATION / SET TO NOT VERIFIED / DEFER DECISION,Setting to Not verified avoids relying on unscoped shared evidence text.,Owner choices may authorize later evidence work; this packet does not execute it. Prohibited automatic correction: Ledger/readable-group self-proof.,Approve an independent source or preserve Not verified,"A future recording/validation prompt for KBDL-THM-002's validation evidence field, only after an explicit owner decision and separate validation.",Planning-agent validation of the recorded decision before any implementation action.,PENDING,PENDING,PENDING,SOURCE EVIDENCE REQUIRED,Shared with R16 EVIDENCE_SCOPE_RELATIONSHIP finding: resolved artifact does not name this requirement or an approved shared validation scope (evidence-scope-audit.csv).
SMR1-KL-0216,Known limitation,KBDL-THM-003,Known limitation,Cannot be validated until an implementation exists,traceability-metadata.csv (candidate only),D — Evidence-owned,None,UNRESOLVED_FIELD_SOURCE,unresolved-field-sources.csv ; limitation-scope-audit.csv,VAL-006; VAL-005,KBDL-THM-003,,,,,Not-verified/excluded scope relationship,No approach recommended; options only: PROVIDE APPROVED LIMITATION SOURCE / CONFIRM CURRENT LIMITATION AS CURRENT NON-RETROACTIVE GOVERNANCE / REVISE LIMITATION / REMOVE UNSUPPORTED LIMITATION / DEFER DECISION,Removing the limitation text without a supporting source risks silently narrowing disclosed scope.,No limitation is accepted through packet preparation; confirming current text as governance would be current and non-retroactive only. Prohibited automatic correction: Ledger/readable-group self-proof.,Approve an independent source or preserve Not verified,"A future recording/validation prompt for KBDL-THM-003's known limitation field, only after an explicit owner decision and separate validation.",Planning-agent validation of the recorded decision before any implementation action.,PENDING,PENDING,PENDING,SOURCE EVIDENCE REQUIRED,Shared with R16 LIMITATION_MISMATCH finding: derived Not-verified/excluded scope = 'not verified not verified'; exact normalized scope overlap = 'None' (limitation-scope-audit.csv).
SMR1-KL-0217,Known limitation,KBDL-THM-005,Known limitation,Cannot be fully validated until PRO requirements exist,traceability-metadata.csv (candidate only),D — Evidence-owned,None,UNRESOLVED_FIELD_SOURCE,unresolved-field-sources.csv ; limitation-scope-audit.csv,VAL-006; VAL-005,KBDL-THM-005,,,,,Not-verified/excluded scope relationship,No approach recommended; options only: PROVIDE APPROVED LIMITATION SOURCE / CONFIRM CURRENT LIMITATION AS CURRENT NON-RETROACTIVE GOVERNANCE / REVISE LIMITATION / REMOVE UNSUPPORTED LIMITATION / DEFER DECISION,Removing the limitation text without a supporting source risks silently narrowing disclosed scope.,No limitation is accepted through packet preparation; confirming current text as governance would be current and non-retroactive only. Prohibited automatic correction: Ledger/readable-group self-proof.,Approve an independent source or preserve Not verified,"A future recording/validation prompt for KBDL-THM-005's known limitation field, only after an explicit owner decision and separate validation.",Planning-agent validation of the recorded decision before any implementation action.,PENDING,PENDING,PENDING,SOURCE EVIDENCE REQUIRED,Shared with R16 LIMITATION_MISMATCH finding: derived Not-verified/excluded scope = 'not verified not verified'; exact normalized scope overlap = 'None' (limitation-scope-audit.csv).
SMR1-KL-0218,Known limitation,KBDL-THM-006,Known limitation,Cannot be fully validated until PRO requirements exist,traceability-metadata.csv (candidate only),D — Evidence-owned,None,UNRESOLVED_FIELD_SOURCE,unresolved-field-sources.csv ; limitation-scope-audit.csv,VAL-006; VAL-005,KBDL-THM-006,,,,,Not-verified/excluded scope relationship,No approach recommended; options only: PROVIDE APPROVED LIMITATION SOURCE / CONFIRM CURRENT LIMITATION AS CURRENT NON-RETROACTIVE GOVERNANCE / REVISE LIMITATION / REMOVE UNSUPPORTED LIMITATION / DEFER DECISION,Removing the limitation text without a supporting source risks silently narrowing disclosed scope.,No limitation is accepted through packet preparation; confirming current text as governance would be current and non-retroactive only. Prohibited automatic correction: Ledger/readable-group self-proof.,Approve an independent source or preserve Not verified,"A future recording/validation prompt for KBDL-THM-006's known limitation field, only after an explicit owner decision and separate validation.",Planning-agent validation of the recorded decision before any implementation action.,PENDING,PENDING,PENDING,SOURCE EVIDENCE REQUIRED,Shared with R16 LIMITATION_MISMATCH finding: derived Not-verified/excluded scope = 'not verified not verified'; exact normalized scope overlap = 'None' (limitation-scope-audit.csv).
SMR1-VE-0006,Validation evidence,KBDL-THM-007,Validation evidence,"themes/validation.md §3 — 52 pairs tested, all opaque, all passing their applicable threshold except 4 explicitly decorative-exempt borders/gridlines. The two Informational failures identified in the original KBDL-004 report (3.78:1, 4.21:1) are resolved by a revised hue (#164499) for the Text/Icon/Border/Strong-surface roles, with neutral-10 correctly retained for On-strong-surface content (role assignment corrected under KBDL-004-R2) — see adaptation.md §5.2. The Media caption row was corrected under KBDL-004-R2 to describe a fully opaque neutral-100 band (17.17:1 is directly correct for this pair, not inherited or assumed)",traceability-metadata.csv (candidate only),D — Evidence-owned,None,UNRESOLVED_FIELD_SOURCE,unresolved-field-sources.csv ; evidence-scope-audit.csv,VAL-004,KBDL-THM-007,,,,,Resolved evidence/classification relationship,No approach recommended; options only: PROVIDE ORIGINAL EVIDENCE MANIFEST / CONFIRM SCOPE MAPPING / REVISE EVIDENCE CITATION / SET TO NOT VERIFIED / DEFER DECISION,Setting to Not verified avoids relying on unscoped shared evidence text.,Owner choices may authorize later evidence work; this packet does not execute it. Prohibited automatic correction: Ledger/readable-group self-proof.,Approve an independent source or preserve Not verified,"A future recording/validation prompt for KBDL-THM-007's validation evidence field, only after an explicit owner decision and separate validation.",Planning-agent validation of the recorded decision before any implementation action.,PENDING,PENDING,PENDING,SOURCE EVIDENCE REQUIRED,Shared with R16 EVIDENCE_SCOPE_RELATIONSHIP finding: resolved artifact does not name this requirement or an approved shared validation scope (evidence-scope-audit.csv).
SMR1-VE-0007,Validation evidence,KBDL-THM-008,Validation evidence,"themes/validation.md §3 — 52 pairs tested, all opaque, all passing their applicable threshold except 4 explicitly decorative-exempt borders/gridlines. The two Informational failures identified in the original KBDL-004 report (3.78:1, 4.21:1) are resolved by a revised hue (#164499) for the Text/Icon/Border/Strong-surface roles, with neutral-10 correctly retained for On-strong-surface content (role assignment corrected under KBDL-004-R2) — see adaptation.md §5.2. The Media caption row was corrected under KBDL-004-R2 to describe a fully opaque neutral-100 band (17.17:1 is directly correct for this pair, not inherited or assumed)",traceability-metadata.csv (candidate only),D — Evidence-owned,None,UNRESOLVED_FIELD_SOURCE,unresolved-field-sources.csv ; evidence-scope-audit.csv,VAL-004,KBDL-THM-008,,,,,Resolved evidence/classification relationship,No approach recommended; options only: PROVIDE ORIGINAL EVIDENCE MANIFEST / CONFIRM SCOPE MAPPING / REVISE EVIDENCE CITATION / SET TO NOT VERIFIED / DEFER DECISION,Setting to Not verified avoids relying on unscoped shared evidence text.,Owner choices may authorize later evidence work; this packet does not execute it. Prohibited automatic correction: Ledger/readable-group self-proof.,Approve an independent source or preserve Not verified,"A future recording/validation prompt for KBDL-THM-008's validation evidence field, only after an explicit owner decision and separate validation.",Planning-agent validation of the recorded decision before any implementation action.,PENDING,PENDING,PENDING,SOURCE EVIDENCE REQUIRED,Shared with R16 EVIDENCE_SCOPE_RELATIONSHIP finding: resolved artifact does not name this requirement or an approved shared validation scope (evidence-scope-audit.csv).
SMR1-KL-0219,Known limitation,KBDL-THM-012,Known limitation,"Exact timing/easing depends entirely on KBDL-005, which is eligible for its own future prompt and has not been started by this approval",traceability-metadata.csv (candidate only),D — Evidence-owned,None,UNRESOLVED_FIELD_SOURCE,unresolved-field-sources.csv ; limitation-scope-audit.csv,VAL-006; VAL-005,KBDL-THM-012,,,,,Not-verified/excluded scope relationship,No approach recommended; options only: PROVIDE APPROVED LIMITATION SOURCE / CONFIRM CURRENT LIMITATION AS CURRENT NON-RETROACTIVE GOVERNANCE / REVISE LIMITATION / REMOVE UNSUPPORTED LIMITATION / DEFER DECISION,Removing the limitation text without a supporting source risks silently narrowing disclosed scope.,No limitation is accepted through packet preparation; confirming current text as governance would be current and non-retroactive only. Prohibited automatic correction: Ledger/readable-group self-proof.,Approve an independent source or preserve Not verified,"A future recording/validation prompt for KBDL-THM-012's known limitation field, only after an explicit owner decision and separate validation.",Planning-agent validation of the recorded decision before any implementation action.,PENDING,PENDING,PENDING,SOURCE EVIDENCE REQUIRED,Shared with R16 LIMITATION_MISMATCH finding: derived Not-verified/excluded scope = 'not verified not verified'; exact normalized scope overlap = 'None' (limitation-scope-audit.csv).
SMR1-KL-0220,Known limitation,KBDL-THM-012a,Known limitation,"Exact timing/easing depends entirely on KBDL-005, which is eligible for its own future prompt and has not been started by this approval",traceability-metadata.csv (candidate only),D — Evidence-owned,None,UNRESOLVED_FIELD_SOURCE,unresolved-field-sources.csv ; limitation-scope-audit.csv,VAL-006; VAL-005,KBDL-THM-012a,,,,,Not-verified/excluded scope relationship,No approach recommended; options only: PROVIDE APPROVED LIMITATION SOURCE / CONFIRM CURRENT LIMITATION AS CURRENT NON-RETROACTIVE GOVERNANCE / REVISE LIMITATION / REMOVE UNSUPPORTED LIMITATION / DEFER DECISION,Removing the limitation text without a supporting source risks silently narrowing disclosed scope.,No limitation is accepted through packet preparation; confirming current text as governance would be current and non-retroactive only. Prohibited automatic correction: Ledger/readable-group self-proof.,Approve an independent source or preserve Not verified,"A future recording/validation prompt for KBDL-THM-012a's known limitation field, only after an explicit owner decision and separate validation.",Planning-agent validation of the recorded decision before any implementation action.,PENDING,PENDING,PENDING,SOURCE EVIDENCE REQUIRED,Shared with R16 LIMITATION_MISMATCH finding: derived Not-verified/excluded scope = 'not verified not verified'; exact normalized scope overlap = 'None' (limitation-scope-audit.csv).
SMR1-KL-0221,Known limitation,KBDL-THM-013,Known limitation,Cannot be validated until an implementation exists,traceability-metadata.csv (candidate only),D — Evidence-owned,None,UNRESOLVED_FIELD_SOURCE,unresolved-field-sources.csv ; limitation-scope-audit.csv,VAL-006; VAL-005,KBDL-THM-013,,,,,Not-verified/excluded scope relationship,No approach recommended; options only: PROVIDE APPROVED LIMITATION SOURCE / CONFIRM CURRENT LIMITATION AS CURRENT NON-RETROACTIVE GOVERNANCE / REVISE LIMITATION / REMOVE UNSUPPORTED LIMITATION / DEFER DECISION,Removing the limitation text without a supporting source risks silently narrowing disclosed scope.,No limitation is accepted through packet preparation; confirming current text as governance would be current and non-retroactive only. Prohibited automatic correction: Ledger/readable-group self-proof.,Approve an independent source or preserve Not verified,"A future recording/validation prompt for KBDL-THM-013's known limitation field, only after an explicit owner decision and separate validation.",Planning-agent validation of the recorded decision before any implementation action.,PENDING,PENDING,PENDING,SOURCE EVIDENCE REQUIRED,Shared with R16 LIMITATION_MISMATCH finding: derived Not-verified/excluded scope = 'not verified not verified'; exact normalized scope overlap = 'None' (limitation-scope-audit.csv).
SMR1-KL-0222,Known limitation,KBDL-THM-014,Known limitation,Cannot be validated until a project theme exists,traceability-metadata.csv (candidate only),D — Evidence-owned,None,UNRESOLVED_FIELD_SOURCE,unresolved-field-sources.csv ; limitation-scope-audit.csv,VAL-006; VAL-005,KBDL-THM-014,,,,,Not-verified/excluded scope relationship,No approach recommended; options only: PROVIDE APPROVED LIMITATION SOURCE / CONFIRM CURRENT LIMITATION AS CURRENT NON-RETROACTIVE GOVERNANCE / REVISE LIMITATION / REMOVE UNSUPPORTED LIMITATION / DEFER DECISION,Removing the limitation text without a supporting source risks silently narrowing disclosed scope.,No limitation is accepted through packet preparation; confirming current text as governance would be current and non-retroactive only. Prohibited automatic correction: Ledger/readable-group self-proof.,Approve an independent source or preserve Not verified,"A future recording/validation prompt for KBDL-THM-014's known limitation field, only after an explicit owner decision and separate validation.",Planning-agent validation of the recorded decision before any implementation action.,PENDING,PENDING,PENDING,SOURCE EVIDENCE REQUIRED,Shared with R16 LIMITATION_MISMATCH finding: derived Not-verified/excluded scope = 'not verified not verified'; exact normalized scope overlap = 'None' (limitation-scope-audit.csv).
SMR1-KL-0223,Known limitation,KBDL-THM-015,Known limitation,Cannot be validated until an implementation exists,traceability-metadata.csv (candidate only),D — Evidence-owned,None,UNRESOLVED_FIELD_SOURCE,unresolved-field-sources.csv ; limitation-scope-audit.csv,VAL-006; VAL-005,KBDL-THM-015,,,,,Not-verified/excluded scope relationship,No approach recommended; options only: PROVIDE APPROVED LIMITATION SOURCE / CONFIRM CURRENT LIMITATION AS CURRENT NON-RETROACTIVE GOVERNANCE / REVISE LIMITATION / REMOVE UNSUPPORTED LIMITATION / DEFER DECISION,Removing the limitation text without a supporting source risks silently narrowing disclosed scope.,No limitation is accepted through packet preparation; confirming current text as governance would be current and non-retroactive only. Prohibited automatic correction: Ledger/readable-group self-proof.,Approve an independent source or preserve Not verified,"A future recording/validation prompt for KBDL-THM-015's known limitation field, only after an explicit owner decision and separate validation.",Planning-agent validation of the recorded decision before any implementation action.,PENDING,PENDING,PENDING,SOURCE EVIDENCE REQUIRED,Shared with R16 LIMITATION_MISMATCH finding: derived Not-verified/excluded scope = 'not verified not verified'; exact normalized scope overlap = 'None' (limitation-scope-audit.csv).
SMR1-VM-0001,Validation method,KBDL-VAL-001,Validation method,Classification audit executed by the final validator; PASS,traceability-metadata.csv (candidate only),D — Evidence-owned,None,UNRESOLVED_FIELD_SOURCE,unresolved-field-sources.csv,VAL-004,KBDL-VAL-001,,,,,UNRESOLVED,No approach recommended; options only: PROVIDE ORIGINAL METHOD SOURCE / CONFIRM METHOD AS CURRENT NON-RETROACTIVE / REVISE METHOD / SET TO NOT VERIFIED / DEFER DECISION,Deferring keeps the method unresolved without foreclosing later evidence work.,Some methods are implementation-dependent or belong to VAL-004's locked scope; execution is out of SMR1 scope regardless of the owner's choice. Prohibited automatic correction: Ledger/readable-group self-proof.,Approve an independent source or preserve Not verified,"A future recording/validation prompt for KBDL-VAL-001's validation method field, only after an explicit owner decision and separate validation.",Planning-agent validation of the recorded decision before any implementation action.,PENDING,PENDING,PENDING,SOURCE EVIDENCE REQUIRED,
SMR1-VE-0008,Validation evidence,KBDL-VAL-001,Validation evidence,Executed evidence — docs/kbdl/evidence/kbdl-011-r8/artifacts/validation-output.txt; stated repository method PASS.,traceability-metadata.csv (candidate only),D — Evidence-owned,None,UNRESOLVED_FIELD_SOURCE,unresolved-field-sources.csv ; evidence-scope-audit.csv,VAL-004,KBDL-VAL-001,,,,,Resolved evidence/classification relationship,No approach recommended; options only: PROVIDE ORIGINAL EVIDENCE MANIFEST / CONFIRM SCOPE MAPPING / REVISE EVIDENCE CITATION / SET TO NOT VERIFIED / DEFER DECISION,Setting to Not verified avoids relying on unscoped shared evidence text.,Owner choices may authorize later evidence work; this packet does not execute it. Prohibited automatic correction: Ledger/readable-group self-proof.,Approve an independent source or preserve Not verified,"A future recording/validation prompt for KBDL-VAL-001's validation evidence field, only after an explicit owner decision and separate validation.",Planning-agent validation of the recorded decision before any implementation action.,PENDING,PENDING,PENDING,SOURCE EVIDENCE REQUIRED,Shared with R16 EVIDENCE_SCOPE_RELATIONSHIP finding: resolved artifact does not name this requirement or an approved shared validation scope (evidence-scope-audit.csv).
SMR1-VM-0002,Validation method,KBDL-VAL-002,Validation method,"Parser inventory; 317 unique requirements, zero gaps/duplicates",traceability-metadata.csv (candidate only),D — Evidence-owned,None,UNRESOLVED_FIELD_SOURCE,unresolved-field-sources.csv,VAL-004,KBDL-VAL-002,,,,,UNRESOLVED,No approach recommended; options only: PROVIDE ORIGINAL METHOD SOURCE / CONFIRM METHOD AS CURRENT NON-RETROACTIVE / REVISE METHOD / SET TO NOT VERIFIED / DEFER DECISION,Deferring keeps the method unresolved without foreclosing later evidence work.,Some methods are implementation-dependent or belong to VAL-004's locked scope; execution is out of SMR1 scope regardless of the owner's choice. Prohibited automatic correction: Ledger/readable-group self-proof.,Approve an independent source or preserve Not verified,"A future recording/validation prompt for KBDL-VAL-002's validation method field, only after an explicit owner decision and separate validation.",Planning-agent validation of the recorded decision before any implementation action.,PENDING,PENDING,PENDING,SOURCE EVIDENCE REQUIRED,
SMR1-VE-0009,Validation evidence,KBDL-VAL-002,Validation evidence,Executed evidence — docs/kbdl/evidence/kbdl-011-r8/artifacts/validation-output.txt; stated repository method PASS.,traceability-metadata.csv (candidate only),D — Evidence-owned,None,UNRESOLVED_FIELD_SOURCE,unresolved-field-sources.csv ; evidence-scope-audit.csv,VAL-004,KBDL-VAL-002,,,,,Resolved evidence/classification relationship,No approach recommended; options only: PROVIDE ORIGINAL EVIDENCE MANIFEST / CONFIRM SCOPE MAPPING / REVISE EVIDENCE CITATION / SET TO NOT VERIFIED / DEFER DECISION,Setting to Not verified avoids relying on unscoped shared evidence text.,Owner choices may authorize later evidence work; this packet does not execute it. Prohibited automatic correction: Ledger/readable-group self-proof.,Approve an independent source or preserve Not verified,"A future recording/validation prompt for KBDL-VAL-002's validation evidence field, only after an explicit owner decision and separate validation.",Planning-agent validation of the recorded decision before any implementation action.,PENDING,PENDING,PENDING,SOURCE EVIDENCE REQUIRED,Shared with R16 EVIDENCE_SCOPE_RELATIONSHIP finding: resolved artifact does not name this requirement or an approved shared validation scope (evidence-scope-audit.csv).
SMR1-VM-0003,Validation method,KBDL-VAL-003,Validation method,Exact standard-clause and complete authority-reference classification audit,traceability-metadata.csv (candidate only),D — Evidence-owned,None,UNRESOLVED_FIELD_SOURCE,unresolved-field-sources.csv,VAL-004,KBDL-VAL-003,,,,,UNRESOLVED,No approach recommended; options only: PROVIDE ORIGINAL METHOD SOURCE / CONFIRM METHOD AS CURRENT NON-RETROACTIVE / REVISE METHOD / SET TO NOT VERIFIED / DEFER DECISION,Deferring keeps the method unresolved without foreclosing later evidence work.,Some methods are implementation-dependent or belong to VAL-004's locked scope; execution is out of SMR1 scope regardless of the owner's choice. Prohibited automatic correction: Ledger/readable-group self-proof.,Approve an independent source or preserve Not verified,"A future recording/validation prompt for KBDL-VAL-003's validation method field, only after an explicit owner decision and separate validation.",Planning-agent validation of the recorded decision before any implementation action.,PENDING,PENDING,PENDING,SOURCE EVIDENCE REQUIRED,
SMR1-VE-0010,Validation evidence,KBDL-VAL-003,Validation evidence,Executed evidence — docs/kbdl/evidence/kbdl-011-r15/artifacts/val-003-audit.txt; 26-mutation suite PASS.,traceability-metadata.csv (candidate only),D — Evidence-owned,None,UNRESOLVED_FIELD_SOURCE,unresolved-field-sources.csv,VAL-004,KBDL-VAL-003,,,,,Resolved evidence/classification relationship,No approach recommended; options only: PROVIDE ORIGINAL EVIDENCE MANIFEST / CONFIRM SCOPE MAPPING / REVISE EVIDENCE CITATION / SET TO NOT VERIFIED / DEFER DECISION,Setting to Not verified avoids relying on unscoped shared evidence text.,Owner choices may authorize later evidence work; this packet does not execute it. Prohibited automatic correction: Ledger/readable-group self-proof.,Approve an independent source or preserve Not verified,"A future recording/validation prompt for KBDL-VAL-003's validation evidence field, only after an explicit owner decision and separate validation.",Planning-agent validation of the recorded decision before any implementation action.,PENDING,PENDING,PENDING,SOURCE EVIDENCE REQUIRED,
SMR1-KL-0224,Known limitation,KBDL-VAL-003,Known limitation,Historical approval commands remain unrecovered,traceability-metadata.csv (candidate only),D — Evidence-owned,None,UNRESOLVED_FIELD_SOURCE,unresolved-field-sources.csv ; limitation-scope-audit.csv,VAL-006; VAL-005,KBDL-VAL-003,,,,,Not-verified/excluded scope relationship,No approach recommended; options only: PROVIDE APPROVED LIMITATION SOURCE / CONFIRM CURRENT LIMITATION AS CURRENT NON-RETROACTIVE GOVERNANCE / REVISE LIMITATION / REMOVE UNSUPPORTED LIMITATION / DEFER DECISION,Removing the limitation text without a supporting source risks silently narrowing disclosed scope.,No limitation is accepted through packet preparation; confirming current text as governance would be current and non-retroactive only. Prohibited automatic correction: Ledger/readable-group self-proof.,Approve an independent source or preserve Not verified,"A future recording/validation prompt for KBDL-VAL-003's known limitation field, only after an explicit owner decision and separate validation.",Planning-agent validation of the recorded decision before any implementation action.,PENDING,PENDING,PENDING,SOURCE EVIDENCE REQUIRED,Shared with R16 LIMITATION_MISMATCH finding: derived Not-verified/excluded scope = 'none not verified'; exact normalized scope overlap = 'None' (limitation-scope-audit.csv).
SMR1-VM-0004,Validation method,KBDL-VAL-004,Validation method,"Corrected clause/scope audit is complete, but the fixed-point gate depends on unresolved VAL-003 and VAL-006 source derivation",traceability-metadata.csv (candidate only),D — Evidence-owned,None,UNRESOLVED_FIELD_SOURCE,unresolved-field-sources.csv,VAL-004,KBDL-VAL-004,,,,,UNRESOLVED,No approach recommended; options only: PROVIDE ORIGINAL METHOD SOURCE / CONFIRM METHOD AS CURRENT NON-RETROACTIVE / REVISE METHOD / SET TO NOT VERIFIED / DEFER DECISION,Deferring keeps the method unresolved without foreclosing later evidence work.,Some methods are implementation-dependent or belong to VAL-004's locked scope; execution is out of SMR1 scope regardless of the owner's choice. Prohibited automatic correction: Ledger/readable-group self-proof.,Approve an independent source or preserve Not verified,"A future recording/validation prompt for KBDL-VAL-004's validation method field, only after an explicit owner decision and separate validation.",Planning-agent validation of the recorded decision before any implementation action.,PENDING,PENDING,PENDING,SOURCE EVIDENCE REQUIRED,
SMR1-VM-0005,Validation method,KBDL-VAL-005,Validation method,Decision/packet audit; zero orphan or untracked items,traceability-metadata.csv (candidate only),D — Evidence-owned,None,UNRESOLVED_FIELD_SOURCE,unresolved-field-sources.csv,VAL-004,KBDL-VAL-005,,,,,UNRESOLVED,No approach recommended; options only: PROVIDE ORIGINAL METHOD SOURCE / CONFIRM METHOD AS CURRENT NON-RETROACTIVE / REVISE METHOD / SET TO NOT VERIFIED / DEFER DECISION,Deferring keeps the method unresolved without foreclosing later evidence work.,Some methods are implementation-dependent or belong to VAL-004's locked scope; execution is out of SMR1 scope regardless of the owner's choice. Prohibited automatic correction: Ledger/readable-group self-proof.,Approve an independent source or preserve Not verified,"A future recording/validation prompt for KBDL-VAL-005's validation method field, only after an explicit owner decision and separate validation.",Planning-agent validation of the recorded decision before any implementation action.,PENDING,PENDING,PENDING,SOURCE EVIDENCE REQUIRED,
SMR1-VE-0011,Validation evidence,KBDL-VAL-005,Validation evidence,Executed evidence — docs/kbdl/evidence/kbdl-011-r8/artifacts/validation-output.txt; stated repository method PASS.,traceability-metadata.csv (candidate only),D — Evidence-owned,None,UNRESOLVED_FIELD_SOURCE,unresolved-field-sources.csv,VAL-004,KBDL-VAL-005,,,,,Resolved evidence/classification relationship,No approach recommended; options only: PROVIDE ORIGINAL EVIDENCE MANIFEST / CONFIRM SCOPE MAPPING / REVISE EVIDENCE CITATION / SET TO NOT VERIFIED / DEFER DECISION,Setting to Not verified avoids relying on unscoped shared evidence text.,Owner choices may authorize later evidence work; this packet does not execute it. Prohibited automatic correction: Ledger/readable-group self-proof.,Approve an independent source or preserve Not verified,"A future recording/validation prompt for KBDL-VAL-005's validation evidence field, only after an explicit owner decision and separate validation.",Planning-agent validation of the recorded decision before any implementation action.,PENDING,PENDING,PENDING,SOURCE EVIDENCE REQUIRED,
SMR1-KL-0225,Known limitation,KBDL-VAL-005,Known limitation,Pending choices remain unavailable for implementation,traceability-metadata.csv (candidate only),D — Evidence-owned,None,UNRESOLVED_FIELD_SOURCE,unresolved-field-sources.csv ; limitation-scope-audit.csv,VAL-006; VAL-005,KBDL-VAL-005,,,,,Not-verified/excluded scope relationship,No approach recommended; options only: PROVIDE APPROVED LIMITATION SOURCE / CONFIRM CURRENT LIMITATION AS CURRENT NON-RETROACTIVE GOVERNANCE / REVISE LIMITATION / REMOVE UNSUPPORTED LIMITATION / DEFER DECISION,Removing the limitation text without a supporting source risks silently narrowing disclosed scope.,No limitation is accepted through packet preparation; confirming current text as governance would be current and non-retroactive only. Prohibited automatic correction: Ledger/readable-group self-proof.,Approve an independent source or preserve Not verified,"A future recording/validation prompt for KBDL-VAL-005's known limitation field, only after an explicit owner decision and separate validation.",Planning-agent validation of the recorded decision before any implementation action.,PENDING,PENDING,PENDING,SOURCE EVIDENCE REQUIRED,Shared with R16 LIMITATION_MISMATCH finding: derived Not-verified/excluded scope = 'none not verified'; exact normalized scope overlap = 'None' (limitation-scope-audit.csv).
SMR1-VM-0006,Validation method,KBDL-VAL-006,Validation method,Exact group grammar location packet dependency evidence and limitation relationship audit,traceability-metadata.csv (candidate only),D — Evidence-owned,None,UNRESOLVED_FIELD_SOURCE,unresolved-field-sources.csv,VAL-004,KBDL-VAL-006,,,,,UNRESOLVED,No approach recommended; options only: PROVIDE ORIGINAL METHOD SOURCE / CONFIRM METHOD AS CURRENT NON-RETROACTIVE / REVISE METHOD / SET TO NOT VERIFIED / DEFER DECISION,Deferring keeps the method unresolved without foreclosing later evidence work.,Some methods are implementation-dependent or belong to VAL-004's locked scope; execution is out of SMR1 scope regardless of the owner's choice. Prohibited automatic correction: Ledger/readable-group self-proof.,Approve an independent source or preserve Not verified,"A future recording/validation prompt for KBDL-VAL-006's validation method field, only after an explicit owner decision and separate validation.",Planning-agent validation of the recorded decision before any implementation action.,PENDING,PENDING,PENDING,SOURCE EVIDENCE REQUIRED,
SMR1-VE-0012,Validation evidence,KBDL-VAL-006,Validation evidence,Executed evidence — docs/kbdl/evidence/kbdl-011-r15/artifacts/val-006-audit.txt; 26-mutation suite PASS.,traceability-metadata.csv (candidate only),D — Evidence-owned,None,UNRESOLVED_FIELD_SOURCE,unresolved-field-sources.csv,VAL-004,KBDL-VAL-006,,,,,Resolved evidence/classification relationship,No approach recommended; options only: PROVIDE ORIGINAL EVIDENCE MANIFEST / CONFIRM SCOPE MAPPING / REVISE EVIDENCE CITATION / SET TO NOT VERIFIED / DEFER DECISION,Setting to Not verified avoids relying on unscoped shared evidence text.,Owner choices may authorize later evidence work; this packet does not execute it. Prohibited automatic correction: Ledger/readable-group self-proof.,Approve an independent source or preserve Not verified,"A future recording/validation prompt for KBDL-VAL-006's validation evidence field, only after an explicit owner decision and separate validation.",Planning-agent validation of the recorded decision before any implementation action.,PENDING,PENDING,PENDING,SOURCE EVIDENCE REQUIRED,
SMR1-KL-0226,Known limitation,KBDL-VAL-006,Known limitation,Implementation remains unverified,traceability-metadata.csv (candidate only),D — Evidence-owned,None,UNRESOLVED_FIELD_SOURCE,unresolved-field-sources.csv ; limitation-scope-audit.csv,VAL-006; VAL-005,KBDL-VAL-006,,,,,Not-verified/excluded scope relationship,No approach recommended; options only: PROVIDE APPROVED LIMITATION SOURCE / CONFIRM CURRENT LIMITATION AS CURRENT NON-RETROACTIVE GOVERNANCE / REVISE LIMITATION / REMOVE UNSUPPORTED LIMITATION / DEFER DECISION,Removing the limitation text without a supporting source risks silently narrowing disclosed scope.,No limitation is accepted through packet preparation; confirming current text as governance would be current and non-retroactive only. Prohibited automatic correction: Ledger/readable-group self-proof.,Approve an independent source or preserve Not verified,"A future recording/validation prompt for KBDL-VAL-006's known limitation field, only after an explicit owner decision and separate validation.",Planning-agent validation of the recorded decision before any implementation action.,PENDING,PENDING,PENDING,SOURCE EVIDENCE REQUIRED,Shared with R16 LIMITATION_MISMATCH finding: derived Not-verified/excluded scope = 'none not verified'; exact normalized scope overlap = 'None' (limitation-scope-audit.csv).
SMR1-VM-0007,Validation method,KBDL-VAL-007,Validation method,"Complete link, anchor, heading, section, placeholder, conflict-marker, table, ID, packet, label, roadmap, readiness, and completion-claim audit",traceability-metadata.csv (candidate only),D — Evidence-owned,None,UNRESOLVED_FIELD_SOURCE,unresolved-field-sources.csv,VAL-004,KBDL-VAL-007,,,,,UNRESOLVED,No approach recommended; options only: PROVIDE ORIGINAL METHOD SOURCE / CONFIRM METHOD AS CURRENT NON-RETROACTIVE / REVISE METHOD / SET TO NOT VERIFIED / DEFER DECISION,Deferring keeps the method unresolved without foreclosing later evidence work.,Some methods are implementation-dependent or belong to VAL-004's locked scope; execution is out of SMR1 scope regardless of the owner's choice. Prohibited automatic correction: Ledger/readable-group self-proof.,Approve an independent source or preserve Not verified,"A future recording/validation prompt for KBDL-VAL-007's validation method field, only after an explicit owner decision and separate validation.",Planning-agent validation of the recorded decision before any implementation action.,PENDING,PENDING,PENDING,SOURCE EVIDENCE REQUIRED,
SMR1-VM-0008,Validation method,KBDL-VAL-008,Validation method,No executed independent method covers every stated cross-module invariant; complete method not established,traceability-metadata.csv (candidate only),D — Evidence-owned,None,UNRESOLVED_FIELD_SOURCE,unresolved-field-sources.csv,VAL-004,KBDL-VAL-008,,,,,UNRESOLVED,No approach recommended; options only: PROVIDE ORIGINAL METHOD SOURCE / CONFIRM METHOD AS CURRENT NON-RETROACTIVE / REVISE METHOD / SET TO NOT VERIFIED / DEFER DECISION,Deferring keeps the method unresolved without foreclosing later evidence work.,Some methods are implementation-dependent or belong to VAL-004's locked scope; execution is out of SMR1 scope regardless of the owner's choice. Prohibited automatic correction: Ledger/readable-group self-proof.,Approve an independent source or preserve Not verified,"A future recording/validation prompt for KBDL-VAL-008's validation method field, only after an explicit owner decision and separate validation.",Planning-agent validation of the recorded decision before any implementation action.,PENDING,PENDING,PENDING,SOURCE EVIDENCE REQUIRED,
SMR1-KL-0227,Known limitation,KBDL-VAL-008,Known limitation,static and runtime architecture require further evidence,traceability-metadata.csv (candidate only),D — Evidence-owned,None,UNRESOLVED_FIELD_SOURCE,unresolved-field-sources.csv ; limitation-scope-audit.csv,VAL-006; VAL-005,KBDL-VAL-008,,,,,Not-verified/excluded scope relationship,No approach recommended; options only: PROVIDE APPROVED LIMITATION SOURCE / CONFIRM CURRENT LIMITATION AS CURRENT NON-RETROACTIVE GOVERNANCE / REVISE LIMITATION / REMOVE UNSUPPORTED LIMITATION / DEFER DECISION,Removing the limitation text without a supporting source risks silently narrowing disclosed scope.,No limitation is accepted through packet preparation; confirming current text as governance would be current and non-retroactive only. Prohibited automatic correction: Ledger/readable-group self-proof.,Approve an independent source or preserve Not verified,"A future recording/validation prompt for KBDL-VAL-008's known limitation field, only after an explicit owner decision and separate validation.",Planning-agent validation of the recorded decision before any implementation action.,PENDING,PENDING,PENDING,SOURCE EVIDENCE REQUIRED,Shared with R16 LIMITATION_MISMATCH finding: derived Not-verified/excluded scope = 'not verified not verified'; exact normalized scope overlap = 'None' (limitation-scope-audit.csv).
SMR1-VM-0009,Validation method,KBDL-VAL-009,Validation method,WCAG contrast script; PASS and checksum recorded,traceability-metadata.csv (candidate only),D — Evidence-owned,None,UNRESOLVED_FIELD_SOURCE,unresolved-field-sources.csv,VAL-004,KBDL-VAL-009,,,,,UNRESOLVED,No approach recommended; options only: PROVIDE ORIGINAL METHOD SOURCE / CONFIRM METHOD AS CURRENT NON-RETROACTIVE / REVISE METHOD / SET TO NOT VERIFIED / DEFER DECISION,Deferring keeps the method unresolved without foreclosing later evidence work.,Some methods are implementation-dependent or belong to VAL-004's locked scope; execution is out of SMR1 scope regardless of the owner's choice. Prohibited automatic correction: Ledger/readable-group self-proof.,Approve an independent source or preserve Not verified,"A future recording/validation prompt for KBDL-VAL-009's validation method field, only after an explicit owner decision and separate validation.",Planning-agent validation of the recorded decision before any implementation action.,PENDING,PENDING,PENDING,SOURCE EVIDENCE REQUIRED,
SMR1-VE-0013,Validation evidence,KBDL-VAL-009,Validation evidence,Executed evidence — docs/kbdl/evidence/kbdl-011-r8/artifacts/validation-output.txt; stated repository method PASS.,traceability-metadata.csv (candidate only),D — Evidence-owned,None,UNRESOLVED_FIELD_SOURCE,unresolved-field-sources.csv ; evidence-scope-audit.csv,VAL-004,KBDL-VAL-009,,,,,Resolved evidence/classification relationship,No approach recommended; options only: PROVIDE ORIGINAL EVIDENCE MANIFEST / CONFIRM SCOPE MAPPING / REVISE EVIDENCE CITATION / SET TO NOT VERIFIED / DEFER DECISION,Setting to Not verified avoids relying on unscoped shared evidence text.,Owner choices may authorize later evidence work; this packet does not execute it. Prohibited automatic correction: Ledger/readable-group self-proof.,Approve an independent source or preserve Not verified,"A future recording/validation prompt for KBDL-VAL-009's validation evidence field, only after an explicit owner decision and separate validation.",Planning-agent validation of the recorded decision before any implementation action.,PENDING,PENDING,PENDING,SOURCE EVIDENCE REQUIRED,Shared with R16 EVIDENCE_SCOPE_RELATIONSHIP finding: resolved artifact does not name this requirement or an approved shared validation scope (evidence-scope-audit.csv).
SMR1-VM-0010,Validation method,KBDL-VAL-010,Validation method,No independent per-ID ledger-coverage proof covers the complete stated method,traceability-metadata.csv (candidate only),D — Evidence-owned,None,UNRESOLVED_FIELD_SOURCE,unresolved-field-sources.csv,VAL-004,KBDL-VAL-010,,,,,UNRESOLVED,No approach recommended; options only: PROVIDE ORIGINAL METHOD SOURCE / CONFIRM METHOD AS CURRENT NON-RETROACTIVE / REVISE METHOD / SET TO NOT VERIFIED / DEFER DECISION,Deferring keeps the method unresolved without foreclosing later evidence work.,Some methods are implementation-dependent or belong to VAL-004's locked scope; execution is out of SMR1 scope regardless of the owner's choice. Prohibited automatic correction: Ledger/readable-group self-proof.,Approve an independent source or preserve Not verified,"A future recording/validation prompt for KBDL-VAL-010's validation method field, only after an explicit owner decision and separate validation.",Planning-agent validation of the recorded decision before any implementation action.,PENDING,PENDING,PENDING,SOURCE EVIDENCE REQUIRED,
SMR1-KL-0228,Known limitation,KBDL-VAL-010,Known limitation,listed behavior and ledger completeness remain Not verified,traceability-metadata.csv (candidate only),D — Evidence-owned,None,UNRESOLVED_FIELD_SOURCE,unresolved-field-sources.csv ; limitation-scope-audit.csv,VAL-006; VAL-005,KBDL-VAL-010,,,,,Not-verified/excluded scope relationship,No approach recommended; options only: PROVIDE APPROVED LIMITATION SOURCE / CONFIRM CURRENT LIMITATION AS CURRENT NON-RETROACTIVE GOVERNANCE / REVISE LIMITATION / REMOVE UNSUPPORTED LIMITATION / DEFER DECISION,Removing the limitation text without a supporting source risks silently narrowing disclosed scope.,No limitation is accepted through packet preparation; confirming current text as governance would be current and non-retroactive only. Prohibited automatic correction: Ledger/readable-group self-proof.,Approve an independent source or preserve Not verified,"A future recording/validation prompt for KBDL-VAL-010's known limitation field, only after an explicit owner decision and separate validation.",Planning-agent validation of the recorded decision before any implementation action.,PENDING,PENDING,PENDING,SOURCE EVIDENCE REQUIRED,Shared with R16 LIMITATION_MISMATCH finding: derived Not-verified/excluded scope = 'not verified not verified'; exact normalized scope overlap = 'None' (limitation-scope-audit.csv).
SMR1-VM-0011,Validation method,KBDL-VAL-011,Validation method,"Project absence is established, but complete project-ledger coverage is not independently proven",traceability-metadata.csv (candidate only),D — Evidence-owned,None,UNRESOLVED_FIELD_SOURCE,unresolved-field-sources.csv,VAL-004,KBDL-VAL-011,,,,,UNRESOLVED,No approach recommended; options only: PROVIDE ORIGINAL METHOD SOURCE / CONFIRM METHOD AS CURRENT NON-RETROACTIVE / REVISE METHOD / SET TO NOT VERIFIED / DEFER DECISION,Deferring keeps the method unresolved without foreclosing later evidence work.,Some methods are implementation-dependent or belong to VAL-004's locked scope; execution is out of SMR1 scope regardless of the owner's choice. Prohibited automatic correction: Ledger/readable-group self-proof.,Approve an independent source or preserve Not verified,"A future recording/validation prompt for KBDL-VAL-011's validation method field, only after an explicit owner decision and separate validation.",Planning-agent validation of the recorded decision before any implementation action.,PENDING,PENDING,PENDING,SOURCE EVIDENCE REQUIRED,
SMR1-KL-0229,Known limitation,KBDL-VAL-011,Known limitation,No adopting project,traceability-metadata.csv (candidate only),D — Evidence-owned,None,UNRESOLVED_FIELD_SOURCE,unresolved-field-sources.csv ; limitation-scope-audit.csv,VAL-006; VAL-005,KBDL-VAL-011,,,,,Not-verified/excluded scope relationship,No approach recommended; options only: PROVIDE APPROVED LIMITATION SOURCE / CONFIRM CURRENT LIMITATION AS CURRENT NON-RETROACTIVE GOVERNANCE / REVISE LIMITATION / REMOVE UNSUPPORTED LIMITATION / DEFER DECISION,Removing the limitation text without a supporting source risks silently narrowing disclosed scope.,No limitation is accepted through packet preparation; confirming current text as governance would be current and non-retroactive only. Prohibited automatic correction: Ledger/readable-group self-proof.,Approve an independent source or preserve Not verified,"A future recording/validation prompt for KBDL-VAL-011's known limitation field, only after an explicit owner decision and separate validation.",Planning-agent validation of the recorded decision before any implementation action.,PENDING,PENDING,PENDING,SOURCE EVIDENCE REQUIRED,Shared with R16 LIMITATION_MISMATCH finding: derived Not-verified/excluded scope = 'not verified not verified'; exact normalized scope overlap = 'None' (limitation-scope-audit.csv).
SMR1-VM-0012,Validation method,KBDL-VAL-012,Validation method,Completion-claim scan; zero decisions/claims,traceability-metadata.csv (candidate only),D — Evidence-owned,None,UNRESOLVED_FIELD_SOURCE,unresolved-field-sources.csv,VAL-004,KBDL-VAL-012,,,,,UNRESOLVED,No approach recommended; options only: PROVIDE ORIGINAL METHOD SOURCE / CONFIRM METHOD AS CURRENT NON-RETROACTIVE / REVISE METHOD / SET TO NOT VERIFIED / DEFER DECISION,Deferring keeps the method unresolved without foreclosing later evidence work.,Some methods are implementation-dependent or belong to VAL-004's locked scope; execution is out of SMR1 scope regardless of the owner's choice. Prohibited automatic correction: Ledger/readable-group self-proof.,Approve an independent source or preserve Not verified,"A future recording/validation prompt for KBDL-VAL-012's validation method field, only after an explicit owner decision and separate validation.",Planning-agent validation of the recorded decision before any implementation action.,PENDING,PENDING,PENDING,SOURCE EVIDENCE REQUIRED,
SMR1-VE-0014,Validation evidence,KBDL-VAL-012,Validation evidence,Executed evidence — docs/kbdl/evidence/kbdl-011-r8/artifacts/validation-output.txt; stated repository method PASS.,traceability-metadata.csv (candidate only),D — Evidence-owned,None,UNRESOLVED_FIELD_SOURCE,unresolved-field-sources.csv ; evidence-scope-audit.csv,VAL-004,KBDL-VAL-012,,,,,Resolved evidence/classification relationship,No approach recommended; options only: PROVIDE ORIGINAL EVIDENCE MANIFEST / CONFIRM SCOPE MAPPING / REVISE EVIDENCE CITATION / SET TO NOT VERIFIED / DEFER DECISION,Setting to Not verified avoids relying on unscoped shared evidence text.,Owner choices may authorize later evidence work; this packet does not execute it. Prohibited automatic correction: Ledger/readable-group self-proof.,Approve an independent source or preserve Not verified,"A future recording/validation prompt for KBDL-VAL-012's validation evidence field, only after an explicit owner decision and separate validation.",Planning-agent validation of the recorded decision before any implementation action.,PENDING,PENDING,PENDING,SOURCE EVIDENCE REQUIRED,Shared with R16 EVIDENCE_SCOPE_RELATIONSHIP finding: resolved artifact does not name this requirement or an approved shared validation scope (evidence-scope-audit.csv).
SMR1-LOC-0001,Exact location,KBDL-A11Y-005,Specification location,accessibility.md#10-reading-and-focus-order; responsive.md#12-source-order-and-reading-order,field-source-registry.csv ledger value,Normative requirement location / approved multi-location rule,None,LOCATION_MISMATCH,exact-location-audit.csv,VAL-006; VAL-007,KBDL-A11Y-005,,,,,Containing normative location = 'accessibility.md#47-normative-requirements'; explicit normative location = 'accessibility.md#10-reading-and-focus-order'; readable-group supported locations = 'accessibility.md#10-reading-and-focus-order'; exact expected locations = 'accessibility.md#10-reading-and-focus-order'; all anchors resolve = True; exact comparison = False.,No approach recommended; options only: CONFIRM DERIVED LOCATION / CONFIRM EXISTING LOCATION WITH SOURCE / REVISE LOCATION / PROVIDE ORIGINAL EVIDENCE / DEFER DECISION,Confirming the ledger location over the derived location (or vice versa) both remain live options pending owner review.,Multiple locations may be legitimate (containing section vs. exact subsection); changing either source carries anchor-breakage risk.,"Confirm which location is authoritative for this requirement, or supply original evidence.","A future exact-location correction prompt for KBDL-A11Y-005, only after an explicit owner decision and separate validation.",Planning-agent validation of the recorded decision before any implementation action.,PENDING,PENDING,PENDING,VALUE REVISION DECISION REQUIRED,
SMR1-LOC-0002,Exact location,KBDL-A11Y-010,Specification location,accessibility.md#15-focus-not-obscured; responsive.md#18-sticky-and-fixed-regions,field-source-registry.csv ledger value,Normative requirement location / approved multi-location rule,None,LOCATION_MISMATCH,exact-location-audit.csv,VAL-006; VAL-007,KBDL-A11Y-010,,,,,Containing normative location = 'accessibility.md#47-normative-requirements'; explicit normative location = 'accessibility.md#15-focus-not-obscured'; readable-group supported locations = 'accessibility.md#15-focus-not-obscured'; exact expected locations = 'accessibility.md#15-focus-not-obscured'; all anchors resolve = True; exact comparison = False.,No approach recommended; options only: CONFIRM DERIVED LOCATION / CONFIRM EXISTING LOCATION WITH SOURCE / REVISE LOCATION / PROVIDE ORIGINAL EVIDENCE / DEFER DECISION,Confirming the ledger location over the derived location (or vice versa) both remain live options pending owner review.,Multiple locations may be legitimate (containing section vs. exact subsection); changing either source carries anchor-breakage risk.,"Confirm which location is authoritative for this requirement, or supply original evidence.","A future exact-location correction prompt for KBDL-A11Y-010, only after an explicit owner decision and separate validation.",Planning-agent validation of the recorded decision before any implementation action.,PENDING,PENDING,PENDING,VALUE REVISION DECISION REQUIRED,
SMR1-LOC-0003,Exact location,KBDL-A11Y-015,Specification location,accessibility.md#20-orientation; responsive.md#20-orientation-changes,field-source-registry.csv ledger value,Normative requirement location / approved multi-location rule,None,LOCATION_MISMATCH,exact-location-audit.csv,VAL-006; VAL-007,KBDL-A11Y-015,,,,,Containing normative location = 'accessibility.md#47-normative-requirements'; explicit normative location = 'accessibility.md#20-orientation'; readable-group supported locations = 'accessibility.md#20-orientation'; exact expected locations = 'accessibility.md#20-orientation'; all anchors resolve = True; exact comparison = False.,No approach recommended; options only: CONFIRM DERIVED LOCATION / CONFIRM EXISTING LOCATION WITH SOURCE / REVISE LOCATION / PROVIDE ORIGINAL EVIDENCE / DEFER DECISION,Confirming the ledger location over the derived location (or vice versa) both remain live options pending owner review.,Multiple locations may be legitimate (containing section vs. exact subsection); changing either source carries anchor-breakage risk.,"Confirm which location is authoritative for this requirement, or supply original evidence.","A future exact-location correction prompt for KBDL-A11Y-015, only after an explicit owner decision and separate validation.",Planning-agent validation of the recorded decision before any implementation action.,PENDING,PENDING,PENDING,VALUE REVISION DECISION REQUIRED,
SMR1-LOC-0004,Exact location,KBDL-A11Y-021,Specification location,accessibility.md#25-target-sizing-and-spacing; accessibility.md#49-accessibility-decision-packet,field-source-registry.csv ledger value,Normative requirement location / approved multi-location rule,None,LOCATION_MISMATCH,exact-location-audit.csv,VAL-006; VAL-007,KBDL-A11Y-021,,,,,Containing normative location = 'accessibility.md#47-normative-requirements'; explicit normative location = 'accessibility.md#25-target-sizing-and-spacing'; readable-group supported locations = 'accessibility.md#25-target-sizing-and-spacing'; exact expected locations = 'accessibility.md#25-target-sizing-and-spacing'; all anchors resolve = True; exact comparison = False.,No approach recommended; options only: CONFIRM DERIVED LOCATION / CONFIRM EXISTING LOCATION WITH SOURCE / REVISE LOCATION / PROVIDE ORIGINAL EVIDENCE / DEFER DECISION,Confirming the ledger location over the derived location (or vice versa) both remain live options pending owner review.,Multiple locations may be legitimate (containing section vs. exact subsection); changing either source carries anchor-breakage risk.,"Confirm which location is authoritative for this requirement, or supply original evidence.","A future exact-location correction prompt for KBDL-A11Y-021, only after an explicit owner decision and separate validation.",Planning-agent validation of the recorded decision before any implementation action.,PENDING,PENDING,PENDING,VALUE REVISION DECISION REQUIRED,
SMR1-LOC-0005,Exact location,KBDL-A11Y-035,Specification location,accessibility.md#39-screen-reader-behavior; accessibility.md#49-accessibility-decision-packet,field-source-registry.csv ledger value,Normative requirement location / approved multi-location rule,None,LOCATION_MISMATCH,exact-location-audit.csv,VAL-006; VAL-007,KBDL-A11Y-035,,,,,Containing normative location = 'accessibility.md#47-normative-requirements'; explicit normative location = 'accessibility.md#39-screen-reader-behavior'; readable-group supported locations = 'accessibility.md#39-screen-reader-behavior'; exact expected locations = 'accessibility.md#39-screen-reader-behavior'; all anchors resolve = True; exact comparison = False.,No approach recommended; options only: CONFIRM DERIVED LOCATION / CONFIRM EXISTING LOCATION WITH SOURCE / REVISE LOCATION / PROVIDE ORIGINAL EVIDENCE / DEFER DECISION,Confirming the ledger location over the derived location (or vice versa) both remain live options pending owner review.,Multiple locations may be legitimate (containing section vs. exact subsection); changing either source carries anchor-breakage risk.,"Confirm which location is authoritative for this requirement, or supply original evidence.","A future exact-location correction prompt for KBDL-A11Y-035, only after an explicit owner decision and separate validation.",Planning-agent validation of the recorded decision before any implementation action.,PENDING,PENDING,PENDING,VALUE REVISION DECISION REQUIRED,
SMR1-LOC-0006,Exact location,KBDL-CMP-001,Specification location,components-core.md#6-shared-component-contract; components-core.md#7-component-anatomy-model,field-source-registry.csv ledger value,Normative requirement location / approved multi-location rule,None,LOCATION_MISMATCH,exact-location-audit.csv,VAL-006; VAL-007,KBDL-CMP-001,,,,,Containing normative location = 'components-core.md#30-normative-requirements'; explicit normative location = 'components-core.md#6-shared-component-contract'; readable-group supported locations = 'components-core.md#6-shared-component-contract'; exact expected locations = 'components-core.md#6-shared-component-contract'; all anchors resolve = True; exact comparison = False.,No approach recommended; options only: CONFIRM DERIVED LOCATION / CONFIRM EXISTING LOCATION WITH SOURCE / REVISE LOCATION / PROVIDE ORIGINAL EVIDENCE / DEFER DECISION,Confirming the ledger location over the derived location (or vice versa) both remain live options pending owner review.,Multiple locations may be legitimate (containing section vs. exact subsection); changing either source carries anchor-breakage risk.,"Confirm which location is authoritative for this requirement, or supply original evidence.","A future exact-location correction prompt for KBDL-CMP-001, only after an explicit owner decision and separate validation.",Planning-agent validation of the recorded decision before any implementation action.,PENDING,PENDING,PENDING,VALUE REVISION DECISION REQUIRED,
SMR1-LOC-0007,Exact location,KBDL-CMP-004,Specification location,components-core.md#8-component-state-model; components-core.md#9-interaction-state-priority,field-source-registry.csv ledger value,Normative requirement location / approved multi-location rule,None,LOCATION_MISMATCH,exact-location-audit.csv,VAL-006; VAL-007,KBDL-CMP-004,,,,,Containing normative location = 'components-core.md#30-normative-requirements'; explicit normative location = 'components-core.md#8-component-state-model'; readable-group supported locations = 'components-core.md#8-component-state-model'; exact expected locations = 'components-core.md#8-component-state-model'; all anchors resolve = True; exact comparison = False.,No approach recommended; options only: CONFIRM DERIVED LOCATION / CONFIRM EXISTING LOCATION WITH SOURCE / REVISE LOCATION / PROVIDE ORIGINAL EVIDENCE / DEFER DECISION,Confirming the ledger location over the derived location (or vice versa) both remain live options pending owner review.,Multiple locations may be legitimate (containing section vs. exact subsection); changing either source carries anchor-breakage risk.,"Confirm which location is authoritative for this requirement, or supply original evidence.","A future exact-location correction prompt for KBDL-CMP-004, only after an explicit owner decision and separate validation.",Planning-agent validation of the recorded decision before any implementation action.,PENDING,PENDING,PENDING,VALUE REVISION DECISION REQUIRED,
SMR1-LOC-0008,Exact location,KBDL-CMP-015,Specification location,components-core.md#201-button; components-core.md#35-kbdl-007-decision-packet,field-source-registry.csv ledger value,Normative requirement location / approved multi-location rule,None,LOCATION_MISMATCH,exact-location-audit.csv,VAL-006; VAL-007,KBDL-CMP-015,,,,,Containing normative location = 'components-core.md#30-normative-requirements'; explicit normative location = 'components-core.md#201-button'; readable-group supported locations = 'components-core.md#201-button'; exact expected locations = 'components-core.md#201-button'; all anchors resolve = True; exact comparison = False.,No approach recommended; options only: CONFIRM DERIVED LOCATION / CONFIRM EXISTING LOCATION WITH SOURCE / REVISE LOCATION / PROVIDE ORIGINAL EVIDENCE / DEFER DECISION,Confirming the ledger location over the derived location (or vice versa) both remain live options pending owner review.,Multiple locations may be legitimate (containing section vs. exact subsection); changing either source carries anchor-breakage risk.,"Confirm which location is authoritative for this requirement, or supply original evidence.","A future exact-location correction prompt for KBDL-CMP-015, only after an explicit owner decision and separate validation.",Planning-agent validation of the recorded decision before any implementation action.,PENDING,PENDING,PENDING,VALUE REVISION DECISION REQUIRED,
SMR1-LOC-0009,Exact location,KBDL-CMP-020,Specification location,components-core.md#205-button-group; components-core.md#35-kbdl-007-decision-packet,field-source-registry.csv ledger value,Normative requirement location / approved multi-location rule,None,LOCATION_MISMATCH,exact-location-audit.csv,VAL-006; VAL-007,KBDL-CMP-020,,,,,Containing normative location = 'components-core.md#30-normative-requirements'; explicit normative location = 'components-core.md#205-button-group'; readable-group supported locations = 'components-core.md#205-button-group'; exact expected locations = 'components-core.md#205-button-group'; all anchors resolve = True; exact comparison = False.,No approach recommended; options only: CONFIRM DERIVED LOCATION / CONFIRM EXISTING LOCATION WITH SOURCE / REVISE LOCATION / PROVIDE ORIGINAL EVIDENCE / DEFER DECISION,Confirming the ledger location over the derived location (or vice versa) both remain live options pending owner review.,Multiple locations may be legitimate (containing section vs. exact subsection); changing either source carries anchor-breakage risk.,"Confirm which location is authoritative for this requirement, or supply original evidence.","A future exact-location correction prompt for KBDL-CMP-020, only after an explicit owner decision and separate validation.",Planning-agent validation of the recorded decision before any implementation action.,PENDING,PENDING,PENDING,VALUE REVISION DECISION REQUIRED,
SMR1-LOC-0010,Exact location,KBDL-CMP-054,Specification location,components-system.md#91-container-surface; components-system.md#92-panel,field-source-registry.csv ledger value,Normative requirement location / approved multi-location rule,None,LOCATION_MISMATCH,exact-location-audit.csv,VAL-006; VAL-007,KBDL-CMP-054,,,,,Containing normative location = 'components-system.md#91-container-surface'; explicit normative location = 'components-system.md#91-container-surface'; readable-group supported locations = 'components-system.md#91-container-surface'; exact expected locations = 'components-system.md#91-container-surface'; all anchors resolve = True; exact comparison = False.,No approach recommended; options only: CONFIRM DERIVED LOCATION / CONFIRM EXISTING LOCATION WITH SOURCE / REVISE LOCATION / PROVIDE ORIGINAL EVIDENCE / DEFER DECISION,Confirming the ledger location over the derived location (or vice versa) both remain live options pending owner review.,Multiple locations may be legitimate (containing section vs. exact subsection); changing either source carries anchor-breakage risk.,"Confirm which location is authoritative for this requirement, or supply original evidence.","A future exact-location correction prompt for KBDL-CMP-054, only after an explicit owner decision and separate validation.",Planning-agent validation of the recorded decision before any implementation action.,PENDING,PENDING,PENDING,VALUE REVISION DECISION REQUIRED,
SMR1-LOC-0011,Exact location,KBDL-CMP-057,Specification location,components-system.md#10-overlay-architecture; components-system.md#112-popover-or-non-modal-dialog,field-source-registry.csv ledger value,Normative requirement location / approved multi-location rule,None,LOCATION_MISMATCH,exact-location-audit.csv,VAL-006; VAL-007,KBDL-CMP-057,,,,,Containing normative location = 'components-system.md#10-overlay-architecture'; explicit normative location = 'components-system.md#10-overlay-architecture'; readable-group supported locations = 'components-system.md#10-overlay-architecture'; exact expected locations = 'components-system.md#10-overlay-architecture'; all anchors resolve = True; exact comparison = False.,No approach recommended; options only: CONFIRM DERIVED LOCATION / CONFIRM EXISTING LOCATION WITH SOURCE / REVISE LOCATION / PROVIDE ORIGINAL EVIDENCE / DEFER DECISION,Confirming the ledger location over the derived location (or vice versa) both remain live options pending owner review.,Multiple locations may be legitimate (containing section vs. exact subsection); changing either source carries anchor-breakage risk.,"Confirm which location is authoritative for this requirement, or supply original evidence.","A future exact-location correction prompt for KBDL-CMP-057, only after an explicit owner decision and separate validation.",Planning-agent validation of the recorded decision before any implementation action.,PENDING,PENDING,PENDING,VALUE REVISION DECISION REQUIRED,
SMR1-LOC-0012,Exact location,KBDL-CMP-058,Specification location,components-system.md#10-overlay-architecture; components-system.md#20-focus-and-modality,field-source-registry.csv ledger value,Normative requirement location / approved multi-location rule,None,LOCATION_MISMATCH,exact-location-audit.csv,VAL-006; VAL-007,KBDL-CMP-058,,,,,Containing normative location = 'components-system.md#10-overlay-architecture'; explicit normative location = 'components-system.md#10-overlay-architecture'; readable-group supported locations = 'components-system.md#10-overlay-architecture'; exact expected locations = 'components-system.md#10-overlay-architecture'; all anchors resolve = True; exact comparison = False.,No approach recommended; options only: CONFIRM DERIVED LOCATION / CONFIRM EXISTING LOCATION WITH SOURCE / REVISE LOCATION / PROVIDE ORIGINAL EVIDENCE / DEFER DECISION,Confirming the ledger location over the derived location (or vice versa) both remain live options pending owner review.,Multiple locations may be legitimate (containing section vs. exact subsection); changing either source carries anchor-breakage risk.,"Confirm which location is authoritative for this requirement, or supply original evidence.","A future exact-location correction prompt for KBDL-CMP-058, only after an explicit owner decision and separate validation.",Planning-agent validation of the recorded decision before any implementation action.,PENDING,PENDING,PENDING,VALUE REVISION DECISION REQUIRED,
SMR1-LOC-0013,Exact location,KBDL-CMP-059,Specification location,components-system.md#10-overlay-architecture; components-system.md#21-dismissal-and-persistence,field-source-registry.csv ledger value,Normative requirement location / approved multi-location rule,None,LOCATION_MISMATCH,exact-location-audit.csv,VAL-006; VAL-007,KBDL-CMP-059,,,,,Containing normative location = 'components-system.md#10-overlay-architecture'; explicit normative location = 'components-system.md#10-overlay-architecture'; readable-group supported locations = 'components-system.md#10-overlay-architecture'; exact expected locations = 'components-system.md#10-overlay-architecture'; all anchors resolve = True; exact comparison = False.,No approach recommended; options only: CONFIRM DERIVED LOCATION / CONFIRM EXISTING LOCATION WITH SOURCE / REVISE LOCATION / PROVIDE ORIGINAL EVIDENCE / DEFER DECISION,Confirming the ledger location over the derived location (or vice versa) both remain live options pending owner review.,Multiple locations may be legitimate (containing section vs. exact subsection); changing either source carries anchor-breakage risk.,"Confirm which location is authoritative for this requirement, or supply original evidence.","A future exact-location correction prompt for KBDL-CMP-059, only after an explicit owner decision and separate validation.",Planning-agent validation of the recorded decision before any implementation action.,PENDING,PENDING,PENDING,VALUE REVISION DECISION REQUIRED,
SMR1-LOC-0014,Exact location,KBDL-CMP-060,Specification location,components-system.md#10-overlay-architecture; components-system.md#31-theme-and-motion-validation-matrix,field-source-registry.csv ledger value,Normative requirement location / approved multi-location rule,None,LOCATION_MISMATCH,exact-location-audit.csv,VAL-006; VAL-007,KBDL-CMP-060,,,,,Containing normative location = 'components-system.md#10-overlay-architecture'; explicit normative location = 'components-system.md#10-overlay-architecture'; readable-group supported locations = 'components-system.md#10-overlay-architecture'; exact expected locations = 'components-system.md#10-overlay-architecture'; all anchors resolve = True; exact comparison = False.,No approach recommended; options only: CONFIRM DERIVED LOCATION / CONFIRM EXISTING LOCATION WITH SOURCE / REVISE LOCATION / PROVIDE ORIGINAL EVIDENCE / DEFER DECISION,Confirming the ledger location over the derived location (or vice versa) both remain live options pending owner review.,Multiple locations may be legitimate (containing section vs. exact subsection); changing either source carries anchor-breakage risk.,"Confirm which location is authoritative for this requirement, or supply original evidence.","A future exact-location correction prompt for KBDL-CMP-060, only after an explicit owner decision and separate validation.",Planning-agent validation of the recorded decision before any implementation action.,PENDING,PENDING,PENDING,VALUE REVISION DECISION REQUIRED,
SMR1-LOC-0015,Exact location,KBDL-CMP-061,Specification location,components-system.md#13-feedback-architecture; components-system.md#15-system-state-architecture,field-source-registry.csv ledger value,Normative requirement location / approved multi-location rule,None,LOCATION_MISMATCH,exact-location-audit.csv,VAL-006; VAL-007,KBDL-CMP-061,,,,,Containing normative location = 'components-system.md#13-feedback-architecture'; explicit normative location = 'components-system.md#13-feedback-architecture'; readable-group supported locations = 'components-system.md#13-feedback-architecture'; exact expected locations = 'components-system.md#13-feedback-architecture'; all anchors resolve = True; exact comparison = False.,No approach recommended; options only: CONFIRM DERIVED LOCATION / CONFIRM EXISTING LOCATION WITH SOURCE / REVISE LOCATION / PROVIDE ORIGINAL EVIDENCE / DEFER DECISION,Confirming the ledger location over the derived location (or vice versa) both remain live options pending owner review.,Multiple locations may be legitimate (containing section vs. exact subsection); changing either source carries anchor-breakage risk.,"Confirm which location is authoritative for this requirement, or supply original evidence.","A future exact-location correction prompt for KBDL-CMP-061, only after an explicit owner decision and separate validation.",Planning-agent validation of the recorded decision before any implementation action.,PENDING,PENDING,PENDING,VALUE REVISION DECISION REQUIRED,
SMR1-LOC-0016,Exact location,KBDL-CMP-062,Specification location,components-system.md#8-surface-architecture; components-system.md#17-complex-presentation-architecture,field-source-registry.csv ledger value,Normative requirement location / approved multi-location rule,None,LOCATION_MISMATCH,exact-location-audit.csv,VAL-006; VAL-007,KBDL-CMP-062,,,,,Containing normative location = 'components-system.md#8-surface-architecture'; explicit normative location = 'components-system.md#8-surface-architecture'; readable-group supported locations = 'components-system.md#8-surface-architecture'; exact expected locations = 'components-system.md#8-surface-architecture'; all anchors resolve = True; exact comparison = False.,No approach recommended; options only: CONFIRM DERIVED LOCATION / CONFIRM EXISTING LOCATION WITH SOURCE / REVISE LOCATION / PROVIDE ORIGINAL EVIDENCE / DEFER DECISION,Confirming the ledger location over the derived location (or vice versa) both remain live options pending owner review.,Multiple locations may be legitimate (containing section vs. exact subsection); changing either source carries anchor-breakage risk.,"Confirm which location is authoritative for this requirement, or supply original evidence.","A future exact-location correction prompt for KBDL-CMP-062, only after an explicit owner decision and separate validation.",Planning-agent validation of the recorded decision before any implementation action.,PENDING,PENDING,PENDING,VALUE REVISION DECISION REQUIRED,
SMR1-LOC-0017,Exact location,KBDL-CMP-067,Specification location,components-system.md#93-card; components-system.md#33-kbdl-008-decision-packet,field-source-registry.csv ledger value,Normative requirement location / approved multi-location rule,None,LOCATION_MISMATCH,exact-location-audit.csv,VAL-006; VAL-007,KBDL-CMP-067,,,,,Containing normative location = 'components-system.md#93-card'; explicit normative location = 'components-system.md#93-card'; readable-group supported locations = 'components-system.md#93-card'; exact expected locations = 'components-system.md#93-card'; all anchors resolve = True; exact comparison = False.,No approach recommended; options only: CONFIRM DERIVED LOCATION / CONFIRM EXISTING LOCATION WITH SOURCE / REVISE LOCATION / PROVIDE ORIGINAL EVIDENCE / DEFER DECISION,Confirming the ledger location over the derived location (or vice versa) both remain live options pending owner review.,Multiple locations may be legitimate (containing section vs. exact subsection); changing either source carries anchor-breakage risk.,"Confirm which location is authoritative for this requirement, or supply original evidence.","A future exact-location correction prompt for KBDL-CMP-067, only after an explicit owner decision and separate validation.",Planning-agent validation of the recorded decision before any implementation action.,PENDING,PENDING,PENDING,VALUE REVISION DECISION REQUIRED,
SMR1-LOC-0018,Exact location,KBDL-CMP-069,Specification location,components-system.md#94-accordion-surface; components-system.md#33-kbdl-008-decision-packet,field-source-registry.csv ledger value,Normative requirement location / approved multi-location rule,None,LOCATION_MISMATCH,exact-location-audit.csv,VAL-006; VAL-007,KBDL-CMP-069,,,,,Containing normative location = 'components-system.md#94-accordion-surface'; explicit normative location = 'components-system.md#94-accordion-surface'; readable-group supported locations = 'components-system.md#94-accordion-surface'; exact expected locations = 'components-system.md#94-accordion-surface'; all anchors resolve = True; exact comparison = False.,No approach recommended; options only: CONFIRM DERIVED LOCATION / CONFIRM EXISTING LOCATION WITH SOURCE / REVISE LOCATION / PROVIDE ORIGINAL EVIDENCE / DEFER DECISION,Confirming the ledger location over the derived location (or vice versa) both remain live options pending owner review.,Multiple locations may be legitimate (containing section vs. exact subsection); changing either source carries anchor-breakage risk.,"Confirm which location is authoritative for this requirement, or supply original evidence.","A future exact-location correction prompt for KBDL-CMP-069, only after an explicit owner decision and separate validation.",Planning-agent validation of the recorded decision before any implementation action.,PENDING,PENDING,PENDING,VALUE REVISION DECISION REQUIRED,
SMR1-LOC-0019,Exact location,KBDL-CMP-070,Specification location,components-system.md#95-static-data-table; components-system.md#181-interactive-grid,field-source-registry.csv ledger value,Normative requirement location / approved multi-location rule,None,LOCATION_MISMATCH,exact-location-audit.csv,VAL-006; VAL-007,KBDL-CMP-070,,,,,Containing normative location = 'components-system.md#95-static-data-table'; explicit normative location = 'components-system.md#95-static-data-table'; readable-group supported locations = 'components-system.md#95-static-data-table'; exact expected locations = 'components-system.md#95-static-data-table'; all anchors resolve = True; exact comparison = False.,No approach recommended; options only: CONFIRM DERIVED LOCATION / CONFIRM EXISTING LOCATION WITH SOURCE / REVISE LOCATION / PROVIDE ORIGINAL EVIDENCE / DEFER DECISION,Confirming the ledger location over the derived location (or vice versa) both remain live options pending owner review.,Multiple locations may be legitimate (containing section vs. exact subsection); changing either source carries anchor-breakage risk.,"Confirm which location is authoritative for this requirement, or supply original evidence.","A future exact-location correction prompt for KBDL-CMP-070, only after an explicit owner decision and separate validation.",Planning-agent validation of the recorded decision before any implementation action.,PENDING,PENDING,PENDING,VALUE REVISION DECISION REQUIRED,
SMR1-LOC-0020,Exact location,KBDL-CMP-071,Specification location,components-system.md#10-overlay-architecture; components-system.md#115-dialog; components-system.md#116-modal-dialog,field-source-registry.csv ledger value,Normative requirement location / approved multi-location rule,None,LOCATION_MISMATCH,exact-location-audit.csv,VAL-006; VAL-007,KBDL-CMP-071,,,,,Containing normative location = 'components-system.md#10-overlay-architecture'; explicit normative location = 'components-system.md#10-overlay-architecture'; readable-group supported locations = 'components-system.md#10-overlay-architecture'; exact expected locations = 'components-system.md#10-overlay-architecture'; all anchors resolve = True; exact comparison = False.,No approach recommended; options only: CONFIRM DERIVED LOCATION / CONFIRM EXISTING LOCATION WITH SOURCE / REVISE LOCATION / PROVIDE ORIGINAL EVIDENCE / DEFER DECISION,Confirming the ledger location over the derived location (or vice versa) both remain live options pending owner review.,Multiple locations may be legitimate (containing section vs. exact subsection); changing either source carries anchor-breakage risk.,"Confirm which location is authoritative for this requirement, or supply original evidence.","A future exact-location correction prompt for KBDL-CMP-071, only after an explicit owner decision and separate validation.",Planning-agent validation of the recorded decision before any implementation action.,PENDING,PENDING,PENDING,VALUE REVISION DECISION REQUIRED,
SMR1-LOC-0021,Exact location,KBDL-CMP-073,Specification location,components-system.md#111-tooltip; components-system.md#33-kbdl-008-decision-packet,field-source-registry.csv ledger value,Normative requirement location / approved multi-location rule,None,LOCATION_MISMATCH,exact-location-audit.csv,VAL-006; VAL-007,KBDL-CMP-073,,,,,Containing normative location = 'components-system.md#111-tooltip'; explicit normative location = 'components-system.md#111-tooltip'; readable-group supported locations = 'components-system.md#111-tooltip'; exact expected locations = 'components-system.md#111-tooltip'; all anchors resolve = True; exact comparison = False.,No approach recommended; options only: CONFIRM DERIVED LOCATION / CONFIRM EXISTING LOCATION WITH SOURCE / REVISE LOCATION / PROVIDE ORIGINAL EVIDENCE / DEFER DECISION,Confirming the ledger location over the derived location (or vice versa) both remain live options pending owner review.,Multiple locations may be legitimate (containing section vs. exact subsection); changing either source carries anchor-breakage risk.,"Confirm which location is authoritative for this requirement, or supply original evidence.","A future exact-location correction prompt for KBDL-CMP-073, only after an explicit owner decision and separate validation.",Planning-agent validation of the recorded decision before any implementation action.,PENDING,PENDING,PENDING,VALUE REVISION DECISION REQUIRED,
SMR1-LOC-0022,Exact location,KBDL-CMP-074,Specification location,components-system.md#112-popover-or-non-modal-dialog; components-system.md#33-kbdl-008-decision-packet,field-source-registry.csv ledger value,Normative requirement location / approved multi-location rule,None,LOCATION_MISMATCH,exact-location-audit.csv,VAL-006; VAL-007,KBDL-CMP-074,,,,,Containing normative location = 'components-system.md#112-popover-or-non-modal-dialog'; explicit normative location = 'components-system.md#112-popover-or-non-modal-dialog'; readable-group supported locations = 'components-system.md#112-popover-or-non-modal-dialog'; exact expected locations = 'components-system.md#112-popover-or-non-modal-dialog'; all anchors resolve = True; exact comparison = False.,No approach recommended; options only: CONFIRM DERIVED LOCATION / CONFIRM EXISTING LOCATION WITH SOURCE / REVISE LOCATION / PROVIDE ORIGINAL EVIDENCE / DEFER DECISION,Confirming the ledger location over the derived location (or vice versa) both remain live options pending owner review.,Multiple locations may be legitimate (containing section vs. exact subsection); changing either source carries anchor-breakage risk.,"Confirm which location is authoritative for this requirement, or supply original evidence.","A future exact-location correction prompt for KBDL-CMP-074, only after an explicit owner decision and separate validation.",Planning-agent validation of the recorded decision before any implementation action.,PENDING,PENDING,PENDING,VALUE REVISION DECISION REQUIRED,
SMR1-LOC-0023,Exact location,KBDL-CMP-076,Specification location,components-system.md#113-menu-surface; components-system.md#33-kbdl-008-decision-packet,field-source-registry.csv ledger value,Normative requirement location / approved multi-location rule,None,LOCATION_MISMATCH,exact-location-audit.csv,VAL-006; VAL-007,KBDL-CMP-076,,,,,Containing normative location = 'components-system.md#113-menu-surface'; explicit normative location = 'components-system.md#113-menu-surface'; readable-group supported locations = 'components-system.md#113-menu-surface'; exact expected locations = 'components-system.md#113-menu-surface'; all anchors resolve = True; exact comparison = False.,No approach recommended; options only: CONFIRM DERIVED LOCATION / CONFIRM EXISTING LOCATION WITH SOURCE / REVISE LOCATION / PROVIDE ORIGINAL EVIDENCE / DEFER DECISION,Confirming the ledger location over the derived location (or vice versa) both remain live options pending owner review.,Multiple locations may be legitimate (containing section vs. exact subsection); changing either source carries anchor-breakage risk.,"Confirm which location is authoritative for this requirement, or supply original evidence.","A future exact-location correction prompt for KBDL-CMP-076, only after an explicit owner decision and separate validation.",Planning-agent validation of the recorded decision before any implementation action.,PENDING,PENDING,PENDING,VALUE REVISION DECISION REQUIRED,
SMR1-LOC-0024,Exact location,KBDL-CMP-080,Specification location,components-system.md#116-modal-dialog; components-system.md#33-kbdl-008-decision-packet,field-source-registry.csv ledger value,Normative requirement location / approved multi-location rule,None,LOCATION_MISMATCH,exact-location-audit.csv,VAL-006; VAL-007,KBDL-CMP-080,,,,,Containing normative location = 'components-system.md#116-modal-dialog'; explicit normative location = 'components-system.md#116-modal-dialog'; readable-group supported locations = 'components-system.md#116-modal-dialog'; exact expected locations = 'components-system.md#116-modal-dialog'; all anchors resolve = True; exact comparison = False.,No approach recommended; options only: CONFIRM DERIVED LOCATION / CONFIRM EXISTING LOCATION WITH SOURCE / REVISE LOCATION / PROVIDE ORIGINAL EVIDENCE / DEFER DECISION,Confirming the ledger location over the derived location (or vice versa) both remain live options pending owner review.,Multiple locations may be legitimate (containing section vs. exact subsection); changing either source carries anchor-breakage risk.,"Confirm which location is authoritative for this requirement, or supply original evidence.","A future exact-location correction prompt for KBDL-CMP-080, only after an explicit owner decision and separate validation.",Planning-agent validation of the recorded decision before any implementation action.,PENDING,PENDING,PENDING,VALUE REVISION DECISION REQUIRED,
SMR1-LOC-0025,Exact location,KBDL-CMP-083,Specification location,components-system.md#118-drawer-and-sheet; components-system.md#33-kbdl-008-decision-packet,field-source-registry.csv ledger value,Normative requirement location / approved multi-location rule,None,LOCATION_MISMATCH,exact-location-audit.csv,VAL-006; VAL-007,KBDL-CMP-083,,,,,Containing normative location = 'components-system.md#118-drawer-and-sheet'; explicit normative location = 'components-system.md#118-drawer-and-sheet'; readable-group supported locations = 'components-system.md#118-drawer-and-sheet'; exact expected locations = 'components-system.md#118-drawer-and-sheet'; all anchors resolve = True; exact comparison = False.,No approach recommended; options only: CONFIRM DERIVED LOCATION / CONFIRM EXISTING LOCATION WITH SOURCE / REVISE LOCATION / PROVIDE ORIGINAL EVIDENCE / DEFER DECISION,Confirming the ledger location over the derived location (or vice versa) both remain live options pending owner review.,Multiple locations may be legitimate (containing section vs. exact subsection); changing either source carries anchor-breakage risk.,"Confirm which location is authoritative for this requirement, or supply original evidence.","A future exact-location correction prompt for KBDL-CMP-083, only after an explicit owner decision and separate validation.",Planning-agent validation of the recorded decision before any implementation action.,PENDING,PENDING,PENDING,VALUE REVISION DECISION REQUIRED,
SMR1-LOC-0026,Exact location,KBDL-CMP-085,Specification location,components-system.md#12-overlay-layering-and-nesting; components-system.md#33-kbdl-008-decision-packet,field-source-registry.csv ledger value,Normative requirement location / approved multi-location rule,None,LOCATION_MISMATCH,exact-location-audit.csv,VAL-006; VAL-007,KBDL-CMP-085,,,,,Containing normative location = 'components-system.md#12-overlay-layering-and-nesting'; explicit normative location = 'components-system.md#12-overlay-layering-and-nesting'; readable-group supported locations = 'components-system.md#12-overlay-layering-and-nesting'; exact expected locations = 'components-system.md#12-overlay-layering-and-nesting'; all anchors resolve = True; exact comparison = False.,No approach recommended; options only: CONFIRM DERIVED LOCATION / CONFIRM EXISTING LOCATION WITH SOURCE / REVISE LOCATION / PROVIDE ORIGINAL EVIDENCE / DEFER DECISION,Confirming the ledger location over the derived location (or vice versa) both remain live options pending owner review.,Multiple locations may be legitimate (containing section vs. exact subsection); changing either source carries anchor-breakage risk.,"Confirm which location is authoritative for this requirement, or supply original evidence.","A future exact-location correction prompt for KBDL-CMP-085, only after an explicit owner decision and separate validation.",Planning-agent validation of the recorded decision before any implementation action.,PENDING,PENDING,PENDING,VALUE REVISION DECISION REQUIRED,
SMR1-LOC-0027,Exact location,KBDL-CMP-089,Specification location,components-system.md#143-banner; components-system.md#33-kbdl-008-decision-packet,field-source-registry.csv ledger value,Normative requirement location / approved multi-location rule,None,LOCATION_MISMATCH,exact-location-audit.csv,VAL-006; VAL-007,KBDL-CMP-089,,,,,Containing normative location = 'components-system.md#143-banner'; explicit normative location = 'components-system.md#143-banner'; readable-group supported locations = 'components-system.md#143-banner'; exact expected locations = 'components-system.md#143-banner'; all anchors resolve = True; exact comparison = False.,No approach recommended; options only: CONFIRM DERIVED LOCATION / CONFIRM EXISTING LOCATION WITH SOURCE / REVISE LOCATION / PROVIDE ORIGINAL EVIDENCE / DEFER DECISION,Confirming the ledger location over the derived location (or vice versa) both remain live options pending owner review.,Multiple locations may be legitimate (containing section vs. exact subsection); changing either source carries anchor-breakage risk.,"Confirm which location is authoritative for this requirement, or supply original evidence.","A future exact-location correction prompt for KBDL-CMP-089, only after an explicit owner decision and separate validation.",Planning-agent validation of the recorded decision before any implementation action.,PENDING,PENDING,PENDING,VALUE REVISION DECISION REQUIRED,
SMR1-LOC-0028,Exact location,KBDL-CMP-091,Specification location,components-system.md#144-toast-or-snackbar; components-system.md#33-kbdl-008-decision-packet,field-source-registry.csv ledger value,Normative requirement location / approved multi-location rule,None,LOCATION_MISMATCH,exact-location-audit.csv,VAL-006; VAL-007,KBDL-CMP-091,,,,,Containing normative location = 'components-system.md#144-toast-or-snackbar'; explicit normative location = 'components-system.md#144-toast-or-snackbar'; readable-group supported locations = 'components-system.md#144-toast-or-snackbar'; exact expected locations = 'components-system.md#144-toast-or-snackbar'; all anchors resolve = True; exact comparison = False.,No approach recommended; options only: CONFIRM DERIVED LOCATION / CONFIRM EXISTING LOCATION WITH SOURCE / REVISE LOCATION / PROVIDE ORIGINAL EVIDENCE / DEFER DECISION,Confirming the ledger location over the derived location (or vice versa) both remain live options pending owner review.,Multiple locations may be legitimate (containing section vs. exact subsection); changing either source carries anchor-breakage risk.,"Confirm which location is authoritative for this requirement, or supply original evidence.","A future exact-location correction prompt for KBDL-CMP-091, only after an explicit owner decision and separate validation.",Planning-agent validation of the recorded decision before any implementation action.,PENDING,PENDING,PENDING,VALUE REVISION DECISION REQUIRED,
SMR1-LOC-0029,Exact location,KBDL-CMP-099,Specification location,components-system.md#162-empty-state; components-system.md#33-kbdl-008-decision-packet,field-source-registry.csv ledger value,Normative requirement location / approved multi-location rule,None,LOCATION_MISMATCH,exact-location-audit.csv,VAL-006; VAL-007,KBDL-CMP-099,,,,,Containing normative location = 'components-system.md#162-empty-state'; explicit normative location = 'components-system.md#162-empty-state'; readable-group supported locations = 'components-system.md#162-empty-state'; exact expected locations = 'components-system.md#162-empty-state'; all anchors resolve = True; exact comparison = False.,No approach recommended; options only: CONFIRM DERIVED LOCATION / CONFIRM EXISTING LOCATION WITH SOURCE / REVISE LOCATION / PROVIDE ORIGINAL EVIDENCE / DEFER DECISION,Confirming the ledger location over the derived location (or vice versa) both remain live options pending owner review.,Multiple locations may be legitimate (containing section vs. exact subsection); changing either source carries anchor-breakage risk.,"Confirm which location is authoritative for this requirement, or supply original evidence.","A future exact-location correction prompt for KBDL-CMP-099, only after an explicit owner decision and separate validation.",Planning-agent validation of the recorded decision before any implementation action.,PENDING,PENDING,PENDING,VALUE REVISION DECISION REQUIRED,
SMR1-LOC-0030,Exact location,KBDL-CMP-102,Specification location,components-system.md#164-error-state; components-system.md#168-maintenance-unavailable-and-degraded-state; components-system.md#33-kbdl-008-decision-packet,field-source-registry.csv ledger value,Normative requirement location / approved multi-location rule,None,LOCATION_MISMATCH,exact-location-audit.csv,VAL-006; VAL-007,KBDL-CMP-102,,,,,Containing normative location = 'components-system.md#164-error-state'; explicit normative location = 'components-system.md#164-error-state'; readable-group supported locations = 'components-system.md#164-error-state'; exact expected locations = 'components-system.md#164-error-state'; all anchors resolve = True; exact comparison = False.,No approach recommended; options only: CONFIRM DERIVED LOCATION / CONFIRM EXISTING LOCATION WITH SOURCE / REVISE LOCATION / PROVIDE ORIGINAL EVIDENCE / DEFER DECISION,Confirming the ledger location over the derived location (or vice versa) both remain live options pending owner review.,Multiple locations may be legitimate (containing section vs. exact subsection); changing either source carries anchor-breakage risk.,"Confirm which location is authoritative for this requirement, or supply original evidence.","A future exact-location correction prompt for KBDL-CMP-102, only after an explicit owner decision and separate validation.",Planning-agent validation of the recorded decision before any implementation action.,PENDING,PENDING,PENDING,VALUE REVISION DECISION REQUIRED,
SMR1-LOC-0031,Exact location,KBDL-CMP-105,Specification location,components-system.md#181-interactive-grid; components-system.md#33-kbdl-008-decision-packet,field-source-registry.csv ledger value,Normative requirement location / approved multi-location rule,None,LOCATION_MISMATCH,exact-location-audit.csv,VAL-006; VAL-007,KBDL-CMP-105,,,,,Containing normative location = 'components-system.md#181-interactive-grid'; explicit normative location = 'components-system.md#181-interactive-grid'; readable-group supported locations = 'components-system.md#181-interactive-grid'; exact expected locations = 'components-system.md#181-interactive-grid'; all anchors resolve = True; exact comparison = False.,No approach recommended; options only: CONFIRM DERIVED LOCATION / CONFIRM EXISTING LOCATION WITH SOURCE / REVISE LOCATION / PROVIDE ORIGINAL EVIDENCE / DEFER DECISION,Confirming the ledger location over the derived location (or vice versa) both remain live options pending owner review.,Multiple locations may be legitimate (containing section vs. exact subsection); changing either source carries anchor-breakage risk.,"Confirm which location is authoritative for this requirement, or supply original evidence.","A future exact-location correction prompt for KBDL-CMP-105, only after an explicit owner decision and separate validation.",Planning-agent validation of the recorded decision before any implementation action.,PENDING,PENDING,PENDING,VALUE REVISION DECISION REQUIRED,
SMR1-LOC-0032,Exact location,KBDL-CMP-106,Specification location,components-system.md#182-tree-and-treegrid; components-system.md#33-kbdl-008-decision-packet,field-source-registry.csv ledger value,Normative requirement location / approved multi-location rule,None,LOCATION_MISMATCH,exact-location-audit.csv,VAL-006; VAL-007,KBDL-CMP-106,,,,,Containing normative location = 'components-system.md#182-tree-and-treegrid'; explicit normative location = 'components-system.md#182-tree-and-treegrid'; readable-group supported locations = 'components-system.md#182-tree-and-treegrid'; exact expected locations = 'components-system.md#182-tree-and-treegrid'; all anchors resolve = True; exact comparison = False.,No approach recommended; options only: CONFIRM DERIVED LOCATION / CONFIRM EXISTING LOCATION WITH SOURCE / REVISE LOCATION / PROVIDE ORIGINAL EVIDENCE / DEFER DECISION,Confirming the ledger location over the derived location (or vice versa) both remain live options pending owner review.,Multiple locations may be legitimate (containing section vs. exact subsection); changing either source carries anchor-breakage risk.,"Confirm which location is authoritative for this requirement, or supply original evidence.","A future exact-location correction prompt for KBDL-CMP-106, only after an explicit owner decision and separate validation.",Planning-agent validation of the recorded decision before any implementation action.,PENDING,PENDING,PENDING,VALUE REVISION DECISION REQUIRED,
SMR1-LOC-0033,Exact location,KBDL-CMP-108,Specification location,components-system.md#183-carousel; components-system.md#33-kbdl-008-decision-packet,field-source-registry.csv ledger value,Normative requirement location / approved multi-location rule,None,LOCATION_MISMATCH,exact-location-audit.csv,VAL-006; VAL-007,KBDL-CMP-108,,,,,Containing normative location = 'components-system.md#183-carousel'; explicit normative location = 'components-system.md#183-carousel'; readable-group supported locations = 'components-system.md#183-carousel'; exact expected locations = 'components-system.md#183-carousel'; all anchors resolve = True; exact comparison = False.,No approach recommended; options only: CONFIRM DERIVED LOCATION / CONFIRM EXISTING LOCATION WITH SOURCE / REVISE LOCATION / PROVIDE ORIGINAL EVIDENCE / DEFER DECISION,Confirming the ledger location over the derived location (or vice versa) both remain live options pending owner review.,Multiple locations may be legitimate (containing section vs. exact subsection); changing either source carries anchor-breakage risk.,"Confirm which location is authoritative for this requirement, or supply original evidence.","A future exact-location correction prompt for KBDL-CMP-108, only after an explicit owner decision and separate validation.",Planning-agent validation of the recorded decision before any implementation action.,PENDING,PENDING,PENDING,VALUE REVISION DECISION REQUIRED,
SMR1-LOC-0034,Exact location,KBDL-CMP-110,Specification location,components-system.md#184-data-visualization; components-system.md#33-kbdl-008-decision-packet,field-source-registry.csv ledger value,Normative requirement location / approved multi-location rule,None,LOCATION_MISMATCH,exact-location-audit.csv,VAL-006; VAL-007,KBDL-CMP-110,,,,,Containing normative location = 'components-system.md#184-data-visualization'; explicit normative location = 'components-system.md#184-data-visualization'; readable-group supported locations = 'components-system.md#184-data-visualization'; exact expected locations = 'components-system.md#184-data-visualization'; all anchors resolve = True; exact comparison = False.,No approach recommended; options only: CONFIRM DERIVED LOCATION / CONFIRM EXISTING LOCATION WITH SOURCE / REVISE LOCATION / PROVIDE ORIGINAL EVIDENCE / DEFER DECISION,Confirming the ledger location over the derived location (or vice versa) both remain live options pending owner review.,Multiple locations may be legitimate (containing section vs. exact subsection); changing either source carries anchor-breakage risk.,"Confirm which location is authoritative for this requirement, or supply original evidence.","A future exact-location correction prompt for KBDL-CMP-110, only after an explicit owner decision and separate validation.",Planning-agent validation of the recorded decision before any implementation action.,PENDING,PENDING,PENDING,VALUE REVISION DECISION REQUIRED,
SMR1-LOC-0035,Exact location,KBDL-CMP-111,Specification location,components-system.md#19-responsive-transformation-policy; components-system.md#33-kbdl-008-decision-packet,field-source-registry.csv ledger value,Normative requirement location / approved multi-location rule,None,LOCATION_MISMATCH,exact-location-audit.csv,VAL-006; VAL-007,KBDL-CMP-111,,,,,Containing normative location = 'components-system.md#19-responsive-transformation-policy'; explicit normative location = 'components-system.md#19-responsive-transformation-policy'; readable-group supported locations = 'components-system.md#19-responsive-transformation-policy'; exact expected locations = 'components-system.md#19-responsive-transformation-policy'; all anchors resolve = True; exact comparison = False.,No approach recommended; options only: CONFIRM DERIVED LOCATION / CONFIRM EXISTING LOCATION WITH SOURCE / REVISE LOCATION / PROVIDE ORIGINAL EVIDENCE / DEFER DECISION,Confirming the ledger location over the derived location (or vice versa) both remain live options pending owner review.,Multiple locations may be legitimate (containing section vs. exact subsection); changing either source carries anchor-breakage risk.,"Confirm which location is authoritative for this requirement, or supply original evidence.","A future exact-location correction prompt for KBDL-CMP-111, only after an explicit owner decision and separate validation.",Planning-agent validation of the recorded decision before any implementation action.,PENDING,PENDING,PENDING,VALUE REVISION DECISION REQUIRED,
SMR1-LOC-0036,Exact location,KBDL-CUS-011,Specification location,customization.md#10-impact-assessment; customization.md#14-validation-and-evidence-planning,field-source-registry.csv ledger value,Normative requirement location / approved multi-location rule,None,LOCATION_MISMATCH,exact-location-audit.csv,VAL-006; VAL-007,KBDL-CUS-011,,,,,Containing normative location = 'customization.md#30-normative-kbdl-cus-requirements'; explicit normative location = 'customization.md#10-impact-assessment'; readable-group supported locations = 'customization.md#10-impact-assessment'; exact expected locations = 'customization.md#10-impact-assessment'; all anchors resolve = True; exact comparison = False.,No approach recommended; options only: CONFIRM DERIVED LOCATION / CONFIRM EXISTING LOCATION WITH SOURCE / REVISE LOCATION / PROVIDE ORIGINAL EVIDENCE / DEFER DECISION,Confirming the ledger location over the derived location (or vice versa) both remain live options pending owner review.,Multiple locations may be legitimate (containing section vs. exact subsection); changing either source carries anchor-breakage risk.,"Confirm which location is authoritative for this requirement, or supply original evidence.","A future exact-location correction prompt for KBDL-CUS-011, only after an explicit owner decision and separate validation.",Planning-agent validation of the recorded decision before any implementation action.,PENDING,PENDING,PENDING,VALUE REVISION DECISION REQUIRED,
SMR1-LOC-0037,Exact location,KBDL-CUS-029,Specification location,customization.md#15-review-expiry-change-and-rollback; customization.md#24-content-and-open-brand-expression,field-source-registry.csv ledger value,Normative requirement location / approved multi-location rule,None,LOCATION_MISMATCH,exact-location-audit.csv,VAL-006; VAL-007,KBDL-CUS-029,,,,,Containing normative location = 'customization.md#30-normative-kbdl-cus-requirements'; explicit normative location = 'customization.md#15-review-expiry-change-and-rollback'; readable-group supported locations = 'customization.md#15-review-expiry-change-and-rollback'; exact expected locations = 'customization.md#15-review-expiry-change-and-rollback'; all anchors resolve = True; exact comparison = False.,No approach recommended; options only: CONFIRM DERIVED LOCATION / CONFIRM EXISTING LOCATION WITH SOURCE / REVISE LOCATION / PROVIDE ORIGINAL EVIDENCE / DEFER DECISION,Confirming the ledger location over the derived location (or vice versa) both remain live options pending owner review.,Multiple locations may be legitimate (containing section vs. exact subsection); changing either source carries anchor-breakage risk.,"Confirm which location is authoritative for this requirement, or supply original evidence.","A future exact-location correction prompt for KBDL-CUS-029, only after an explicit owner decision and separate validation.",Planning-agent validation of the recorded decision before any implementation action.,PENDING,PENDING,PENDING,VALUE REVISION DECISION REQUIRED,
SMR1-LOC-0038,Exact location,KBDL-FND-002,Specification location,foundations/color.md#24-status-roles; foundations/iconography-media.md#11-required-principles-approved,field-source-registry.csv ledger value,Normative requirement location / approved multi-location rule,None,LOCATION_MISMATCH,exact-location-audit.csv,VAL-006; VAL-007,KBDL-FND-002,,,,,Containing normative location = 'foundations/README.md#7-normative-requirements'; explicit normative location = 'foundations/color.md#24-status-roles'; readable-group supported locations = 'foundations/color.md#24-status-roles'; exact expected locations = 'foundations/color.md#24-status-roles'; all anchors resolve = True; exact comparison = False.,No approach recommended; options only: CONFIRM DERIVED LOCATION / CONFIRM EXISTING LOCATION WITH SOURCE / REVISE LOCATION / PROVIDE ORIGINAL EVIDENCE / DEFER DECISION,Confirming the ledger location over the derived location (or vice versa) both remain live options pending owner review.,Multiple locations may be legitimate (containing section vs. exact subsection); changing either source carries anchor-breakage risk.,"Confirm which location is authoritative for this requirement, or supply original evidence.","A future exact-location correction prompt for KBDL-FND-002, only after an explicit owner decision and separate validation.",Planning-agent validation of the recorded decision before any implementation action.,PENDING,PENDING,PENDING,VALUE REVISION DECISION REQUIRED,
SMR1-LOC-0039,Exact location,KBDL-GOV-001,Specification location,governance.md#kbdl-gov-001--specification-architecture-is-established,field-source-registry.csv ledger value,Normative requirement location / approved multi-location rule,None,LOCATION_MISMATCH,exact-location-audit.csv,VAL-006; VAL-007,KBDL-GOV-001,,,,,Containing normative location = 'governance.md#kbdl-governance-and-change-control'; explicit normative location = 'ABSENT'; readable-group supported locations = 'governance.md#kbdl-governance-and-change-control'; exact expected locations = 'governance.md#kbdl-governance-and-change-control'; all anchors resolve = True; exact comparison = False.,No approach recommended; options only: CONFIRM DERIVED LOCATION / CONFIRM EXISTING LOCATION WITH SOURCE / REVISE LOCATION / PROVIDE ORIGINAL EVIDENCE / DEFER DECISION,Confirming the ledger location over the derived location (or vice versa) both remain live options pending owner review.,Multiple locations may be legitimate (containing section vs. exact subsection); changing either source carries anchor-breakage risk.,"Confirm which location is authoritative for this requirement, or supply original evidence.","A future exact-location correction prompt for KBDL-GOV-001, only after an explicit owner decision and separate validation.",Planning-agent validation of the recorded decision before any implementation action.,PENDING,PENDING,PENDING,VALUE REVISION DECISION REQUIRED,
SMR1-LOC-0040,Exact location,KBDL-GOV-002,Specification location,governance.md#kbdl-gov-002--accessibility-requirements-are-protected,field-source-registry.csv ledger value,Normative requirement location / approved multi-location rule,None,LOCATION_MISMATCH,exact-location-audit.csv,VAL-006; VAL-007,KBDL-GOV-002,,,,,Containing normative location = 'governance.md#kbdl-gov-001--specification-architecture-is-established'; explicit normative location = 'ABSENT'; readable-group supported locations = 'governance.md#kbdl-gov-001--specification-architecture-is-established'; exact expected locations = 'governance.md#kbdl-gov-001--specification-architecture-is-established'; all anchors resolve = True; exact comparison = False.,No approach recommended; options only: CONFIRM DERIVED LOCATION / CONFIRM EXISTING LOCATION WITH SOURCE / REVISE LOCATION / PROVIDE ORIGINAL EVIDENCE / DEFER DECISION,Confirming the ledger location over the derived location (or vice versa) both remain live options pending owner review.,Multiple locations may be legitimate (containing section vs. exact subsection); changing either source carries anchor-breakage risk.,"Confirm which location is authoritative for this requirement, or supply original evidence.","A future exact-location correction prompt for KBDL-GOV-002, only after an explicit owner decision and separate validation.",Planning-agent validation of the recorded decision before any implementation action.,PENDING,PENDING,PENDING,VALUE REVISION DECISION REQUIRED,
SMR1-LOC-0041,Exact location,KBDL-GOV-003,Specification location,governance.md#kbdl-gov-003--documentation-governance-process,field-source-registry.csv ledger value,Normative requirement location / approved multi-location rule,None,LOCATION_MISMATCH,exact-location-audit.csv,VAL-006; VAL-007,KBDL-GOV-003,,,,,Containing normative location = 'governance.md#kbdl-gov-002--accessibility-requirements-are-protected'; explicit normative location = 'ABSENT'; readable-group supported locations = 'governance.md#kbdl-gov-002--accessibility-requirements-are-protected'; exact expected locations = 'governance.md#kbdl-gov-002--accessibility-requirements-are-protected'; all anchors resolve = True; exact comparison = False.,No approach recommended; options only: CONFIRM DERIVED LOCATION / CONFIRM EXISTING LOCATION WITH SOURCE / REVISE LOCATION / PROVIDE ORIGINAL EVIDENCE / DEFER DECISION,Confirming the ledger location over the derived location (or vice versa) both remain live options pending owner review.,Multiple locations may be legitimate (containing section vs. exact subsection); changing either source carries anchor-breakage risk.,"Confirm which location is authoritative for this requirement, or supply original evidence.","A future exact-location correction prompt for KBDL-GOV-003, only after an explicit owner decision and separate validation.",Planning-agent validation of the recorded decision before any implementation action.,PENDING,PENDING,PENDING,VALUE REVISION DECISION REQUIRED,
SMR1-LOC-0042,Exact location,KBDL-PRN-001,Specification location,principles.md#1-identity-statement,field-source-registry.csv ledger value,Normative requirement location / approved multi-location rule,None,LOCATION_MISMATCH,exact-location-audit.csv,VAL-006; VAL-007,KBDL-PRN-001,,,,,Containing normative location = 'principles.md#12-normative-requirements'; explicit normative location = 'ABSENT'; readable-group supported locations = 'principles.md#12-normative-requirements'; exact expected locations = 'principles.md#12-normative-requirements'; all anchors resolve = True; exact comparison = False.,No approach recommended; options only: CONFIRM DERIVED LOCATION / CONFIRM EXISTING LOCATION WITH SOURCE / REVISE LOCATION / PROVIDE ORIGINAL EVIDENCE / DEFER DECISION,Confirming the ledger location over the derived location (or vice versa) both remain live options pending owner review.,Multiple locations may be legitimate (containing section vs. exact subsection); changing either source carries anchor-breakage risk.,"Confirm which location is authoritative for this requirement, or supply original evidence.","A future exact-location correction prompt for KBDL-PRN-001, only after an explicit owner decision and separate validation.",Planning-agent validation of the recorded decision before any implementation action.,PENDING,PENDING,PENDING,VALUE REVISION DECISION REQUIRED,
SMR1-LOC-0043,Exact location,KBDL-PRN-002,Specification location,principles.md#4-relationship-between-luxury-and-utility,field-source-registry.csv ledger value,Normative requirement location / approved multi-location rule,None,LOCATION_MISMATCH,exact-location-audit.csv,VAL-006; VAL-007,KBDL-PRN-002,,,,,Containing normative location = 'principles.md#12-normative-requirements'; explicit normative location = 'ABSENT'; readable-group supported locations = 'principles.md#12-normative-requirements'; exact expected locations = 'principles.md#12-normative-requirements'; all anchors resolve = True; exact comparison = False.,No approach recommended; options only: CONFIRM DERIVED LOCATION / CONFIRM EXISTING LOCATION WITH SOURCE / REVISE LOCATION / PROVIDE ORIGINAL EVIDENCE / DEFER DECISION,Confirming the ledger location over the derived location (or vice versa) both remain live options pending owner review.,Multiple locations may be legitimate (containing section vs. exact subsection); changing either source carries anchor-breakage risk.,"Confirm which location is authoritative for this requirement, or supply original evidence.","A future exact-location correction prompt for KBDL-PRN-002, only after an explicit owner decision and separate validation.",Planning-agent validation of the recorded decision before any implementation action.,PENDING,PENDING,PENDING,VALUE REVISION DECISION REQUIRED,
SMR1-LOC-0044,Exact location,KBDL-PRN-003,Specification location,principles.md#6-core-principles,field-source-registry.csv ledger value,Normative requirement location / approved multi-location rule,None,LOCATION_MISMATCH,exact-location-audit.csv,VAL-006; VAL-007,KBDL-PRN-003,,,,,Containing normative location = 'principles.md#12-normative-requirements'; explicit normative location = 'ABSENT'; readable-group supported locations = 'principles.md#12-normative-requirements'; exact expected locations = 'principles.md#12-normative-requirements'; all anchors resolve = True; exact comparison = False.,No approach recommended; options only: CONFIRM DERIVED LOCATION / CONFIRM EXISTING LOCATION WITH SOURCE / REVISE LOCATION / PROVIDE ORIGINAL EVIDENCE / DEFER DECISION,Confirming the ledger location over the derived location (or vice versa) both remain live options pending owner review.,Multiple locations may be legitimate (containing section vs. exact subsection); changing either source carries anchor-breakage risk.,"Confirm which location is authoritative for this requirement, or supply original evidence.","A future exact-location correction prompt for KBDL-PRN-003, only after an explicit owner decision and separate validation.",Planning-agent validation of the recorded decision before any implementation action.,PENDING,PENDING,PENDING,VALUE REVISION DECISION REQUIRED,
SMR1-LOC-0045,Exact location,KBDL-PRN-004,Specification location,principles.md#7-visual-consistency,field-source-registry.csv ledger value,Normative requirement location / approved multi-location rule,None,LOCATION_MISMATCH,exact-location-audit.csv,VAL-006; VAL-007,KBDL-PRN-004,,,,,Containing normative location = 'principles.md#12-normative-requirements'; explicit normative location = 'ABSENT'; readable-group supported locations = 'principles.md#12-normative-requirements'; exact expected locations = 'principles.md#12-normative-requirements'; all anchors resolve = True; exact comparison = False.,No approach recommended; options only: CONFIRM DERIVED LOCATION / CONFIRM EXISTING LOCATION WITH SOURCE / REVISE LOCATION / PROVIDE ORIGINAL EVIDENCE / DEFER DECISION,Confirming the ledger location over the derived location (or vice versa) both remain live options pending owner review.,Multiple locations may be legitimate (containing section vs. exact subsection); changing either source carries anchor-breakage risk.,"Confirm which location is authoritative for this requirement, or supply original evidence.","A future exact-location correction prompt for KBDL-PRN-004, only after an explicit owner decision and separate validation.",Planning-agent validation of the recorded decision before any implementation action.,PENDING,PENDING,PENDING,VALUE REVISION DECISION REQUIRED,
SMR1-LOC-0046,Exact location,KBDL-PRN-005,Specification location,principles.md#5-stable-and-variable-identity-elements,field-source-registry.csv ledger value,Normative requirement location / approved multi-location rule,None,LOCATION_MISMATCH,exact-location-audit.csv,VAL-006; VAL-007,KBDL-PRN-005,,,,,Containing normative location = 'principles.md#12-normative-requirements'; explicit normative location = 'ABSENT'; readable-group supported locations = 'principles.md#12-normative-requirements'; exact expected locations = 'principles.md#12-normative-requirements'; all anchors resolve = True; exact comparison = False.,No approach recommended; options only: CONFIRM DERIVED LOCATION / CONFIRM EXISTING LOCATION WITH SOURCE / REVISE LOCATION / PROVIDE ORIGINAL EVIDENCE / DEFER DECISION,Confirming the ledger location over the derived location (or vice versa) both remain live options pending owner review.,Multiple locations may be legitimate (containing section vs. exact subsection); changing either source carries anchor-breakage risk.,"Confirm which location is authoritative for this requirement, or supply original evidence.","A future exact-location correction prompt for KBDL-PRN-005, only after an explicit owner decision and separate validation.",Planning-agent validation of the recorded decision before any implementation action.,PENDING,PENDING,PENDING,VALUE REVISION DECISION REQUIRED,
SMR1-LOC-0047,Exact location,KBDL-PRN-006,Specification location,principles.md#8-design-decision-hierarchy,field-source-registry.csv ledger value,Normative requirement location / approved multi-location rule,None,LOCATION_MISMATCH,exact-location-audit.csv,VAL-006; VAL-007,KBDL-PRN-006,,,,,Containing normative location = 'principles.md#12-normative-requirements'; explicit normative location = 'ABSENT'; readable-group supported locations = 'principles.md#12-normative-requirements'; exact expected locations = 'principles.md#12-normative-requirements'; all anchors resolve = True; exact comparison = False.,No approach recommended; options only: CONFIRM DERIVED LOCATION / CONFIRM EXISTING LOCATION WITH SOURCE / REVISE LOCATION / PROVIDE ORIGINAL EVIDENCE / DEFER DECISION,Confirming the ledger location over the derived location (or vice versa) both remain live options pending owner review.,Multiple locations may be legitimate (containing section vs. exact subsection); changing either source carries anchor-breakage risk.,"Confirm which location is authoritative for this requirement, or supply original evidence.","A future exact-location correction prompt for KBDL-PRN-006, only after an explicit owner decision and separate validation.",Planning-agent validation of the recorded decision before any implementation action.,PENDING,PENDING,PENDING,VALUE REVISION DECISION REQUIRED,
SMR1-LOC-0048,Exact location,KBDL-PRN-007,Specification location,principles.md#9-profile-level-interpretation,field-source-registry.csv ledger value,Normative requirement location / approved multi-location rule,None,LOCATION_MISMATCH,exact-location-audit.csv,VAL-006; VAL-007,KBDL-PRN-007,,,,,Containing normative location = 'principles.md#12-normative-requirements'; explicit normative location = 'ABSENT'; readable-group supported locations = 'principles.md#12-normative-requirements'; exact expected locations = 'principles.md#12-normative-requirements'; all anchors resolve = True; exact comparison = False.,No approach recommended; options only: CONFIRM DERIVED LOCATION / CONFIRM EXISTING LOCATION WITH SOURCE / REVISE LOCATION / PROVIDE ORIGINAL EVIDENCE / DEFER DECISION,Confirming the ledger location over the derived location (or vice versa) both remain live options pending owner review.,Multiple locations may be legitimate (containing section vs. exact subsection); changing either source carries anchor-breakage risk.,"Confirm which location is authoritative for this requirement, or supply original evidence.","A future exact-location correction prompt for KBDL-PRN-007, only after an explicit owner decision and separate validation.",Planning-agent validation of the recorded decision before any implementation action.,PENDING,PENDING,PENDING,VALUE REVISION DECISION REQUIRED,
SMR1-LOC-0049,Exact location,KBDL-PRN-008,Specification location,principles.md#10-conforming-design-directions; principles.md#11-non-conforming-design-directions,field-source-registry.csv ledger value,Normative requirement location / approved multi-location rule,None,LOCATION_MISMATCH,exact-location-audit.csv,VAL-006; VAL-007,KBDL-PRN-008,,,,,Containing normative location = 'principles.md#12-normative-requirements'; explicit normative location = 'ABSENT'; readable-group supported locations = 'principles.md#12-normative-requirements'; exact expected locations = 'principles.md#12-normative-requirements'; all anchors resolve = True; exact comparison = False.,No approach recommended; options only: CONFIRM DERIVED LOCATION / CONFIRM EXISTING LOCATION WITH SOURCE / REVISE LOCATION / PROVIDE ORIGINAL EVIDENCE / DEFER DECISION,Confirming the ledger location over the derived location (or vice versa) both remain live options pending owner review.,Multiple locations may be legitimate (containing section vs. exact subsection); changing either source carries anchor-breakage risk.,"Confirm which location is authoritative for this requirement, or supply original evidence.","A future exact-location correction prompt for KBDL-PRN-008, only after an explicit owner decision and separate validation.",Planning-agent validation of the recorded decision before any implementation action.,PENDING,PENDING,PENDING,VALUE REVISION DECISION REQUIRED,
SMR1-LOC-0050,Exact location,KBDL-PRO-001,Specification location,profiles.md#5-profile-architecture; profiles.md#9-cross-profile-invariants,field-source-registry.csv ledger value,Normative requirement location / approved multi-location rule,None,LOCATION_MISMATCH,exact-location-audit.csv,VAL-006; VAL-007,KBDL-PRO-001,,,,,Containing normative location = 'profiles.md#5-profile-architecture'; explicit normative location = 'profiles.md#5-profile-architecture'; readable-group supported locations = 'profiles.md#5-profile-architecture'; exact expected locations = 'profiles.md#5-profile-architecture'; all anchors resolve = True; exact comparison = False.,No approach recommended; options only: CONFIRM DERIVED LOCATION / CONFIRM EXISTING LOCATION WITH SOURCE / REVISE LOCATION / PROVIDE ORIGINAL EVIDENCE / DEFER DECISION,Confirming the ledger location over the derived location (or vice versa) both remain live options pending owner review.,Multiple locations may be legitimate (containing section vs. exact subsection); changing either source carries anchor-breakage risk.,"Confirm which location is authoritative for this requirement, or supply original evidence.","A future exact-location correction prompt for KBDL-PRO-001, only after an explicit owner decision and separate validation.",Planning-agent validation of the recorded decision before any implementation action.,PENDING,PENDING,PENDING,VALUE REVISION DECISION REQUIRED,
SMR1-LOC-0051,Exact location,KBDL-PRO-006,Specification location,profiles.md#7-locked-controlled-and-open-profile-decisions; profiles.md#35-kbdl-006-approval-boundary-audit; profiles.md#37-kbdl-008-approval-boundary-audit,field-source-registry.csv ledger value,Normative requirement location / approved multi-location rule,None,LOCATION_MISMATCH,exact-location-audit.csv,VAL-006; VAL-007,KBDL-PRO-006,,,,,Containing normative location = 'profiles.md#7-locked-controlled-and-open-profile-decisions'; explicit normative location = 'profiles.md#7-locked-controlled-and-open-profile-decisions'; readable-group supported locations = 'profiles.md#7-locked-controlled-and-open-profile-decisions'; exact expected locations = 'profiles.md#7-locked-controlled-and-open-profile-decisions'; all anchors resolve = True; exact comparison = False.,No approach recommended; options only: CONFIRM DERIVED LOCATION / CONFIRM EXISTING LOCATION WITH SOURCE / REVISE LOCATION / PROVIDE ORIGINAL EVIDENCE / DEFER DECISION,Confirming the ledger location over the derived location (or vice versa) both remain live options pending owner review.,Multiple locations may be legitimate (containing section vs. exact subsection); changing either source carries anchor-breakage risk.,"Confirm which location is authoritative for this requirement, or supply original evidence.","A future exact-location correction prompt for KBDL-PRO-006, only after an explicit owner decision and separate validation.",Planning-agent validation of the recorded decision before any implementation action.,PENDING,PENDING,PENDING,VALUE REVISION DECISION REQUIRED,
SMR1-LOC-0052,Exact location,KBDL-PRO-009,Specification location,profiles.md#8-profile-selection-and-declaration; profiles.md#33-kbdl-009-decision-packet,field-source-registry.csv ledger value,Normative requirement location / approved multi-location rule,None,LOCATION_MISMATCH,exact-location-audit.csv,VAL-006; VAL-007,KBDL-PRO-009,,,,,Containing normative location = 'profiles.md#8-profile-selection-and-declaration'; explicit normative location = 'profiles.md#8-profile-selection-and-declaration'; readable-group supported locations = 'profiles.md#8-profile-selection-and-declaration'; exact expected locations = 'profiles.md#8-profile-selection-and-declaration'; all anchors resolve = True; exact comparison = False.,No approach recommended; options only: CONFIRM DERIVED LOCATION / CONFIRM EXISTING LOCATION WITH SOURCE / REVISE LOCATION / PROVIDE ORIGINAL EVIDENCE / DEFER DECISION,Confirming the ledger location over the derived location (or vice versa) both remain live options pending owner review.,Multiple locations may be legitimate (containing section vs. exact subsection); changing either source carries anchor-breakage risk.,"Confirm which location is authoritative for this requirement, or supply original evidence.","A future exact-location correction prompt for KBDL-PRO-009, only after an explicit owner decision and separate validation.",Planning-agent validation of the recorded decision before any implementation action.,PENDING,PENDING,PENDING,VALUE REVISION DECISION REQUIRED,
SMR1-LOC-0053,Exact location,KBDL-PRO-016,Specification location,profiles.md#102-component-interpretation; profiles.md#34-approval-ready-versus-contingent-decisions,field-source-registry.csv ledger value,Normative requirement location / approved multi-location rule,None,LOCATION_MISMATCH,exact-location-audit.csv,VAL-006; VAL-007,KBDL-PRO-016,,,,,Containing normative location = 'profiles.md#102-component-interpretation'; explicit normative location = 'profiles.md#102-component-interpretation'; readable-group supported locations = 'profiles.md#102-component-interpretation'; exact expected locations = 'profiles.md#102-component-interpretation'; all anchors resolve = True; exact comparison = False.,No approach recommended; options only: CONFIRM DERIVED LOCATION / CONFIRM EXISTING LOCATION WITH SOURCE / REVISE LOCATION / PROVIDE ORIGINAL EVIDENCE / DEFER DECISION,Confirming the ledger location over the derived location (or vice versa) both remain live options pending owner review.,Multiple locations may be legitimate (containing section vs. exact subsection); changing either source carries anchor-breakage risk.,"Confirm which location is authoritative for this requirement, or supply original evidence.","A future exact-location correction prompt for KBDL-PRO-016, only after an explicit owner decision and separate validation.",Planning-agent validation of the recorded decision before any implementation action.,PENDING,PENDING,PENDING,VALUE REVISION DECISION REQUIRED,
SMR1-LOC-0054,Exact location,KBDL-PRO-017,Specification location,profiles.md#112-component-interpretation; profiles.md#33-kbdl-009-decision-packet,field-source-registry.csv ledger value,Normative requirement location / approved multi-location rule,None,LOCATION_MISMATCH,exact-location-audit.csv,VAL-006; VAL-007,KBDL-PRO-017,,,,,Containing normative location = 'profiles.md#112-component-interpretation'; explicit normative location = 'profiles.md#112-component-interpretation'; readable-group supported locations = 'profiles.md#112-component-interpretation'; exact expected locations = 'profiles.md#112-component-interpretation'; all anchors resolve = True; exact comparison = False.,No approach recommended; options only: CONFIRM DERIVED LOCATION / CONFIRM EXISTING LOCATION WITH SOURCE / REVISE LOCATION / PROVIDE ORIGINAL EVIDENCE / DEFER DECISION,Confirming the ledger location over the derived location (or vice versa) both remain live options pending owner review.,Multiple locations may be legitimate (containing section vs. exact subsection); changing either source carries anchor-breakage risk.,"Confirm which location is authoritative for this requirement, or supply original evidence.","A future exact-location correction prompt for KBDL-PRO-017, only after an explicit owner decision and separate validation.",Planning-agent validation of the recorded decision before any implementation action.,PENDING,PENDING,PENDING,VALUE REVISION DECISION REQUIRED,
SMR1-LOC-0055,Exact location,KBDL-PRO-018,Specification location,profiles.md#122-component-interpretation; profiles.md#34-approval-ready-versus-contingent-decisions,field-source-registry.csv ledger value,Normative requirement location / approved multi-location rule,None,LOCATION_MISMATCH,exact-location-audit.csv,VAL-006; VAL-007,KBDL-PRO-018,,,,,Containing normative location = 'profiles.md#122-component-interpretation'; explicit normative location = 'profiles.md#122-component-interpretation'; readable-group supported locations = 'profiles.md#122-component-interpretation'; exact expected locations = 'profiles.md#122-component-interpretation'; all anchors resolve = True; exact comparison = False.,No approach recommended; options only: CONFIRM DERIVED LOCATION / CONFIRM EXISTING LOCATION WITH SOURCE / REVISE LOCATION / PROVIDE ORIGINAL EVIDENCE / DEFER DECISION,Confirming the ledger location over the derived location (or vice versa) both remain live options pending owner review.,Multiple locations may be legitimate (containing section vs. exact subsection); changing either source carries anchor-breakage risk.,"Confirm which location is authoritative for this requirement, or supply original evidence.","A future exact-location correction prompt for KBDL-PRO-018, only after an explicit owner decision and separate validation.",Planning-agent validation of the recorded decision before any implementation action.,PENDING,PENDING,PENDING,VALUE REVISION DECISION REQUIRED,
SMR1-LOC-0056,Exact location,KBDL-PRO-027,Specification location,profiles.md#25-profile-adoption-and-change-management; profiles.md#33-kbdl-009-decision-packet,field-source-registry.csv ledger value,Normative requirement location / approved multi-location rule,None,LOCATION_MISMATCH,exact-location-audit.csv,VAL-006; VAL-007,KBDL-PRO-027,,,,,Containing normative location = 'profiles.md#25-profile-adoption-and-change-management'; explicit normative location = 'profiles.md#25-profile-adoption-and-change-management'; readable-group supported locations = 'profiles.md#25-profile-adoption-and-change-management'; exact expected locations = 'profiles.md#25-profile-adoption-and-change-management'; all anchors resolve = True; exact comparison = False.,No approach recommended; options only: CONFIRM DERIVED LOCATION / CONFIRM EXISTING LOCATION WITH SOURCE / REVISE LOCATION / PROVIDE ORIGINAL EVIDENCE / DEFER DECISION,Confirming the ledger location over the derived location (or vice versa) both remain live options pending owner review.,Multiple locations may be legitimate (containing section vs. exact subsection); changing either source carries anchor-breakage risk.,"Confirm which location is authoritative for this requirement, or supply original evidence.","A future exact-location correction prompt for KBDL-PRO-027, only after an explicit owner decision and separate validation.",Planning-agent validation of the recorded decision before any implementation action.,PENDING,PENDING,PENDING,VALUE REVISION DECISION REQUIRED,
SMR1-LOC-0057,Exact location,KBDL-PRO-028,Specification location,profiles.md#8-profile-selection-and-declaration; profiles.md#33-kbdl-009-decision-packet,field-source-registry.csv ledger value,Normative requirement location / approved multi-location rule,None,LOCATION_MISMATCH,exact-location-audit.csv,VAL-006; VAL-007,KBDL-PRO-028,,,,,Containing normative location = 'profiles.md#8-profile-selection-and-declaration'; explicit normative location = 'profiles.md#8-profile-selection-and-declaration'; readable-group supported locations = 'profiles.md#8-profile-selection-and-declaration'; exact expected locations = 'profiles.md#8-profile-selection-and-declaration'; all anchors resolve = True; exact comparison = False.,No approach recommended; options only: CONFIRM DERIVED LOCATION / CONFIRM EXISTING LOCATION WITH SOURCE / REVISE LOCATION / PROVIDE ORIGINAL EVIDENCE / DEFER DECISION,Confirming the ledger location over the derived location (or vice versa) both remain live options pending owner review.,Multiple locations may be legitimate (containing section vs. exact subsection); changing either source carries anchor-breakage risk.,"Confirm which location is authoritative for this requirement, or supply original evidence.","A future exact-location correction prompt for KBDL-PRO-028, only after an explicit owner decision and separate validation.",Planning-agent validation of the recorded decision before any implementation action.,PENDING,PENDING,PENDING,VALUE REVISION DECISION REQUIRED,
SMR1-LOC-0058,Exact location,KBDL-PRO-029,Specification location,profiles.md#25-profile-adoption-and-change-management; profiles.md#33-kbdl-009-decision-packet,field-source-registry.csv ledger value,Normative requirement location / approved multi-location rule,None,LOCATION_MISMATCH,exact-location-audit.csv,VAL-006; VAL-007,KBDL-PRO-029,,,,,Containing normative location = 'profiles.md#25-profile-adoption-and-change-management'; explicit normative location = 'profiles.md#25-profile-adoption-and-change-management'; readable-group supported locations = 'profiles.md#25-profile-adoption-and-change-management'; exact expected locations = 'profiles.md#25-profile-adoption-and-change-management'; all anchors resolve = True; exact comparison = False.,No approach recommended; options only: CONFIRM DERIVED LOCATION / CONFIRM EXISTING LOCATION WITH SOURCE / REVISE LOCATION / PROVIDE ORIGINAL EVIDENCE / DEFER DECISION,Confirming the ledger location over the derived location (or vice versa) both remain live options pending owner review.,Multiple locations may be legitimate (containing section vs. exact subsection); changing either source carries anchor-breakage risk.,"Confirm which location is authoritative for this requirement, or supply original evidence.","A future exact-location correction prompt for KBDL-PRO-029, only after an explicit owner decision and separate validation.",Planning-agent validation of the recorded decision before any implementation action.,PENDING,PENDING,PENDING,VALUE REVISION DECISION REQUIRED,
SMR1-LOC-0059,Exact location,KBDL-THM-007,Specification location,themes/light-theme.md#1-canvas-and-surfaces,field-source-registry.csv ledger value,Normative requirement location / approved multi-location rule,None,LOCATION_MISMATCH,exact-location-audit.csv,VAL-006; VAL-007,KBDL-THM-007,,,,,Containing normative location = 'themes/README.md#9-normative-requirements'; explicit normative location = 'themes/light-theme.md'; readable-group supported locations = 'themes/light-theme.md'; exact expected locations = 'themes/light-theme.md'; all anchors resolve = True; exact comparison = False.,No approach recommended; options only: CONFIRM DERIVED LOCATION / CONFIRM EXISTING LOCATION WITH SOURCE / REVISE LOCATION / PROVIDE ORIGINAL EVIDENCE / DEFER DECISION,Confirming the ledger location over the derived location (or vice versa) both remain live options pending owner review.,Multiple locations may be legitimate (containing section vs. exact subsection); changing either source carries anchor-breakage risk.,"Confirm which location is authoritative for this requirement, or supply original evidence.","A future exact-location correction prompt for KBDL-THM-007, only after an explicit owner decision and separate validation.",Planning-agent validation of the recorded decision before any implementation action.,PENDING,PENDING,PENDING,VALUE REVISION DECISION REQUIRED,
SMR1-LOC-0060,Exact location,KBDL-THM-008,Specification location,themes/dark-theme.md#1-elevation-strategy,field-source-registry.csv ledger value,Normative requirement location / approved multi-location rule,None,LOCATION_MISMATCH,exact-location-audit.csv,VAL-006; VAL-007,KBDL-THM-008,,,,,Containing normative location = 'themes/README.md#9-normative-requirements'; explicit normative location = 'themes/dark-theme.md'; readable-group supported locations = 'themes/dark-theme.md'; exact expected locations = 'themes/dark-theme.md'; all anchors resolve = True; exact comparison = False.,No approach recommended; options only: CONFIRM DERIVED LOCATION / CONFIRM EXISTING LOCATION WITH SOURCE / REVISE LOCATION / PROVIDE ORIGINAL EVIDENCE / DEFER DECISION,Confirming the ledger location over the derived location (or vice versa) both remain live options pending owner review.,Multiple locations may be legitimate (containing section vs. exact subsection); changing either source carries anchor-breakage risk.,"Confirm which location is authoritative for this requirement, or supply original evidence.","A future exact-location correction prompt for KBDL-THM-008, only after an explicit owner decision and separate validation.",Planning-agent validation of the recorded decision before any implementation action.,PENDING,PENDING,PENDING,VALUE REVISION DECISION REQUIRED,
SMR1-LOC-0061,Exact location,KBDL-VAL-003,Specification location,validation.md#9-lifecycle-status-audit; validation.md#12-approved-authority-audit,field-source-registry.csv ledger value,Normative requirement location / approved multi-location rule,None,LOCATION_MISMATCH,exact-location-audit.csv,VAL-006; VAL-007,KBDL-VAL-003,,,,,Containing normative location = 'validation.md#38-normative-kbdl-val-requirements'; explicit normative location = 'validation.md#9-lifecycle-status-audit'; readable-group supported locations = 'validation.md#9-lifecycle-status-audit'; exact expected locations = 'validation.md#9-lifecycle-status-audit'; all anchors resolve = True; exact comparison = False.,No approach recommended; options only: CONFIRM DERIVED LOCATION / CONFIRM EXISTING LOCATION WITH SOURCE / REVISE LOCATION / PROVIDE ORIGINAL EVIDENCE / DEFER DECISION,Confirming the ledger location over the derived location (or vice versa) both remain live options pending owner review.,Multiple locations may be legitimate (containing section vs. exact subsection); changing either source carries anchor-breakage risk.,"Confirm which location is authoritative for this requirement, or supply original evidence.","A future exact-location correction prompt for KBDL-VAL-003, only after an explicit owner decision and separate validation.",Planning-agent validation of the recorded decision before any implementation action.,PENDING,PENDING,PENDING,VALUE REVISION DECISION REQUIRED,
SMR1-LOC-0062,Exact location,KBDL-VAL-005,Specification location,validation.md#13-decision-register-audit; validation.md#14-pending-and-deferred-inventory,field-source-registry.csv ledger value,Normative requirement location / approved multi-location rule,None,LOCATION_MISMATCH,exact-location-audit.csv,VAL-006; VAL-007,KBDL-VAL-005,,,,,Containing normative location = 'validation.md#38-normative-kbdl-val-requirements'; explicit normative location = 'validation.md#13-decision-register-audit'; readable-group supported locations = 'validation.md#13-decision-register-audit'; exact expected locations = 'validation.md#13-decision-register-audit'; all anchors resolve = True; exact comparison = False.,No approach recommended; options only: CONFIRM DERIVED LOCATION / CONFIRM EXISTING LOCATION WITH SOURCE / REVISE LOCATION / PROVIDE ORIGINAL EVIDENCE / DEFER DECISION,Confirming the ledger location over the derived location (or vice versa) both remain live options pending owner review.,Multiple locations may be legitimate (containing section vs. exact subsection); changing either source carries anchor-breakage risk.,"Confirm which location is authoritative for this requirement, or supply original evidence.","A future exact-location correction prompt for KBDL-VAL-005, only after an explicit owner decision and separate validation.",Planning-agent validation of the recorded decision before any implementation action.,PENDING,PENDING,PENDING,VALUE REVISION DECISION REQUIRED,
SMR1-LOC-0063,Exact location,KBDL-VAL-008,Specification location,validation.md#17-governance-and-conventions-audit; validation.md#28-security-privacy-correctness-and-data-integrity-audit,field-source-registry.csv ledger value,Normative requirement location / approved multi-location rule,None,LOCATION_MISMATCH,exact-location-audit.csv,VAL-006; VAL-007,KBDL-VAL-008,,,,,Containing normative location = 'validation.md#38-normative-kbdl-val-requirements'; explicit normative location = 'validation.md#17-governance-and-conventions-audit'; readable-group supported locations = 'validation.md#17-governance-and-conventions-audit'; exact expected locations = 'validation.md#17-governance-and-conventions-audit'; all anchors resolve = True; exact comparison = False.,No approach recommended; options only: CONFIRM DERIVED LOCATION / CONFIRM EXISTING LOCATION WITH SOURCE / REVISE LOCATION / PROVIDE ORIGINAL EVIDENCE / DEFER DECISION,Confirming the ledger location over the derived location (or vice versa) both remain live options pending owner review.,Multiple locations may be legitimate (containing section vs. exact subsection); changing either source carries anchor-breakage risk.,"Confirm which location is authoritative for this requirement, or supply original evidence.","A future exact-location correction prompt for KBDL-VAL-008, only after an explicit owner decision and separate validation.",Planning-agent validation of the recorded decision before any implementation action.,PENDING,PENDING,PENDING,VALUE REVISION DECISION REQUIRED,
SMR1-SC-0001,Standard clause,KBDL-A11Y-008,Standard-clause authority,GENERIC ONLY,field-source-registry.csv / requirement text,Adopted standard (exact clause) / Approved decision,NONE,MISSING_STANDARD_BASIS; STANDARD_CLAUSE_MISMATCH,standard-clause-audit.csv ; adopted-standard-clause-audit.csv,VAL-003,KBDL-A11Y-008,,,,GENERIC ONLY,Direct-or-supporting classification currently recorded as 'Direct authority' with no independently resolved exact clause (Result=FAIL).,No approach recommended; options only: CONFIRM DIRECT STANDARD AUTHORITY / CLASSIFY AS SUPPORTING GUIDANCE / CLASSIFY AS ANALOGY / REVISE STANDARD REFERENCE / REMOVE UNSUPPORTED REFERENCE / PROVIDE SOURCE EVIDENCE / DEFER DECISION,Classifying as supporting guidance or analogy preserves some standard linkage without asserting direct authority.,"The current reference is generic only, with no exact governing clause resolved independently; confirming direct authority without evidence risks overclaiming.","Confirm, revise, or remove this generic standard reference.","A future exact-clause citation correction prompt for KBDL-A11Y-008, only after an explicit owner decision and separate validation.",Planning-agent validation of the recorded decision before any implementation action.,PENDING,PENDING,PENDING,SOURCE EVIDENCE REQUIRED,R16 recorded this as two defect rows (MISSING_STANDARD_BASIS and STANDARD_CLAUSE_MISMATCH) for the same requirement; this is one canonical issue documented as a shared finding.
SMR1-SC-0002,Standard clause,KBDL-A11Y-010,Standard-clause authority,GENERIC ONLY,field-source-registry.csv / requirement text,Adopted standard (exact clause) / Approved decision,NONE,MISSING_STANDARD_BASIS; STANDARD_CLAUSE_MISMATCH,standard-clause-audit.csv ; adopted-standard-clause-audit.csv,VAL-003,KBDL-A11Y-010,,,,GENERIC ONLY,Direct-or-supporting classification currently recorded as 'Direct authority' with no independently resolved exact clause (Result=FAIL).,No approach recommended; options only: CONFIRM DIRECT STANDARD AUTHORITY / CLASSIFY AS SUPPORTING GUIDANCE / CLASSIFY AS ANALOGY / REVISE STANDARD REFERENCE / REMOVE UNSUPPORTED REFERENCE / PROVIDE SOURCE EVIDENCE / DEFER DECISION,Classifying as supporting guidance or analogy preserves some standard linkage without asserting direct authority.,"The current reference is generic only, with no exact governing clause resolved independently; confirming direct authority without evidence risks overclaiming.","Confirm, revise, or remove this generic standard reference.","A future exact-clause citation correction prompt for KBDL-A11Y-010, only after an explicit owner decision and separate validation.",Planning-agent validation of the recorded decision before any implementation action.,PENDING,PENDING,PENDING,SOURCE EVIDENCE REQUIRED,R16 recorded this as two defect rows (MISSING_STANDARD_BASIS and STANDARD_CLAUSE_MISMATCH) for the same requirement; this is one canonical issue documented as a shared finding.
SMR1-SC-0003,Standard clause,KBDL-A11Y-013,Standard-clause authority,GENERIC ONLY,field-source-registry.csv / requirement text,Adopted standard (exact clause) / Approved decision,NONE,MISSING_STANDARD_BASIS; STANDARD_CLAUSE_MISMATCH,standard-clause-audit.csv ; adopted-standard-clause-audit.csv,VAL-003,KBDL-A11Y-013,,,,GENERIC ONLY,Direct-or-supporting classification currently recorded as 'Direct authority' with no independently resolved exact clause (Result=FAIL).,No approach recommended; options only: CONFIRM DIRECT STANDARD AUTHORITY / CLASSIFY AS SUPPORTING GUIDANCE / CLASSIFY AS ANALOGY / REVISE STANDARD REFERENCE / REMOVE UNSUPPORTED REFERENCE / PROVIDE SOURCE EVIDENCE / DEFER DECISION,Classifying as supporting guidance or analogy preserves some standard linkage without asserting direct authority.,"The current reference is generic only, with no exact governing clause resolved independently; confirming direct authority without evidence risks overclaiming.","Confirm, revise, or remove this generic standard reference.","A future exact-clause citation correction prompt for KBDL-A11Y-013, only after an explicit owner decision and separate validation.",Planning-agent validation of the recorded decision before any implementation action.,PENDING,PENDING,PENDING,SOURCE EVIDENCE REQUIRED,R16 recorded this as two defect rows (MISSING_STANDARD_BASIS and STANDARD_CLAUSE_MISMATCH) for the same requirement; this is one canonical issue documented as a shared finding.
SMR1-SC-0004,Standard clause,KBDL-A11Y-014,Standard-clause authority,GENERIC ONLY,field-source-registry.csv / requirement text,Adopted standard (exact clause) / Approved decision,NONE,MISSING_STANDARD_BASIS; STANDARD_CLAUSE_MISMATCH,standard-clause-audit.csv ; adopted-standard-clause-audit.csv,VAL-003,KBDL-A11Y-014,,,,GENERIC ONLY,Direct-or-supporting classification currently recorded as 'Direct authority' with no independently resolved exact clause (Result=FAIL).,No approach recommended; options only: CONFIRM DIRECT STANDARD AUTHORITY / CLASSIFY AS SUPPORTING GUIDANCE / CLASSIFY AS ANALOGY / REVISE STANDARD REFERENCE / REMOVE UNSUPPORTED REFERENCE / PROVIDE SOURCE EVIDENCE / DEFER DECISION,Classifying as supporting guidance or analogy preserves some standard linkage without asserting direct authority.,"The current reference is generic only, with no exact governing clause resolved independently; confirming direct authority without evidence risks overclaiming.","Confirm, revise, or remove this generic standard reference.","A future exact-clause citation correction prompt for KBDL-A11Y-014, only after an explicit owner decision and separate validation.",Planning-agent validation of the recorded decision before any implementation action.,PENDING,PENDING,PENDING,SOURCE EVIDENCE REQUIRED,R16 recorded this as two defect rows (MISSING_STANDARD_BASIS and STANDARD_CLAUSE_MISMATCH) for the same requirement; this is one canonical issue documented as a shared finding.
SMR1-SC-0005,Standard clause,KBDL-CMP-018,Standard-clause authority,GENERIC ONLY,field-source-registry.csv / requirement text,Adopted standard (exact clause) / Approved decision,NONE,MISSING_STANDARD_BASIS; STANDARD_CLAUSE_MISMATCH,standard-clause-audit.csv ; adopted-standard-clause-audit.csv,VAL-003,KBDL-CMP-018,,,,GENERIC ONLY,Direct-or-supporting classification currently recorded as 'Direct authority' with no independently resolved exact clause (Result=FAIL).,No approach recommended; options only: CONFIRM DIRECT STANDARD AUTHORITY / CLASSIFY AS SUPPORTING GUIDANCE / CLASSIFY AS ANALOGY / REVISE STANDARD REFERENCE / REMOVE UNSUPPORTED REFERENCE / PROVIDE SOURCE EVIDENCE / DEFER DECISION,Classifying as supporting guidance or analogy preserves some standard linkage without asserting direct authority.,"The current reference is generic only, with no exact governing clause resolved independently; confirming direct authority without evidence risks overclaiming.","Confirm, revise, or remove this generic standard reference.","A future exact-clause citation correction prompt for KBDL-CMP-018, only after an explicit owner decision and separate validation.",Planning-agent validation of the recorded decision before any implementation action.,PENDING,PENDING,PENDING,SOURCE EVIDENCE REQUIRED,R16 recorded this as two defect rows (MISSING_STANDARD_BASIS and STANDARD_CLAUSE_MISMATCH) for the same requirement; this is one canonical issue documented as a shared finding.
SMR1-SC-0006,Standard clause,KBDL-CMP-021,Standard-clause authority,GENERIC ONLY,field-source-registry.csv / requirement text,Adopted standard (exact clause) / Approved decision,NONE,MISSING_STANDARD_BASIS; STANDARD_CLAUSE_MISMATCH,standard-clause-audit.csv ; adopted-standard-clause-audit.csv,VAL-003,KBDL-CMP-021,,,,GENERIC ONLY,Direct-or-supporting classification currently recorded as 'Direct authority' with no independently resolved exact clause (Result=FAIL).,No approach recommended; options only: CONFIRM DIRECT STANDARD AUTHORITY / CLASSIFY AS SUPPORTING GUIDANCE / CLASSIFY AS ANALOGY / REVISE STANDARD REFERENCE / REMOVE UNSUPPORTED REFERENCE / PROVIDE SOURCE EVIDENCE / DEFER DECISION,Classifying as supporting guidance or analogy preserves some standard linkage without asserting direct authority.,"The current reference is generic only, with no exact governing clause resolved independently; confirming direct authority without evidence risks overclaiming.","Confirm, revise, or remove this generic standard reference.","A future exact-clause citation correction prompt for KBDL-CMP-021, only after an explicit owner decision and separate validation.",Planning-agent validation of the recorded decision before any implementation action.,PENDING,PENDING,PENDING,SOURCE EVIDENCE REQUIRED,R16 recorded this as two defect rows (MISSING_STANDARD_BASIS and STANDARD_CLAUSE_MISMATCH) for the same requirement; this is one canonical issue documented as a shared finding.
SMR1-SC-0007,Standard clause,KBDL-CMP-028,Standard-clause authority,GENERIC ONLY,field-source-registry.csv / requirement text,Adopted standard (exact clause) / Approved decision,NONE,MISSING_STANDARD_BASIS; STANDARD_CLAUSE_MISMATCH,standard-clause-audit.csv ; adopted-standard-clause-audit.csv,VAL-003,KBDL-CMP-028,,,,GENERIC ONLY,Direct-or-supporting classification currently recorded as 'Direct authority' with no independently resolved exact clause (Result=FAIL).,No approach recommended; options only: CONFIRM DIRECT STANDARD AUTHORITY / CLASSIFY AS SUPPORTING GUIDANCE / CLASSIFY AS ANALOGY / REVISE STANDARD REFERENCE / REMOVE UNSUPPORTED REFERENCE / PROVIDE SOURCE EVIDENCE / DEFER DECISION,Classifying as supporting guidance or analogy preserves some standard linkage without asserting direct authority.,"The current reference is generic only, with no exact governing clause resolved independently; confirming direct authority without evidence risks overclaiming.","Confirm, revise, or remove this generic standard reference.","A future exact-clause citation correction prompt for KBDL-CMP-028, only after an explicit owner decision and separate validation.",Planning-agent validation of the recorded decision before any implementation action.,PENDING,PENDING,PENDING,SOURCE EVIDENCE REQUIRED,R16 recorded this as two defect rows (MISSING_STANDARD_BASIS and STANDARD_CLAUSE_MISMATCH) for the same requirement; this is one canonical issue documented as a shared finding.
SMR1-SC-0008,Standard clause,KBDL-CMP-032,Standard-clause authority,GENERIC ONLY,field-source-registry.csv / requirement text,Adopted standard (exact clause) / Approved decision,NONE,MISSING_STANDARD_BASIS; STANDARD_CLAUSE_MISMATCH,standard-clause-audit.csv ; adopted-standard-clause-audit.csv,VAL-003,KBDL-CMP-032,,,,GENERIC ONLY,Direct-or-supporting classification currently recorded as 'Direct authority' with no independently resolved exact clause (Result=FAIL).,No approach recommended; options only: CONFIRM DIRECT STANDARD AUTHORITY / CLASSIFY AS SUPPORTING GUIDANCE / CLASSIFY AS ANALOGY / REVISE STANDARD REFERENCE / REMOVE UNSUPPORTED REFERENCE / PROVIDE SOURCE EVIDENCE / DEFER DECISION,Classifying as supporting guidance or analogy preserves some standard linkage without asserting direct authority.,"The current reference is generic only, with no exact governing clause resolved independently; confirming direct authority without evidence risks overclaiming.","Confirm, revise, or remove this generic standard reference.","A future exact-clause citation correction prompt for KBDL-CMP-032, only after an explicit owner decision and separate validation.",Planning-agent validation of the recorded decision before any implementation action.,PENDING,PENDING,PENDING,SOURCE EVIDENCE REQUIRED,R16 recorded this as two defect rows (MISSING_STANDARD_BASIS and STANDARD_CLAUSE_MISMATCH) for the same requirement; this is one canonical issue documented as a shared finding.
SMR1-SC-0009,Standard clause,KBDL-CMP-045,Standard-clause authority,GENERIC ONLY,field-source-registry.csv / requirement text,Adopted standard (exact clause) / Approved decision,NONE,MISSING_STANDARD_BASIS; STANDARD_CLAUSE_MISMATCH,standard-clause-audit.csv ; adopted-standard-clause-audit.csv,VAL-003,KBDL-CMP-045,,,,GENERIC ONLY,Direct-or-supporting classification currently recorded as 'Direct authority' with no independently resolved exact clause (Result=FAIL).,No approach recommended; options only: CONFIRM DIRECT STANDARD AUTHORITY / CLASSIFY AS SUPPORTING GUIDANCE / CLASSIFY AS ANALOGY / REVISE STANDARD REFERENCE / REMOVE UNSUPPORTED REFERENCE / PROVIDE SOURCE EVIDENCE / DEFER DECISION,Classifying as supporting guidance or analogy preserves some standard linkage without asserting direct authority.,"The current reference is generic only, with no exact governing clause resolved independently; confirming direct authority without evidence risks overclaiming.","Confirm, revise, or remove this generic standard reference.","A future exact-clause citation correction prompt for KBDL-CMP-045, only after an explicit owner decision and separate validation.",Planning-agent validation of the recorded decision before any implementation action.,PENDING,PENDING,PENDING,SOURCE EVIDENCE REQUIRED,R16 recorded this as two defect rows (MISSING_STANDARD_BASIS and STANDARD_CLAUSE_MISMATCH) for the same requirement; this is one canonical issue documented as a shared finding.
SMR1-SC-0010,Standard clause,KBDL-CMP-054,Standard-clause authority,GENERIC ONLY,field-source-registry.csv / requirement text,Adopted standard (exact clause) / Approved decision,NONE,MISSING_STANDARD_BASIS; STANDARD_CLAUSE_MISMATCH,standard-clause-audit.csv ; adopted-standard-clause-audit.csv,VAL-003,KBDL-CMP-054,,,,GENERIC ONLY,Direct-or-supporting classification currently recorded as 'Direct authority' with no independently resolved exact clause (Result=FAIL).,No approach recommended; options only: CONFIRM DIRECT STANDARD AUTHORITY / CLASSIFY AS SUPPORTING GUIDANCE / CLASSIFY AS ANALOGY / REVISE STANDARD REFERENCE / REMOVE UNSUPPORTED REFERENCE / PROVIDE SOURCE EVIDENCE / DEFER DECISION,Classifying as supporting guidance or analogy preserves some standard linkage without asserting direct authority.,"The current reference is generic only, with no exact governing clause resolved independently; confirming direct authority without evidence risks overclaiming.","Confirm, revise, or remove this generic standard reference.","A future exact-clause citation correction prompt for KBDL-CMP-054, only after an explicit owner decision and separate validation.",Planning-agent validation of the recorded decision before any implementation action.,PENDING,PENDING,PENDING,SOURCE EVIDENCE REQUIRED,R16 recorded this as two defect rows (MISSING_STANDARD_BASIS and STANDARD_CLAUSE_MISMATCH) for the same requirement; this is one canonical issue documented as a shared finding.
SMR1-SC-0011,Standard clause,KBDL-CMP-056,Standard-clause authority,GENERIC ONLY,field-source-registry.csv / requirement text,Adopted standard (exact clause) / Approved decision,NONE,MISSING_STANDARD_BASIS; STANDARD_CLAUSE_MISMATCH,standard-clause-audit.csv ; adopted-standard-clause-audit.csv,VAL-003,KBDL-CMP-056,,,,GENERIC ONLY,Direct-or-supporting classification currently recorded as 'Direct authority' with no independently resolved exact clause (Result=FAIL).,No approach recommended; options only: CONFIRM DIRECT STANDARD AUTHORITY / CLASSIFY AS SUPPORTING GUIDANCE / CLASSIFY AS ANALOGY / REVISE STANDARD REFERENCE / REMOVE UNSUPPORTED REFERENCE / PROVIDE SOURCE EVIDENCE / DEFER DECISION,Classifying as supporting guidance or analogy preserves some standard linkage without asserting direct authority.,"The current reference is generic only, with no exact governing clause resolved independently; confirming direct authority without evidence risks overclaiming.","Confirm, revise, or remove this generic standard reference.","A future exact-clause citation correction prompt for KBDL-CMP-056, only after an explicit owner decision and separate validation.",Planning-agent validation of the recorded decision before any implementation action.,PENDING,PENDING,PENDING,SOURCE EVIDENCE REQUIRED,R16 recorded this as two defect rows (MISSING_STANDARD_BASIS and STANDARD_CLAUSE_MISMATCH) for the same requirement; this is one canonical issue documented as a shared finding.
SMR1-SC-0012,Standard clause,KBDL-CMP-068,Standard-clause authority,GENERIC ONLY,field-source-registry.csv / requirement text,Adopted standard (exact clause) / Approved decision,NONE,MISSING_STANDARD_BASIS; STANDARD_CLAUSE_MISMATCH,standard-clause-audit.csv ; adopted-standard-clause-audit.csv,VAL-003,KBDL-CMP-068,,,,GENERIC ONLY,Direct-or-supporting classification currently recorded as 'Direct authority' with no independently resolved exact clause (Result=FAIL).,No approach recommended; options only: CONFIRM DIRECT STANDARD AUTHORITY / CLASSIFY AS SUPPORTING GUIDANCE / CLASSIFY AS ANALOGY / REVISE STANDARD REFERENCE / REMOVE UNSUPPORTED REFERENCE / PROVIDE SOURCE EVIDENCE / DEFER DECISION,Classifying as supporting guidance or analogy preserves some standard linkage without asserting direct authority.,"The current reference is generic only, with no exact governing clause resolved independently; confirming direct authority without evidence risks overclaiming.","Confirm, revise, or remove this generic standard reference.","A future exact-clause citation correction prompt for KBDL-CMP-068, only after an explicit owner decision and separate validation.",Planning-agent validation of the recorded decision before any implementation action.,PENDING,PENDING,PENDING,SOURCE EVIDENCE REQUIRED,R16 recorded this as two defect rows (MISSING_STANDARD_BASIS and STANDARD_CLAUSE_MISMATCH) for the same requirement; this is one canonical issue documented as a shared finding.
SMR1-SC-0013,Standard clause,KBDL-CMP-075,Standard-clause authority,GENERIC ONLY,field-source-registry.csv / requirement text,Adopted standard (exact clause) / Approved decision,NONE,MISSING_STANDARD_BASIS; STANDARD_CLAUSE_MISMATCH,standard-clause-audit.csv ; adopted-standard-clause-audit.csv,VAL-003,KBDL-CMP-075,,,,GENERIC ONLY,Direct-or-supporting classification currently recorded as 'Direct authority' with no independently resolved exact clause (Result=FAIL).,No approach recommended; options only: CONFIRM DIRECT STANDARD AUTHORITY / CLASSIFY AS SUPPORTING GUIDANCE / CLASSIFY AS ANALOGY / REVISE STANDARD REFERENCE / REMOVE UNSUPPORTED REFERENCE / PROVIDE SOURCE EVIDENCE / DEFER DECISION,Classifying as supporting guidance or analogy preserves some standard linkage without asserting direct authority.,"The current reference is generic only, with no exact governing clause resolved independently; confirming direct authority without evidence risks overclaiming.","Confirm, revise, or remove this generic standard reference.","A future exact-clause citation correction prompt for KBDL-CMP-075, only after an explicit owner decision and separate validation.",Planning-agent validation of the recorded decision before any implementation action.,PENDING,PENDING,PENDING,SOURCE EVIDENCE REQUIRED,R16 recorded this as two defect rows (MISSING_STANDARD_BASIS and STANDARD_CLAUSE_MISMATCH) for the same requirement; this is one canonical issue documented as a shared finding.
SMR1-SC-0014,Standard clause,KBDL-CMP-077,Standard-clause authority,GENERIC ONLY,field-source-registry.csv / requirement text,Adopted standard (exact clause) / Approved decision,NONE,MISSING_STANDARD_BASIS; STANDARD_CLAUSE_MISMATCH,standard-clause-audit.csv ; adopted-standard-clause-audit.csv,VAL-003,KBDL-CMP-077,,,,GENERIC ONLY,Direct-or-supporting classification currently recorded as 'Direct authority' with no independently resolved exact clause (Result=FAIL).,No approach recommended; options only: CONFIRM DIRECT STANDARD AUTHORITY / CLASSIFY AS SUPPORTING GUIDANCE / CLASSIFY AS ANALOGY / REVISE STANDARD REFERENCE / REMOVE UNSUPPORTED REFERENCE / PROVIDE SOURCE EVIDENCE / DEFER DECISION,Classifying as supporting guidance or analogy preserves some standard linkage without asserting direct authority.,"The current reference is generic only, with no exact governing clause resolved independently; confirming direct authority without evidence risks overclaiming.","Confirm, revise, or remove this generic standard reference.","A future exact-clause citation correction prompt for KBDL-CMP-077, only after an explicit owner decision and separate validation.",Planning-agent validation of the recorded decision before any implementation action.,PENDING,PENDING,PENDING,SOURCE EVIDENCE REQUIRED,R16 recorded this as two defect rows (MISSING_STANDARD_BASIS and STANDARD_CLAUSE_MISMATCH) for the same requirement; this is one canonical issue documented as a shared finding.
SMR1-SC-0015,Standard clause,KBDL-CMP-081,Standard-clause authority,GENERIC ONLY,field-source-registry.csv / requirement text,Adopted standard (exact clause) / Approved decision,NONE,MISSING_STANDARD_BASIS; STANDARD_CLAUSE_MISMATCH,standard-clause-audit.csv ; adopted-standard-clause-audit.csv,VAL-003,KBDL-CMP-081,,,,GENERIC ONLY,Direct-or-supporting classification currently recorded as 'Direct authority' with no independently resolved exact clause (Result=FAIL).,No approach recommended; options only: CONFIRM DIRECT STANDARD AUTHORITY / CLASSIFY AS SUPPORTING GUIDANCE / CLASSIFY AS ANALOGY / REVISE STANDARD REFERENCE / REMOVE UNSUPPORTED REFERENCE / PROVIDE SOURCE EVIDENCE / DEFER DECISION,Classifying as supporting guidance or analogy preserves some standard linkage without asserting direct authority.,"The current reference is generic only, with no exact governing clause resolved independently; confirming direct authority without evidence risks overclaiming.","Confirm, revise, or remove this generic standard reference.","A future exact-clause citation correction prompt for KBDL-CMP-081, only after an explicit owner decision and separate validation.",Planning-agent validation of the recorded decision before any implementation action.,PENDING,PENDING,PENDING,SOURCE EVIDENCE REQUIRED,R16 recorded this as two defect rows (MISSING_STANDARD_BASIS and STANDARD_CLAUSE_MISMATCH) for the same requirement; this is one canonical issue documented as a shared finding.
SMR1-SC-0016,Standard clause,KBDL-CMP-094,Standard-clause authority,GENERIC ONLY,field-source-registry.csv / requirement text,Adopted standard (exact clause) / Approved decision,NONE,MISSING_STANDARD_BASIS; STANDARD_CLAUSE_MISMATCH,standard-clause-audit.csv ; adopted-standard-clause-audit.csv,VAL-003,KBDL-CMP-094,,,,GENERIC ONLY,Direct-or-supporting classification currently recorded as 'Direct authority' with no independently resolved exact clause (Result=FAIL).,No approach recommended; options only: CONFIRM DIRECT STANDARD AUTHORITY / CLASSIFY AS SUPPORTING GUIDANCE / CLASSIFY AS ANALOGY / REVISE STANDARD REFERENCE / REMOVE UNSUPPORTED REFERENCE / PROVIDE SOURCE EVIDENCE / DEFER DECISION,Classifying as supporting guidance or analogy preserves some standard linkage without asserting direct authority.,"The current reference is generic only, with no exact governing clause resolved independently; confirming direct authority without evidence risks overclaiming.","Confirm, revise, or remove this generic standard reference.","A future exact-clause citation correction prompt for KBDL-CMP-094, only after an explicit owner decision and separate validation.",Planning-agent validation of the recorded decision before any implementation action.,PENDING,PENDING,PENDING,SOURCE EVIDENCE REQUIRED,R16 recorded this as two defect rows (MISSING_STANDARD_BASIS and STANDARD_CLAUSE_MISMATCH) for the same requirement; this is one canonical issue documented as a shared finding.
SMR1-SC-0017,Standard clause,KBDL-CMP-095,Standard-clause authority,GENERIC ONLY,field-source-registry.csv / requirement text,Adopted standard (exact clause) / Approved decision,NONE,MISSING_STANDARD_BASIS; STANDARD_CLAUSE_MISMATCH,standard-clause-audit.csv ; adopted-standard-clause-audit.csv,VAL-003,KBDL-CMP-095,,,,GENERIC ONLY,Direct-or-supporting classification currently recorded as 'Direct authority' with no independently resolved exact clause (Result=FAIL).,No approach recommended; options only: CONFIRM DIRECT STANDARD AUTHORITY / CLASSIFY AS SUPPORTING GUIDANCE / CLASSIFY AS ANALOGY / REVISE STANDARD REFERENCE / REMOVE UNSUPPORTED REFERENCE / PROVIDE SOURCE EVIDENCE / DEFER DECISION,Classifying as supporting guidance or analogy preserves some standard linkage without asserting direct authority.,"The current reference is generic only, with no exact governing clause resolved independently; confirming direct authority without evidence risks overclaiming.","Confirm, revise, or remove this generic standard reference.","A future exact-clause citation correction prompt for KBDL-CMP-095, only after an explicit owner decision and separate validation.",Planning-agent validation of the recorded decision before any implementation action.,PENDING,PENDING,PENDING,SOURCE EVIDENCE REQUIRED,R16 recorded this as two defect rows (MISSING_STANDARD_BASIS and STANDARD_CLAUSE_MISMATCH) for the same requirement; this is one canonical issue documented as a shared finding.
SMR1-SC-0018,Standard clause,KBDL-RSP-006,Standard-clause authority,GENERIC ONLY,field-source-registry.csv / requirement text,Adopted standard (exact clause) / Approved decision,NONE,MISSING_STANDARD_BASIS; STANDARD_CLAUSE_MISMATCH,standard-clause-audit.csv ; adopted-standard-clause-audit.csv,VAL-003,KBDL-RSP-006,,,,GENERIC ONLY,Direct-or-supporting classification currently recorded as 'Direct authority' with no independently resolved exact clause (Result=FAIL).,No approach recommended; options only: CONFIRM DIRECT STANDARD AUTHORITY / CLASSIFY AS SUPPORTING GUIDANCE / CLASSIFY AS ANALOGY / REVISE STANDARD REFERENCE / REMOVE UNSUPPORTED REFERENCE / PROVIDE SOURCE EVIDENCE / DEFER DECISION,Classifying as supporting guidance or analogy preserves some standard linkage without asserting direct authority.,"The current reference is generic only, with no exact governing clause resolved independently; confirming direct authority without evidence risks overclaiming.","Confirm, revise, or remove this generic standard reference.","A future exact-clause citation correction prompt for KBDL-RSP-006, only after an explicit owner decision and separate validation.",Planning-agent validation of the recorded decision before any implementation action.,PENDING,PENDING,PENDING,SOURCE EVIDENCE REQUIRED,R16 recorded this as two defect rows (MISSING_STANDARD_BASIS and STANDARD_CLAUSE_MISMATCH) for the same requirement; this is one canonical issue documented as a shared finding.
SMR1-SC-0019,Standard clause,KBDL-RSP-013,Standard-clause authority,GENERIC ONLY,field-source-registry.csv / requirement text,Adopted standard (exact clause) / Approved decision,NONE,MISSING_STANDARD_BASIS; STANDARD_CLAUSE_MISMATCH,standard-clause-audit.csv ; adopted-standard-clause-audit.csv,VAL-003,KBDL-RSP-013,,,,GENERIC ONLY,Direct-or-supporting classification currently recorded as 'Direct authority' with no independently resolved exact clause (Result=FAIL).,No approach recommended; options only: CONFIRM DIRECT STANDARD AUTHORITY / CLASSIFY AS SUPPORTING GUIDANCE / CLASSIFY AS ANALOGY / REVISE STANDARD REFERENCE / REMOVE UNSUPPORTED REFERENCE / PROVIDE SOURCE EVIDENCE / DEFER DECISION,Classifying as supporting guidance or analogy preserves some standard linkage without asserting direct authority.,"The current reference is generic only, with no exact governing clause resolved independently; confirming direct authority without evidence risks overclaiming.","Confirm, revise, or remove this generic standard reference.","A future exact-clause citation correction prompt for KBDL-RSP-013, only after an explicit owner decision and separate validation.",Planning-agent validation of the recorded decision before any implementation action.,PENDING,PENDING,PENDING,SOURCE EVIDENCE REQUIRED,R16 recorded this as two defect rows (MISSING_STANDARD_BASIS and STANDARD_CLAUSE_MISMATCH) for the same requirement; this is one canonical issue documented as a shared finding.
SMR1-SC-0020,Standard clause,KBDL-RSP-019,Standard-clause authority,GENERIC ONLY,field-source-registry.csv / requirement text,Adopted standard (exact clause) / Approved decision,NONE,MISSING_STANDARD_BASIS; STANDARD_CLAUSE_MISMATCH,standard-clause-audit.csv ; adopted-standard-clause-audit.csv,VAL-003,KBDL-RSP-019,,,,GENERIC ONLY,Direct-or-supporting classification currently recorded as 'Direct authority' with no independently resolved exact clause (Result=FAIL).,No approach recommended; options only: CONFIRM DIRECT STANDARD AUTHORITY / CLASSIFY AS SUPPORTING GUIDANCE / CLASSIFY AS ANALOGY / REVISE STANDARD REFERENCE / REMOVE UNSUPPORTED REFERENCE / PROVIDE SOURCE EVIDENCE / DEFER DECISION,Classifying as supporting guidance or analogy preserves some standard linkage without asserting direct authority.,"The current reference is generic only, with no exact governing clause resolved independently; confirming direct authority without evidence risks overclaiming.","Confirm, revise, or remove this generic standard reference.","A future exact-clause citation correction prompt for KBDL-RSP-019, only after an explicit owner decision and separate validation.",Planning-agent validation of the recorded decision before any implementation action.,PENDING,PENDING,PENDING,SOURCE EVIDENCE REQUIRED,R16 recorded this as two defect rows (MISSING_STANDARD_BASIS and STANDARD_CLAUSE_MISMATCH) for the same requirement; this is one canonical issue documented as a shared finding.
SMR1-MOTEDGE-0001,MOT authority edge,KBDL-MOT-007,Authority edge KBDL-MOT-007 -> KBDL-MOT-008,"Approved (per KBDL-DEC-014, decision packet item 2, together with KBDL-MOT-008, as one timing system)",motion/timing-easing.md#1-timing-architecture,Approved decision (KBDL-DEC-014) / independent shared authority,"KBDL-DEC-014 (decision packet item 2) — cites the paired requirement together with the decision, producing a two-node cycle when both directions are read as full authority",CIRCULAR_AUTHORITY,authority-cycle-audit.csv ; authority-graph-audit.csv ; motion/README.md #10-motion-decision-packet,VAL-003,KBDL-MOT-007,KBDL-MOT-008,KBDL-DEC-014,"motion/README.md #10-motion-decision-packet, item 2",,Edge classification currently recorded as 'Supporting authority'; classification basis: 'The complete authority expression uses the target together with the approved decision as authority'; target lifecycle: 'Approved'. Status: UNRESOLVED — PROJECT-OWNER GOVERNANCE DECISION REQUIRED.,No approach recommended; independent per-edge options only: AUTHORITY EDGE / SUPPORTING AUTHORITY / CONTEXT-ONLY / RELATED REQUIREMENT / REMOVE OR REVISE RELATIONSHIP / PROVIDE ORIGINAL EVIDENCE / DEFER DECISION,Classifying this edge independently of the other edge (e.g. as Related requirement or Context-only) may break the cycle without requiring new authority evidence.,"Reclassifying downward (e.g. to Context-only) could remove this edge's contribution to KBDL-MOT-007/008's approved authority, requiring a separate authority-sufficiency review for the affected requirement.",Classify the KBDL-MOT-007 -> KBDL-MOT-008 authority edge independently of the KBDL-MOT-008 -> KBDL-MOT-007 edge.,"A future MOT-007/MOT-008 authority-graph correction prompt, only after both edges and the cycle-level decision are recorded and validated.",Planning-agent validation of the recorded decision before any implementation action.,RELATED REQUIREMENT,2026-07-29,KBDL-SMR1-BH-OWNER-DECISION-2026-07-29 (docs/kbdl/evidence/kbdl-011-source-model-resolution/batch-h-owner-decision-record.md),OWNER DECISION RECORDED — AWAITING PLANNING-AGENT VALIDATION,"Reviewed together with the paired edge and the cycle-level record; not a bulk decision. Selected substantive authority: KBDL-DEC-014, decision packet item 2 (see batch-h-owner-decision-record.md)."
SMR1-MOTEDGE-0002,MOT authority edge,KBDL-MOT-008,Authority edge KBDL-MOT-008 -> KBDL-MOT-007,"Approved (per KBDL-DEC-014, decision packet item 2, together with KBDL-MOT-007, as one timing system)",motion/timing-easing.md#2-duration-recommendations,Approved decision (KBDL-DEC-014) / independent shared authority,"KBDL-DEC-014 (decision packet item 2) — cites the paired requirement together with the decision, producing a two-node cycle when both directions are read as full authority",CIRCULAR_AUTHORITY,authority-cycle-audit.csv ; authority-graph-audit.csv ; motion/README.md #10-motion-decision-packet,VAL-003,KBDL-MOT-008,KBDL-MOT-007,KBDL-DEC-014,"motion/README.md #10-motion-decision-packet, item 2",,Edge classification currently recorded as 'Supporting authority'; classification basis: 'The complete authority expression uses the target together with the approved decision as authority'; target lifecycle: 'Approved'. Status: UNRESOLVED — PROJECT-OWNER GOVERNANCE DECISION REQUIRED.,No approach recommended; independent per-edge options only: AUTHORITY EDGE / SUPPORTING AUTHORITY / CONTEXT-ONLY / RELATED REQUIREMENT / REMOVE OR REVISE RELATIONSHIP / PROVIDE ORIGINAL EVIDENCE / DEFER DECISION,Classifying this edge independently of the other edge (e.g. as Related requirement or Context-only) may break the cycle without requiring new authority evidence.,"Reclassifying downward (e.g. to Context-only) could remove this edge's contribution to KBDL-MOT-007/008's approved authority, requiring a separate authority-sufficiency review for the affected requirement.",Classify the KBDL-MOT-008 -> KBDL-MOT-007 authority edge independently of the KBDL-MOT-007 -> KBDL-MOT-008 edge.,"A future MOT-007/MOT-008 authority-graph correction prompt, only after both edges and the cycle-level decision are recorded and validated.",Planning-agent validation of the recorded decision before any implementation action.,RELATED REQUIREMENT,2026-07-29,KBDL-SMR1-BH-OWNER-DECISION-2026-07-29 (docs/kbdl/evidence/kbdl-011-source-model-resolution/batch-h-owner-decision-record.md),OWNER DECISION RECORDED — AWAITING PLANNING-AGENT VALIDATION,"Reviewed together with the paired edge and the cycle-level record; not a bulk decision. Selected substantive authority: KBDL-DEC-014, decision packet item 2 (see batch-h-owner-decision-record.md)."
SMR1-MOTCYCLE-0001,MOT authority cycle,KBDL-MOT-007; KBDL-MOT-008,Authority cycle KBDL-MOT-007 -> KBDL-MOT-008 -> KBDL-MOT-007,"Both requirements are Approved per KBDL-DEC-014, decision packet item 2, treating timing architecture (MOT-007) and duration recommendations (MOT-008) as one timing system; each requirement's authority expression names the other requirement together with the decision.","motion/README.md #396-421 (KBDL-MOT-007, KBDL-MOT-008 requirement blocks); motion/timing-easing.md #1-timing-architecture, #2-duration-recommendations",Approved decision / AR2 current-authority confirmation / new current project-owner authority,"KBDL-DEC-014 exists and is Approved, but the two-requirement mutual citation forms a two-node authority cycle when each edge is read as complete, independent authority",CIRCULAR_AUTHORITY,authority-cycle-audit.csv (both rows) ; authority-graph-audit.csv ; decision-register.md #kbdl-dec-014--kbdl-005-motion-decisions-approved,VAL-003,KBDL-MOT-007; KBDL-MOT-008,KBDL-MOT-009; KBDL-MOT-033 (share the same decision packet item context),KBDL-DEC-014,"motion/README.md #10-motion-decision-packet, item 2",,"VAL-003 (lifecycle/authority integrity) requires every Approved requirement to have valid, non-circular authority; an unresolved cycle keeps VAL-003 Not verified for the whole project, not only for these two requirements.","No cycle-level resolution is recommended or preselected. Independent cycle-level options only: break cycle via MOT-007 edge revision / break cycle via MOT-008 edge revision / replace both edges with shared independent authority (e.g. treat KBDL-DEC-014 alone, without the paired-requirement citation, as sufficient authority for each) / preserve the cycle and keep VAL-003 Not verified / provide original governance evidence that resolves the cycle without reclassification.","Preserving the cycle and keeping VAL-003 Not verified requires no new decision and keeps the current, disclosed BLOCKED status.","Any edge revision changes graph-derived authority classification for KBDL-MOT-007 and/or KBDL-MOT-008 and must be independently re-validated; it does not, by itself, change either requirement's Approved lifecycle status.",Select one cycle-level disposition after reviewing both edge decisions above; do not select an edge or the cycle disposition in bulk.,"A future KBDL-011 prompt to correct the authority-graph representation for KBDL-MOT-007/MOT-008 and re-run the source-independent audit, only after this decision is recorded and separately validated.",Planning-agent validation of the recorded decision before any implementation action; the work remains additionally blocked by VAL-004's locked scope for any clause-level evidence implications.,REPLACE BOTH EDGES WITH SHARED INDEPENDENT AUTHORITY,2026-07-29,KBDL-SMR1-BH-OWNER-DECISION-2026-07-29 (docs/kbdl/evidence/kbdl-011-source-model-resolution/batch-h-owner-decision-record.md),OWNER DECISION RECORDED — AWAITING PLANNING-AGENT VALIDATION,"This is the single, prominent cycle-level review record required by SMR1 section 10; it is separate from, and must be reviewed together with, the two edge-level records above. Selected substantive authority: KBDL-DEC-014, decision packet item 2 (see batch-h-owner-decision-record.md)."
