Requirement ID,Field name,Group heading,Value classification,Parsed value,Raw group field
KBDL-GOV-001,Blueprint section,Specification architecture,Exact per-ID mapping,Specification architecture and governance foundation,Specification architecture and governance foundation
KBDL-GOV-001,Roadmap prompt,Specification architecture,Exact per-ID mapping,KBDL-001,KBDL-001
KBDL-GOV-001,Specification location,Specification architecture,Exact per-ID mapping,[governance.md § KBDL-GOV-001](governance.md#kbdl-gov-001--specification-architecture-is-established),[governance.md § KBDL-GOV-001](governance.md#kbdl-gov-001--specification-architecture-is-established)
KBDL-GOV-001,Lifecycle status,Specification architecture,Missing,MISSING,MISSING
KBDL-GOV-001,Provenance,Specification architecture,Missing,MISSING,MISSING
KBDL-GOV-001,Validation classification,Specification architecture,Exact per-ID mapping,Verified,Verified
KBDL-GOV-001,Authority,Specification architecture,Missing,MISSING,MISSING
KBDL-GOV-001,Validation method,Specification architecture,Exact per-ID mapping,"Manual review — heading hierarchy, relative-link resolution, and heading-anchor correctness checked across all KBDL-001 files.","Manual review — heading hierarchy, relative-link resolution, and heading-anchor correctness checked across all KBDL-001 files."
KBDL-GOV-001,Validation evidence,Specification architecture,Exact per-ID mapping,Manual review recorded in commit `2d356b4` (KBDL-001 initial commit); re-checked for this remediation in commit-to-follow (see [decision-register.md § KBDL-DEC-011](decision-register.md#kbdl-dec-011--status-model-correction-approval-vs-provenance-vs-validation)).,Manual review recorded in commit `2d356b4` (KBDL-001 initial commit); re-checked for this remediation in commit-to-follow (see [decision-register.md § KBDL-DEC-011](decision-register.md#kbdl-dec-011--status-model-correction-approval-vs-provenance-vs-validation)).
KBDL-GOV-001,Known limitation,Specification architecture,Exact per-ID mapping,"No automated Markdown linter or link checker was available in this environment; verification is manual, not tool-based.","No automated Markdown linter or link checker was available in this environment; verification is manual, not tool-based."
KBDL-GOV-001,Packet or tracking destination,Specification architecture,Missing,MISSING,MISSING
KBDL-GOV-001,Pending dependencies,Specification architecture,Missing,MISSING,MISSING
KBDL-GOV-001,Related decision,Specification architecture,Exact per-ID mapping,Not applicable,Not applicable
KBDL-GOV-001,Notes or exclusions,Specification architecture,Exact per-ID mapping,Demonstrates the requirement-ID convention.,Demonstrates the requirement-ID convention.
KBDL-GOV-002,Blueprint section,Accessibility baseline protection,Exact per-ID mapping,WCAG 2.2 AA baseline with enhanced motion safety (locked-rule protection),WCAG 2.2 AA baseline with enhanced motion safety (locked-rule protection)
KBDL-GOV-002,Roadmap prompt,Accessibility baseline protection,Exact per-ID mapping,KBDL-001,KBDL-001
KBDL-GOV-002,Specification location,Accessibility baseline protection,Exact per-ID mapping,[governance.md § KBDL-GOV-002](governance.md#kbdl-gov-002--accessibility-requirements-are-protected),[governance.md § KBDL-GOV-002](governance.md#kbdl-gov-002--accessibility-requirements-are-protected)
KBDL-GOV-002,Lifecycle status,Accessibility baseline protection,Missing,MISSING,MISSING
KBDL-GOV-002,Provenance,Accessibility baseline protection,Missing,MISSING,MISSING
KBDL-GOV-002,Validation classification,Accessibility baseline protection,Exact per-ID mapping,Not verified,Not verified
KBDL-GOV-002,Authority,Accessibility baseline protection,Missing,MISSING,MISSING
KBDL-GOV-002,Validation method,Accessibility baseline protection,Exact per-ID mapping,Manual review; no automated check is applicable yet.,Manual review; no automated check is applicable yet.
KBDL-GOV-002,Validation evidence,Accessibility baseline protection,Exact per-ID mapping,Not verified — no `A11Y` requirement exists yet for this rule to be checked against.,Not verified — no `A11Y` requirement exists yet for this rule to be checked against.
KBDL-GOV-002,Known limitation,Accessibility baseline protection,Exact per-ID mapping,"Cannot be validated against a real accessibility requirement, since none exist yet.","Cannot be validated against a real accessibility requirement, since none exist yet."
KBDL-GOV-002,Packet or tracking destination,Accessibility baseline protection,Missing,MISSING,MISSING
KBDL-GOV-002,Pending dependencies,Accessibility baseline protection,Missing,MISSING,MISSING
KBDL-GOV-002,Related decision,Accessibility baseline protection,Exact per-ID mapping,KBDL-DEC-010,KBDL-DEC-010
KBDL-GOV-002,Notes or exclusions,Accessibility baseline protection,Exact per-ID mapping,Rule takes effect once `A11Y` requirements exist in a later module.,Rule takes effect once `A11Y` requirements exist in a later module.
KBDL-GOV-003,Blueprint section,Documentation governance process,Exact per-ID mapping,Governance and change control,Governance and change control
KBDL-GOV-003,Roadmap prompt,Documentation governance process,Exact per-ID mapping,KBDL-001,KBDL-001
KBDL-GOV-003,Specification location,Documentation governance process,Exact per-ID mapping,[governance.md § KBDL-GOV-003](governance.md#kbdl-gov-003--documentation-governance-process),[governance.md § KBDL-GOV-003](governance.md#kbdl-gov-003--documentation-governance-process)
KBDL-GOV-003,Lifecycle status,Documentation governance process,Missing,MISSING,MISSING
KBDL-GOV-003,Provenance,Documentation governance process,Missing,MISSING,MISSING
KBDL-GOV-003,Validation classification,Documentation governance process,Exact per-ID mapping,Verified,Verified
KBDL-GOV-003,Authority,Documentation governance process,Missing,MISSING,MISSING
KBDL-GOV-003,Validation method,Documentation governance process,Exact per-ID mapping,"Manual review against this prompt's required governance topics (ownership, proposal, review, approval, scope-change, exception, deprecation, versioning, documentation-update, accessibility/motion/responsive review, conformance-review, conflict-resolution, restoration, evidence).","Manual review against this prompt's required governance topics (ownership, proposal, review, approval, scope-change, exception, deprecation, versioning, documentation-update, accessibility/motion/responsive review, conformance-review, conflict-resolution, restoration, evidence)."
KBDL-GOV-003,Validation evidence,Documentation governance process,Exact per-ID mapping,"Manual review recorded in commit `2d356b4`, corrected in the remediation commit for this status-model fix.","Manual review recorded in commit `2d356b4`, corrected in the remediation commit for this status-model fix."
KBDL-GOV-003,Known limitation,Documentation governance process,Exact per-ID mapping,None identified.,None identified.
KBDL-GOV-003,Packet or tracking destination,Documentation governance process,Missing,MISSING,MISSING
KBDL-GOV-003,Pending dependencies,Documentation governance process,Missing,MISSING,MISSING
KBDL-GOV-003,Related decision,Documentation governance process,Exact per-ID mapping,Not applicable,Not applicable
KBDL-GOV-003,Notes or exclusions,Documentation governance process,Exact per-ID mapping,Establishes change control before design content exists.,Establishes change control before design content exists.
KBDL-PRN-001,Blueprint section,KBDL identity statement and exclusions,Exact per-ID mapping,"KBDL identity, personality, and explicit exclusions","KBDL identity, personality, and explicit exclusions"
KBDL-PRN-001,Roadmap prompt,KBDL identity statement and exclusions,Exact per-ID mapping,KBDL-002,KBDL-002
KBDL-PRN-001,Specification location,KBDL identity statement and exclusions,Exact per-ID mapping,[principles.md § 1](principles.md#1-identity-statement),[principles.md § 1](principles.md#1-identity-statement)
KBDL-PRN-001,Lifecycle status,KBDL identity statement and exclusions,Missing,MISSING,MISSING
KBDL-PRN-001,Provenance,KBDL identity statement and exclusions,Missing,MISSING,MISSING
KBDL-PRN-001,Validation classification,KBDL identity statement and exclusions,Exact per-ID mapping,Not verified,Not verified
KBDL-PRN-001,Authority,KBDL identity statement and exclusions,Missing,MISSING,MISSING
KBDL-PRN-001,Validation method,KBDL identity statement and exclusions,Exact per-ID mapping,Manual design review against Section 1 at each later module's approval gate.,Manual design review against Section 1 at each later module's approval gate.
KBDL-PRN-001,Validation evidence,KBDL identity statement and exclusions,Exact per-ID mapping,"Not verified — validation method has not yet been run against a later module, since none exist yet.","Not verified — validation method has not yet been run against a later module, since none exist yet."
KBDL-PRN-001,Known limitation,KBDL identity statement and exclusions,Exact per-ID mapping,"Cannot be checked against real foundation, theme, or component content until those modules exist.","Cannot be checked against real foundation, theme, or component content until those modules exist."
KBDL-PRN-001,Packet or tracking destination,KBDL identity statement and exclusions,Missing,MISSING,MISSING
KBDL-PRN-001,Pending dependencies,KBDL identity statement and exclusions,Missing,MISSING,MISSING
KBDL-PRN-001,Related decision,KBDL identity statement and exclusions,Exact per-ID mapping,Not applicable,Not applicable
KBDL-PRN-001,Notes or exclusions,KBDL identity statement and exclusions,Exact per-ID mapping,Establishes what KBDL is and explicitly is not.,Establishes what KBDL is and explicitly is not.
KBDL-PRN-002,Blueprint section,Luxury/utility conflict resolution,Exact per-ID mapping,Relationship between Digital Luxury and Technical Utility,Relationship between Digital Luxury and Technical Utility
KBDL-PRN-002,Roadmap prompt,Luxury/utility conflict resolution,Exact per-ID mapping,KBDL-002,KBDL-002
KBDL-PRN-002,Specification location,Luxury/utility conflict resolution,Exact per-ID mapping,[principles.md § 4](principles.md#4-relationship-between-luxury-and-utility),[principles.md § 4](principles.md#4-relationship-between-luxury-and-utility)
KBDL-PRN-002,Lifecycle status,Luxury/utility conflict resolution,Missing,MISSING,MISSING
KBDL-PRN-002,Provenance,Luxury/utility conflict resolution,Missing,MISSING,MISSING
KBDL-PRN-002,Validation classification,Luxury/utility conflict resolution,Exact per-ID mapping,Not verified,Not verified
KBDL-PRN-002,Authority,Luxury/utility conflict resolution,Missing,MISSING,MISSING
KBDL-PRN-002,Validation method,Luxury/utility conflict resolution,Exact per-ID mapping,Manual review of design decisions against the priority order.,Manual review of design decisions against the priority order.
KBDL-PRN-002,Validation evidence,Luxury/utility conflict resolution,Exact per-ID mapping,Not verified.,Not verified.
KBDL-PRN-002,Known limitation,Luxury/utility conflict resolution,Exact per-ID mapping,No real design decisions exist yet to test the priority order against.,No real design decisions exist yet to test the priority order against.
KBDL-PRN-002,Packet or tracking destination,Luxury/utility conflict resolution,Missing,MISSING,MISSING
KBDL-PRN-002,Pending dependencies,Luxury/utility conflict resolution,Missing,MISSING,MISSING
KBDL-PRN-002,Related decision,Luxury/utility conflict resolution,Exact per-ID mapping,Not applicable,Not applicable
KBDL-PRN-002,Notes or exclusions,Luxury/utility conflict resolution,Exact per-ID mapping,Includes five worked conflict examples.,Includes five worked conflict examples.
KBDL-PRN-003,Blueprint section,Core principles,Exact per-ID mapping,Core enforceable design principles,Core enforceable design principles
KBDL-PRN-003,Roadmap prompt,Core principles,Exact per-ID mapping,KBDL-002,KBDL-002
KBDL-PRN-003,Specification location,Core principles,Exact per-ID mapping,[principles.md § 6](principles.md#6-core-principles),[principles.md § 6](principles.md#6-core-principles)
KBDL-PRN-003,Lifecycle status,Core principles,Missing,MISSING,MISSING
KBDL-PRN-003,Provenance,Core principles,Missing,MISSING,MISSING
KBDL-PRN-003,Validation classification,Core principles,Exact per-ID mapping,Not verified,Not verified
KBDL-PRN-003,Authority,Core principles,Missing,MISSING,MISSING
KBDL-PRN-003,Validation method,Core principles,Exact per-ID mapping,"Manual review confirming all nine principles include every required field (normative statement, purpose, required/prohibited behavior, profile interpretation, accessibility/responsive/motion implications, review questions) and that the nine required concepts (clarity before spectacle, precision, comprehension, hierarchy, controlled expression, consistency, adaptability, accessibility by default, performance) are all present.","Manual review confirming all nine principles include every required field (normative statement, purpose, required/prohibited behavior, profile interpretation, accessibility/responsive/motion implications, review questions) and that the nine required concepts (clarity before spectacle, precision, comprehension, hierarchy, controlled expression, consistency, adaptability, accessibility by default, performance) are all present."
KBDL-PRN-003,Validation evidence,Core principles,Exact per-ID mapping,Not verified — the requirement's later-module approval-gate method has not been executed completely.,Not verified — the requirement's later-module approval-gate method has not been executed completely.
KBDL-PRN-003,Known limitation,Core principles,Exact per-ID mapping,Complete evidence across every later module is unavailable.,Complete evidence across every later module is unavailable.
KBDL-PRN-003,Packet or tracking destination,Core principles,Missing,MISSING,MISSING
KBDL-PRN-003,Pending dependencies,Core principles,Missing,MISSING,MISSING
KBDL-PRN-003,Related decision,Core principles,Exact per-ID mapping,Not applicable,Not applicable
KBDL-PRN-003,Notes or exclusions,Core principles,Exact per-ID mapping,Nine principles defined (blueprint required six to nine).,Nine principles defined (blueprint required six to nine).
KBDL-PRN-004,Blueprint section,Visual-consistency relationships,Exact per-ID mapping,Cross-project visual consistency,Cross-project visual consistency
KBDL-PRN-004,Roadmap prompt,Visual-consistency relationships,Exact per-ID mapping,KBDL-002,KBDL-002
KBDL-PRN-004,Specification location,Visual-consistency relationships,Exact per-ID mapping,[principles.md § 7](principles.md#7-visual-consistency),[principles.md § 7](principles.md#7-visual-consistency)
KBDL-PRN-004,Lifecycle status,Visual-consistency relationships,Missing,MISSING,MISSING
KBDL-PRN-004,Provenance,Visual-consistency relationships,Missing,MISSING,MISSING
KBDL-PRN-004,Validation classification,Visual-consistency relationships,Exact per-ID mapping,Not verified,Not verified
KBDL-PRN-004,Authority,Visual-consistency relationships,Missing,MISSING,MISSING
KBDL-PRN-004,Validation method,Visual-consistency relationships,Exact per-ID mapping,"Manual cross-reference review once foundation, theme, and responsive modules are approved.","Manual cross-reference review once foundation, theme, and responsive modules are approved."
KBDL-PRN-004,Validation evidence,Visual-consistency relationships,Exact per-ID mapping,Not verified — dependent modules do not exist yet.,Not verified — dependent modules do not exist yet.
KBDL-PRN-004,Known limitation,Visual-consistency relationships,Exact per-ID mapping,"Cannot be fully validated until `FND`, `THM`, and `RSP` requirements exist.","Cannot be fully validated until `FND`, `THM`, and `RSP` requirements exist."
KBDL-PRN-004,Packet or tracking destination,Visual-consistency relationships,Missing,MISSING,MISSING
KBDL-PRN-004,Pending dependencies,Visual-consistency relationships,Missing,MISSING,MISSING
KBDL-PRN-004,Related decision,Visual-consistency relationships,Exact per-ID mapping,KBDL-DEC-003,KBDL-DEC-003
KBDL-PRN-004,Notes or exclusions,Visual-consistency relationships,Exact per-ID mapping,Defines relationships only; no final values.,Defines relationships only; no final values.
KBDL-PRN-005,Blueprint section,"Locked, controlled, and open identity model",Exact per-ID mapping,Stable and variable identity elements,Stable and variable identity elements
KBDL-PRN-005,Roadmap prompt,"Locked, controlled, and open identity model",Exact per-ID mapping,KBDL-002,KBDL-002
KBDL-PRN-005,Specification location,"Locked, controlled, and open identity model",Exact per-ID mapping,[principles.md § 5](principles.md#5-stable-and-variable-identity-elements),[principles.md § 5](principles.md#5-stable-and-variable-identity-elements)
KBDL-PRN-005,Lifecycle status,"Locked, controlled, and open identity model",Missing,MISSING,MISSING
KBDL-PRN-005,Provenance,"Locked, controlled, and open identity model",Missing,MISSING,MISSING
KBDL-PRN-005,Validation classification,"Locked, controlled, and open identity model",Exact per-ID mapping,Not verified,Not verified
KBDL-PRN-005,Authority,"Locked, controlled, and open identity model",Missing,MISSING,MISSING
KBDL-PRN-005,Validation method,"Locked, controlled, and open identity model",Exact per-ID mapping,"Manual review confirming all three categories (locked, controlled, open) address every element listed in this prompt's scope, and that no final ranges or values were introduced.","Manual review confirming all three categories (locked, controlled, open) address every element listed in this prompt's scope, and that no final ranges or values were introduced."
KBDL-PRN-005,Validation evidence,"Locked, controlled, and open identity model",Exact per-ID mapping,Not verified — the requirement's full later-module and implementation review has not been executed.,Not verified — the requirement's full later-module and implementation review has not been executed.
KBDL-PRN-005,Known limitation,"Locked, controlled, and open identity model",Exact per-ID mapping,Controlled-variable ranges are intentionally undefined pending later modules.,Controlled-variable ranges are intentionally undefined pending later modules.
KBDL-PRN-005,Packet or tracking destination,"Locked, controlled, and open identity model",Missing,MISSING,MISSING
KBDL-PRN-005,Pending dependencies,"Locked, controlled, and open identity model",Missing,MISSING,MISSING
KBDL-PRN-005,Related decision,"Locked, controlled, and open identity model",Exact per-ID mapping,Not applicable,Not applicable
KBDL-PRN-005,Notes or exclusions,"Locked, controlled, and open identity model",Exact per-ID mapping,Ties directly to [governance.md § Exception process](governance.md#exception-process).,Ties directly to [governance.md § Exception process](governance.md#exception-process).
KBDL-PRN-006,Blueprint section,Design-decision hierarchy,Exact per-ID mapping,Design-decision hierarchy and conflict handling,Design-decision hierarchy and conflict handling
KBDL-PRN-006,Roadmap prompt,Design-decision hierarchy,Exact per-ID mapping,KBDL-002,KBDL-002
KBDL-PRN-006,Specification location,Design-decision hierarchy,Exact per-ID mapping,[principles.md § 8](principles.md#8-design-decision-hierarchy),[principles.md § 8](principles.md#8-design-decision-hierarchy)
KBDL-PRN-006,Lifecycle status,Design-decision hierarchy,Missing,MISSING,MISSING
KBDL-PRN-006,Provenance,Design-decision hierarchy,Missing,MISSING,MISSING
KBDL-PRN-006,Validation classification,Design-decision hierarchy,Exact per-ID mapping,Not verified,Not verified
KBDL-PRN-006,Authority,Design-decision hierarchy,Missing,MISSING,MISSING
KBDL-PRN-006,Validation method,Design-decision hierarchy,Exact per-ID mapping,Manual review of decision records against the hierarchy; conflicts escalated per governance's conflict-resolution process.,Manual review of decision records against the hierarchy; conflicts escalated per governance's conflict-resolution process.
KBDL-PRN-006,Validation evidence,Design-decision hierarchy,Exact per-ID mapping,Not verified — no real design decision has been escalated through this hierarchy yet.,Not verified — no real design decision has been escalated through this hierarchy yet.
KBDL-PRN-006,Known limitation,Design-decision hierarchy,Exact per-ID mapping,None identified.,None identified.
KBDL-PRN-006,Packet or tracking destination,Design-decision hierarchy,Missing,MISSING,MISSING
KBDL-PRN-006,Pending dependencies,Design-decision hierarchy,Missing,MISSING,MISSING
KBDL-PRN-006,Related decision,Design-decision hierarchy,Exact per-ID mapping,Not applicable,Not applicable
KBDL-PRN-006,Notes or exclusions,Design-decision hierarchy,Exact per-ID mapping,Aligns with [governance.md § Conflict-resolution process](governance.md#conflict-resolution-process).,Aligns with [governance.md § Conflict-resolution process](governance.md#conflict-resolution-process).
KBDL-PRN-007,Blueprint section,"Profile-level interpretation (Showcase, Precision, Flow)",Exact per-ID mapping,Profile-level interpretation of shared principles,Profile-level interpretation of shared principles
KBDL-PRN-007,Roadmap prompt,"Profile-level interpretation (Showcase, Precision, Flow)",Exact per-ID mapping,KBDL-002,KBDL-002
KBDL-PRN-007,Specification location,"Profile-level interpretation (Showcase, Precision, Flow)",Exact per-ID mapping,[principles.md § 9](principles.md#9-profile-level-interpretation),[principles.md § 9](principles.md#9-profile-level-interpretation)
KBDL-PRN-007,Lifecycle status,"Profile-level interpretation (Showcase, Precision, Flow)",Missing,MISSING,MISSING
KBDL-PRN-007,Provenance,"Profile-level interpretation (Showcase, Precision, Flow)",Missing,MISSING,MISSING
KBDL-PRN-007,Validation classification,"Profile-level interpretation (Showcase, Precision, Flow)",Exact per-ID mapping,Not verified,Not verified
KBDL-PRN-007,Authority,"Profile-level interpretation (Showcase, Precision, Flow)",Missing,MISSING,MISSING
KBDL-PRN-007,Validation method,"Profile-level interpretation (Showcase, Precision, Flow)",Exact per-ID mapping,Manual cross-profile consistency review once the project-profiles module is approved.,Manual cross-profile consistency review once the project-profiles module is approved.
KBDL-PRN-007,Validation evidence,"Profile-level interpretation (Showcase, Precision, Flow)",Exact per-ID mapping,Not verified — the project-profiles module (`PRO`) does not exist yet.,Not verified — the project-profiles module (`PRO`) does not exist yet.
KBDL-PRN-007,Known limitation,"Profile-level interpretation (Showcase, Precision, Flow)",Exact per-ID mapping,Cannot be fully validated until `PRO` requirements exist.,Cannot be fully validated until `PRO` requirements exist.
KBDL-PRN-007,Packet or tracking destination,"Profile-level interpretation (Showcase, Precision, Flow)",Missing,MISSING,MISSING
KBDL-PRN-007,Pending dependencies,"Profile-level interpretation (Showcase, Precision, Flow)",Missing,MISSING,MISSING
KBDL-PRN-007,Related decision,"Profile-level interpretation (Showcase, Precision, Flow)",Exact per-ID mapping,KBDL-DEC-006,KBDL-DEC-006
KBDL-PRN-007,Notes or exclusions,"Profile-level interpretation (Showcase, Precision, Flow)",Exact per-ID mapping,"Confirms Showcase, Precision, and Flow share all locked rules and principles.","Confirms Showcase, Precision, and Flow share all locked rules and principles."
KBDL-PRN-008,Blueprint section,Conforming and non-conforming design directions,Exact per-ID mapping,Conceptual examples distinguishing conformance from non-conformance,Conceptual examples distinguishing conformance from non-conformance
KBDL-PRN-008,Roadmap prompt,Conforming and non-conforming design directions,Exact per-ID mapping,KBDL-002,KBDL-002
KBDL-PRN-008,Specification location,Conforming and non-conforming design directions,Exact per-ID mapping,"[principles.md § 10](principles.md#10-conforming-design-directions), [principles.md § 11](principles.md#11-non-conforming-design-directions)","[principles.md § 10](principles.md#10-conforming-design-directions), [principles.md § 11](principles.md#11-non-conforming-design-directions)"
KBDL-PRN-008,Lifecycle status,Conforming and non-conforming design directions,Missing,MISSING,MISSING
KBDL-PRN-008,Provenance,Conforming and non-conforming design directions,Missing,MISSING,MISSING
KBDL-PRN-008,Validation classification,Conforming and non-conforming design directions,Exact per-ID mapping,Not verified,Not verified
KBDL-PRN-008,Authority,Conforming and non-conforming design directions,Missing,MISSING,MISSING
KBDL-PRN-008,Validation method,Conforming and non-conforming design directions,Exact per-ID mapping,"Manual count and coverage review confirming at least six conforming examples spanning all three profiles, both themes, an expressive moment, a repeated workflow, and a mobile context; and at least eight non-conforming patterns each with reason, broken principle, risk, and correction.","Manual count and coverage review confirming at least six conforming examples spanning all three profiles, both themes, an expressive moment, a repeated workflow, and a mobile context; and at least eight non-conforming patterns each with reason, broken principle, risk, and correction."
KBDL-PRN-008,Validation evidence,Conforming and non-conforming design directions,Exact per-ID mapping,Not verified — example-count evidence does not execute the requirement's later-module conformance-review method.,Not verified — example-count evidence does not execute the requirement's later-module conformance-review method.
KBDL-PRN-008,Known limitation,Conforming and non-conforming design directions,Exact per-ID mapping,Examples are conceptual; no mockups or token values exist to check them against yet.,Examples are conceptual; no mockups or token values exist to check them against yet.
KBDL-PRN-008,Packet or tracking destination,Conforming and non-conforming design directions,Missing,MISSING,MISSING
KBDL-PRN-008,Pending dependencies,Conforming and non-conforming design directions,Missing,MISSING,MISSING
KBDL-PRN-008,Related decision,Conforming and non-conforming design directions,Exact per-ID mapping,Not applicable,Not applicable
KBDL-PRN-008,Notes or exclusions,Conforming and non-conforming design directions,Exact per-ID mapping,"Sixteen non-conforming patterns exceed the required minimum of eight. ## KBDL-003 Rows The rows below trace KBDL-003's visual-foundation scope, defined in [foundations/README.md](foundations/README.md) and its linked documents. Each `KBDL-FND-###` requirement's full lifecycle/provenance/validation detail lives in [foundations/README.md § Normative Requirements](foundations/README.md#7-normative-requirements); this matrix records only its blueprint origin, approval status, validation status, and evidence, per this file's field definitions.","Sixteen non-conforming patterns exceed the required minimum of eight. ## KBDL-003 Rows The rows below trace KBDL-003's visual-foundation scope, defined in [foundations/README.md](foundations/README.md) and its linked documents. Each `KBDL-FND-###` requirement's full lifecycle/provenance/validation detail lives in [foundations/README.md § Normative Requirements](foundations/README.md#7-normative-requirements); this matrix records only its blueprint origin, approval status, validation status, and evidence, per this file's field definitions."
KBDL-FND-001,Blueprint section,"Color role architecture (KBDL-FND-001, KBDL-FND-002)",Uniform default,Color architecture — semantic roles and color- only-meaning prohibition,Color architecture — semantic roles and color- only-meaning prohibition
KBDL-FND-002,Blueprint section,"Color role architecture (KBDL-FND-001, KBDL-FND-002)",Uniform default,Color architecture — semantic roles and color- only-meaning prohibition,Color architecture — semantic roles and color- only-meaning prohibition
KBDL-FND-001,Roadmap prompt,"Color role architecture (KBDL-FND-001, KBDL-FND-002)",Uniform default,KBDL-003,KBDL-003
KBDL-FND-002,Roadmap prompt,"Color role architecture (KBDL-FND-001, KBDL-FND-002)",Uniform default,KBDL-003,KBDL-003
KBDL-FND-001,Specification location,"Color role architecture (KBDL-FND-001, KBDL-FND-002)",Uniform default,[foundations/color.md §1–§2](foundations/color.md#1-architectural-principles-approved),[foundations/color.md §1–§2](foundations/color.md#1-architectural-principles-approved)
KBDL-FND-002,Specification location,"Color role architecture (KBDL-FND-001, KBDL-FND-002)",Uniform default,[foundations/color.md §1–§2](foundations/color.md#1-architectural-principles-approved),[foundations/color.md §1–§2](foundations/color.md#1-architectural-principles-approved)
KBDL-FND-001,Lifecycle status,"Color role architecture (KBDL-FND-001, KBDL-FND-002)",Missing,MISSING,MISSING
KBDL-FND-002,Lifecycle status,"Color role architecture (KBDL-FND-001, KBDL-FND-002)",Missing,MISSING,MISSING
KBDL-FND-001,Provenance,"Color role architecture (KBDL-FND-001, KBDL-FND-002)",Missing,MISSING,MISSING
KBDL-FND-002,Provenance,"Color role architecture (KBDL-FND-001, KBDL-FND-002)",Missing,MISSING,MISSING
KBDL-FND-001,Validation classification,"Color role architecture (KBDL-FND-001, KBDL-FND-002)",Uniform default,Not verified,Not verified
KBDL-FND-002,Validation classification,"Color role architecture (KBDL-FND-001, KBDL-FND-002)",Uniform default,Not verified,Not verified
KBDL-FND-001,Authority,"Color role architecture (KBDL-FND-001, KBDL-FND-002)",Missing,MISSING,MISSING
KBDL-FND-002,Authority,"Color role architecture (KBDL-FND-001, KBDL-FND-002)",Missing,MISSING,MISSING
KBDL-FND-001,Validation method,"Color role architecture (KBDL-FND-001, KBDL-FND-002)",Uniform default,Manual review of role names and color-only-meaning usage at each later module's approval gate.,Manual review of role names and color-only-meaning usage at each later module's approval gate.
KBDL-FND-002,Validation method,"Color role architecture (KBDL-FND-001, KBDL-FND-002)",Uniform default,Manual review of role names and color-only-meaning usage at each later module's approval gate.,Manual review of role names and color-only-meaning usage at each later module's approval gate.
KBDL-FND-001,Validation evidence,"Color role architecture (KBDL-FND-001, KBDL-FND-002)",Uniform default,Not verified — no theme or component content exists yet to check role usage against.,Not verified — no theme or component content exists yet to check role usage against.
KBDL-FND-002,Validation evidence,"Color role architecture (KBDL-FND-001, KBDL-FND-002)",Uniform default,Not verified — no theme or component content exists yet to check role usage against.,Not verified — no theme or component content exists yet to check role usage against.
KBDL-FND-001,Known limitation,"Color role architecture (KBDL-FND-001, KBDL-FND-002)",Uniform default,Cannot be fully validated until `THM` and `CMP` requirements exist.,Cannot be fully validated until `THM` and `CMP` requirements exist.
KBDL-FND-002,Known limitation,"Color role architecture (KBDL-FND-001, KBDL-FND-002)",Uniform default,Cannot be fully validated until `THM` and `CMP` requirements exist.,Cannot be fully validated until `THM` and `CMP` requirements exist.
KBDL-FND-001,Packet or tracking destination,"Color role architecture (KBDL-FND-001, KBDL-FND-002)",Missing,MISSING,MISSING
KBDL-FND-002,Packet or tracking destination,"Color role architecture (KBDL-FND-001, KBDL-FND-002)",Missing,MISSING,MISSING
KBDL-FND-001,Pending dependencies,"Color role architecture (KBDL-FND-001, KBDL-FND-002)",Missing,MISSING,MISSING
KBDL-FND-002,Pending dependencies,"Color role architecture (KBDL-FND-001, KBDL-FND-002)",Missing,MISSING,MISSING
KBDL-FND-001,Related decision,"Color role architecture (KBDL-FND-001, KBDL-FND-002)",Uniform default,Not applicable,Not applicable
KBDL-FND-002,Related decision,"Color role architecture (KBDL-FND-001, KBDL-FND-002)",Uniform default,Not applicable,Not applicable
KBDL-FND-001,Notes or exclusions,"Color role architecture (KBDL-FND-001, KBDL-FND-002)",Uniform default,Architecture only; recommended hue values are tracked separately below (KBDL-FND-009).,Architecture only; recommended hue values are tracked separately below (KBDL-FND-009).
KBDL-FND-002,Notes or exclusions,"Color role architecture (KBDL-FND-001, KBDL-FND-002)",Uniform default,Architecture only; recommended hue values are tracked separately below (KBDL-FND-009).,Architecture only; recommended hue values are tracked separately below (KBDL-FND-009).
KBDL-FND-003,Blueprint section,"Spacing rhythm and responsive content priority (KBDL-FND-003, KBDL-FND-004)",Uniform default,Spacing rhythm and content-driven breakpoints,Spacing rhythm and content-driven breakpoints
KBDL-FND-004,Blueprint section,"Spacing rhythm and responsive content priority (KBDL-FND-003, KBDL-FND-004)",Uniform default,Spacing rhythm and content-driven breakpoints,Spacing rhythm and content-driven breakpoints
KBDL-FND-003,Roadmap prompt,"Spacing rhythm and responsive content priority (KBDL-FND-003, KBDL-FND-004)",Uniform default,KBDL-003,KBDL-003
KBDL-FND-004,Roadmap prompt,"Spacing rhythm and responsive content priority (KBDL-FND-003, KBDL-FND-004)",Uniform default,KBDL-003,KBDL-003
KBDL-FND-003,Specification location,"Spacing rhythm and responsive content priority (KBDL-FND-003, KBDL-FND-004)",Uniform default,"[foundations/spacing-layout.md §1, §3](foundations/spacing-layout.md#1-spacing-and-sizing-logic)","[foundations/spacing-layout.md §1, §3](foundations/spacing-layout.md#1-spacing-and-sizing-logic)"
KBDL-FND-004,Specification location,"Spacing rhythm and responsive content priority (KBDL-FND-003, KBDL-FND-004)",Uniform default,"[foundations/spacing-layout.md §1, §3](foundations/spacing-layout.md#1-spacing-and-sizing-logic)","[foundations/spacing-layout.md §1, §3](foundations/spacing-layout.md#1-spacing-and-sizing-logic)"
KBDL-FND-003,Lifecycle status,"Spacing rhythm and responsive content priority (KBDL-FND-003, KBDL-FND-004)",Missing,MISSING,MISSING
KBDL-FND-004,Lifecycle status,"Spacing rhythm and responsive content priority (KBDL-FND-003, KBDL-FND-004)",Missing,MISSING,MISSING
KBDL-FND-003,Provenance,"Spacing rhythm and responsive content priority (KBDL-FND-003, KBDL-FND-004)",Missing,MISSING,MISSING
KBDL-FND-004,Provenance,"Spacing rhythm and responsive content priority (KBDL-FND-003, KBDL-FND-004)",Missing,MISSING,MISSING
KBDL-FND-003,Validation classification,"Spacing rhythm and responsive content priority (KBDL-FND-003, KBDL-FND-004)",Uniform default,Not verified,Not verified
KBDL-FND-004,Validation classification,"Spacing rhythm and responsive content priority (KBDL-FND-003, KBDL-FND-004)",Uniform default,Not verified,Not verified
KBDL-FND-003,Authority,"Spacing rhythm and responsive content priority (KBDL-FND-003, KBDL-FND-004)",Missing,MISSING,MISSING
KBDL-FND-004,Authority,"Spacing rhythm and responsive content priority (KBDL-FND-003, KBDL-FND-004)",Missing,MISSING,MISSING
KBDL-FND-003,Validation method,"Spacing rhythm and responsive content priority (KBDL-FND-003, KBDL-FND-004)",Uniform default,Manual review of spacing usage and breakpoint justification once `RSP` requirements exist.,Manual review of spacing usage and breakpoint justification once `RSP` requirements exist.
KBDL-FND-004,Validation method,"Spacing rhythm and responsive content priority (KBDL-FND-003, KBDL-FND-004)",Uniform default,Manual review of spacing usage and breakpoint justification once `RSP` requirements exist.,Manual review of spacing usage and breakpoint justification once `RSP` requirements exist.
KBDL-FND-003,Validation evidence,"Spacing rhythm and responsive content priority (KBDL-FND-003, KBDL-FND-004)",Uniform default,Not verified — no responsive-behavior module exists yet.,Not verified — no responsive-behavior module exists yet.
KBDL-FND-004,Validation evidence,"Spacing rhythm and responsive content priority (KBDL-FND-003, KBDL-FND-004)",Uniform default,Not verified — no responsive-behavior module exists yet.,Not verified — no responsive-behavior module exists yet.
KBDL-FND-003,Known limitation,"Spacing rhythm and responsive content priority (KBDL-FND-003, KBDL-FND-004)",Uniform default,Cannot be fully validated until `RSP` requirements exist.,Cannot be fully validated until `RSP` requirements exist.
KBDL-FND-004,Known limitation,"Spacing rhythm and responsive content priority (KBDL-FND-003, KBDL-FND-004)",Uniform default,Cannot be fully validated until `RSP` requirements exist.,Cannot be fully validated until `RSP` requirements exist.
KBDL-FND-003,Packet or tracking destination,"Spacing rhythm and responsive content priority (KBDL-FND-003, KBDL-FND-004)",Missing,MISSING,MISSING
KBDL-FND-004,Packet or tracking destination,"Spacing rhythm and responsive content priority (KBDL-FND-003, KBDL-FND-004)",Missing,MISSING,MISSING
KBDL-FND-003,Pending dependencies,"Spacing rhythm and responsive content priority (KBDL-FND-003, KBDL-FND-004)",Missing,MISSING,MISSING
KBDL-FND-004,Pending dependencies,"Spacing rhythm and responsive content priority (KBDL-FND-003, KBDL-FND-004)",Missing,MISSING,MISSING
KBDL-FND-003,Related decision,"Spacing rhythm and responsive content priority (KBDL-FND-003, KBDL-FND-004)",Uniform default,"KBDL-DEC-003, KBDL-DEC-007","KBDL-DEC-003, KBDL-DEC-007"
KBDL-FND-004,Related decision,"Spacing rhythm and responsive content priority (KBDL-FND-003, KBDL-FND-004)",Uniform default,"KBDL-DEC-003, KBDL-DEC-007","KBDL-DEC-003, KBDL-DEC-007"
KBDL-FND-003,Notes or exclusions,"Spacing rhythm and responsive content priority (KBDL-FND-003, KBDL-FND-004)",Uniform default,Restates locked rules from [principles.md §5.1](principles.md#51-locked-identity-rules) at foundation-level specificity.,Restates locked rules from [principles.md §5.1](principles.md#51-locked-identity-rules) at foundation-level specificity.
KBDL-FND-004,Notes or exclusions,"Spacing rhythm and responsive content priority (KBDL-FND-003, KBDL-FND-004)",Uniform default,Restates locked rules from [principles.md §5.1](principles.md#51-locked-identity-rules) at foundation-level specificity.,Restates locked rules from [principles.md §5.1](principles.md#51-locked-identity-rules) at foundation-level specificity.
KBDL-FND-005,Blueprint section,"Elevation and icon/media accessibility anticipation (KBDL-FND-005, KBDL-FND-006, KBDL-FND-007)",Uniform default,Depth semantics; icon and media accessibility anticipation,Depth semantics; icon and media accessibility anticipation
KBDL-FND-006,Blueprint section,"Elevation and icon/media accessibility anticipation (KBDL-FND-005, KBDL-FND-006, KBDL-FND-007)",Uniform default,Depth semantics; icon and media accessibility anticipation,Depth semantics; icon and media accessibility anticipation
KBDL-FND-007,Blueprint section,"Elevation and icon/media accessibility anticipation (KBDL-FND-005, KBDL-FND-006, KBDL-FND-007)",Uniform default,Depth semantics; icon and media accessibility anticipation,Depth semantics; icon and media accessibility anticipation
KBDL-FND-005,Roadmap prompt,"Elevation and icon/media accessibility anticipation (KBDL-FND-005, KBDL-FND-006, KBDL-FND-007)",Uniform default,KBDL-003,KBDL-003
KBDL-FND-006,Roadmap prompt,"Elevation and icon/media accessibility anticipation (KBDL-FND-005, KBDL-FND-006, KBDL-FND-007)",Uniform default,KBDL-003,KBDL-003
KBDL-FND-007,Roadmap prompt,"Elevation and icon/media accessibility anticipation (KBDL-FND-005, KBDL-FND-006, KBDL-FND-007)",Uniform default,KBDL-003,KBDL-003
KBDL-FND-005,Specification location,"Elevation and icon/media accessibility anticipation (KBDL-FND-005, KBDL-FND-006, KBDL-FND-007)",Uniform default,"[foundations/shape-depth.md §3](foundations/shape-depth.md#3-elevation-and-depth), [foundations/iconography-media.md §1.1, §2.1](foundations/iconography-media.md#1-iconography)","[foundations/shape-depth.md §3](foundations/shape-depth.md#3-elevation-and-depth), [foundations/iconography-media.md §1.1, §2.1](foundations/iconography-media.md#1-iconography)"
KBDL-FND-006,Specification location,"Elevation and icon/media accessibility anticipation (KBDL-FND-005, KBDL-FND-006, KBDL-FND-007)",Uniform default,"[foundations/shape-depth.md §3](foundations/shape-depth.md#3-elevation-and-depth), [foundations/iconography-media.md §1.1, §2.1](foundations/iconography-media.md#1-iconography)","[foundations/shape-depth.md §3](foundations/shape-depth.md#3-elevation-and-depth), [foundations/iconography-media.md §1.1, §2.1](foundations/iconography-media.md#1-iconography)"
KBDL-FND-007,Specification location,"Elevation and icon/media accessibility anticipation (KBDL-FND-005, KBDL-FND-006, KBDL-FND-007)",Uniform default,"[foundations/shape-depth.md §3](foundations/shape-depth.md#3-elevation-and-depth), [foundations/iconography-media.md §1.1, §2.1](foundations/iconography-media.md#1-iconography)","[foundations/shape-depth.md §3](foundations/shape-depth.md#3-elevation-and-depth), [foundations/iconography-media.md §1.1, §2.1](foundations/iconography-media.md#1-iconography)"
KBDL-FND-005,Lifecycle status,"Elevation and icon/media accessibility anticipation (KBDL-FND-005, KBDL-FND-006, KBDL-FND-007)",Missing,MISSING,MISSING
KBDL-FND-006,Lifecycle status,"Elevation and icon/media accessibility anticipation (KBDL-FND-005, KBDL-FND-006, KBDL-FND-007)",Missing,MISSING,MISSING
KBDL-FND-007,Lifecycle status,"Elevation and icon/media accessibility anticipation (KBDL-FND-005, KBDL-FND-006, KBDL-FND-007)",Missing,MISSING,MISSING
KBDL-FND-005,Provenance,"Elevation and icon/media accessibility anticipation (KBDL-FND-005, KBDL-FND-006, KBDL-FND-007)",Missing,MISSING,MISSING
KBDL-FND-006,Provenance,"Elevation and icon/media accessibility anticipation (KBDL-FND-005, KBDL-FND-006, KBDL-FND-007)",Missing,MISSING,MISSING
KBDL-FND-007,Provenance,"Elevation and icon/media accessibility anticipation (KBDL-FND-005, KBDL-FND-006, KBDL-FND-007)",Missing,MISSING,MISSING
KBDL-FND-005,Validation classification,"Elevation and icon/media accessibility anticipation (KBDL-FND-005, KBDL-FND-006, KBDL-FND-007)",Uniform default,Not verified,Not verified
KBDL-FND-006,Validation classification,"Elevation and icon/media accessibility anticipation (KBDL-FND-005, KBDL-FND-006, KBDL-FND-007)",Uniform default,Not verified,Not verified
KBDL-FND-007,Validation classification,"Elevation and icon/media accessibility anticipation (KBDL-FND-005, KBDL-FND-006, KBDL-FND-007)",Uniform default,Not verified,Not verified
KBDL-FND-005,Authority,"Elevation and icon/media accessibility anticipation (KBDL-FND-005, KBDL-FND-006, KBDL-FND-007)",Missing,MISSING,MISSING
KBDL-FND-006,Authority,"Elevation and icon/media accessibility anticipation (KBDL-FND-005, KBDL-FND-006, KBDL-FND-007)",Missing,MISSING,MISSING
KBDL-FND-007,Authority,"Elevation and icon/media accessibility anticipation (KBDL-FND-005, KBDL-FND-006, KBDL-FND-007)",Missing,MISSING,MISSING
KBDL-FND-005,Validation method,"Elevation and icon/media accessibility anticipation (KBDL-FND-005, KBDL-FND-006, KBDL-FND-007)",Uniform default,"Manual review confirming each elevation level states a simplified fallback, and that icon/media required principles explicitly state the state-clarity and reduced-motion anticipation rules.","Manual review confirming each elevation level states a simplified fallback, and that icon/media required principles explicitly state the state-clarity and reduced-motion anticipation rules."
KBDL-FND-006,Validation method,"Elevation and icon/media accessibility anticipation (KBDL-FND-005, KBDL-FND-006, KBDL-FND-007)",Uniform default,"Manual review confirming each elevation level states a simplified fallback, and that icon/media required principles explicitly state the state-clarity and reduced-motion anticipation rules.","Manual review confirming each elevation level states a simplified fallback, and that icon/media required principles explicitly state the state-clarity and reduced-motion anticipation rules."
KBDL-FND-007,Validation method,"Elevation and icon/media accessibility anticipation (KBDL-FND-005, KBDL-FND-006, KBDL-FND-007)",Uniform default,"Manual review confirming each elevation level states a simplified fallback, and that icon/media required principles explicitly state the state-clarity and reduced-motion anticipation rules.","Manual review confirming each elevation level states a simplified fallback, and that icon/media required principles explicitly state the state-clarity and reduced-motion anticipation rules."
KBDL-FND-005,Validation evidence,"Elevation and icon/media accessibility anticipation (KBDL-FND-005, KBDL-FND-006, KBDL-FND-007)",Uniform default,"Manual completeness review recorded in the KBDL-003 commit — confirmed all five elevation levels list a non-shadow-dependent fallback, and both icon and media sections state their respective anticipation requirements.","Manual completeness review recorded in the KBDL-003 commit — confirmed all five elevation levels list a non-shadow-dependent fallback, and both icon and media sections state their respective anticipation requirements."
KBDL-FND-006,Validation evidence,"Elevation and icon/media accessibility anticipation (KBDL-FND-005, KBDL-FND-006, KBDL-FND-007)",Uniform default,"Manual completeness review recorded in the KBDL-003 commit — confirmed all five elevation levels list a non-shadow-dependent fallback, and both icon and media sections state their respective anticipation requirements.","Manual completeness review recorded in the KBDL-003 commit — confirmed all five elevation levels list a non-shadow-dependent fallback, and both icon and media sections state their respective anticipation requirements."
KBDL-FND-007,Validation evidence,"Elevation and icon/media accessibility anticipation (KBDL-FND-005, KBDL-FND-006, KBDL-FND-007)",Uniform default,"Manual completeness review recorded in the KBDL-003 commit — confirmed all five elevation levels list a non-shadow-dependent fallback, and both icon and media sections state their respective anticipation requirements.","Manual completeness review recorded in the KBDL-003 commit — confirmed all five elevation levels list a non-shadow-dependent fallback, and both icon and media sections state their respective anticipation requirements."
KBDL-FND-005,Known limitation,"Elevation and icon/media accessibility anticipation (KBDL-FND-005, KBDL-FND-006, KBDL-FND-007)",Uniform default,None identified.,None identified.
KBDL-FND-006,Known limitation,"Elevation and icon/media accessibility anticipation (KBDL-FND-005, KBDL-FND-006, KBDL-FND-007)",Uniform default,None identified.,None identified.
KBDL-FND-007,Known limitation,"Elevation and icon/media accessibility anticipation (KBDL-FND-005, KBDL-FND-006, KBDL-FND-007)",Uniform default,None identified.,None identified.
KBDL-FND-005,Packet or tracking destination,"Elevation and icon/media accessibility anticipation (KBDL-FND-005, KBDL-FND-006, KBDL-FND-007)",Missing,MISSING,MISSING
KBDL-FND-006,Packet or tracking destination,"Elevation and icon/media accessibility anticipation (KBDL-FND-005, KBDL-FND-006, KBDL-FND-007)",Missing,MISSING,MISSING
KBDL-FND-007,Packet or tracking destination,"Elevation and icon/media accessibility anticipation (KBDL-FND-005, KBDL-FND-006, KBDL-FND-007)",Missing,MISSING,MISSING
KBDL-FND-005,Pending dependencies,"Elevation and icon/media accessibility anticipation (KBDL-FND-005, KBDL-FND-006, KBDL-FND-007)",Missing,MISSING,MISSING
KBDL-FND-006,Pending dependencies,"Elevation and icon/media accessibility anticipation (KBDL-FND-005, KBDL-FND-006, KBDL-FND-007)",Missing,MISSING,MISSING
KBDL-FND-007,Pending dependencies,"Elevation and icon/media accessibility anticipation (KBDL-FND-005, KBDL-FND-006, KBDL-FND-007)",Missing,MISSING,MISSING
KBDL-FND-005,Related decision,"Elevation and icon/media accessibility anticipation (KBDL-FND-005, KBDL-FND-006, KBDL-FND-007)",Uniform default,Not applicable,Not applicable
KBDL-FND-006,Related decision,"Elevation and icon/media accessibility anticipation (KBDL-FND-005, KBDL-FND-006, KBDL-FND-007)",Uniform default,Not applicable,Not applicable
KBDL-FND-007,Related decision,"Elevation and icon/media accessibility anticipation (KBDL-FND-005, KBDL-FND-006, KBDL-FND-007)",Uniform default,Not applicable,Not applicable
KBDL-FND-005,Notes or exclusions,"Elevation and icon/media accessibility anticipation (KBDL-FND-005, KBDL-FND-006, KBDL-FND-007)",Uniform default,"""Anticipation"" language is intentional — full reduced-motion and accessibility markup rules belong to KBDL-005/006.","""Anticipation"" language is intentional — full reduced-motion and accessibility markup rules belong to KBDL-005/006."
KBDL-FND-006,Notes or exclusions,"Elevation and icon/media accessibility anticipation (KBDL-FND-005, KBDL-FND-006, KBDL-FND-007)",Uniform default,"""Anticipation"" language is intentional — full reduced-motion and accessibility markup rules belong to KBDL-005/006.","""Anticipation"" language is intentional — full reduced-motion and accessibility markup rules belong to KBDL-005/006."
KBDL-FND-007,Notes or exclusions,"Elevation and icon/media accessibility anticipation (KBDL-FND-005, KBDL-FND-006, KBDL-FND-007)",Uniform default,"""Anticipation"" language is intentional — full reduced-motion and accessibility markup rules belong to KBDL-005/006.","""Anticipation"" language is intentional — full reduced-motion and accessibility markup rules belong to KBDL-005/006."
KBDL-FND-008,Blueprint section,Shared foundation architecture across profiles (KBDL-FND-008),Exact per-ID mapping,Profile-level foundation adjustments,Profile-level foundation adjustments
KBDL-FND-008,Roadmap prompt,Shared foundation architecture across profiles (KBDL-FND-008),Exact per-ID mapping,KBDL-003,KBDL-003
KBDL-FND-008,Specification location,Shared foundation architecture across profiles (KBDL-FND-008),Exact per-ID mapping,[foundations/README.md §4](foundations/README.md#4-project-profile-adjustments--foundation-summary),[foundations/README.md §4](foundations/README.md#4-project-profile-adjustments--foundation-summary)
KBDL-FND-008,Lifecycle status,Shared foundation architecture across profiles (KBDL-FND-008),Missing,MISSING,MISSING
KBDL-FND-008,Provenance,Shared foundation architecture across profiles (KBDL-FND-008),Missing,MISSING,MISSING
KBDL-FND-008,Validation classification,Shared foundation architecture across profiles (KBDL-FND-008),Exact per-ID mapping,Not verified,Not verified
KBDL-FND-008,Authority,Shared foundation architecture across profiles (KBDL-FND-008),Missing,MISSING,MISSING
KBDL-FND-008,Validation method,Shared foundation architecture across profiles (KBDL-FND-008),Exact per-ID mapping,Manual cross-profile consistency review once the project-profiles module (`PRO`) is approved.,Manual cross-profile consistency review once the project-profiles module (`PRO`) is approved.
KBDL-FND-008,Validation evidence,Shared foundation architecture across profiles (KBDL-FND-008),Exact per-ID mapping,Not verified — `PRO` requirements do not exist yet.,Not verified — `PRO` requirements do not exist yet.
KBDL-FND-008,Known limitation,Shared foundation architecture across profiles (KBDL-FND-008),Exact per-ID mapping,Cannot be fully validated until `PRO` requirements exist.,Cannot be fully validated until `PRO` requirements exist.
KBDL-FND-008,Packet or tracking destination,Shared foundation architecture across profiles (KBDL-FND-008),Missing,MISSING,MISSING
KBDL-FND-008,Pending dependencies,Shared foundation architecture across profiles (KBDL-FND-008),Missing,MISSING,MISSING
KBDL-FND-008,Related decision,Shared foundation architecture across profiles (KBDL-FND-008),Exact per-ID mapping,KBDL-DEC-006,KBDL-DEC-006
KBDL-FND-008,Notes or exclusions,Shared foundation architecture across profiles (KBDL-FND-008),Exact per-ID mapping,Restates [principles.md §9.4](principles.md#94-shared-constraints-across-profiles) at foundation-level specificity.,Restates [principles.md §9.4](principles.md#94-shared-constraints-across-profiles) at foundation-level specificity.
KBDL-FND-009,Blueprint section,"Approved color, typography, spacing, and shape/elevation defaults (KBDL-FND-009 through KBDL-FND-012)",Uniform default,Foundation decision packet — default values,Foundation decision packet — default values
KBDL-FND-010,Blueprint section,"Approved color, typography, spacing, and shape/elevation defaults (KBDL-FND-009 through KBDL-FND-012)",Uniform default,Foundation decision packet — default values,Foundation decision packet — default values
KBDL-FND-011,Blueprint section,"Approved color, typography, spacing, and shape/elevation defaults (KBDL-FND-009 through KBDL-FND-012)",Uniform default,Foundation decision packet — default values,Foundation decision packet — default values
KBDL-FND-012,Blueprint section,"Approved color, typography, spacing, and shape/elevation defaults (KBDL-FND-009 through KBDL-FND-012)",Uniform default,Foundation decision packet — default values,Foundation decision packet — default values
KBDL-FND-009,Roadmap prompt,"Approved color, typography, spacing, and shape/elevation defaults (KBDL-FND-009 through KBDL-FND-012)",Uniform default,KBDL-003 (approved via project-owner review following KBDL-003-R1),KBDL-003 (approved via project-owner review following KBDL-003-R1)
KBDL-FND-010,Roadmap prompt,"Approved color, typography, spacing, and shape/elevation defaults (KBDL-FND-009 through KBDL-FND-012)",Uniform default,KBDL-003 (approved via project-owner review following KBDL-003-R1),KBDL-003 (approved via project-owner review following KBDL-003-R1)
KBDL-FND-011,Roadmap prompt,"Approved color, typography, spacing, and shape/elevation defaults (KBDL-FND-009 through KBDL-FND-012)",Uniform default,KBDL-003 (approved via project-owner review following KBDL-003-R1),KBDL-003 (approved via project-owner review following KBDL-003-R1)
KBDL-FND-012,Roadmap prompt,"Approved color, typography, spacing, and shape/elevation defaults (KBDL-FND-009 through KBDL-FND-012)",Uniform default,KBDL-003 (approved via project-owner review following KBDL-003-R1),KBDL-003 (approved via project-owner review following KBDL-003-R1)
KBDL-FND-009,Specification location,"Approved color, typography, spacing, and shape/elevation defaults (KBDL-FND-009 through KBDL-FND-012)",Uniform default,[foundations/README.md §6](foundations/README.md#6-foundation-decision-packet),[foundations/README.md §6](foundations/README.md#6-foundation-decision-packet)
KBDL-FND-010,Specification location,"Approved color, typography, spacing, and shape/elevation defaults (KBDL-FND-009 through KBDL-FND-012)",Uniform default,[foundations/README.md §6](foundations/README.md#6-foundation-decision-packet),[foundations/README.md §6](foundations/README.md#6-foundation-decision-packet)
KBDL-FND-011,Specification location,"Approved color, typography, spacing, and shape/elevation defaults (KBDL-FND-009 through KBDL-FND-012)",Uniform default,[foundations/README.md §6](foundations/README.md#6-foundation-decision-packet),[foundations/README.md §6](foundations/README.md#6-foundation-decision-packet)
KBDL-FND-012,Specification location,"Approved color, typography, spacing, and shape/elevation defaults (KBDL-FND-009 through KBDL-FND-012)",Uniform default,[foundations/README.md §6](foundations/README.md#6-foundation-decision-packet),[foundations/README.md §6](foundations/README.md#6-foundation-decision-packet)
KBDL-FND-009,Lifecycle status,"Approved color, typography, spacing, and shape/elevation defaults (KBDL-FND-009 through KBDL-FND-012)",Missing,MISSING,MISSING
KBDL-FND-010,Lifecycle status,"Approved color, typography, spacing, and shape/elevation defaults (KBDL-FND-009 through KBDL-FND-012)",Missing,MISSING,MISSING
KBDL-FND-011,Lifecycle status,"Approved color, typography, spacing, and shape/elevation defaults (KBDL-FND-009 through KBDL-FND-012)",Missing,MISSING,MISSING
KBDL-FND-012,Lifecycle status,"Approved color, typography, spacing, and shape/elevation defaults (KBDL-FND-009 through KBDL-FND-012)",Missing,MISSING,MISSING
KBDL-FND-009,Provenance,"Approved color, typography, spacing, and shape/elevation defaults (KBDL-FND-009 through KBDL-FND-012)",Missing,MISSING,MISSING
KBDL-FND-010,Provenance,"Approved color, typography, spacing, and shape/elevation defaults (KBDL-FND-009 through KBDL-FND-012)",Missing,MISSING,MISSING
KBDL-FND-011,Provenance,"Approved color, typography, spacing, and shape/elevation defaults (KBDL-FND-009 through KBDL-FND-012)",Missing,MISSING,MISSING
KBDL-FND-012,Provenance,"Approved color, typography, spacing, and shape/elevation defaults (KBDL-FND-009 through KBDL-FND-012)",Missing,MISSING,MISSING
KBDL-FND-009,Validation classification,"Approved color, typography, spacing, and shape/elevation defaults (KBDL-FND-009 through KBDL-FND-012)",Uniform default,"Mixed — Verified / Not verified: KBDL-FND-009; Not verified: KBDL-FND-010, KBDL-FND-011, KBDL-FND-012","Mixed — Verified / Not verified: KBDL-FND-009; Not verified: KBDL-FND-010, KBDL-FND-011, KBDL-FND-012"
KBDL-FND-010,Validation classification,"Approved color, typography, spacing, and shape/elevation defaults (KBDL-FND-009 through KBDL-FND-012)",Uniform default,"Mixed — Verified / Not verified: KBDL-FND-009; Not verified: KBDL-FND-010, KBDL-FND-011, KBDL-FND-012","Mixed — Verified / Not verified: KBDL-FND-009; Not verified: KBDL-FND-010, KBDL-FND-011, KBDL-FND-012"
KBDL-FND-011,Validation classification,"Approved color, typography, spacing, and shape/elevation defaults (KBDL-FND-009 through KBDL-FND-012)",Uniform default,"Mixed — Verified / Not verified: KBDL-FND-009; Not verified: KBDL-FND-010, KBDL-FND-011, KBDL-FND-012","Mixed — Verified / Not verified: KBDL-FND-009; Not verified: KBDL-FND-010, KBDL-FND-011, KBDL-FND-012"
KBDL-FND-012,Validation classification,"Approved color, typography, spacing, and shape/elevation defaults (KBDL-FND-009 through KBDL-FND-012)",Uniform default,"Mixed — Verified / Not verified: KBDL-FND-009; Not verified: KBDL-FND-010, KBDL-FND-011, KBDL-FND-012","Mixed — Verified / Not verified: KBDL-FND-009; Not verified: KBDL-FND-010, KBDL-FND-011, KBDL-FND-012"
KBDL-FND-009,Authority,"Approved color, typography, spacing, and shape/elevation defaults (KBDL-FND-009 through KBDL-FND-012)",Missing,MISSING,MISSING
KBDL-FND-010,Authority,"Approved color, typography, spacing, and shape/elevation defaults (KBDL-FND-009 through KBDL-FND-012)",Missing,MISSING,MISSING
KBDL-FND-011,Authority,"Approved color, typography, spacing, and shape/elevation defaults (KBDL-FND-009 through KBDL-FND-012)",Missing,MISSING,MISSING
KBDL-FND-012,Authority,"Approved color, typography, spacing, and shape/elevation defaults (KBDL-FND-009 through KBDL-FND-012)",Missing,MISSING,MISSING
KBDL-FND-009,Validation method,"Approved color, typography, spacing, and shape/elevation defaults (KBDL-FND-009 through KBDL-FND-012)",Uniform default,"WCAG relative-luminance contrast calculation (completed for the color pairs listed); project-owner review (completed — see KBDL-DEC-012); typeface-licensing verification (not yet performed, applies to a future specific font-family decision).","WCAG relative-luminance contrast calculation (completed for the color pairs listed); project-owner review (completed — see KBDL-DEC-012); typeface-licensing verification (not yet performed, applies to a future specific font-family decision)."
KBDL-FND-010,Validation method,"Approved color, typography, spacing, and shape/elevation defaults (KBDL-FND-009 through KBDL-FND-012)",Uniform default,"WCAG relative-luminance contrast calculation (completed for the color pairs listed); project-owner review (completed — see KBDL-DEC-012); typeface-licensing verification (not yet performed, applies to a future specific font-family decision).","WCAG relative-luminance contrast calculation (completed for the color pairs listed); project-owner review (completed — see KBDL-DEC-012); typeface-licensing verification (not yet performed, applies to a future specific font-family decision)."
KBDL-FND-011,Validation method,"Approved color, typography, spacing, and shape/elevation defaults (KBDL-FND-009 through KBDL-FND-012)",Uniform default,"WCAG relative-luminance contrast calculation (completed for the color pairs listed); project-owner review (completed — see KBDL-DEC-012); typeface-licensing verification (not yet performed, applies to a future specific font-family decision).","WCAG relative-luminance contrast calculation (completed for the color pairs listed); project-owner review (completed — see KBDL-DEC-012); typeface-licensing verification (not yet performed, applies to a future specific font-family decision)."
KBDL-FND-012,Validation method,"Approved color, typography, spacing, and shape/elevation defaults (KBDL-FND-009 through KBDL-FND-012)",Uniform default,"WCAG relative-luminance contrast calculation (completed for the color pairs listed); project-owner review (completed — see KBDL-DEC-012); typeface-licensing verification (not yet performed, applies to a future specific font-family decision).","WCAG relative-luminance contrast calculation (completed for the color pairs listed); project-owner review (completed — see KBDL-DEC-012); typeface-licensing verification (not yet performed, applies to a future specific font-family decision)."
KBDL-FND-009,Validation evidence,"Approved color, typography, spacing, and shape/elevation defaults (KBDL-FND-009 through KBDL-FND-012)",Uniform default,"Contrast-ratio table in [foundations/color.md §4](foundations/color.md#4-contrast-evidence-illustrative-not-a-theme-mapping), computed via a local dependency-free script (see the KBDL-003 validation evidence for the script and full output). Updated under KBDL-003-R1: `neutral-50` (3.25:1) was found to fail the 4.5:1 normal-text threshold and is now restricted to large-text/non-text-UI/decorative use only; a new `neutral-60` (5.59:1) was added and verified as the safe value for normal-sized secondary/tertiary text.","Contrast-ratio table in [foundations/color.md §4](foundations/color.md#4-contrast-evidence-illustrative-not-a-theme-mapping), computed via a local dependency-free script (see the KBDL-003 validation evidence for the script and full output). Updated under KBDL-003-R1: `neutral-50` (3.25:1) was found to fail the 4.5:1 normal-text threshold and is now restricted to large-text/non-text-UI/decorative use only; a new `neutral-60` (5.59:1) was added and verified as the safe value for normal-sized secondary/tertiary text."
KBDL-FND-010,Validation evidence,"Approved color, typography, spacing, and shape/elevation defaults (KBDL-FND-009 through KBDL-FND-012)",Uniform default,"Contrast-ratio table in [foundations/color.md §4](foundations/color.md#4-contrast-evidence-illustrative-not-a-theme-mapping), computed via a local dependency-free script (see the KBDL-003 validation evidence for the script and full output). Updated under KBDL-003-R1: `neutral-50` (3.25:1) was found to fail the 4.5:1 normal-text threshold and is now restricted to large-text/non-text-UI/decorative use only; a new `neutral-60` (5.59:1) was added and verified as the safe value for normal-sized secondary/tertiary text.","Contrast-ratio table in [foundations/color.md §4](foundations/color.md#4-contrast-evidence-illustrative-not-a-theme-mapping), computed via a local dependency-free script (see the KBDL-003 validation evidence for the script and full output). Updated under KBDL-003-R1: `neutral-50` (3.25:1) was found to fail the 4.5:1 normal-text threshold and is now restricted to large-text/non-text-UI/decorative use only; a new `neutral-60` (5.59:1) was added and verified as the safe value for normal-sized secondary/tertiary text."
KBDL-FND-011,Validation evidence,"Approved color, typography, spacing, and shape/elevation defaults (KBDL-FND-009 through KBDL-FND-012)",Uniform default,"Contrast-ratio table in [foundations/color.md §4](foundations/color.md#4-contrast-evidence-illustrative-not-a-theme-mapping), computed via a local dependency-free script (see the KBDL-003 validation evidence for the script and full output). Updated under KBDL-003-R1: `neutral-50` (3.25:1) was found to fail the 4.5:1 normal-text threshold and is now restricted to large-text/non-text-UI/decorative use only; a new `neutral-60` (5.59:1) was added and verified as the safe value for normal-sized secondary/tertiary text.","Contrast-ratio table in [foundations/color.md §4](foundations/color.md#4-contrast-evidence-illustrative-not-a-theme-mapping), computed via a local dependency-free script (see the KBDL-003 validation evidence for the script and full output). Updated under KBDL-003-R1: `neutral-50` (3.25:1) was found to fail the 4.5:1 normal-text threshold and is now restricted to large-text/non-text-UI/decorative use only; a new `neutral-60` (5.59:1) was added and verified as the safe value for normal-sized secondary/tertiary text."
KBDL-FND-012,Validation evidence,"Approved color, typography, spacing, and shape/elevation defaults (KBDL-FND-009 through KBDL-FND-012)",Uniform default,"Contrast-ratio table in [foundations/color.md §4](foundations/color.md#4-contrast-evidence-illustrative-not-a-theme-mapping), computed via a local dependency-free script (see the KBDL-003 validation evidence for the script and full output). Updated under KBDL-003-R1: `neutral-50` (3.25:1) was found to fail the 4.5:1 normal-text threshold and is now restricted to large-text/non-text-UI/decorative use only; a new `neutral-60` (5.59:1) was added and verified as the safe value for normal-sized secondary/tertiary text.","Contrast-ratio table in [foundations/color.md §4](foundations/color.md#4-contrast-evidence-illustrative-not-a-theme-mapping), computed via a local dependency-free script (see the KBDL-003 validation evidence for the script and full output). Updated under KBDL-003-R1: `neutral-50` (3.25:1) was found to fail the 4.5:1 normal-text threshold and is now restricted to large-text/non-text-UI/decorative use only; a new `neutral-60` (5.59:1) was added and verified as the safe value for normal-sized secondary/tertiary text."
KBDL-FND-009,Known limitation,"Approved color, typography, spacing, and shape/elevation defaults (KBDL-FND-009 through KBDL-FND-012)",Uniform default,"Approval authorizes these defaults for implementation; it does not itself constitute rendering, brand-suitability, or licensing validation — those remain `Not verified` as noted above.","Approval authorizes these defaults for implementation; it does not itself constitute rendering, brand-suitability, or licensing validation — those remain `Not verified` as noted above."
KBDL-FND-010,Known limitation,"Approved color, typography, spacing, and shape/elevation defaults (KBDL-FND-009 through KBDL-FND-012)",Uniform default,"Approval authorizes these defaults for implementation; it does not itself constitute rendering, brand-suitability, or licensing validation — those remain `Not verified` as noted above.","Approval authorizes these defaults for implementation; it does not itself constitute rendering, brand-suitability, or licensing validation — those remain `Not verified` as noted above."
KBDL-FND-011,Known limitation,"Approved color, typography, spacing, and shape/elevation defaults (KBDL-FND-009 through KBDL-FND-012)",Uniform default,"Approval authorizes these defaults for implementation; it does not itself constitute rendering, brand-suitability, or licensing validation — those remain `Not verified` as noted above.","Approval authorizes these defaults for implementation; it does not itself constitute rendering, brand-suitability, or licensing validation — those remain `Not verified` as noted above."
KBDL-FND-012,Known limitation,"Approved color, typography, spacing, and shape/elevation defaults (KBDL-FND-009 through KBDL-FND-012)",Uniform default,"Approval authorizes these defaults for implementation; it does not itself constitute rendering, brand-suitability, or licensing validation — those remain `Not verified` as noted above.","Approval authorizes these defaults for implementation; it does not itself constitute rendering, brand-suitability, or licensing validation — those remain `Not verified` as noted above."
KBDL-FND-009,Packet or tracking destination,"Approved color, typography, spacing, and shape/elevation defaults (KBDL-FND-009 through KBDL-FND-012)",Missing,MISSING,MISSING
KBDL-FND-010,Packet or tracking destination,"Approved color, typography, spacing, and shape/elevation defaults (KBDL-FND-009 through KBDL-FND-012)",Missing,MISSING,MISSING
KBDL-FND-011,Packet or tracking destination,"Approved color, typography, spacing, and shape/elevation defaults (KBDL-FND-009 through KBDL-FND-012)",Missing,MISSING,MISSING
KBDL-FND-012,Packet or tracking destination,"Approved color, typography, spacing, and shape/elevation defaults (KBDL-FND-009 through KBDL-FND-012)",Missing,MISSING,MISSING
KBDL-FND-009,Pending dependencies,"Approved color, typography, spacing, and shape/elevation defaults (KBDL-FND-009 through KBDL-FND-012)",Missing,MISSING,MISSING
KBDL-FND-010,Pending dependencies,"Approved color, typography, spacing, and shape/elevation defaults (KBDL-FND-009 through KBDL-FND-012)",Missing,MISSING,MISSING
KBDL-FND-011,Pending dependencies,"Approved color, typography, spacing, and shape/elevation defaults (KBDL-FND-009 through KBDL-FND-012)",Missing,MISSING,MISSING
KBDL-FND-012,Pending dependencies,"Approved color, typography, spacing, and shape/elevation defaults (KBDL-FND-009 through KBDL-FND-012)",Missing,MISSING,MISSING
KBDL-FND-009,Related decision,"Approved color, typography, spacing, and shape/elevation defaults (KBDL-FND-009 through KBDL-FND-012)",Uniform default,KBDL-DEC-012,KBDL-DEC-012
KBDL-FND-010,Related decision,"Approved color, typography, spacing, and shape/elevation defaults (KBDL-FND-009 through KBDL-FND-012)",Uniform default,KBDL-DEC-012,KBDL-DEC-012
KBDL-FND-011,Related decision,"Approved color, typography, spacing, and shape/elevation defaults (KBDL-FND-009 through KBDL-FND-012)",Uniform default,KBDL-DEC-012,KBDL-DEC-012
KBDL-FND-012,Related decision,"Approved color, typography, spacing, and shape/elevation defaults (KBDL-FND-009 through KBDL-FND-012)",Uniform default,KBDL-DEC-012,KBDL-DEC-012
KBDL-FND-009,Notes or exclusions,"Approved color, typography, spacing, and shape/elevation defaults (KBDL-FND-009 through KBDL-FND-012)",Uniform default,"This row's approval status changed from `Recommended` to `Approved` following the project owner's decision recorded in KBDL-DEC-012. See KBDL-003-R1 for the accessibility and lifecycle corrections applied to this row's underlying content before approval. ## KBDL-004 Rows The rows below trace KBDL-004's adaptive-theme scope, defined in [themes/README.md](themes/README.md) and its linked documents.","This row's approval status changed from `Recommended` to `Approved` following the project owner's decision recorded in KBDL-DEC-012. See KBDL-003-R1 for the accessibility and lifecycle corrections applied to this row's underlying content before approval. ## KBDL-004 Rows The rows below trace KBDL-004's adaptive-theme scope, defined in [themes/README.md](themes/README.md) and its linked documents."
KBDL-FND-010,Notes or exclusions,"Approved color, typography, spacing, and shape/elevation defaults (KBDL-FND-009 through KBDL-FND-012)",Uniform default,"This row's approval status changed from `Recommended` to `Approved` following the project owner's decision recorded in KBDL-DEC-012. See KBDL-003-R1 for the accessibility and lifecycle corrections applied to this row's underlying content before approval. ## KBDL-004 Rows The rows below trace KBDL-004's adaptive-theme scope, defined in [themes/README.md](themes/README.md) and its linked documents.","This row's approval status changed from `Recommended` to `Approved` following the project owner's decision recorded in KBDL-DEC-012. See KBDL-003-R1 for the accessibility and lifecycle corrections applied to this row's underlying content before approval. ## KBDL-004 Rows The rows below trace KBDL-004's adaptive-theme scope, defined in [themes/README.md](themes/README.md) and its linked documents."
KBDL-FND-011,Notes or exclusions,"Approved color, typography, spacing, and shape/elevation defaults (KBDL-FND-009 through KBDL-FND-012)",Uniform default,"This row's approval status changed from `Recommended` to `Approved` following the project owner's decision recorded in KBDL-DEC-012. See KBDL-003-R1 for the accessibility and lifecycle corrections applied to this row's underlying content before approval. ## KBDL-004 Rows The rows below trace KBDL-004's adaptive-theme scope, defined in [themes/README.md](themes/README.md) and its linked documents.","This row's approval status changed from `Recommended` to `Approved` following the project owner's decision recorded in KBDL-DEC-012. See KBDL-003-R1 for the accessibility and lifecycle corrections applied to this row's underlying content before approval. ## KBDL-004 Rows The rows below trace KBDL-004's adaptive-theme scope, defined in [themes/README.md](themes/README.md) and its linked documents."
KBDL-FND-012,Notes or exclusions,"Approved color, typography, spacing, and shape/elevation defaults (KBDL-FND-009 through KBDL-FND-012)",Uniform default,"This row's approval status changed from `Recommended` to `Approved` following the project owner's decision recorded in KBDL-DEC-012. See KBDL-003-R1 for the accessibility and lifecycle corrections applied to this row's underlying content before approval. ## KBDL-004 Rows The rows below trace KBDL-004's adaptive-theme scope, defined in [themes/README.md](themes/README.md) and its linked documents.","This row's approval status changed from `Recommended` to `Approved` following the project owner's decision recorded in KBDL-DEC-012. See KBDL-003-R1 for the accessibility and lifecycle corrections applied to this row's underlying content before approval. ## KBDL-004 Rows The rows below trace KBDL-004's adaptive-theme scope, defined in [themes/README.md](themes/README.md) and its linked documents."
KBDL-THM-001,Blueprint section,"Theme architecture, terminology, and semantic-role inventory (KBDL-THM-001)",Exact per-ID mapping,Theme architecture and semantic-role inventory,Theme architecture and semantic-role inventory
KBDL-THM-001,Roadmap prompt,"Theme architecture, terminology, and semantic-role inventory (KBDL-THM-001)",Exact per-ID mapping,KBDL-004,KBDL-004
KBDL-THM-001,Specification location,"Theme architecture, terminology, and semantic-role inventory (KBDL-THM-001)",Exact per-ID mapping,[themes/semantic-roles.md §1](themes/semantic-roles.md#1-semantic-role-inventory),[themes/semantic-roles.md §1](themes/semantic-roles.md#1-semantic-role-inventory)
KBDL-THM-001,Lifecycle status,"Theme architecture, terminology, and semantic-role inventory (KBDL-THM-001)",Missing,MISSING,MISSING
KBDL-THM-001,Provenance,"Theme architecture, terminology, and semantic-role inventory (KBDL-THM-001)",Missing,MISSING,MISSING
KBDL-THM-001,Validation classification,"Theme architecture, terminology, and semantic-role inventory (KBDL-THM-001)",Exact per-ID mapping,Not verified,Not verified
KBDL-THM-001,Authority,"Theme architecture, terminology, and semantic-role inventory (KBDL-THM-001)",Missing,MISSING,MISSING
KBDL-THM-001,Validation method,"Theme architecture, terminology, and semantic-role inventory (KBDL-THM-001)",Exact per-ID mapping,Manual review of role usage against the inventory at each later module's approval gate.,Manual review of role usage against the inventory at each later module's approval gate.
KBDL-THM-001,Validation evidence,"Theme architecture, terminology, and semantic-role inventory (KBDL-THM-001)",Exact per-ID mapping,Not verified — no component module exists yet to check role usage against.,Not verified — no component module exists yet to check role usage against.
KBDL-THM-001,Known limitation,"Theme architecture, terminology, and semantic-role inventory (KBDL-THM-001)",Exact per-ID mapping,Cannot be fully validated until component modules (`CMP`) exist.,Cannot be fully validated until component modules (`CMP`) exist.
KBDL-THM-001,Packet or tracking destination,"Theme architecture, terminology, and semantic-role inventory (KBDL-THM-001)",Missing,MISSING,MISSING
KBDL-THM-001,Pending dependencies,"Theme architecture, terminology, and semantic-role inventory (KBDL-THM-001)",Missing,MISSING,MISSING
KBDL-THM-001,Related decision,"Theme architecture, terminology, and semantic-role inventory (KBDL-THM-001)",Exact per-ID mapping,Not applicable,Not applicable
KBDL-THM-001,Notes or exclusions,"Theme architecture, terminology, and semantic-role inventory (KBDL-THM-001)",Exact per-ID mapping,Restates the color-role architecture from `KBDL-FND-001`/`002` at theme-level specificity; 72 distinct semantic roles across 6 categories.,Restates the color-role architecture from `KBDL-FND-001`/`002` at theme-level specificity; 72 distinct semantic roles across 6 categories.
KBDL-THM-002,Blueprint section,Semantic parity (KBDL-THM-002),Exact per-ID mapping,Light/dark theme parity,Light/dark theme parity
KBDL-THM-002,Roadmap prompt,Semantic parity (KBDL-THM-002),Exact per-ID mapping,KBDL-004,KBDL-004
KBDL-THM-002,Specification location,Semantic parity (KBDL-THM-002),Exact per-ID mapping,[themes/semantic-roles.md §2](themes/semantic-roles.md#2-semantic-parity),[themes/semantic-roles.md §2](themes/semantic-roles.md#2-semantic-parity)
KBDL-THM-002,Lifecycle status,Semantic parity (KBDL-THM-002),Missing,MISSING,MISSING
KBDL-THM-002,Provenance,Semantic parity (KBDL-THM-002),Missing,MISSING,MISSING
KBDL-THM-002,Validation classification,Semantic parity (KBDL-THM-002),Exact per-ID mapping,Verified,Verified
KBDL-THM-002,Authority,Semantic parity (KBDL-THM-002),Missing,MISSING,MISSING
KBDL-THM-002,Validation method,Semantic parity (KBDL-THM-002),Exact per-ID mapping,"Direct count of every role in the inventory against the actual light and dark mapping tables (re-run under KBDL-004-R1 and again under KBDL-004-R3, not a re-assertion of the prior report each time).","Direct count of every role in the inventory against the actual light and dark mapping tables (re-run under KBDL-004-R1 and again under KBDL-004-R3, not a re-assertion of the prior report each time)."
KBDL-THM-002,Validation evidence,Semantic parity (KBDL-THM-002),Exact per-ID mapping,"Parity matrix in [themes/semantic-roles.md § Parity Matrix](themes/semantic-roles.md#parity-matrix-corrected-under-kbdl-004-r1) — 72 unique roles, 72 light mappings, 72 dark mappings, **1** role-level alias (corrected under KBDL-004-R3, previously miscounted as 2), 0 unresolved; recorded in the KBDL-004-R3 commit. The KBDL-004-R1 re-run found and fixed a real table-formatting defect (an inserted paragraph had broken the Status Families table in `light-theme.md §5`, orphaning its ""Neutral status"" row).","Parity matrix in [themes/semantic-roles.md § Parity Matrix](themes/semantic-roles.md#parity-matrix-corrected-under-kbdl-004-r1) — 72 unique roles, 72 light mappings, 72 dark mappings, **1** role-level alias (corrected under KBDL-004-R3, previously miscounted as 2), 0 unresolved; recorded in the KBDL-004-R3 commit. The KBDL-004-R1 re-run found and fixed a real table-formatting defect (an inserted paragraph had broken the Status Families table in `light-theme.md §5`, orphaning its ""Neutral status"" row)."
KBDL-THM-002,Known limitation,Semantic parity (KBDL-THM-002),Exact per-ID mapping,None identified.,None identified.
KBDL-THM-002,Packet or tracking destination,Semantic parity (KBDL-THM-002),Missing,MISSING,MISSING
KBDL-THM-002,Pending dependencies,Semantic parity (KBDL-THM-002),Missing,MISSING,MISSING
KBDL-THM-002,Related decision,Semantic parity (KBDL-THM-002),Exact per-ID mapping,Not applicable,Not applicable
KBDL-THM-002,Notes or exclusions,Semantic parity (KBDL-THM-002),Exact per-ID mapping,"The category-label wording error (""×5 sub-roles ×5 families"") in the original parity matrix — which contradicted its own correct 4×6=24 total — is corrected under KBDL-004-R1; the total of 72 was independently re-verified, not merely preserved. Under KBDL-004-R2, the alias *definition* was reconciled to one model across all documents: an alias is a role with no separate definition of its own; a role whose *value* merely reuses (or, for Keyboard focus, is required to equal) another role's color is not an alias. However, the KBDL-004-R2 pass still classified **Keyboard focus** as an alias while simultaneously counting it among the Actions category's 10 distinct roles — an internal contradiction, since an aliased role contributes 0 to a distinct-role count, not 1. **KBDL-004-R3 resolves this**: Keyboard focus is now consistently classified as a distinct role (value/behavior equivalence with Focus indicator, not aliasing), leaving **Neutral status as the only true alias**. The unique-role, light-mapping, and dark-mapping totals are unchanged (72/72/72); only the alias total changes, from the previously irreproducible ""2"" to the correct **1**.","The category-label wording error (""×5 sub-roles ×5 families"") in the original parity matrix — which contradicted its own correct 4×6=24 total — is corrected under KBDL-004-R1; the total of 72 was independently re-verified, not merely preserved. Under KBDL-004-R2, the alias *definition* was reconciled to one model across all documents: an alias is a role with no separate definition of its own; a role whose *value* merely reuses (or, for Keyboard focus, is required to equal) another role's color is not an alias. However, the KBDL-004-R2 pass still classified **Keyboard focus** as an alias while simultaneously counting it among the Actions category's 10 distinct roles — an internal contradiction, since an aliased role contributes 0 to a distinct-role count, not 1. **KBDL-004-R3 resolves this**: Keyboard focus is now consistently classified as a distinct role (value/behavior equivalence with Focus indicator, not aliasing), leaving **Neutral status as the only true alias**. The unique-role, light-mapping, and dark-mapping totals are unchanged (72/72/72); only the alias total changes, from the previously irreproducible ""2"" to the correct **1**."
KBDL-THM-003,Blueprint section,"Theme selection precedence — approved core (KBDL-THM-003, narrowed under KBDL-004-R1)",Exact per-ID mapping,Theme-selection precedence — explicit-choice-over-system-preference core,Theme-selection precedence — explicit-choice-over-system-preference core
KBDL-THM-003,Roadmap prompt,"Theme selection precedence — approved core (KBDL-THM-003, narrowed under KBDL-004-R1)",Exact per-ID mapping,KBDL-004 (narrowed KBDL-004-R1),KBDL-004 (narrowed KBDL-004-R1)
KBDL-THM-003,Specification location,"Theme selection precedence — approved core (KBDL-THM-003, narrowed under KBDL-004-R1)",Exact per-ID mapping,[themes/README.md §5](themes/README.md#5-theme-selection-precedence),[themes/README.md §5](themes/README.md#5-theme-selection-precedence)
KBDL-THM-003,Lifecycle status,"Theme selection precedence — approved core (KBDL-THM-003, narrowed under KBDL-004-R1)",Missing,MISSING,MISSING
KBDL-THM-003,Provenance,"Theme selection precedence — approved core (KBDL-THM-003, narrowed under KBDL-004-R1)",Missing,MISSING,MISSING
KBDL-THM-003,Validation classification,"Theme selection precedence — approved core (KBDL-THM-003, narrowed under KBDL-004-R1)",Exact per-ID mapping,Not verified,Not verified
KBDL-THM-003,Authority,"Theme selection precedence — approved core (KBDL-THM-003, narrowed under KBDL-004-R1)",Missing,MISSING,MISSING
KBDL-THM-003,Validation method,"Theme selection precedence — approved core (KBDL-THM-003, narrowed under KBDL-004-R1)",Exact per-ID mapping,Manual review of precedence logic once implemented.,Manual review of precedence logic once implemented.
KBDL-THM-003,Validation evidence,"Theme selection precedence — approved core (KBDL-THM-003, narrowed under KBDL-004-R1)",Exact per-ID mapping,Not verified — no implementation exists yet.,Not verified — no implementation exists yet.
KBDL-THM-003,Known limitation,"Theme selection precedence — approved core (KBDL-THM-003, narrowed under KBDL-004-R1)",Exact per-ID mapping,Cannot be validated until an implementation exists.,Cannot be validated until an implementation exists.
KBDL-THM-003,Packet or tracking destination,"Theme selection precedence — approved core (KBDL-THM-003, narrowed under KBDL-004-R1)",Missing,MISSING,MISSING
KBDL-THM-003,Pending dependencies,"Theme selection precedence — approved core (KBDL-THM-003, narrowed under KBDL-004-R1)",Missing,MISSING,MISSING
KBDL-THM-003,Related decision,"Theme selection precedence — approved core (KBDL-THM-003, narrowed under KBDL-004-R1)",Exact per-ID mapping,Not applicable,Not applicable
KBDL-THM-003,Notes or exclusions,"Theme selection precedence — approved core (KBDL-THM-003, narrowed under KBDL-004-R1)",Exact per-ID mapping,"Narrowed under KBDL-004-R1; the full six-level ordering was found to exceed what any prior decision explicitly supports and moved to `KBDL-THM-013` (Recommended, see below).","Narrowed under KBDL-004-R1; the full six-level ordering was found to exceed what any prior decision explicitly supports and moved to `KBDL-THM-013` (Recommended, see below)."
KBDL-THM-013,Blueprint section,"Detailed selection-precedence ordering (KBDL-THM-013, new under KBDL-004-R1)",Exact per-ID mapping,Full six-level theme-selection precedence ordering,Full six-level theme-selection precedence ordering
KBDL-THM-013,Roadmap prompt,"Detailed selection-precedence ordering (KBDL-THM-013, new under KBDL-004-R1)",Exact per-ID mapping,KBDL-004-R1,KBDL-004-R1
KBDL-THM-013,Specification location,"Detailed selection-precedence ordering (KBDL-THM-013, new under KBDL-004-R1)",Exact per-ID mapping,[themes/README.md §5](themes/README.md#5-theme-selection-precedence),[themes/README.md §5](themes/README.md#5-theme-selection-precedence)
KBDL-THM-013,Lifecycle status,"Detailed selection-precedence ordering (KBDL-THM-013, new under KBDL-004-R1)",Missing,MISSING,MISSING
KBDL-THM-013,Provenance,"Detailed selection-precedence ordering (KBDL-THM-013, new under KBDL-004-R1)",Missing,MISSING,MISSING
KBDL-THM-013,Validation classification,"Detailed selection-precedence ordering (KBDL-THM-013, new under KBDL-004-R1)",Exact per-ID mapping,Not verified,Not verified
KBDL-THM-013,Authority,"Detailed selection-precedence ordering (KBDL-THM-013, new under KBDL-004-R1)",Missing,MISSING,MISSING
KBDL-THM-013,Validation method,"Detailed selection-precedence ordering (KBDL-THM-013, new under KBDL-004-R1)",Exact per-ID mapping,"Manual review of the full precedence flow once implemented; project-owner review (performed for approval scope, not for implementation).","Manual review of the full precedence flow once implemented; project-owner review (performed for approval scope, not for implementation)."
KBDL-THM-013,Validation evidence,"Detailed selection-precedence ordering (KBDL-THM-013, new under KBDL-004-R1)",Exact per-ID mapping,"Not verified — approval is a lifecycle decision, not validation evidence.","Not verified — approval is a lifecycle decision, not validation evidence."
KBDL-THM-013,Known limitation,"Detailed selection-precedence ordering (KBDL-THM-013, new under KBDL-004-R1)",Exact per-ID mapping,Cannot be validated until an implementation exists.,Cannot be validated until an implementation exists.
KBDL-THM-013,Packet or tracking destination,"Detailed selection-precedence ordering (KBDL-THM-013, new under KBDL-004-R1)",Missing,MISSING,MISSING
KBDL-THM-013,Pending dependencies,"Detailed selection-precedence ordering (KBDL-THM-013, new under KBDL-004-R1)",Missing,MISSING,MISSING
KBDL-THM-013,Related decision,"Detailed selection-precedence ordering (KBDL-THM-013, new under KBDL-004-R1)",Exact per-ID mapping,KBDL-DEC-013,KBDL-DEC-013
KBDL-THM-013,Notes or exclusions,"Detailed selection-precedence ordering (KBDL-THM-013, new under KBDL-004-R1)",Exact per-ID mapping,Split out of the original `KBDL-THM-003` during KBDL-004-R1 because only two of the six levels are directly pre-approved; the full six-level ordering was approved under KBDL-004-A1.,Split out of the original `KBDL-THM-003` during KBDL-004-R1 because only two of the six levels are directly pre-approved; the full six-level ordering was approved under KBDL-004-A1.
KBDL-THM-004,Blueprint section,"Persistence baseline (KBDL-THM-004, reclassified under KBDL-004-R1)",Exact per-ID mapping,Theme preference persistence baseline,Theme preference persistence baseline
KBDL-THM-004,Roadmap prompt,"Persistence baseline (KBDL-THM-004, reclassified under KBDL-004-R1)",Exact per-ID mapping,KBDL-004 (reclassified KBDL-004-R1),KBDL-004 (reclassified KBDL-004-R1)
KBDL-THM-004,Specification location,"Persistence baseline (KBDL-THM-004, reclassified under KBDL-004-R1)",Exact per-ID mapping,[themes/README.md §7](themes/README.md#7-persistence-guidance),[themes/README.md §7](themes/README.md#7-persistence-guidance)
KBDL-THM-004,Lifecycle status,"Persistence baseline (KBDL-THM-004, reclassified under KBDL-004-R1)",Missing,MISSING,MISSING
KBDL-THM-004,Provenance,"Persistence baseline (KBDL-THM-004, reclassified under KBDL-004-R1)",Missing,MISSING,MISSING
KBDL-THM-004,Validation classification,"Persistence baseline (KBDL-THM-004, reclassified under KBDL-004-R1)",Exact per-ID mapping,Not verified,Not verified
KBDL-THM-004,Authority,"Persistence baseline (KBDL-THM-004, reclassified under KBDL-004-R1)",Missing,MISSING,MISSING
KBDL-THM-004,Validation method,"Persistence baseline (KBDL-THM-004, reclassified under KBDL-004-R1)",Exact per-ID mapping,Manual review of persistence design once implemented; project-owner review (performed for approval scope).,Manual review of persistence design once implemented; project-owner review (performed for approval scope).
KBDL-THM-004,Validation evidence,"Persistence baseline (KBDL-THM-004, reclassified under KBDL-004-R1)",Exact per-ID mapping,"Not verified — no implementation exists yet; approval is a lifecycle decision, not validation evidence.","Not verified — no implementation exists yet; approval is a lifecycle decision, not validation evidence."
KBDL-THM-004,Known limitation,"Persistence baseline (KBDL-THM-004, reclassified under KBDL-004-R1)",Exact per-ID mapping,Cannot be validated until an implementation exists.,Cannot be validated until an implementation exists.
KBDL-THM-004,Packet or tracking destination,"Persistence baseline (KBDL-THM-004, reclassified under KBDL-004-R1)",Missing,MISSING,MISSING
KBDL-THM-004,Pending dependencies,"Persistence baseline (KBDL-THM-004, reclassified under KBDL-004-R1)",Missing,MISSING,MISSING
KBDL-THM-004,Related decision,"Persistence baseline (KBDL-THM-004, reclassified under KBDL-004-R1)",Exact per-ID mapping,KBDL-DEC-013,KBDL-DEC-013
KBDL-THM-004,Notes or exclusions,"Persistence baseline (KBDL-THM-004, reclassified under KBDL-004-R1)",Exact per-ID mapping,"Previously mislabeled `Approved`, then corrected to `Recommended` under KBDL-004-R1; approved for real under KBDL-004-A1.","Previously mislabeled `Approved`, then corrected to `Recommended` under KBDL-004-R1; approved for real under KBDL-004-A1."
KBDL-THM-005,Blueprint section,"Accessibility-preserving override core (KBDL-THM-005, narrowed) and profile sharing (KBDL-THM-006)",Uniform default,Accessibility cannot be weakened by a project theme override; shared theme architecture across profiles,Accessibility cannot be weakened by a project theme override; shared theme architecture across profiles
KBDL-THM-006,Blueprint section,"Accessibility-preserving override core (KBDL-THM-005, narrowed) and profile sharing (KBDL-THM-006)",Uniform default,Accessibility cannot be weakened by a project theme override; shared theme architecture across profiles,Accessibility cannot be weakened by a project theme override; shared theme architecture across profiles
KBDL-THM-005,Roadmap prompt,"Accessibility-preserving override core (KBDL-THM-005, narrowed) and profile sharing (KBDL-THM-006)",Uniform default,KBDL-004 (narrowed KBDL-004-R1),KBDL-004 (narrowed KBDL-004-R1)
KBDL-THM-006,Roadmap prompt,"Accessibility-preserving override core (KBDL-THM-005, narrowed) and profile sharing (KBDL-THM-006)",Uniform default,KBDL-004 (narrowed KBDL-004-R1),KBDL-004 (narrowed KBDL-004-R1)
KBDL-THM-005,Specification location,"Accessibility-preserving override core (KBDL-THM-005, narrowed) and profile sharing (KBDL-THM-006)",Uniform default,"[themes/adaptation.md §1.2](themes/adaptation.md#12-projects-must-not), [themes/README.md §8](themes/README.md#8-project-profile-theme-interpretation)","[themes/adaptation.md §1.2](themes/adaptation.md#12-projects-must-not), [themes/README.md §8](themes/README.md#8-project-profile-theme-interpretation)"
KBDL-THM-006,Specification location,"Accessibility-preserving override core (KBDL-THM-005, narrowed) and profile sharing (KBDL-THM-006)",Uniform default,"[themes/adaptation.md §1.2](themes/adaptation.md#12-projects-must-not), [themes/README.md §8](themes/README.md#8-project-profile-theme-interpretation)","[themes/adaptation.md §1.2](themes/adaptation.md#12-projects-must-not), [themes/README.md §8](themes/README.md#8-project-profile-theme-interpretation)"
KBDL-THM-005,Lifecycle status,"Accessibility-preserving override core (KBDL-THM-005, narrowed) and profile sharing (KBDL-THM-006)",Missing,MISSING,MISSING
KBDL-THM-006,Lifecycle status,"Accessibility-preserving override core (KBDL-THM-005, narrowed) and profile sharing (KBDL-THM-006)",Missing,MISSING,MISSING
KBDL-THM-005,Provenance,"Accessibility-preserving override core (KBDL-THM-005, narrowed) and profile sharing (KBDL-THM-006)",Missing,MISSING,MISSING
KBDL-THM-006,Provenance,"Accessibility-preserving override core (KBDL-THM-005, narrowed) and profile sharing (KBDL-THM-006)",Missing,MISSING,MISSING
KBDL-THM-005,Validation classification,"Accessibility-preserving override core (KBDL-THM-005, narrowed) and profile sharing (KBDL-THM-006)",Uniform default,Not verified,Not verified
KBDL-THM-006,Validation classification,"Accessibility-preserving override core (KBDL-THM-005, narrowed) and profile sharing (KBDL-THM-006)",Uniform default,Not verified,Not verified
KBDL-THM-005,Authority,"Accessibility-preserving override core (KBDL-THM-005, narrowed) and profile sharing (KBDL-THM-006)",Missing,MISSING,MISSING
KBDL-THM-006,Authority,"Accessibility-preserving override core (KBDL-THM-005, narrowed) and profile sharing (KBDL-THM-006)",Missing,MISSING,MISSING
KBDL-THM-005,Validation method,"Accessibility-preserving override core (KBDL-THM-005, narrowed) and profile sharing (KBDL-THM-006)",Uniform default,Manual review of any project theme against the documented boundaries; manual cross-profile review once the project-profiles module is approved.,Manual review of any project theme against the documented boundaries; manual cross-profile review once the project-profiles module is approved.
KBDL-THM-006,Validation method,"Accessibility-preserving override core (KBDL-THM-005, narrowed) and profile sharing (KBDL-THM-006)",Uniform default,Manual review of any project theme against the documented boundaries; manual cross-profile review once the project-profiles module is approved.,Manual review of any project theme against the documented boundaries; manual cross-profile review once the project-profiles module is approved.
KBDL-THM-005,Validation evidence,"Accessibility-preserving override core (KBDL-THM-005, narrowed) and profile sharing (KBDL-THM-006)",Uniform default,Not verified — no project theme or `PRO` module exists yet.,Not verified — no project theme or `PRO` module exists yet.
KBDL-THM-006,Validation evidence,"Accessibility-preserving override core (KBDL-THM-005, narrowed) and profile sharing (KBDL-THM-006)",Uniform default,Not verified — no project theme or `PRO` module exists yet.,Not verified — no project theme or `PRO` module exists yet.
KBDL-THM-005,Known limitation,"Accessibility-preserving override core (KBDL-THM-005, narrowed) and profile sharing (KBDL-THM-006)",Uniform default,Cannot be fully validated until `PRO` requirements exist.,Cannot be fully validated until `PRO` requirements exist.
KBDL-THM-006,Known limitation,"Accessibility-preserving override core (KBDL-THM-005, narrowed) and profile sharing (KBDL-THM-006)",Uniform default,Cannot be fully validated until `PRO` requirements exist.,Cannot be fully validated until `PRO` requirements exist.
KBDL-THM-005,Packet or tracking destination,"Accessibility-preserving override core (KBDL-THM-005, narrowed) and profile sharing (KBDL-THM-006)",Missing,MISSING,MISSING
KBDL-THM-006,Packet or tracking destination,"Accessibility-preserving override core (KBDL-THM-005, narrowed) and profile sharing (KBDL-THM-006)",Missing,MISSING,MISSING
KBDL-THM-005,Pending dependencies,"Accessibility-preserving override core (KBDL-THM-005, narrowed) and profile sharing (KBDL-THM-006)",Missing,MISSING,MISSING
KBDL-THM-006,Pending dependencies,"Accessibility-preserving override core (KBDL-THM-005, narrowed) and profile sharing (KBDL-THM-006)",Missing,MISSING,MISSING
KBDL-THM-005,Related decision,"Accessibility-preserving override core (KBDL-THM-005, narrowed) and profile sharing (KBDL-THM-006)",Uniform default,KBDL-DEC-006,KBDL-DEC-006
KBDL-THM-006,Related decision,"Accessibility-preserving override core (KBDL-THM-005, narrowed) and profile sharing (KBDL-THM-006)",Uniform default,KBDL-DEC-006,KBDL-DEC-006
KBDL-THM-005,Notes or exclusions,"Accessibility-preserving override core (KBDL-THM-005, narrowed) and profile sharing (KBDL-THM-006)",Uniform default,"`KBDL-THM-005`'s detailed permitted-override list moved to `KBDL-THM-014` (Recommended, see below); `KBDL-THM-006` restates `KBDL-FND-008` at theme-level specificity, unchanged.","`KBDL-THM-005`'s detailed permitted-override list moved to `KBDL-THM-014` (Recommended, see below); `KBDL-THM-006` restates `KBDL-FND-008` at theme-level specificity, unchanged."
KBDL-THM-006,Notes or exclusions,"Accessibility-preserving override core (KBDL-THM-005, narrowed) and profile sharing (KBDL-THM-006)",Uniform default,"`KBDL-THM-005`'s detailed permitted-override list moved to `KBDL-THM-014` (Recommended, see below); `KBDL-THM-006` restates `KBDL-FND-008` at theme-level specificity, unchanged.","`KBDL-THM-005`'s detailed permitted-override list moved to `KBDL-THM-014` (Recommended, see below); `KBDL-THM-006` restates `KBDL-FND-008` at theme-level specificity, unchanged."
KBDL-THM-014,Blueprint section,"Detailed project-override list (KBDL-THM-014, new under KBDL-004-R1)",Exact per-ID mapping,Detailed permitted project-override list and documentation requirement,Detailed permitted project-override list and documentation requirement
KBDL-THM-014,Roadmap prompt,"Detailed project-override list (KBDL-THM-014, new under KBDL-004-R1)",Exact per-ID mapping,KBDL-004-R1,KBDL-004-R1
KBDL-THM-014,Specification location,"Detailed project-override list (KBDL-THM-014, new under KBDL-004-R1)",Exact per-ID mapping,"[themes/adaptation.md §1.1, §1.3](themes/adaptation.md#1-project-controlled-adaptation)","[themes/adaptation.md §1.1, §1.3](themes/adaptation.md#1-project-controlled-adaptation)"
KBDL-THM-014,Lifecycle status,"Detailed project-override list (KBDL-THM-014, new under KBDL-004-R1)",Missing,MISSING,MISSING
KBDL-THM-014,Provenance,"Detailed project-override list (KBDL-THM-014, new under KBDL-004-R1)",Missing,MISSING,MISSING
KBDL-THM-014,Validation classification,"Detailed project-override list (KBDL-THM-014, new under KBDL-004-R1)",Exact per-ID mapping,Not verified,Not verified
KBDL-THM-014,Authority,"Detailed project-override list (KBDL-THM-014, new under KBDL-004-R1)",Missing,MISSING,MISSING
KBDL-THM-014,Validation method,"Detailed project-override list (KBDL-THM-014, new under KBDL-004-R1)",Exact per-ID mapping,Manual review of the override list once a project theme exists; project-owner review (performed for approval scope).,Manual review of the override list once a project theme exists; project-owner review (performed for approval scope).
KBDL-THM-014,Validation evidence,"Detailed project-override list (KBDL-THM-014, new under KBDL-004-R1)",Exact per-ID mapping,"Not verified — approval is a lifecycle decision, not validation evidence.","Not verified — approval is a lifecycle decision, not validation evidence."
KBDL-THM-014,Known limitation,"Detailed project-override list (KBDL-THM-014, new under KBDL-004-R1)",Exact per-ID mapping,Cannot be validated until a project theme exists.,Cannot be validated until a project theme exists.
KBDL-THM-014,Packet or tracking destination,"Detailed project-override list (KBDL-THM-014, new under KBDL-004-R1)",Missing,MISSING,MISSING
KBDL-THM-014,Pending dependencies,"Detailed project-override list (KBDL-THM-014, new under KBDL-004-R1)",Missing,MISSING,MISSING
KBDL-THM-014,Related decision,"Detailed project-override list (KBDL-THM-014, new under KBDL-004-R1)",Exact per-ID mapping,KBDL-DEC-013,KBDL-DEC-013
KBDL-THM-014,Notes or exclusions,"Detailed project-override list (KBDL-THM-014, new under KBDL-004-R1)",Exact per-ID mapping,Split out of the original `KBDL-THM-005` during KBDL-004-R1; approved under KBDL-004-A1.,Split out of the original `KBDL-THM-005` during KBDL-004-R1; approved under KBDL-004-A1.
KBDL-THM-015,Blueprint section,"Local contrast contexts (KBDL-THM-015, new under KBDL-004-R1)",Exact per-ID mapping,Named local-contrast-context set and nesting rules,Named local-contrast-context set and nesting rules
KBDL-THM-015,Roadmap prompt,"Local contrast contexts (KBDL-THM-015, new under KBDL-004-R1)",Exact per-ID mapping,KBDL-004-R1,KBDL-004-R1
KBDL-THM-015,Specification location,"Local contrast contexts (KBDL-THM-015, new under KBDL-004-R1)",Exact per-ID mapping,[themes/adaptation.md §2](themes/adaptation.md#2-local-contrast-contexts),[themes/adaptation.md §2](themes/adaptation.md#2-local-contrast-contexts)
KBDL-THM-015,Lifecycle status,"Local contrast contexts (KBDL-THM-015, new under KBDL-004-R1)",Missing,MISSING,MISSING
KBDL-THM-015,Provenance,"Local contrast contexts (KBDL-THM-015, new under KBDL-004-R1)",Missing,MISSING,MISSING
KBDL-THM-015,Validation classification,"Local contrast contexts (KBDL-THM-015, new under KBDL-004-R1)",Exact per-ID mapping,Not verified,Not verified
KBDL-THM-015,Authority,"Local contrast contexts (KBDL-THM-015, new under KBDL-004-R1)",Missing,MISSING,MISSING
KBDL-THM-015,Validation method,"Local contrast contexts (KBDL-THM-015, new under KBDL-004-R1)",Exact per-ID mapping,Manual review of context usage against the defined set and rules once implemented; project-owner review (performed for approval scope).,Manual review of context usage against the defined set and rules once implemented; project-owner review (performed for approval scope).
KBDL-THM-015,Validation evidence,"Local contrast contexts (KBDL-THM-015, new under KBDL-004-R1)",Exact per-ID mapping,"Not verified — approval is a lifecycle decision, not validation evidence.","Not verified — approval is a lifecycle decision, not validation evidence."
KBDL-THM-015,Known limitation,"Local contrast contexts (KBDL-THM-015, new under KBDL-004-R1)",Exact per-ID mapping,Cannot be validated until an implementation exists.,Cannot be validated until an implementation exists.
KBDL-THM-015,Packet or tracking destination,"Local contrast contexts (KBDL-THM-015, new under KBDL-004-R1)",Missing,MISSING,MISSING
KBDL-THM-015,Pending dependencies,"Local contrast contexts (KBDL-THM-015, new under KBDL-004-R1)",Missing,MISSING,MISSING
KBDL-THM-015,Related decision,"Local contrast contexts (KBDL-THM-015, new under KBDL-004-R1)",Exact per-ID mapping,KBDL-DEC-013,KBDL-DEC-013
KBDL-THM-015,Notes or exclusions,"Local contrast contexts (KBDL-THM-015, new under KBDL-004-R1)",Exact per-ID mapping,No prior KBDL decision defines local contrast contexts; this new KBDL-004-R1 architecture was approved under KBDL-004-A1.,No prior KBDL decision defines local contrast contexts; this new KBDL-004-R1 architecture was approved under KBDL-004-A1.
KBDL-THM-007,Blueprint section,"Recommended light and dark theme mappings (KBDL-THM-007, KBDL-THM-008)",Uniform default,Light and dark theme semantic mappings,Light and dark theme semantic mappings
KBDL-THM-008,Blueprint section,"Recommended light and dark theme mappings (KBDL-THM-007, KBDL-THM-008)",Uniform default,Light and dark theme semantic mappings,Light and dark theme semantic mappings
KBDL-THM-007,Roadmap prompt,"Recommended light and dark theme mappings (KBDL-THM-007, KBDL-THM-008)",Uniform default,KBDL-004,KBDL-004
KBDL-THM-008,Roadmap prompt,"Recommended light and dark theme mappings (KBDL-THM-007, KBDL-THM-008)",Uniform default,KBDL-004,KBDL-004
KBDL-THM-007,Specification location,"Recommended light and dark theme mappings (KBDL-THM-007, KBDL-THM-008)",Uniform default,"[themes/light-theme.md §1–§7](themes/light-theme.md#1-canvas-and-surfaces), [themes/dark-theme.md §1–§8](themes/dark-theme.md#1-elevation-strategy)","[themes/light-theme.md §1–§7](themes/light-theme.md#1-canvas-and-surfaces), [themes/dark-theme.md §1–§8](themes/dark-theme.md#1-elevation-strategy)"
KBDL-THM-008,Specification location,"Recommended light and dark theme mappings (KBDL-THM-007, KBDL-THM-008)",Uniform default,"[themes/light-theme.md §1–§7](themes/light-theme.md#1-canvas-and-surfaces), [themes/dark-theme.md §1–§8](themes/dark-theme.md#1-elevation-strategy)","[themes/light-theme.md §1–§7](themes/light-theme.md#1-canvas-and-surfaces), [themes/dark-theme.md §1–§8](themes/dark-theme.md#1-elevation-strategy)"
KBDL-THM-007,Lifecycle status,"Recommended light and dark theme mappings (KBDL-THM-007, KBDL-THM-008)",Missing,MISSING,MISSING
KBDL-THM-008,Lifecycle status,"Recommended light and dark theme mappings (KBDL-THM-007, KBDL-THM-008)",Missing,MISSING,MISSING
KBDL-THM-007,Provenance,"Recommended light and dark theme mappings (KBDL-THM-007, KBDL-THM-008)",Missing,MISSING,MISSING
KBDL-THM-008,Provenance,"Recommended light and dark theme mappings (KBDL-THM-007, KBDL-THM-008)",Missing,MISSING,MISSING
KBDL-THM-007,Validation classification,"Recommended light and dark theme mappings (KBDL-THM-007, KBDL-THM-008)",Uniform default,Mixed — Verified / Not verified,Mixed — Verified / Not verified
KBDL-THM-008,Validation classification,"Recommended light and dark theme mappings (KBDL-THM-007, KBDL-THM-008)",Uniform default,Mixed — Verified / Not verified,Mixed — Verified / Not verified
KBDL-THM-007,Authority,"Recommended light and dark theme mappings (KBDL-THM-007, KBDL-THM-008)",Missing,MISSING,MISSING
KBDL-THM-008,Authority,"Recommended light and dark theme mappings (KBDL-THM-007, KBDL-THM-008)",Missing,MISSING,MISSING
KBDL-THM-007,Validation method,"Recommended light and dark theme mappings (KBDL-THM-007, KBDL-THM-008)",Uniform default,"WCAG relative-luminance contrast calculation via a local dependency-free script (completed for opaque pairs); project-owner review (performed for approval scope, per KBDL-DEC-013).","WCAG relative-luminance contrast calculation via a local dependency-free script (completed for opaque pairs); project-owner review (performed for approval scope, per KBDL-DEC-013)."
KBDL-THM-008,Validation method,"Recommended light and dark theme mappings (KBDL-THM-007, KBDL-THM-008)",Uniform default,"WCAG relative-luminance contrast calculation via a local dependency-free script (completed for opaque pairs); project-owner review (performed for approval scope, per KBDL-DEC-013).","WCAG relative-luminance contrast calculation via a local dependency-free script (completed for opaque pairs); project-owner review (performed for approval scope, per KBDL-DEC-013)."
KBDL-THM-007,Validation evidence,"Recommended light and dark theme mappings (KBDL-THM-007, KBDL-THM-008)",Uniform default,"[themes/validation.md §3](themes/validation.md#3-consolidated-contrast-evidence) — 52 pairs tested, all opaque, all passing their applicable threshold except 4 explicitly decorative-exempt borders/gridlines. The two Informational failures identified in the original KBDL-004 report (3.78:1, 4.21:1) are resolved by a revised hue (`#164499`) for the Text/Icon/Border/Strong-surface roles, with `neutral-10` correctly retained for On-strong-surface content (role assignment corrected under KBDL-004-R2) — see [adaptation.md §5.2](themes/adaptation.md#52-informational-correction-kbdl-004-r1). The Media caption row was corrected under KBDL-004-R2 to describe a fully opaque `neutral-100` band (17.17:1 is directly correct for this pair, not inherited or assumed).","[themes/validation.md §3](themes/validation.md#3-consolidated-contrast-evidence) — 52 pairs tested, all opaque, all passing their applicable threshold except 4 explicitly decorative-exempt borders/gridlines. The two Informational failures identified in the original KBDL-004 report (3.78:1, 4.21:1) are resolved by a revised hue (`#164499`) for the Text/Icon/Border/Strong-surface roles, with `neutral-10` correctly retained for On-strong-surface content (role assignment corrected under KBDL-004-R2) — see [adaptation.md §5.2](themes/adaptation.md#52-informational-correction-kbdl-004-r1). The Media caption row was corrected under KBDL-004-R2 to describe a fully opaque `neutral-100` band (17.17:1 is directly correct for this pair, not inherited or assumed)."
KBDL-THM-008,Validation evidence,"Recommended light and dark theme mappings (KBDL-THM-007, KBDL-THM-008)",Uniform default,"[themes/validation.md §3](themes/validation.md#3-consolidated-contrast-evidence) — 52 pairs tested, all opaque, all passing their applicable threshold except 4 explicitly decorative-exempt borders/gridlines. The two Informational failures identified in the original KBDL-004 report (3.78:1, 4.21:1) are resolved by a revised hue (`#164499`) for the Text/Icon/Border/Strong-surface roles, with `neutral-10` correctly retained for On-strong-surface content (role assignment corrected under KBDL-004-R2) — see [adaptation.md §5.2](themes/adaptation.md#52-informational-correction-kbdl-004-r1). The Media caption row was corrected under KBDL-004-R2 to describe a fully opaque `neutral-100` band (17.17:1 is directly correct for this pair, not inherited or assumed).","[themes/validation.md §3](themes/validation.md#3-consolidated-contrast-evidence) — 52 pairs tested, all opaque, all passing their applicable threshold except 4 explicitly decorative-exempt borders/gridlines. The two Informational failures identified in the original KBDL-004 report (3.78:1, 4.21:1) are resolved by a revised hue (`#164499`) for the Text/Icon/Border/Strong-surface roles, with `neutral-10` correctly retained for On-strong-surface content (role assignment corrected under KBDL-004-R2) — see [adaptation.md §5.2](themes/adaptation.md#52-informational-correction-kbdl-004-r1). The Media caption row was corrected under KBDL-004-R2 to describe a fully opaque `neutral-100` band (17.17:1 is directly correct for this pair, not inherited or assumed)."
KBDL-THM-007,Known limitation,"Recommended light and dark theme mappings (KBDL-THM-007, KBDL-THM-008)",Uniform default,"Approval covers the opaque mappings only; opacity values must not be treated as `Approved` or implemented until a future decision addresses them. The dark theme was independently designed, not inverted from light — see [dark-theme.md § Design Strategy](themes/dark-theme.md#design-strategy--why-some-roles-use-a-different-step-than-light-mode) for the `neutral-60`/`neutral-50` asymmetry this produced. Translucent opacity values remain entirely out of scope for this row.","Approval covers the opaque mappings only; opacity values must not be treated as `Approved` or implemented until a future decision addresses them. The dark theme was independently designed, not inverted from light — see [dark-theme.md § Design Strategy](themes/dark-theme.md#design-strategy--why-some-roles-use-a-different-step-than-light-mode) for the `neutral-60`/`neutral-50` asymmetry this produced. Translucent opacity values remain entirely out of scope for this row."
KBDL-THM-008,Known limitation,"Recommended light and dark theme mappings (KBDL-THM-007, KBDL-THM-008)",Uniform default,"Approval covers the opaque mappings only; opacity values must not be treated as `Approved` or implemented until a future decision addresses them. The dark theme was independently designed, not inverted from light — see [dark-theme.md § Design Strategy](themes/dark-theme.md#design-strategy--why-some-roles-use-a-different-step-than-light-mode) for the `neutral-60`/`neutral-50` asymmetry this produced. Translucent opacity values remain entirely out of scope for this row.","Approval covers the opaque mappings only; opacity values must not be treated as `Approved` or implemented until a future decision addresses them. The dark theme was independently designed, not inverted from light — see [dark-theme.md § Design Strategy](themes/dark-theme.md#design-strategy--why-some-roles-use-a-different-step-than-light-mode) for the `neutral-60`/`neutral-50` asymmetry this produced. Translucent opacity values remain entirely out of scope for this row."
KBDL-THM-007,Packet or tracking destination,"Recommended light and dark theme mappings (KBDL-THM-007, KBDL-THM-008)",Missing,MISSING,MISSING
KBDL-THM-008,Packet or tracking destination,"Recommended light and dark theme mappings (KBDL-THM-007, KBDL-THM-008)",Missing,MISSING,MISSING
KBDL-THM-007,Pending dependencies,"Recommended light and dark theme mappings (KBDL-THM-007, KBDL-THM-008)",Missing,MISSING,MISSING
KBDL-THM-008,Pending dependencies,"Recommended light and dark theme mappings (KBDL-THM-007, KBDL-THM-008)",Missing,MISSING,MISSING
KBDL-THM-007,Related decision,"Recommended light and dark theme mappings (KBDL-THM-007, KBDL-THM-008)",Uniform default,KBDL-DEC-013 (opaque mappings only),KBDL-DEC-013 (opaque mappings only)
KBDL-THM-008,Related decision,"Recommended light and dark theme mappings (KBDL-THM-007, KBDL-THM-008)",Uniform default,KBDL-DEC-013 (opaque mappings only),KBDL-DEC-013 (opaque mappings only)
KBDL-THM-007,Notes or exclusions,"Recommended light and dark theme mappings (KBDL-THM-007, KBDL-THM-008)",Uniform default,"Uses only already-`Approved` KBDL-003 foundation colors (`neutral-*`, `accent-30`/`accent-50`); no new primitive hues were introduced for the light/dark base mapping.","Uses only already-`Approved` KBDL-003 foundation colors (`neutral-*`, `accent-30`/`accent-50`); no new primitive hues were introduced for the light/dark base mapping."
KBDL-THM-008,Notes or exclusions,"Recommended light and dark theme mappings (KBDL-THM-007, KBDL-THM-008)",Uniform default,"Uses only already-`Approved` KBDL-003 foundation colors (`neutral-*`, `accent-30`/`accent-50`); no new primitive hues were introduced for the light/dark base mapping.","Uses only already-`Approved` KBDL-003 foundation colors (`neutral-*`, `accent-30`/`accent-50`); no new primitive hues were introduced for the light/dark base mapping."
KBDL-THM-009,Blueprint section,"Status-family theme values, gradient strategy, and color-value expression (KBDL-THM-009, KBDL-THM-010, KBDL-THM-011)",Uniform default,Status-family theme colors; gradient strategy; color-value expression convention,Status-family theme colors; gradient strategy; color-value expression convention
KBDL-THM-010,Blueprint section,"Status-family theme values, gradient strategy, and color-value expression (KBDL-THM-009, KBDL-THM-010, KBDL-THM-011)",Uniform default,Status-family theme colors; gradient strategy; color-value expression convention,Status-family theme colors; gradient strategy; color-value expression convention
KBDL-THM-011,Blueprint section,"Status-family theme values, gradient strategy, and color-value expression (KBDL-THM-009, KBDL-THM-010, KBDL-THM-011)",Uniform default,Status-family theme colors; gradient strategy; color-value expression convention,Status-family theme colors; gradient strategy; color-value expression convention
KBDL-THM-009,Roadmap prompt,"Status-family theme values, gradient strategy, and color-value expression (KBDL-THM-009, KBDL-THM-010, KBDL-THM-011)",Uniform default,KBDL-004,KBDL-004
KBDL-THM-010,Roadmap prompt,"Status-family theme values, gradient strategy, and color-value expression (KBDL-THM-009, KBDL-THM-010, KBDL-THM-011)",Uniform default,KBDL-004,KBDL-004
KBDL-THM-011,Roadmap prompt,"Status-family theme values, gradient strategy, and color-value expression (KBDL-THM-009, KBDL-THM-010, KBDL-THM-011)",Uniform default,KBDL-004,KBDL-004
KBDL-THM-009,Specification location,"Status-family theme values, gradient strategy, and color-value expression (KBDL-THM-009, KBDL-THM-010, KBDL-THM-011)",Uniform default,"[themes/adaptation.md §5, §4, §6](themes/adaptation.md#5-status-family-theme-behavior)","[themes/adaptation.md §5, §4, §6](themes/adaptation.md#5-status-family-theme-behavior)"
KBDL-THM-010,Specification location,"Status-family theme values, gradient strategy, and color-value expression (KBDL-THM-009, KBDL-THM-010, KBDL-THM-011)",Uniform default,"[themes/adaptation.md §5, §4, §6](themes/adaptation.md#5-status-family-theme-behavior)","[themes/adaptation.md §5, §4, §6](themes/adaptation.md#5-status-family-theme-behavior)"
KBDL-THM-011,Specification location,"Status-family theme values, gradient strategy, and color-value expression (KBDL-THM-009, KBDL-THM-010, KBDL-THM-011)",Uniform default,"[themes/adaptation.md §5, §4, §6](themes/adaptation.md#5-status-family-theme-behavior)","[themes/adaptation.md §5, §4, §6](themes/adaptation.md#5-status-family-theme-behavior)"
KBDL-THM-009,Lifecycle status,"Status-family theme values, gradient strategy, and color-value expression (KBDL-THM-009, KBDL-THM-010, KBDL-THM-011)",Missing,MISSING,MISSING
KBDL-THM-010,Lifecycle status,"Status-family theme values, gradient strategy, and color-value expression (KBDL-THM-009, KBDL-THM-010, KBDL-THM-011)",Missing,MISSING,MISSING
KBDL-THM-011,Lifecycle status,"Status-family theme values, gradient strategy, and color-value expression (KBDL-THM-009, KBDL-THM-010, KBDL-THM-011)",Missing,MISSING,MISSING
KBDL-THM-009,Provenance,"Status-family theme values, gradient strategy, and color-value expression (KBDL-THM-009, KBDL-THM-010, KBDL-THM-011)",Missing,MISSING,MISSING
KBDL-THM-010,Provenance,"Status-family theme values, gradient strategy, and color-value expression (KBDL-THM-009, KBDL-THM-010, KBDL-THM-011)",Missing,MISSING,MISSING
KBDL-THM-011,Provenance,"Status-family theme values, gradient strategy, and color-value expression (KBDL-THM-009, KBDL-THM-010, KBDL-THM-011)",Missing,MISSING,MISSING
KBDL-THM-009,Validation classification,"Status-family theme values, gradient strategy, and color-value expression (KBDL-THM-009, KBDL-THM-010, KBDL-THM-011)",Uniform default,"Mixed — Verified / Not verified: KBDL-THM-009, KBDL-THM-010; Not applicable: KBDL-THM-011","Mixed — Verified / Not verified: KBDL-THM-009, KBDL-THM-010; Not applicable: KBDL-THM-011"
KBDL-THM-010,Validation classification,"Status-family theme values, gradient strategy, and color-value expression (KBDL-THM-009, KBDL-THM-010, KBDL-THM-011)",Uniform default,"Mixed — Verified / Not verified: KBDL-THM-009, KBDL-THM-010; Not applicable: KBDL-THM-011","Mixed — Verified / Not verified: KBDL-THM-009, KBDL-THM-010; Not applicable: KBDL-THM-011"
KBDL-THM-011,Validation classification,"Status-family theme values, gradient strategy, and color-value expression (KBDL-THM-009, KBDL-THM-010, KBDL-THM-011)",Uniform default,"Mixed — Verified / Not verified: KBDL-THM-009, KBDL-THM-010; Not applicable: KBDL-THM-011","Mixed — Verified / Not verified: KBDL-THM-009, KBDL-THM-010; Not applicable: KBDL-THM-011"
KBDL-THM-009,Authority,"Status-family theme values, gradient strategy, and color-value expression (KBDL-THM-009, KBDL-THM-010, KBDL-THM-011)",Missing,MISSING,MISSING
KBDL-THM-010,Authority,"Status-family theme values, gradient strategy, and color-value expression (KBDL-THM-009, KBDL-THM-010, KBDL-THM-011)",Missing,MISSING,MISSING
KBDL-THM-011,Authority,"Status-family theme values, gradient strategy, and color-value expression (KBDL-THM-009, KBDL-THM-010, KBDL-THM-011)",Missing,MISSING,MISSING
KBDL-THM-009,Validation method,"Status-family theme values, gradient strategy, and color-value expression (KBDL-THM-009, KBDL-THM-010, KBDL-THM-011)",Uniform default,"WCAG contrast calculation (completed for status pairs and the opaque gradient caption substitute); manual review (color-expression, performed for approval scope).","WCAG contrast calculation (completed for status pairs and the opaque gradient caption substitute); manual review (color-expression, performed for approval scope)."
KBDL-THM-010,Validation method,"Status-family theme values, gradient strategy, and color-value expression (KBDL-THM-009, KBDL-THM-010, KBDL-THM-011)",Uniform default,"WCAG contrast calculation (completed for status pairs and the opaque gradient caption substitute); manual review (color-expression, performed for approval scope).","WCAG contrast calculation (completed for status pairs and the opaque gradient caption substitute); manual review (color-expression, performed for approval scope)."
KBDL-THM-011,Validation method,"Status-family theme values, gradient strategy, and color-value expression (KBDL-THM-009, KBDL-THM-010, KBDL-THM-011)",Uniform default,"WCAG contrast calculation (completed for status pairs and the opaque gradient caption substitute); manual review (color-expression, performed for approval scope).","WCAG contrast calculation (completed for status pairs and the opaque gradient caption substitute); manual review (color-expression, performed for approval scope)."
KBDL-THM-009,Validation evidence,"Status-family theme values, gradient strategy, and color-value expression (KBDL-THM-009, KBDL-THM-010, KBDL-THM-011)",Uniform default,"[themes/validation.md §3](themes/validation.md#3-consolidated-contrast-evidence) for the recalculated pairs and [themes/adaptation.md §5.2](themes/adaptation.md#52-informational-correction-kbdl-004-r1) for the Informational correction record. [themes/adaptation.md §4.3](themes/adaptation.md#43-worked-example--worst-case-contrast-corrected-kbdl-004-r1) documents both gradient endpoints tested against both candidate text colors and the corrected, fully-opaque caption-band resolution (KBDL-004-R2).","[themes/validation.md §3](themes/validation.md#3-consolidated-contrast-evidence) for the recalculated pairs and [themes/adaptation.md §5.2](themes/adaptation.md#52-informational-correction-kbdl-004-r1) for the Informational correction record. [themes/adaptation.md §4.3](themes/adaptation.md#43-worked-example--worst-case-contrast-corrected-kbdl-004-r1) documents both gradient endpoints tested against both candidate text colors and the corrected, fully-opaque caption-band resolution (KBDL-004-R2)."
KBDL-THM-010,Validation evidence,"Status-family theme values, gradient strategy, and color-value expression (KBDL-THM-009, KBDL-THM-010, KBDL-THM-011)",Uniform default,"[themes/validation.md §3](themes/validation.md#3-consolidated-contrast-evidence) for the recalculated pairs and [themes/adaptation.md §5.2](themes/adaptation.md#52-informational-correction-kbdl-004-r1) for the Informational correction record. [themes/adaptation.md §4.3](themes/adaptation.md#43-worked-example--worst-case-contrast-corrected-kbdl-004-r1) documents both gradient endpoints tested against both candidate text colors and the corrected, fully-opaque caption-band resolution (KBDL-004-R2).","[themes/validation.md §3](themes/validation.md#3-consolidated-contrast-evidence) for the recalculated pairs and [themes/adaptation.md §5.2](themes/adaptation.md#52-informational-correction-kbdl-004-r1) for the Informational correction record. [themes/adaptation.md §4.3](themes/adaptation.md#43-worked-example--worst-case-contrast-corrected-kbdl-004-r1) documents both gradient endpoints tested against both candidate text colors and the corrected, fully-opaque caption-band resolution (KBDL-004-R2)."
KBDL-THM-011,Validation evidence,"Status-family theme values, gradient strategy, and color-value expression (KBDL-THM-009, KBDL-THM-010, KBDL-THM-011)",Uniform default,"[themes/validation.md §3](themes/validation.md#3-consolidated-contrast-evidence) for the recalculated pairs and [themes/adaptation.md §5.2](themes/adaptation.md#52-informational-correction-kbdl-004-r1) for the Informational correction record. [themes/adaptation.md §4.3](themes/adaptation.md#43-worked-example--worst-case-contrast-corrected-kbdl-004-r1) documents both gradient endpoints tested against both candidate text colors and the corrected, fully-opaque caption-band resolution (KBDL-004-R2).","[themes/validation.md §3](themes/validation.md#3-consolidated-contrast-evidence) for the recalculated pairs and [themes/adaptation.md §5.2](themes/adaptation.md#52-informational-correction-kbdl-004-r1) for the Informational correction record. [themes/adaptation.md §4.3](themes/adaptation.md#43-worked-example--worst-case-contrast-corrected-kbdl-004-r1) documents both gradient endpoints tested against both candidate text colors and the corrected, fully-opaque caption-band resolution (KBDL-004-R2)."
KBDL-THM-009,Known limitation,"Status-family theme values, gradient strategy, and color-value expression (KBDL-THM-009, KBDL-THM-010, KBDL-THM-011)",Uniform default,"New dark-mode status hues (`#7CC4FF`, `#6FD19A`, `#E0A840`, `#FF8A80`) were introduced here since the light-mode-only values from KBDL-003 fail contrast against a dark canvas; these dark hues, along with the light-mode Informational value revised to `#164499` under KBDL-004-R1, are now `Approved` as part of the theme layer under KBDL-004-A1 (its correct role assignment — `#164499` for Text/Icon/Border/Strong-surface, `neutral-10` for On-strong-surface content — was clarified under KBDL-004-R2). Any translucent caption-band variant remains outside this row's approved scope.","New dark-mode status hues (`#7CC4FF`, `#6FD19A`, `#E0A840`, `#FF8A80`) were introduced here since the light-mode-only values from KBDL-003 fail contrast against a dark canvas; these dark hues, along with the light-mode Informational value revised to `#164499` under KBDL-004-R1, are now `Approved` as part of the theme layer under KBDL-004-A1 (its correct role assignment — `#164499` for Text/Icon/Border/Strong-surface, `neutral-10` for On-strong-surface content — was clarified under KBDL-004-R2). Any translucent caption-band variant remains outside this row's approved scope."
KBDL-THM-010,Known limitation,"Status-family theme values, gradient strategy, and color-value expression (KBDL-THM-009, KBDL-THM-010, KBDL-THM-011)",Uniform default,"New dark-mode status hues (`#7CC4FF`, `#6FD19A`, `#E0A840`, `#FF8A80`) were introduced here since the light-mode-only values from KBDL-003 fail contrast against a dark canvas; these dark hues, along with the light-mode Informational value revised to `#164499` under KBDL-004-R1, are now `Approved` as part of the theme layer under KBDL-004-A1 (its correct role assignment — `#164499` for Text/Icon/Border/Strong-surface, `neutral-10` for On-strong-surface content — was clarified under KBDL-004-R2). Any translucent caption-band variant remains outside this row's approved scope.","New dark-mode status hues (`#7CC4FF`, `#6FD19A`, `#E0A840`, `#FF8A80`) were introduced here since the light-mode-only values from KBDL-003 fail contrast against a dark canvas; these dark hues, along with the light-mode Informational value revised to `#164499` under KBDL-004-R1, are now `Approved` as part of the theme layer under KBDL-004-A1 (its correct role assignment — `#164499` for Text/Icon/Border/Strong-surface, `neutral-10` for On-strong-surface content — was clarified under KBDL-004-R2). Any translucent caption-band variant remains outside this row's approved scope."
KBDL-THM-011,Known limitation,"Status-family theme values, gradient strategy, and color-value expression (KBDL-THM-009, KBDL-THM-010, KBDL-THM-011)",Uniform default,"New dark-mode status hues (`#7CC4FF`, `#6FD19A`, `#E0A840`, `#FF8A80`) were introduced here since the light-mode-only values from KBDL-003 fail contrast against a dark canvas; these dark hues, along with the light-mode Informational value revised to `#164499` under KBDL-004-R1, are now `Approved` as part of the theme layer under KBDL-004-A1 (its correct role assignment — `#164499` for Text/Icon/Border/Strong-surface, `neutral-10` for On-strong-surface content — was clarified under KBDL-004-R2). Any translucent caption-band variant remains outside this row's approved scope.","New dark-mode status hues (`#7CC4FF`, `#6FD19A`, `#E0A840`, `#FF8A80`) were introduced here since the light-mode-only values from KBDL-003 fail contrast against a dark canvas; these dark hues, along with the light-mode Informational value revised to `#164499` under KBDL-004-R1, are now `Approved` as part of the theme layer under KBDL-004-A1 (its correct role assignment — `#164499` for Text/Icon/Border/Strong-surface, `neutral-10` for On-strong-surface content — was clarified under KBDL-004-R2). Any translucent caption-band variant remains outside this row's approved scope."
KBDL-THM-009,Packet or tracking destination,"Status-family theme values, gradient strategy, and color-value expression (KBDL-THM-009, KBDL-THM-010, KBDL-THM-011)",Missing,MISSING,MISSING
KBDL-THM-010,Packet or tracking destination,"Status-family theme values, gradient strategy, and color-value expression (KBDL-THM-009, KBDL-THM-010, KBDL-THM-011)",Missing,MISSING,MISSING
KBDL-THM-011,Packet or tracking destination,"Status-family theme values, gradient strategy, and color-value expression (KBDL-THM-009, KBDL-THM-010, KBDL-THM-011)",Missing,MISSING,MISSING
KBDL-THM-009,Pending dependencies,"Status-family theme values, gradient strategy, and color-value expression (KBDL-THM-009, KBDL-THM-010, KBDL-THM-011)",Missing,MISSING,MISSING
KBDL-THM-010,Pending dependencies,"Status-family theme values, gradient strategy, and color-value expression (KBDL-THM-009, KBDL-THM-010, KBDL-THM-011)",Missing,MISSING,MISSING
KBDL-THM-011,Pending dependencies,"Status-family theme values, gradient strategy, and color-value expression (KBDL-THM-009, KBDL-THM-010, KBDL-THM-011)",Missing,MISSING,MISSING
KBDL-THM-009,Related decision,"Status-family theme values, gradient strategy, and color-value expression (KBDL-THM-009, KBDL-THM-010, KBDL-THM-011)",Uniform default,KBDL-DEC-013,KBDL-DEC-013
KBDL-THM-010,Related decision,"Status-family theme values, gradient strategy, and color-value expression (KBDL-THM-009, KBDL-THM-010, KBDL-THM-011)",Uniform default,KBDL-DEC-013,KBDL-DEC-013
KBDL-THM-011,Related decision,"Status-family theme values, gradient strategy, and color-value expression (KBDL-THM-009, KBDL-THM-010, KBDL-THM-011)",Uniform default,KBDL-DEC-013,KBDL-DEC-013
KBDL-THM-009,Notes or exclusions,"Status-family theme values, gradient strategy, and color-value expression (KBDL-THM-009, KBDL-THM-010, KBDL-THM-011)",Uniform default,"Corrected under KBDL-004-R1: Informational no longer carries a large-text/icon restriction — the revised hue passes 4.5:1 in every context this family is used, in both modes. Corrected under KBDL-004-R2: the gradient caption-band example is now explicitly opaque, and Informational's role assignment is stated precisely.","Corrected under KBDL-004-R1: Informational no longer carries a large-text/icon restriction — the revised hue passes 4.5:1 in every context this family is used, in both modes. Corrected under KBDL-004-R2: the gradient caption-band example is now explicitly opaque, and Informational's role assignment is stated precisely."
KBDL-THM-010,Notes or exclusions,"Status-family theme values, gradient strategy, and color-value expression (KBDL-THM-009, KBDL-THM-010, KBDL-THM-011)",Uniform default,"Corrected under KBDL-004-R1: Informational no longer carries a large-text/icon restriction — the revised hue passes 4.5:1 in every context this family is used, in both modes. Corrected under KBDL-004-R2: the gradient caption-band example is now explicitly opaque, and Informational's role assignment is stated precisely.","Corrected under KBDL-004-R1: Informational no longer carries a large-text/icon restriction — the revised hue passes 4.5:1 in every context this family is used, in both modes. Corrected under KBDL-004-R2: the gradient caption-band example is now explicitly opaque, and Informational's role assignment is stated precisely."
KBDL-THM-011,Notes or exclusions,"Status-family theme values, gradient strategy, and color-value expression (KBDL-THM-009, KBDL-THM-010, KBDL-THM-011)",Uniform default,"Corrected under KBDL-004-R1: Informational no longer carries a large-text/icon restriction — the revised hue passes 4.5:1 in every context this family is used, in both modes. Corrected under KBDL-004-R2: the gradient caption-band example is now explicitly opaque, and Informational's role assignment is stated precisely.","Corrected under KBDL-004-R1: Informational no longer carries a large-text/icon restriction — the revised hue passes 4.5:1 in every context this family is used, in both modes. Corrected under KBDL-004-R2: the gradient caption-band example is now explicitly opaque, and Informational's role assignment is stated precisely."
KBDL-THM-012,Blueprint section,"Theme-transition guidance (KBDL-THM-012, KBDL-THM-012a)",Uniform default,"Theme-transition guidance (conceptual, no timing/easing); reduced-motion requirement","Theme-transition guidance (conceptual, no timing/easing); reduced-motion requirement"
KBDL-THM-012a,Blueprint section,"Theme-transition guidance (KBDL-THM-012, KBDL-THM-012a)",Uniform default,"Theme-transition guidance (conceptual, no timing/easing); reduced-motion requirement","Theme-transition guidance (conceptual, no timing/easing); reduced-motion requirement"
KBDL-THM-012,Roadmap prompt,"Theme-transition guidance (KBDL-THM-012, KBDL-THM-012a)",Uniform default,KBDL-004,KBDL-004
KBDL-THM-012a,Roadmap prompt,"Theme-transition guidance (KBDL-THM-012, KBDL-THM-012a)",Uniform default,KBDL-004,KBDL-004
KBDL-THM-012,Specification location,"Theme-transition guidance (KBDL-THM-012, KBDL-THM-012a)",Uniform default,[themes/adaptation.md §7](themes/adaptation.md#7-theme-transition-guidance),[themes/adaptation.md §7](themes/adaptation.md#7-theme-transition-guidance)
KBDL-THM-012a,Specification location,"Theme-transition guidance (KBDL-THM-012, KBDL-THM-012a)",Uniform default,[themes/adaptation.md §7](themes/adaptation.md#7-theme-transition-guidance),[themes/adaptation.md §7](themes/adaptation.md#7-theme-transition-guidance)
KBDL-THM-012,Lifecycle status,"Theme-transition guidance (KBDL-THM-012, KBDL-THM-012a)",Missing,MISSING,MISSING
KBDL-THM-012a,Lifecycle status,"Theme-transition guidance (KBDL-THM-012, KBDL-THM-012a)",Missing,MISSING,MISSING
KBDL-THM-012,Provenance,"Theme-transition guidance (KBDL-THM-012, KBDL-THM-012a)",Missing,MISSING,MISSING
KBDL-THM-012a,Provenance,"Theme-transition guidance (KBDL-THM-012, KBDL-THM-012a)",Missing,MISSING,MISSING
KBDL-THM-012,Validation classification,"Theme-transition guidance (KBDL-THM-012, KBDL-THM-012a)",Uniform default,Not verified,Not verified
KBDL-THM-012a,Validation classification,"Theme-transition guidance (KBDL-THM-012, KBDL-THM-012a)",Uniform default,Not verified,Not verified
KBDL-THM-012,Authority,"Theme-transition guidance (KBDL-THM-012, KBDL-THM-012a)",Missing,MISSING,MISSING
KBDL-THM-012a,Authority,"Theme-transition guidance (KBDL-THM-012, KBDL-THM-012a)",Missing,MISSING,MISSING
KBDL-THM-012,Validation method,"Theme-transition guidance (KBDL-THM-012, KBDL-THM-012a)",Uniform default,Manual review confirming no timing/easing values were introduced (performed); manual review confirming reduced-motion behavior once implemented.,Manual review confirming no timing/easing values were introduced (performed); manual review confirming reduced-motion behavior once implemented.
KBDL-THM-012a,Validation method,"Theme-transition guidance (KBDL-THM-012, KBDL-THM-012a)",Uniform default,Manual review confirming no timing/easing values were introduced (performed); manual review confirming reduced-motion behavior once implemented.,Manual review confirming no timing/easing values were introduced (performed); manual review confirming reduced-motion behavior once implemented.
KBDL-THM-012,Validation evidence,"Theme-transition guidance (KBDL-THM-012, KBDL-THM-012a)",Uniform default,Manual scope-compliance review recorded in the KBDL-004 commit — confirmed zero millisecond/easing values anywhere in `docs/kbdl/themes/`.,Manual scope-compliance review recorded in the KBDL-004 commit — confirmed zero millisecond/easing values anywhere in `docs/kbdl/themes/`.
KBDL-THM-012a,Validation evidence,"Theme-transition guidance (KBDL-THM-012, KBDL-THM-012a)",Uniform default,Manual scope-compliance review recorded in the KBDL-004 commit — confirmed zero millisecond/easing values anywhere in `docs/kbdl/themes/`.,Manual scope-compliance review recorded in the KBDL-004 commit — confirmed zero millisecond/easing values anywhere in `docs/kbdl/themes/`.
KBDL-THM-012,Known limitation,"Theme-transition guidance (KBDL-THM-012, KBDL-THM-012a)",Uniform default,"Exact timing/easing depends entirely on KBDL-005, which is eligible for its own future prompt and has not been started by this approval.","Exact timing/easing depends entirely on KBDL-005, which is eligible for its own future prompt and has not been started by this approval."
KBDL-THM-012a,Known limitation,"Theme-transition guidance (KBDL-THM-012, KBDL-THM-012a)",Uniform default,"Exact timing/easing depends entirely on KBDL-005, which is eligible for its own future prompt and has not been started by this approval.","Exact timing/easing depends entirely on KBDL-005, which is eligible for its own future prompt and has not been started by this approval."
KBDL-THM-012,Packet or tracking destination,"Theme-transition guidance (KBDL-THM-012, KBDL-THM-012a)",Missing,MISSING,MISSING
KBDL-THM-012a,Packet or tracking destination,"Theme-transition guidance (KBDL-THM-012, KBDL-THM-012a)",Missing,MISSING,MISSING
KBDL-THM-012,Pending dependencies,"Theme-transition guidance (KBDL-THM-012, KBDL-THM-012a)",Missing,MISSING,MISSING
KBDL-THM-012a,Pending dependencies,"Theme-transition guidance (KBDL-THM-012, KBDL-THM-012a)",Missing,MISSING,MISSING
KBDL-THM-012,Related decision,"Theme-transition guidance (KBDL-THM-012, KBDL-THM-012a)",Uniform default,KBDL-DEC-013 (for `KBDL-THM-012`'s conceptual approval); KBDL-DEC-010 (for `KBDL-THM-012a`'s reduced-motion basis),KBDL-DEC-013 (for `KBDL-THM-012`'s conceptual approval); KBDL-DEC-010 (for `KBDL-THM-012a`'s reduced-motion basis)
KBDL-THM-012a,Related decision,"Theme-transition guidance (KBDL-THM-012, KBDL-THM-012a)",Uniform default,KBDL-DEC-013 (for `KBDL-THM-012`'s conceptual approval); KBDL-DEC-010 (for `KBDL-THM-012a`'s reduced-motion basis),KBDL-DEC-013 (for `KBDL-THM-012`'s conceptual approval); KBDL-DEC-010 (for `KBDL-THM-012a`'s reduced-motion basis)
KBDL-THM-012,Notes or exclusions,"Theme-transition guidance (KBDL-THM-012, KBDL-THM-012a)",Uniform default,Explicitly defers all durations and easing curves to Motion (KBDL-005). The lifecycle contradiction identified in KBDL-004 validation is resolved by this split. ## KBDL-005 — Motion,Explicitly defers all durations and easing curves to Motion (KBDL-005). The lifecycle contradiction identified in KBDL-004 validation is resolved by this split. ## KBDL-005 — Motion
KBDL-THM-012a,Notes or exclusions,"Theme-transition guidance (KBDL-THM-012, KBDL-THM-012a)",Uniform default,Explicitly defers all durations and easing curves to Motion (KBDL-005). The lifecycle contradiction identified in KBDL-004 validation is resolved by this split. ## KBDL-005 — Motion,Explicitly defers all durations and easing curves to Motion (KBDL-005). The lifecycle contradiction identified in KBDL-004 validation is resolved by this split. ## KBDL-005 — Motion
KBDL-MOT-001,Blueprint section,"Motion purpose, terminology, and conflict resolution (KBDL-MOT-001, KBDL-MOT-002, KBDL-MOT-003)",Uniform default,Motion purpose requirement; motion terminology; expressive-versus-usability conflict resolution,Motion purpose requirement; motion terminology; expressive-versus-usability conflict resolution
KBDL-MOT-002,Blueprint section,"Motion purpose, terminology, and conflict resolution (KBDL-MOT-001, KBDL-MOT-002, KBDL-MOT-003)",Uniform default,Motion purpose requirement; motion terminology; expressive-versus-usability conflict resolution,Motion purpose requirement; motion terminology; expressive-versus-usability conflict resolution
KBDL-MOT-003,Blueprint section,"Motion purpose, terminology, and conflict resolution (KBDL-MOT-001, KBDL-MOT-002, KBDL-MOT-003)",Uniform default,Motion purpose requirement; motion terminology; expressive-versus-usability conflict resolution,Motion purpose requirement; motion terminology; expressive-versus-usability conflict resolution
KBDL-MOT-001,Roadmap prompt,"Motion purpose, terminology, and conflict resolution (KBDL-MOT-001, KBDL-MOT-002, KBDL-MOT-003)",Uniform default,KBDL-005,KBDL-005
KBDL-MOT-002,Roadmap prompt,"Motion purpose, terminology, and conflict resolution (KBDL-MOT-001, KBDL-MOT-002, KBDL-MOT-003)",Uniform default,KBDL-005,KBDL-005
KBDL-MOT-003,Roadmap prompt,"Motion purpose, terminology, and conflict resolution (KBDL-MOT-001, KBDL-MOT-002, KBDL-MOT-003)",Uniform default,KBDL-005,KBDL-005
KBDL-MOT-001,Specification location,"Motion purpose, terminology, and conflict resolution (KBDL-MOT-001, KBDL-MOT-002, KBDL-MOT-003)",Uniform default,"[motion/README.md §2, §3.3](motion/README.md#2-motion-terminology), [motion/foundations.md §1](motion/foundations.md#1-motion-purposes)","[motion/README.md §2, §3.3](motion/README.md#2-motion-terminology), [motion/foundations.md §1](motion/foundations.md#1-motion-purposes)"
KBDL-MOT-002,Specification location,"Motion purpose, terminology, and conflict resolution (KBDL-MOT-001, KBDL-MOT-002, KBDL-MOT-003)",Uniform default,"[motion/README.md §2, §3.3](motion/README.md#2-motion-terminology), [motion/foundations.md §1](motion/foundations.md#1-motion-purposes)","[motion/README.md §2, §3.3](motion/README.md#2-motion-terminology), [motion/foundations.md §1](motion/foundations.md#1-motion-purposes)"
KBDL-MOT-003,Specification location,"Motion purpose, terminology, and conflict resolution (KBDL-MOT-001, KBDL-MOT-002, KBDL-MOT-003)",Uniform default,"[motion/README.md §2, §3.3](motion/README.md#2-motion-terminology), [motion/foundations.md §1](motion/foundations.md#1-motion-purposes)","[motion/README.md §2, §3.3](motion/README.md#2-motion-terminology), [motion/foundations.md §1](motion/foundations.md#1-motion-purposes)"
KBDL-MOT-001,Lifecycle status,"Motion purpose, terminology, and conflict resolution (KBDL-MOT-001, KBDL-MOT-002, KBDL-MOT-003)",Missing,MISSING,MISSING
KBDL-MOT-002,Lifecycle status,"Motion purpose, terminology, and conflict resolution (KBDL-MOT-001, KBDL-MOT-002, KBDL-MOT-003)",Missing,MISSING,MISSING
KBDL-MOT-003,Lifecycle status,"Motion purpose, terminology, and conflict resolution (KBDL-MOT-001, KBDL-MOT-002, KBDL-MOT-003)",Missing,MISSING,MISSING
KBDL-MOT-001,Provenance,"Motion purpose, terminology, and conflict resolution (KBDL-MOT-001, KBDL-MOT-002, KBDL-MOT-003)",Missing,MISSING,MISSING
KBDL-MOT-002,Provenance,"Motion purpose, terminology, and conflict resolution (KBDL-MOT-001, KBDL-MOT-002, KBDL-MOT-003)",Missing,MISSING,MISSING
KBDL-MOT-003,Provenance,"Motion purpose, terminology, and conflict resolution (KBDL-MOT-001, KBDL-MOT-002, KBDL-MOT-003)",Missing,MISSING,MISSING
KBDL-MOT-001,Validation classification,"Motion purpose, terminology, and conflict resolution (KBDL-MOT-001, KBDL-MOT-002, KBDL-MOT-003)",Uniform default,Not verified,Not verified
KBDL-MOT-002,Validation classification,"Motion purpose, terminology, and conflict resolution (KBDL-MOT-001, KBDL-MOT-002, KBDL-MOT-003)",Uniform default,Not verified,Not verified
KBDL-MOT-003,Validation classification,"Motion purpose, terminology, and conflict resolution (KBDL-MOT-001, KBDL-MOT-002, KBDL-MOT-003)",Uniform default,Not verified,Not verified
KBDL-MOT-001,Authority,"Motion purpose, terminology, and conflict resolution (KBDL-MOT-001, KBDL-MOT-002, KBDL-MOT-003)",Missing,MISSING,MISSING
KBDL-MOT-002,Authority,"Motion purpose, terminology, and conflict resolution (KBDL-MOT-001, KBDL-MOT-002, KBDL-MOT-003)",Missing,MISSING,MISSING
KBDL-MOT-003,Authority,"Motion purpose, terminology, and conflict resolution (KBDL-MOT-001, KBDL-MOT-002, KBDL-MOT-003)",Missing,MISSING,MISSING
KBDL-MOT-001,Validation method,"Motion purpose, terminology, and conflict resolution (KBDL-MOT-001, KBDL-MOT-002, KBDL-MOT-003)",Uniform default,Manual review confirming every documented pattern cites an approved purpose; manual terminology-consistency review (performed).,Manual review confirming every documented pattern cites an approved purpose; manual terminology-consistency review (performed).
KBDL-MOT-002,Validation method,"Motion purpose, terminology, and conflict resolution (KBDL-MOT-001, KBDL-MOT-002, KBDL-MOT-003)",Uniform default,Manual review confirming every documented pattern cites an approved purpose; manual terminology-consistency review (performed).,Manual review confirming every documented pattern cites an approved purpose; manual terminology-consistency review (performed).
KBDL-MOT-003,Validation method,"Motion purpose, terminology, and conflict resolution (KBDL-MOT-001, KBDL-MOT-002, KBDL-MOT-003)",Uniform default,Manual review confirming every documented pattern cites an approved purpose; manual terminology-consistency review (performed).,Manual review confirming every documented pattern cites an approved purpose; manual terminology-consistency review (performed).
KBDL-MOT-001,Validation evidence,"Motion purpose, terminology, and conflict resolution (KBDL-MOT-001, KBDL-MOT-002, KBDL-MOT-003)",Uniform default,Manual review recorded in [motion/validation.md §6](motion/validation.md#6-manual-documentation-reviews-performed).,Manual review recorded in [motion/validation.md §6](motion/validation.md#6-manual-documentation-reviews-performed).
KBDL-MOT-002,Validation evidence,"Motion purpose, terminology, and conflict resolution (KBDL-MOT-001, KBDL-MOT-002, KBDL-MOT-003)",Uniform default,Manual review recorded in [motion/validation.md §6](motion/validation.md#6-manual-documentation-reviews-performed).,Manual review recorded in [motion/validation.md §6](motion/validation.md#6-manual-documentation-reviews-performed).
KBDL-MOT-003,Validation evidence,"Motion purpose, terminology, and conflict resolution (KBDL-MOT-001, KBDL-MOT-002, KBDL-MOT-003)",Uniform default,Manual review recorded in [motion/validation.md §6](motion/validation.md#6-manual-documentation-reviews-performed).,Manual review recorded in [motion/validation.md §6](motion/validation.md#6-manual-documentation-reviews-performed).
KBDL-MOT-001,Known limitation,"Motion purpose, terminology, and conflict resolution (KBDL-MOT-001, KBDL-MOT-002, KBDL-MOT-003)",Uniform default,"Per-component purpose assignment depends on the Components module (`CMP`), not yet reached.","Per-component purpose assignment depends on the Components module (`CMP`), not yet reached."
KBDL-MOT-002,Known limitation,"Motion purpose, terminology, and conflict resolution (KBDL-MOT-001, KBDL-MOT-002, KBDL-MOT-003)",Uniform default,"Per-component purpose assignment depends on the Components module (`CMP`), not yet reached.","Per-component purpose assignment depends on the Components module (`CMP`), not yet reached."
KBDL-MOT-003,Known limitation,"Motion purpose, terminology, and conflict resolution (KBDL-MOT-001, KBDL-MOT-002, KBDL-MOT-003)",Uniform default,"Per-component purpose assignment depends on the Components module (`CMP`), not yet reached.","Per-component purpose assignment depends on the Components module (`CMP`), not yet reached."
KBDL-MOT-001,Packet or tracking destination,"Motion purpose, terminology, and conflict resolution (KBDL-MOT-001, KBDL-MOT-002, KBDL-MOT-003)",Missing,MISSING,MISSING
KBDL-MOT-002,Packet or tracking destination,"Motion purpose, terminology, and conflict resolution (KBDL-MOT-001, KBDL-MOT-002, KBDL-MOT-003)",Missing,MISSING,MISSING
KBDL-MOT-003,Packet or tracking destination,"Motion purpose, terminology, and conflict resolution (KBDL-MOT-001, KBDL-MOT-002, KBDL-MOT-003)",Missing,MISSING,MISSING
KBDL-MOT-001,Pending dependencies,"Motion purpose, terminology, and conflict resolution (KBDL-MOT-001, KBDL-MOT-002, KBDL-MOT-003)",Missing,MISSING,MISSING
KBDL-MOT-002,Pending dependencies,"Motion purpose, terminology, and conflict resolution (KBDL-MOT-001, KBDL-MOT-002, KBDL-MOT-003)",Missing,MISSING,MISSING
KBDL-MOT-003,Pending dependencies,"Motion purpose, terminology, and conflict resolution (KBDL-MOT-001, KBDL-MOT-002, KBDL-MOT-003)",Missing,MISSING,MISSING
KBDL-MOT-001,Related decision,"Motion purpose, terminology, and conflict resolution (KBDL-MOT-001, KBDL-MOT-002, KBDL-MOT-003)",Uniform default,Not applicable,Not applicable
KBDL-MOT-002,Related decision,"Motion purpose, terminology, and conflict resolution (KBDL-MOT-001, KBDL-MOT-002, KBDL-MOT-003)",Uniform default,Not applicable,Not applicable
KBDL-MOT-003,Related decision,"Motion purpose, terminology, and conflict resolution (KBDL-MOT-001, KBDL-MOT-002, KBDL-MOT-003)",Uniform default,Not applicable,Not applicable
KBDL-MOT-001,Notes or exclusions,"Motion purpose, terminology, and conflict resolution (KBDL-MOT-001, KBDL-MOT-002, KBDL-MOT-003)",Uniform default,These three requirements restate already-`Approved` KBDL-002 principles at motion-specific granularity; no new policy is introduced.,These three requirements restate already-`Approved` KBDL-002 principles at motion-specific granularity; no new policy is introduced.
KBDL-MOT-002,Notes or exclusions,"Motion purpose, terminology, and conflict resolution (KBDL-MOT-001, KBDL-MOT-002, KBDL-MOT-003)",Uniform default,These three requirements restate already-`Approved` KBDL-002 principles at motion-specific granularity; no new policy is introduced.,These three requirements restate already-`Approved` KBDL-002 principles at motion-specific granularity; no new policy is introduced.
KBDL-MOT-003,Notes or exclusions,"Motion purpose, terminology, and conflict resolution (KBDL-MOT-001, KBDL-MOT-002, KBDL-MOT-003)",Uniform default,These three requirements restate already-`Approved` KBDL-002 principles at motion-specific granularity; no new policy is introduced.,These three requirements restate already-`Approved` KBDL-002 principles at motion-specific granularity; no new policy is introduced.
KBDL-MOT-004,Blueprint section,"Motion category and hierarchy structure (KBDL-MOT-004, KBDL-MOT-005, KBDL-MOT-006)",Uniform default,Ten motion categories; five-level motion hierarchy; multi-factor intensity model,Ten motion categories; five-level motion hierarchy; multi-factor intensity model
KBDL-MOT-005,Blueprint section,"Motion category and hierarchy structure (KBDL-MOT-004, KBDL-MOT-005, KBDL-MOT-006)",Uniform default,Ten motion categories; five-level motion hierarchy; multi-factor intensity model,Ten motion categories; five-level motion hierarchy; multi-factor intensity model
KBDL-MOT-006,Blueprint section,"Motion category and hierarchy structure (KBDL-MOT-004, KBDL-MOT-005, KBDL-MOT-006)",Uniform default,Ten motion categories; five-level motion hierarchy; multi-factor intensity model,Ten motion categories; five-level motion hierarchy; multi-factor intensity model
KBDL-MOT-004,Roadmap prompt,"Motion category and hierarchy structure (KBDL-MOT-004, KBDL-MOT-005, KBDL-MOT-006)",Uniform default,KBDL-005,KBDL-005
KBDL-MOT-005,Roadmap prompt,"Motion category and hierarchy structure (KBDL-MOT-004, KBDL-MOT-005, KBDL-MOT-006)",Uniform default,KBDL-005,KBDL-005
KBDL-MOT-006,Roadmap prompt,"Motion category and hierarchy structure (KBDL-MOT-004, KBDL-MOT-005, KBDL-MOT-006)",Uniform default,KBDL-005,KBDL-005
KBDL-MOT-004,Specification location,"Motion category and hierarchy structure (KBDL-MOT-004, KBDL-MOT-005, KBDL-MOT-006)",Uniform default,"[motion/foundations.md §2, §3, §4](motion/foundations.md#2-motion-categories)","[motion/foundations.md §2, §3, §4](motion/foundations.md#2-motion-categories)"
KBDL-MOT-005,Specification location,"Motion category and hierarchy structure (KBDL-MOT-004, KBDL-MOT-005, KBDL-MOT-006)",Uniform default,"[motion/foundations.md §2, §3, §4](motion/foundations.md#2-motion-categories)","[motion/foundations.md §2, §3, §4](motion/foundations.md#2-motion-categories)"
KBDL-MOT-006,Specification location,"Motion category and hierarchy structure (KBDL-MOT-004, KBDL-MOT-005, KBDL-MOT-006)",Uniform default,"[motion/foundations.md §2, §3, §4](motion/foundations.md#2-motion-categories)","[motion/foundations.md §2, §3, §4](motion/foundations.md#2-motion-categories)"
KBDL-MOT-004,Lifecycle status,"Motion category and hierarchy structure (KBDL-MOT-004, KBDL-MOT-005, KBDL-MOT-006)",Missing,MISSING,MISSING
KBDL-MOT-005,Lifecycle status,"Motion category and hierarchy structure (KBDL-MOT-004, KBDL-MOT-005, KBDL-MOT-006)",Missing,MISSING,MISSING
KBDL-MOT-006,Lifecycle status,"Motion category and hierarchy structure (KBDL-MOT-004, KBDL-MOT-005, KBDL-MOT-006)",Missing,MISSING,MISSING
KBDL-MOT-004,Provenance,"Motion category and hierarchy structure (KBDL-MOT-004, KBDL-MOT-005, KBDL-MOT-006)",Missing,MISSING,MISSING
KBDL-MOT-005,Provenance,"Motion category and hierarchy structure (KBDL-MOT-004, KBDL-MOT-005, KBDL-MOT-006)",Missing,MISSING,MISSING
KBDL-MOT-006,Provenance,"Motion category and hierarchy structure (KBDL-MOT-004, KBDL-MOT-005, KBDL-MOT-006)",Missing,MISSING,MISSING
KBDL-MOT-004,Validation classification,"Motion category and hierarchy structure (KBDL-MOT-004, KBDL-MOT-005, KBDL-MOT-006)",Uniform default,Not verified,Not verified
KBDL-MOT-005,Validation classification,"Motion category and hierarchy structure (KBDL-MOT-004, KBDL-MOT-005, KBDL-MOT-006)",Uniform default,Not verified,Not verified
KBDL-MOT-006,Validation classification,"Motion category and hierarchy structure (KBDL-MOT-004, KBDL-MOT-005, KBDL-MOT-006)",Uniform default,Not verified,Not verified
KBDL-MOT-004,Authority,"Motion category and hierarchy structure (KBDL-MOT-004, KBDL-MOT-005, KBDL-MOT-006)",Missing,MISSING,MISSING
KBDL-MOT-005,Authority,"Motion category and hierarchy structure (KBDL-MOT-004, KBDL-MOT-005, KBDL-MOT-006)",Missing,MISSING,MISSING
KBDL-MOT-006,Authority,"Motion category and hierarchy structure (KBDL-MOT-004, KBDL-MOT-005, KBDL-MOT-006)",Missing,MISSING,MISSING
KBDL-MOT-004,Validation method,"Motion category and hierarchy structure (KBDL-MOT-004, KBDL-MOT-005, KBDL-MOT-006)",Uniform default,"Manual completeness review per category (performed); project-owner review of the hierarchy/intensity model (performed, see KBDL-DEC-014).","Manual completeness review per category (performed); project-owner review of the hierarchy/intensity model (performed, see KBDL-DEC-014)."
KBDL-MOT-005,Validation method,"Motion category and hierarchy structure (KBDL-MOT-004, KBDL-MOT-005, KBDL-MOT-006)",Uniform default,"Manual completeness review per category (performed); project-owner review of the hierarchy/intensity model (performed, see KBDL-DEC-014).","Manual completeness review per category (performed); project-owner review of the hierarchy/intensity model (performed, see KBDL-DEC-014)."
KBDL-MOT-006,Validation method,"Motion category and hierarchy structure (KBDL-MOT-004, KBDL-MOT-005, KBDL-MOT-006)",Uniform default,"Manual completeness review per category (performed); project-owner review of the hierarchy/intensity model (performed, see KBDL-DEC-014).","Manual completeness review per category (performed); project-owner review of the hierarchy/intensity model (performed, see KBDL-DEC-014)."
KBDL-MOT-004,Validation evidence,"Motion category and hierarchy structure (KBDL-MOT-004, KBDL-MOT-005, KBDL-MOT-006)",Uniform default,Manual review recorded in [motion/validation.md §1](motion/validation.md#1-motion-validation-specification).,Manual review recorded in [motion/validation.md §1](motion/validation.md#1-motion-validation-specification).
KBDL-MOT-005,Validation evidence,"Motion category and hierarchy structure (KBDL-MOT-004, KBDL-MOT-005, KBDL-MOT-006)",Uniform default,Manual review recorded in [motion/validation.md §1](motion/validation.md#1-motion-validation-specification).,Manual review recorded in [motion/validation.md §1](motion/validation.md#1-motion-validation-specification).
KBDL-MOT-006,Validation evidence,"Motion category and hierarchy structure (KBDL-MOT-004, KBDL-MOT-005, KBDL-MOT-006)",Uniform default,Manual review recorded in [motion/validation.md §1](motion/validation.md#1-motion-validation-specification).,Manual review recorded in [motion/validation.md §1](motion/validation.md#1-motion-validation-specification).
KBDL-MOT-004,Known limitation,"Motion category and hierarchy structure (KBDL-MOT-004, KBDL-MOT-005, KBDL-MOT-006)",Uniform default,"Exceptional-level (Level 4) usage requires project-owner review each time; not yet exercised, since no implementation exists.","Exceptional-level (Level 4) usage requires project-owner review each time; not yet exercised, since no implementation exists."
KBDL-MOT-005,Known limitation,"Motion category and hierarchy structure (KBDL-MOT-004, KBDL-MOT-005, KBDL-MOT-006)",Uniform default,"Exceptional-level (Level 4) usage requires project-owner review each time; not yet exercised, since no implementation exists.","Exceptional-level (Level 4) usage requires project-owner review each time; not yet exercised, since no implementation exists."
KBDL-MOT-006,Known limitation,"Motion category and hierarchy structure (KBDL-MOT-004, KBDL-MOT-005, KBDL-MOT-006)",Uniform default,"Exceptional-level (Level 4) usage requires project-owner review each time; not yet exercised, since no implementation exists.","Exceptional-level (Level 4) usage requires project-owner review each time; not yet exercised, since no implementation exists."
KBDL-MOT-004,Packet or tracking destination,"Motion category and hierarchy structure (KBDL-MOT-004, KBDL-MOT-005, KBDL-MOT-006)",Missing,MISSING,MISSING
KBDL-MOT-005,Packet or tracking destination,"Motion category and hierarchy structure (KBDL-MOT-004, KBDL-MOT-005, KBDL-MOT-006)",Missing,MISSING,MISSING
KBDL-MOT-006,Packet or tracking destination,"Motion category and hierarchy structure (KBDL-MOT-004, KBDL-MOT-005, KBDL-MOT-006)",Missing,MISSING,MISSING
KBDL-MOT-004,Pending dependencies,"Motion category and hierarchy structure (KBDL-MOT-004, KBDL-MOT-005, KBDL-MOT-006)",Missing,MISSING,MISSING
KBDL-MOT-005,Pending dependencies,"Motion category and hierarchy structure (KBDL-MOT-004, KBDL-MOT-005, KBDL-MOT-006)",Missing,MISSING,MISSING
KBDL-MOT-006,Pending dependencies,"Motion category and hierarchy structure (KBDL-MOT-004, KBDL-MOT-005, KBDL-MOT-006)",Missing,MISSING,MISSING
KBDL-MOT-004,Related decision,"Motion category and hierarchy structure (KBDL-MOT-004, KBDL-MOT-005, KBDL-MOT-006)",Uniform default,"[KBDL-DEC-014](decision-register.md#kbdl-dec-014--kbdl-005-motion-decisions-approved). `KBDL-MOT-005` maps to [motion decision packet](motion/README.md#10-motion-decision-packet) item 1; `KBDL-MOT-006` maps to item 14 (added under KBDL-005-R2, which corrected the packet's initial omission of this requirement; approved under KBDL-005-A1).","[KBDL-DEC-014](decision-register.md#kbdl-dec-014--kbdl-005-motion-decisions-approved). `KBDL-MOT-005` maps to [motion decision packet](motion/README.md#10-motion-decision-packet) item 1; `KBDL-MOT-006` maps to item 14 (added under KBDL-005-R2, which corrected the packet's initial omission of this requirement; approved under KBDL-005-A1)."
KBDL-MOT-005,Related decision,"Motion category and hierarchy structure (KBDL-MOT-004, KBDL-MOT-005, KBDL-MOT-006)",Uniform default,"[KBDL-DEC-014](decision-register.md#kbdl-dec-014--kbdl-005-motion-decisions-approved). `KBDL-MOT-005` maps to [motion decision packet](motion/README.md#10-motion-decision-packet) item 1; `KBDL-MOT-006` maps to item 14 (added under KBDL-005-R2, which corrected the packet's initial omission of this requirement; approved under KBDL-005-A1).","[KBDL-DEC-014](decision-register.md#kbdl-dec-014--kbdl-005-motion-decisions-approved). `KBDL-MOT-005` maps to [motion decision packet](motion/README.md#10-motion-decision-packet) item 1; `KBDL-MOT-006` maps to item 14 (added under KBDL-005-R2, which corrected the packet's initial omission of this requirement; approved under KBDL-005-A1)."
KBDL-MOT-006,Related decision,"Motion category and hierarchy structure (KBDL-MOT-004, KBDL-MOT-005, KBDL-MOT-006)",Uniform default,"[KBDL-DEC-014](decision-register.md#kbdl-dec-014--kbdl-005-motion-decisions-approved). `KBDL-MOT-005` maps to [motion decision packet](motion/README.md#10-motion-decision-packet) item 1; `KBDL-MOT-006` maps to item 14 (added under KBDL-005-R2, which corrected the packet's initial omission of this requirement; approved under KBDL-005-A1).","[KBDL-DEC-014](decision-register.md#kbdl-dec-014--kbdl-005-motion-decisions-approved). `KBDL-MOT-005` maps to [motion decision packet](motion/README.md#10-motion-decision-packet) item 1; `KBDL-MOT-006` maps to item 14 (added under KBDL-005-R2, which corrected the packet's initial omission of this requirement; approved under KBDL-005-A1)."
KBDL-MOT-004,Notes or exclusions,"Motion category and hierarchy structure (KBDL-MOT-004, KBDL-MOT-005, KBDL-MOT-006)",Uniform default,The requirement that categories be documented completely is itself already supported by KBDL-002's visual-consistency principle; the specific five-level names and intensity factors are new.,The requirement that categories be documented completely is itself already supported by KBDL-002's visual-consistency principle; the specific five-level names and intensity factors are new.
KBDL-MOT-005,Notes or exclusions,"Motion category and hierarchy structure (KBDL-MOT-004, KBDL-MOT-005, KBDL-MOT-006)",Uniform default,The requirement that categories be documented completely is itself already supported by KBDL-002's visual-consistency principle; the specific five-level names and intensity factors are new.,The requirement that categories be documented completely is itself already supported by KBDL-002's visual-consistency principle; the specific five-level names and intensity factors are new.
KBDL-MOT-006,Notes or exclusions,"Motion category and hierarchy structure (KBDL-MOT-004, KBDL-MOT-005, KBDL-MOT-006)",Uniform default,The requirement that categories be documented completely is itself already supported by KBDL-002's visual-consistency principle; the specific five-level names and intensity factors are new.,The requirement that categories be documented completely is itself already supported by KBDL-002's visual-consistency principle; the specific five-level names and intensity factors are new.
KBDL-MOT-007,Blueprint section,"Timing, duration, and easing architecture (KBDL-MOT-007, KBDL-MOT-008, KBDL-MOT-009)",Uniform default,Semantic timing classes; duration recommendations; easing categories and exact curves,Semantic timing classes; duration recommendations; easing categories and exact curves
KBDL-MOT-008,Blueprint section,"Timing, duration, and easing architecture (KBDL-MOT-007, KBDL-MOT-008, KBDL-MOT-009)",Uniform default,Semantic timing classes; duration recommendations; easing categories and exact curves,Semantic timing classes; duration recommendations; easing categories and exact curves
KBDL-MOT-009,Blueprint section,"Timing, duration, and easing architecture (KBDL-MOT-007, KBDL-MOT-008, KBDL-MOT-009)",Uniform default,Semantic timing classes; duration recommendations; easing categories and exact curves,Semantic timing classes; duration recommendations; easing categories and exact curves
KBDL-MOT-007,Roadmap prompt,"Timing, duration, and easing architecture (KBDL-MOT-007, KBDL-MOT-008, KBDL-MOT-009)",Uniform default,KBDL-005,KBDL-005
KBDL-MOT-008,Roadmap prompt,"Timing, duration, and easing architecture (KBDL-MOT-007, KBDL-MOT-008, KBDL-MOT-009)",Uniform default,KBDL-005,KBDL-005
KBDL-MOT-009,Roadmap prompt,"Timing, duration, and easing architecture (KBDL-MOT-007, KBDL-MOT-008, KBDL-MOT-009)",Uniform default,KBDL-005,KBDL-005
KBDL-MOT-007,Specification location,"Timing, duration, and easing architecture (KBDL-MOT-007, KBDL-MOT-008, KBDL-MOT-009)",Uniform default,"[motion/timing-easing.md §1, §2, §3](motion/timing-easing.md#1-timing-architecture)","[motion/timing-easing.md §1, §2, §3](motion/timing-easing.md#1-timing-architecture)"
KBDL-MOT-008,Specification location,"Timing, duration, and easing architecture (KBDL-MOT-007, KBDL-MOT-008, KBDL-MOT-009)",Uniform default,"[motion/timing-easing.md §1, §2, §3](motion/timing-easing.md#1-timing-architecture)","[motion/timing-easing.md §1, §2, §3](motion/timing-easing.md#1-timing-architecture)"
KBDL-MOT-009,Specification location,"Timing, duration, and easing architecture (KBDL-MOT-007, KBDL-MOT-008, KBDL-MOT-009)",Uniform default,"[motion/timing-easing.md §1, §2, §3](motion/timing-easing.md#1-timing-architecture)","[motion/timing-easing.md §1, §2, §3](motion/timing-easing.md#1-timing-architecture)"
KBDL-MOT-007,Lifecycle status,"Timing, duration, and easing architecture (KBDL-MOT-007, KBDL-MOT-008, KBDL-MOT-009)",Missing,MISSING,MISSING
KBDL-MOT-008,Lifecycle status,"Timing, duration, and easing architecture (KBDL-MOT-007, KBDL-MOT-008, KBDL-MOT-009)",Missing,MISSING,MISSING
KBDL-MOT-009,Lifecycle status,"Timing, duration, and easing architecture (KBDL-MOT-007, KBDL-MOT-008, KBDL-MOT-009)",Missing,MISSING,MISSING
KBDL-MOT-007,Provenance,"Timing, duration, and easing architecture (KBDL-MOT-007, KBDL-MOT-008, KBDL-MOT-009)",Missing,MISSING,MISSING
KBDL-MOT-008,Provenance,"Timing, duration, and easing architecture (KBDL-MOT-007, KBDL-MOT-008, KBDL-MOT-009)",Missing,MISSING,MISSING
KBDL-MOT-009,Provenance,"Timing, duration, and easing architecture (KBDL-MOT-007, KBDL-MOT-008, KBDL-MOT-009)",Missing,MISSING,MISSING
KBDL-MOT-007,Validation classification,"Timing, duration, and easing architecture (KBDL-MOT-007, KBDL-MOT-008, KBDL-MOT-009)",Uniform default,"Not verified: KBDL-MOT-007; Not applicable: KBDL-MOT-008, KBDL-MOT-009","Not verified: KBDL-MOT-007; Not applicable: KBDL-MOT-008, KBDL-MOT-009"
KBDL-MOT-008,Validation classification,"Timing, duration, and easing architecture (KBDL-MOT-007, KBDL-MOT-008, KBDL-MOT-009)",Uniform default,"Not verified: KBDL-MOT-007; Not applicable: KBDL-MOT-008, KBDL-MOT-009","Not verified: KBDL-MOT-007; Not applicable: KBDL-MOT-008, KBDL-MOT-009"
KBDL-MOT-009,Validation classification,"Timing, duration, and easing architecture (KBDL-MOT-007, KBDL-MOT-008, KBDL-MOT-009)",Uniform default,"Not verified: KBDL-MOT-007; Not applicable: KBDL-MOT-008, KBDL-MOT-009","Not verified: KBDL-MOT-007; Not applicable: KBDL-MOT-008, KBDL-MOT-009"
KBDL-MOT-007,Authority,"Timing, duration, and easing architecture (KBDL-MOT-007, KBDL-MOT-008, KBDL-MOT-009)",Missing,MISSING,MISSING
KBDL-MOT-008,Authority,"Timing, duration, and easing architecture (KBDL-MOT-007, KBDL-MOT-008, KBDL-MOT-009)",Missing,MISSING,MISSING
KBDL-MOT-009,Authority,"Timing, duration, and easing architecture (KBDL-MOT-007, KBDL-MOT-008, KBDL-MOT-009)",Missing,MISSING,MISSING
KBDL-MOT-007,Validation method,"Timing, duration, and easing architecture (KBDL-MOT-007, KBDL-MOT-008, KBDL-MOT-009)",Uniform default,"Manual internal-consistency review (performed, see [motion/validation.md §2](motion/validation.md#2-numerical-consistency-review-performed)); project-owner review (performed, see KBDL-DEC-014); implementation-level review once an implementation exists.","Manual internal-consistency review (performed, see [motion/validation.md §2](motion/validation.md#2-numerical-consistency-review-performed)); project-owner review (performed, see KBDL-DEC-014); implementation-level review once an implementation exists."
KBDL-MOT-008,Validation method,"Timing, duration, and easing architecture (KBDL-MOT-007, KBDL-MOT-008, KBDL-MOT-009)",Uniform default,"Manual internal-consistency review (performed, see [motion/validation.md §2](motion/validation.md#2-numerical-consistency-review-performed)); project-owner review (performed, see KBDL-DEC-014); implementation-level review once an implementation exists.","Manual internal-consistency review (performed, see [motion/validation.md §2](motion/validation.md#2-numerical-consistency-review-performed)); project-owner review (performed, see KBDL-DEC-014); implementation-level review once an implementation exists."
KBDL-MOT-009,Validation method,"Timing, duration, and easing architecture (KBDL-MOT-007, KBDL-MOT-008, KBDL-MOT-009)",Uniform default,"Manual internal-consistency review (performed, see [motion/validation.md §2](motion/validation.md#2-numerical-consistency-review-performed)); project-owner review (performed, see KBDL-DEC-014); implementation-level review once an implementation exists.","Manual internal-consistency review (performed, see [motion/validation.md §2](motion/validation.md#2-numerical-consistency-review-performed)); project-owner review (performed, see KBDL-DEC-014); implementation-level review once an implementation exists."
KBDL-MOT-007,Validation evidence,"Timing, duration, and easing architecture (KBDL-MOT-007, KBDL-MOT-008, KBDL-MOT-009)",Uniform default,"[motion/validation.md §2](motion/validation.md#2-numerical-consistency-review-performed) — every value has a stated purpose, exit durations are equal to or shorter than paired entrances, and no value is marked `Verified` without implementation evidence.","[motion/validation.md §2](motion/validation.md#2-numerical-consistency-review-performed) — every value has a stated purpose, exit durations are equal to or shorter than paired entrances, and no value is marked `Verified` without implementation evidence."
KBDL-MOT-008,Validation evidence,"Timing, duration, and easing architecture (KBDL-MOT-007, KBDL-MOT-008, KBDL-MOT-009)",Uniform default,"[motion/validation.md §2](motion/validation.md#2-numerical-consistency-review-performed) — every value has a stated purpose, exit durations are equal to or shorter than paired entrances, and no value is marked `Verified` without implementation evidence.","[motion/validation.md §2](motion/validation.md#2-numerical-consistency-review-performed) — every value has a stated purpose, exit durations are equal to or shorter than paired entrances, and no value is marked `Verified` without implementation evidence."
KBDL-MOT-009,Validation evidence,"Timing, duration, and easing architecture (KBDL-MOT-007, KBDL-MOT-008, KBDL-MOT-009)",Uniform default,"[motion/validation.md §2](motion/validation.md#2-numerical-consistency-review-performed) — every value has a stated purpose, exit durations are equal to or shorter than paired entrances, and no value is marked `Verified` without implementation evidence.","[motion/validation.md §2](motion/validation.md#2-numerical-consistency-review-performed) — every value has a stated purpose, exit durations are equal to or shorter than paired entrances, and no value is marked `Verified` without implementation evidence."
KBDL-MOT-007,Known limitation,"Timing, duration, and easing architecture (KBDL-MOT-007, KBDL-MOT-008, KBDL-MOT-009)",Uniform default,"Approval is a lifecycle decision, not implementation validation; these values must not be treated as `Verified` until an implementation exists and is measured.","Approval is a lifecycle decision, not implementation validation; these values must not be treated as `Verified` until an implementation exists and is measured."
KBDL-MOT-008,Known limitation,"Timing, duration, and easing architecture (KBDL-MOT-007, KBDL-MOT-008, KBDL-MOT-009)",Uniform default,"Approval is a lifecycle decision, not implementation validation; these values must not be treated as `Verified` until an implementation exists and is measured.","Approval is a lifecycle decision, not implementation validation; these values must not be treated as `Verified` until an implementation exists and is measured."
KBDL-MOT-009,Known limitation,"Timing, duration, and easing architecture (KBDL-MOT-007, KBDL-MOT-008, KBDL-MOT-009)",Uniform default,"Approval is a lifecycle decision, not implementation validation; these values must not be treated as `Verified` until an implementation exists and is measured.","Approval is a lifecycle decision, not implementation validation; these values must not be treated as `Verified` until an implementation exists and is measured."
KBDL-MOT-007,Packet or tracking destination,"Timing, duration, and easing architecture (KBDL-MOT-007, KBDL-MOT-008, KBDL-MOT-009)",Missing,MISSING,MISSING
KBDL-MOT-008,Packet or tracking destination,"Timing, duration, and easing architecture (KBDL-MOT-007, KBDL-MOT-008, KBDL-MOT-009)",Missing,MISSING,MISSING
KBDL-MOT-009,Packet or tracking destination,"Timing, duration, and easing architecture (KBDL-MOT-007, KBDL-MOT-008, KBDL-MOT-009)",Missing,MISSING,MISSING
KBDL-MOT-007,Pending dependencies,"Timing, duration, and easing architecture (KBDL-MOT-007, KBDL-MOT-008, KBDL-MOT-009)",Missing,MISSING,MISSING
KBDL-MOT-008,Pending dependencies,"Timing, duration, and easing architecture (KBDL-MOT-007, KBDL-MOT-008, KBDL-MOT-009)",Missing,MISSING,MISSING
KBDL-MOT-009,Pending dependencies,"Timing, duration, and easing architecture (KBDL-MOT-007, KBDL-MOT-008, KBDL-MOT-009)",Missing,MISSING,MISSING
KBDL-MOT-007,Related decision,"Timing, duration, and easing architecture (KBDL-MOT-007, KBDL-MOT-008, KBDL-MOT-009)",Uniform default,[KBDL-DEC-014](decision-register.md#kbdl-dec-014--kbdl-005-motion-decisions-approved). `KBDL-MOT-007` and `KBDL-MOT-008` together map to [motion decision packet](motion/README.md#10-motion-decision-packet) item 2 (one timing system); `KBDL-MOT-009` maps to item 3.,[KBDL-DEC-014](decision-register.md#kbdl-dec-014--kbdl-005-motion-decisions-approved). `KBDL-MOT-007` and `KBDL-MOT-008` together map to [motion decision packet](motion/README.md#10-motion-decision-packet) item 2 (one timing system); `KBDL-MOT-009` maps to item 3.
KBDL-MOT-008,Related decision,"Timing, duration, and easing architecture (KBDL-MOT-007, KBDL-MOT-008, KBDL-MOT-009)",Uniform default,[KBDL-DEC-014](decision-register.md#kbdl-dec-014--kbdl-005-motion-decisions-approved). `KBDL-MOT-007` and `KBDL-MOT-008` together map to [motion decision packet](motion/README.md#10-motion-decision-packet) item 2 (one timing system); `KBDL-MOT-009` maps to item 3.,[KBDL-DEC-014](decision-register.md#kbdl-dec-014--kbdl-005-motion-decisions-approved). `KBDL-MOT-007` and `KBDL-MOT-008` together map to [motion decision packet](motion/README.md#10-motion-decision-packet) item 2 (one timing system); `KBDL-MOT-009` maps to item 3.
KBDL-MOT-009,Related decision,"Timing, duration, and easing architecture (KBDL-MOT-007, KBDL-MOT-008, KBDL-MOT-009)",Uniform default,[KBDL-DEC-014](decision-register.md#kbdl-dec-014--kbdl-005-motion-decisions-approved). `KBDL-MOT-007` and `KBDL-MOT-008` together map to [motion decision packet](motion/README.md#10-motion-decision-packet) item 2 (one timing system); `KBDL-MOT-009` maps to item 3.,[KBDL-DEC-014](decision-register.md#kbdl-dec-014--kbdl-005-motion-decisions-approved). `KBDL-MOT-007` and `KBDL-MOT-008` together map to [motion decision packet](motion/README.md#10-motion-decision-packet) item 2 (one timing system); `KBDL-MOT-009` maps to item 3.
KBDL-MOT-007,Notes or exclusions,"Timing, duration, and easing architecture (KBDL-MOT-007, KBDL-MOT-008, KBDL-MOT-009)",Uniform default,"Resolves the exact timing/easing KBDL-004 explicitly deferred (`KBDL-THM-012`); no CSS, JSON, or animation-library format is introduced.","Resolves the exact timing/easing KBDL-004 explicitly deferred (`KBDL-THM-012`); no CSS, JSON, or animation-library format is introduced."
KBDL-MOT-008,Notes or exclusions,"Timing, duration, and easing architecture (KBDL-MOT-007, KBDL-MOT-008, KBDL-MOT-009)",Uniform default,"Resolves the exact timing/easing KBDL-004 explicitly deferred (`KBDL-THM-012`); no CSS, JSON, or animation-library format is introduced.","Resolves the exact timing/easing KBDL-004 explicitly deferred (`KBDL-THM-012`); no CSS, JSON, or animation-library format is introduced."
KBDL-MOT-009,Notes or exclusions,"Timing, duration, and easing architecture (KBDL-MOT-007, KBDL-MOT-008, KBDL-MOT-009)",Uniform default,"Resolves the exact timing/easing KBDL-004 explicitly deferred (`KBDL-THM-012`); no CSS, JSON, or animation-library format is introduced.","Resolves the exact timing/easing KBDL-004 explicitly deferred (`KBDL-THM-012`); no CSS, JSON, or animation-library format is introduced."
KBDL-MOT-010,Blueprint section,"Spatial movement and choreography (KBDL-MOT-010, KBDL-MOT-011, KBDL-MOT-012)",Uniform default,Spatial-movement constraints; choreography and sequencing; entrance/exit behavior,Spatial-movement constraints; choreography and sequencing; entrance/exit behavior
KBDL-MOT-011,Blueprint section,"Spatial movement and choreography (KBDL-MOT-010, KBDL-MOT-011, KBDL-MOT-012)",Uniform default,Spatial-movement constraints; choreography and sequencing; entrance/exit behavior,Spatial-movement constraints; choreography and sequencing; entrance/exit behavior
KBDL-MOT-012,Blueprint section,"Spatial movement and choreography (KBDL-MOT-010, KBDL-MOT-011, KBDL-MOT-012)",Uniform default,Spatial-movement constraints; choreography and sequencing; entrance/exit behavior,Spatial-movement constraints; choreography and sequencing; entrance/exit behavior
KBDL-MOT-010,Roadmap prompt,"Spatial movement and choreography (KBDL-MOT-010, KBDL-MOT-011, KBDL-MOT-012)",Uniform default,KBDL-005,KBDL-005
KBDL-MOT-011,Roadmap prompt,"Spatial movement and choreography (KBDL-MOT-010, KBDL-MOT-011, KBDL-MOT-012)",Uniform default,KBDL-005,KBDL-005
KBDL-MOT-012,Roadmap prompt,"Spatial movement and choreography (KBDL-MOT-010, KBDL-MOT-011, KBDL-MOT-012)",Uniform default,KBDL-005,KBDL-005
KBDL-MOT-010,Specification location,"Spatial movement and choreography (KBDL-MOT-010, KBDL-MOT-011, KBDL-MOT-012)",Uniform default,"[motion/foundations.md §6, §5, §7](motion/foundations.md#6-spatial-movement)","[motion/foundations.md §6, §5, §7](motion/foundations.md#6-spatial-movement)"
KBDL-MOT-011,Specification location,"Spatial movement and choreography (KBDL-MOT-010, KBDL-MOT-011, KBDL-MOT-012)",Uniform default,"[motion/foundations.md §6, §5, §7](motion/foundations.md#6-spatial-movement)","[motion/foundations.md §6, §5, §7](motion/foundations.md#6-spatial-movement)"
KBDL-MOT-012,Specification location,"Spatial movement and choreography (KBDL-MOT-010, KBDL-MOT-011, KBDL-MOT-012)",Uniform default,"[motion/foundations.md §6, §5, §7](motion/foundations.md#6-spatial-movement)","[motion/foundations.md §6, §5, §7](motion/foundations.md#6-spatial-movement)"
KBDL-MOT-010,Lifecycle status,"Spatial movement and choreography (KBDL-MOT-010, KBDL-MOT-011, KBDL-MOT-012)",Missing,MISSING,MISSING
KBDL-MOT-011,Lifecycle status,"Spatial movement and choreography (KBDL-MOT-010, KBDL-MOT-011, KBDL-MOT-012)",Missing,MISSING,MISSING
KBDL-MOT-012,Lifecycle status,"Spatial movement and choreography (KBDL-MOT-010, KBDL-MOT-011, KBDL-MOT-012)",Missing,MISSING,MISSING
KBDL-MOT-010,Provenance,"Spatial movement and choreography (KBDL-MOT-010, KBDL-MOT-011, KBDL-MOT-012)",Missing,MISSING,MISSING
KBDL-MOT-011,Provenance,"Spatial movement and choreography (KBDL-MOT-010, KBDL-MOT-011, KBDL-MOT-012)",Missing,MISSING,MISSING
KBDL-MOT-012,Provenance,"Spatial movement and choreography (KBDL-MOT-010, KBDL-MOT-011, KBDL-MOT-012)",Missing,MISSING,MISSING
KBDL-MOT-010,Validation classification,"Spatial movement and choreography (KBDL-MOT-010, KBDL-MOT-011, KBDL-MOT-012)",Uniform default,Not verified,Not verified
KBDL-MOT-011,Validation classification,"Spatial movement and choreography (KBDL-MOT-010, KBDL-MOT-011, KBDL-MOT-012)",Uniform default,Not verified,Not verified
KBDL-MOT-012,Validation classification,"Spatial movement and choreography (KBDL-MOT-010, KBDL-MOT-011, KBDL-MOT-012)",Uniform default,Not verified,Not verified
KBDL-MOT-010,Authority,"Spatial movement and choreography (KBDL-MOT-010, KBDL-MOT-011, KBDL-MOT-012)",Missing,MISSING,MISSING
KBDL-MOT-011,Authority,"Spatial movement and choreography (KBDL-MOT-010, KBDL-MOT-011, KBDL-MOT-012)",Missing,MISSING,MISSING
KBDL-MOT-012,Authority,"Spatial movement and choreography (KBDL-MOT-010, KBDL-MOT-011, KBDL-MOT-012)",Missing,MISSING,MISSING
KBDL-MOT-010,Validation method,"Spatial movement and choreography (KBDL-MOT-010, KBDL-MOT-011, KBDL-MOT-012)",Uniform default,"Manual review once implemented; project-owner review of `KBDL-MOT-010`/`011` (performed, see KBDL-DEC-014).","Manual review once implemented; project-owner review of `KBDL-MOT-010`/`011` (performed, see KBDL-DEC-014)."
KBDL-MOT-011,Validation method,"Spatial movement and choreography (KBDL-MOT-010, KBDL-MOT-011, KBDL-MOT-012)",Uniform default,"Manual review once implemented; project-owner review of `KBDL-MOT-010`/`011` (performed, see KBDL-DEC-014).","Manual review once implemented; project-owner review of `KBDL-MOT-010`/`011` (performed, see KBDL-DEC-014)."
KBDL-MOT-012,Validation method,"Spatial movement and choreography (KBDL-MOT-010, KBDL-MOT-011, KBDL-MOT-012)",Uniform default,"Manual review once implemented; project-owner review of `KBDL-MOT-010`/`011` (performed, see KBDL-DEC-014).","Manual review once implemented; project-owner review of `KBDL-MOT-010`/`011` (performed, see KBDL-DEC-014)."
KBDL-MOT-010,Validation evidence,"Spatial movement and choreography (KBDL-MOT-010, KBDL-MOT-011, KBDL-MOT-012)",Uniform default,Not verified — no implementation exists yet.,Not verified — no implementation exists yet.
KBDL-MOT-011,Validation evidence,"Spatial movement and choreography (KBDL-MOT-010, KBDL-MOT-011, KBDL-MOT-012)",Uniform default,Not verified — no implementation exists yet.,Not verified — no implementation exists yet.
KBDL-MOT-012,Validation evidence,"Spatial movement and choreography (KBDL-MOT-010, KBDL-MOT-011, KBDL-MOT-012)",Uniform default,Not verified — no implementation exists yet.,Not verified — no implementation exists yet.
KBDL-MOT-010,Known limitation,"Spatial movement and choreography (KBDL-MOT-010, KBDL-MOT-011, KBDL-MOT-012)",Uniform default,Exact pixel/percentage movement and scale values are deferred to the Components module.,Exact pixel/percentage movement and scale values are deferred to the Components module.
KBDL-MOT-011,Known limitation,"Spatial movement and choreography (KBDL-MOT-010, KBDL-MOT-011, KBDL-MOT-012)",Uniform default,Exact pixel/percentage movement and scale values are deferred to the Components module.,Exact pixel/percentage movement and scale values are deferred to the Components module.
KBDL-MOT-012,Known limitation,"Spatial movement and choreography (KBDL-MOT-010, KBDL-MOT-011, KBDL-MOT-012)",Uniform default,Exact pixel/percentage movement and scale values are deferred to the Components module.,Exact pixel/percentage movement and scale values are deferred to the Components module.
KBDL-MOT-010,Packet or tracking destination,"Spatial movement and choreography (KBDL-MOT-010, KBDL-MOT-011, KBDL-MOT-012)",Missing,MISSING,MISSING
KBDL-MOT-011,Packet or tracking destination,"Spatial movement and choreography (KBDL-MOT-010, KBDL-MOT-011, KBDL-MOT-012)",Missing,MISSING,MISSING
KBDL-MOT-012,Packet or tracking destination,"Spatial movement and choreography (KBDL-MOT-010, KBDL-MOT-011, KBDL-MOT-012)",Missing,MISSING,MISSING
KBDL-MOT-010,Pending dependencies,"Spatial movement and choreography (KBDL-MOT-010, KBDL-MOT-011, KBDL-MOT-012)",Missing,MISSING,MISSING
KBDL-MOT-011,Pending dependencies,"Spatial movement and choreography (KBDL-MOT-010, KBDL-MOT-011, KBDL-MOT-012)",Missing,MISSING,MISSING
KBDL-MOT-012,Pending dependencies,"Spatial movement and choreography (KBDL-MOT-010, KBDL-MOT-011, KBDL-MOT-012)",Missing,MISSING,MISSING
KBDL-MOT-010,Related decision,"Spatial movement and choreography (KBDL-MOT-010, KBDL-MOT-011, KBDL-MOT-012)",Uniform default,[KBDL-DEC-014](decision-register.md#kbdl-dec-014--kbdl-005-motion-decisions-approved) (for `KBDL-MOT-010`/`011`),[KBDL-DEC-014](decision-register.md#kbdl-dec-014--kbdl-005-motion-decisions-approved) (for `KBDL-MOT-010`/`011`)
KBDL-MOT-011,Related decision,"Spatial movement and choreography (KBDL-MOT-010, KBDL-MOT-011, KBDL-MOT-012)",Uniform default,[KBDL-DEC-014](decision-register.md#kbdl-dec-014--kbdl-005-motion-decisions-approved) (for `KBDL-MOT-010`/`011`),[KBDL-DEC-014](decision-register.md#kbdl-dec-014--kbdl-005-motion-decisions-approved) (for `KBDL-MOT-010`/`011`)
KBDL-MOT-012,Related decision,"Spatial movement and choreography (KBDL-MOT-010, KBDL-MOT-011, KBDL-MOT-012)",Uniform default,[KBDL-DEC-014](decision-register.md#kbdl-dec-014--kbdl-005-motion-decisions-approved) (for `KBDL-MOT-010`/`011`),[KBDL-DEC-014](decision-register.md#kbdl-dec-014--kbdl-005-motion-decisions-approved) (for `KBDL-MOT-010`/`011`)
KBDL-MOT-010,Notes or exclusions,"Spatial movement and choreography (KBDL-MOT-010, KBDL-MOT-011, KBDL-MOT-012)",Uniform default,"The individual safety-relevant constraints (e.g., destructive actions must not rely on exit animation as confirmation) restate existing approved priorities; the consolidated spatial/choreography architecture is new.","The individual safety-relevant constraints (e.g., destructive actions must not rely on exit animation as confirmation) restate existing approved priorities; the consolidated spatial/choreography architecture is new."
KBDL-MOT-011,Notes or exclusions,"Spatial movement and choreography (KBDL-MOT-010, KBDL-MOT-011, KBDL-MOT-012)",Uniform default,"The individual safety-relevant constraints (e.g., destructive actions must not rely on exit animation as confirmation) restate existing approved priorities; the consolidated spatial/choreography architecture is new.","The individual safety-relevant constraints (e.g., destructive actions must not rely on exit animation as confirmation) restate existing approved priorities; the consolidated spatial/choreography architecture is new."
KBDL-MOT-012,Notes or exclusions,"Spatial movement and choreography (KBDL-MOT-010, KBDL-MOT-011, KBDL-MOT-012)",Uniform default,"The individual safety-relevant constraints (e.g., destructive actions must not rely on exit animation as confirmation) restate existing approved priorities; the consolidated spatial/choreography architecture is new.","The individual safety-relevant constraints (e.g., destructive actions must not rely on exit animation as confirmation) restate existing approved priorities; the consolidated spatial/choreography architecture is new."
KBDL-MOT-013,Blueprint section,Interaction-category motion rules (KBDL-MOT-013 through KBDL-MOT-019),Uniform default,Navigation continuity; loading/progress; direct manipulation; attention motion; ambient/continuous motion; scroll-linked motion; media motion,Navigation continuity; loading/progress; direct manipulation; attention motion; ambient/continuous motion; scroll-linked motion; media motion
KBDL-MOT-014,Blueprint section,Interaction-category motion rules (KBDL-MOT-013 through KBDL-MOT-019),Uniform default,Navigation continuity; loading/progress; direct manipulation; attention motion; ambient/continuous motion; scroll-linked motion; media motion,Navigation continuity; loading/progress; direct manipulation; attention motion; ambient/continuous motion; scroll-linked motion; media motion
KBDL-MOT-015,Blueprint section,Interaction-category motion rules (KBDL-MOT-013 through KBDL-MOT-019),Uniform default,Navigation continuity; loading/progress; direct manipulation; attention motion; ambient/continuous motion; scroll-linked motion; media motion,Navigation continuity; loading/progress; direct manipulation; attention motion; ambient/continuous motion; scroll-linked motion; media motion
KBDL-MOT-016,Blueprint section,Interaction-category motion rules (KBDL-MOT-013 through KBDL-MOT-019),Uniform default,Navigation continuity; loading/progress; direct manipulation; attention motion; ambient/continuous motion; scroll-linked motion; media motion,Navigation continuity; loading/progress; direct manipulation; attention motion; ambient/continuous motion; scroll-linked motion; media motion
KBDL-MOT-017,Blueprint section,Interaction-category motion rules (KBDL-MOT-013 through KBDL-MOT-019),Uniform default,Navigation continuity; loading/progress; direct manipulation; attention motion; ambient/continuous motion; scroll-linked motion; media motion,Navigation continuity; loading/progress; direct manipulation; attention motion; ambient/continuous motion; scroll-linked motion; media motion
KBDL-MOT-018,Blueprint section,Interaction-category motion rules (KBDL-MOT-013 through KBDL-MOT-019),Uniform default,Navigation continuity; loading/progress; direct manipulation; attention motion; ambient/continuous motion; scroll-linked motion; media motion,Navigation continuity; loading/progress; direct manipulation; attention motion; ambient/continuous motion; scroll-linked motion; media motion
KBDL-MOT-019,Blueprint section,Interaction-category motion rules (KBDL-MOT-013 through KBDL-MOT-019),Uniform default,Navigation continuity; loading/progress; direct manipulation; attention motion; ambient/continuous motion; scroll-linked motion; media motion,Navigation continuity; loading/progress; direct manipulation; attention motion; ambient/continuous motion; scroll-linked motion; media motion
KBDL-MOT-013,Roadmap prompt,Interaction-category motion rules (KBDL-MOT-013 through KBDL-MOT-019),Uniform default,KBDL-005,KBDL-005
KBDL-MOT-014,Roadmap prompt,Interaction-category motion rules (KBDL-MOT-013 through KBDL-MOT-019),Uniform default,KBDL-005,KBDL-005
KBDL-MOT-015,Roadmap prompt,Interaction-category motion rules (KBDL-MOT-013 through KBDL-MOT-019),Uniform default,KBDL-005,KBDL-005
KBDL-MOT-016,Roadmap prompt,Interaction-category motion rules (KBDL-MOT-013 through KBDL-MOT-019),Uniform default,KBDL-005,KBDL-005
KBDL-MOT-017,Roadmap prompt,Interaction-category motion rules (KBDL-MOT-013 through KBDL-MOT-019),Uniform default,KBDL-005,KBDL-005
KBDL-MOT-018,Roadmap prompt,Interaction-category motion rules (KBDL-MOT-013 through KBDL-MOT-019),Uniform default,KBDL-005,KBDL-005
KBDL-MOT-019,Roadmap prompt,Interaction-category motion rules (KBDL-MOT-013 through KBDL-MOT-019),Uniform default,KBDL-005,KBDL-005
KBDL-MOT-013,Specification location,Interaction-category motion rules (KBDL-MOT-013 through KBDL-MOT-019),Uniform default,[motion/patterns.md §1–§7](motion/patterns.md#1-navigation-and-spatial-continuity),[motion/patterns.md §1–§7](motion/patterns.md#1-navigation-and-spatial-continuity)
KBDL-MOT-014,Specification location,Interaction-category motion rules (KBDL-MOT-013 through KBDL-MOT-019),Uniform default,[motion/patterns.md §1–§7](motion/patterns.md#1-navigation-and-spatial-continuity),[motion/patterns.md §1–§7](motion/patterns.md#1-navigation-and-spatial-continuity)
KBDL-MOT-015,Specification location,Interaction-category motion rules (KBDL-MOT-013 through KBDL-MOT-019),Uniform default,[motion/patterns.md §1–§7](motion/patterns.md#1-navigation-and-spatial-continuity),[motion/patterns.md §1–§7](motion/patterns.md#1-navigation-and-spatial-continuity)
KBDL-MOT-016,Specification location,Interaction-category motion rules (KBDL-MOT-013 through KBDL-MOT-019),Uniform default,[motion/patterns.md §1–§7](motion/patterns.md#1-navigation-and-spatial-continuity),[motion/patterns.md §1–§7](motion/patterns.md#1-navigation-and-spatial-continuity)
KBDL-MOT-017,Specification location,Interaction-category motion rules (KBDL-MOT-013 through KBDL-MOT-019),Uniform default,[motion/patterns.md §1–§7](motion/patterns.md#1-navigation-and-spatial-continuity),[motion/patterns.md §1–§7](motion/patterns.md#1-navigation-and-spatial-continuity)
KBDL-MOT-018,Specification location,Interaction-category motion rules (KBDL-MOT-013 through KBDL-MOT-019),Uniform default,[motion/patterns.md §1–§7](motion/patterns.md#1-navigation-and-spatial-continuity),[motion/patterns.md §1–§7](motion/patterns.md#1-navigation-and-spatial-continuity)
KBDL-MOT-019,Specification location,Interaction-category motion rules (KBDL-MOT-013 through KBDL-MOT-019),Uniform default,[motion/patterns.md §1–§7](motion/patterns.md#1-navigation-and-spatial-continuity),[motion/patterns.md §1–§7](motion/patterns.md#1-navigation-and-spatial-continuity)
KBDL-MOT-013,Lifecycle status,Interaction-category motion rules (KBDL-MOT-013 through KBDL-MOT-019),Missing,MISSING,MISSING
KBDL-MOT-014,Lifecycle status,Interaction-category motion rules (KBDL-MOT-013 through KBDL-MOT-019),Missing,MISSING,MISSING
KBDL-MOT-015,Lifecycle status,Interaction-category motion rules (KBDL-MOT-013 through KBDL-MOT-019),Missing,MISSING,MISSING
KBDL-MOT-016,Lifecycle status,Interaction-category motion rules (KBDL-MOT-013 through KBDL-MOT-019),Missing,MISSING,MISSING
KBDL-MOT-017,Lifecycle status,Interaction-category motion rules (KBDL-MOT-013 through KBDL-MOT-019),Missing,MISSING,MISSING
KBDL-MOT-018,Lifecycle status,Interaction-category motion rules (KBDL-MOT-013 through KBDL-MOT-019),Missing,MISSING,MISSING
KBDL-MOT-019,Lifecycle status,Interaction-category motion rules (KBDL-MOT-013 through KBDL-MOT-019),Missing,MISSING,MISSING
KBDL-MOT-013,Provenance,Interaction-category motion rules (KBDL-MOT-013 through KBDL-MOT-019),Missing,MISSING,MISSING
KBDL-MOT-014,Provenance,Interaction-category motion rules (KBDL-MOT-013 through KBDL-MOT-019),Missing,MISSING,MISSING
KBDL-MOT-015,Provenance,Interaction-category motion rules (KBDL-MOT-013 through KBDL-MOT-019),Missing,MISSING,MISSING
KBDL-MOT-016,Provenance,Interaction-category motion rules (KBDL-MOT-013 through KBDL-MOT-019),Missing,MISSING,MISSING
KBDL-MOT-017,Provenance,Interaction-category motion rules (KBDL-MOT-013 through KBDL-MOT-019),Missing,MISSING,MISSING
KBDL-MOT-018,Provenance,Interaction-category motion rules (KBDL-MOT-013 through KBDL-MOT-019),Missing,MISSING,MISSING
KBDL-MOT-019,Provenance,Interaction-category motion rules (KBDL-MOT-013 through KBDL-MOT-019),Missing,MISSING,MISSING
KBDL-MOT-013,Validation classification,Interaction-category motion rules (KBDL-MOT-013 through KBDL-MOT-019),Uniform default,Not verified,Not verified
KBDL-MOT-014,Validation classification,Interaction-category motion rules (KBDL-MOT-013 through KBDL-MOT-019),Uniform default,Not verified,Not verified
KBDL-MOT-015,Validation classification,Interaction-category motion rules (KBDL-MOT-013 through KBDL-MOT-019),Uniform default,Not verified,Not verified
KBDL-MOT-016,Validation classification,Interaction-category motion rules (KBDL-MOT-013 through KBDL-MOT-019),Uniform default,Not verified,Not verified
KBDL-MOT-017,Validation classification,Interaction-category motion rules (KBDL-MOT-013 through KBDL-MOT-019),Uniform default,Not verified,Not verified
KBDL-MOT-018,Validation classification,Interaction-category motion rules (KBDL-MOT-013 through KBDL-MOT-019),Uniform default,Not verified,Not verified
KBDL-MOT-019,Validation classification,Interaction-category motion rules (KBDL-MOT-013 through KBDL-MOT-019),Uniform default,Not verified,Not verified
KBDL-MOT-013,Authority,Interaction-category motion rules (KBDL-MOT-013 through KBDL-MOT-019),Missing,MISSING,MISSING
KBDL-MOT-014,Authority,Interaction-category motion rules (KBDL-MOT-013 through KBDL-MOT-019),Missing,MISSING,MISSING
KBDL-MOT-015,Authority,Interaction-category motion rules (KBDL-MOT-013 through KBDL-MOT-019),Missing,MISSING,MISSING
KBDL-MOT-016,Authority,Interaction-category motion rules (KBDL-MOT-013 through KBDL-MOT-019),Missing,MISSING,MISSING
KBDL-MOT-017,Authority,Interaction-category motion rules (KBDL-MOT-013 through KBDL-MOT-019),Missing,MISSING,MISSING
KBDL-MOT-018,Authority,Interaction-category motion rules (KBDL-MOT-013 through KBDL-MOT-019),Missing,MISSING,MISSING
KBDL-MOT-019,Authority,Interaction-category motion rules (KBDL-MOT-013 through KBDL-MOT-019),Missing,MISSING,MISSING
KBDL-MOT-013,Validation method,Interaction-category motion rules (KBDL-MOT-013 through KBDL-MOT-019),Uniform default,"Manual review once implemented; project-owner review of `KBDL-MOT-013` (performed, see KBDL-DEC-014).","Manual review once implemented; project-owner review of `KBDL-MOT-013` (performed, see KBDL-DEC-014)."
KBDL-MOT-014,Validation method,Interaction-category motion rules (KBDL-MOT-013 through KBDL-MOT-019),Uniform default,"Manual review once implemented; project-owner review of `KBDL-MOT-013` (performed, see KBDL-DEC-014).","Manual review once implemented; project-owner review of `KBDL-MOT-013` (performed, see KBDL-DEC-014)."
KBDL-MOT-015,Validation method,Interaction-category motion rules (KBDL-MOT-013 through KBDL-MOT-019),Uniform default,"Manual review once implemented; project-owner review of `KBDL-MOT-013` (performed, see KBDL-DEC-014).","Manual review once implemented; project-owner review of `KBDL-MOT-013` (performed, see KBDL-DEC-014)."
KBDL-MOT-016,Validation method,Interaction-category motion rules (KBDL-MOT-013 through KBDL-MOT-019),Uniform default,"Manual review once implemented; project-owner review of `KBDL-MOT-013` (performed, see KBDL-DEC-014).","Manual review once implemented; project-owner review of `KBDL-MOT-013` (performed, see KBDL-DEC-014)."
KBDL-MOT-017,Validation method,Interaction-category motion rules (KBDL-MOT-013 through KBDL-MOT-019),Uniform default,"Manual review once implemented; project-owner review of `KBDL-MOT-013` (performed, see KBDL-DEC-014).","Manual review once implemented; project-owner review of `KBDL-MOT-013` (performed, see KBDL-DEC-014)."
KBDL-MOT-018,Validation method,Interaction-category motion rules (KBDL-MOT-013 through KBDL-MOT-019),Uniform default,"Manual review once implemented; project-owner review of `KBDL-MOT-013` (performed, see KBDL-DEC-014).","Manual review once implemented; project-owner review of `KBDL-MOT-013` (performed, see KBDL-DEC-014)."
KBDL-MOT-019,Validation method,Interaction-category motion rules (KBDL-MOT-013 through KBDL-MOT-019),Uniform default,"Manual review once implemented; project-owner review of `KBDL-MOT-013` (performed, see KBDL-DEC-014).","Manual review once implemented; project-owner review of `KBDL-MOT-013` (performed, see KBDL-DEC-014)."
KBDL-MOT-013,Validation evidence,Interaction-category motion rules (KBDL-MOT-013 through KBDL-MOT-019),Uniform default,Not verified — no implementation exists yet.,Not verified — no implementation exists yet.
KBDL-MOT-014,Validation evidence,Interaction-category motion rules (KBDL-MOT-013 through KBDL-MOT-019),Uniform default,Not verified — no implementation exists yet.,Not verified — no implementation exists yet.
KBDL-MOT-015,Validation evidence,Interaction-category motion rules (KBDL-MOT-013 through KBDL-MOT-019),Uniform default,Not verified — no implementation exists yet.,Not verified — no implementation exists yet.
KBDL-MOT-016,Validation evidence,Interaction-category motion rules (KBDL-MOT-013 through KBDL-MOT-019),Uniform default,Not verified — no implementation exists yet.,Not verified — no implementation exists yet.
KBDL-MOT-017,Validation evidence,Interaction-category motion rules (KBDL-MOT-013 through KBDL-MOT-019),Uniform default,Not verified — no implementation exists yet.,Not verified — no implementation exists yet.
KBDL-MOT-018,Validation evidence,Interaction-category motion rules (KBDL-MOT-013 through KBDL-MOT-019),Uniform default,Not verified — no implementation exists yet.,Not verified — no implementation exists yet.
KBDL-MOT-019,Validation evidence,Interaction-category motion rules (KBDL-MOT-013 through KBDL-MOT-019),Uniform default,Not verified — no implementation exists yet.,Not verified — no implementation exists yet.
KBDL-MOT-013,Known limitation,Interaction-category motion rules (KBDL-MOT-013 through KBDL-MOT-019),Uniform default,Exact repetition limits (attention motion) and scroll thresholds remain qualitative pending implementation-level review.,Exact repetition limits (attention motion) and scroll thresholds remain qualitative pending implementation-level review.
KBDL-MOT-014,Known limitation,Interaction-category motion rules (KBDL-MOT-013 through KBDL-MOT-019),Uniform default,Exact repetition limits (attention motion) and scroll thresholds remain qualitative pending implementation-level review.,Exact repetition limits (attention motion) and scroll thresholds remain qualitative pending implementation-level review.
KBDL-MOT-015,Known limitation,Interaction-category motion rules (KBDL-MOT-013 through KBDL-MOT-019),Uniform default,Exact repetition limits (attention motion) and scroll thresholds remain qualitative pending implementation-level review.,Exact repetition limits (attention motion) and scroll thresholds remain qualitative pending implementation-level review.
KBDL-MOT-016,Known limitation,Interaction-category motion rules (KBDL-MOT-013 through KBDL-MOT-019),Uniform default,Exact repetition limits (attention motion) and scroll thresholds remain qualitative pending implementation-level review.,Exact repetition limits (attention motion) and scroll thresholds remain qualitative pending implementation-level review.
KBDL-MOT-017,Known limitation,Interaction-category motion rules (KBDL-MOT-013 through KBDL-MOT-019),Uniform default,Exact repetition limits (attention motion) and scroll thresholds remain qualitative pending implementation-level review.,Exact repetition limits (attention motion) and scroll thresholds remain qualitative pending implementation-level review.
KBDL-MOT-018,Known limitation,Interaction-category motion rules (KBDL-MOT-013 through KBDL-MOT-019),Uniform default,Exact repetition limits (attention motion) and scroll thresholds remain qualitative pending implementation-level review.,Exact repetition limits (attention motion) and scroll thresholds remain qualitative pending implementation-level review.
KBDL-MOT-019,Known limitation,Interaction-category motion rules (KBDL-MOT-013 through KBDL-MOT-019),Uniform default,Exact repetition limits (attention motion) and scroll thresholds remain qualitative pending implementation-level review.,Exact repetition limits (attention motion) and scroll thresholds remain qualitative pending implementation-level review.
KBDL-MOT-013,Packet or tracking destination,Interaction-category motion rules (KBDL-MOT-013 through KBDL-MOT-019),Missing,MISSING,MISSING
KBDL-MOT-014,Packet or tracking destination,Interaction-category motion rules (KBDL-MOT-013 through KBDL-MOT-019),Missing,MISSING,MISSING
KBDL-MOT-015,Packet or tracking destination,Interaction-category motion rules (KBDL-MOT-013 through KBDL-MOT-019),Missing,MISSING,MISSING
KBDL-MOT-016,Packet or tracking destination,Interaction-category motion rules (KBDL-MOT-013 through KBDL-MOT-019),Missing,MISSING,MISSING
KBDL-MOT-017,Packet or tracking destination,Interaction-category motion rules (KBDL-MOT-013 through KBDL-MOT-019),Missing,MISSING,MISSING
KBDL-MOT-018,Packet or tracking destination,Interaction-category motion rules (KBDL-MOT-013 through KBDL-MOT-019),Missing,MISSING,MISSING
KBDL-MOT-019,Packet or tracking destination,Interaction-category motion rules (KBDL-MOT-013 through KBDL-MOT-019),Missing,MISSING,MISSING
KBDL-MOT-013,Pending dependencies,Interaction-category motion rules (KBDL-MOT-013 through KBDL-MOT-019),Missing,MISSING,MISSING
KBDL-MOT-014,Pending dependencies,Interaction-category motion rules (KBDL-MOT-013 through KBDL-MOT-019),Missing,MISSING,MISSING
KBDL-MOT-015,Pending dependencies,Interaction-category motion rules (KBDL-MOT-013 through KBDL-MOT-019),Missing,MISSING,MISSING
KBDL-MOT-016,Pending dependencies,Interaction-category motion rules (KBDL-MOT-013 through KBDL-MOT-019),Missing,MISSING,MISSING
KBDL-MOT-017,Pending dependencies,Interaction-category motion rules (KBDL-MOT-013 through KBDL-MOT-019),Missing,MISSING,MISSING
KBDL-MOT-018,Pending dependencies,Interaction-category motion rules (KBDL-MOT-013 through KBDL-MOT-019),Missing,MISSING,MISSING
KBDL-MOT-019,Pending dependencies,Interaction-category motion rules (KBDL-MOT-013 through KBDL-MOT-019),Missing,MISSING,MISSING
KBDL-MOT-013,Related decision,Interaction-category motion rules (KBDL-MOT-013 through KBDL-MOT-019),Uniform default,`KBDL-DEC-010` (for the media-motion autoplay prohibition and WCAG 2.2 AA baseline); [KBDL-DEC-014](decision-register.md#kbdl-dec-014--kbdl-005-motion-decisions-approved) (for `KBDL-MOT-013`),`KBDL-DEC-010` (for the media-motion autoplay prohibition and WCAG 2.2 AA baseline); [KBDL-DEC-014](decision-register.md#kbdl-dec-014--kbdl-005-motion-decisions-approved) (for `KBDL-MOT-013`)
KBDL-MOT-014,Related decision,Interaction-category motion rules (KBDL-MOT-013 through KBDL-MOT-019),Uniform default,`KBDL-DEC-010` (for the media-motion autoplay prohibition and WCAG 2.2 AA baseline); [KBDL-DEC-014](decision-register.md#kbdl-dec-014--kbdl-005-motion-decisions-approved) (for `KBDL-MOT-013`),`KBDL-DEC-010` (for the media-motion autoplay prohibition and WCAG 2.2 AA baseline); [KBDL-DEC-014](decision-register.md#kbdl-dec-014--kbdl-005-motion-decisions-approved) (for `KBDL-MOT-013`)
KBDL-MOT-015,Related decision,Interaction-category motion rules (KBDL-MOT-013 through KBDL-MOT-019),Uniform default,`KBDL-DEC-010` (for the media-motion autoplay prohibition and WCAG 2.2 AA baseline); [KBDL-DEC-014](decision-register.md#kbdl-dec-014--kbdl-005-motion-decisions-approved) (for `KBDL-MOT-013`),`KBDL-DEC-010` (for the media-motion autoplay prohibition and WCAG 2.2 AA baseline); [KBDL-DEC-014](decision-register.md#kbdl-dec-014--kbdl-005-motion-decisions-approved) (for `KBDL-MOT-013`)
KBDL-MOT-016,Related decision,Interaction-category motion rules (KBDL-MOT-013 through KBDL-MOT-019),Uniform default,`KBDL-DEC-010` (for the media-motion autoplay prohibition and WCAG 2.2 AA baseline); [KBDL-DEC-014](decision-register.md#kbdl-dec-014--kbdl-005-motion-decisions-approved) (for `KBDL-MOT-013`),`KBDL-DEC-010` (for the media-motion autoplay prohibition and WCAG 2.2 AA baseline); [KBDL-DEC-014](decision-register.md#kbdl-dec-014--kbdl-005-motion-decisions-approved) (for `KBDL-MOT-013`)
KBDL-MOT-017,Related decision,Interaction-category motion rules (KBDL-MOT-013 through KBDL-MOT-019),Uniform default,`KBDL-DEC-010` (for the media-motion autoplay prohibition and WCAG 2.2 AA baseline); [KBDL-DEC-014](decision-register.md#kbdl-dec-014--kbdl-005-motion-decisions-approved) (for `KBDL-MOT-013`),`KBDL-DEC-010` (for the media-motion autoplay prohibition and WCAG 2.2 AA baseline); [KBDL-DEC-014](decision-register.md#kbdl-dec-014--kbdl-005-motion-decisions-approved) (for `KBDL-MOT-013`)
KBDL-MOT-018,Related decision,Interaction-category motion rules (KBDL-MOT-013 through KBDL-MOT-019),Uniform default,`KBDL-DEC-010` (for the media-motion autoplay prohibition and WCAG 2.2 AA baseline); [KBDL-DEC-014](decision-register.md#kbdl-dec-014--kbdl-005-motion-decisions-approved) (for `KBDL-MOT-013`),`KBDL-DEC-010` (for the media-motion autoplay prohibition and WCAG 2.2 AA baseline); [KBDL-DEC-014](decision-register.md#kbdl-dec-014--kbdl-005-motion-decisions-approved) (for `KBDL-MOT-013`)
KBDL-MOT-019,Related decision,Interaction-category motion rules (KBDL-MOT-013 through KBDL-MOT-019),Uniform default,`KBDL-DEC-010` (for the media-motion autoplay prohibition and WCAG 2.2 AA baseline); [KBDL-DEC-014](decision-register.md#kbdl-dec-014--kbdl-005-motion-decisions-approved) (for `KBDL-MOT-013`),`KBDL-DEC-010` (for the media-motion autoplay prohibition and WCAG 2.2 AA baseline); [KBDL-DEC-014](decision-register.md#kbdl-dec-014--kbdl-005-motion-decisions-approved) (for `KBDL-MOT-013`)
KBDL-MOT-013,Notes or exclusions,Interaction-category motion rules (KBDL-MOT-013 through KBDL-MOT-019),Uniform default,"The bounded-repetition limit for attention motion (2–3 repetitions, `KBDL-MOT-029`) is Approved per KBDL-DEC-014, decision packet item 7. `KBDL-MOT-013` maps to [motion decision packet](motion/README.md#10-motion-decision-packet) item 15 (added under KBDL-005-R2, which corrected the packet's initial omission of this requirement; approved under KBDL-005-A1).","The bounded-repetition limit for attention motion (2–3 repetitions, `KBDL-MOT-029`) is Approved per KBDL-DEC-014, decision packet item 7. `KBDL-MOT-013` maps to [motion decision packet](motion/README.md#10-motion-decision-packet) item 15 (added under KBDL-005-R2, which corrected the packet's initial omission of this requirement; approved under KBDL-005-A1)."
KBDL-MOT-014,Notes or exclusions,Interaction-category motion rules (KBDL-MOT-013 through KBDL-MOT-019),Uniform default,"The bounded-repetition limit for attention motion (2–3 repetitions, `KBDL-MOT-029`) is Approved per KBDL-DEC-014, decision packet item 7. `KBDL-MOT-013` maps to [motion decision packet](motion/README.md#10-motion-decision-packet) item 15 (added under KBDL-005-R2, which corrected the packet's initial omission of this requirement; approved under KBDL-005-A1).","The bounded-repetition limit for attention motion (2–3 repetitions, `KBDL-MOT-029`) is Approved per KBDL-DEC-014, decision packet item 7. `KBDL-MOT-013` maps to [motion decision packet](motion/README.md#10-motion-decision-packet) item 15 (added under KBDL-005-R2, which corrected the packet's initial omission of this requirement; approved under KBDL-005-A1)."
KBDL-MOT-015,Notes or exclusions,Interaction-category motion rules (KBDL-MOT-013 through KBDL-MOT-019),Uniform default,"The bounded-repetition limit for attention motion (2–3 repetitions, `KBDL-MOT-029`) is Approved per KBDL-DEC-014, decision packet item 7. `KBDL-MOT-013` maps to [motion decision packet](motion/README.md#10-motion-decision-packet) item 15 (added under KBDL-005-R2, which corrected the packet's initial omission of this requirement; approved under KBDL-005-A1).","The bounded-repetition limit for attention motion (2–3 repetitions, `KBDL-MOT-029`) is Approved per KBDL-DEC-014, decision packet item 7. `KBDL-MOT-013` maps to [motion decision packet](motion/README.md#10-motion-decision-packet) item 15 (added under KBDL-005-R2, which corrected the packet's initial omission of this requirement; approved under KBDL-005-A1)."
KBDL-MOT-016,Notes or exclusions,Interaction-category motion rules (KBDL-MOT-013 through KBDL-MOT-019),Uniform default,"The bounded-repetition limit for attention motion (2–3 repetitions, `KBDL-MOT-029`) is Approved per KBDL-DEC-014, decision packet item 7. `KBDL-MOT-013` maps to [motion decision packet](motion/README.md#10-motion-decision-packet) item 15 (added under KBDL-005-R2, which corrected the packet's initial omission of this requirement; approved under KBDL-005-A1).","The bounded-repetition limit for attention motion (2–3 repetitions, `KBDL-MOT-029`) is Approved per KBDL-DEC-014, decision packet item 7. `KBDL-MOT-013` maps to [motion decision packet](motion/README.md#10-motion-decision-packet) item 15 (added under KBDL-005-R2, which corrected the packet's initial omission of this requirement; approved under KBDL-005-A1)."
KBDL-MOT-017,Notes or exclusions,Interaction-category motion rules (KBDL-MOT-013 through KBDL-MOT-019),Uniform default,"The bounded-repetition limit for attention motion (2–3 repetitions, `KBDL-MOT-029`) is Approved per KBDL-DEC-014, decision packet item 7. `KBDL-MOT-013` maps to [motion decision packet](motion/README.md#10-motion-decision-packet) item 15 (added under KBDL-005-R2, which corrected the packet's initial omission of this requirement; approved under KBDL-005-A1).","The bounded-repetition limit for attention motion (2–3 repetitions, `KBDL-MOT-029`) is Approved per KBDL-DEC-014, decision packet item 7. `KBDL-MOT-013` maps to [motion decision packet](motion/README.md#10-motion-decision-packet) item 15 (added under KBDL-005-R2, which corrected the packet's initial omission of this requirement; approved under KBDL-005-A1)."
KBDL-MOT-018,Notes or exclusions,Interaction-category motion rules (KBDL-MOT-013 through KBDL-MOT-019),Uniform default,"The bounded-repetition limit for attention motion (2–3 repetitions, `KBDL-MOT-029`) is Approved per KBDL-DEC-014, decision packet item 7. `KBDL-MOT-013` maps to [motion decision packet](motion/README.md#10-motion-decision-packet) item 15 (added under KBDL-005-R2, which corrected the packet's initial omission of this requirement; approved under KBDL-005-A1).","The bounded-repetition limit for attention motion (2–3 repetitions, `KBDL-MOT-029`) is Approved per KBDL-DEC-014, decision packet item 7. `KBDL-MOT-013` maps to [motion decision packet](motion/README.md#10-motion-decision-packet) item 15 (added under KBDL-005-R2, which corrected the packet's initial omission of this requirement; approved under KBDL-005-A1)."
KBDL-MOT-019,Notes or exclusions,Interaction-category motion rules (KBDL-MOT-013 through KBDL-MOT-019),Uniform default,"The bounded-repetition limit for attention motion (2–3 repetitions, `KBDL-MOT-029`) is Approved per KBDL-DEC-014, decision packet item 7. `KBDL-MOT-013` maps to [motion decision packet](motion/README.md#10-motion-decision-packet) item 15 (added under KBDL-005-R2, which corrected the packet's initial omission of this requirement; approved under KBDL-005-A1).","The bounded-repetition limit for attention motion (2–3 repetitions, `KBDL-MOT-029`) is Approved per KBDL-DEC-014, decision packet item 7. `KBDL-MOT-013` maps to [motion decision packet](motion/README.md#10-motion-decision-packet) item 15 (added under KBDL-005-R2, which corrected the packet's initial omission of this requirement; approved under KBDL-005-A1)."
KBDL-MOT-020,Blueprint section,Theme-transition motion (KBDL-MOT-020),Exact per-ID mapping,Concrete duration/easing for the KBDL-004 theme-transition rules,Concrete duration/easing for the KBDL-004 theme-transition rules
KBDL-MOT-020,Roadmap prompt,Theme-transition motion (KBDL-MOT-020),Exact per-ID mapping,KBDL-005,KBDL-005
KBDL-MOT-020,Specification location,Theme-transition motion (KBDL-MOT-020),Exact per-ID mapping,[motion/patterns.md §8](motion/patterns.md#8-theme-transition-motion),[motion/patterns.md §8](motion/patterns.md#8-theme-transition-motion)
KBDL-MOT-020,Lifecycle status,Theme-transition motion (KBDL-MOT-020),Missing,MISSING,MISSING
KBDL-MOT-020,Provenance,Theme-transition motion (KBDL-MOT-020),Missing,MISSING,MISSING
KBDL-MOT-020,Validation classification,Theme-transition motion (KBDL-MOT-020),Exact per-ID mapping,Not verified,Not verified
KBDL-MOT-020,Authority,Theme-transition motion (KBDL-MOT-020),Missing,MISSING,MISSING
KBDL-MOT-020,Validation method,Theme-transition motion (KBDL-MOT-020),Exact per-ID mapping,"Manual review of the worked example (performed); project-owner review (performed, see KBDL-DEC-014).","Manual review of the worked example (performed); project-owner review (performed, see KBDL-DEC-014)."
KBDL-MOT-020,Validation evidence,Theme-transition motion (KBDL-MOT-020),Exact per-ID mapping,"[motion/patterns.md §8](motion/patterns.md#8-theme-transition-motion) — conceptually verified against the already-`Verified` opaque contrast pair (17.17:1, unrelated example) and the KBDL-004 non-blocking/readability requirements; no live implementation has been rendered or measured.","[motion/patterns.md §8](motion/patterns.md#8-theme-transition-motion) — conceptually verified against the already-`Verified` opaque contrast pair (17.17:1, unrelated example) and the KBDL-004 non-blocking/readability requirements; no live implementation has been rendered or measured."
KBDL-MOT-020,Known limitation,Theme-transition motion (KBDL-MOT-020),Exact per-ID mapping,No intermediate-frame contrast measurement has actually been performed against a live implementation.,No intermediate-frame contrast measurement has actually been performed against a live implementation.
KBDL-MOT-020,Packet or tracking destination,Theme-transition motion (KBDL-MOT-020),Missing,MISSING,MISSING
KBDL-MOT-020,Pending dependencies,Theme-transition motion (KBDL-MOT-020),Missing,MISSING,MISSING
KBDL-MOT-020,Related decision,Theme-transition motion (KBDL-MOT-020),Exact per-ID mapping,[KBDL-DEC-014](decision-register.md#kbdl-dec-014--kbdl-005-motion-decisions-approved).,[KBDL-DEC-014](decision-register.md#kbdl-dec-014--kbdl-005-motion-decisions-approved).
KBDL-MOT-020,Notes or exclusions,Theme-transition motion (KBDL-MOT-020),Exact per-ID mapping,This is the exact item KBDL-004's `KBDL-THM-012a` note deferred to KBDL-005; it does not reopen any approved KBDL-004 theme mapping.,This is the exact item KBDL-004's `KBDL-THM-012a` note deferred to KBDL-005; it does not reopen any approved KBDL-004 theme mapping.
KBDL-MOT-021,Blueprint section,"Interruption, recovery, and accessibility/performance requirements (KBDL-MOT-021 through KBDL-MOT-027)",Uniform default,Interruption/reversal/recovery; reduced-motion and no-motion parity; motion safety; performance requirements; mobile/input-method considerations; profile consistency; approval-gate governance,Interruption/reversal/recovery; reduced-motion and no-motion parity; motion safety; performance requirements; mobile/input-method considerations; profile consistency; approval-gate governance
KBDL-MOT-022,Blueprint section,"Interruption, recovery, and accessibility/performance requirements (KBDL-MOT-021 through KBDL-MOT-027)",Uniform default,Interruption/reversal/recovery; reduced-motion and no-motion parity; motion safety; performance requirements; mobile/input-method considerations; profile consistency; approval-gate governance,Interruption/reversal/recovery; reduced-motion and no-motion parity; motion safety; performance requirements; mobile/input-method considerations; profile consistency; approval-gate governance
KBDL-MOT-023,Blueprint section,"Interruption, recovery, and accessibility/performance requirements (KBDL-MOT-021 through KBDL-MOT-027)",Uniform default,Interruption/reversal/recovery; reduced-motion and no-motion parity; motion safety; performance requirements; mobile/input-method considerations; profile consistency; approval-gate governance,Interruption/reversal/recovery; reduced-motion and no-motion parity; motion safety; performance requirements; mobile/input-method considerations; profile consistency; approval-gate governance
KBDL-MOT-024,Blueprint section,"Interruption, recovery, and accessibility/performance requirements (KBDL-MOT-021 through KBDL-MOT-027)",Uniform default,Interruption/reversal/recovery; reduced-motion and no-motion parity; motion safety; performance requirements; mobile/input-method considerations; profile consistency; approval-gate governance,Interruption/reversal/recovery; reduced-motion and no-motion parity; motion safety; performance requirements; mobile/input-method considerations; profile consistency; approval-gate governance
KBDL-MOT-025,Blueprint section,"Interruption, recovery, and accessibility/performance requirements (KBDL-MOT-021 through KBDL-MOT-027)",Uniform default,Interruption/reversal/recovery; reduced-motion and no-motion parity; motion safety; performance requirements; mobile/input-method considerations; profile consistency; approval-gate governance,Interruption/reversal/recovery; reduced-motion and no-motion parity; motion safety; performance requirements; mobile/input-method considerations; profile consistency; approval-gate governance
KBDL-MOT-026,Blueprint section,"Interruption, recovery, and accessibility/performance requirements (KBDL-MOT-021 through KBDL-MOT-027)",Uniform default,Interruption/reversal/recovery; reduced-motion and no-motion parity; motion safety; performance requirements; mobile/input-method considerations; profile consistency; approval-gate governance,Interruption/reversal/recovery; reduced-motion and no-motion parity; motion safety; performance requirements; mobile/input-method considerations; profile consistency; approval-gate governance
KBDL-MOT-027,Blueprint section,"Interruption, recovery, and accessibility/performance requirements (KBDL-MOT-021 through KBDL-MOT-027)",Uniform default,Interruption/reversal/recovery; reduced-motion and no-motion parity; motion safety; performance requirements; mobile/input-method considerations; profile consistency; approval-gate governance,Interruption/reversal/recovery; reduced-motion and no-motion parity; motion safety; performance requirements; mobile/input-method considerations; profile consistency; approval-gate governance
KBDL-MOT-021,Roadmap prompt,"Interruption, recovery, and accessibility/performance requirements (KBDL-MOT-021 through KBDL-MOT-027)",Uniform default,KBDL-005,KBDL-005
KBDL-MOT-022,Roadmap prompt,"Interruption, recovery, and accessibility/performance requirements (KBDL-MOT-021 through KBDL-MOT-027)",Uniform default,KBDL-005,KBDL-005
KBDL-MOT-023,Roadmap prompt,"Interruption, recovery, and accessibility/performance requirements (KBDL-MOT-021 through KBDL-MOT-027)",Uniform default,KBDL-005,KBDL-005
KBDL-MOT-024,Roadmap prompt,"Interruption, recovery, and accessibility/performance requirements (KBDL-MOT-021 through KBDL-MOT-027)",Uniform default,KBDL-005,KBDL-005
KBDL-MOT-025,Roadmap prompt,"Interruption, recovery, and accessibility/performance requirements (KBDL-MOT-021 through KBDL-MOT-027)",Uniform default,KBDL-005,KBDL-005
KBDL-MOT-026,Roadmap prompt,"Interruption, recovery, and accessibility/performance requirements (KBDL-MOT-021 through KBDL-MOT-027)",Uniform default,KBDL-005,KBDL-005
KBDL-MOT-027,Roadmap prompt,"Interruption, recovery, and accessibility/performance requirements (KBDL-MOT-021 through KBDL-MOT-027)",Uniform default,KBDL-005,KBDL-005
KBDL-MOT-021,Specification location,"Interruption, recovery, and accessibility/performance requirements (KBDL-MOT-021 through KBDL-MOT-027)",Uniform default,"[motion/patterns.md §9](motion/patterns.md#9-interruption-reversal-and-recovery), [motion/accessibility-performance.md §1–§4](motion/accessibility-performance.md#1-reduced-motion-and-no-motion-parity), [motion/README.md §10](motion/README.md#10-motion-decision-packet)","[motion/patterns.md §9](motion/patterns.md#9-interruption-reversal-and-recovery), [motion/accessibility-performance.md §1–§4](motion/accessibility-performance.md#1-reduced-motion-and-no-motion-parity), [motion/README.md §10](motion/README.md#10-motion-decision-packet)"
KBDL-MOT-022,Specification location,"Interruption, recovery, and accessibility/performance requirements (KBDL-MOT-021 through KBDL-MOT-027)",Uniform default,"[motion/patterns.md §9](motion/patterns.md#9-interruption-reversal-and-recovery), [motion/accessibility-performance.md §1–§4](motion/accessibility-performance.md#1-reduced-motion-and-no-motion-parity), [motion/README.md §10](motion/README.md#10-motion-decision-packet)","[motion/patterns.md §9](motion/patterns.md#9-interruption-reversal-and-recovery), [motion/accessibility-performance.md §1–§4](motion/accessibility-performance.md#1-reduced-motion-and-no-motion-parity), [motion/README.md §10](motion/README.md#10-motion-decision-packet)"
KBDL-MOT-023,Specification location,"Interruption, recovery, and accessibility/performance requirements (KBDL-MOT-021 through KBDL-MOT-027)",Uniform default,"[motion/patterns.md §9](motion/patterns.md#9-interruption-reversal-and-recovery), [motion/accessibility-performance.md §1–§4](motion/accessibility-performance.md#1-reduced-motion-and-no-motion-parity), [motion/README.md §10](motion/README.md#10-motion-decision-packet)","[motion/patterns.md §9](motion/patterns.md#9-interruption-reversal-and-recovery), [motion/accessibility-performance.md §1–§4](motion/accessibility-performance.md#1-reduced-motion-and-no-motion-parity), [motion/README.md §10](motion/README.md#10-motion-decision-packet)"
KBDL-MOT-024,Specification location,"Interruption, recovery, and accessibility/performance requirements (KBDL-MOT-021 through KBDL-MOT-027)",Uniform default,"[motion/patterns.md §9](motion/patterns.md#9-interruption-reversal-and-recovery), [motion/accessibility-performance.md §1–§4](motion/accessibility-performance.md#1-reduced-motion-and-no-motion-parity), [motion/README.md §10](motion/README.md#10-motion-decision-packet)","[motion/patterns.md §9](motion/patterns.md#9-interruption-reversal-and-recovery), [motion/accessibility-performance.md §1–§4](motion/accessibility-performance.md#1-reduced-motion-and-no-motion-parity), [motion/README.md §10](motion/README.md#10-motion-decision-packet)"
KBDL-MOT-025,Specification location,"Interruption, recovery, and accessibility/performance requirements (KBDL-MOT-021 through KBDL-MOT-027)",Uniform default,"[motion/patterns.md §9](motion/patterns.md#9-interruption-reversal-and-recovery), [motion/accessibility-performance.md §1–§4](motion/accessibility-performance.md#1-reduced-motion-and-no-motion-parity), [motion/README.md §10](motion/README.md#10-motion-decision-packet)","[motion/patterns.md §9](motion/patterns.md#9-interruption-reversal-and-recovery), [motion/accessibility-performance.md §1–§4](motion/accessibility-performance.md#1-reduced-motion-and-no-motion-parity), [motion/README.md §10](motion/README.md#10-motion-decision-packet)"
KBDL-MOT-026,Specification location,"Interruption, recovery, and accessibility/performance requirements (KBDL-MOT-021 through KBDL-MOT-027)",Uniform default,"[motion/patterns.md §9](motion/patterns.md#9-interruption-reversal-and-recovery), [motion/accessibility-performance.md §1–§4](motion/accessibility-performance.md#1-reduced-motion-and-no-motion-parity), [motion/README.md §10](motion/README.md#10-motion-decision-packet)","[motion/patterns.md §9](motion/patterns.md#9-interruption-reversal-and-recovery), [motion/accessibility-performance.md §1–§4](motion/accessibility-performance.md#1-reduced-motion-and-no-motion-parity), [motion/README.md §10](motion/README.md#10-motion-decision-packet)"
KBDL-MOT-027,Specification location,"Interruption, recovery, and accessibility/performance requirements (KBDL-MOT-021 through KBDL-MOT-027)",Uniform default,"[motion/patterns.md §9](motion/patterns.md#9-interruption-reversal-and-recovery), [motion/accessibility-performance.md §1–§4](motion/accessibility-performance.md#1-reduced-motion-and-no-motion-parity), [motion/README.md §10](motion/README.md#10-motion-decision-packet)","[motion/patterns.md §9](motion/patterns.md#9-interruption-reversal-and-recovery), [motion/accessibility-performance.md §1–§4](motion/accessibility-performance.md#1-reduced-motion-and-no-motion-parity), [motion/README.md §10](motion/README.md#10-motion-decision-packet)"
KBDL-MOT-021,Lifecycle status,"Interruption, recovery, and accessibility/performance requirements (KBDL-MOT-021 through KBDL-MOT-027)",Missing,MISSING,MISSING
KBDL-MOT-022,Lifecycle status,"Interruption, recovery, and accessibility/performance requirements (KBDL-MOT-021 through KBDL-MOT-027)",Missing,MISSING,MISSING
KBDL-MOT-023,Lifecycle status,"Interruption, recovery, and accessibility/performance requirements (KBDL-MOT-021 through KBDL-MOT-027)",Missing,MISSING,MISSING
KBDL-MOT-024,Lifecycle status,"Interruption, recovery, and accessibility/performance requirements (KBDL-MOT-021 through KBDL-MOT-027)",Missing,MISSING,MISSING
KBDL-MOT-025,Lifecycle status,"Interruption, recovery, and accessibility/performance requirements (KBDL-MOT-021 through KBDL-MOT-027)",Missing,MISSING,MISSING
KBDL-MOT-026,Lifecycle status,"Interruption, recovery, and accessibility/performance requirements (KBDL-MOT-021 through KBDL-MOT-027)",Missing,MISSING,MISSING
KBDL-MOT-027,Lifecycle status,"Interruption, recovery, and accessibility/performance requirements (KBDL-MOT-021 through KBDL-MOT-027)",Missing,MISSING,MISSING
KBDL-MOT-021,Provenance,"Interruption, recovery, and accessibility/performance requirements (KBDL-MOT-021 through KBDL-MOT-027)",Missing,MISSING,MISSING
KBDL-MOT-022,Provenance,"Interruption, recovery, and accessibility/performance requirements (KBDL-MOT-021 through KBDL-MOT-027)",Missing,MISSING,MISSING
KBDL-MOT-023,Provenance,"Interruption, recovery, and accessibility/performance requirements (KBDL-MOT-021 through KBDL-MOT-027)",Missing,MISSING,MISSING
KBDL-MOT-024,Provenance,"Interruption, recovery, and accessibility/performance requirements (KBDL-MOT-021 through KBDL-MOT-027)",Missing,MISSING,MISSING
KBDL-MOT-025,Provenance,"Interruption, recovery, and accessibility/performance requirements (KBDL-MOT-021 through KBDL-MOT-027)",Missing,MISSING,MISSING
KBDL-MOT-026,Provenance,"Interruption, recovery, and accessibility/performance requirements (KBDL-MOT-021 through KBDL-MOT-027)",Missing,MISSING,MISSING
KBDL-MOT-027,Provenance,"Interruption, recovery, and accessibility/performance requirements (KBDL-MOT-021 through KBDL-MOT-027)",Missing,MISSING,MISSING
KBDL-MOT-021,Validation classification,"Interruption, recovery, and accessibility/performance requirements (KBDL-MOT-021 through KBDL-MOT-027)",Uniform default,"Not verified: KBDL-MOT-021, KBDL-MOT-022, KBDL-MOT-023, KBDL-MOT-024, KBDL-MOT-025, KBDL-MOT-026; Not applicable: KBDL-MOT-027","Not verified: KBDL-MOT-021, KBDL-MOT-022, KBDL-MOT-023, KBDL-MOT-024, KBDL-MOT-025, KBDL-MOT-026; Not applicable: KBDL-MOT-027"
KBDL-MOT-022,Validation classification,"Interruption, recovery, and accessibility/performance requirements (KBDL-MOT-021 through KBDL-MOT-027)",Uniform default,"Not verified: KBDL-MOT-021, KBDL-MOT-022, KBDL-MOT-023, KBDL-MOT-024, KBDL-MOT-025, KBDL-MOT-026; Not applicable: KBDL-MOT-027","Not verified: KBDL-MOT-021, KBDL-MOT-022, KBDL-MOT-023, KBDL-MOT-024, KBDL-MOT-025, KBDL-MOT-026; Not applicable: KBDL-MOT-027"
KBDL-MOT-023,Validation classification,"Interruption, recovery, and accessibility/performance requirements (KBDL-MOT-021 through KBDL-MOT-027)",Uniform default,"Not verified: KBDL-MOT-021, KBDL-MOT-022, KBDL-MOT-023, KBDL-MOT-024, KBDL-MOT-025, KBDL-MOT-026; Not applicable: KBDL-MOT-027","Not verified: KBDL-MOT-021, KBDL-MOT-022, KBDL-MOT-023, KBDL-MOT-024, KBDL-MOT-025, KBDL-MOT-026; Not applicable: KBDL-MOT-027"
KBDL-MOT-024,Validation classification,"Interruption, recovery, and accessibility/performance requirements (KBDL-MOT-021 through KBDL-MOT-027)",Uniform default,"Not verified: KBDL-MOT-021, KBDL-MOT-022, KBDL-MOT-023, KBDL-MOT-024, KBDL-MOT-025, KBDL-MOT-026; Not applicable: KBDL-MOT-027","Not verified: KBDL-MOT-021, KBDL-MOT-022, KBDL-MOT-023, KBDL-MOT-024, KBDL-MOT-025, KBDL-MOT-026; Not applicable: KBDL-MOT-027"
KBDL-MOT-025,Validation classification,"Interruption, recovery, and accessibility/performance requirements (KBDL-MOT-021 through KBDL-MOT-027)",Uniform default,"Not verified: KBDL-MOT-021, KBDL-MOT-022, KBDL-MOT-023, KBDL-MOT-024, KBDL-MOT-025, KBDL-MOT-026; Not applicable: KBDL-MOT-027","Not verified: KBDL-MOT-021, KBDL-MOT-022, KBDL-MOT-023, KBDL-MOT-024, KBDL-MOT-025, KBDL-MOT-026; Not applicable: KBDL-MOT-027"
KBDL-MOT-026,Validation classification,"Interruption, recovery, and accessibility/performance requirements (KBDL-MOT-021 through KBDL-MOT-027)",Uniform default,"Not verified: KBDL-MOT-021, KBDL-MOT-022, KBDL-MOT-023, KBDL-MOT-024, KBDL-MOT-025, KBDL-MOT-026; Not applicable: KBDL-MOT-027","Not verified: KBDL-MOT-021, KBDL-MOT-022, KBDL-MOT-023, KBDL-MOT-024, KBDL-MOT-025, KBDL-MOT-026; Not applicable: KBDL-MOT-027"
KBDL-MOT-027,Validation classification,"Interruption, recovery, and accessibility/performance requirements (KBDL-MOT-021 through KBDL-MOT-027)",Uniform default,"Not verified: KBDL-MOT-021, KBDL-MOT-022, KBDL-MOT-023, KBDL-MOT-024, KBDL-MOT-025, KBDL-MOT-026; Not applicable: KBDL-MOT-027","Not verified: KBDL-MOT-021, KBDL-MOT-022, KBDL-MOT-023, KBDL-MOT-024, KBDL-MOT-025, KBDL-MOT-026; Not applicable: KBDL-MOT-027"
KBDL-MOT-021,Authority,"Interruption, recovery, and accessibility/performance requirements (KBDL-MOT-021 through KBDL-MOT-027)",Missing,MISSING,MISSING
KBDL-MOT-022,Authority,"Interruption, recovery, and accessibility/performance requirements (KBDL-MOT-021 through KBDL-MOT-027)",Missing,MISSING,MISSING
KBDL-MOT-023,Authority,"Interruption, recovery, and accessibility/performance requirements (KBDL-MOT-021 through KBDL-MOT-027)",Missing,MISSING,MISSING
KBDL-MOT-024,Authority,"Interruption, recovery, and accessibility/performance requirements (KBDL-MOT-021 through KBDL-MOT-027)",Missing,MISSING,MISSING
KBDL-MOT-025,Authority,"Interruption, recovery, and accessibility/performance requirements (KBDL-MOT-021 through KBDL-MOT-027)",Missing,MISSING,MISSING
KBDL-MOT-026,Authority,"Interruption, recovery, and accessibility/performance requirements (KBDL-MOT-021 through KBDL-MOT-027)",Missing,MISSING,MISSING
KBDL-MOT-027,Authority,"Interruption, recovery, and accessibility/performance requirements (KBDL-MOT-021 through KBDL-MOT-027)",Missing,MISSING,MISSING
KBDL-MOT-021,Validation method,"Interruption, recovery, and accessibility/performance requirements (KBDL-MOT-021 through KBDL-MOT-027)",Uniform default,"Manual parity/safety/performance review performed conceptually (see [motion/validation.md §3, §4](motion/validation.md#3-reduced-motion-matrix-review-performed)); implementation-level measurement not yet performed.","Manual parity/safety/performance review performed conceptually (see [motion/validation.md §3, §4](motion/validation.md#3-reduced-motion-matrix-review-performed)); implementation-level measurement not yet performed."
KBDL-MOT-022,Validation method,"Interruption, recovery, and accessibility/performance requirements (KBDL-MOT-021 through KBDL-MOT-027)",Uniform default,"Manual parity/safety/performance review performed conceptually (see [motion/validation.md §3, §4](motion/validation.md#3-reduced-motion-matrix-review-performed)); implementation-level measurement not yet performed.","Manual parity/safety/performance review performed conceptually (see [motion/validation.md §3, §4](motion/validation.md#3-reduced-motion-matrix-review-performed)); implementation-level measurement not yet performed."
KBDL-MOT-023,Validation method,"Interruption, recovery, and accessibility/performance requirements (KBDL-MOT-021 through KBDL-MOT-027)",Uniform default,"Manual parity/safety/performance review performed conceptually (see [motion/validation.md §3, §4](motion/validation.md#3-reduced-motion-matrix-review-performed)); implementation-level measurement not yet performed.","Manual parity/safety/performance review performed conceptually (see [motion/validation.md §3, §4](motion/validation.md#3-reduced-motion-matrix-review-performed)); implementation-level measurement not yet performed."
KBDL-MOT-024,Validation method,"Interruption, recovery, and accessibility/performance requirements (KBDL-MOT-021 through KBDL-MOT-027)",Uniform default,"Manual parity/safety/performance review performed conceptually (see [motion/validation.md §3, §4](motion/validation.md#3-reduced-motion-matrix-review-performed)); implementation-level measurement not yet performed.","Manual parity/safety/performance review performed conceptually (see [motion/validation.md §3, §4](motion/validation.md#3-reduced-motion-matrix-review-performed)); implementation-level measurement not yet performed."
KBDL-MOT-025,Validation method,"Interruption, recovery, and accessibility/performance requirements (KBDL-MOT-021 through KBDL-MOT-027)",Uniform default,"Manual parity/safety/performance review performed conceptually (see [motion/validation.md §3, §4](motion/validation.md#3-reduced-motion-matrix-review-performed)); implementation-level measurement not yet performed.","Manual parity/safety/performance review performed conceptually (see [motion/validation.md §3, §4](motion/validation.md#3-reduced-motion-matrix-review-performed)); implementation-level measurement not yet performed."
KBDL-MOT-026,Validation method,"Interruption, recovery, and accessibility/performance requirements (KBDL-MOT-021 through KBDL-MOT-027)",Uniform default,"Manual parity/safety/performance review performed conceptually (see [motion/validation.md §3, §4](motion/validation.md#3-reduced-motion-matrix-review-performed)); implementation-level measurement not yet performed.","Manual parity/safety/performance review performed conceptually (see [motion/validation.md §3, §4](motion/validation.md#3-reduced-motion-matrix-review-performed)); implementation-level measurement not yet performed."
KBDL-MOT-027,Validation method,"Interruption, recovery, and accessibility/performance requirements (KBDL-MOT-021 through KBDL-MOT-027)",Uniform default,"Manual parity/safety/performance review performed conceptually (see [motion/validation.md §3, §4](motion/validation.md#3-reduced-motion-matrix-review-performed)); implementation-level measurement not yet performed.","Manual parity/safety/performance review performed conceptually (see [motion/validation.md §3, §4](motion/validation.md#3-reduced-motion-matrix-review-performed)); implementation-level measurement not yet performed."
KBDL-MOT-021,Validation evidence,"Interruption, recovery, and accessibility/performance requirements (KBDL-MOT-021 through KBDL-MOT-027)",Uniform default,"[motion/validation.md §3](motion/validation.md#3-reduced-motion-matrix-review-performed) (reduced-motion parity, passed) and [motion/validation.md §4](motion/validation.md#4-pattern-coverage-review-performed) (pattern coverage, passed).","[motion/validation.md §3](motion/validation.md#3-reduced-motion-matrix-review-performed) (reduced-motion parity, passed) and [motion/validation.md §4](motion/validation.md#4-pattern-coverage-review-performed) (pattern coverage, passed)."
KBDL-MOT-022,Validation evidence,"Interruption, recovery, and accessibility/performance requirements (KBDL-MOT-021 through KBDL-MOT-027)",Uniform default,"[motion/validation.md §3](motion/validation.md#3-reduced-motion-matrix-review-performed) (reduced-motion parity, passed) and [motion/validation.md §4](motion/validation.md#4-pattern-coverage-review-performed) (pattern coverage, passed).","[motion/validation.md §3](motion/validation.md#3-reduced-motion-matrix-review-performed) (reduced-motion parity, passed) and [motion/validation.md §4](motion/validation.md#4-pattern-coverage-review-performed) (pattern coverage, passed)."
KBDL-MOT-023,Validation evidence,"Interruption, recovery, and accessibility/performance requirements (KBDL-MOT-021 through KBDL-MOT-027)",Uniform default,"[motion/validation.md §3](motion/validation.md#3-reduced-motion-matrix-review-performed) (reduced-motion parity, passed) and [motion/validation.md §4](motion/validation.md#4-pattern-coverage-review-performed) (pattern coverage, passed).","[motion/validation.md §3](motion/validation.md#3-reduced-motion-matrix-review-performed) (reduced-motion parity, passed) and [motion/validation.md §4](motion/validation.md#4-pattern-coverage-review-performed) (pattern coverage, passed)."
KBDL-MOT-024,Validation evidence,"Interruption, recovery, and accessibility/performance requirements (KBDL-MOT-021 through KBDL-MOT-027)",Uniform default,"[motion/validation.md §3](motion/validation.md#3-reduced-motion-matrix-review-performed) (reduced-motion parity, passed) and [motion/validation.md §4](motion/validation.md#4-pattern-coverage-review-performed) (pattern coverage, passed).","[motion/validation.md §3](motion/validation.md#3-reduced-motion-matrix-review-performed) (reduced-motion parity, passed) and [motion/validation.md §4](motion/validation.md#4-pattern-coverage-review-performed) (pattern coverage, passed)."
KBDL-MOT-025,Validation evidence,"Interruption, recovery, and accessibility/performance requirements (KBDL-MOT-021 through KBDL-MOT-027)",Uniform default,"[motion/validation.md §3](motion/validation.md#3-reduced-motion-matrix-review-performed) (reduced-motion parity, passed) and [motion/validation.md §4](motion/validation.md#4-pattern-coverage-review-performed) (pattern coverage, passed).","[motion/validation.md §3](motion/validation.md#3-reduced-motion-matrix-review-performed) (reduced-motion parity, passed) and [motion/validation.md §4](motion/validation.md#4-pattern-coverage-review-performed) (pattern coverage, passed)."
KBDL-MOT-026,Validation evidence,"Interruption, recovery, and accessibility/performance requirements (KBDL-MOT-021 through KBDL-MOT-027)",Uniform default,"[motion/validation.md §3](motion/validation.md#3-reduced-motion-matrix-review-performed) (reduced-motion parity, passed) and [motion/validation.md §4](motion/validation.md#4-pattern-coverage-review-performed) (pattern coverage, passed).","[motion/validation.md §3](motion/validation.md#3-reduced-motion-matrix-review-performed) (reduced-motion parity, passed) and [motion/validation.md §4](motion/validation.md#4-pattern-coverage-review-performed) (pattern coverage, passed)."
KBDL-MOT-027,Validation evidence,"Interruption, recovery, and accessibility/performance requirements (KBDL-MOT-021 through KBDL-MOT-027)",Uniform default,"[motion/validation.md §3](motion/validation.md#3-reduced-motion-matrix-review-performed) (reduced-motion parity, passed) and [motion/validation.md §4](motion/validation.md#4-pattern-coverage-review-performed) (pattern coverage, passed).","[motion/validation.md §3](motion/validation.md#3-reduced-motion-matrix-review-performed) (reduced-motion parity, passed) and [motion/validation.md §4](motion/validation.md#4-pattern-coverage-review-performed) (pattern coverage, passed)."
KBDL-MOT-021,Known limitation,"Interruption, recovery, and accessibility/performance requirements (KBDL-MOT-021 through KBDL-MOT-027)",Uniform default,"No implementation exists to measure actual frame rate, input latency, or cross-input-method behavior.","No implementation exists to measure actual frame rate, input latency, or cross-input-method behavior."
KBDL-MOT-022,Known limitation,"Interruption, recovery, and accessibility/performance requirements (KBDL-MOT-021 through KBDL-MOT-027)",Uniform default,"No implementation exists to measure actual frame rate, input latency, or cross-input-method behavior.","No implementation exists to measure actual frame rate, input latency, or cross-input-method behavior."
KBDL-MOT-023,Known limitation,"Interruption, recovery, and accessibility/performance requirements (KBDL-MOT-021 through KBDL-MOT-027)",Uniform default,"No implementation exists to measure actual frame rate, input latency, or cross-input-method behavior.","No implementation exists to measure actual frame rate, input latency, or cross-input-method behavior."
KBDL-MOT-024,Known limitation,"Interruption, recovery, and accessibility/performance requirements (KBDL-MOT-021 through KBDL-MOT-027)",Uniform default,"No implementation exists to measure actual frame rate, input latency, or cross-input-method behavior.","No implementation exists to measure actual frame rate, input latency, or cross-input-method behavior."
KBDL-MOT-025,Known limitation,"Interruption, recovery, and accessibility/performance requirements (KBDL-MOT-021 through KBDL-MOT-027)",Uniform default,"No implementation exists to measure actual frame rate, input latency, or cross-input-method behavior.","No implementation exists to measure actual frame rate, input latency, or cross-input-method behavior."
KBDL-MOT-026,Known limitation,"Interruption, recovery, and accessibility/performance requirements (KBDL-MOT-021 through KBDL-MOT-027)",Uniform default,"No implementation exists to measure actual frame rate, input latency, or cross-input-method behavior.","No implementation exists to measure actual frame rate, input latency, or cross-input-method behavior."
KBDL-MOT-027,Known limitation,"Interruption, recovery, and accessibility/performance requirements (KBDL-MOT-021 through KBDL-MOT-027)",Uniform default,"No implementation exists to measure actual frame rate, input latency, or cross-input-method behavior.","No implementation exists to measure actual frame rate, input latency, or cross-input-method behavior."
KBDL-MOT-021,Packet or tracking destination,"Interruption, recovery, and accessibility/performance requirements (KBDL-MOT-021 through KBDL-MOT-027)",Missing,MISSING,MISSING
KBDL-MOT-022,Packet or tracking destination,"Interruption, recovery, and accessibility/performance requirements (KBDL-MOT-021 through KBDL-MOT-027)",Missing,MISSING,MISSING
KBDL-MOT-023,Packet or tracking destination,"Interruption, recovery, and accessibility/performance requirements (KBDL-MOT-021 through KBDL-MOT-027)",Missing,MISSING,MISSING
KBDL-MOT-024,Packet or tracking destination,"Interruption, recovery, and accessibility/performance requirements (KBDL-MOT-021 through KBDL-MOT-027)",Missing,MISSING,MISSING
KBDL-MOT-025,Packet or tracking destination,"Interruption, recovery, and accessibility/performance requirements (KBDL-MOT-021 through KBDL-MOT-027)",Missing,MISSING,MISSING
KBDL-MOT-026,Packet or tracking destination,"Interruption, recovery, and accessibility/performance requirements (KBDL-MOT-021 through KBDL-MOT-027)",Missing,MISSING,MISSING
KBDL-MOT-027,Packet or tracking destination,"Interruption, recovery, and accessibility/performance requirements (KBDL-MOT-021 through KBDL-MOT-027)",Missing,MISSING,MISSING
KBDL-MOT-021,Pending dependencies,"Interruption, recovery, and accessibility/performance requirements (KBDL-MOT-021 through KBDL-MOT-027)",Missing,MISSING,MISSING
KBDL-MOT-022,Pending dependencies,"Interruption, recovery, and accessibility/performance requirements (KBDL-MOT-021 through KBDL-MOT-027)",Missing,MISSING,MISSING
KBDL-MOT-023,Pending dependencies,"Interruption, recovery, and accessibility/performance requirements (KBDL-MOT-021 through KBDL-MOT-027)",Missing,MISSING,MISSING
KBDL-MOT-024,Pending dependencies,"Interruption, recovery, and accessibility/performance requirements (KBDL-MOT-021 through KBDL-MOT-027)",Missing,MISSING,MISSING
KBDL-MOT-025,Pending dependencies,"Interruption, recovery, and accessibility/performance requirements (KBDL-MOT-021 through KBDL-MOT-027)",Missing,MISSING,MISSING
KBDL-MOT-026,Pending dependencies,"Interruption, recovery, and accessibility/performance requirements (KBDL-MOT-021 through KBDL-MOT-027)",Missing,MISSING,MISSING
KBDL-MOT-027,Pending dependencies,"Interruption, recovery, and accessibility/performance requirements (KBDL-MOT-021 through KBDL-MOT-027)",Missing,MISSING,MISSING
KBDL-MOT-021,Related decision,"Interruption, recovery, and accessibility/performance requirements (KBDL-MOT-021 through KBDL-MOT-027)",Uniform default,"`KBDL-THM-012a`, `KBDL-DEC-010`","`KBDL-THM-012a`, `KBDL-DEC-010`"
KBDL-MOT-022,Related decision,"Interruption, recovery, and accessibility/performance requirements (KBDL-MOT-021 through KBDL-MOT-027)",Uniform default,"`KBDL-THM-012a`, `KBDL-DEC-010`","`KBDL-THM-012a`, `KBDL-DEC-010`"
KBDL-MOT-023,Related decision,"Interruption, recovery, and accessibility/performance requirements (KBDL-MOT-021 through KBDL-MOT-027)",Uniform default,"`KBDL-THM-012a`, `KBDL-DEC-010`","`KBDL-THM-012a`, `KBDL-DEC-010`"
KBDL-MOT-024,Related decision,"Interruption, recovery, and accessibility/performance requirements (KBDL-MOT-021 through KBDL-MOT-027)",Uniform default,"`KBDL-THM-012a`, `KBDL-DEC-010`","`KBDL-THM-012a`, `KBDL-DEC-010`"
KBDL-MOT-025,Related decision,"Interruption, recovery, and accessibility/performance requirements (KBDL-MOT-021 through KBDL-MOT-027)",Uniform default,"`KBDL-THM-012a`, `KBDL-DEC-010`","`KBDL-THM-012a`, `KBDL-DEC-010`"
KBDL-MOT-026,Related decision,"Interruption, recovery, and accessibility/performance requirements (KBDL-MOT-021 through KBDL-MOT-027)",Uniform default,"`KBDL-THM-012a`, `KBDL-DEC-010`","`KBDL-THM-012a`, `KBDL-DEC-010`"
KBDL-MOT-027,Related decision,"Interruption, recovery, and accessibility/performance requirements (KBDL-MOT-021 through KBDL-MOT-027)",Uniform default,"`KBDL-THM-012a`, `KBDL-DEC-010`","`KBDL-THM-012a`, `KBDL-DEC-010`"
KBDL-MOT-021,Notes or exclusions,"Interruption, recovery, and accessibility/performance requirements (KBDL-MOT-021 through KBDL-MOT-027)",Uniform default,"These seven requirements collectively ensure no motion default introduced by this module bypasses KBDL's existing accessibility, safety, performance, or approval-governance baseline.","These seven requirements collectively ensure no motion default introduced by this module bypasses KBDL's existing accessibility, safety, performance, or approval-governance baseline."
KBDL-MOT-022,Notes or exclusions,"Interruption, recovery, and accessibility/performance requirements (KBDL-MOT-021 through KBDL-MOT-027)",Uniform default,"These seven requirements collectively ensure no motion default introduced by this module bypasses KBDL's existing accessibility, safety, performance, or approval-governance baseline.","These seven requirements collectively ensure no motion default introduced by this module bypasses KBDL's existing accessibility, safety, performance, or approval-governance baseline."
KBDL-MOT-023,Notes or exclusions,"Interruption, recovery, and accessibility/performance requirements (KBDL-MOT-021 through KBDL-MOT-027)",Uniform default,"These seven requirements collectively ensure no motion default introduced by this module bypasses KBDL's existing accessibility, safety, performance, or approval-governance baseline.","These seven requirements collectively ensure no motion default introduced by this module bypasses KBDL's existing accessibility, safety, performance, or approval-governance baseline."
KBDL-MOT-024,Notes or exclusions,"Interruption, recovery, and accessibility/performance requirements (KBDL-MOT-021 through KBDL-MOT-027)",Uniform default,"These seven requirements collectively ensure no motion default introduced by this module bypasses KBDL's existing accessibility, safety, performance, or approval-governance baseline.","These seven requirements collectively ensure no motion default introduced by this module bypasses KBDL's existing accessibility, safety, performance, or approval-governance baseline."
KBDL-MOT-025,Notes or exclusions,"Interruption, recovery, and accessibility/performance requirements (KBDL-MOT-021 through KBDL-MOT-027)",Uniform default,"These seven requirements collectively ensure no motion default introduced by this module bypasses KBDL's existing accessibility, safety, performance, or approval-governance baseline.","These seven requirements collectively ensure no motion default introduced by this module bypasses KBDL's existing accessibility, safety, performance, or approval-governance baseline."
KBDL-MOT-026,Notes or exclusions,"Interruption, recovery, and accessibility/performance requirements (KBDL-MOT-021 through KBDL-MOT-027)",Uniform default,"These seven requirements collectively ensure no motion default introduced by this module bypasses KBDL's existing accessibility, safety, performance, or approval-governance baseline.","These seven requirements collectively ensure no motion default introduced by this module bypasses KBDL's existing accessibility, safety, performance, or approval-governance baseline."
KBDL-MOT-027,Notes or exclusions,"Interruption, recovery, and accessibility/performance requirements (KBDL-MOT-021 through KBDL-MOT-027)",Uniform default,"These seven requirements collectively ensure no motion default introduced by this module bypasses KBDL's existing accessibility, safety, performance, or approval-governance baseline.","These seven requirements collectively ensure no motion default introduced by this module bypasses KBDL's existing accessibility, safety, performance, or approval-governance baseline."
KBDL-MOT-028,Blueprint section,Detailed motion defaults separated from their approved cores (KBDL-MOT-028 through KBDL-MOT-034),Uniform default,Entrance-versus-exit duration relationship; attention repetition default; detailed ambient-motion boundaries; detailed scroll-linked-motion boundaries; reduced-motion substitution matrix; conceptual motion-token naming architecture; profile-level motion-intensity adjustments,Entrance-versus-exit duration relationship; attention repetition default; detailed ambient-motion boundaries; detailed scroll-linked-motion boundaries; reduced-motion substitution matrix; conceptual motion-token naming architecture; profile-level motion-intensity adjustments
KBDL-MOT-029,Blueprint section,Detailed motion defaults separated from their approved cores (KBDL-MOT-028 through KBDL-MOT-034),Uniform default,Entrance-versus-exit duration relationship; attention repetition default; detailed ambient-motion boundaries; detailed scroll-linked-motion boundaries; reduced-motion substitution matrix; conceptual motion-token naming architecture; profile-level motion-intensity adjustments,Entrance-versus-exit duration relationship; attention repetition default; detailed ambient-motion boundaries; detailed scroll-linked-motion boundaries; reduced-motion substitution matrix; conceptual motion-token naming architecture; profile-level motion-intensity adjustments
KBDL-MOT-030,Blueprint section,Detailed motion defaults separated from their approved cores (KBDL-MOT-028 through KBDL-MOT-034),Uniform default,Entrance-versus-exit duration relationship; attention repetition default; detailed ambient-motion boundaries; detailed scroll-linked-motion boundaries; reduced-motion substitution matrix; conceptual motion-token naming architecture; profile-level motion-intensity adjustments,Entrance-versus-exit duration relationship; attention repetition default; detailed ambient-motion boundaries; detailed scroll-linked-motion boundaries; reduced-motion substitution matrix; conceptual motion-token naming architecture; profile-level motion-intensity adjustments
KBDL-MOT-031,Blueprint section,Detailed motion defaults separated from their approved cores (KBDL-MOT-028 through KBDL-MOT-034),Uniform default,Entrance-versus-exit duration relationship; attention repetition default; detailed ambient-motion boundaries; detailed scroll-linked-motion boundaries; reduced-motion substitution matrix; conceptual motion-token naming architecture; profile-level motion-intensity adjustments,Entrance-versus-exit duration relationship; attention repetition default; detailed ambient-motion boundaries; detailed scroll-linked-motion boundaries; reduced-motion substitution matrix; conceptual motion-token naming architecture; profile-level motion-intensity adjustments
KBDL-MOT-032,Blueprint section,Detailed motion defaults separated from their approved cores (KBDL-MOT-028 through KBDL-MOT-034),Uniform default,Entrance-versus-exit duration relationship; attention repetition default; detailed ambient-motion boundaries; detailed scroll-linked-motion boundaries; reduced-motion substitution matrix; conceptual motion-token naming architecture; profile-level motion-intensity adjustments,Entrance-versus-exit duration relationship; attention repetition default; detailed ambient-motion boundaries; detailed scroll-linked-motion boundaries; reduced-motion substitution matrix; conceptual motion-token naming architecture; profile-level motion-intensity adjustments
KBDL-MOT-033,Blueprint section,Detailed motion defaults separated from their approved cores (KBDL-MOT-028 through KBDL-MOT-034),Uniform default,Entrance-versus-exit duration relationship; attention repetition default; detailed ambient-motion boundaries; detailed scroll-linked-motion boundaries; reduced-motion substitution matrix; conceptual motion-token naming architecture; profile-level motion-intensity adjustments,Entrance-versus-exit duration relationship; attention repetition default; detailed ambient-motion boundaries; detailed scroll-linked-motion boundaries; reduced-motion substitution matrix; conceptual motion-token naming architecture; profile-level motion-intensity adjustments
KBDL-MOT-034,Blueprint section,Detailed motion defaults separated from their approved cores (KBDL-MOT-028 through KBDL-MOT-034),Uniform default,Entrance-versus-exit duration relationship; attention repetition default; detailed ambient-motion boundaries; detailed scroll-linked-motion boundaries; reduced-motion substitution matrix; conceptual motion-token naming architecture; profile-level motion-intensity adjustments,Entrance-versus-exit duration relationship; attention repetition default; detailed ambient-motion boundaries; detailed scroll-linked-motion boundaries; reduced-motion substitution matrix; conceptual motion-token naming architecture; profile-level motion-intensity adjustments
KBDL-MOT-028,Roadmap prompt,Detailed motion defaults separated from their approved cores (KBDL-MOT-028 through KBDL-MOT-034),Uniform default,KBDL-005-R1 (added during remediation to separate new KBDL-005 policy that was previously bundled inside an Approved core requirement's section without its own lifecycle record),KBDL-005-R1 (added during remediation to separate new KBDL-005 policy that was previously bundled inside an Approved core requirement's section without its own lifecycle record)
KBDL-MOT-029,Roadmap prompt,Detailed motion defaults separated from their approved cores (KBDL-MOT-028 through KBDL-MOT-034),Uniform default,KBDL-005-R1 (added during remediation to separate new KBDL-005 policy that was previously bundled inside an Approved core requirement's section without its own lifecycle record),KBDL-005-R1 (added during remediation to separate new KBDL-005 policy that was previously bundled inside an Approved core requirement's section without its own lifecycle record)
KBDL-MOT-030,Roadmap prompt,Detailed motion defaults separated from their approved cores (KBDL-MOT-028 through KBDL-MOT-034),Uniform default,KBDL-005-R1 (added during remediation to separate new KBDL-005 policy that was previously bundled inside an Approved core requirement's section without its own lifecycle record),KBDL-005-R1 (added during remediation to separate new KBDL-005 policy that was previously bundled inside an Approved core requirement's section without its own lifecycle record)
KBDL-MOT-031,Roadmap prompt,Detailed motion defaults separated from their approved cores (KBDL-MOT-028 through KBDL-MOT-034),Uniform default,KBDL-005-R1 (added during remediation to separate new KBDL-005 policy that was previously bundled inside an Approved core requirement's section without its own lifecycle record),KBDL-005-R1 (added during remediation to separate new KBDL-005 policy that was previously bundled inside an Approved core requirement's section without its own lifecycle record)
KBDL-MOT-032,Roadmap prompt,Detailed motion defaults separated from their approved cores (KBDL-MOT-028 through KBDL-MOT-034),Uniform default,KBDL-005-R1 (added during remediation to separate new KBDL-005 policy that was previously bundled inside an Approved core requirement's section without its own lifecycle record),KBDL-005-R1 (added during remediation to separate new KBDL-005 policy that was previously bundled inside an Approved core requirement's section without its own lifecycle record)
KBDL-MOT-033,Roadmap prompt,Detailed motion defaults separated from their approved cores (KBDL-MOT-028 through KBDL-MOT-034),Uniform default,KBDL-005-R1 (added during remediation to separate new KBDL-005 policy that was previously bundled inside an Approved core requirement's section without its own lifecycle record),KBDL-005-R1 (added during remediation to separate new KBDL-005 policy that was previously bundled inside an Approved core requirement's section without its own lifecycle record)
KBDL-MOT-034,Roadmap prompt,Detailed motion defaults separated from their approved cores (KBDL-MOT-028 through KBDL-MOT-034),Uniform default,KBDL-005-R1 (added during remediation to separate new KBDL-005 policy that was previously bundled inside an Approved core requirement's section without its own lifecycle record),KBDL-005-R1 (added during remediation to separate new KBDL-005 policy that was previously bundled inside an Approved core requirement's section without its own lifecycle record)
KBDL-MOT-028,Specification location,Detailed motion defaults separated from their approved cores (KBDL-MOT-028 through KBDL-MOT-034),Uniform default,"[motion/foundations.md §7](motion/foundations.md#7-entrance-and-exit-behavior), [motion/patterns.md §4, §5, §6, §10](motion/patterns.md#4-attention-motion), [motion/accessibility-performance.md §1.4](motion/accessibility-performance.md#14-per-category-parity-matrix), [motion/timing-easing.md §4](motion/timing-easing.md#4-conceptual-motion-tokens)","[motion/foundations.md §7](motion/foundations.md#7-entrance-and-exit-behavior), [motion/patterns.md §4, §5, §6, §10](motion/patterns.md#4-attention-motion), [motion/accessibility-performance.md §1.4](motion/accessibility-performance.md#14-per-category-parity-matrix), [motion/timing-easing.md §4](motion/timing-easing.md#4-conceptual-motion-tokens)"
KBDL-MOT-029,Specification location,Detailed motion defaults separated from their approved cores (KBDL-MOT-028 through KBDL-MOT-034),Uniform default,"[motion/foundations.md §7](motion/foundations.md#7-entrance-and-exit-behavior), [motion/patterns.md §4, §5, §6, §10](motion/patterns.md#4-attention-motion), [motion/accessibility-performance.md §1.4](motion/accessibility-performance.md#14-per-category-parity-matrix), [motion/timing-easing.md §4](motion/timing-easing.md#4-conceptual-motion-tokens)","[motion/foundations.md §7](motion/foundations.md#7-entrance-and-exit-behavior), [motion/patterns.md §4, §5, §6, §10](motion/patterns.md#4-attention-motion), [motion/accessibility-performance.md §1.4](motion/accessibility-performance.md#14-per-category-parity-matrix), [motion/timing-easing.md §4](motion/timing-easing.md#4-conceptual-motion-tokens)"
KBDL-MOT-030,Specification location,Detailed motion defaults separated from their approved cores (KBDL-MOT-028 through KBDL-MOT-034),Uniform default,"[motion/foundations.md §7](motion/foundations.md#7-entrance-and-exit-behavior), [motion/patterns.md §4, §5, §6, §10](motion/patterns.md#4-attention-motion), [motion/accessibility-performance.md §1.4](motion/accessibility-performance.md#14-per-category-parity-matrix), [motion/timing-easing.md §4](motion/timing-easing.md#4-conceptual-motion-tokens)","[motion/foundations.md §7](motion/foundations.md#7-entrance-and-exit-behavior), [motion/patterns.md §4, §5, §6, §10](motion/patterns.md#4-attention-motion), [motion/accessibility-performance.md §1.4](motion/accessibility-performance.md#14-per-category-parity-matrix), [motion/timing-easing.md §4](motion/timing-easing.md#4-conceptual-motion-tokens)"
KBDL-MOT-031,Specification location,Detailed motion defaults separated from their approved cores (KBDL-MOT-028 through KBDL-MOT-034),Uniform default,"[motion/foundations.md §7](motion/foundations.md#7-entrance-and-exit-behavior), [motion/patterns.md §4, §5, §6, §10](motion/patterns.md#4-attention-motion), [motion/accessibility-performance.md §1.4](motion/accessibility-performance.md#14-per-category-parity-matrix), [motion/timing-easing.md §4](motion/timing-easing.md#4-conceptual-motion-tokens)","[motion/foundations.md §7](motion/foundations.md#7-entrance-and-exit-behavior), [motion/patterns.md §4, §5, §6, §10](motion/patterns.md#4-attention-motion), [motion/accessibility-performance.md §1.4](motion/accessibility-performance.md#14-per-category-parity-matrix), [motion/timing-easing.md §4](motion/timing-easing.md#4-conceptual-motion-tokens)"
KBDL-MOT-032,Specification location,Detailed motion defaults separated from their approved cores (KBDL-MOT-028 through KBDL-MOT-034),Uniform default,"[motion/foundations.md §7](motion/foundations.md#7-entrance-and-exit-behavior), [motion/patterns.md §4, §5, §6, §10](motion/patterns.md#4-attention-motion), [motion/accessibility-performance.md §1.4](motion/accessibility-performance.md#14-per-category-parity-matrix), [motion/timing-easing.md §4](motion/timing-easing.md#4-conceptual-motion-tokens)","[motion/foundations.md §7](motion/foundations.md#7-entrance-and-exit-behavior), [motion/patterns.md §4, §5, §6, §10](motion/patterns.md#4-attention-motion), [motion/accessibility-performance.md §1.4](motion/accessibility-performance.md#14-per-category-parity-matrix), [motion/timing-easing.md §4](motion/timing-easing.md#4-conceptual-motion-tokens)"
KBDL-MOT-033,Specification location,Detailed motion defaults separated from their approved cores (KBDL-MOT-028 through KBDL-MOT-034),Uniform default,"[motion/foundations.md §7](motion/foundations.md#7-entrance-and-exit-behavior), [motion/patterns.md §4, §5, §6, §10](motion/patterns.md#4-attention-motion), [motion/accessibility-performance.md §1.4](motion/accessibility-performance.md#14-per-category-parity-matrix), [motion/timing-easing.md §4](motion/timing-easing.md#4-conceptual-motion-tokens)","[motion/foundations.md §7](motion/foundations.md#7-entrance-and-exit-behavior), [motion/patterns.md §4, §5, §6, §10](motion/patterns.md#4-attention-motion), [motion/accessibility-performance.md §1.4](motion/accessibility-performance.md#14-per-category-parity-matrix), [motion/timing-easing.md §4](motion/timing-easing.md#4-conceptual-motion-tokens)"
KBDL-MOT-034,Specification location,Detailed motion defaults separated from their approved cores (KBDL-MOT-028 through KBDL-MOT-034),Uniform default,"[motion/foundations.md §7](motion/foundations.md#7-entrance-and-exit-behavior), [motion/patterns.md §4, §5, §6, §10](motion/patterns.md#4-attention-motion), [motion/accessibility-performance.md §1.4](motion/accessibility-performance.md#14-per-category-parity-matrix), [motion/timing-easing.md §4](motion/timing-easing.md#4-conceptual-motion-tokens)","[motion/foundations.md §7](motion/foundations.md#7-entrance-and-exit-behavior), [motion/patterns.md §4, §5, §6, §10](motion/patterns.md#4-attention-motion), [motion/accessibility-performance.md §1.4](motion/accessibility-performance.md#14-per-category-parity-matrix), [motion/timing-easing.md §4](motion/timing-easing.md#4-conceptual-motion-tokens)"
KBDL-MOT-028,Lifecycle status,Detailed motion defaults separated from their approved cores (KBDL-MOT-028 through KBDL-MOT-034),Missing,MISSING,MISSING
KBDL-MOT-029,Lifecycle status,Detailed motion defaults separated from their approved cores (KBDL-MOT-028 through KBDL-MOT-034),Missing,MISSING,MISSING
KBDL-MOT-030,Lifecycle status,Detailed motion defaults separated from their approved cores (KBDL-MOT-028 through KBDL-MOT-034),Missing,MISSING,MISSING
KBDL-MOT-031,Lifecycle status,Detailed motion defaults separated from their approved cores (KBDL-MOT-028 through KBDL-MOT-034),Missing,MISSING,MISSING
KBDL-MOT-032,Lifecycle status,Detailed motion defaults separated from their approved cores (KBDL-MOT-028 through KBDL-MOT-034),Missing,MISSING,MISSING
KBDL-MOT-033,Lifecycle status,Detailed motion defaults separated from their approved cores (KBDL-MOT-028 through KBDL-MOT-034),Missing,MISSING,MISSING
KBDL-MOT-034,Lifecycle status,Detailed motion defaults separated from their approved cores (KBDL-MOT-028 through KBDL-MOT-034),Missing,MISSING,MISSING
KBDL-MOT-028,Provenance,Detailed motion defaults separated from their approved cores (KBDL-MOT-028 through KBDL-MOT-034),Missing,MISSING,MISSING
KBDL-MOT-029,Provenance,Detailed motion defaults separated from their approved cores (KBDL-MOT-028 through KBDL-MOT-034),Missing,MISSING,MISSING
KBDL-MOT-030,Provenance,Detailed motion defaults separated from their approved cores (KBDL-MOT-028 through KBDL-MOT-034),Missing,MISSING,MISSING
KBDL-MOT-031,Provenance,Detailed motion defaults separated from their approved cores (KBDL-MOT-028 through KBDL-MOT-034),Missing,MISSING,MISSING
KBDL-MOT-032,Provenance,Detailed motion defaults separated from their approved cores (KBDL-MOT-028 through KBDL-MOT-034),Missing,MISSING,MISSING
KBDL-MOT-033,Provenance,Detailed motion defaults separated from their approved cores (KBDL-MOT-028 through KBDL-MOT-034),Missing,MISSING,MISSING
KBDL-MOT-034,Provenance,Detailed motion defaults separated from their approved cores (KBDL-MOT-028 through KBDL-MOT-034),Missing,MISSING,MISSING
KBDL-MOT-028,Validation classification,Detailed motion defaults separated from their approved cores (KBDL-MOT-028 through KBDL-MOT-034),Uniform default,"Not applicable: KBDL-MOT-028, KBDL-MOT-029, KBDL-MOT-032, KBDL-MOT-033; Not verified: KBDL-MOT-030, KBDL-MOT-031, KBDL-MOT-034","Not applicable: KBDL-MOT-028, KBDL-MOT-029, KBDL-MOT-032, KBDL-MOT-033; Not verified: KBDL-MOT-030, KBDL-MOT-031, KBDL-MOT-034"
KBDL-MOT-029,Validation classification,Detailed motion defaults separated from their approved cores (KBDL-MOT-028 through KBDL-MOT-034),Uniform default,"Not applicable: KBDL-MOT-028, KBDL-MOT-029, KBDL-MOT-032, KBDL-MOT-033; Not verified: KBDL-MOT-030, KBDL-MOT-031, KBDL-MOT-034","Not applicable: KBDL-MOT-028, KBDL-MOT-029, KBDL-MOT-032, KBDL-MOT-033; Not verified: KBDL-MOT-030, KBDL-MOT-031, KBDL-MOT-034"
KBDL-MOT-030,Validation classification,Detailed motion defaults separated from their approved cores (KBDL-MOT-028 through KBDL-MOT-034),Uniform default,"Not applicable: KBDL-MOT-028, KBDL-MOT-029, KBDL-MOT-032, KBDL-MOT-033; Not verified: KBDL-MOT-030, KBDL-MOT-031, KBDL-MOT-034","Not applicable: KBDL-MOT-028, KBDL-MOT-029, KBDL-MOT-032, KBDL-MOT-033; Not verified: KBDL-MOT-030, KBDL-MOT-031, KBDL-MOT-034"
KBDL-MOT-031,Validation classification,Detailed motion defaults separated from their approved cores (KBDL-MOT-028 through KBDL-MOT-034),Uniform default,"Not applicable: KBDL-MOT-028, KBDL-MOT-029, KBDL-MOT-032, KBDL-MOT-033; Not verified: KBDL-MOT-030, KBDL-MOT-031, KBDL-MOT-034","Not applicable: KBDL-MOT-028, KBDL-MOT-029, KBDL-MOT-032, KBDL-MOT-033; Not verified: KBDL-MOT-030, KBDL-MOT-031, KBDL-MOT-034"
KBDL-MOT-032,Validation classification,Detailed motion defaults separated from their approved cores (KBDL-MOT-028 through KBDL-MOT-034),Uniform default,"Not applicable: KBDL-MOT-028, KBDL-MOT-029, KBDL-MOT-032, KBDL-MOT-033; Not verified: KBDL-MOT-030, KBDL-MOT-031, KBDL-MOT-034","Not applicable: KBDL-MOT-028, KBDL-MOT-029, KBDL-MOT-032, KBDL-MOT-033; Not verified: KBDL-MOT-030, KBDL-MOT-031, KBDL-MOT-034"
KBDL-MOT-033,Validation classification,Detailed motion defaults separated from their approved cores (KBDL-MOT-028 through KBDL-MOT-034),Uniform default,"Not applicable: KBDL-MOT-028, KBDL-MOT-029, KBDL-MOT-032, KBDL-MOT-033; Not verified: KBDL-MOT-030, KBDL-MOT-031, KBDL-MOT-034","Not applicable: KBDL-MOT-028, KBDL-MOT-029, KBDL-MOT-032, KBDL-MOT-033; Not verified: KBDL-MOT-030, KBDL-MOT-031, KBDL-MOT-034"
KBDL-MOT-034,Validation classification,Detailed motion defaults separated from their approved cores (KBDL-MOT-028 through KBDL-MOT-034),Uniform default,"Not applicable: KBDL-MOT-028, KBDL-MOT-029, KBDL-MOT-032, KBDL-MOT-033; Not verified: KBDL-MOT-030, KBDL-MOT-031, KBDL-MOT-034","Not applicable: KBDL-MOT-028, KBDL-MOT-029, KBDL-MOT-032, KBDL-MOT-033; Not verified: KBDL-MOT-030, KBDL-MOT-031, KBDL-MOT-034"
KBDL-MOT-028,Authority,Detailed motion defaults separated from their approved cores (KBDL-MOT-028 through KBDL-MOT-034),Missing,MISSING,MISSING
KBDL-MOT-029,Authority,Detailed motion defaults separated from their approved cores (KBDL-MOT-028 through KBDL-MOT-034),Missing,MISSING,MISSING
KBDL-MOT-030,Authority,Detailed motion defaults separated from their approved cores (KBDL-MOT-028 through KBDL-MOT-034),Missing,MISSING,MISSING
KBDL-MOT-031,Authority,Detailed motion defaults separated from their approved cores (KBDL-MOT-028 through KBDL-MOT-034),Missing,MISSING,MISSING
KBDL-MOT-032,Authority,Detailed motion defaults separated from their approved cores (KBDL-MOT-028 through KBDL-MOT-034),Missing,MISSING,MISSING
KBDL-MOT-033,Authority,Detailed motion defaults separated from their approved cores (KBDL-MOT-028 through KBDL-MOT-034),Missing,MISSING,MISSING
KBDL-MOT-034,Authority,Detailed motion defaults separated from their approved cores (KBDL-MOT-028 through KBDL-MOT-034),Missing,MISSING,MISSING
KBDL-MOT-028,Validation method,Detailed motion defaults separated from their approved cores (KBDL-MOT-028 through KBDL-MOT-034),Uniform default,"Manual review once implemented; project-owner review via the [motion decision packet](motion/README.md#10-motion-decision-packet) (performed, see KBDL-DEC-014, items 6–9 and 11–13).","Manual review once implemented; project-owner review via the [motion decision packet](motion/README.md#10-motion-decision-packet) (performed, see KBDL-DEC-014, items 6–9 and 11–13)."
KBDL-MOT-029,Validation method,Detailed motion defaults separated from their approved cores (KBDL-MOT-028 through KBDL-MOT-034),Uniform default,"Manual review once implemented; project-owner review via the [motion decision packet](motion/README.md#10-motion-decision-packet) (performed, see KBDL-DEC-014, items 6–9 and 11–13).","Manual review once implemented; project-owner review via the [motion decision packet](motion/README.md#10-motion-decision-packet) (performed, see KBDL-DEC-014, items 6–9 and 11–13)."
KBDL-MOT-030,Validation method,Detailed motion defaults separated from their approved cores (KBDL-MOT-028 through KBDL-MOT-034),Uniform default,"Manual review once implemented; project-owner review via the [motion decision packet](motion/README.md#10-motion-decision-packet) (performed, see KBDL-DEC-014, items 6–9 and 11–13).","Manual review once implemented; project-owner review via the [motion decision packet](motion/README.md#10-motion-decision-packet) (performed, see KBDL-DEC-014, items 6–9 and 11–13)."
KBDL-MOT-031,Validation method,Detailed motion defaults separated from their approved cores (KBDL-MOT-028 through KBDL-MOT-034),Uniform default,"Manual review once implemented; project-owner review via the [motion decision packet](motion/README.md#10-motion-decision-packet) (performed, see KBDL-DEC-014, items 6–9 and 11–13).","Manual review once implemented; project-owner review via the [motion decision packet](motion/README.md#10-motion-decision-packet) (performed, see KBDL-DEC-014, items 6–9 and 11–13)."
KBDL-MOT-032,Validation method,Detailed motion defaults separated from their approved cores (KBDL-MOT-028 through KBDL-MOT-034),Uniform default,"Manual review once implemented; project-owner review via the [motion decision packet](motion/README.md#10-motion-decision-packet) (performed, see KBDL-DEC-014, items 6–9 and 11–13).","Manual review once implemented; project-owner review via the [motion decision packet](motion/README.md#10-motion-decision-packet) (performed, see KBDL-DEC-014, items 6–9 and 11–13)."
KBDL-MOT-033,Validation method,Detailed motion defaults separated from their approved cores (KBDL-MOT-028 through KBDL-MOT-034),Uniform default,"Manual review once implemented; project-owner review via the [motion decision packet](motion/README.md#10-motion-decision-packet) (performed, see KBDL-DEC-014, items 6–9 and 11–13).","Manual review once implemented; project-owner review via the [motion decision packet](motion/README.md#10-motion-decision-packet) (performed, see KBDL-DEC-014, items 6–9 and 11–13)."
KBDL-MOT-034,Validation method,Detailed motion defaults separated from their approved cores (KBDL-MOT-028 through KBDL-MOT-034),Uniform default,"Manual review once implemented; project-owner review via the [motion decision packet](motion/README.md#10-motion-decision-packet) (performed, see KBDL-DEC-014, items 6–9 and 11–13).","Manual review once implemented; project-owner review via the [motion decision packet](motion/README.md#10-motion-decision-packet) (performed, see KBDL-DEC-014, items 6–9 and 11–13)."
KBDL-MOT-028,Validation evidence,Detailed motion defaults separated from their approved cores (KBDL-MOT-028 through KBDL-MOT-034),Uniform default,Not verified — no implementation exists yet; conceptual manual review recorded in [motion/validation.md](motion/validation.md) where applicable.,Not verified — no implementation exists yet; conceptual manual review recorded in [motion/validation.md](motion/validation.md) where applicable.
KBDL-MOT-029,Validation evidence,Detailed motion defaults separated from their approved cores (KBDL-MOT-028 through KBDL-MOT-034),Uniform default,Not verified — no implementation exists yet; conceptual manual review recorded in [motion/validation.md](motion/validation.md) where applicable.,Not verified — no implementation exists yet; conceptual manual review recorded in [motion/validation.md](motion/validation.md) where applicable.
KBDL-MOT-030,Validation evidence,Detailed motion defaults separated from their approved cores (KBDL-MOT-028 through KBDL-MOT-034),Uniform default,Not verified — no implementation exists yet; conceptual manual review recorded in [motion/validation.md](motion/validation.md) where applicable.,Not verified — no implementation exists yet; conceptual manual review recorded in [motion/validation.md](motion/validation.md) where applicable.
KBDL-MOT-031,Validation evidence,Detailed motion defaults separated from their approved cores (KBDL-MOT-028 through KBDL-MOT-034),Uniform default,Not verified — no implementation exists yet; conceptual manual review recorded in [motion/validation.md](motion/validation.md) where applicable.,Not verified — no implementation exists yet; conceptual manual review recorded in [motion/validation.md](motion/validation.md) where applicable.
KBDL-MOT-032,Validation evidence,Detailed motion defaults separated from their approved cores (KBDL-MOT-028 through KBDL-MOT-034),Uniform default,Not verified — no implementation exists yet; conceptual manual review recorded in [motion/validation.md](motion/validation.md) where applicable.,Not verified — no implementation exists yet; conceptual manual review recorded in [motion/validation.md](motion/validation.md) where applicable.
KBDL-MOT-033,Validation evidence,Detailed motion defaults separated from their approved cores (KBDL-MOT-028 through KBDL-MOT-034),Uniform default,Not verified — no implementation exists yet; conceptual manual review recorded in [motion/validation.md](motion/validation.md) where applicable.,Not verified — no implementation exists yet; conceptual manual review recorded in [motion/validation.md](motion/validation.md) where applicable.
KBDL-MOT-034,Validation evidence,Detailed motion defaults separated from their approved cores (KBDL-MOT-028 through KBDL-MOT-034),Uniform default,Not verified — no implementation exists yet; conceptual manual review recorded in [motion/validation.md](motion/validation.md) where applicable.,Not verified — no implementation exists yet; conceptual manual review recorded in [motion/validation.md](motion/validation.md) where applicable.
KBDL-MOT-028,Known limitation,Detailed motion defaults separated from their approved cores (KBDL-MOT-028 through KBDL-MOT-034),Uniform default,"Approval is a lifecycle decision, not implementation validation; these values must not be treated as `Verified` until an implementation exists and is measured.","Approval is a lifecycle decision, not implementation validation; these values must not be treated as `Verified` until an implementation exists and is measured."
KBDL-MOT-029,Known limitation,Detailed motion defaults separated from their approved cores (KBDL-MOT-028 through KBDL-MOT-034),Uniform default,"Approval is a lifecycle decision, not implementation validation; these values must not be treated as `Verified` until an implementation exists and is measured.","Approval is a lifecycle decision, not implementation validation; these values must not be treated as `Verified` until an implementation exists and is measured."
KBDL-MOT-030,Known limitation,Detailed motion defaults separated from their approved cores (KBDL-MOT-028 through KBDL-MOT-034),Uniform default,"Approval is a lifecycle decision, not implementation validation; these values must not be treated as `Verified` until an implementation exists and is measured.","Approval is a lifecycle decision, not implementation validation; these values must not be treated as `Verified` until an implementation exists and is measured."
KBDL-MOT-031,Known limitation,Detailed motion defaults separated from their approved cores (KBDL-MOT-028 through KBDL-MOT-034),Uniform default,"Approval is a lifecycle decision, not implementation validation; these values must not be treated as `Verified` until an implementation exists and is measured.","Approval is a lifecycle decision, not implementation validation; these values must not be treated as `Verified` until an implementation exists and is measured."
KBDL-MOT-032,Known limitation,Detailed motion defaults separated from their approved cores (KBDL-MOT-028 through KBDL-MOT-034),Uniform default,"Approval is a lifecycle decision, not implementation validation; these values must not be treated as `Verified` until an implementation exists and is measured.","Approval is a lifecycle decision, not implementation validation; these values must not be treated as `Verified` until an implementation exists and is measured."
KBDL-MOT-033,Known limitation,Detailed motion defaults separated from their approved cores (KBDL-MOT-028 through KBDL-MOT-034),Uniform default,"Approval is a lifecycle decision, not implementation validation; these values must not be treated as `Verified` until an implementation exists and is measured.","Approval is a lifecycle decision, not implementation validation; these values must not be treated as `Verified` until an implementation exists and is measured."
KBDL-MOT-034,Known limitation,Detailed motion defaults separated from their approved cores (KBDL-MOT-028 through KBDL-MOT-034),Uniform default,"Approval is a lifecycle decision, not implementation validation; these values must not be treated as `Verified` until an implementation exists and is measured.","Approval is a lifecycle decision, not implementation validation; these values must not be treated as `Verified` until an implementation exists and is measured."
KBDL-MOT-028,Packet or tracking destination,Detailed motion defaults separated from their approved cores (KBDL-MOT-028 through KBDL-MOT-034),Missing,MISSING,MISSING
KBDL-MOT-029,Packet or tracking destination,Detailed motion defaults separated from their approved cores (KBDL-MOT-028 through KBDL-MOT-034),Missing,MISSING,MISSING
KBDL-MOT-030,Packet or tracking destination,Detailed motion defaults separated from their approved cores (KBDL-MOT-028 through KBDL-MOT-034),Missing,MISSING,MISSING
KBDL-MOT-031,Packet or tracking destination,Detailed motion defaults separated from their approved cores (KBDL-MOT-028 through KBDL-MOT-034),Missing,MISSING,MISSING
KBDL-MOT-032,Packet or tracking destination,Detailed motion defaults separated from their approved cores (KBDL-MOT-028 through KBDL-MOT-034),Missing,MISSING,MISSING
KBDL-MOT-033,Packet or tracking destination,Detailed motion defaults separated from their approved cores (KBDL-MOT-028 through KBDL-MOT-034),Missing,MISSING,MISSING
KBDL-MOT-034,Packet or tracking destination,Detailed motion defaults separated from their approved cores (KBDL-MOT-028 through KBDL-MOT-034),Missing,MISSING,MISSING
KBDL-MOT-028,Pending dependencies,Detailed motion defaults separated from their approved cores (KBDL-MOT-028 through KBDL-MOT-034),Missing,MISSING,MISSING
KBDL-MOT-029,Pending dependencies,Detailed motion defaults separated from their approved cores (KBDL-MOT-028 through KBDL-MOT-034),Missing,MISSING,MISSING
KBDL-MOT-030,Pending dependencies,Detailed motion defaults separated from their approved cores (KBDL-MOT-028 through KBDL-MOT-034),Missing,MISSING,MISSING
KBDL-MOT-031,Pending dependencies,Detailed motion defaults separated from their approved cores (KBDL-MOT-028 through KBDL-MOT-034),Missing,MISSING,MISSING
KBDL-MOT-032,Pending dependencies,Detailed motion defaults separated from their approved cores (KBDL-MOT-028 through KBDL-MOT-034),Missing,MISSING,MISSING
KBDL-MOT-033,Pending dependencies,Detailed motion defaults separated from their approved cores (KBDL-MOT-028 through KBDL-MOT-034),Missing,MISSING,MISSING
KBDL-MOT-034,Pending dependencies,Detailed motion defaults separated from their approved cores (KBDL-MOT-028 through KBDL-MOT-034),Missing,MISSING,MISSING
KBDL-MOT-028,Related decision,Detailed motion defaults separated from their approved cores (KBDL-MOT-028 through KBDL-MOT-034),Uniform default,[KBDL-DEC-014](decision-register.md#kbdl-dec-014--kbdl-005-motion-decisions-approved).,[KBDL-DEC-014](decision-register.md#kbdl-dec-014--kbdl-005-motion-decisions-approved).
KBDL-MOT-029,Related decision,Detailed motion defaults separated from their approved cores (KBDL-MOT-028 through KBDL-MOT-034),Uniform default,[KBDL-DEC-014](decision-register.md#kbdl-dec-014--kbdl-005-motion-decisions-approved).,[KBDL-DEC-014](decision-register.md#kbdl-dec-014--kbdl-005-motion-decisions-approved).
KBDL-MOT-030,Related decision,Detailed motion defaults separated from their approved cores (KBDL-MOT-028 through KBDL-MOT-034),Uniform default,[KBDL-DEC-014](decision-register.md#kbdl-dec-014--kbdl-005-motion-decisions-approved).,[KBDL-DEC-014](decision-register.md#kbdl-dec-014--kbdl-005-motion-decisions-approved).
KBDL-MOT-031,Related decision,Detailed motion defaults separated from their approved cores (KBDL-MOT-028 through KBDL-MOT-034),Uniform default,[KBDL-DEC-014](decision-register.md#kbdl-dec-014--kbdl-005-motion-decisions-approved).,[KBDL-DEC-014](decision-register.md#kbdl-dec-014--kbdl-005-motion-decisions-approved).
KBDL-MOT-032,Related decision,Detailed motion defaults separated from their approved cores (KBDL-MOT-028 through KBDL-MOT-034),Uniform default,[KBDL-DEC-014](decision-register.md#kbdl-dec-014--kbdl-005-motion-decisions-approved).,[KBDL-DEC-014](decision-register.md#kbdl-dec-014--kbdl-005-motion-decisions-approved).
KBDL-MOT-033,Related decision,Detailed motion defaults separated from their approved cores (KBDL-MOT-028 through KBDL-MOT-034),Uniform default,[KBDL-DEC-014](decision-register.md#kbdl-dec-014--kbdl-005-motion-decisions-approved).,[KBDL-DEC-014](decision-register.md#kbdl-dec-014--kbdl-005-motion-decisions-approved).
KBDL-MOT-034,Related decision,Detailed motion defaults separated from their approved cores (KBDL-MOT-028 through KBDL-MOT-034),Uniform default,[KBDL-DEC-014](decision-register.md#kbdl-dec-014--kbdl-005-motion-decisions-approved).,[KBDL-DEC-014](decision-register.md#kbdl-dec-014--kbdl-005-motion-decisions-approved).
KBDL-MOT-028,Notes or exclusions,Detailed motion defaults separated from their approved cores (KBDL-MOT-028 through KBDL-MOT-034),Uniform default,"Splitting these out does not change any duration value, curve, movement range, hierarchy level, safety behavior, reduced-motion behavior, or profile recommendation — only the lifecycle bookkeeping. ## KBDL-006 — Responsive and Accessibility","Splitting these out does not change any duration value, curve, movement range, hierarchy level, safety behavior, reduced-motion behavior, or profile recommendation — only the lifecycle bookkeeping. ## KBDL-006 — Responsive and Accessibility"
KBDL-MOT-029,Notes or exclusions,Detailed motion defaults separated from their approved cores (KBDL-MOT-028 through KBDL-MOT-034),Uniform default,"Splitting these out does not change any duration value, curve, movement range, hierarchy level, safety behavior, reduced-motion behavior, or profile recommendation — only the lifecycle bookkeeping. ## KBDL-006 — Responsive and Accessibility","Splitting these out does not change any duration value, curve, movement range, hierarchy level, safety behavior, reduced-motion behavior, or profile recommendation — only the lifecycle bookkeeping. ## KBDL-006 — Responsive and Accessibility"
KBDL-MOT-030,Notes or exclusions,Detailed motion defaults separated from their approved cores (KBDL-MOT-028 through KBDL-MOT-034),Uniform default,"Splitting these out does not change any duration value, curve, movement range, hierarchy level, safety behavior, reduced-motion behavior, or profile recommendation — only the lifecycle bookkeeping. ## KBDL-006 — Responsive and Accessibility","Splitting these out does not change any duration value, curve, movement range, hierarchy level, safety behavior, reduced-motion behavior, or profile recommendation — only the lifecycle bookkeeping. ## KBDL-006 — Responsive and Accessibility"
KBDL-MOT-031,Notes or exclusions,Detailed motion defaults separated from their approved cores (KBDL-MOT-028 through KBDL-MOT-034),Uniform default,"Splitting these out does not change any duration value, curve, movement range, hierarchy level, safety behavior, reduced-motion behavior, or profile recommendation — only the lifecycle bookkeeping. ## KBDL-006 — Responsive and Accessibility","Splitting these out does not change any duration value, curve, movement range, hierarchy level, safety behavior, reduced-motion behavior, or profile recommendation — only the lifecycle bookkeeping. ## KBDL-006 — Responsive and Accessibility"
KBDL-MOT-032,Notes or exclusions,Detailed motion defaults separated from their approved cores (KBDL-MOT-028 through KBDL-MOT-034),Uniform default,"Splitting these out does not change any duration value, curve, movement range, hierarchy level, safety behavior, reduced-motion behavior, or profile recommendation — only the lifecycle bookkeeping. ## KBDL-006 — Responsive and Accessibility","Splitting these out does not change any duration value, curve, movement range, hierarchy level, safety behavior, reduced-motion behavior, or profile recommendation — only the lifecycle bookkeeping. ## KBDL-006 — Responsive and Accessibility"
KBDL-MOT-033,Notes or exclusions,Detailed motion defaults separated from their approved cores (KBDL-MOT-028 through KBDL-MOT-034),Uniform default,"Splitting these out does not change any duration value, curve, movement range, hierarchy level, safety behavior, reduced-motion behavior, or profile recommendation — only the lifecycle bookkeeping. ## KBDL-006 — Responsive and Accessibility","Splitting these out does not change any duration value, curve, movement range, hierarchy level, safety behavior, reduced-motion behavior, or profile recommendation — only the lifecycle bookkeeping. ## KBDL-006 — Responsive and Accessibility"
KBDL-MOT-034,Notes or exclusions,Detailed motion defaults separated from their approved cores (KBDL-MOT-028 through KBDL-MOT-034),Uniform default,"Splitting these out does not change any duration value, curve, movement range, hierarchy level, safety behavior, reduced-motion behavior, or profile recommendation — only the lifecycle bookkeeping. ## KBDL-006 — Responsive and Accessibility","Splitting these out does not change any duration value, curve, movement range, hierarchy level, safety behavior, reduced-motion behavior, or profile recommendation — only the lifecycle bookkeeping. ## KBDL-006 — Responsive and Accessibility"
KBDL-RSP-001,Blueprint section,"Responsive-content priority, source/reading order, and reflow core (KBDL-RSP-001, KBDL-RSP-006, KBDL-RSP-007, KBDL-RSP-015, KBDL-RSP-016, KBDL-RSP-020)",Uniform default,Responsive-content priority; layout reflow; source/reading order; orientation; zoom and enlarged text; responsive focus management,Responsive-content priority; layout reflow; source/reading order; orientation; zoom and enlarged text; responsive focus management
KBDL-RSP-006,Blueprint section,"Responsive-content priority, source/reading order, and reflow core (KBDL-RSP-001, KBDL-RSP-006, KBDL-RSP-007, KBDL-RSP-015, KBDL-RSP-016, KBDL-RSP-020)",Uniform default,Responsive-content priority; layout reflow; source/reading order; orientation; zoom and enlarged text; responsive focus management,Responsive-content priority; layout reflow; source/reading order; orientation; zoom and enlarged text; responsive focus management
KBDL-RSP-007,Blueprint section,"Responsive-content priority, source/reading order, and reflow core (KBDL-RSP-001, KBDL-RSP-006, KBDL-RSP-007, KBDL-RSP-015, KBDL-RSP-016, KBDL-RSP-020)",Uniform default,Responsive-content priority; layout reflow; source/reading order; orientation; zoom and enlarged text; responsive focus management,Responsive-content priority; layout reflow; source/reading order; orientation; zoom and enlarged text; responsive focus management
KBDL-RSP-015,Blueprint section,"Responsive-content priority, source/reading order, and reflow core (KBDL-RSP-001, KBDL-RSP-006, KBDL-RSP-007, KBDL-RSP-015, KBDL-RSP-016, KBDL-RSP-020)",Uniform default,Responsive-content priority; layout reflow; source/reading order; orientation; zoom and enlarged text; responsive focus management,Responsive-content priority; layout reflow; source/reading order; orientation; zoom and enlarged text; responsive focus management
KBDL-RSP-016,Blueprint section,"Responsive-content priority, source/reading order, and reflow core (KBDL-RSP-001, KBDL-RSP-006, KBDL-RSP-007, KBDL-RSP-015, KBDL-RSP-016, KBDL-RSP-020)",Uniform default,Responsive-content priority; layout reflow; source/reading order; orientation; zoom and enlarged text; responsive focus management,Responsive-content priority; layout reflow; source/reading order; orientation; zoom and enlarged text; responsive focus management
KBDL-RSP-020,Blueprint section,"Responsive-content priority, source/reading order, and reflow core (KBDL-RSP-001, KBDL-RSP-006, KBDL-RSP-007, KBDL-RSP-015, KBDL-RSP-016, KBDL-RSP-020)",Uniform default,Responsive-content priority; layout reflow; source/reading order; orientation; zoom and enlarged text; responsive focus management,Responsive-content priority; layout reflow; source/reading order; orientation; zoom and enlarged text; responsive focus management
KBDL-RSP-001,Roadmap prompt,"Responsive-content priority, source/reading order, and reflow core (KBDL-RSP-001, KBDL-RSP-006, KBDL-RSP-007, KBDL-RSP-015, KBDL-RSP-016, KBDL-RSP-020)",Uniform default,KBDL-006,KBDL-006
KBDL-RSP-006,Roadmap prompt,"Responsive-content priority, source/reading order, and reflow core (KBDL-RSP-001, KBDL-RSP-006, KBDL-RSP-007, KBDL-RSP-015, KBDL-RSP-016, KBDL-RSP-020)",Uniform default,KBDL-006,KBDL-006
KBDL-RSP-007,Roadmap prompt,"Responsive-content priority, source/reading order, and reflow core (KBDL-RSP-001, KBDL-RSP-006, KBDL-RSP-007, KBDL-RSP-015, KBDL-RSP-016, KBDL-RSP-020)",Uniform default,KBDL-006,KBDL-006
KBDL-RSP-015,Roadmap prompt,"Responsive-content priority, source/reading order, and reflow core (KBDL-RSP-001, KBDL-RSP-006, KBDL-RSP-007, KBDL-RSP-015, KBDL-RSP-016, KBDL-RSP-020)",Uniform default,KBDL-006,KBDL-006
KBDL-RSP-016,Roadmap prompt,"Responsive-content priority, source/reading order, and reflow core (KBDL-RSP-001, KBDL-RSP-006, KBDL-RSP-007, KBDL-RSP-015, KBDL-RSP-016, KBDL-RSP-020)",Uniform default,KBDL-006,KBDL-006
KBDL-RSP-020,Roadmap prompt,"Responsive-content priority, source/reading order, and reflow core (KBDL-RSP-001, KBDL-RSP-006, KBDL-RSP-007, KBDL-RSP-015, KBDL-RSP-016, KBDL-RSP-020)",Uniform default,KBDL-006,KBDL-006
KBDL-RSP-001,Specification location,"Responsive-content priority, source/reading order, and reflow core (KBDL-RSP-001, KBDL-RSP-006, KBDL-RSP-007, KBDL-RSP-015, KBDL-RSP-016, KBDL-RSP-020)",Uniform default,"[responsive.md §4, §11, §12, §20, §21, §25](responsive.md#4-responsive-content-priority)","[responsive.md §4, §11, §12, §20, §21, §25](responsive.md#4-responsive-content-priority)"
KBDL-RSP-006,Specification location,"Responsive-content priority, source/reading order, and reflow core (KBDL-RSP-001, KBDL-RSP-006, KBDL-RSP-007, KBDL-RSP-015, KBDL-RSP-016, KBDL-RSP-020)",Uniform default,"[responsive.md §4, §11, §12, §20, §21, §25](responsive.md#4-responsive-content-priority)","[responsive.md §4, §11, §12, §20, §21, §25](responsive.md#4-responsive-content-priority)"
KBDL-RSP-007,Specification location,"Responsive-content priority, source/reading order, and reflow core (KBDL-RSP-001, KBDL-RSP-006, KBDL-RSP-007, KBDL-RSP-015, KBDL-RSP-016, KBDL-RSP-020)",Uniform default,"[responsive.md §4, §11, §12, §20, §21, §25](responsive.md#4-responsive-content-priority)","[responsive.md §4, §11, §12, §20, §21, §25](responsive.md#4-responsive-content-priority)"
KBDL-RSP-015,Specification location,"Responsive-content priority, source/reading order, and reflow core (KBDL-RSP-001, KBDL-RSP-006, KBDL-RSP-007, KBDL-RSP-015, KBDL-RSP-016, KBDL-RSP-020)",Uniform default,"[responsive.md §4, §11, §12, §20, §21, §25](responsive.md#4-responsive-content-priority)","[responsive.md §4, §11, §12, §20, §21, §25](responsive.md#4-responsive-content-priority)"
KBDL-RSP-016,Specification location,"Responsive-content priority, source/reading order, and reflow core (KBDL-RSP-001, KBDL-RSP-006, KBDL-RSP-007, KBDL-RSP-015, KBDL-RSP-016, KBDL-RSP-020)",Uniform default,"[responsive.md §4, §11, §12, §20, §21, §25](responsive.md#4-responsive-content-priority)","[responsive.md §4, §11, §12, §20, §21, §25](responsive.md#4-responsive-content-priority)"
KBDL-RSP-020,Specification location,"Responsive-content priority, source/reading order, and reflow core (KBDL-RSP-001, KBDL-RSP-006, KBDL-RSP-007, KBDL-RSP-015, KBDL-RSP-016, KBDL-RSP-020)",Uniform default,"[responsive.md §4, §11, §12, §20, §21, §25](responsive.md#4-responsive-content-priority)","[responsive.md §4, §11, §12, §20, §21, §25](responsive.md#4-responsive-content-priority)"
KBDL-RSP-001,Lifecycle status,"Responsive-content priority, source/reading order, and reflow core (KBDL-RSP-001, KBDL-RSP-006, KBDL-RSP-007, KBDL-RSP-015, KBDL-RSP-016, KBDL-RSP-020)",Missing,MISSING,MISSING
KBDL-RSP-006,Lifecycle status,"Responsive-content priority, source/reading order, and reflow core (KBDL-RSP-001, KBDL-RSP-006, KBDL-RSP-007, KBDL-RSP-015, KBDL-RSP-016, KBDL-RSP-020)",Missing,MISSING,MISSING
KBDL-RSP-007,Lifecycle status,"Responsive-content priority, source/reading order, and reflow core (KBDL-RSP-001, KBDL-RSP-006, KBDL-RSP-007, KBDL-RSP-015, KBDL-RSP-016, KBDL-RSP-020)",Missing,MISSING,MISSING
KBDL-RSP-015,Lifecycle status,"Responsive-content priority, source/reading order, and reflow core (KBDL-RSP-001, KBDL-RSP-006, KBDL-RSP-007, KBDL-RSP-015, KBDL-RSP-016, KBDL-RSP-020)",Missing,MISSING,MISSING
KBDL-RSP-016,Lifecycle status,"Responsive-content priority, source/reading order, and reflow core (KBDL-RSP-001, KBDL-RSP-006, KBDL-RSP-007, KBDL-RSP-015, KBDL-RSP-016, KBDL-RSP-020)",Missing,MISSING,MISSING
KBDL-RSP-020,Lifecycle status,"Responsive-content priority, source/reading order, and reflow core (KBDL-RSP-001, KBDL-RSP-006, KBDL-RSP-007, KBDL-RSP-015, KBDL-RSP-016, KBDL-RSP-020)",Missing,MISSING,MISSING
KBDL-RSP-001,Provenance,"Responsive-content priority, source/reading order, and reflow core (KBDL-RSP-001, KBDL-RSP-006, KBDL-RSP-007, KBDL-RSP-015, KBDL-RSP-016, KBDL-RSP-020)",Missing,MISSING,MISSING
KBDL-RSP-006,Provenance,"Responsive-content priority, source/reading order, and reflow core (KBDL-RSP-001, KBDL-RSP-006, KBDL-RSP-007, KBDL-RSP-015, KBDL-RSP-016, KBDL-RSP-020)",Missing,MISSING,MISSING
KBDL-RSP-007,Provenance,"Responsive-content priority, source/reading order, and reflow core (KBDL-RSP-001, KBDL-RSP-006, KBDL-RSP-007, KBDL-RSP-015, KBDL-RSP-016, KBDL-RSP-020)",Missing,MISSING,MISSING
KBDL-RSP-015,Provenance,"Responsive-content priority, source/reading order, and reflow core (KBDL-RSP-001, KBDL-RSP-006, KBDL-RSP-007, KBDL-RSP-015, KBDL-RSP-016, KBDL-RSP-020)",Missing,MISSING,MISSING
KBDL-RSP-016,Provenance,"Responsive-content priority, source/reading order, and reflow core (KBDL-RSP-001, KBDL-RSP-006, KBDL-RSP-007, KBDL-RSP-015, KBDL-RSP-016, KBDL-RSP-020)",Missing,MISSING,MISSING
KBDL-RSP-020,Provenance,"Responsive-content priority, source/reading order, and reflow core (KBDL-RSP-001, KBDL-RSP-006, KBDL-RSP-007, KBDL-RSP-015, KBDL-RSP-016, KBDL-RSP-020)",Missing,MISSING,MISSING
KBDL-RSP-001,Validation classification,"Responsive-content priority, source/reading order, and reflow core (KBDL-RSP-001, KBDL-RSP-006, KBDL-RSP-007, KBDL-RSP-015, KBDL-RSP-016, KBDL-RSP-020)",Uniform default,Not verified,Not verified
KBDL-RSP-006,Validation classification,"Responsive-content priority, source/reading order, and reflow core (KBDL-RSP-001, KBDL-RSP-006, KBDL-RSP-007, KBDL-RSP-015, KBDL-RSP-016, KBDL-RSP-020)",Uniform default,Not verified,Not verified
KBDL-RSP-007,Validation classification,"Responsive-content priority, source/reading order, and reflow core (KBDL-RSP-001, KBDL-RSP-006, KBDL-RSP-007, KBDL-RSP-015, KBDL-RSP-016, KBDL-RSP-020)",Uniform default,Not verified,Not verified
KBDL-RSP-015,Validation classification,"Responsive-content priority, source/reading order, and reflow core (KBDL-RSP-001, KBDL-RSP-006, KBDL-RSP-007, KBDL-RSP-015, KBDL-RSP-016, KBDL-RSP-020)",Uniform default,Not verified,Not verified
KBDL-RSP-016,Validation classification,"Responsive-content priority, source/reading order, and reflow core (KBDL-RSP-001, KBDL-RSP-006, KBDL-RSP-007, KBDL-RSP-015, KBDL-RSP-016, KBDL-RSP-020)",Uniform default,Not verified,Not verified
KBDL-RSP-020,Validation classification,"Responsive-content priority, source/reading order, and reflow core (KBDL-RSP-001, KBDL-RSP-006, KBDL-RSP-007, KBDL-RSP-015, KBDL-RSP-016, KBDL-RSP-020)",Uniform default,Not verified,Not verified
KBDL-RSP-001,Authority,"Responsive-content priority, source/reading order, and reflow core (KBDL-RSP-001, KBDL-RSP-006, KBDL-RSP-007, KBDL-RSP-015, KBDL-RSP-016, KBDL-RSP-020)",Missing,MISSING,MISSING
KBDL-RSP-006,Authority,"Responsive-content priority, source/reading order, and reflow core (KBDL-RSP-001, KBDL-RSP-006, KBDL-RSP-007, KBDL-RSP-015, KBDL-RSP-016, KBDL-RSP-020)",Missing,MISSING,MISSING
KBDL-RSP-007,Authority,"Responsive-content priority, source/reading order, and reflow core (KBDL-RSP-001, KBDL-RSP-006, KBDL-RSP-007, KBDL-RSP-015, KBDL-RSP-016, KBDL-RSP-020)",Missing,MISSING,MISSING
KBDL-RSP-015,Authority,"Responsive-content priority, source/reading order, and reflow core (KBDL-RSP-001, KBDL-RSP-006, KBDL-RSP-007, KBDL-RSP-015, KBDL-RSP-016, KBDL-RSP-020)",Missing,MISSING,MISSING
KBDL-RSP-016,Authority,"Responsive-content priority, source/reading order, and reflow core (KBDL-RSP-001, KBDL-RSP-006, KBDL-RSP-007, KBDL-RSP-015, KBDL-RSP-016, KBDL-RSP-020)",Missing,MISSING,MISSING
KBDL-RSP-020,Authority,"Responsive-content priority, source/reading order, and reflow core (KBDL-RSP-001, KBDL-RSP-006, KBDL-RSP-007, KBDL-RSP-015, KBDL-RSP-016, KBDL-RSP-020)",Missing,MISSING,MISSING
KBDL-RSP-001,Validation method,"Responsive-content priority, source/reading order, and reflow core (KBDL-RSP-001, KBDL-RSP-006, KBDL-RSP-007, KBDL-RSP-015, KBDL-RSP-016, KBDL-RSP-020)",Uniform default,Manual reflow/zoom/orientation/order testing once an implementation exists.,Manual reflow/zoom/orientation/order testing once an implementation exists.
KBDL-RSP-006,Validation method,"Responsive-content priority, source/reading order, and reflow core (KBDL-RSP-001, KBDL-RSP-006, KBDL-RSP-007, KBDL-RSP-015, KBDL-RSP-016, KBDL-RSP-020)",Uniform default,Manual reflow/zoom/orientation/order testing once an implementation exists.,Manual reflow/zoom/orientation/order testing once an implementation exists.
KBDL-RSP-007,Validation method,"Responsive-content priority, source/reading order, and reflow core (KBDL-RSP-001, KBDL-RSP-006, KBDL-RSP-007, KBDL-RSP-015, KBDL-RSP-016, KBDL-RSP-020)",Uniform default,Manual reflow/zoom/orientation/order testing once an implementation exists.,Manual reflow/zoom/orientation/order testing once an implementation exists.
KBDL-RSP-015,Validation method,"Responsive-content priority, source/reading order, and reflow core (KBDL-RSP-001, KBDL-RSP-006, KBDL-RSP-007, KBDL-RSP-015, KBDL-RSP-016, KBDL-RSP-020)",Uniform default,Manual reflow/zoom/orientation/order testing once an implementation exists.,Manual reflow/zoom/orientation/order testing once an implementation exists.
KBDL-RSP-016,Validation method,"Responsive-content priority, source/reading order, and reflow core (KBDL-RSP-001, KBDL-RSP-006, KBDL-RSP-007, KBDL-RSP-015, KBDL-RSP-016, KBDL-RSP-020)",Uniform default,Manual reflow/zoom/orientation/order testing once an implementation exists.,Manual reflow/zoom/orientation/order testing once an implementation exists.
KBDL-RSP-020,Validation method,"Responsive-content priority, source/reading order, and reflow core (KBDL-RSP-001, KBDL-RSP-006, KBDL-RSP-007, KBDL-RSP-015, KBDL-RSP-016, KBDL-RSP-020)",Uniform default,Manual reflow/zoom/orientation/order testing once an implementation exists.,Manual reflow/zoom/orientation/order testing once an implementation exists.
KBDL-RSP-001,Validation evidence,"Responsive-content priority, source/reading order, and reflow core (KBDL-RSP-001, KBDL-RSP-006, KBDL-RSP-007, KBDL-RSP-015, KBDL-RSP-016, KBDL-RSP-020)",Uniform default,Not verified — no implementation exists yet.,Not verified — no implementation exists yet.
KBDL-RSP-006,Validation evidence,"Responsive-content priority, source/reading order, and reflow core (KBDL-RSP-001, KBDL-RSP-006, KBDL-RSP-007, KBDL-RSP-015, KBDL-RSP-016, KBDL-RSP-020)",Uniform default,Not verified — no implementation exists yet.,Not verified — no implementation exists yet.
KBDL-RSP-007,Validation evidence,"Responsive-content priority, source/reading order, and reflow core (KBDL-RSP-001, KBDL-RSP-006, KBDL-RSP-007, KBDL-RSP-015, KBDL-RSP-016, KBDL-RSP-020)",Uniform default,Not verified — no implementation exists yet.,Not verified — no implementation exists yet.
KBDL-RSP-015,Validation evidence,"Responsive-content priority, source/reading order, and reflow core (KBDL-RSP-001, KBDL-RSP-006, KBDL-RSP-007, KBDL-RSP-015, KBDL-RSP-016, KBDL-RSP-020)",Uniform default,Not verified — no implementation exists yet.,Not verified — no implementation exists yet.
KBDL-RSP-016,Validation evidence,"Responsive-content priority, source/reading order, and reflow core (KBDL-RSP-001, KBDL-RSP-006, KBDL-RSP-007, KBDL-RSP-015, KBDL-RSP-016, KBDL-RSP-020)",Uniform default,Not verified — no implementation exists yet.,Not verified — no implementation exists yet.
KBDL-RSP-020,Validation evidence,"Responsive-content priority, source/reading order, and reflow core (KBDL-RSP-001, KBDL-RSP-006, KBDL-RSP-007, KBDL-RSP-015, KBDL-RSP-016, KBDL-RSP-020)",Uniform default,Not verified — no implementation exists yet.,Not verified — no implementation exists yet.
KBDL-RSP-001,Known limitation,"Responsive-content priority, source/reading order, and reflow core (KBDL-RSP-001, KBDL-RSP-006, KBDL-RSP-007, KBDL-RSP-015, KBDL-RSP-016, KBDL-RSP-020)",Uniform default,Implementation-dependent; cannot be tested until a real layout exists.,Implementation-dependent; cannot be tested until a real layout exists.
KBDL-RSP-006,Known limitation,"Responsive-content priority, source/reading order, and reflow core (KBDL-RSP-001, KBDL-RSP-006, KBDL-RSP-007, KBDL-RSP-015, KBDL-RSP-016, KBDL-RSP-020)",Uniform default,Implementation-dependent; cannot be tested until a real layout exists.,Implementation-dependent; cannot be tested until a real layout exists.
KBDL-RSP-007,Known limitation,"Responsive-content priority, source/reading order, and reflow core (KBDL-RSP-001, KBDL-RSP-006, KBDL-RSP-007, KBDL-RSP-015, KBDL-RSP-016, KBDL-RSP-020)",Uniform default,Implementation-dependent; cannot be tested until a real layout exists.,Implementation-dependent; cannot be tested until a real layout exists.
KBDL-RSP-015,Known limitation,"Responsive-content priority, source/reading order, and reflow core (KBDL-RSP-001, KBDL-RSP-006, KBDL-RSP-007, KBDL-RSP-015, KBDL-RSP-016, KBDL-RSP-020)",Uniform default,Implementation-dependent; cannot be tested until a real layout exists.,Implementation-dependent; cannot be tested until a real layout exists.
KBDL-RSP-016,Known limitation,"Responsive-content priority, source/reading order, and reflow core (KBDL-RSP-001, KBDL-RSP-006, KBDL-RSP-007, KBDL-RSP-015, KBDL-RSP-016, KBDL-RSP-020)",Uniform default,Implementation-dependent; cannot be tested until a real layout exists.,Implementation-dependent; cannot be tested until a real layout exists.
KBDL-RSP-020,Known limitation,"Responsive-content priority, source/reading order, and reflow core (KBDL-RSP-001, KBDL-RSP-006, KBDL-RSP-007, KBDL-RSP-015, KBDL-RSP-016, KBDL-RSP-020)",Uniform default,Implementation-dependent; cannot be tested until a real layout exists.,Implementation-dependent; cannot be tested until a real layout exists.
KBDL-RSP-001,Packet or tracking destination,"Responsive-content priority, source/reading order, and reflow core (KBDL-RSP-001, KBDL-RSP-006, KBDL-RSP-007, KBDL-RSP-015, KBDL-RSP-016, KBDL-RSP-020)",Missing,MISSING,MISSING
KBDL-RSP-006,Packet or tracking destination,"Responsive-content priority, source/reading order, and reflow core (KBDL-RSP-001, KBDL-RSP-006, KBDL-RSP-007, KBDL-RSP-015, KBDL-RSP-016, KBDL-RSP-020)",Missing,MISSING,MISSING
KBDL-RSP-007,Packet or tracking destination,"Responsive-content priority, source/reading order, and reflow core (KBDL-RSP-001, KBDL-RSP-006, KBDL-RSP-007, KBDL-RSP-015, KBDL-RSP-016, KBDL-RSP-020)",Missing,MISSING,MISSING
KBDL-RSP-015,Packet or tracking destination,"Responsive-content priority, source/reading order, and reflow core (KBDL-RSP-001, KBDL-RSP-006, KBDL-RSP-007, KBDL-RSP-015, KBDL-RSP-016, KBDL-RSP-020)",Missing,MISSING,MISSING
KBDL-RSP-016,Packet or tracking destination,"Responsive-content priority, source/reading order, and reflow core (KBDL-RSP-001, KBDL-RSP-006, KBDL-RSP-007, KBDL-RSP-015, KBDL-RSP-016, KBDL-RSP-020)",Missing,MISSING,MISSING
KBDL-RSP-020,Packet or tracking destination,"Responsive-content priority, source/reading order, and reflow core (KBDL-RSP-001, KBDL-RSP-006, KBDL-RSP-007, KBDL-RSP-015, KBDL-RSP-016, KBDL-RSP-020)",Missing,MISSING,MISSING
KBDL-RSP-001,Pending dependencies,"Responsive-content priority, source/reading order, and reflow core (KBDL-RSP-001, KBDL-RSP-006, KBDL-RSP-007, KBDL-RSP-015, KBDL-RSP-016, KBDL-RSP-020)",Missing,MISSING,MISSING
KBDL-RSP-006,Pending dependencies,"Responsive-content priority, source/reading order, and reflow core (KBDL-RSP-001, KBDL-RSP-006, KBDL-RSP-007, KBDL-RSP-015, KBDL-RSP-016, KBDL-RSP-020)",Missing,MISSING,MISSING
KBDL-RSP-007,Pending dependencies,"Responsive-content priority, source/reading order, and reflow core (KBDL-RSP-001, KBDL-RSP-006, KBDL-RSP-007, KBDL-RSP-015, KBDL-RSP-016, KBDL-RSP-020)",Missing,MISSING,MISSING
KBDL-RSP-015,Pending dependencies,"Responsive-content priority, source/reading order, and reflow core (KBDL-RSP-001, KBDL-RSP-006, KBDL-RSP-007, KBDL-RSP-015, KBDL-RSP-016, KBDL-RSP-020)",Missing,MISSING,MISSING
KBDL-RSP-016,Pending dependencies,"Responsive-content priority, source/reading order, and reflow core (KBDL-RSP-001, KBDL-RSP-006, KBDL-RSP-007, KBDL-RSP-015, KBDL-RSP-016, KBDL-RSP-020)",Missing,MISSING,MISSING
KBDL-RSP-020,Pending dependencies,"Responsive-content priority, source/reading order, and reflow core (KBDL-RSP-001, KBDL-RSP-006, KBDL-RSP-007, KBDL-RSP-015, KBDL-RSP-016, KBDL-RSP-020)",Missing,MISSING,MISSING
KBDL-RSP-001,Related decision,"Responsive-content priority, source/reading order, and reflow core (KBDL-RSP-001, KBDL-RSP-006, KBDL-RSP-007, KBDL-RSP-015, KBDL-RSP-016, KBDL-RSP-020)",Uniform default,`KBDL-DEC-010` (WCAG 2.2 AA baseline).,`KBDL-DEC-010` (WCAG 2.2 AA baseline).
KBDL-RSP-006,Related decision,"Responsive-content priority, source/reading order, and reflow core (KBDL-RSP-001, KBDL-RSP-006, KBDL-RSP-007, KBDL-RSP-015, KBDL-RSP-016, KBDL-RSP-020)",Uniform default,`KBDL-DEC-010` (WCAG 2.2 AA baseline).,`KBDL-DEC-010` (WCAG 2.2 AA baseline).
KBDL-RSP-007,Related decision,"Responsive-content priority, source/reading order, and reflow core (KBDL-RSP-001, KBDL-RSP-006, KBDL-RSP-007, KBDL-RSP-015, KBDL-RSP-016, KBDL-RSP-020)",Uniform default,`KBDL-DEC-010` (WCAG 2.2 AA baseline).,`KBDL-DEC-010` (WCAG 2.2 AA baseline).
KBDL-RSP-015,Related decision,"Responsive-content priority, source/reading order, and reflow core (KBDL-RSP-001, KBDL-RSP-006, KBDL-RSP-007, KBDL-RSP-015, KBDL-RSP-016, KBDL-RSP-020)",Uniform default,`KBDL-DEC-010` (WCAG 2.2 AA baseline).,`KBDL-DEC-010` (WCAG 2.2 AA baseline).
KBDL-RSP-016,Related decision,"Responsive-content priority, source/reading order, and reflow core (KBDL-RSP-001, KBDL-RSP-006, KBDL-RSP-007, KBDL-RSP-015, KBDL-RSP-016, KBDL-RSP-020)",Uniform default,`KBDL-DEC-010` (WCAG 2.2 AA baseline).,`KBDL-DEC-010` (WCAG 2.2 AA baseline).
KBDL-RSP-020,Related decision,"Responsive-content priority, source/reading order, and reflow core (KBDL-RSP-001, KBDL-RSP-006, KBDL-RSP-007, KBDL-RSP-015, KBDL-RSP-016, KBDL-RSP-020)",Uniform default,`KBDL-DEC-010` (WCAG 2.2 AA baseline).,`KBDL-DEC-010` (WCAG 2.2 AA baseline).
KBDL-RSP-001,Notes or exclusions,"Responsive-content priority, source/reading order, and reflow core (KBDL-RSP-001, KBDL-RSP-006, KBDL-RSP-007, KBDL-RSP-015, KBDL-RSP-016, KBDL-RSP-020)",Uniform default,These six requirements restate already-approved principles or WCAG criteria at responsive-specific granularity; no new policy is introduced.,These six requirements restate already-approved principles or WCAG criteria at responsive-specific granularity; no new policy is introduced.
KBDL-RSP-006,Notes or exclusions,"Responsive-content priority, source/reading order, and reflow core (KBDL-RSP-001, KBDL-RSP-006, KBDL-RSP-007, KBDL-RSP-015, KBDL-RSP-016, KBDL-RSP-020)",Uniform default,These six requirements restate already-approved principles or WCAG criteria at responsive-specific granularity; no new policy is introduced.,These six requirements restate already-approved principles or WCAG criteria at responsive-specific granularity; no new policy is introduced.
KBDL-RSP-007,Notes or exclusions,"Responsive-content priority, source/reading order, and reflow core (KBDL-RSP-001, KBDL-RSP-006, KBDL-RSP-007, KBDL-RSP-015, KBDL-RSP-016, KBDL-RSP-020)",Uniform default,These six requirements restate already-approved principles or WCAG criteria at responsive-specific granularity; no new policy is introduced.,These six requirements restate already-approved principles or WCAG criteria at responsive-specific granularity; no new policy is introduced.
KBDL-RSP-015,Notes or exclusions,"Responsive-content priority, source/reading order, and reflow core (KBDL-RSP-001, KBDL-RSP-006, KBDL-RSP-007, KBDL-RSP-015, KBDL-RSP-016, KBDL-RSP-020)",Uniform default,These six requirements restate already-approved principles or WCAG criteria at responsive-specific granularity; no new policy is introduced.,These six requirements restate already-approved principles or WCAG criteria at responsive-specific granularity; no new policy is introduced.
KBDL-RSP-016,Notes or exclusions,"Responsive-content priority, source/reading order, and reflow core (KBDL-RSP-001, KBDL-RSP-006, KBDL-RSP-007, KBDL-RSP-015, KBDL-RSP-016, KBDL-RSP-020)",Uniform default,These six requirements restate already-approved principles or WCAG criteria at responsive-specific granularity; no new policy is introduced.,These six requirements restate already-approved principles or WCAG criteria at responsive-specific granularity; no new policy is introduced.
KBDL-RSP-020,Notes or exclusions,"Responsive-content priority, source/reading order, and reflow core (KBDL-RSP-001, KBDL-RSP-006, KBDL-RSP-007, KBDL-RSP-015, KBDL-RSP-016, KBDL-RSP-020)",Uniform default,These six requirements restate already-approved principles or WCAG criteria at responsive-specific granularity; no new policy is introduced.,These six requirements restate already-approved principles or WCAG criteria at responsive-specific granularity; no new policy is introduced.
KBDL-RSP-002,Blueprint section,"Breakpoint, grid, container, and gutter defaults (KBDL-RSP-002, KBDL-RSP-003, KBDL-RSP-004, KBDL-RSP-005)",Uniform default,Exact breakpoint thresholds; grid column counts; container widths and reading measures; gutters and responsive spacing,Exact breakpoint thresholds; grid column counts; container widths and reading measures; gutters and responsive spacing
KBDL-RSP-003,Blueprint section,"Breakpoint, grid, container, and gutter defaults (KBDL-RSP-002, KBDL-RSP-003, KBDL-RSP-004, KBDL-RSP-005)",Uniform default,Exact breakpoint thresholds; grid column counts; container widths and reading measures; gutters and responsive spacing,Exact breakpoint thresholds; grid column counts; container widths and reading measures; gutters and responsive spacing
KBDL-RSP-004,Blueprint section,"Breakpoint, grid, container, and gutter defaults (KBDL-RSP-002, KBDL-RSP-003, KBDL-RSP-004, KBDL-RSP-005)",Uniform default,Exact breakpoint thresholds; grid column counts; container widths and reading measures; gutters and responsive spacing,Exact breakpoint thresholds; grid column counts; container widths and reading measures; gutters and responsive spacing
KBDL-RSP-005,Blueprint section,"Breakpoint, grid, container, and gutter defaults (KBDL-RSP-002, KBDL-RSP-003, KBDL-RSP-004, KBDL-RSP-005)",Uniform default,Exact breakpoint thresholds; grid column counts; container widths and reading measures; gutters and responsive spacing,Exact breakpoint thresholds; grid column counts; container widths and reading measures; gutters and responsive spacing
KBDL-RSP-002,Roadmap prompt,"Breakpoint, grid, container, and gutter defaults (KBDL-RSP-002, KBDL-RSP-003, KBDL-RSP-004, KBDL-RSP-005)",Uniform default,KBDL-006,KBDL-006
KBDL-RSP-003,Roadmap prompt,"Breakpoint, grid, container, and gutter defaults (KBDL-RSP-002, KBDL-RSP-003, KBDL-RSP-004, KBDL-RSP-005)",Uniform default,KBDL-006,KBDL-006
KBDL-RSP-004,Roadmap prompt,"Breakpoint, grid, container, and gutter defaults (KBDL-RSP-002, KBDL-RSP-003, KBDL-RSP-004, KBDL-RSP-005)",Uniform default,KBDL-006,KBDL-006
KBDL-RSP-005,Roadmap prompt,"Breakpoint, grid, container, and gutter defaults (KBDL-RSP-002, KBDL-RSP-003, KBDL-RSP-004, KBDL-RSP-005)",Uniform default,KBDL-006,KBDL-006
KBDL-RSP-002,Specification location,"Breakpoint, grid, container, and gutter defaults (KBDL-RSP-002, KBDL-RSP-003, KBDL-RSP-004, KBDL-RSP-005)",Uniform default,"[responsive.md §7, §8, §9, §10](responsive.md#7-proposed-exact-breakpoint-thresholds)","[responsive.md §7, §8, §9, §10](responsive.md#7-proposed-exact-breakpoint-thresholds)"
KBDL-RSP-003,Specification location,"Breakpoint, grid, container, and gutter defaults (KBDL-RSP-002, KBDL-RSP-003, KBDL-RSP-004, KBDL-RSP-005)",Uniform default,"[responsive.md §7, §8, §9, §10](responsive.md#7-proposed-exact-breakpoint-thresholds)","[responsive.md §7, §8, §9, §10](responsive.md#7-proposed-exact-breakpoint-thresholds)"
KBDL-RSP-004,Specification location,"Breakpoint, grid, container, and gutter defaults (KBDL-RSP-002, KBDL-RSP-003, KBDL-RSP-004, KBDL-RSP-005)",Uniform default,"[responsive.md §7, §8, §9, §10](responsive.md#7-proposed-exact-breakpoint-thresholds)","[responsive.md §7, §8, §9, §10](responsive.md#7-proposed-exact-breakpoint-thresholds)"
KBDL-RSP-005,Specification location,"Breakpoint, grid, container, and gutter defaults (KBDL-RSP-002, KBDL-RSP-003, KBDL-RSP-004, KBDL-RSP-005)",Uniform default,"[responsive.md §7, §8, §9, §10](responsive.md#7-proposed-exact-breakpoint-thresholds)","[responsive.md §7, §8, §9, §10](responsive.md#7-proposed-exact-breakpoint-thresholds)"
KBDL-RSP-002,Lifecycle status,"Breakpoint, grid, container, and gutter defaults (KBDL-RSP-002, KBDL-RSP-003, KBDL-RSP-004, KBDL-RSP-005)",Missing,MISSING,MISSING
KBDL-RSP-003,Lifecycle status,"Breakpoint, grid, container, and gutter defaults (KBDL-RSP-002, KBDL-RSP-003, KBDL-RSP-004, KBDL-RSP-005)",Missing,MISSING,MISSING
KBDL-RSP-004,Lifecycle status,"Breakpoint, grid, container, and gutter defaults (KBDL-RSP-002, KBDL-RSP-003, KBDL-RSP-004, KBDL-RSP-005)",Missing,MISSING,MISSING
KBDL-RSP-005,Lifecycle status,"Breakpoint, grid, container, and gutter defaults (KBDL-RSP-002, KBDL-RSP-003, KBDL-RSP-004, KBDL-RSP-005)",Missing,MISSING,MISSING
KBDL-RSP-002,Provenance,"Breakpoint, grid, container, and gutter defaults (KBDL-RSP-002, KBDL-RSP-003, KBDL-RSP-004, KBDL-RSP-005)",Missing,MISSING,MISSING
KBDL-RSP-003,Provenance,"Breakpoint, grid, container, and gutter defaults (KBDL-RSP-002, KBDL-RSP-003, KBDL-RSP-004, KBDL-RSP-005)",Missing,MISSING,MISSING
KBDL-RSP-004,Provenance,"Breakpoint, grid, container, and gutter defaults (KBDL-RSP-002, KBDL-RSP-003, KBDL-RSP-004, KBDL-RSP-005)",Missing,MISSING,MISSING
KBDL-RSP-005,Provenance,"Breakpoint, grid, container, and gutter defaults (KBDL-RSP-002, KBDL-RSP-003, KBDL-RSP-004, KBDL-RSP-005)",Missing,MISSING,MISSING
KBDL-RSP-002,Validation classification,"Breakpoint, grid, container, and gutter defaults (KBDL-RSP-002, KBDL-RSP-003, KBDL-RSP-004, KBDL-RSP-005)",Uniform default,Not applicable,Not applicable
KBDL-RSP-003,Validation classification,"Breakpoint, grid, container, and gutter defaults (KBDL-RSP-002, KBDL-RSP-003, KBDL-RSP-004, KBDL-RSP-005)",Uniform default,Not applicable,Not applicable
KBDL-RSP-004,Validation classification,"Breakpoint, grid, container, and gutter defaults (KBDL-RSP-002, KBDL-RSP-003, KBDL-RSP-004, KBDL-RSP-005)",Uniform default,Not applicable,Not applicable
KBDL-RSP-005,Validation classification,"Breakpoint, grid, container, and gutter defaults (KBDL-RSP-002, KBDL-RSP-003, KBDL-RSP-004, KBDL-RSP-005)",Uniform default,Not applicable,Not applicable
KBDL-RSP-002,Authority,"Breakpoint, grid, container, and gutter defaults (KBDL-RSP-002, KBDL-RSP-003, KBDL-RSP-004, KBDL-RSP-005)",Missing,MISSING,MISSING
KBDL-RSP-003,Authority,"Breakpoint, grid, container, and gutter defaults (KBDL-RSP-002, KBDL-RSP-003, KBDL-RSP-004, KBDL-RSP-005)",Missing,MISSING,MISSING
KBDL-RSP-004,Authority,"Breakpoint, grid, container, and gutter defaults (KBDL-RSP-002, KBDL-RSP-003, KBDL-RSP-004, KBDL-RSP-005)",Missing,MISSING,MISSING
KBDL-RSP-005,Authority,"Breakpoint, grid, container, and gutter defaults (KBDL-RSP-002, KBDL-RSP-003, KBDL-RSP-004, KBDL-RSP-005)",Missing,MISSING,MISSING
KBDL-RSP-002,Validation method,"Breakpoint, grid, container, and gutter defaults (KBDL-RSP-002, KBDL-RSP-003, KBDL-RSP-004, KBDL-RSP-005)",Uniform default,Project-owner review (not yet performed); implementation-level review once an implementation exists.,Project-owner review (not yet performed); implementation-level review once an implementation exists.
KBDL-RSP-003,Validation method,"Breakpoint, grid, container, and gutter defaults (KBDL-RSP-002, KBDL-RSP-003, KBDL-RSP-004, KBDL-RSP-005)",Uniform default,Project-owner review (not yet performed); implementation-level review once an implementation exists.,Project-owner review (not yet performed); implementation-level review once an implementation exists.
KBDL-RSP-004,Validation method,"Breakpoint, grid, container, and gutter defaults (KBDL-RSP-002, KBDL-RSP-003, KBDL-RSP-004, KBDL-RSP-005)",Uniform default,Project-owner review (not yet performed); implementation-level review once an implementation exists.,Project-owner review (not yet performed); implementation-level review once an implementation exists.
KBDL-RSP-005,Validation method,"Breakpoint, grid, container, and gutter defaults (KBDL-RSP-002, KBDL-RSP-003, KBDL-RSP-004, KBDL-RSP-005)",Uniform default,Project-owner review (not yet performed); implementation-level review once an implementation exists.,Project-owner review (not yet performed); implementation-level review once an implementation exists.
KBDL-RSP-002,Validation evidence,"Breakpoint, grid, container, and gutter defaults (KBDL-RSP-002, KBDL-RSP-003, KBDL-RSP-004, KBDL-RSP-005)",Uniform default,Not verified — no implementation exists yet.,Not verified — no implementation exists yet.
KBDL-RSP-003,Validation evidence,"Breakpoint, grid, container, and gutter defaults (KBDL-RSP-002, KBDL-RSP-003, KBDL-RSP-004, KBDL-RSP-005)",Uniform default,Not verified — no implementation exists yet.,Not verified — no implementation exists yet.
KBDL-RSP-004,Validation evidence,"Breakpoint, grid, container, and gutter defaults (KBDL-RSP-002, KBDL-RSP-003, KBDL-RSP-004, KBDL-RSP-005)",Uniform default,Not verified — no implementation exists yet.,Not verified — no implementation exists yet.
KBDL-RSP-005,Validation evidence,"Breakpoint, grid, container, and gutter defaults (KBDL-RSP-002, KBDL-RSP-003, KBDL-RSP-004, KBDL-RSP-005)",Uniform default,Not verified — no implementation exists yet.,Not verified — no implementation exists yet.
KBDL-RSP-002,Known limitation,"Breakpoint, grid, container, and gutter defaults (KBDL-RSP-002, KBDL-RSP-003, KBDL-RSP-004, KBDL-RSP-005)",Uniform default,These are recommendations awaiting project-owner approval; must not be treated as `Approved` or implemented until that approval is recorded.,These are recommendations awaiting project-owner approval; must not be treated as `Approved` or implemented until that approval is recorded.
KBDL-RSP-003,Known limitation,"Breakpoint, grid, container, and gutter defaults (KBDL-RSP-002, KBDL-RSP-003, KBDL-RSP-004, KBDL-RSP-005)",Uniform default,These are recommendations awaiting project-owner approval; must not be treated as `Approved` or implemented until that approval is recorded.,These are recommendations awaiting project-owner approval; must not be treated as `Approved` or implemented until that approval is recorded.
KBDL-RSP-004,Known limitation,"Breakpoint, grid, container, and gutter defaults (KBDL-RSP-002, KBDL-RSP-003, KBDL-RSP-004, KBDL-RSP-005)",Uniform default,These are recommendations awaiting project-owner approval; must not be treated as `Approved` or implemented until that approval is recorded.,These are recommendations awaiting project-owner approval; must not be treated as `Approved` or implemented until that approval is recorded.
KBDL-RSP-005,Known limitation,"Breakpoint, grid, container, and gutter defaults (KBDL-RSP-002, KBDL-RSP-003, KBDL-RSP-004, KBDL-RSP-005)",Uniform default,These are recommendations awaiting project-owner approval; must not be treated as `Approved` or implemented until that approval is recorded.,These are recommendations awaiting project-owner approval; must not be treated as `Approved` or implemented until that approval is recorded.
KBDL-RSP-002,Packet or tracking destination,"Breakpoint, grid, container, and gutter defaults (KBDL-RSP-002, KBDL-RSP-003, KBDL-RSP-004, KBDL-RSP-005)",Missing,MISSING,MISSING
KBDL-RSP-003,Packet or tracking destination,"Breakpoint, grid, container, and gutter defaults (KBDL-RSP-002, KBDL-RSP-003, KBDL-RSP-004, KBDL-RSP-005)",Missing,MISSING,MISSING
KBDL-RSP-004,Packet or tracking destination,"Breakpoint, grid, container, and gutter defaults (KBDL-RSP-002, KBDL-RSP-003, KBDL-RSP-004, KBDL-RSP-005)",Missing,MISSING,MISSING
KBDL-RSP-005,Packet or tracking destination,"Breakpoint, grid, container, and gutter defaults (KBDL-RSP-002, KBDL-RSP-003, KBDL-RSP-004, KBDL-RSP-005)",Missing,MISSING,MISSING
KBDL-RSP-002,Pending dependencies,"Breakpoint, grid, container, and gutter defaults (KBDL-RSP-002, KBDL-RSP-003, KBDL-RSP-004, KBDL-RSP-005)",Missing,MISSING,MISSING
KBDL-RSP-003,Pending dependencies,"Breakpoint, grid, container, and gutter defaults (KBDL-RSP-002, KBDL-RSP-003, KBDL-RSP-004, KBDL-RSP-005)",Missing,MISSING,MISSING
KBDL-RSP-004,Pending dependencies,"Breakpoint, grid, container, and gutter defaults (KBDL-RSP-002, KBDL-RSP-003, KBDL-RSP-004, KBDL-RSP-005)",Missing,MISSING,MISSING
KBDL-RSP-005,Pending dependencies,"Breakpoint, grid, container, and gutter defaults (KBDL-RSP-002, KBDL-RSP-003, KBDL-RSP-004, KBDL-RSP-005)",Missing,MISSING,MISSING
KBDL-RSP-002,Related decision,"Breakpoint, grid, container, and gutter defaults (KBDL-RSP-002, KBDL-RSP-003, KBDL-RSP-004, KBDL-RSP-005)",Uniform default,Not applicable — pending a future decision-register entry once the project owner reviews the responsive decision packet.,Not applicable — pending a future decision-register entry once the project owner reviews the responsive decision packet.
KBDL-RSP-003,Related decision,"Breakpoint, grid, container, and gutter defaults (KBDL-RSP-002, KBDL-RSP-003, KBDL-RSP-004, KBDL-RSP-005)",Uniform default,Not applicable — pending a future decision-register entry once the project owner reviews the responsive decision packet.,Not applicable — pending a future decision-register entry once the project owner reviews the responsive decision packet.
KBDL-RSP-004,Related decision,"Breakpoint, grid, container, and gutter defaults (KBDL-RSP-002, KBDL-RSP-003, KBDL-RSP-004, KBDL-RSP-005)",Uniform default,Not applicable — pending a future decision-register entry once the project owner reviews the responsive decision packet.,Not applicable — pending a future decision-register entry once the project owner reviews the responsive decision packet.
KBDL-RSP-005,Related decision,"Breakpoint, grid, container, and gutter defaults (KBDL-RSP-002, KBDL-RSP-003, KBDL-RSP-004, KBDL-RSP-005)",Uniform default,Not applicable — pending a future decision-register entry once the project owner reviews the responsive decision packet.,Not applicable — pending a future decision-register entry once the project owner reviews the responsive decision packet.
KBDL-RSP-002,Notes or exclusions,"Breakpoint, grid, container, and gutter defaults (KBDL-RSP-002, KBDL-RSP-003, KBDL-RSP-004, KBDL-RSP-005)",Uniform default,"Exact pixel values, grid columns, container widths, and gutters were explicitly deferred to KBDL-006 by `foundations/spacing-layout.md`; these four requirements resolve that deferral as `Recommended` proposals, mapped to [responsive decision packet](responsive.md#35-responsive-decision-packet) items 1–4.","Exact pixel values, grid columns, container widths, and gutters were explicitly deferred to KBDL-006 by `foundations/spacing-layout.md`; these four requirements resolve that deferral as `Recommended` proposals, mapped to [responsive decision packet](responsive.md#35-responsive-decision-packet) items 1–4."
KBDL-RSP-003,Notes or exclusions,"Breakpoint, grid, container, and gutter defaults (KBDL-RSP-002, KBDL-RSP-003, KBDL-RSP-004, KBDL-RSP-005)",Uniform default,"Exact pixel values, grid columns, container widths, and gutters were explicitly deferred to KBDL-006 by `foundations/spacing-layout.md`; these four requirements resolve that deferral as `Recommended` proposals, mapped to [responsive decision packet](responsive.md#35-responsive-decision-packet) items 1–4.","Exact pixel values, grid columns, container widths, and gutters were explicitly deferred to KBDL-006 by `foundations/spacing-layout.md`; these four requirements resolve that deferral as `Recommended` proposals, mapped to [responsive decision packet](responsive.md#35-responsive-decision-packet) items 1–4."
KBDL-RSP-004,Notes or exclusions,"Breakpoint, grid, container, and gutter defaults (KBDL-RSP-002, KBDL-RSP-003, KBDL-RSP-004, KBDL-RSP-005)",Uniform default,"Exact pixel values, grid columns, container widths, and gutters were explicitly deferred to KBDL-006 by `foundations/spacing-layout.md`; these four requirements resolve that deferral as `Recommended` proposals, mapped to [responsive decision packet](responsive.md#35-responsive-decision-packet) items 1–4.","Exact pixel values, grid columns, container widths, and gutters were explicitly deferred to KBDL-006 by `foundations/spacing-layout.md`; these four requirements resolve that deferral as `Recommended` proposals, mapped to [responsive decision packet](responsive.md#35-responsive-decision-packet) items 1–4."
KBDL-RSP-005,Notes or exclusions,"Breakpoint, grid, container, and gutter defaults (KBDL-RSP-002, KBDL-RSP-003, KBDL-RSP-004, KBDL-RSP-005)",Uniform default,"Exact pixel values, grid columns, container widths, and gutters were explicitly deferred to KBDL-006 by `foundations/spacing-layout.md`; these four requirements resolve that deferral as `Recommended` proposals, mapped to [responsive decision packet](responsive.md#35-responsive-decision-packet) items 1–4.","Exact pixel values, grid columns, container widths, and gutters were explicitly deferred to KBDL-006 by `foundations/spacing-layout.md`; these four requirements resolve that deferral as `Recommended` proposals, mapped to [responsive decision packet](responsive.md#35-responsive-decision-packet) items 1–4."
KBDL-RSP-008,Blueprint section,"Navigation, density, media, and data-dense adaptation (KBDL-RSP-008, KBDL-RSP-009, KBDL-RSP-010, KBDL-RSP-011, KBDL-RSP-012)",Uniform default,Navigation adaptation; content-density adaptation; media and image adaptation; data-dense/tabular content; full-bleed and asymmetric layouts,Navigation adaptation; content-density adaptation; media and image adaptation; data-dense/tabular content; full-bleed and asymmetric layouts
KBDL-RSP-009,Blueprint section,"Navigation, density, media, and data-dense adaptation (KBDL-RSP-008, KBDL-RSP-009, KBDL-RSP-010, KBDL-RSP-011, KBDL-RSP-012)",Uniform default,Navigation adaptation; content-density adaptation; media and image adaptation; data-dense/tabular content; full-bleed and asymmetric layouts,Navigation adaptation; content-density adaptation; media and image adaptation; data-dense/tabular content; full-bleed and asymmetric layouts
KBDL-RSP-010,Blueprint section,"Navigation, density, media, and data-dense adaptation (KBDL-RSP-008, KBDL-RSP-009, KBDL-RSP-010, KBDL-RSP-011, KBDL-RSP-012)",Uniform default,Navigation adaptation; content-density adaptation; media and image adaptation; data-dense/tabular content; full-bleed and asymmetric layouts,Navigation adaptation; content-density adaptation; media and image adaptation; data-dense/tabular content; full-bleed and asymmetric layouts
KBDL-RSP-011,Blueprint section,"Navigation, density, media, and data-dense adaptation (KBDL-RSP-008, KBDL-RSP-009, KBDL-RSP-010, KBDL-RSP-011, KBDL-RSP-012)",Uniform default,Navigation adaptation; content-density adaptation; media and image adaptation; data-dense/tabular content; full-bleed and asymmetric layouts,Navigation adaptation; content-density adaptation; media and image adaptation; data-dense/tabular content; full-bleed and asymmetric layouts
KBDL-RSP-012,Blueprint section,"Navigation, density, media, and data-dense adaptation (KBDL-RSP-008, KBDL-RSP-009, KBDL-RSP-010, KBDL-RSP-011, KBDL-RSP-012)",Uniform default,Navigation adaptation; content-density adaptation; media and image adaptation; data-dense/tabular content; full-bleed and asymmetric layouts,Navigation adaptation; content-density adaptation; media and image adaptation; data-dense/tabular content; full-bleed and asymmetric layouts
KBDL-RSP-008,Roadmap prompt,"Navigation, density, media, and data-dense adaptation (KBDL-RSP-008, KBDL-RSP-009, KBDL-RSP-010, KBDL-RSP-011, KBDL-RSP-012)",Uniform default,KBDL-006,KBDL-006
KBDL-RSP-009,Roadmap prompt,"Navigation, density, media, and data-dense adaptation (KBDL-RSP-008, KBDL-RSP-009, KBDL-RSP-010, KBDL-RSP-011, KBDL-RSP-012)",Uniform default,KBDL-006,KBDL-006
KBDL-RSP-010,Roadmap prompt,"Navigation, density, media, and data-dense adaptation (KBDL-RSP-008, KBDL-RSP-009, KBDL-RSP-010, KBDL-RSP-011, KBDL-RSP-012)",Uniform default,KBDL-006,KBDL-006
KBDL-RSP-011,Roadmap prompt,"Navigation, density, media, and data-dense adaptation (KBDL-RSP-008, KBDL-RSP-009, KBDL-RSP-010, KBDL-RSP-011, KBDL-RSP-012)",Uniform default,KBDL-006,KBDL-006
KBDL-RSP-012,Roadmap prompt,"Navigation, density, media, and data-dense adaptation (KBDL-RSP-008, KBDL-RSP-009, KBDL-RSP-010, KBDL-RSP-011, KBDL-RSP-012)",Uniform default,KBDL-006,KBDL-006
KBDL-RSP-008,Specification location,"Navigation, density, media, and data-dense adaptation (KBDL-RSP-008, KBDL-RSP-009, KBDL-RSP-010, KBDL-RSP-011, KBDL-RSP-012)",Uniform default,[responsive.md §13–§17](responsive.md#13-navigation-adaptation),[responsive.md §13–§17](responsive.md#13-navigation-adaptation)
KBDL-RSP-009,Specification location,"Navigation, density, media, and data-dense adaptation (KBDL-RSP-008, KBDL-RSP-009, KBDL-RSP-010, KBDL-RSP-011, KBDL-RSP-012)",Uniform default,[responsive.md §13–§17](responsive.md#13-navigation-adaptation),[responsive.md §13–§17](responsive.md#13-navigation-adaptation)
KBDL-RSP-010,Specification location,"Navigation, density, media, and data-dense adaptation (KBDL-RSP-008, KBDL-RSP-009, KBDL-RSP-010, KBDL-RSP-011, KBDL-RSP-012)",Uniform default,[responsive.md §13–§17](responsive.md#13-navigation-adaptation),[responsive.md §13–§17](responsive.md#13-navigation-adaptation)
KBDL-RSP-011,Specification location,"Navigation, density, media, and data-dense adaptation (KBDL-RSP-008, KBDL-RSP-009, KBDL-RSP-010, KBDL-RSP-011, KBDL-RSP-012)",Uniform default,[responsive.md §13–§17](responsive.md#13-navigation-adaptation),[responsive.md §13–§17](responsive.md#13-navigation-adaptation)
KBDL-RSP-012,Specification location,"Navigation, density, media, and data-dense adaptation (KBDL-RSP-008, KBDL-RSP-009, KBDL-RSP-010, KBDL-RSP-011, KBDL-RSP-012)",Uniform default,[responsive.md §13–§17](responsive.md#13-navigation-adaptation),[responsive.md §13–§17](responsive.md#13-navigation-adaptation)
KBDL-RSP-008,Lifecycle status,"Navigation, density, media, and data-dense adaptation (KBDL-RSP-008, KBDL-RSP-009, KBDL-RSP-010, KBDL-RSP-011, KBDL-RSP-012)",Missing,MISSING,MISSING
KBDL-RSP-009,Lifecycle status,"Navigation, density, media, and data-dense adaptation (KBDL-RSP-008, KBDL-RSP-009, KBDL-RSP-010, KBDL-RSP-011, KBDL-RSP-012)",Missing,MISSING,MISSING
KBDL-RSP-010,Lifecycle status,"Navigation, density, media, and data-dense adaptation (KBDL-RSP-008, KBDL-RSP-009, KBDL-RSP-010, KBDL-RSP-011, KBDL-RSP-012)",Missing,MISSING,MISSING
KBDL-RSP-011,Lifecycle status,"Navigation, density, media, and data-dense adaptation (KBDL-RSP-008, KBDL-RSP-009, KBDL-RSP-010, KBDL-RSP-011, KBDL-RSP-012)",Missing,MISSING,MISSING
KBDL-RSP-012,Lifecycle status,"Navigation, density, media, and data-dense adaptation (KBDL-RSP-008, KBDL-RSP-009, KBDL-RSP-010, KBDL-RSP-011, KBDL-RSP-012)",Missing,MISSING,MISSING
KBDL-RSP-008,Provenance,"Navigation, density, media, and data-dense adaptation (KBDL-RSP-008, KBDL-RSP-009, KBDL-RSP-010, KBDL-RSP-011, KBDL-RSP-012)",Missing,MISSING,MISSING
KBDL-RSP-009,Provenance,"Navigation, density, media, and data-dense adaptation (KBDL-RSP-008, KBDL-RSP-009, KBDL-RSP-010, KBDL-RSP-011, KBDL-RSP-012)",Missing,MISSING,MISSING
KBDL-RSP-010,Provenance,"Navigation, density, media, and data-dense adaptation (KBDL-RSP-008, KBDL-RSP-009, KBDL-RSP-010, KBDL-RSP-011, KBDL-RSP-012)",Missing,MISSING,MISSING
KBDL-RSP-011,Provenance,"Navigation, density, media, and data-dense adaptation (KBDL-RSP-008, KBDL-RSP-009, KBDL-RSP-010, KBDL-RSP-011, KBDL-RSP-012)",Missing,MISSING,MISSING
KBDL-RSP-012,Provenance,"Navigation, density, media, and data-dense adaptation (KBDL-RSP-008, KBDL-RSP-009, KBDL-RSP-010, KBDL-RSP-011, KBDL-RSP-012)",Missing,MISSING,MISSING
KBDL-RSP-008,Validation classification,"Navigation, density, media, and data-dense adaptation (KBDL-RSP-008, KBDL-RSP-009, KBDL-RSP-010, KBDL-RSP-011, KBDL-RSP-012)",Uniform default,Not verified,Not verified
KBDL-RSP-009,Validation classification,"Navigation, density, media, and data-dense adaptation (KBDL-RSP-008, KBDL-RSP-009, KBDL-RSP-010, KBDL-RSP-011, KBDL-RSP-012)",Uniform default,Not verified,Not verified
KBDL-RSP-010,Validation classification,"Navigation, density, media, and data-dense adaptation (KBDL-RSP-008, KBDL-RSP-009, KBDL-RSP-010, KBDL-RSP-011, KBDL-RSP-012)",Uniform default,Not verified,Not verified
KBDL-RSP-011,Validation classification,"Navigation, density, media, and data-dense adaptation (KBDL-RSP-008, KBDL-RSP-009, KBDL-RSP-010, KBDL-RSP-011, KBDL-RSP-012)",Uniform default,Not verified,Not verified
KBDL-RSP-012,Validation classification,"Navigation, density, media, and data-dense adaptation (KBDL-RSP-008, KBDL-RSP-009, KBDL-RSP-010, KBDL-RSP-011, KBDL-RSP-012)",Uniform default,Not verified,Not verified
KBDL-RSP-008,Authority,"Navigation, density, media, and data-dense adaptation (KBDL-RSP-008, KBDL-RSP-009, KBDL-RSP-010, KBDL-RSP-011, KBDL-RSP-012)",Missing,MISSING,MISSING
KBDL-RSP-009,Authority,"Navigation, density, media, and data-dense adaptation (KBDL-RSP-008, KBDL-RSP-009, KBDL-RSP-010, KBDL-RSP-011, KBDL-RSP-012)",Missing,MISSING,MISSING
KBDL-RSP-010,Authority,"Navigation, density, media, and data-dense adaptation (KBDL-RSP-008, KBDL-RSP-009, KBDL-RSP-010, KBDL-RSP-011, KBDL-RSP-012)",Missing,MISSING,MISSING
KBDL-RSP-011,Authority,"Navigation, density, media, and data-dense adaptation (KBDL-RSP-008, KBDL-RSP-009, KBDL-RSP-010, KBDL-RSP-011, KBDL-RSP-012)",Missing,MISSING,MISSING
KBDL-RSP-012,Authority,"Navigation, density, media, and data-dense adaptation (KBDL-RSP-008, KBDL-RSP-009, KBDL-RSP-010, KBDL-RSP-011, KBDL-RSP-012)",Missing,MISSING,MISSING
KBDL-RSP-008,Validation method,"Navigation, density, media, and data-dense adaptation (KBDL-RSP-008, KBDL-RSP-009, KBDL-RSP-010, KBDL-RSP-011, KBDL-RSP-012)",Uniform default,Manual review once implemented; project-owner review of `KBDL-RSP-008`/`011` (not yet performed).,Manual review once implemented; project-owner review of `KBDL-RSP-008`/`011` (not yet performed).
KBDL-RSP-009,Validation method,"Navigation, density, media, and data-dense adaptation (KBDL-RSP-008, KBDL-RSP-009, KBDL-RSP-010, KBDL-RSP-011, KBDL-RSP-012)",Uniform default,Manual review once implemented; project-owner review of `KBDL-RSP-008`/`011` (not yet performed).,Manual review once implemented; project-owner review of `KBDL-RSP-008`/`011` (not yet performed).
KBDL-RSP-010,Validation method,"Navigation, density, media, and data-dense adaptation (KBDL-RSP-008, KBDL-RSP-009, KBDL-RSP-010, KBDL-RSP-011, KBDL-RSP-012)",Uniform default,Manual review once implemented; project-owner review of `KBDL-RSP-008`/`011` (not yet performed).,Manual review once implemented; project-owner review of `KBDL-RSP-008`/`011` (not yet performed).
KBDL-RSP-011,Validation method,"Navigation, density, media, and data-dense adaptation (KBDL-RSP-008, KBDL-RSP-009, KBDL-RSP-010, KBDL-RSP-011, KBDL-RSP-012)",Uniform default,Manual review once implemented; project-owner review of `KBDL-RSP-008`/`011` (not yet performed).,Manual review once implemented; project-owner review of `KBDL-RSP-008`/`011` (not yet performed).
KBDL-RSP-012,Validation method,"Navigation, density, media, and data-dense adaptation (KBDL-RSP-008, KBDL-RSP-009, KBDL-RSP-010, KBDL-RSP-011, KBDL-RSP-012)",Uniform default,Manual review once implemented; project-owner review of `KBDL-RSP-008`/`011` (not yet performed).,Manual review once implemented; project-owner review of `KBDL-RSP-008`/`011` (not yet performed).
KBDL-RSP-008,Validation evidence,"Navigation, density, media, and data-dense adaptation (KBDL-RSP-008, KBDL-RSP-009, KBDL-RSP-010, KBDL-RSP-011, KBDL-RSP-012)",Uniform default,Not verified — no implementation exists yet.,Not verified — no implementation exists yet.
KBDL-RSP-009,Validation evidence,"Navigation, density, media, and data-dense adaptation (KBDL-RSP-008, KBDL-RSP-009, KBDL-RSP-010, KBDL-RSP-011, KBDL-RSP-012)",Uniform default,Not verified — no implementation exists yet.,Not verified — no implementation exists yet.
KBDL-RSP-010,Validation evidence,"Navigation, density, media, and data-dense adaptation (KBDL-RSP-008, KBDL-RSP-009, KBDL-RSP-010, KBDL-RSP-011, KBDL-RSP-012)",Uniform default,Not verified — no implementation exists yet.,Not verified — no implementation exists yet.
KBDL-RSP-011,Validation evidence,"Navigation, density, media, and data-dense adaptation (KBDL-RSP-008, KBDL-RSP-009, KBDL-RSP-010, KBDL-RSP-011, KBDL-RSP-012)",Uniform default,Not verified — no implementation exists yet.,Not verified — no implementation exists yet.
KBDL-RSP-012,Validation evidence,"Navigation, density, media, and data-dense adaptation (KBDL-RSP-008, KBDL-RSP-009, KBDL-RSP-010, KBDL-RSP-011, KBDL-RSP-012)",Uniform default,Not verified — no implementation exists yet.,Not verified — no implementation exists yet.
KBDL-RSP-008,Known limitation,"Navigation, density, media, and data-dense adaptation (KBDL-RSP-008, KBDL-RSP-009, KBDL-RSP-010, KBDL-RSP-011, KBDL-RSP-012)",Uniform default,Exact collapse thresholds and per-project column-priority rules remain qualitative pending implementation-level review.,Exact collapse thresholds and per-project column-priority rules remain qualitative pending implementation-level review.
KBDL-RSP-009,Known limitation,"Navigation, density, media, and data-dense adaptation (KBDL-RSP-008, KBDL-RSP-009, KBDL-RSP-010, KBDL-RSP-011, KBDL-RSP-012)",Uniform default,Exact collapse thresholds and per-project column-priority rules remain qualitative pending implementation-level review.,Exact collapse thresholds and per-project column-priority rules remain qualitative pending implementation-level review.
KBDL-RSP-010,Known limitation,"Navigation, density, media, and data-dense adaptation (KBDL-RSP-008, KBDL-RSP-009, KBDL-RSP-010, KBDL-RSP-011, KBDL-RSP-012)",Uniform default,Exact collapse thresholds and per-project column-priority rules remain qualitative pending implementation-level review.,Exact collapse thresholds and per-project column-priority rules remain qualitative pending implementation-level review.
KBDL-RSP-011,Known limitation,"Navigation, density, media, and data-dense adaptation (KBDL-RSP-008, KBDL-RSP-009, KBDL-RSP-010, KBDL-RSP-011, KBDL-RSP-012)",Uniform default,Exact collapse thresholds and per-project column-priority rules remain qualitative pending implementation-level review.,Exact collapse thresholds and per-project column-priority rules remain qualitative pending implementation-level review.
KBDL-RSP-012,Known limitation,"Navigation, density, media, and data-dense adaptation (KBDL-RSP-008, KBDL-RSP-009, KBDL-RSP-010, KBDL-RSP-011, KBDL-RSP-012)",Uniform default,Exact collapse thresholds and per-project column-priority rules remain qualitative pending implementation-level review.,Exact collapse thresholds and per-project column-priority rules remain qualitative pending implementation-level review.
KBDL-RSP-008,Packet or tracking destination,"Navigation, density, media, and data-dense adaptation (KBDL-RSP-008, KBDL-RSP-009, KBDL-RSP-010, KBDL-RSP-011, KBDL-RSP-012)",Missing,MISSING,MISSING
KBDL-RSP-009,Packet or tracking destination,"Navigation, density, media, and data-dense adaptation (KBDL-RSP-008, KBDL-RSP-009, KBDL-RSP-010, KBDL-RSP-011, KBDL-RSP-012)",Missing,MISSING,MISSING
KBDL-RSP-010,Packet or tracking destination,"Navigation, density, media, and data-dense adaptation (KBDL-RSP-008, KBDL-RSP-009, KBDL-RSP-010, KBDL-RSP-011, KBDL-RSP-012)",Missing,MISSING,MISSING
KBDL-RSP-011,Packet or tracking destination,"Navigation, density, media, and data-dense adaptation (KBDL-RSP-008, KBDL-RSP-009, KBDL-RSP-010, KBDL-RSP-011, KBDL-RSP-012)",Missing,MISSING,MISSING
KBDL-RSP-012,Packet or tracking destination,"Navigation, density, media, and data-dense adaptation (KBDL-RSP-008, KBDL-RSP-009, KBDL-RSP-010, KBDL-RSP-011, KBDL-RSP-012)",Missing,MISSING,MISSING
KBDL-RSP-008,Pending dependencies,"Navigation, density, media, and data-dense adaptation (KBDL-RSP-008, KBDL-RSP-009, KBDL-RSP-010, KBDL-RSP-011, KBDL-RSP-012)",Missing,MISSING,MISSING
KBDL-RSP-009,Pending dependencies,"Navigation, density, media, and data-dense adaptation (KBDL-RSP-008, KBDL-RSP-009, KBDL-RSP-010, KBDL-RSP-011, KBDL-RSP-012)",Missing,MISSING,MISSING
KBDL-RSP-010,Pending dependencies,"Navigation, density, media, and data-dense adaptation (KBDL-RSP-008, KBDL-RSP-009, KBDL-RSP-010, KBDL-RSP-011, KBDL-RSP-012)",Missing,MISSING,MISSING
KBDL-RSP-011,Pending dependencies,"Navigation, density, media, and data-dense adaptation (KBDL-RSP-008, KBDL-RSP-009, KBDL-RSP-010, KBDL-RSP-011, KBDL-RSP-012)",Missing,MISSING,MISSING
KBDL-RSP-012,Pending dependencies,"Navigation, density, media, and data-dense adaptation (KBDL-RSP-008, KBDL-RSP-009, KBDL-RSP-010, KBDL-RSP-011, KBDL-RSP-012)",Missing,MISSING,MISSING
KBDL-RSP-008,Related decision,"Navigation, density, media, and data-dense adaptation (KBDL-RSP-008, KBDL-RSP-009, KBDL-RSP-010, KBDL-RSP-011, KBDL-RSP-012)",Uniform default,Not applicable — pending a future decision-register entry.,Not applicable — pending a future decision-register entry.
KBDL-RSP-009,Related decision,"Navigation, density, media, and data-dense adaptation (KBDL-RSP-008, KBDL-RSP-009, KBDL-RSP-010, KBDL-RSP-011, KBDL-RSP-012)",Uniform default,Not applicable — pending a future decision-register entry.,Not applicable — pending a future decision-register entry.
KBDL-RSP-010,Related decision,"Navigation, density, media, and data-dense adaptation (KBDL-RSP-008, KBDL-RSP-009, KBDL-RSP-010, KBDL-RSP-011, KBDL-RSP-012)",Uniform default,Not applicable — pending a future decision-register entry.,Not applicable — pending a future decision-register entry.
KBDL-RSP-011,Related decision,"Navigation, density, media, and data-dense adaptation (KBDL-RSP-008, KBDL-RSP-009, KBDL-RSP-010, KBDL-RSP-011, KBDL-RSP-012)",Uniform default,Not applicable — pending a future decision-register entry.,Not applicable — pending a future decision-register entry.
KBDL-RSP-012,Related decision,"Navigation, density, media, and data-dense adaptation (KBDL-RSP-008, KBDL-RSP-009, KBDL-RSP-010, KBDL-RSP-011, KBDL-RSP-012)",Uniform default,Not applicable — pending a future decision-register entry.,Not applicable — pending a future decision-register entry.
KBDL-RSP-008,Notes or exclusions,"Navigation, density, media, and data-dense adaptation (KBDL-RSP-008, KBDL-RSP-009, KBDL-RSP-010, KBDL-RSP-011, KBDL-RSP-012)",Uniform default,`KBDL-RSP-008` and `KBDL-RSP-011` map to [responsive decision packet](responsive.md#35-responsive-decision-packet) items 5 and 6.,`KBDL-RSP-008` and `KBDL-RSP-011` map to [responsive decision packet](responsive.md#35-responsive-decision-packet) items 5 and 6.
KBDL-RSP-009,Notes or exclusions,"Navigation, density, media, and data-dense adaptation (KBDL-RSP-008, KBDL-RSP-009, KBDL-RSP-010, KBDL-RSP-011, KBDL-RSP-012)",Uniform default,`KBDL-RSP-008` and `KBDL-RSP-011` map to [responsive decision packet](responsive.md#35-responsive-decision-packet) items 5 and 6.,`KBDL-RSP-008` and `KBDL-RSP-011` map to [responsive decision packet](responsive.md#35-responsive-decision-packet) items 5 and 6.
KBDL-RSP-010,Notes or exclusions,"Navigation, density, media, and data-dense adaptation (KBDL-RSP-008, KBDL-RSP-009, KBDL-RSP-010, KBDL-RSP-011, KBDL-RSP-012)",Uniform default,`KBDL-RSP-008` and `KBDL-RSP-011` map to [responsive decision packet](responsive.md#35-responsive-decision-packet) items 5 and 6.,`KBDL-RSP-008` and `KBDL-RSP-011` map to [responsive decision packet](responsive.md#35-responsive-decision-packet) items 5 and 6.
KBDL-RSP-011,Notes or exclusions,"Navigation, density, media, and data-dense adaptation (KBDL-RSP-008, KBDL-RSP-009, KBDL-RSP-010, KBDL-RSP-011, KBDL-RSP-012)",Uniform default,`KBDL-RSP-008` and `KBDL-RSP-011` map to [responsive decision packet](responsive.md#35-responsive-decision-packet) items 5 and 6.,`KBDL-RSP-008` and `KBDL-RSP-011` map to [responsive decision packet](responsive.md#35-responsive-decision-packet) items 5 and 6.
KBDL-RSP-012,Notes or exclusions,"Navigation, density, media, and data-dense adaptation (KBDL-RSP-008, KBDL-RSP-009, KBDL-RSP-010, KBDL-RSP-011, KBDL-RSP-012)",Uniform default,`KBDL-RSP-008` and `KBDL-RSP-011` map to [responsive decision packet](responsive.md#35-responsive-decision-packet) items 5 and 6.,`KBDL-RSP-008` and `KBDL-RSP-011` map to [responsive decision packet](responsive.md#35-responsive-decision-packet) items 5 and 6.
KBDL-RSP-013,Blueprint section,"Sticky regions, safe areas, virtual keyboard, and input parity (KBDL-RSP-013, KBDL-RSP-014, KBDL-RSP-017, KBDL-RSP-018, KBDL-RSP-019)",Uniform default,Sticky/fixed regions; safe areas; virtual-keyboard behavior; touch/pointer/keyboard/hybrid input; hover-independent discoverability,Sticky/fixed regions; safe areas; virtual-keyboard behavior; touch/pointer/keyboard/hybrid input; hover-independent discoverability
KBDL-RSP-014,Blueprint section,"Sticky regions, safe areas, virtual keyboard, and input parity (KBDL-RSP-013, KBDL-RSP-014, KBDL-RSP-017, KBDL-RSP-018, KBDL-RSP-019)",Uniform default,Sticky/fixed regions; safe areas; virtual-keyboard behavior; touch/pointer/keyboard/hybrid input; hover-independent discoverability,Sticky/fixed regions; safe areas; virtual-keyboard behavior; touch/pointer/keyboard/hybrid input; hover-independent discoverability
KBDL-RSP-017,Blueprint section,"Sticky regions, safe areas, virtual keyboard, and input parity (KBDL-RSP-013, KBDL-RSP-014, KBDL-RSP-017, KBDL-RSP-018, KBDL-RSP-019)",Uniform default,Sticky/fixed regions; safe areas; virtual-keyboard behavior; touch/pointer/keyboard/hybrid input; hover-independent discoverability,Sticky/fixed regions; safe areas; virtual-keyboard behavior; touch/pointer/keyboard/hybrid input; hover-independent discoverability
KBDL-RSP-018,Blueprint section,"Sticky regions, safe areas, virtual keyboard, and input parity (KBDL-RSP-013, KBDL-RSP-014, KBDL-RSP-017, KBDL-RSP-018, KBDL-RSP-019)",Uniform default,Sticky/fixed regions; safe areas; virtual-keyboard behavior; touch/pointer/keyboard/hybrid input; hover-independent discoverability,Sticky/fixed regions; safe areas; virtual-keyboard behavior; touch/pointer/keyboard/hybrid input; hover-independent discoverability
KBDL-RSP-019,Blueprint section,"Sticky regions, safe areas, virtual keyboard, and input parity (KBDL-RSP-013, KBDL-RSP-014, KBDL-RSP-017, KBDL-RSP-018, KBDL-RSP-019)",Uniform default,Sticky/fixed regions; safe areas; virtual-keyboard behavior; touch/pointer/keyboard/hybrid input; hover-independent discoverability,Sticky/fixed regions; safe areas; virtual-keyboard behavior; touch/pointer/keyboard/hybrid input; hover-independent discoverability
KBDL-RSP-013,Roadmap prompt,"Sticky regions, safe areas, virtual keyboard, and input parity (KBDL-RSP-013, KBDL-RSP-014, KBDL-RSP-017, KBDL-RSP-018, KBDL-RSP-019)",Uniform default,KBDL-006,KBDL-006
KBDL-RSP-014,Roadmap prompt,"Sticky regions, safe areas, virtual keyboard, and input parity (KBDL-RSP-013, KBDL-RSP-014, KBDL-RSP-017, KBDL-RSP-018, KBDL-RSP-019)",Uniform default,KBDL-006,KBDL-006
KBDL-RSP-017,Roadmap prompt,"Sticky regions, safe areas, virtual keyboard, and input parity (KBDL-RSP-013, KBDL-RSP-014, KBDL-RSP-017, KBDL-RSP-018, KBDL-RSP-019)",Uniform default,KBDL-006,KBDL-006
KBDL-RSP-018,Roadmap prompt,"Sticky regions, safe areas, virtual keyboard, and input parity (KBDL-RSP-013, KBDL-RSP-014, KBDL-RSP-017, KBDL-RSP-018, KBDL-RSP-019)",Uniform default,KBDL-006,KBDL-006
KBDL-RSP-019,Roadmap prompt,"Sticky regions, safe areas, virtual keyboard, and input parity (KBDL-RSP-013, KBDL-RSP-014, KBDL-RSP-017, KBDL-RSP-018, KBDL-RSP-019)",Uniform default,KBDL-006,KBDL-006
KBDL-RSP-013,Specification location,"Sticky regions, safe areas, virtual keyboard, and input parity (KBDL-RSP-013, KBDL-RSP-014, KBDL-RSP-017, KBDL-RSP-018, KBDL-RSP-019)",Uniform default,"[responsive.md §18, §19, §22, §23, §24](responsive.md#18-sticky-and-fixed-regions)","[responsive.md §18, §19, §22, §23, §24](responsive.md#18-sticky-and-fixed-regions)"
KBDL-RSP-014,Specification location,"Sticky regions, safe areas, virtual keyboard, and input parity (KBDL-RSP-013, KBDL-RSP-014, KBDL-RSP-017, KBDL-RSP-018, KBDL-RSP-019)",Uniform default,"[responsive.md §18, §19, §22, §23, §24](responsive.md#18-sticky-and-fixed-regions)","[responsive.md §18, §19, §22, §23, §24](responsive.md#18-sticky-and-fixed-regions)"
KBDL-RSP-017,Specification location,"Sticky regions, safe areas, virtual keyboard, and input parity (KBDL-RSP-013, KBDL-RSP-014, KBDL-RSP-017, KBDL-RSP-018, KBDL-RSP-019)",Uniform default,"[responsive.md §18, §19, §22, §23, §24](responsive.md#18-sticky-and-fixed-regions)","[responsive.md §18, §19, §22, §23, §24](responsive.md#18-sticky-and-fixed-regions)"
KBDL-RSP-018,Specification location,"Sticky regions, safe areas, virtual keyboard, and input parity (KBDL-RSP-013, KBDL-RSP-014, KBDL-RSP-017, KBDL-RSP-018, KBDL-RSP-019)",Uniform default,"[responsive.md §18, §19, §22, §23, §24](responsive.md#18-sticky-and-fixed-regions)","[responsive.md §18, §19, §22, §23, §24](responsive.md#18-sticky-and-fixed-regions)"
KBDL-RSP-019,Specification location,"Sticky regions, safe areas, virtual keyboard, and input parity (KBDL-RSP-013, KBDL-RSP-014, KBDL-RSP-017, KBDL-RSP-018, KBDL-RSP-019)",Uniform default,"[responsive.md §18, §19, §22, §23, §24](responsive.md#18-sticky-and-fixed-regions)","[responsive.md §18, §19, §22, §23, §24](responsive.md#18-sticky-and-fixed-regions)"
KBDL-RSP-013,Lifecycle status,"Sticky regions, safe areas, virtual keyboard, and input parity (KBDL-RSP-013, KBDL-RSP-014, KBDL-RSP-017, KBDL-RSP-018, KBDL-RSP-019)",Missing,MISSING,MISSING
KBDL-RSP-014,Lifecycle status,"Sticky regions, safe areas, virtual keyboard, and input parity (KBDL-RSP-013, KBDL-RSP-014, KBDL-RSP-017, KBDL-RSP-018, KBDL-RSP-019)",Missing,MISSING,MISSING
KBDL-RSP-017,Lifecycle status,"Sticky regions, safe areas, virtual keyboard, and input parity (KBDL-RSP-013, KBDL-RSP-014, KBDL-RSP-017, KBDL-RSP-018, KBDL-RSP-019)",Missing,MISSING,MISSING
KBDL-RSP-018,Lifecycle status,"Sticky regions, safe areas, virtual keyboard, and input parity (KBDL-RSP-013, KBDL-RSP-014, KBDL-RSP-017, KBDL-RSP-018, KBDL-RSP-019)",Missing,MISSING,MISSING
KBDL-RSP-019,Lifecycle status,"Sticky regions, safe areas, virtual keyboard, and input parity (KBDL-RSP-013, KBDL-RSP-014, KBDL-RSP-017, KBDL-RSP-018, KBDL-RSP-019)",Missing,MISSING,MISSING
KBDL-RSP-013,Provenance,"Sticky regions, safe areas, virtual keyboard, and input parity (KBDL-RSP-013, KBDL-RSP-014, KBDL-RSP-017, KBDL-RSP-018, KBDL-RSP-019)",Missing,MISSING,MISSING
KBDL-RSP-014,Provenance,"Sticky regions, safe areas, virtual keyboard, and input parity (KBDL-RSP-013, KBDL-RSP-014, KBDL-RSP-017, KBDL-RSP-018, KBDL-RSP-019)",Missing,MISSING,MISSING
KBDL-RSP-017,Provenance,"Sticky regions, safe areas, virtual keyboard, and input parity (KBDL-RSP-013, KBDL-RSP-014, KBDL-RSP-017, KBDL-RSP-018, KBDL-RSP-019)",Missing,MISSING,MISSING
KBDL-RSP-018,Provenance,"Sticky regions, safe areas, virtual keyboard, and input parity (KBDL-RSP-013, KBDL-RSP-014, KBDL-RSP-017, KBDL-RSP-018, KBDL-RSP-019)",Missing,MISSING,MISSING
KBDL-RSP-019,Provenance,"Sticky regions, safe areas, virtual keyboard, and input parity (KBDL-RSP-013, KBDL-RSP-014, KBDL-RSP-017, KBDL-RSP-018, KBDL-RSP-019)",Missing,MISSING,MISSING
KBDL-RSP-013,Validation classification,"Sticky regions, safe areas, virtual keyboard, and input parity (KBDL-RSP-013, KBDL-RSP-014, KBDL-RSP-017, KBDL-RSP-018, KBDL-RSP-019)",Uniform default,Not verified,Not verified
KBDL-RSP-014,Validation classification,"Sticky regions, safe areas, virtual keyboard, and input parity (KBDL-RSP-013, KBDL-RSP-014, KBDL-RSP-017, KBDL-RSP-018, KBDL-RSP-019)",Uniform default,Not verified,Not verified
KBDL-RSP-017,Validation classification,"Sticky regions, safe areas, virtual keyboard, and input parity (KBDL-RSP-013, KBDL-RSP-014, KBDL-RSP-017, KBDL-RSP-018, KBDL-RSP-019)",Uniform default,Not verified,Not verified
KBDL-RSP-018,Validation classification,"Sticky regions, safe areas, virtual keyboard, and input parity (KBDL-RSP-013, KBDL-RSP-014, KBDL-RSP-017, KBDL-RSP-018, KBDL-RSP-019)",Uniform default,Not verified,Not verified
KBDL-RSP-019,Validation classification,"Sticky regions, safe areas, virtual keyboard, and input parity (KBDL-RSP-013, KBDL-RSP-014, KBDL-RSP-017, KBDL-RSP-018, KBDL-RSP-019)",Uniform default,Not verified,Not verified
KBDL-RSP-013,Authority,"Sticky regions, safe areas, virtual keyboard, and input parity (KBDL-RSP-013, KBDL-RSP-014, KBDL-RSP-017, KBDL-RSP-018, KBDL-RSP-019)",Missing,MISSING,MISSING
KBDL-RSP-014,Authority,"Sticky regions, safe areas, virtual keyboard, and input parity (KBDL-RSP-013, KBDL-RSP-014, KBDL-RSP-017, KBDL-RSP-018, KBDL-RSP-019)",Missing,MISSING,MISSING
KBDL-RSP-017,Authority,"Sticky regions, safe areas, virtual keyboard, and input parity (KBDL-RSP-013, KBDL-RSP-014, KBDL-RSP-017, KBDL-RSP-018, KBDL-RSP-019)",Missing,MISSING,MISSING
KBDL-RSP-018,Authority,"Sticky regions, safe areas, virtual keyboard, and input parity (KBDL-RSP-013, KBDL-RSP-014, KBDL-RSP-017, KBDL-RSP-018, KBDL-RSP-019)",Missing,MISSING,MISSING
KBDL-RSP-019,Authority,"Sticky regions, safe areas, virtual keyboard, and input parity (KBDL-RSP-013, KBDL-RSP-014, KBDL-RSP-017, KBDL-RSP-018, KBDL-RSP-019)",Missing,MISSING,MISSING
KBDL-RSP-013,Validation method,"Sticky regions, safe areas, virtual keyboard, and input parity (KBDL-RSP-013, KBDL-RSP-014, KBDL-RSP-017, KBDL-RSP-018, KBDL-RSP-019)",Uniform default,"Manual keyboard-focus, device, and cross-input testing once implemented.","Manual keyboard-focus, device, and cross-input testing once implemented."
KBDL-RSP-014,Validation method,"Sticky regions, safe areas, virtual keyboard, and input parity (KBDL-RSP-013, KBDL-RSP-014, KBDL-RSP-017, KBDL-RSP-018, KBDL-RSP-019)",Uniform default,"Manual keyboard-focus, device, and cross-input testing once implemented.","Manual keyboard-focus, device, and cross-input testing once implemented."
KBDL-RSP-017,Validation method,"Sticky regions, safe areas, virtual keyboard, and input parity (KBDL-RSP-013, KBDL-RSP-014, KBDL-RSP-017, KBDL-RSP-018, KBDL-RSP-019)",Uniform default,"Manual keyboard-focus, device, and cross-input testing once implemented.","Manual keyboard-focus, device, and cross-input testing once implemented."
KBDL-RSP-018,Validation method,"Sticky regions, safe areas, virtual keyboard, and input parity (KBDL-RSP-013, KBDL-RSP-014, KBDL-RSP-017, KBDL-RSP-018, KBDL-RSP-019)",Uniform default,"Manual keyboard-focus, device, and cross-input testing once implemented.","Manual keyboard-focus, device, and cross-input testing once implemented."
KBDL-RSP-019,Validation method,"Sticky regions, safe areas, virtual keyboard, and input parity (KBDL-RSP-013, KBDL-RSP-014, KBDL-RSP-017, KBDL-RSP-018, KBDL-RSP-019)",Uniform default,"Manual keyboard-focus, device, and cross-input testing once implemented.","Manual keyboard-focus, device, and cross-input testing once implemented."
KBDL-RSP-013,Validation evidence,"Sticky regions, safe areas, virtual keyboard, and input parity (KBDL-RSP-013, KBDL-RSP-014, KBDL-RSP-017, KBDL-RSP-018, KBDL-RSP-019)",Uniform default,Not verified — no implementation exists yet.,Not verified — no implementation exists yet.
KBDL-RSP-014,Validation evidence,"Sticky regions, safe areas, virtual keyboard, and input parity (KBDL-RSP-013, KBDL-RSP-014, KBDL-RSP-017, KBDL-RSP-018, KBDL-RSP-019)",Uniform default,Not verified — no implementation exists yet.,Not verified — no implementation exists yet.
KBDL-RSP-017,Validation evidence,"Sticky regions, safe areas, virtual keyboard, and input parity (KBDL-RSP-013, KBDL-RSP-014, KBDL-RSP-017, KBDL-RSP-018, KBDL-RSP-019)",Uniform default,Not verified — no implementation exists yet.,Not verified — no implementation exists yet.
KBDL-RSP-018,Validation evidence,"Sticky regions, safe areas, virtual keyboard, and input parity (KBDL-RSP-013, KBDL-RSP-014, KBDL-RSP-017, KBDL-RSP-018, KBDL-RSP-019)",Uniform default,Not verified — no implementation exists yet.,Not verified — no implementation exists yet.
KBDL-RSP-019,Validation evidence,"Sticky regions, safe areas, virtual keyboard, and input parity (KBDL-RSP-013, KBDL-RSP-014, KBDL-RSP-017, KBDL-RSP-018, KBDL-RSP-019)",Uniform default,Not verified — no implementation exists yet.,Not verified — no implementation exists yet.
KBDL-RSP-013,Known limitation,"Sticky regions, safe areas, virtual keyboard, and input parity (KBDL-RSP-013, KBDL-RSP-014, KBDL-RSP-017, KBDL-RSP-018, KBDL-RSP-019)",Uniform default,Implementation- and device-dependent.,Implementation- and device-dependent.
KBDL-RSP-014,Known limitation,"Sticky regions, safe areas, virtual keyboard, and input parity (KBDL-RSP-013, KBDL-RSP-014, KBDL-RSP-017, KBDL-RSP-018, KBDL-RSP-019)",Uniform default,Implementation- and device-dependent.,Implementation- and device-dependent.
KBDL-RSP-017,Known limitation,"Sticky regions, safe areas, virtual keyboard, and input parity (KBDL-RSP-013, KBDL-RSP-014, KBDL-RSP-017, KBDL-RSP-018, KBDL-RSP-019)",Uniform default,Implementation- and device-dependent.,Implementation- and device-dependent.
KBDL-RSP-018,Known limitation,"Sticky regions, safe areas, virtual keyboard, and input parity (KBDL-RSP-013, KBDL-RSP-014, KBDL-RSP-017, KBDL-RSP-018, KBDL-RSP-019)",Uniform default,Implementation- and device-dependent.,Implementation- and device-dependent.
KBDL-RSP-019,Known limitation,"Sticky regions, safe areas, virtual keyboard, and input parity (KBDL-RSP-013, KBDL-RSP-014, KBDL-RSP-017, KBDL-RSP-018, KBDL-RSP-019)",Uniform default,Implementation- and device-dependent.,Implementation- and device-dependent.
KBDL-RSP-013,Packet or tracking destination,"Sticky regions, safe areas, virtual keyboard, and input parity (KBDL-RSP-013, KBDL-RSP-014, KBDL-RSP-017, KBDL-RSP-018, KBDL-RSP-019)",Missing,MISSING,MISSING
KBDL-RSP-014,Packet or tracking destination,"Sticky regions, safe areas, virtual keyboard, and input parity (KBDL-RSP-013, KBDL-RSP-014, KBDL-RSP-017, KBDL-RSP-018, KBDL-RSP-019)",Missing,MISSING,MISSING
KBDL-RSP-017,Packet or tracking destination,"Sticky regions, safe areas, virtual keyboard, and input parity (KBDL-RSP-013, KBDL-RSP-014, KBDL-RSP-017, KBDL-RSP-018, KBDL-RSP-019)",Missing,MISSING,MISSING
KBDL-RSP-018,Packet or tracking destination,"Sticky regions, safe areas, virtual keyboard, and input parity (KBDL-RSP-013, KBDL-RSP-014, KBDL-RSP-017, KBDL-RSP-018, KBDL-RSP-019)",Missing,MISSING,MISSING
KBDL-RSP-019,Packet or tracking destination,"Sticky regions, safe areas, virtual keyboard, and input parity (KBDL-RSP-013, KBDL-RSP-014, KBDL-RSP-017, KBDL-RSP-018, KBDL-RSP-019)",Missing,MISSING,MISSING
KBDL-RSP-013,Pending dependencies,"Sticky regions, safe areas, virtual keyboard, and input parity (KBDL-RSP-013, KBDL-RSP-014, KBDL-RSP-017, KBDL-RSP-018, KBDL-RSP-019)",Missing,MISSING,MISSING
KBDL-RSP-014,Pending dependencies,"Sticky regions, safe areas, virtual keyboard, and input parity (KBDL-RSP-013, KBDL-RSP-014, KBDL-RSP-017, KBDL-RSP-018, KBDL-RSP-019)",Missing,MISSING,MISSING
KBDL-RSP-017,Pending dependencies,"Sticky regions, safe areas, virtual keyboard, and input parity (KBDL-RSP-013, KBDL-RSP-014, KBDL-RSP-017, KBDL-RSP-018, KBDL-RSP-019)",Missing,MISSING,MISSING
KBDL-RSP-018,Pending dependencies,"Sticky regions, safe areas, virtual keyboard, and input parity (KBDL-RSP-013, KBDL-RSP-014, KBDL-RSP-017, KBDL-RSP-018, KBDL-RSP-019)",Missing,MISSING,MISSING
KBDL-RSP-019,Pending dependencies,"Sticky regions, safe areas, virtual keyboard, and input parity (KBDL-RSP-013, KBDL-RSP-014, KBDL-RSP-017, KBDL-RSP-018, KBDL-RSP-019)",Missing,MISSING,MISSING
KBDL-RSP-013,Related decision,"Sticky regions, safe areas, virtual keyboard, and input parity (KBDL-RSP-013, KBDL-RSP-014, KBDL-RSP-017, KBDL-RSP-018, KBDL-RSP-019)",Uniform default,`KBDL-DEC-010`.,`KBDL-DEC-010`.
KBDL-RSP-014,Related decision,"Sticky regions, safe areas, virtual keyboard, and input parity (KBDL-RSP-013, KBDL-RSP-014, KBDL-RSP-017, KBDL-RSP-018, KBDL-RSP-019)",Uniform default,`KBDL-DEC-010`.,`KBDL-DEC-010`.
KBDL-RSP-017,Related decision,"Sticky regions, safe areas, virtual keyboard, and input parity (KBDL-RSP-013, KBDL-RSP-014, KBDL-RSP-017, KBDL-RSP-018, KBDL-RSP-019)",Uniform default,`KBDL-DEC-010`.,`KBDL-DEC-010`.
KBDL-RSP-018,Related decision,"Sticky regions, safe areas, virtual keyboard, and input parity (KBDL-RSP-013, KBDL-RSP-014, KBDL-RSP-017, KBDL-RSP-018, KBDL-RSP-019)",Uniform default,`KBDL-DEC-010`.,`KBDL-DEC-010`.
KBDL-RSP-019,Related decision,"Sticky regions, safe areas, virtual keyboard, and input parity (KBDL-RSP-013, KBDL-RSP-014, KBDL-RSP-017, KBDL-RSP-018, KBDL-RSP-019)",Uniform default,`KBDL-DEC-010`.,`KBDL-DEC-010`.
KBDL-RSP-013,Notes or exclusions,"Sticky regions, safe areas, virtual keyboard, and input parity (KBDL-RSP-013, KBDL-RSP-014, KBDL-RSP-017, KBDL-RSP-018, KBDL-RSP-019)",Uniform default,"No new policy; these resolve the ""detailed responsive breakpoint and layout rules"" that `motion/accessibility-performance.md §4` explicitly deferred to KBDL-006.","No new policy; these resolve the ""detailed responsive breakpoint and layout rules"" that `motion/accessibility-performance.md §4` explicitly deferred to KBDL-006."
KBDL-RSP-014,Notes or exclusions,"Sticky regions, safe areas, virtual keyboard, and input parity (KBDL-RSP-013, KBDL-RSP-014, KBDL-RSP-017, KBDL-RSP-018, KBDL-RSP-019)",Uniform default,"No new policy; these resolve the ""detailed responsive breakpoint and layout rules"" that `motion/accessibility-performance.md §4` explicitly deferred to KBDL-006.","No new policy; these resolve the ""detailed responsive breakpoint and layout rules"" that `motion/accessibility-performance.md §4` explicitly deferred to KBDL-006."
KBDL-RSP-017,Notes or exclusions,"Sticky regions, safe areas, virtual keyboard, and input parity (KBDL-RSP-013, KBDL-RSP-014, KBDL-RSP-017, KBDL-RSP-018, KBDL-RSP-019)",Uniform default,"No new policy; these resolve the ""detailed responsive breakpoint and layout rules"" that `motion/accessibility-performance.md §4` explicitly deferred to KBDL-006.","No new policy; these resolve the ""detailed responsive breakpoint and layout rules"" that `motion/accessibility-performance.md §4` explicitly deferred to KBDL-006."
KBDL-RSP-018,Notes or exclusions,"Sticky regions, safe areas, virtual keyboard, and input parity (KBDL-RSP-013, KBDL-RSP-014, KBDL-RSP-017, KBDL-RSP-018, KBDL-RSP-019)",Uniform default,"No new policy; these resolve the ""detailed responsive breakpoint and layout rules"" that `motion/accessibility-performance.md §4` explicitly deferred to KBDL-006.","No new policy; these resolve the ""detailed responsive breakpoint and layout rules"" that `motion/accessibility-performance.md §4` explicitly deferred to KBDL-006."
KBDL-RSP-019,Notes or exclusions,"Sticky regions, safe areas, virtual keyboard, and input parity (KBDL-RSP-013, KBDL-RSP-014, KBDL-RSP-017, KBDL-RSP-018, KBDL-RSP-019)",Uniform default,"No new policy; these resolve the ""detailed responsive breakpoint and layout rules"" that `motion/accessibility-performance.md §4` explicitly deferred to KBDL-006.","No new policy; these resolve the ""detailed responsive breakpoint and layout rules"" that `motion/accessibility-performance.md §4` explicitly deferred to KBDL-006."
KBDL-RSP-021,Blueprint section,"Responsive motion and performance (KBDL-RSP-021, KBDL-RSP-022)",Uniform default,Responsive motion behavior; performance and low-capability contexts,Responsive motion behavior; performance and low-capability contexts
KBDL-RSP-022,Blueprint section,"Responsive motion and performance (KBDL-RSP-021, KBDL-RSP-022)",Uniform default,Responsive motion behavior; performance and low-capability contexts,Responsive motion behavior; performance and low-capability contexts
KBDL-RSP-021,Roadmap prompt,"Responsive motion and performance (KBDL-RSP-021, KBDL-RSP-022)",Uniform default,KBDL-006,KBDL-006
KBDL-RSP-022,Roadmap prompt,"Responsive motion and performance (KBDL-RSP-021, KBDL-RSP-022)",Uniform default,KBDL-006,KBDL-006
KBDL-RSP-021,Specification location,"Responsive motion and performance (KBDL-RSP-021, KBDL-RSP-022)",Uniform default,"[responsive.md §26, §27](responsive.md#26-responsive-motion-behavior)","[responsive.md §26, §27](responsive.md#26-responsive-motion-behavior)"
KBDL-RSP-022,Specification location,"Responsive motion and performance (KBDL-RSP-021, KBDL-RSP-022)",Uniform default,"[responsive.md §26, §27](responsive.md#26-responsive-motion-behavior)","[responsive.md §26, §27](responsive.md#26-responsive-motion-behavior)"
KBDL-RSP-021,Lifecycle status,"Responsive motion and performance (KBDL-RSP-021, KBDL-RSP-022)",Missing,MISSING,MISSING
KBDL-RSP-022,Lifecycle status,"Responsive motion and performance (KBDL-RSP-021, KBDL-RSP-022)",Missing,MISSING,MISSING
KBDL-RSP-021,Provenance,"Responsive motion and performance (KBDL-RSP-021, KBDL-RSP-022)",Missing,MISSING,MISSING
KBDL-RSP-022,Provenance,"Responsive motion and performance (KBDL-RSP-021, KBDL-RSP-022)",Missing,MISSING,MISSING
KBDL-RSP-021,Validation classification,"Responsive motion and performance (KBDL-RSP-021, KBDL-RSP-022)",Uniform default,Not verified,Not verified
KBDL-RSP-022,Validation classification,"Responsive motion and performance (KBDL-RSP-021, KBDL-RSP-022)",Uniform default,Not verified,Not verified
KBDL-RSP-021,Authority,"Responsive motion and performance (KBDL-RSP-021, KBDL-RSP-022)",Missing,MISSING,MISSING
KBDL-RSP-022,Authority,"Responsive motion and performance (KBDL-RSP-021, KBDL-RSP-022)",Missing,MISSING,MISSING
KBDL-RSP-021,Validation method,"Responsive motion and performance (KBDL-RSP-021, KBDL-RSP-022)",Uniform default,Manual review; implementation-level performance measurement once an implementation exists.,Manual review; implementation-level performance measurement once an implementation exists.
KBDL-RSP-022,Validation method,"Responsive motion and performance (KBDL-RSP-021, KBDL-RSP-022)",Uniform default,Manual review; implementation-level performance measurement once an implementation exists.,Manual review; implementation-level performance measurement once an implementation exists.
KBDL-RSP-021,Validation evidence,"Responsive motion and performance (KBDL-RSP-021, KBDL-RSP-022)",Uniform default,Not verified — no implementation exists yet.,Not verified — no implementation exists yet.
KBDL-RSP-022,Validation evidence,"Responsive motion and performance (KBDL-RSP-021, KBDL-RSP-022)",Uniform default,Not verified — no implementation exists yet.,Not verified — no implementation exists yet.
KBDL-RSP-021,Known limitation,"Responsive motion and performance (KBDL-RSP-021, KBDL-RSP-022)",Uniform default,Performance claims cannot be `Verified` without a real implementation to measure.,Performance claims cannot be `Verified` without a real implementation to measure.
KBDL-RSP-022,Known limitation,"Responsive motion and performance (KBDL-RSP-021, KBDL-RSP-022)",Uniform default,Performance claims cannot be `Verified` without a real implementation to measure.,Performance claims cannot be `Verified` without a real implementation to measure.
KBDL-RSP-021,Packet or tracking destination,"Responsive motion and performance (KBDL-RSP-021, KBDL-RSP-022)",Missing,MISSING,MISSING
KBDL-RSP-022,Packet or tracking destination,"Responsive motion and performance (KBDL-RSP-021, KBDL-RSP-022)",Missing,MISSING,MISSING
KBDL-RSP-021,Pending dependencies,"Responsive motion and performance (KBDL-RSP-021, KBDL-RSP-022)",Missing,MISSING,MISSING
KBDL-RSP-022,Pending dependencies,"Responsive motion and performance (KBDL-RSP-021, KBDL-RSP-022)",Missing,MISSING,MISSING
KBDL-RSP-021,Related decision,"Responsive motion and performance (KBDL-RSP-021, KBDL-RSP-022)",Uniform default,"`KBDL-MOT-006` (motion intensity model, already `Approved` under `KBDL-DEC-014`).","`KBDL-MOT-006` (motion intensity model, already `Approved` under `KBDL-DEC-014`)."
KBDL-RSP-022,Related decision,"Responsive motion and performance (KBDL-RSP-021, KBDL-RSP-022)",Uniform default,"`KBDL-MOT-006` (motion intensity model, already `Approved` under `KBDL-DEC-014`).","`KBDL-MOT-006` (motion intensity model, already `Approved` under `KBDL-DEC-014`)."
KBDL-RSP-021,Notes or exclusions,"Responsive motion and performance (KBDL-RSP-021, KBDL-RSP-022)",Uniform default,Does not reopen or restate any KBDL-005 timing/easing/reduced-motion value.,Does not reopen or restate any KBDL-005 timing/easing/reduced-motion value.
KBDL-RSP-022,Notes or exclusions,"Responsive motion and performance (KBDL-RSP-021, KBDL-RSP-022)",Uniform default,Does not reopen or restate any KBDL-005 timing/easing/reduced-motion value.,Does not reopen or restate any KBDL-005 timing/easing/reduced-motion value.
KBDL-A11Y-001,Blueprint section,"WCAG 2.2 Level A/AA baseline requirements (KBDL-A11Y-001 through KBDL-A11Y-010, KBDL-A11Y-012 through KBDL-A11Y-020, KBDL-A11Y-022 through KBDL-A11Y-034, KBDL-A11Y-036 through KBDL-A11Y-040)",Uniform default,Text alternatives; captions; semantic structure; landmarks; reading/focus order; color independence; text/non-text contrast; focus visibility/obscuration; text spacing; keyboard operability/traps/bypass; pointer cancellation; dragging/gesture alternatives; motion actuation; reduced-motion cross-reference; flashing; timing/automatic movement; forms/labels/autocomplete; error identification/prevention; status messages; authentication; plain language; consistent navigation/help; media controls cross-reference; data presentation; mobile/virtual-keyboard cross-reference; profile consistency,Text alternatives; captions; semantic structure; landmarks; reading/focus order; color independence; text/non-text contrast; focus visibility/obscuration; text spacing; keyboard operability/traps/bypass; pointer cancellation; dragging/gesture alternatives; motion actuation; reduced-motion cross-reference; flashing; timing/automatic movement; forms/labels/autocomplete; error identification/prevention; status messages; authentication; plain language; consistent navigation/help; media controls cross-reference; data presentation; mobile/virtual-keyboard cross-reference; profile consistency
KBDL-A11Y-011,Blueprint section,"WCAG 2.2 Level A/AA baseline requirements (KBDL-A11Y-001 through KBDL-A11Y-010, KBDL-A11Y-012 through KBDL-A11Y-020, KBDL-A11Y-022 through KBDL-A11Y-034, KBDL-A11Y-036 through KBDL-A11Y-040)",Uniform default,Text alternatives; captions; semantic structure; landmarks; reading/focus order; color independence; text/non-text contrast; focus visibility/obscuration; text spacing; keyboard operability/traps/bypass; pointer cancellation; dragging/gesture alternatives; motion actuation; reduced-motion cross-reference; flashing; timing/automatic movement; forms/labels/autocomplete; error identification/prevention; status messages; authentication; plain language; consistent navigation/help; media controls cross-reference; data presentation; mobile/virtual-keyboard cross-reference; profile consistency,Text alternatives; captions; semantic structure; landmarks; reading/focus order; color independence; text/non-text contrast; focus visibility/obscuration; text spacing; keyboard operability/traps/bypass; pointer cancellation; dragging/gesture alternatives; motion actuation; reduced-motion cross-reference; flashing; timing/automatic movement; forms/labels/autocomplete; error identification/prevention; status messages; authentication; plain language; consistent navigation/help; media controls cross-reference; data presentation; mobile/virtual-keyboard cross-reference; profile consistency
KBDL-A11Y-002,Blueprint section,"WCAG 2.2 Level A/AA baseline requirements (KBDL-A11Y-001 through KBDL-A11Y-010, KBDL-A11Y-012 through KBDL-A11Y-020, KBDL-A11Y-022 through KBDL-A11Y-034, KBDL-A11Y-036 through KBDL-A11Y-040)",Uniform default,Text alternatives; captions; semantic structure; landmarks; reading/focus order; color independence; text/non-text contrast; focus visibility/obscuration; text spacing; keyboard operability/traps/bypass; pointer cancellation; dragging/gesture alternatives; motion actuation; reduced-motion cross-reference; flashing; timing/automatic movement; forms/labels/autocomplete; error identification/prevention; status messages; authentication; plain language; consistent navigation/help; media controls cross-reference; data presentation; mobile/virtual-keyboard cross-reference; profile consistency,Text alternatives; captions; semantic structure; landmarks; reading/focus order; color independence; text/non-text contrast; focus visibility/obscuration; text spacing; keyboard operability/traps/bypass; pointer cancellation; dragging/gesture alternatives; motion actuation; reduced-motion cross-reference; flashing; timing/automatic movement; forms/labels/autocomplete; error identification/prevention; status messages; authentication; plain language; consistent navigation/help; media controls cross-reference; data presentation; mobile/virtual-keyboard cross-reference; profile consistency
KBDL-A11Y-003,Blueprint section,"WCAG 2.2 Level A/AA baseline requirements (KBDL-A11Y-001 through KBDL-A11Y-010, KBDL-A11Y-012 through KBDL-A11Y-020, KBDL-A11Y-022 through KBDL-A11Y-034, KBDL-A11Y-036 through KBDL-A11Y-040)",Uniform default,Text alternatives; captions; semantic structure; landmarks; reading/focus order; color independence; text/non-text contrast; focus visibility/obscuration; text spacing; keyboard operability/traps/bypass; pointer cancellation; dragging/gesture alternatives; motion actuation; reduced-motion cross-reference; flashing; timing/automatic movement; forms/labels/autocomplete; error identification/prevention; status messages; authentication; plain language; consistent navigation/help; media controls cross-reference; data presentation; mobile/virtual-keyboard cross-reference; profile consistency,Text alternatives; captions; semantic structure; landmarks; reading/focus order; color independence; text/non-text contrast; focus visibility/obscuration; text spacing; keyboard operability/traps/bypass; pointer cancellation; dragging/gesture alternatives; motion actuation; reduced-motion cross-reference; flashing; timing/automatic movement; forms/labels/autocomplete; error identification/prevention; status messages; authentication; plain language; consistent navigation/help; media controls cross-reference; data presentation; mobile/virtual-keyboard cross-reference; profile consistency
KBDL-A11Y-004,Blueprint section,"WCAG 2.2 Level A/AA baseline requirements (KBDL-A11Y-001 through KBDL-A11Y-010, KBDL-A11Y-012 through KBDL-A11Y-020, KBDL-A11Y-022 through KBDL-A11Y-034, KBDL-A11Y-036 through KBDL-A11Y-040)",Uniform default,Text alternatives; captions; semantic structure; landmarks; reading/focus order; color independence; text/non-text contrast; focus visibility/obscuration; text spacing; keyboard operability/traps/bypass; pointer cancellation; dragging/gesture alternatives; motion actuation; reduced-motion cross-reference; flashing; timing/automatic movement; forms/labels/autocomplete; error identification/prevention; status messages; authentication; plain language; consistent navigation/help; media controls cross-reference; data presentation; mobile/virtual-keyboard cross-reference; profile consistency,Text alternatives; captions; semantic structure; landmarks; reading/focus order; color independence; text/non-text contrast; focus visibility/obscuration; text spacing; keyboard operability/traps/bypass; pointer cancellation; dragging/gesture alternatives; motion actuation; reduced-motion cross-reference; flashing; timing/automatic movement; forms/labels/autocomplete; error identification/prevention; status messages; authentication; plain language; consistent navigation/help; media controls cross-reference; data presentation; mobile/virtual-keyboard cross-reference; profile consistency
KBDL-A11Y-005,Blueprint section,"WCAG 2.2 Level A/AA baseline requirements (KBDL-A11Y-001 through KBDL-A11Y-010, KBDL-A11Y-012 through KBDL-A11Y-020, KBDL-A11Y-022 through KBDL-A11Y-034, KBDL-A11Y-036 through KBDL-A11Y-040)",Uniform default,Text alternatives; captions; semantic structure; landmarks; reading/focus order; color independence; text/non-text contrast; focus visibility/obscuration; text spacing; keyboard operability/traps/bypass; pointer cancellation; dragging/gesture alternatives; motion actuation; reduced-motion cross-reference; flashing; timing/automatic movement; forms/labels/autocomplete; error identification/prevention; status messages; authentication; plain language; consistent navigation/help; media controls cross-reference; data presentation; mobile/virtual-keyboard cross-reference; profile consistency,Text alternatives; captions; semantic structure; landmarks; reading/focus order; color independence; text/non-text contrast; focus visibility/obscuration; text spacing; keyboard operability/traps/bypass; pointer cancellation; dragging/gesture alternatives; motion actuation; reduced-motion cross-reference; flashing; timing/automatic movement; forms/labels/autocomplete; error identification/prevention; status messages; authentication; plain language; consistent navigation/help; media controls cross-reference; data presentation; mobile/virtual-keyboard cross-reference; profile consistency
KBDL-A11Y-006,Blueprint section,"WCAG 2.2 Level A/AA baseline requirements (KBDL-A11Y-001 through KBDL-A11Y-010, KBDL-A11Y-012 through KBDL-A11Y-020, KBDL-A11Y-022 through KBDL-A11Y-034, KBDL-A11Y-036 through KBDL-A11Y-040)",Uniform default,Text alternatives; captions; semantic structure; landmarks; reading/focus order; color independence; text/non-text contrast; focus visibility/obscuration; text spacing; keyboard operability/traps/bypass; pointer cancellation; dragging/gesture alternatives; motion actuation; reduced-motion cross-reference; flashing; timing/automatic movement; forms/labels/autocomplete; error identification/prevention; status messages; authentication; plain language; consistent navigation/help; media controls cross-reference; data presentation; mobile/virtual-keyboard cross-reference; profile consistency,Text alternatives; captions; semantic structure; landmarks; reading/focus order; color independence; text/non-text contrast; focus visibility/obscuration; text spacing; keyboard operability/traps/bypass; pointer cancellation; dragging/gesture alternatives; motion actuation; reduced-motion cross-reference; flashing; timing/automatic movement; forms/labels/autocomplete; error identification/prevention; status messages; authentication; plain language; consistent navigation/help; media controls cross-reference; data presentation; mobile/virtual-keyboard cross-reference; profile consistency
KBDL-A11Y-007,Blueprint section,"WCAG 2.2 Level A/AA baseline requirements (KBDL-A11Y-001 through KBDL-A11Y-010, KBDL-A11Y-012 through KBDL-A11Y-020, KBDL-A11Y-022 through KBDL-A11Y-034, KBDL-A11Y-036 through KBDL-A11Y-040)",Uniform default,Text alternatives; captions; semantic structure; landmarks; reading/focus order; color independence; text/non-text contrast; focus visibility/obscuration; text spacing; keyboard operability/traps/bypass; pointer cancellation; dragging/gesture alternatives; motion actuation; reduced-motion cross-reference; flashing; timing/automatic movement; forms/labels/autocomplete; error identification/prevention; status messages; authentication; plain language; consistent navigation/help; media controls cross-reference; data presentation; mobile/virtual-keyboard cross-reference; profile consistency,Text alternatives; captions; semantic structure; landmarks; reading/focus order; color independence; text/non-text contrast; focus visibility/obscuration; text spacing; keyboard operability/traps/bypass; pointer cancellation; dragging/gesture alternatives; motion actuation; reduced-motion cross-reference; flashing; timing/automatic movement; forms/labels/autocomplete; error identification/prevention; status messages; authentication; plain language; consistent navigation/help; media controls cross-reference; data presentation; mobile/virtual-keyboard cross-reference; profile consistency
KBDL-A11Y-008,Blueprint section,"WCAG 2.2 Level A/AA baseline requirements (KBDL-A11Y-001 through KBDL-A11Y-010, KBDL-A11Y-012 through KBDL-A11Y-020, KBDL-A11Y-022 through KBDL-A11Y-034, KBDL-A11Y-036 through KBDL-A11Y-040)",Uniform default,Text alternatives; captions; semantic structure; landmarks; reading/focus order; color independence; text/non-text contrast; focus visibility/obscuration; text spacing; keyboard operability/traps/bypass; pointer cancellation; dragging/gesture alternatives; motion actuation; reduced-motion cross-reference; flashing; timing/automatic movement; forms/labels/autocomplete; error identification/prevention; status messages; authentication; plain language; consistent navigation/help; media controls cross-reference; data presentation; mobile/virtual-keyboard cross-reference; profile consistency,Text alternatives; captions; semantic structure; landmarks; reading/focus order; color independence; text/non-text contrast; focus visibility/obscuration; text spacing; keyboard operability/traps/bypass; pointer cancellation; dragging/gesture alternatives; motion actuation; reduced-motion cross-reference; flashing; timing/automatic movement; forms/labels/autocomplete; error identification/prevention; status messages; authentication; plain language; consistent navigation/help; media controls cross-reference; data presentation; mobile/virtual-keyboard cross-reference; profile consistency
KBDL-A11Y-009,Blueprint section,"WCAG 2.2 Level A/AA baseline requirements (KBDL-A11Y-001 through KBDL-A11Y-010, KBDL-A11Y-012 through KBDL-A11Y-020, KBDL-A11Y-022 through KBDL-A11Y-034, KBDL-A11Y-036 through KBDL-A11Y-040)",Uniform default,Text alternatives; captions; semantic structure; landmarks; reading/focus order; color independence; text/non-text contrast; focus visibility/obscuration; text spacing; keyboard operability/traps/bypass; pointer cancellation; dragging/gesture alternatives; motion actuation; reduced-motion cross-reference; flashing; timing/automatic movement; forms/labels/autocomplete; error identification/prevention; status messages; authentication; plain language; consistent navigation/help; media controls cross-reference; data presentation; mobile/virtual-keyboard cross-reference; profile consistency,Text alternatives; captions; semantic structure; landmarks; reading/focus order; color independence; text/non-text contrast; focus visibility/obscuration; text spacing; keyboard operability/traps/bypass; pointer cancellation; dragging/gesture alternatives; motion actuation; reduced-motion cross-reference; flashing; timing/automatic movement; forms/labels/autocomplete; error identification/prevention; status messages; authentication; plain language; consistent navigation/help; media controls cross-reference; data presentation; mobile/virtual-keyboard cross-reference; profile consistency
KBDL-A11Y-010,Blueprint section,"WCAG 2.2 Level A/AA baseline requirements (KBDL-A11Y-001 through KBDL-A11Y-010, KBDL-A11Y-012 through KBDL-A11Y-020, KBDL-A11Y-022 through KBDL-A11Y-034, KBDL-A11Y-036 through KBDL-A11Y-040)",Uniform default,Text alternatives; captions; semantic structure; landmarks; reading/focus order; color independence; text/non-text contrast; focus visibility/obscuration; text spacing; keyboard operability/traps/bypass; pointer cancellation; dragging/gesture alternatives; motion actuation; reduced-motion cross-reference; flashing; timing/automatic movement; forms/labels/autocomplete; error identification/prevention; status messages; authentication; plain language; consistent navigation/help; media controls cross-reference; data presentation; mobile/virtual-keyboard cross-reference; profile consistency,Text alternatives; captions; semantic structure; landmarks; reading/focus order; color independence; text/non-text contrast; focus visibility/obscuration; text spacing; keyboard operability/traps/bypass; pointer cancellation; dragging/gesture alternatives; motion actuation; reduced-motion cross-reference; flashing; timing/automatic movement; forms/labels/autocomplete; error identification/prevention; status messages; authentication; plain language; consistent navigation/help; media controls cross-reference; data presentation; mobile/virtual-keyboard cross-reference; profile consistency
KBDL-A11Y-021,Blueprint section,"WCAG 2.2 Level A/AA baseline requirements (KBDL-A11Y-001 through KBDL-A11Y-010, KBDL-A11Y-012 through KBDL-A11Y-020, KBDL-A11Y-022 through KBDL-A11Y-034, KBDL-A11Y-036 through KBDL-A11Y-040)",Uniform default,Text alternatives; captions; semantic structure; landmarks; reading/focus order; color independence; text/non-text contrast; focus visibility/obscuration; text spacing; keyboard operability/traps/bypass; pointer cancellation; dragging/gesture alternatives; motion actuation; reduced-motion cross-reference; flashing; timing/automatic movement; forms/labels/autocomplete; error identification/prevention; status messages; authentication; plain language; consistent navigation/help; media controls cross-reference; data presentation; mobile/virtual-keyboard cross-reference; profile consistency,Text alternatives; captions; semantic structure; landmarks; reading/focus order; color independence; text/non-text contrast; focus visibility/obscuration; text spacing; keyboard operability/traps/bypass; pointer cancellation; dragging/gesture alternatives; motion actuation; reduced-motion cross-reference; flashing; timing/automatic movement; forms/labels/autocomplete; error identification/prevention; status messages; authentication; plain language; consistent navigation/help; media controls cross-reference; data presentation; mobile/virtual-keyboard cross-reference; profile consistency
KBDL-A11Y-035,Blueprint section,"WCAG 2.2 Level A/AA baseline requirements (KBDL-A11Y-001 through KBDL-A11Y-010, KBDL-A11Y-012 through KBDL-A11Y-020, KBDL-A11Y-022 through KBDL-A11Y-034, KBDL-A11Y-036 through KBDL-A11Y-040)",Uniform default,Text alternatives; captions; semantic structure; landmarks; reading/focus order; color independence; text/non-text contrast; focus visibility/obscuration; text spacing; keyboard operability/traps/bypass; pointer cancellation; dragging/gesture alternatives; motion actuation; reduced-motion cross-reference; flashing; timing/automatic movement; forms/labels/autocomplete; error identification/prevention; status messages; authentication; plain language; consistent navigation/help; media controls cross-reference; data presentation; mobile/virtual-keyboard cross-reference; profile consistency,Text alternatives; captions; semantic structure; landmarks; reading/focus order; color independence; text/non-text contrast; focus visibility/obscuration; text spacing; keyboard operability/traps/bypass; pointer cancellation; dragging/gesture alternatives; motion actuation; reduced-motion cross-reference; flashing; timing/automatic movement; forms/labels/autocomplete; error identification/prevention; status messages; authentication; plain language; consistent navigation/help; media controls cross-reference; data presentation; mobile/virtual-keyboard cross-reference; profile consistency
KBDL-A11Y-001,Roadmap prompt,"WCAG 2.2 Level A/AA baseline requirements (KBDL-A11Y-001 through KBDL-A11Y-010, KBDL-A11Y-012 through KBDL-A11Y-020, KBDL-A11Y-022 through KBDL-A11Y-034, KBDL-A11Y-036 through KBDL-A11Y-040)",Uniform default,KBDL-006,KBDL-006
KBDL-A11Y-011,Roadmap prompt,"WCAG 2.2 Level A/AA baseline requirements (KBDL-A11Y-001 through KBDL-A11Y-010, KBDL-A11Y-012 through KBDL-A11Y-020, KBDL-A11Y-022 through KBDL-A11Y-034, KBDL-A11Y-036 through KBDL-A11Y-040)",Uniform default,KBDL-006,KBDL-006
KBDL-A11Y-002,Roadmap prompt,"WCAG 2.2 Level A/AA baseline requirements (KBDL-A11Y-001 through KBDL-A11Y-010, KBDL-A11Y-012 through KBDL-A11Y-020, KBDL-A11Y-022 through KBDL-A11Y-034, KBDL-A11Y-036 through KBDL-A11Y-040)",Uniform default,KBDL-006,KBDL-006
KBDL-A11Y-003,Roadmap prompt,"WCAG 2.2 Level A/AA baseline requirements (KBDL-A11Y-001 through KBDL-A11Y-010, KBDL-A11Y-012 through KBDL-A11Y-020, KBDL-A11Y-022 through KBDL-A11Y-034, KBDL-A11Y-036 through KBDL-A11Y-040)",Uniform default,KBDL-006,KBDL-006
KBDL-A11Y-004,Roadmap prompt,"WCAG 2.2 Level A/AA baseline requirements (KBDL-A11Y-001 through KBDL-A11Y-010, KBDL-A11Y-012 through KBDL-A11Y-020, KBDL-A11Y-022 through KBDL-A11Y-034, KBDL-A11Y-036 through KBDL-A11Y-040)",Uniform default,KBDL-006,KBDL-006
KBDL-A11Y-005,Roadmap prompt,"WCAG 2.2 Level A/AA baseline requirements (KBDL-A11Y-001 through KBDL-A11Y-010, KBDL-A11Y-012 through KBDL-A11Y-020, KBDL-A11Y-022 through KBDL-A11Y-034, KBDL-A11Y-036 through KBDL-A11Y-040)",Uniform default,KBDL-006,KBDL-006
KBDL-A11Y-006,Roadmap prompt,"WCAG 2.2 Level A/AA baseline requirements (KBDL-A11Y-001 through KBDL-A11Y-010, KBDL-A11Y-012 through KBDL-A11Y-020, KBDL-A11Y-022 through KBDL-A11Y-034, KBDL-A11Y-036 through KBDL-A11Y-040)",Uniform default,KBDL-006,KBDL-006
KBDL-A11Y-007,Roadmap prompt,"WCAG 2.2 Level A/AA baseline requirements (KBDL-A11Y-001 through KBDL-A11Y-010, KBDL-A11Y-012 through KBDL-A11Y-020, KBDL-A11Y-022 through KBDL-A11Y-034, KBDL-A11Y-036 through KBDL-A11Y-040)",Uniform default,KBDL-006,KBDL-006
KBDL-A11Y-008,Roadmap prompt,"WCAG 2.2 Level A/AA baseline requirements (KBDL-A11Y-001 through KBDL-A11Y-010, KBDL-A11Y-012 through KBDL-A11Y-020, KBDL-A11Y-022 through KBDL-A11Y-034, KBDL-A11Y-036 through KBDL-A11Y-040)",Uniform default,KBDL-006,KBDL-006
KBDL-A11Y-009,Roadmap prompt,"WCAG 2.2 Level A/AA baseline requirements (KBDL-A11Y-001 through KBDL-A11Y-010, KBDL-A11Y-012 through KBDL-A11Y-020, KBDL-A11Y-022 through KBDL-A11Y-034, KBDL-A11Y-036 through KBDL-A11Y-040)",Uniform default,KBDL-006,KBDL-006
KBDL-A11Y-010,Roadmap prompt,"WCAG 2.2 Level A/AA baseline requirements (KBDL-A11Y-001 through KBDL-A11Y-010, KBDL-A11Y-012 through KBDL-A11Y-020, KBDL-A11Y-022 through KBDL-A11Y-034, KBDL-A11Y-036 through KBDL-A11Y-040)",Uniform default,KBDL-006,KBDL-006
KBDL-A11Y-021,Roadmap prompt,"WCAG 2.2 Level A/AA baseline requirements (KBDL-A11Y-001 through KBDL-A11Y-010, KBDL-A11Y-012 through KBDL-A11Y-020, KBDL-A11Y-022 through KBDL-A11Y-034, KBDL-A11Y-036 through KBDL-A11Y-040)",Uniform default,KBDL-006,KBDL-006
KBDL-A11Y-035,Roadmap prompt,"WCAG 2.2 Level A/AA baseline requirements (KBDL-A11Y-001 through KBDL-A11Y-010, KBDL-A11Y-012 through KBDL-A11Y-020, KBDL-A11Y-022 through KBDL-A11Y-034, KBDL-A11Y-036 through KBDL-A11Y-040)",Uniform default,KBDL-006,KBDL-006
KBDL-A11Y-001,Specification location,"WCAG 2.2 Level A/AA baseline requirements (KBDL-A11Y-001 through KBDL-A11Y-010, KBDL-A11Y-012 through KBDL-A11Y-020, KBDL-A11Y-022 through KBDL-A11Y-034, KBDL-A11Y-036 through KBDL-A11Y-040)",Uniform default,[accessibility.md §6–§45](accessibility.md#3-wcag-22-level-aa-mapping),[accessibility.md §6–§45](accessibility.md#3-wcag-22-level-aa-mapping)
KBDL-A11Y-011,Specification location,"WCAG 2.2 Level A/AA baseline requirements (KBDL-A11Y-001 through KBDL-A11Y-010, KBDL-A11Y-012 through KBDL-A11Y-020, KBDL-A11Y-022 through KBDL-A11Y-034, KBDL-A11Y-036 through KBDL-A11Y-040)",Uniform default,[accessibility.md §6–§45](accessibility.md#3-wcag-22-level-aa-mapping),[accessibility.md §6–§45](accessibility.md#3-wcag-22-level-aa-mapping)
KBDL-A11Y-002,Specification location,"WCAG 2.2 Level A/AA baseline requirements (KBDL-A11Y-001 through KBDL-A11Y-010, KBDL-A11Y-012 through KBDL-A11Y-020, KBDL-A11Y-022 through KBDL-A11Y-034, KBDL-A11Y-036 through KBDL-A11Y-040)",Uniform default,[accessibility.md §6–§45](accessibility.md#3-wcag-22-level-aa-mapping),[accessibility.md §6–§45](accessibility.md#3-wcag-22-level-aa-mapping)
KBDL-A11Y-003,Specification location,"WCAG 2.2 Level A/AA baseline requirements (KBDL-A11Y-001 through KBDL-A11Y-010, KBDL-A11Y-012 through KBDL-A11Y-020, KBDL-A11Y-022 through KBDL-A11Y-034, KBDL-A11Y-036 through KBDL-A11Y-040)",Uniform default,[accessibility.md §6–§45](accessibility.md#3-wcag-22-level-aa-mapping),[accessibility.md §6–§45](accessibility.md#3-wcag-22-level-aa-mapping)
KBDL-A11Y-004,Specification location,"WCAG 2.2 Level A/AA baseline requirements (KBDL-A11Y-001 through KBDL-A11Y-010, KBDL-A11Y-012 through KBDL-A11Y-020, KBDL-A11Y-022 through KBDL-A11Y-034, KBDL-A11Y-036 through KBDL-A11Y-040)",Uniform default,[accessibility.md §6–§45](accessibility.md#3-wcag-22-level-aa-mapping),[accessibility.md §6–§45](accessibility.md#3-wcag-22-level-aa-mapping)
KBDL-A11Y-005,Specification location,"WCAG 2.2 Level A/AA baseline requirements (KBDL-A11Y-001 through KBDL-A11Y-010, KBDL-A11Y-012 through KBDL-A11Y-020, KBDL-A11Y-022 through KBDL-A11Y-034, KBDL-A11Y-036 through KBDL-A11Y-040)",Uniform default,[accessibility.md §6–§45](accessibility.md#3-wcag-22-level-aa-mapping),[accessibility.md §6–§45](accessibility.md#3-wcag-22-level-aa-mapping)
KBDL-A11Y-006,Specification location,"WCAG 2.2 Level A/AA baseline requirements (KBDL-A11Y-001 through KBDL-A11Y-010, KBDL-A11Y-012 through KBDL-A11Y-020, KBDL-A11Y-022 through KBDL-A11Y-034, KBDL-A11Y-036 through KBDL-A11Y-040)",Uniform default,[accessibility.md §6–§45](accessibility.md#3-wcag-22-level-aa-mapping),[accessibility.md §6–§45](accessibility.md#3-wcag-22-level-aa-mapping)
KBDL-A11Y-007,Specification location,"WCAG 2.2 Level A/AA baseline requirements (KBDL-A11Y-001 through KBDL-A11Y-010, KBDL-A11Y-012 through KBDL-A11Y-020, KBDL-A11Y-022 through KBDL-A11Y-034, KBDL-A11Y-036 through KBDL-A11Y-040)",Uniform default,[accessibility.md §6–§45](accessibility.md#3-wcag-22-level-aa-mapping),[accessibility.md §6–§45](accessibility.md#3-wcag-22-level-aa-mapping)
KBDL-A11Y-008,Specification location,"WCAG 2.2 Level A/AA baseline requirements (KBDL-A11Y-001 through KBDL-A11Y-010, KBDL-A11Y-012 through KBDL-A11Y-020, KBDL-A11Y-022 through KBDL-A11Y-034, KBDL-A11Y-036 through KBDL-A11Y-040)",Uniform default,[accessibility.md §6–§45](accessibility.md#3-wcag-22-level-aa-mapping),[accessibility.md §6–§45](accessibility.md#3-wcag-22-level-aa-mapping)
KBDL-A11Y-009,Specification location,"WCAG 2.2 Level A/AA baseline requirements (KBDL-A11Y-001 through KBDL-A11Y-010, KBDL-A11Y-012 through KBDL-A11Y-020, KBDL-A11Y-022 through KBDL-A11Y-034, KBDL-A11Y-036 through KBDL-A11Y-040)",Uniform default,[accessibility.md §6–§45](accessibility.md#3-wcag-22-level-aa-mapping),[accessibility.md §6–§45](accessibility.md#3-wcag-22-level-aa-mapping)
KBDL-A11Y-010,Specification location,"WCAG 2.2 Level A/AA baseline requirements (KBDL-A11Y-001 through KBDL-A11Y-010, KBDL-A11Y-012 through KBDL-A11Y-020, KBDL-A11Y-022 through KBDL-A11Y-034, KBDL-A11Y-036 through KBDL-A11Y-040)",Uniform default,[accessibility.md §6–§45](accessibility.md#3-wcag-22-level-aa-mapping),[accessibility.md §6–§45](accessibility.md#3-wcag-22-level-aa-mapping)
KBDL-A11Y-021,Specification location,"WCAG 2.2 Level A/AA baseline requirements (KBDL-A11Y-001 through KBDL-A11Y-010, KBDL-A11Y-012 through KBDL-A11Y-020, KBDL-A11Y-022 through KBDL-A11Y-034, KBDL-A11Y-036 through KBDL-A11Y-040)",Uniform default,[accessibility.md §6–§45](accessibility.md#3-wcag-22-level-aa-mapping),[accessibility.md §6–§45](accessibility.md#3-wcag-22-level-aa-mapping)
KBDL-A11Y-035,Specification location,"WCAG 2.2 Level A/AA baseline requirements (KBDL-A11Y-001 through KBDL-A11Y-010, KBDL-A11Y-012 through KBDL-A11Y-020, KBDL-A11Y-022 through KBDL-A11Y-034, KBDL-A11Y-036 through KBDL-A11Y-040)",Uniform default,[accessibility.md §6–§45](accessibility.md#3-wcag-22-level-aa-mapping),[accessibility.md §6–§45](accessibility.md#3-wcag-22-level-aa-mapping)
KBDL-A11Y-001,Lifecycle status,"WCAG 2.2 Level A/AA baseline requirements (KBDL-A11Y-001 through KBDL-A11Y-010, KBDL-A11Y-012 through KBDL-A11Y-020, KBDL-A11Y-022 through KBDL-A11Y-034, KBDL-A11Y-036 through KBDL-A11Y-040)",Missing,MISSING,MISSING
KBDL-A11Y-011,Lifecycle status,"WCAG 2.2 Level A/AA baseline requirements (KBDL-A11Y-001 through KBDL-A11Y-010, KBDL-A11Y-012 through KBDL-A11Y-020, KBDL-A11Y-022 through KBDL-A11Y-034, KBDL-A11Y-036 through KBDL-A11Y-040)",Missing,MISSING,MISSING
KBDL-A11Y-002,Lifecycle status,"WCAG 2.2 Level A/AA baseline requirements (KBDL-A11Y-001 through KBDL-A11Y-010, KBDL-A11Y-012 through KBDL-A11Y-020, KBDL-A11Y-022 through KBDL-A11Y-034, KBDL-A11Y-036 through KBDL-A11Y-040)",Missing,MISSING,MISSING
KBDL-A11Y-003,Lifecycle status,"WCAG 2.2 Level A/AA baseline requirements (KBDL-A11Y-001 through KBDL-A11Y-010, KBDL-A11Y-012 through KBDL-A11Y-020, KBDL-A11Y-022 through KBDL-A11Y-034, KBDL-A11Y-036 through KBDL-A11Y-040)",Missing,MISSING,MISSING
KBDL-A11Y-004,Lifecycle status,"WCAG 2.2 Level A/AA baseline requirements (KBDL-A11Y-001 through KBDL-A11Y-010, KBDL-A11Y-012 through KBDL-A11Y-020, KBDL-A11Y-022 through KBDL-A11Y-034, KBDL-A11Y-036 through KBDL-A11Y-040)",Missing,MISSING,MISSING
KBDL-A11Y-005,Lifecycle status,"WCAG 2.2 Level A/AA baseline requirements (KBDL-A11Y-001 through KBDL-A11Y-010, KBDL-A11Y-012 through KBDL-A11Y-020, KBDL-A11Y-022 through KBDL-A11Y-034, KBDL-A11Y-036 through KBDL-A11Y-040)",Missing,MISSING,MISSING
KBDL-A11Y-006,Lifecycle status,"WCAG 2.2 Level A/AA baseline requirements (KBDL-A11Y-001 through KBDL-A11Y-010, KBDL-A11Y-012 through KBDL-A11Y-020, KBDL-A11Y-022 through KBDL-A11Y-034, KBDL-A11Y-036 through KBDL-A11Y-040)",Missing,MISSING,MISSING
KBDL-A11Y-007,Lifecycle status,"WCAG 2.2 Level A/AA baseline requirements (KBDL-A11Y-001 through KBDL-A11Y-010, KBDL-A11Y-012 through KBDL-A11Y-020, KBDL-A11Y-022 through KBDL-A11Y-034, KBDL-A11Y-036 through KBDL-A11Y-040)",Missing,MISSING,MISSING
KBDL-A11Y-008,Lifecycle status,"WCAG 2.2 Level A/AA baseline requirements (KBDL-A11Y-001 through KBDL-A11Y-010, KBDL-A11Y-012 through KBDL-A11Y-020, KBDL-A11Y-022 through KBDL-A11Y-034, KBDL-A11Y-036 through KBDL-A11Y-040)",Missing,MISSING,MISSING
KBDL-A11Y-009,Lifecycle status,"WCAG 2.2 Level A/AA baseline requirements (KBDL-A11Y-001 through KBDL-A11Y-010, KBDL-A11Y-012 through KBDL-A11Y-020, KBDL-A11Y-022 through KBDL-A11Y-034, KBDL-A11Y-036 through KBDL-A11Y-040)",Missing,MISSING,MISSING
KBDL-A11Y-010,Lifecycle status,"WCAG 2.2 Level A/AA baseline requirements (KBDL-A11Y-001 through KBDL-A11Y-010, KBDL-A11Y-012 through KBDL-A11Y-020, KBDL-A11Y-022 through KBDL-A11Y-034, KBDL-A11Y-036 through KBDL-A11Y-040)",Missing,MISSING,MISSING
KBDL-A11Y-021,Lifecycle status,"WCAG 2.2 Level A/AA baseline requirements (KBDL-A11Y-001 through KBDL-A11Y-010, KBDL-A11Y-012 through KBDL-A11Y-020, KBDL-A11Y-022 through KBDL-A11Y-034, KBDL-A11Y-036 through KBDL-A11Y-040)",Missing,MISSING,MISSING
KBDL-A11Y-035,Lifecycle status,"WCAG 2.2 Level A/AA baseline requirements (KBDL-A11Y-001 through KBDL-A11Y-010, KBDL-A11Y-012 through KBDL-A11Y-020, KBDL-A11Y-022 through KBDL-A11Y-034, KBDL-A11Y-036 through KBDL-A11Y-040)",Missing,MISSING,MISSING
KBDL-A11Y-001,Provenance,"WCAG 2.2 Level A/AA baseline requirements (KBDL-A11Y-001 through KBDL-A11Y-010, KBDL-A11Y-012 through KBDL-A11Y-020, KBDL-A11Y-022 through KBDL-A11Y-034, KBDL-A11Y-036 through KBDL-A11Y-040)",Missing,MISSING,MISSING
KBDL-A11Y-011,Provenance,"WCAG 2.2 Level A/AA baseline requirements (KBDL-A11Y-001 through KBDL-A11Y-010, KBDL-A11Y-012 through KBDL-A11Y-020, KBDL-A11Y-022 through KBDL-A11Y-034, KBDL-A11Y-036 through KBDL-A11Y-040)",Missing,MISSING,MISSING
KBDL-A11Y-002,Provenance,"WCAG 2.2 Level A/AA baseline requirements (KBDL-A11Y-001 through KBDL-A11Y-010, KBDL-A11Y-012 through KBDL-A11Y-020, KBDL-A11Y-022 through KBDL-A11Y-034, KBDL-A11Y-036 through KBDL-A11Y-040)",Missing,MISSING,MISSING
KBDL-A11Y-003,Provenance,"WCAG 2.2 Level A/AA baseline requirements (KBDL-A11Y-001 through KBDL-A11Y-010, KBDL-A11Y-012 through KBDL-A11Y-020, KBDL-A11Y-022 through KBDL-A11Y-034, KBDL-A11Y-036 through KBDL-A11Y-040)",Missing,MISSING,MISSING
KBDL-A11Y-004,Provenance,"WCAG 2.2 Level A/AA baseline requirements (KBDL-A11Y-001 through KBDL-A11Y-010, KBDL-A11Y-012 through KBDL-A11Y-020, KBDL-A11Y-022 through KBDL-A11Y-034, KBDL-A11Y-036 through KBDL-A11Y-040)",Missing,MISSING,MISSING
KBDL-A11Y-005,Provenance,"WCAG 2.2 Level A/AA baseline requirements (KBDL-A11Y-001 through KBDL-A11Y-010, KBDL-A11Y-012 through KBDL-A11Y-020, KBDL-A11Y-022 through KBDL-A11Y-034, KBDL-A11Y-036 through KBDL-A11Y-040)",Missing,MISSING,MISSING
KBDL-A11Y-006,Provenance,"WCAG 2.2 Level A/AA baseline requirements (KBDL-A11Y-001 through KBDL-A11Y-010, KBDL-A11Y-012 through KBDL-A11Y-020, KBDL-A11Y-022 through KBDL-A11Y-034, KBDL-A11Y-036 through KBDL-A11Y-040)",Missing,MISSING,MISSING
KBDL-A11Y-007,Provenance,"WCAG 2.2 Level A/AA baseline requirements (KBDL-A11Y-001 through KBDL-A11Y-010, KBDL-A11Y-012 through KBDL-A11Y-020, KBDL-A11Y-022 through KBDL-A11Y-034, KBDL-A11Y-036 through KBDL-A11Y-040)",Missing,MISSING,MISSING
KBDL-A11Y-008,Provenance,"WCAG 2.2 Level A/AA baseline requirements (KBDL-A11Y-001 through KBDL-A11Y-010, KBDL-A11Y-012 through KBDL-A11Y-020, KBDL-A11Y-022 through KBDL-A11Y-034, KBDL-A11Y-036 through KBDL-A11Y-040)",Missing,MISSING,MISSING
KBDL-A11Y-009,Provenance,"WCAG 2.2 Level A/AA baseline requirements (KBDL-A11Y-001 through KBDL-A11Y-010, KBDL-A11Y-012 through KBDL-A11Y-020, KBDL-A11Y-022 through KBDL-A11Y-034, KBDL-A11Y-036 through KBDL-A11Y-040)",Missing,MISSING,MISSING
KBDL-A11Y-010,Provenance,"WCAG 2.2 Level A/AA baseline requirements (KBDL-A11Y-001 through KBDL-A11Y-010, KBDL-A11Y-012 through KBDL-A11Y-020, KBDL-A11Y-022 through KBDL-A11Y-034, KBDL-A11Y-036 through KBDL-A11Y-040)",Missing,MISSING,MISSING
KBDL-A11Y-021,Provenance,"WCAG 2.2 Level A/AA baseline requirements (KBDL-A11Y-001 through KBDL-A11Y-010, KBDL-A11Y-012 through KBDL-A11Y-020, KBDL-A11Y-022 through KBDL-A11Y-034, KBDL-A11Y-036 through KBDL-A11Y-040)",Missing,MISSING,MISSING
KBDL-A11Y-035,Provenance,"WCAG 2.2 Level A/AA baseline requirements (KBDL-A11Y-001 through KBDL-A11Y-010, KBDL-A11Y-012 through KBDL-A11Y-020, KBDL-A11Y-022 through KBDL-A11Y-034, KBDL-A11Y-036 through KBDL-A11Y-040)",Missing,MISSING,MISSING
KBDL-A11Y-001,Validation classification,"WCAG 2.2 Level A/AA baseline requirements (KBDL-A11Y-001 through KBDL-A11Y-010, KBDL-A11Y-012 through KBDL-A11Y-020, KBDL-A11Y-022 through KBDL-A11Y-034, KBDL-A11Y-036 through KBDL-A11Y-040)",Uniform default,"Not verified: KBDL-A11Y-001, KBDL-A11Y-002, KBDL-A11Y-003, KBDL-A11Y-004, KBDL-A11Y-005, KBDL-A11Y-006, KBDL-A11Y-010, KBDL-A11Y-012, KBDL-A11Y-013, KBDL-A11Y-014, KBDL-A11Y-015, KBDL-A11Y-016, KBDL-A11Y-017, KBDL-A11Y-018, KBDL-A11Y-020, KBDL-A11Y-022, KBDL-A11Y-023, KBDL-A11Y-024, KBDL-A11Y-025, KBDL-A11Y-026, KBDL-A11Y-027, KBDL-A11Y-028, KBDL-A11Y-029, KBDL-A11Y-030, KBDL-A11Y-031, KBDL-A11Y-032, KBDL-A11Y-033, KBDL-A11Y-034, KBDL-A11Y-037, KBDL-A11Y-040; Verified: KBDL-A11Y-007, KBDL-A11Y-008, KBDL-A11Y-009; Not applicable: KBDL-A11Y-019, KBDL-A11Y-036, KBDL-A11Y-038, KBDL-A11Y-039","Not verified: KBDL-A11Y-001, KBDL-A11Y-002, KBDL-A11Y-003, KBDL-A11Y-004, KBDL-A11Y-005, KBDL-A11Y-006, KBDL-A11Y-010, KBDL-A11Y-012, KBDL-A11Y-013, KBDL-A11Y-014, KBDL-A11Y-015, KBDL-A11Y-016, KBDL-A11Y-017, KBDL-A11Y-018, KBDL-A11Y-020, KBDL-A11Y-022, KBDL-A11Y-023, KBDL-A11Y-024, KBDL-A11Y-025, KBDL-A11Y-026, KBDL-A11Y-027, KBDL-A11Y-028, KBDL-A11Y-029, KBDL-A11Y-030, KBDL-A11Y-031, KBDL-A11Y-032, KBDL-A11Y-033, KBDL-A11Y-034, KBDL-A11Y-037, KBDL-A11Y-040; Verified: KBDL-A11Y-007, KBDL-A11Y-008, KBDL-A11Y-009; Not applicable: KBDL-A11Y-019, KBDL-A11Y-036, KBDL-A11Y-038, KBDL-A11Y-039"
KBDL-A11Y-011,Validation classification,"WCAG 2.2 Level A/AA baseline requirements (KBDL-A11Y-001 through KBDL-A11Y-010, KBDL-A11Y-012 through KBDL-A11Y-020, KBDL-A11Y-022 through KBDL-A11Y-034, KBDL-A11Y-036 through KBDL-A11Y-040)",Uniform default,"Not verified: KBDL-A11Y-001, KBDL-A11Y-002, KBDL-A11Y-003, KBDL-A11Y-004, KBDL-A11Y-005, KBDL-A11Y-006, KBDL-A11Y-010, KBDL-A11Y-012, KBDL-A11Y-013, KBDL-A11Y-014, KBDL-A11Y-015, KBDL-A11Y-016, KBDL-A11Y-017, KBDL-A11Y-018, KBDL-A11Y-020, KBDL-A11Y-022, KBDL-A11Y-023, KBDL-A11Y-024, KBDL-A11Y-025, KBDL-A11Y-026, KBDL-A11Y-027, KBDL-A11Y-028, KBDL-A11Y-029, KBDL-A11Y-030, KBDL-A11Y-031, KBDL-A11Y-032, KBDL-A11Y-033, KBDL-A11Y-034, KBDL-A11Y-037, KBDL-A11Y-040; Verified: KBDL-A11Y-007, KBDL-A11Y-008, KBDL-A11Y-009; Not applicable: KBDL-A11Y-019, KBDL-A11Y-036, KBDL-A11Y-038, KBDL-A11Y-039","Not verified: KBDL-A11Y-001, KBDL-A11Y-002, KBDL-A11Y-003, KBDL-A11Y-004, KBDL-A11Y-005, KBDL-A11Y-006, KBDL-A11Y-010, KBDL-A11Y-012, KBDL-A11Y-013, KBDL-A11Y-014, KBDL-A11Y-015, KBDL-A11Y-016, KBDL-A11Y-017, KBDL-A11Y-018, KBDL-A11Y-020, KBDL-A11Y-022, KBDL-A11Y-023, KBDL-A11Y-024, KBDL-A11Y-025, KBDL-A11Y-026, KBDL-A11Y-027, KBDL-A11Y-028, KBDL-A11Y-029, KBDL-A11Y-030, KBDL-A11Y-031, KBDL-A11Y-032, KBDL-A11Y-033, KBDL-A11Y-034, KBDL-A11Y-037, KBDL-A11Y-040; Verified: KBDL-A11Y-007, KBDL-A11Y-008, KBDL-A11Y-009; Not applicable: KBDL-A11Y-019, KBDL-A11Y-036, KBDL-A11Y-038, KBDL-A11Y-039"
KBDL-A11Y-002,Validation classification,"WCAG 2.2 Level A/AA baseline requirements (KBDL-A11Y-001 through KBDL-A11Y-010, KBDL-A11Y-012 through KBDL-A11Y-020, KBDL-A11Y-022 through KBDL-A11Y-034, KBDL-A11Y-036 through KBDL-A11Y-040)",Uniform default,"Not verified: KBDL-A11Y-001, KBDL-A11Y-002, KBDL-A11Y-003, KBDL-A11Y-004, KBDL-A11Y-005, KBDL-A11Y-006, KBDL-A11Y-010, KBDL-A11Y-012, KBDL-A11Y-013, KBDL-A11Y-014, KBDL-A11Y-015, KBDL-A11Y-016, KBDL-A11Y-017, KBDL-A11Y-018, KBDL-A11Y-020, KBDL-A11Y-022, KBDL-A11Y-023, KBDL-A11Y-024, KBDL-A11Y-025, KBDL-A11Y-026, KBDL-A11Y-027, KBDL-A11Y-028, KBDL-A11Y-029, KBDL-A11Y-030, KBDL-A11Y-031, KBDL-A11Y-032, KBDL-A11Y-033, KBDL-A11Y-034, KBDL-A11Y-037, KBDL-A11Y-040; Verified: KBDL-A11Y-007, KBDL-A11Y-008, KBDL-A11Y-009; Not applicable: KBDL-A11Y-019, KBDL-A11Y-036, KBDL-A11Y-038, KBDL-A11Y-039","Not verified: KBDL-A11Y-001, KBDL-A11Y-002, KBDL-A11Y-003, KBDL-A11Y-004, KBDL-A11Y-005, KBDL-A11Y-006, KBDL-A11Y-010, KBDL-A11Y-012, KBDL-A11Y-013, KBDL-A11Y-014, KBDL-A11Y-015, KBDL-A11Y-016, KBDL-A11Y-017, KBDL-A11Y-018, KBDL-A11Y-020, KBDL-A11Y-022, KBDL-A11Y-023, KBDL-A11Y-024, KBDL-A11Y-025, KBDL-A11Y-026, KBDL-A11Y-027, KBDL-A11Y-028, KBDL-A11Y-029, KBDL-A11Y-030, KBDL-A11Y-031, KBDL-A11Y-032, KBDL-A11Y-033, KBDL-A11Y-034, KBDL-A11Y-037, KBDL-A11Y-040; Verified: KBDL-A11Y-007, KBDL-A11Y-008, KBDL-A11Y-009; Not applicable: KBDL-A11Y-019, KBDL-A11Y-036, KBDL-A11Y-038, KBDL-A11Y-039"
KBDL-A11Y-003,Validation classification,"WCAG 2.2 Level A/AA baseline requirements (KBDL-A11Y-001 through KBDL-A11Y-010, KBDL-A11Y-012 through KBDL-A11Y-020, KBDL-A11Y-022 through KBDL-A11Y-034, KBDL-A11Y-036 through KBDL-A11Y-040)",Uniform default,"Not verified: KBDL-A11Y-001, KBDL-A11Y-002, KBDL-A11Y-003, KBDL-A11Y-004, KBDL-A11Y-005, KBDL-A11Y-006, KBDL-A11Y-010, KBDL-A11Y-012, KBDL-A11Y-013, KBDL-A11Y-014, KBDL-A11Y-015, KBDL-A11Y-016, KBDL-A11Y-017, KBDL-A11Y-018, KBDL-A11Y-020, KBDL-A11Y-022, KBDL-A11Y-023, KBDL-A11Y-024, KBDL-A11Y-025, KBDL-A11Y-026, KBDL-A11Y-027, KBDL-A11Y-028, KBDL-A11Y-029, KBDL-A11Y-030, KBDL-A11Y-031, KBDL-A11Y-032, KBDL-A11Y-033, KBDL-A11Y-034, KBDL-A11Y-037, KBDL-A11Y-040; Verified: KBDL-A11Y-007, KBDL-A11Y-008, KBDL-A11Y-009; Not applicable: KBDL-A11Y-019, KBDL-A11Y-036, KBDL-A11Y-038, KBDL-A11Y-039","Not verified: KBDL-A11Y-001, KBDL-A11Y-002, KBDL-A11Y-003, KBDL-A11Y-004, KBDL-A11Y-005, KBDL-A11Y-006, KBDL-A11Y-010, KBDL-A11Y-012, KBDL-A11Y-013, KBDL-A11Y-014, KBDL-A11Y-015, KBDL-A11Y-016, KBDL-A11Y-017, KBDL-A11Y-018, KBDL-A11Y-020, KBDL-A11Y-022, KBDL-A11Y-023, KBDL-A11Y-024, KBDL-A11Y-025, KBDL-A11Y-026, KBDL-A11Y-027, KBDL-A11Y-028, KBDL-A11Y-029, KBDL-A11Y-030, KBDL-A11Y-031, KBDL-A11Y-032, KBDL-A11Y-033, KBDL-A11Y-034, KBDL-A11Y-037, KBDL-A11Y-040; Verified: KBDL-A11Y-007, KBDL-A11Y-008, KBDL-A11Y-009; Not applicable: KBDL-A11Y-019, KBDL-A11Y-036, KBDL-A11Y-038, KBDL-A11Y-039"
KBDL-A11Y-004,Validation classification,"WCAG 2.2 Level A/AA baseline requirements (KBDL-A11Y-001 through KBDL-A11Y-010, KBDL-A11Y-012 through KBDL-A11Y-020, KBDL-A11Y-022 through KBDL-A11Y-034, KBDL-A11Y-036 through KBDL-A11Y-040)",Uniform default,"Not verified: KBDL-A11Y-001, KBDL-A11Y-002, KBDL-A11Y-003, KBDL-A11Y-004, KBDL-A11Y-005, KBDL-A11Y-006, KBDL-A11Y-010, KBDL-A11Y-012, KBDL-A11Y-013, KBDL-A11Y-014, KBDL-A11Y-015, KBDL-A11Y-016, KBDL-A11Y-017, KBDL-A11Y-018, KBDL-A11Y-020, KBDL-A11Y-022, KBDL-A11Y-023, KBDL-A11Y-024, KBDL-A11Y-025, KBDL-A11Y-026, KBDL-A11Y-027, KBDL-A11Y-028, KBDL-A11Y-029, KBDL-A11Y-030, KBDL-A11Y-031, KBDL-A11Y-032, KBDL-A11Y-033, KBDL-A11Y-034, KBDL-A11Y-037, KBDL-A11Y-040; Verified: KBDL-A11Y-007, KBDL-A11Y-008, KBDL-A11Y-009; Not applicable: KBDL-A11Y-019, KBDL-A11Y-036, KBDL-A11Y-038, KBDL-A11Y-039","Not verified: KBDL-A11Y-001, KBDL-A11Y-002, KBDL-A11Y-003, KBDL-A11Y-004, KBDL-A11Y-005, KBDL-A11Y-006, KBDL-A11Y-010, KBDL-A11Y-012, KBDL-A11Y-013, KBDL-A11Y-014, KBDL-A11Y-015, KBDL-A11Y-016, KBDL-A11Y-017, KBDL-A11Y-018, KBDL-A11Y-020, KBDL-A11Y-022, KBDL-A11Y-023, KBDL-A11Y-024, KBDL-A11Y-025, KBDL-A11Y-026, KBDL-A11Y-027, KBDL-A11Y-028, KBDL-A11Y-029, KBDL-A11Y-030, KBDL-A11Y-031, KBDL-A11Y-032, KBDL-A11Y-033, KBDL-A11Y-034, KBDL-A11Y-037, KBDL-A11Y-040; Verified: KBDL-A11Y-007, KBDL-A11Y-008, KBDL-A11Y-009; Not applicable: KBDL-A11Y-019, KBDL-A11Y-036, KBDL-A11Y-038, KBDL-A11Y-039"
KBDL-A11Y-005,Validation classification,"WCAG 2.2 Level A/AA baseline requirements (KBDL-A11Y-001 through KBDL-A11Y-010, KBDL-A11Y-012 through KBDL-A11Y-020, KBDL-A11Y-022 through KBDL-A11Y-034, KBDL-A11Y-036 through KBDL-A11Y-040)",Uniform default,"Not verified: KBDL-A11Y-001, KBDL-A11Y-002, KBDL-A11Y-003, KBDL-A11Y-004, KBDL-A11Y-005, KBDL-A11Y-006, KBDL-A11Y-010, KBDL-A11Y-012, KBDL-A11Y-013, KBDL-A11Y-014, KBDL-A11Y-015, KBDL-A11Y-016, KBDL-A11Y-017, KBDL-A11Y-018, KBDL-A11Y-020, KBDL-A11Y-022, KBDL-A11Y-023, KBDL-A11Y-024, KBDL-A11Y-025, KBDL-A11Y-026, KBDL-A11Y-027, KBDL-A11Y-028, KBDL-A11Y-029, KBDL-A11Y-030, KBDL-A11Y-031, KBDL-A11Y-032, KBDL-A11Y-033, KBDL-A11Y-034, KBDL-A11Y-037, KBDL-A11Y-040; Verified: KBDL-A11Y-007, KBDL-A11Y-008, KBDL-A11Y-009; Not applicable: KBDL-A11Y-019, KBDL-A11Y-036, KBDL-A11Y-038, KBDL-A11Y-039","Not verified: KBDL-A11Y-001, KBDL-A11Y-002, KBDL-A11Y-003, KBDL-A11Y-004, KBDL-A11Y-005, KBDL-A11Y-006, KBDL-A11Y-010, KBDL-A11Y-012, KBDL-A11Y-013, KBDL-A11Y-014, KBDL-A11Y-015, KBDL-A11Y-016, KBDL-A11Y-017, KBDL-A11Y-018, KBDL-A11Y-020, KBDL-A11Y-022, KBDL-A11Y-023, KBDL-A11Y-024, KBDL-A11Y-025, KBDL-A11Y-026, KBDL-A11Y-027, KBDL-A11Y-028, KBDL-A11Y-029, KBDL-A11Y-030, KBDL-A11Y-031, KBDL-A11Y-032, KBDL-A11Y-033, KBDL-A11Y-034, KBDL-A11Y-037, KBDL-A11Y-040; Verified: KBDL-A11Y-007, KBDL-A11Y-008, KBDL-A11Y-009; Not applicable: KBDL-A11Y-019, KBDL-A11Y-036, KBDL-A11Y-038, KBDL-A11Y-039"
KBDL-A11Y-006,Validation classification,"WCAG 2.2 Level A/AA baseline requirements (KBDL-A11Y-001 through KBDL-A11Y-010, KBDL-A11Y-012 through KBDL-A11Y-020, KBDL-A11Y-022 through KBDL-A11Y-034, KBDL-A11Y-036 through KBDL-A11Y-040)",Uniform default,"Not verified: KBDL-A11Y-001, KBDL-A11Y-002, KBDL-A11Y-003, KBDL-A11Y-004, KBDL-A11Y-005, KBDL-A11Y-006, KBDL-A11Y-010, KBDL-A11Y-012, KBDL-A11Y-013, KBDL-A11Y-014, KBDL-A11Y-015, KBDL-A11Y-016, KBDL-A11Y-017, KBDL-A11Y-018, KBDL-A11Y-020, KBDL-A11Y-022, KBDL-A11Y-023, KBDL-A11Y-024, KBDL-A11Y-025, KBDL-A11Y-026, KBDL-A11Y-027, KBDL-A11Y-028, KBDL-A11Y-029, KBDL-A11Y-030, KBDL-A11Y-031, KBDL-A11Y-032, KBDL-A11Y-033, KBDL-A11Y-034, KBDL-A11Y-037, KBDL-A11Y-040; Verified: KBDL-A11Y-007, KBDL-A11Y-008, KBDL-A11Y-009; Not applicable: KBDL-A11Y-019, KBDL-A11Y-036, KBDL-A11Y-038, KBDL-A11Y-039","Not verified: KBDL-A11Y-001, KBDL-A11Y-002, KBDL-A11Y-003, KBDL-A11Y-004, KBDL-A11Y-005, KBDL-A11Y-006, KBDL-A11Y-010, KBDL-A11Y-012, KBDL-A11Y-013, KBDL-A11Y-014, KBDL-A11Y-015, KBDL-A11Y-016, KBDL-A11Y-017, KBDL-A11Y-018, KBDL-A11Y-020, KBDL-A11Y-022, KBDL-A11Y-023, KBDL-A11Y-024, KBDL-A11Y-025, KBDL-A11Y-026, KBDL-A11Y-027, KBDL-A11Y-028, KBDL-A11Y-029, KBDL-A11Y-030, KBDL-A11Y-031, KBDL-A11Y-032, KBDL-A11Y-033, KBDL-A11Y-034, KBDL-A11Y-037, KBDL-A11Y-040; Verified: KBDL-A11Y-007, KBDL-A11Y-008, KBDL-A11Y-009; Not applicable: KBDL-A11Y-019, KBDL-A11Y-036, KBDL-A11Y-038, KBDL-A11Y-039"
KBDL-A11Y-007,Validation classification,"WCAG 2.2 Level A/AA baseline requirements (KBDL-A11Y-001 through KBDL-A11Y-010, KBDL-A11Y-012 through KBDL-A11Y-020, KBDL-A11Y-022 through KBDL-A11Y-034, KBDL-A11Y-036 through KBDL-A11Y-040)",Uniform default,"Not verified: KBDL-A11Y-001, KBDL-A11Y-002, KBDL-A11Y-003, KBDL-A11Y-004, KBDL-A11Y-005, KBDL-A11Y-006, KBDL-A11Y-010, KBDL-A11Y-012, KBDL-A11Y-013, KBDL-A11Y-014, KBDL-A11Y-015, KBDL-A11Y-016, KBDL-A11Y-017, KBDL-A11Y-018, KBDL-A11Y-020, KBDL-A11Y-022, KBDL-A11Y-023, KBDL-A11Y-024, KBDL-A11Y-025, KBDL-A11Y-026, KBDL-A11Y-027, KBDL-A11Y-028, KBDL-A11Y-029, KBDL-A11Y-030, KBDL-A11Y-031, KBDL-A11Y-032, KBDL-A11Y-033, KBDL-A11Y-034, KBDL-A11Y-037, KBDL-A11Y-040; Verified: KBDL-A11Y-007, KBDL-A11Y-008, KBDL-A11Y-009; Not applicable: KBDL-A11Y-019, KBDL-A11Y-036, KBDL-A11Y-038, KBDL-A11Y-039","Not verified: KBDL-A11Y-001, KBDL-A11Y-002, KBDL-A11Y-003, KBDL-A11Y-004, KBDL-A11Y-005, KBDL-A11Y-006, KBDL-A11Y-010, KBDL-A11Y-012, KBDL-A11Y-013, KBDL-A11Y-014, KBDL-A11Y-015, KBDL-A11Y-016, KBDL-A11Y-017, KBDL-A11Y-018, KBDL-A11Y-020, KBDL-A11Y-022, KBDL-A11Y-023, KBDL-A11Y-024, KBDL-A11Y-025, KBDL-A11Y-026, KBDL-A11Y-027, KBDL-A11Y-028, KBDL-A11Y-029, KBDL-A11Y-030, KBDL-A11Y-031, KBDL-A11Y-032, KBDL-A11Y-033, KBDL-A11Y-034, KBDL-A11Y-037, KBDL-A11Y-040; Verified: KBDL-A11Y-007, KBDL-A11Y-008, KBDL-A11Y-009; Not applicable: KBDL-A11Y-019, KBDL-A11Y-036, KBDL-A11Y-038, KBDL-A11Y-039"
KBDL-A11Y-008,Validation classification,"WCAG 2.2 Level A/AA baseline requirements (KBDL-A11Y-001 through KBDL-A11Y-010, KBDL-A11Y-012 through KBDL-A11Y-020, KBDL-A11Y-022 through KBDL-A11Y-034, KBDL-A11Y-036 through KBDL-A11Y-040)",Uniform default,"Not verified: KBDL-A11Y-001, KBDL-A11Y-002, KBDL-A11Y-003, KBDL-A11Y-004, KBDL-A11Y-005, KBDL-A11Y-006, KBDL-A11Y-010, KBDL-A11Y-012, KBDL-A11Y-013, KBDL-A11Y-014, KBDL-A11Y-015, KBDL-A11Y-016, KBDL-A11Y-017, KBDL-A11Y-018, KBDL-A11Y-020, KBDL-A11Y-022, KBDL-A11Y-023, KBDL-A11Y-024, KBDL-A11Y-025, KBDL-A11Y-026, KBDL-A11Y-027, KBDL-A11Y-028, KBDL-A11Y-029, KBDL-A11Y-030, KBDL-A11Y-031, KBDL-A11Y-032, KBDL-A11Y-033, KBDL-A11Y-034, KBDL-A11Y-037, KBDL-A11Y-040; Verified: KBDL-A11Y-007, KBDL-A11Y-008, KBDL-A11Y-009; Not applicable: KBDL-A11Y-019, KBDL-A11Y-036, KBDL-A11Y-038, KBDL-A11Y-039","Not verified: KBDL-A11Y-001, KBDL-A11Y-002, KBDL-A11Y-003, KBDL-A11Y-004, KBDL-A11Y-005, KBDL-A11Y-006, KBDL-A11Y-010, KBDL-A11Y-012, KBDL-A11Y-013, KBDL-A11Y-014, KBDL-A11Y-015, KBDL-A11Y-016, KBDL-A11Y-017, KBDL-A11Y-018, KBDL-A11Y-020, KBDL-A11Y-022, KBDL-A11Y-023, KBDL-A11Y-024, KBDL-A11Y-025, KBDL-A11Y-026, KBDL-A11Y-027, KBDL-A11Y-028, KBDL-A11Y-029, KBDL-A11Y-030, KBDL-A11Y-031, KBDL-A11Y-032, KBDL-A11Y-033, KBDL-A11Y-034, KBDL-A11Y-037, KBDL-A11Y-040; Verified: KBDL-A11Y-007, KBDL-A11Y-008, KBDL-A11Y-009; Not applicable: KBDL-A11Y-019, KBDL-A11Y-036, KBDL-A11Y-038, KBDL-A11Y-039"
KBDL-A11Y-009,Validation classification,"WCAG 2.2 Level A/AA baseline requirements (KBDL-A11Y-001 through KBDL-A11Y-010, KBDL-A11Y-012 through KBDL-A11Y-020, KBDL-A11Y-022 through KBDL-A11Y-034, KBDL-A11Y-036 through KBDL-A11Y-040)",Uniform default,"Not verified: KBDL-A11Y-001, KBDL-A11Y-002, KBDL-A11Y-003, KBDL-A11Y-004, KBDL-A11Y-005, KBDL-A11Y-006, KBDL-A11Y-010, KBDL-A11Y-012, KBDL-A11Y-013, KBDL-A11Y-014, KBDL-A11Y-015, KBDL-A11Y-016, KBDL-A11Y-017, KBDL-A11Y-018, KBDL-A11Y-020, KBDL-A11Y-022, KBDL-A11Y-023, KBDL-A11Y-024, KBDL-A11Y-025, KBDL-A11Y-026, KBDL-A11Y-027, KBDL-A11Y-028, KBDL-A11Y-029, KBDL-A11Y-030, KBDL-A11Y-031, KBDL-A11Y-032, KBDL-A11Y-033, KBDL-A11Y-034, KBDL-A11Y-037, KBDL-A11Y-040; Verified: KBDL-A11Y-007, KBDL-A11Y-008, KBDL-A11Y-009; Not applicable: KBDL-A11Y-019, KBDL-A11Y-036, KBDL-A11Y-038, KBDL-A11Y-039","Not verified: KBDL-A11Y-001, KBDL-A11Y-002, KBDL-A11Y-003, KBDL-A11Y-004, KBDL-A11Y-005, KBDL-A11Y-006, KBDL-A11Y-010, KBDL-A11Y-012, KBDL-A11Y-013, KBDL-A11Y-014, KBDL-A11Y-015, KBDL-A11Y-016, KBDL-A11Y-017, KBDL-A11Y-018, KBDL-A11Y-020, KBDL-A11Y-022, KBDL-A11Y-023, KBDL-A11Y-024, KBDL-A11Y-025, KBDL-A11Y-026, KBDL-A11Y-027, KBDL-A11Y-028, KBDL-A11Y-029, KBDL-A11Y-030, KBDL-A11Y-031, KBDL-A11Y-032, KBDL-A11Y-033, KBDL-A11Y-034, KBDL-A11Y-037, KBDL-A11Y-040; Verified: KBDL-A11Y-007, KBDL-A11Y-008, KBDL-A11Y-009; Not applicable: KBDL-A11Y-019, KBDL-A11Y-036, KBDL-A11Y-038, KBDL-A11Y-039"
KBDL-A11Y-010,Validation classification,"WCAG 2.2 Level A/AA baseline requirements (KBDL-A11Y-001 through KBDL-A11Y-010, KBDL-A11Y-012 through KBDL-A11Y-020, KBDL-A11Y-022 through KBDL-A11Y-034, KBDL-A11Y-036 through KBDL-A11Y-040)",Uniform default,"Not verified: KBDL-A11Y-001, KBDL-A11Y-002, KBDL-A11Y-003, KBDL-A11Y-004, KBDL-A11Y-005, KBDL-A11Y-006, KBDL-A11Y-010, KBDL-A11Y-012, KBDL-A11Y-013, KBDL-A11Y-014, KBDL-A11Y-015, KBDL-A11Y-016, KBDL-A11Y-017, KBDL-A11Y-018, KBDL-A11Y-020, KBDL-A11Y-022, KBDL-A11Y-023, KBDL-A11Y-024, KBDL-A11Y-025, KBDL-A11Y-026, KBDL-A11Y-027, KBDL-A11Y-028, KBDL-A11Y-029, KBDL-A11Y-030, KBDL-A11Y-031, KBDL-A11Y-032, KBDL-A11Y-033, KBDL-A11Y-034, KBDL-A11Y-037, KBDL-A11Y-040; Verified: KBDL-A11Y-007, KBDL-A11Y-008, KBDL-A11Y-009; Not applicable: KBDL-A11Y-019, KBDL-A11Y-036, KBDL-A11Y-038, KBDL-A11Y-039","Not verified: KBDL-A11Y-001, KBDL-A11Y-002, KBDL-A11Y-003, KBDL-A11Y-004, KBDL-A11Y-005, KBDL-A11Y-006, KBDL-A11Y-010, KBDL-A11Y-012, KBDL-A11Y-013, KBDL-A11Y-014, KBDL-A11Y-015, KBDL-A11Y-016, KBDL-A11Y-017, KBDL-A11Y-018, KBDL-A11Y-020, KBDL-A11Y-022, KBDL-A11Y-023, KBDL-A11Y-024, KBDL-A11Y-025, KBDL-A11Y-026, KBDL-A11Y-027, KBDL-A11Y-028, KBDL-A11Y-029, KBDL-A11Y-030, KBDL-A11Y-031, KBDL-A11Y-032, KBDL-A11Y-033, KBDL-A11Y-034, KBDL-A11Y-037, KBDL-A11Y-040; Verified: KBDL-A11Y-007, KBDL-A11Y-008, KBDL-A11Y-009; Not applicable: KBDL-A11Y-019, KBDL-A11Y-036, KBDL-A11Y-038, KBDL-A11Y-039"
KBDL-A11Y-021,Validation classification,"WCAG 2.2 Level A/AA baseline requirements (KBDL-A11Y-001 through KBDL-A11Y-010, KBDL-A11Y-012 through KBDL-A11Y-020, KBDL-A11Y-022 through KBDL-A11Y-034, KBDL-A11Y-036 through KBDL-A11Y-040)",Uniform default,"Not verified: KBDL-A11Y-001, KBDL-A11Y-002, KBDL-A11Y-003, KBDL-A11Y-004, KBDL-A11Y-005, KBDL-A11Y-006, KBDL-A11Y-010, KBDL-A11Y-012, KBDL-A11Y-013, KBDL-A11Y-014, KBDL-A11Y-015, KBDL-A11Y-016, KBDL-A11Y-017, KBDL-A11Y-018, KBDL-A11Y-020, KBDL-A11Y-022, KBDL-A11Y-023, KBDL-A11Y-024, KBDL-A11Y-025, KBDL-A11Y-026, KBDL-A11Y-027, KBDL-A11Y-028, KBDL-A11Y-029, KBDL-A11Y-030, KBDL-A11Y-031, KBDL-A11Y-032, KBDL-A11Y-033, KBDL-A11Y-034, KBDL-A11Y-037, KBDL-A11Y-040; Verified: KBDL-A11Y-007, KBDL-A11Y-008, KBDL-A11Y-009; Not applicable: KBDL-A11Y-019, KBDL-A11Y-036, KBDL-A11Y-038, KBDL-A11Y-039","Not verified: KBDL-A11Y-001, KBDL-A11Y-002, KBDL-A11Y-003, KBDL-A11Y-004, KBDL-A11Y-005, KBDL-A11Y-006, KBDL-A11Y-010, KBDL-A11Y-012, KBDL-A11Y-013, KBDL-A11Y-014, KBDL-A11Y-015, KBDL-A11Y-016, KBDL-A11Y-017, KBDL-A11Y-018, KBDL-A11Y-020, KBDL-A11Y-022, KBDL-A11Y-023, KBDL-A11Y-024, KBDL-A11Y-025, KBDL-A11Y-026, KBDL-A11Y-027, KBDL-A11Y-028, KBDL-A11Y-029, KBDL-A11Y-030, KBDL-A11Y-031, KBDL-A11Y-032, KBDL-A11Y-033, KBDL-A11Y-034, KBDL-A11Y-037, KBDL-A11Y-040; Verified: KBDL-A11Y-007, KBDL-A11Y-008, KBDL-A11Y-009; Not applicable: KBDL-A11Y-019, KBDL-A11Y-036, KBDL-A11Y-038, KBDL-A11Y-039"
KBDL-A11Y-035,Validation classification,"WCAG 2.2 Level A/AA baseline requirements (KBDL-A11Y-001 through KBDL-A11Y-010, KBDL-A11Y-012 through KBDL-A11Y-020, KBDL-A11Y-022 through KBDL-A11Y-034, KBDL-A11Y-036 through KBDL-A11Y-040)",Uniform default,"Not verified: KBDL-A11Y-001, KBDL-A11Y-002, KBDL-A11Y-003, KBDL-A11Y-004, KBDL-A11Y-005, KBDL-A11Y-006, KBDL-A11Y-010, KBDL-A11Y-012, KBDL-A11Y-013, KBDL-A11Y-014, KBDL-A11Y-015, KBDL-A11Y-016, KBDL-A11Y-017, KBDL-A11Y-018, KBDL-A11Y-020, KBDL-A11Y-022, KBDL-A11Y-023, KBDL-A11Y-024, KBDL-A11Y-025, KBDL-A11Y-026, KBDL-A11Y-027, KBDL-A11Y-028, KBDL-A11Y-029, KBDL-A11Y-030, KBDL-A11Y-031, KBDL-A11Y-032, KBDL-A11Y-033, KBDL-A11Y-034, KBDL-A11Y-037, KBDL-A11Y-040; Verified: KBDL-A11Y-007, KBDL-A11Y-008, KBDL-A11Y-009; Not applicable: KBDL-A11Y-019, KBDL-A11Y-036, KBDL-A11Y-038, KBDL-A11Y-039","Not verified: KBDL-A11Y-001, KBDL-A11Y-002, KBDL-A11Y-003, KBDL-A11Y-004, KBDL-A11Y-005, KBDL-A11Y-006, KBDL-A11Y-010, KBDL-A11Y-012, KBDL-A11Y-013, KBDL-A11Y-014, KBDL-A11Y-015, KBDL-A11Y-016, KBDL-A11Y-017, KBDL-A11Y-018, KBDL-A11Y-020, KBDL-A11Y-022, KBDL-A11Y-023, KBDL-A11Y-024, KBDL-A11Y-025, KBDL-A11Y-026, KBDL-A11Y-027, KBDL-A11Y-028, KBDL-A11Y-029, KBDL-A11Y-030, KBDL-A11Y-031, KBDL-A11Y-032, KBDL-A11Y-033, KBDL-A11Y-034, KBDL-A11Y-037, KBDL-A11Y-040; Verified: KBDL-A11Y-007, KBDL-A11Y-008, KBDL-A11Y-009; Not applicable: KBDL-A11Y-019, KBDL-A11Y-036, KBDL-A11Y-038, KBDL-A11Y-039"
KBDL-A11Y-001,Authority,"WCAG 2.2 Level A/AA baseline requirements (KBDL-A11Y-001 through KBDL-A11Y-010, KBDL-A11Y-012 through KBDL-A11Y-020, KBDL-A11Y-022 through KBDL-A11Y-034, KBDL-A11Y-036 through KBDL-A11Y-040)",Missing,MISSING,MISSING
KBDL-A11Y-011,Authority,"WCAG 2.2 Level A/AA baseline requirements (KBDL-A11Y-001 through KBDL-A11Y-010, KBDL-A11Y-012 through KBDL-A11Y-020, KBDL-A11Y-022 through KBDL-A11Y-034, KBDL-A11Y-036 through KBDL-A11Y-040)",Missing,MISSING,MISSING
KBDL-A11Y-002,Authority,"WCAG 2.2 Level A/AA baseline requirements (KBDL-A11Y-001 through KBDL-A11Y-010, KBDL-A11Y-012 through KBDL-A11Y-020, KBDL-A11Y-022 through KBDL-A11Y-034, KBDL-A11Y-036 through KBDL-A11Y-040)",Missing,MISSING,MISSING
KBDL-A11Y-003,Authority,"WCAG 2.2 Level A/AA baseline requirements (KBDL-A11Y-001 through KBDL-A11Y-010, KBDL-A11Y-012 through KBDL-A11Y-020, KBDL-A11Y-022 through KBDL-A11Y-034, KBDL-A11Y-036 through KBDL-A11Y-040)",Missing,MISSING,MISSING
KBDL-A11Y-004,Authority,"WCAG 2.2 Level A/AA baseline requirements (KBDL-A11Y-001 through KBDL-A11Y-010, KBDL-A11Y-012 through KBDL-A11Y-020, KBDL-A11Y-022 through KBDL-A11Y-034, KBDL-A11Y-036 through KBDL-A11Y-040)",Missing,MISSING,MISSING
KBDL-A11Y-005,Authority,"WCAG 2.2 Level A/AA baseline requirements (KBDL-A11Y-001 through KBDL-A11Y-010, KBDL-A11Y-012 through KBDL-A11Y-020, KBDL-A11Y-022 through KBDL-A11Y-034, KBDL-A11Y-036 through KBDL-A11Y-040)",Missing,MISSING,MISSING
KBDL-A11Y-006,Authority,"WCAG 2.2 Level A/AA baseline requirements (KBDL-A11Y-001 through KBDL-A11Y-010, KBDL-A11Y-012 through KBDL-A11Y-020, KBDL-A11Y-022 through KBDL-A11Y-034, KBDL-A11Y-036 through KBDL-A11Y-040)",Missing,MISSING,MISSING
KBDL-A11Y-007,Authority,"WCAG 2.2 Level A/AA baseline requirements (KBDL-A11Y-001 through KBDL-A11Y-010, KBDL-A11Y-012 through KBDL-A11Y-020, KBDL-A11Y-022 through KBDL-A11Y-034, KBDL-A11Y-036 through KBDL-A11Y-040)",Missing,MISSING,MISSING
KBDL-A11Y-008,Authority,"WCAG 2.2 Level A/AA baseline requirements (KBDL-A11Y-001 through KBDL-A11Y-010, KBDL-A11Y-012 through KBDL-A11Y-020, KBDL-A11Y-022 through KBDL-A11Y-034, KBDL-A11Y-036 through KBDL-A11Y-040)",Missing,MISSING,MISSING
KBDL-A11Y-009,Authority,"WCAG 2.2 Level A/AA baseline requirements (KBDL-A11Y-001 through KBDL-A11Y-010, KBDL-A11Y-012 through KBDL-A11Y-020, KBDL-A11Y-022 through KBDL-A11Y-034, KBDL-A11Y-036 through KBDL-A11Y-040)",Missing,MISSING,MISSING
KBDL-A11Y-010,Authority,"WCAG 2.2 Level A/AA baseline requirements (KBDL-A11Y-001 through KBDL-A11Y-010, KBDL-A11Y-012 through KBDL-A11Y-020, KBDL-A11Y-022 through KBDL-A11Y-034, KBDL-A11Y-036 through KBDL-A11Y-040)",Missing,MISSING,MISSING
KBDL-A11Y-021,Authority,"WCAG 2.2 Level A/AA baseline requirements (KBDL-A11Y-001 through KBDL-A11Y-010, KBDL-A11Y-012 through KBDL-A11Y-020, KBDL-A11Y-022 through KBDL-A11Y-034, KBDL-A11Y-036 through KBDL-A11Y-040)",Missing,MISSING,MISSING
KBDL-A11Y-035,Authority,"WCAG 2.2 Level A/AA baseline requirements (KBDL-A11Y-001 through KBDL-A11Y-010, KBDL-A11Y-012 through KBDL-A11Y-020, KBDL-A11Y-022 through KBDL-A11Y-034, KBDL-A11Y-036 through KBDL-A11Y-040)",Missing,MISSING,MISSING
KBDL-A11Y-001,Validation method,"WCAG 2.2 Level A/AA baseline requirements (KBDL-A11Y-001 through KBDL-A11Y-010, KBDL-A11Y-012 through KBDL-A11Y-020, KBDL-A11Y-022 through KBDL-A11Y-034, KBDL-A11Y-036 through KBDL-A11Y-040)",Uniform default,"WCAG relative-luminance contrast calculation (completed for contrast/focus rows); manual + automated static accessibility review, keyboard testing, screen-reader testing, and flash analysis (all pending an implementation).","WCAG relative-luminance contrast calculation (completed for contrast/focus rows); manual + automated static accessibility review, keyboard testing, screen-reader testing, and flash analysis (all pending an implementation)."
KBDL-A11Y-011,Validation method,"WCAG 2.2 Level A/AA baseline requirements (KBDL-A11Y-001 through KBDL-A11Y-010, KBDL-A11Y-012 through KBDL-A11Y-020, KBDL-A11Y-022 through KBDL-A11Y-034, KBDL-A11Y-036 through KBDL-A11Y-040)",Uniform default,"WCAG relative-luminance contrast calculation (completed for contrast/focus rows); manual + automated static accessibility review, keyboard testing, screen-reader testing, and flash analysis (all pending an implementation).","WCAG relative-luminance contrast calculation (completed for contrast/focus rows); manual + automated static accessibility review, keyboard testing, screen-reader testing, and flash analysis (all pending an implementation)."
KBDL-A11Y-002,Validation method,"WCAG 2.2 Level A/AA baseline requirements (KBDL-A11Y-001 through KBDL-A11Y-010, KBDL-A11Y-012 through KBDL-A11Y-020, KBDL-A11Y-022 through KBDL-A11Y-034, KBDL-A11Y-036 through KBDL-A11Y-040)",Uniform default,"WCAG relative-luminance contrast calculation (completed for contrast/focus rows); manual + automated static accessibility review, keyboard testing, screen-reader testing, and flash analysis (all pending an implementation).","WCAG relative-luminance contrast calculation (completed for contrast/focus rows); manual + automated static accessibility review, keyboard testing, screen-reader testing, and flash analysis (all pending an implementation)."
KBDL-A11Y-003,Validation method,"WCAG 2.2 Level A/AA baseline requirements (KBDL-A11Y-001 through KBDL-A11Y-010, KBDL-A11Y-012 through KBDL-A11Y-020, KBDL-A11Y-022 through KBDL-A11Y-034, KBDL-A11Y-036 through KBDL-A11Y-040)",Uniform default,"WCAG relative-luminance contrast calculation (completed for contrast/focus rows); manual + automated static accessibility review, keyboard testing, screen-reader testing, and flash analysis (all pending an implementation).","WCAG relative-luminance contrast calculation (completed for contrast/focus rows); manual + automated static accessibility review, keyboard testing, screen-reader testing, and flash analysis (all pending an implementation)."
KBDL-A11Y-004,Validation method,"WCAG 2.2 Level A/AA baseline requirements (KBDL-A11Y-001 through KBDL-A11Y-010, KBDL-A11Y-012 through KBDL-A11Y-020, KBDL-A11Y-022 through KBDL-A11Y-034, KBDL-A11Y-036 through KBDL-A11Y-040)",Uniform default,"WCAG relative-luminance contrast calculation (completed for contrast/focus rows); manual + automated static accessibility review, keyboard testing, screen-reader testing, and flash analysis (all pending an implementation).","WCAG relative-luminance contrast calculation (completed for contrast/focus rows); manual + automated static accessibility review, keyboard testing, screen-reader testing, and flash analysis (all pending an implementation)."
KBDL-A11Y-005,Validation method,"WCAG 2.2 Level A/AA baseline requirements (KBDL-A11Y-001 through KBDL-A11Y-010, KBDL-A11Y-012 through KBDL-A11Y-020, KBDL-A11Y-022 through KBDL-A11Y-034, KBDL-A11Y-036 through KBDL-A11Y-040)",Uniform default,"WCAG relative-luminance contrast calculation (completed for contrast/focus rows); manual + automated static accessibility review, keyboard testing, screen-reader testing, and flash analysis (all pending an implementation).","WCAG relative-luminance contrast calculation (completed for contrast/focus rows); manual + automated static accessibility review, keyboard testing, screen-reader testing, and flash analysis (all pending an implementation)."
KBDL-A11Y-006,Validation method,"WCAG 2.2 Level A/AA baseline requirements (KBDL-A11Y-001 through KBDL-A11Y-010, KBDL-A11Y-012 through KBDL-A11Y-020, KBDL-A11Y-022 through KBDL-A11Y-034, KBDL-A11Y-036 through KBDL-A11Y-040)",Uniform default,"WCAG relative-luminance contrast calculation (completed for contrast/focus rows); manual + automated static accessibility review, keyboard testing, screen-reader testing, and flash analysis (all pending an implementation).","WCAG relative-luminance contrast calculation (completed for contrast/focus rows); manual + automated static accessibility review, keyboard testing, screen-reader testing, and flash analysis (all pending an implementation)."
KBDL-A11Y-007,Validation method,"WCAG 2.2 Level A/AA baseline requirements (KBDL-A11Y-001 through KBDL-A11Y-010, KBDL-A11Y-012 through KBDL-A11Y-020, KBDL-A11Y-022 through KBDL-A11Y-034, KBDL-A11Y-036 through KBDL-A11Y-040)",Uniform default,"WCAG relative-luminance contrast calculation (completed for contrast/focus rows); manual + automated static accessibility review, keyboard testing, screen-reader testing, and flash analysis (all pending an implementation).","WCAG relative-luminance contrast calculation (completed for contrast/focus rows); manual + automated static accessibility review, keyboard testing, screen-reader testing, and flash analysis (all pending an implementation)."
KBDL-A11Y-008,Validation method,"WCAG 2.2 Level A/AA baseline requirements (KBDL-A11Y-001 through KBDL-A11Y-010, KBDL-A11Y-012 through KBDL-A11Y-020, KBDL-A11Y-022 through KBDL-A11Y-034, KBDL-A11Y-036 through KBDL-A11Y-040)",Uniform default,"WCAG relative-luminance contrast calculation (completed for contrast/focus rows); manual + automated static accessibility review, keyboard testing, screen-reader testing, and flash analysis (all pending an implementation).","WCAG relative-luminance contrast calculation (completed for contrast/focus rows); manual + automated static accessibility review, keyboard testing, screen-reader testing, and flash analysis (all pending an implementation)."
KBDL-A11Y-009,Validation method,"WCAG 2.2 Level A/AA baseline requirements (KBDL-A11Y-001 through KBDL-A11Y-010, KBDL-A11Y-012 through KBDL-A11Y-020, KBDL-A11Y-022 through KBDL-A11Y-034, KBDL-A11Y-036 through KBDL-A11Y-040)",Uniform default,"WCAG relative-luminance contrast calculation (completed for contrast/focus rows); manual + automated static accessibility review, keyboard testing, screen-reader testing, and flash analysis (all pending an implementation).","WCAG relative-luminance contrast calculation (completed for contrast/focus rows); manual + automated static accessibility review, keyboard testing, screen-reader testing, and flash analysis (all pending an implementation)."
KBDL-A11Y-010,Validation method,"WCAG 2.2 Level A/AA baseline requirements (KBDL-A11Y-001 through KBDL-A11Y-010, KBDL-A11Y-012 through KBDL-A11Y-020, KBDL-A11Y-022 through KBDL-A11Y-034, KBDL-A11Y-036 through KBDL-A11Y-040)",Uniform default,"WCAG relative-luminance contrast calculation (completed for contrast/focus rows); manual + automated static accessibility review, keyboard testing, screen-reader testing, and flash analysis (all pending an implementation).","WCAG relative-luminance contrast calculation (completed for contrast/focus rows); manual + automated static accessibility review, keyboard testing, screen-reader testing, and flash analysis (all pending an implementation)."
KBDL-A11Y-021,Validation method,"WCAG 2.2 Level A/AA baseline requirements (KBDL-A11Y-001 through KBDL-A11Y-010, KBDL-A11Y-012 through KBDL-A11Y-020, KBDL-A11Y-022 through KBDL-A11Y-034, KBDL-A11Y-036 through KBDL-A11Y-040)",Uniform default,"WCAG relative-luminance contrast calculation (completed for contrast/focus rows); manual + automated static accessibility review, keyboard testing, screen-reader testing, and flash analysis (all pending an implementation).","WCAG relative-luminance contrast calculation (completed for contrast/focus rows); manual + automated static accessibility review, keyboard testing, screen-reader testing, and flash analysis (all pending an implementation)."
KBDL-A11Y-035,Validation method,"WCAG 2.2 Level A/AA baseline requirements (KBDL-A11Y-001 through KBDL-A11Y-010, KBDL-A11Y-012 through KBDL-A11Y-020, KBDL-A11Y-022 through KBDL-A11Y-034, KBDL-A11Y-036 through KBDL-A11Y-040)",Uniform default,"WCAG relative-luminance contrast calculation (completed for contrast/focus rows); manual + automated static accessibility review, keyboard testing, screen-reader testing, and flash analysis (all pending an implementation).","WCAG relative-luminance contrast calculation (completed for contrast/focus rows); manual + automated static accessibility review, keyboard testing, screen-reader testing, and flash analysis (all pending an implementation)."
KBDL-A11Y-001,Validation evidence,"WCAG 2.2 Level A/AA baseline requirements (KBDL-A11Y-001 through KBDL-A11Y-010, KBDL-A11Y-012 through KBDL-A11Y-020, KBDL-A11Y-022 through KBDL-A11Y-034, KBDL-A11Y-036 through KBDL-A11Y-040)",Uniform default,[themes/validation.md §3](themes/validation.md#3-consolidated-contrast-evidence) for the three Verified rows; not verified for the rest.,[themes/validation.md §3](themes/validation.md#3-consolidated-contrast-evidence) for the three Verified rows; not verified for the rest.
KBDL-A11Y-011,Validation evidence,"WCAG 2.2 Level A/AA baseline requirements (KBDL-A11Y-001 through KBDL-A11Y-010, KBDL-A11Y-012 through KBDL-A11Y-020, KBDL-A11Y-022 through KBDL-A11Y-034, KBDL-A11Y-036 through KBDL-A11Y-040)",Uniform default,[themes/validation.md §3](themes/validation.md#3-consolidated-contrast-evidence) for the three Verified rows; not verified for the rest.,[themes/validation.md §3](themes/validation.md#3-consolidated-contrast-evidence) for the three Verified rows; not verified for the rest.
KBDL-A11Y-002,Validation evidence,"WCAG 2.2 Level A/AA baseline requirements (KBDL-A11Y-001 through KBDL-A11Y-010, KBDL-A11Y-012 through KBDL-A11Y-020, KBDL-A11Y-022 through KBDL-A11Y-034, KBDL-A11Y-036 through KBDL-A11Y-040)",Uniform default,[themes/validation.md §3](themes/validation.md#3-consolidated-contrast-evidence) for the three Verified rows; not verified for the rest.,[themes/validation.md §3](themes/validation.md#3-consolidated-contrast-evidence) for the three Verified rows; not verified for the rest.
KBDL-A11Y-003,Validation evidence,"WCAG 2.2 Level A/AA baseline requirements (KBDL-A11Y-001 through KBDL-A11Y-010, KBDL-A11Y-012 through KBDL-A11Y-020, KBDL-A11Y-022 through KBDL-A11Y-034, KBDL-A11Y-036 through KBDL-A11Y-040)",Uniform default,[themes/validation.md §3](themes/validation.md#3-consolidated-contrast-evidence) for the three Verified rows; not verified for the rest.,[themes/validation.md §3](themes/validation.md#3-consolidated-contrast-evidence) for the three Verified rows; not verified for the rest.
KBDL-A11Y-004,Validation evidence,"WCAG 2.2 Level A/AA baseline requirements (KBDL-A11Y-001 through KBDL-A11Y-010, KBDL-A11Y-012 through KBDL-A11Y-020, KBDL-A11Y-022 through KBDL-A11Y-034, KBDL-A11Y-036 through KBDL-A11Y-040)",Uniform default,[themes/validation.md §3](themes/validation.md#3-consolidated-contrast-evidence) for the three Verified rows; not verified for the rest.,[themes/validation.md §3](themes/validation.md#3-consolidated-contrast-evidence) for the three Verified rows; not verified for the rest.
KBDL-A11Y-005,Validation evidence,"WCAG 2.2 Level A/AA baseline requirements (KBDL-A11Y-001 through KBDL-A11Y-010, KBDL-A11Y-012 through KBDL-A11Y-020, KBDL-A11Y-022 through KBDL-A11Y-034, KBDL-A11Y-036 through KBDL-A11Y-040)",Uniform default,[themes/validation.md §3](themes/validation.md#3-consolidated-contrast-evidence) for the three Verified rows; not verified for the rest.,[themes/validation.md §3](themes/validation.md#3-consolidated-contrast-evidence) for the three Verified rows; not verified for the rest.
KBDL-A11Y-006,Validation evidence,"WCAG 2.2 Level A/AA baseline requirements (KBDL-A11Y-001 through KBDL-A11Y-010, KBDL-A11Y-012 through KBDL-A11Y-020, KBDL-A11Y-022 through KBDL-A11Y-034, KBDL-A11Y-036 through KBDL-A11Y-040)",Uniform default,[themes/validation.md §3](themes/validation.md#3-consolidated-contrast-evidence) for the three Verified rows; not verified for the rest.,[themes/validation.md §3](themes/validation.md#3-consolidated-contrast-evidence) for the three Verified rows; not verified for the rest.
KBDL-A11Y-007,Validation evidence,"WCAG 2.2 Level A/AA baseline requirements (KBDL-A11Y-001 through KBDL-A11Y-010, KBDL-A11Y-012 through KBDL-A11Y-020, KBDL-A11Y-022 through KBDL-A11Y-034, KBDL-A11Y-036 through KBDL-A11Y-040)",Uniform default,[themes/validation.md §3](themes/validation.md#3-consolidated-contrast-evidence) for the three Verified rows; not verified for the rest.,[themes/validation.md §3](themes/validation.md#3-consolidated-contrast-evidence) for the three Verified rows; not verified for the rest.
KBDL-A11Y-008,Validation evidence,"WCAG 2.2 Level A/AA baseline requirements (KBDL-A11Y-001 through KBDL-A11Y-010, KBDL-A11Y-012 through KBDL-A11Y-020, KBDL-A11Y-022 through KBDL-A11Y-034, KBDL-A11Y-036 through KBDL-A11Y-040)",Uniform default,[themes/validation.md §3](themes/validation.md#3-consolidated-contrast-evidence) for the three Verified rows; not verified for the rest.,[themes/validation.md §3](themes/validation.md#3-consolidated-contrast-evidence) for the three Verified rows; not verified for the rest.
KBDL-A11Y-009,Validation evidence,"WCAG 2.2 Level A/AA baseline requirements (KBDL-A11Y-001 through KBDL-A11Y-010, KBDL-A11Y-012 through KBDL-A11Y-020, KBDL-A11Y-022 through KBDL-A11Y-034, KBDL-A11Y-036 through KBDL-A11Y-040)",Uniform default,[themes/validation.md §3](themes/validation.md#3-consolidated-contrast-evidence) for the three Verified rows; not verified for the rest.,[themes/validation.md §3](themes/validation.md#3-consolidated-contrast-evidence) for the three Verified rows; not verified for the rest.
KBDL-A11Y-010,Validation evidence,"WCAG 2.2 Level A/AA baseline requirements (KBDL-A11Y-001 through KBDL-A11Y-010, KBDL-A11Y-012 through KBDL-A11Y-020, KBDL-A11Y-022 through KBDL-A11Y-034, KBDL-A11Y-036 through KBDL-A11Y-040)",Uniform default,[themes/validation.md §3](themes/validation.md#3-consolidated-contrast-evidence) for the three Verified rows; not verified for the rest.,[themes/validation.md §3](themes/validation.md#3-consolidated-contrast-evidence) for the three Verified rows; not verified for the rest.
KBDL-A11Y-021,Validation evidence,"WCAG 2.2 Level A/AA baseline requirements (KBDL-A11Y-001 through KBDL-A11Y-010, KBDL-A11Y-012 through KBDL-A11Y-020, KBDL-A11Y-022 through KBDL-A11Y-034, KBDL-A11Y-036 through KBDL-A11Y-040)",Uniform default,[themes/validation.md §3](themes/validation.md#3-consolidated-contrast-evidence) for the three Verified rows; not verified for the rest.,[themes/validation.md §3](themes/validation.md#3-consolidated-contrast-evidence) for the three Verified rows; not verified for the rest.
KBDL-A11Y-035,Validation evidence,"WCAG 2.2 Level A/AA baseline requirements (KBDL-A11Y-001 through KBDL-A11Y-010, KBDL-A11Y-012 through KBDL-A11Y-020, KBDL-A11Y-022 through KBDL-A11Y-034, KBDL-A11Y-036 through KBDL-A11Y-040)",Uniform default,[themes/validation.md §3](themes/validation.md#3-consolidated-contrast-evidence) for the three Verified rows; not verified for the rest.,[themes/validation.md §3](themes/validation.md#3-consolidated-contrast-evidence) for the three Verified rows; not verified for the rest.
KBDL-A11Y-001,Known limitation,"WCAG 2.2 Level A/AA baseline requirements (KBDL-A11Y-001 through KBDL-A11Y-010, KBDL-A11Y-012 through KBDL-A11Y-020, KBDL-A11Y-022 through KBDL-A11Y-034, KBDL-A11Y-036 through KBDL-A11Y-040)",Uniform default,"This document does not claim full WCAG conformance, screen-reader compatibility, or real-device support — those require an implementation and recorded test evidence.","This document does not claim full WCAG conformance, screen-reader compatibility, or real-device support — those require an implementation and recorded test evidence."
KBDL-A11Y-011,Known limitation,"WCAG 2.2 Level A/AA baseline requirements (KBDL-A11Y-001 through KBDL-A11Y-010, KBDL-A11Y-012 through KBDL-A11Y-020, KBDL-A11Y-022 through KBDL-A11Y-034, KBDL-A11Y-036 through KBDL-A11Y-040)",Uniform default,"This document does not claim full WCAG conformance, screen-reader compatibility, or real-device support — those require an implementation and recorded test evidence.","This document does not claim full WCAG conformance, screen-reader compatibility, or real-device support — those require an implementation and recorded test evidence."
KBDL-A11Y-002,Known limitation,"WCAG 2.2 Level A/AA baseline requirements (KBDL-A11Y-001 through KBDL-A11Y-010, KBDL-A11Y-012 through KBDL-A11Y-020, KBDL-A11Y-022 through KBDL-A11Y-034, KBDL-A11Y-036 through KBDL-A11Y-040)",Uniform default,"This document does not claim full WCAG conformance, screen-reader compatibility, or real-device support — those require an implementation and recorded test evidence.","This document does not claim full WCAG conformance, screen-reader compatibility, or real-device support — those require an implementation and recorded test evidence."
KBDL-A11Y-003,Known limitation,"WCAG 2.2 Level A/AA baseline requirements (KBDL-A11Y-001 through KBDL-A11Y-010, KBDL-A11Y-012 through KBDL-A11Y-020, KBDL-A11Y-022 through KBDL-A11Y-034, KBDL-A11Y-036 through KBDL-A11Y-040)",Uniform default,"This document does not claim full WCAG conformance, screen-reader compatibility, or real-device support — those require an implementation and recorded test evidence.","This document does not claim full WCAG conformance, screen-reader compatibility, or real-device support — those require an implementation and recorded test evidence."
KBDL-A11Y-004,Known limitation,"WCAG 2.2 Level A/AA baseline requirements (KBDL-A11Y-001 through KBDL-A11Y-010, KBDL-A11Y-012 through KBDL-A11Y-020, KBDL-A11Y-022 through KBDL-A11Y-034, KBDL-A11Y-036 through KBDL-A11Y-040)",Uniform default,"This document does not claim full WCAG conformance, screen-reader compatibility, or real-device support — those require an implementation and recorded test evidence.","This document does not claim full WCAG conformance, screen-reader compatibility, or real-device support — those require an implementation and recorded test evidence."
KBDL-A11Y-005,Known limitation,"WCAG 2.2 Level A/AA baseline requirements (KBDL-A11Y-001 through KBDL-A11Y-010, KBDL-A11Y-012 through KBDL-A11Y-020, KBDL-A11Y-022 through KBDL-A11Y-034, KBDL-A11Y-036 through KBDL-A11Y-040)",Uniform default,"This document does not claim full WCAG conformance, screen-reader compatibility, or real-device support — those require an implementation and recorded test evidence.","This document does not claim full WCAG conformance, screen-reader compatibility, or real-device support — those require an implementation and recorded test evidence."
KBDL-A11Y-006,Known limitation,"WCAG 2.2 Level A/AA baseline requirements (KBDL-A11Y-001 through KBDL-A11Y-010, KBDL-A11Y-012 through KBDL-A11Y-020, KBDL-A11Y-022 through KBDL-A11Y-034, KBDL-A11Y-036 through KBDL-A11Y-040)",Uniform default,"This document does not claim full WCAG conformance, screen-reader compatibility, or real-device support — those require an implementation and recorded test evidence.","This document does not claim full WCAG conformance, screen-reader compatibility, or real-device support — those require an implementation and recorded test evidence."
KBDL-A11Y-007,Known limitation,"WCAG 2.2 Level A/AA baseline requirements (KBDL-A11Y-001 through KBDL-A11Y-010, KBDL-A11Y-012 through KBDL-A11Y-020, KBDL-A11Y-022 through KBDL-A11Y-034, KBDL-A11Y-036 through KBDL-A11Y-040)",Uniform default,"This document does not claim full WCAG conformance, screen-reader compatibility, or real-device support — those require an implementation and recorded test evidence.","This document does not claim full WCAG conformance, screen-reader compatibility, or real-device support — those require an implementation and recorded test evidence."
KBDL-A11Y-008,Known limitation,"WCAG 2.2 Level A/AA baseline requirements (KBDL-A11Y-001 through KBDL-A11Y-010, KBDL-A11Y-012 through KBDL-A11Y-020, KBDL-A11Y-022 through KBDL-A11Y-034, KBDL-A11Y-036 through KBDL-A11Y-040)",Uniform default,"This document does not claim full WCAG conformance, screen-reader compatibility, or real-device support — those require an implementation and recorded test evidence.","This document does not claim full WCAG conformance, screen-reader compatibility, or real-device support — those require an implementation and recorded test evidence."
KBDL-A11Y-009,Known limitation,"WCAG 2.2 Level A/AA baseline requirements (KBDL-A11Y-001 through KBDL-A11Y-010, KBDL-A11Y-012 through KBDL-A11Y-020, KBDL-A11Y-022 through KBDL-A11Y-034, KBDL-A11Y-036 through KBDL-A11Y-040)",Uniform default,"This document does not claim full WCAG conformance, screen-reader compatibility, or real-device support — those require an implementation and recorded test evidence.","This document does not claim full WCAG conformance, screen-reader compatibility, or real-device support — those require an implementation and recorded test evidence."
KBDL-A11Y-010,Known limitation,"WCAG 2.2 Level A/AA baseline requirements (KBDL-A11Y-001 through KBDL-A11Y-010, KBDL-A11Y-012 through KBDL-A11Y-020, KBDL-A11Y-022 through KBDL-A11Y-034, KBDL-A11Y-036 through KBDL-A11Y-040)",Uniform default,"This document does not claim full WCAG conformance, screen-reader compatibility, or real-device support — those require an implementation and recorded test evidence.","This document does not claim full WCAG conformance, screen-reader compatibility, or real-device support — those require an implementation and recorded test evidence."
KBDL-A11Y-021,Known limitation,"WCAG 2.2 Level A/AA baseline requirements (KBDL-A11Y-001 through KBDL-A11Y-010, KBDL-A11Y-012 through KBDL-A11Y-020, KBDL-A11Y-022 through KBDL-A11Y-034, KBDL-A11Y-036 through KBDL-A11Y-040)",Uniform default,"This document does not claim full WCAG conformance, screen-reader compatibility, or real-device support — those require an implementation and recorded test evidence.","This document does not claim full WCAG conformance, screen-reader compatibility, or real-device support — those require an implementation and recorded test evidence."
KBDL-A11Y-035,Known limitation,"WCAG 2.2 Level A/AA baseline requirements (KBDL-A11Y-001 through KBDL-A11Y-010, KBDL-A11Y-012 through KBDL-A11Y-020, KBDL-A11Y-022 through KBDL-A11Y-034, KBDL-A11Y-036 through KBDL-A11Y-040)",Uniform default,"This document does not claim full WCAG conformance, screen-reader compatibility, or real-device support — those require an implementation and recorded test evidence.","This document does not claim full WCAG conformance, screen-reader compatibility, or real-device support — those require an implementation and recorded test evidence."
KBDL-A11Y-001,Packet or tracking destination,"WCAG 2.2 Level A/AA baseline requirements (KBDL-A11Y-001 through KBDL-A11Y-010, KBDL-A11Y-012 through KBDL-A11Y-020, KBDL-A11Y-022 through KBDL-A11Y-034, KBDL-A11Y-036 through KBDL-A11Y-040)",Missing,MISSING,MISSING
KBDL-A11Y-011,Packet or tracking destination,"WCAG 2.2 Level A/AA baseline requirements (KBDL-A11Y-001 through KBDL-A11Y-010, KBDL-A11Y-012 through KBDL-A11Y-020, KBDL-A11Y-022 through KBDL-A11Y-034, KBDL-A11Y-036 through KBDL-A11Y-040)",Missing,MISSING,MISSING
KBDL-A11Y-002,Packet or tracking destination,"WCAG 2.2 Level A/AA baseline requirements (KBDL-A11Y-001 through KBDL-A11Y-010, KBDL-A11Y-012 through KBDL-A11Y-020, KBDL-A11Y-022 through KBDL-A11Y-034, KBDL-A11Y-036 through KBDL-A11Y-040)",Missing,MISSING,MISSING
KBDL-A11Y-003,Packet or tracking destination,"WCAG 2.2 Level A/AA baseline requirements (KBDL-A11Y-001 through KBDL-A11Y-010, KBDL-A11Y-012 through KBDL-A11Y-020, KBDL-A11Y-022 through KBDL-A11Y-034, KBDL-A11Y-036 through KBDL-A11Y-040)",Missing,MISSING,MISSING
KBDL-A11Y-004,Packet or tracking destination,"WCAG 2.2 Level A/AA baseline requirements (KBDL-A11Y-001 through KBDL-A11Y-010, KBDL-A11Y-012 through KBDL-A11Y-020, KBDL-A11Y-022 through KBDL-A11Y-034, KBDL-A11Y-036 through KBDL-A11Y-040)",Missing,MISSING,MISSING
KBDL-A11Y-005,Packet or tracking destination,"WCAG 2.2 Level A/AA baseline requirements (KBDL-A11Y-001 through KBDL-A11Y-010, KBDL-A11Y-012 through KBDL-A11Y-020, KBDL-A11Y-022 through KBDL-A11Y-034, KBDL-A11Y-036 through KBDL-A11Y-040)",Missing,MISSING,MISSING
KBDL-A11Y-006,Packet or tracking destination,"WCAG 2.2 Level A/AA baseline requirements (KBDL-A11Y-001 through KBDL-A11Y-010, KBDL-A11Y-012 through KBDL-A11Y-020, KBDL-A11Y-022 through KBDL-A11Y-034, KBDL-A11Y-036 through KBDL-A11Y-040)",Missing,MISSING,MISSING
KBDL-A11Y-007,Packet or tracking destination,"WCAG 2.2 Level A/AA baseline requirements (KBDL-A11Y-001 through KBDL-A11Y-010, KBDL-A11Y-012 through KBDL-A11Y-020, KBDL-A11Y-022 through KBDL-A11Y-034, KBDL-A11Y-036 through KBDL-A11Y-040)",Missing,MISSING,MISSING
KBDL-A11Y-008,Packet or tracking destination,"WCAG 2.2 Level A/AA baseline requirements (KBDL-A11Y-001 through KBDL-A11Y-010, KBDL-A11Y-012 through KBDL-A11Y-020, KBDL-A11Y-022 through KBDL-A11Y-034, KBDL-A11Y-036 through KBDL-A11Y-040)",Missing,MISSING,MISSING
KBDL-A11Y-009,Packet or tracking destination,"WCAG 2.2 Level A/AA baseline requirements (KBDL-A11Y-001 through KBDL-A11Y-010, KBDL-A11Y-012 through KBDL-A11Y-020, KBDL-A11Y-022 through KBDL-A11Y-034, KBDL-A11Y-036 through KBDL-A11Y-040)",Missing,MISSING,MISSING
KBDL-A11Y-010,Packet or tracking destination,"WCAG 2.2 Level A/AA baseline requirements (KBDL-A11Y-001 through KBDL-A11Y-010, KBDL-A11Y-012 through KBDL-A11Y-020, KBDL-A11Y-022 through KBDL-A11Y-034, KBDL-A11Y-036 through KBDL-A11Y-040)",Missing,MISSING,MISSING
KBDL-A11Y-021,Packet or tracking destination,"WCAG 2.2 Level A/AA baseline requirements (KBDL-A11Y-001 through KBDL-A11Y-010, KBDL-A11Y-012 through KBDL-A11Y-020, KBDL-A11Y-022 through KBDL-A11Y-034, KBDL-A11Y-036 through KBDL-A11Y-040)",Missing,MISSING,MISSING
KBDL-A11Y-035,Packet or tracking destination,"WCAG 2.2 Level A/AA baseline requirements (KBDL-A11Y-001 through KBDL-A11Y-010, KBDL-A11Y-012 through KBDL-A11Y-020, KBDL-A11Y-022 through KBDL-A11Y-034, KBDL-A11Y-036 through KBDL-A11Y-040)",Missing,MISSING,MISSING
KBDL-A11Y-001,Pending dependencies,"WCAG 2.2 Level A/AA baseline requirements (KBDL-A11Y-001 through KBDL-A11Y-010, KBDL-A11Y-012 through KBDL-A11Y-020, KBDL-A11Y-022 through KBDL-A11Y-034, KBDL-A11Y-036 through KBDL-A11Y-040)",Missing,MISSING,MISSING
KBDL-A11Y-011,Pending dependencies,"WCAG 2.2 Level A/AA baseline requirements (KBDL-A11Y-001 through KBDL-A11Y-010, KBDL-A11Y-012 through KBDL-A11Y-020, KBDL-A11Y-022 through KBDL-A11Y-034, KBDL-A11Y-036 through KBDL-A11Y-040)",Missing,MISSING,MISSING
KBDL-A11Y-002,Pending dependencies,"WCAG 2.2 Level A/AA baseline requirements (KBDL-A11Y-001 through KBDL-A11Y-010, KBDL-A11Y-012 through KBDL-A11Y-020, KBDL-A11Y-022 through KBDL-A11Y-034, KBDL-A11Y-036 through KBDL-A11Y-040)",Missing,MISSING,MISSING
KBDL-A11Y-003,Pending dependencies,"WCAG 2.2 Level A/AA baseline requirements (KBDL-A11Y-001 through KBDL-A11Y-010, KBDL-A11Y-012 through KBDL-A11Y-020, KBDL-A11Y-022 through KBDL-A11Y-034, KBDL-A11Y-036 through KBDL-A11Y-040)",Missing,MISSING,MISSING
KBDL-A11Y-004,Pending dependencies,"WCAG 2.2 Level A/AA baseline requirements (KBDL-A11Y-001 through KBDL-A11Y-010, KBDL-A11Y-012 through KBDL-A11Y-020, KBDL-A11Y-022 through KBDL-A11Y-034, KBDL-A11Y-036 through KBDL-A11Y-040)",Missing,MISSING,MISSING
KBDL-A11Y-005,Pending dependencies,"WCAG 2.2 Level A/AA baseline requirements (KBDL-A11Y-001 through KBDL-A11Y-010, KBDL-A11Y-012 through KBDL-A11Y-020, KBDL-A11Y-022 through KBDL-A11Y-034, KBDL-A11Y-036 through KBDL-A11Y-040)",Missing,MISSING,MISSING
KBDL-A11Y-006,Pending dependencies,"WCAG 2.2 Level A/AA baseline requirements (KBDL-A11Y-001 through KBDL-A11Y-010, KBDL-A11Y-012 through KBDL-A11Y-020, KBDL-A11Y-022 through KBDL-A11Y-034, KBDL-A11Y-036 through KBDL-A11Y-040)",Missing,MISSING,MISSING
KBDL-A11Y-007,Pending dependencies,"WCAG 2.2 Level A/AA baseline requirements (KBDL-A11Y-001 through KBDL-A11Y-010, KBDL-A11Y-012 through KBDL-A11Y-020, KBDL-A11Y-022 through KBDL-A11Y-034, KBDL-A11Y-036 through KBDL-A11Y-040)",Missing,MISSING,MISSING
KBDL-A11Y-008,Pending dependencies,"WCAG 2.2 Level A/AA baseline requirements (KBDL-A11Y-001 through KBDL-A11Y-010, KBDL-A11Y-012 through KBDL-A11Y-020, KBDL-A11Y-022 through KBDL-A11Y-034, KBDL-A11Y-036 through KBDL-A11Y-040)",Missing,MISSING,MISSING
KBDL-A11Y-009,Pending dependencies,"WCAG 2.2 Level A/AA baseline requirements (KBDL-A11Y-001 through KBDL-A11Y-010, KBDL-A11Y-012 through KBDL-A11Y-020, KBDL-A11Y-022 through KBDL-A11Y-034, KBDL-A11Y-036 through KBDL-A11Y-040)",Missing,MISSING,MISSING
KBDL-A11Y-010,Pending dependencies,"WCAG 2.2 Level A/AA baseline requirements (KBDL-A11Y-001 through KBDL-A11Y-010, KBDL-A11Y-012 through KBDL-A11Y-020, KBDL-A11Y-022 through KBDL-A11Y-034, KBDL-A11Y-036 through KBDL-A11Y-040)",Missing,MISSING,MISSING
KBDL-A11Y-021,Pending dependencies,"WCAG 2.2 Level A/AA baseline requirements (KBDL-A11Y-001 through KBDL-A11Y-010, KBDL-A11Y-012 through KBDL-A11Y-020, KBDL-A11Y-022 through KBDL-A11Y-034, KBDL-A11Y-036 through KBDL-A11Y-040)",Missing,MISSING,MISSING
KBDL-A11Y-035,Pending dependencies,"WCAG 2.2 Level A/AA baseline requirements (KBDL-A11Y-001 through KBDL-A11Y-010, KBDL-A11Y-012 through KBDL-A11Y-020, KBDL-A11Y-022 through KBDL-A11Y-034, KBDL-A11Y-036 through KBDL-A11Y-040)",Missing,MISSING,MISSING
KBDL-A11Y-001,Related decision,"WCAG 2.2 Level A/AA baseline requirements (KBDL-A11Y-001 through KBDL-A11Y-010, KBDL-A11Y-012 through KBDL-A11Y-020, KBDL-A11Y-022 through KBDL-A11Y-034, KBDL-A11Y-036 through KBDL-A11Y-040)",Uniform default,`KBDL-DEC-010`.,`KBDL-DEC-010`.
KBDL-A11Y-011,Related decision,"WCAG 2.2 Level A/AA baseline requirements (KBDL-A11Y-001 through KBDL-A11Y-010, KBDL-A11Y-012 through KBDL-A11Y-020, KBDL-A11Y-022 through KBDL-A11Y-034, KBDL-A11Y-036 through KBDL-A11Y-040)",Uniform default,`KBDL-DEC-010`.,`KBDL-DEC-010`.
KBDL-A11Y-002,Related decision,"WCAG 2.2 Level A/AA baseline requirements (KBDL-A11Y-001 through KBDL-A11Y-010, KBDL-A11Y-012 through KBDL-A11Y-020, KBDL-A11Y-022 through KBDL-A11Y-034, KBDL-A11Y-036 through KBDL-A11Y-040)",Uniform default,`KBDL-DEC-010`.,`KBDL-DEC-010`.
KBDL-A11Y-003,Related decision,"WCAG 2.2 Level A/AA baseline requirements (KBDL-A11Y-001 through KBDL-A11Y-010, KBDL-A11Y-012 through KBDL-A11Y-020, KBDL-A11Y-022 through KBDL-A11Y-034, KBDL-A11Y-036 through KBDL-A11Y-040)",Uniform default,`KBDL-DEC-010`.,`KBDL-DEC-010`.
KBDL-A11Y-004,Related decision,"WCAG 2.2 Level A/AA baseline requirements (KBDL-A11Y-001 through KBDL-A11Y-010, KBDL-A11Y-012 through KBDL-A11Y-020, KBDL-A11Y-022 through KBDL-A11Y-034, KBDL-A11Y-036 through KBDL-A11Y-040)",Uniform default,`KBDL-DEC-010`.,`KBDL-DEC-010`.
KBDL-A11Y-005,Related decision,"WCAG 2.2 Level A/AA baseline requirements (KBDL-A11Y-001 through KBDL-A11Y-010, KBDL-A11Y-012 through KBDL-A11Y-020, KBDL-A11Y-022 through KBDL-A11Y-034, KBDL-A11Y-036 through KBDL-A11Y-040)",Uniform default,`KBDL-DEC-010`.,`KBDL-DEC-010`.
KBDL-A11Y-006,Related decision,"WCAG 2.2 Level A/AA baseline requirements (KBDL-A11Y-001 through KBDL-A11Y-010, KBDL-A11Y-012 through KBDL-A11Y-020, KBDL-A11Y-022 through KBDL-A11Y-034, KBDL-A11Y-036 through KBDL-A11Y-040)",Uniform default,`KBDL-DEC-010`.,`KBDL-DEC-010`.
KBDL-A11Y-007,Related decision,"WCAG 2.2 Level A/AA baseline requirements (KBDL-A11Y-001 through KBDL-A11Y-010, KBDL-A11Y-012 through KBDL-A11Y-020, KBDL-A11Y-022 through KBDL-A11Y-034, KBDL-A11Y-036 through KBDL-A11Y-040)",Uniform default,`KBDL-DEC-010`.,`KBDL-DEC-010`.
KBDL-A11Y-008,Related decision,"WCAG 2.2 Level A/AA baseline requirements (KBDL-A11Y-001 through KBDL-A11Y-010, KBDL-A11Y-012 through KBDL-A11Y-020, KBDL-A11Y-022 through KBDL-A11Y-034, KBDL-A11Y-036 through KBDL-A11Y-040)",Uniform default,`KBDL-DEC-010`.,`KBDL-DEC-010`.
KBDL-A11Y-009,Related decision,"WCAG 2.2 Level A/AA baseline requirements (KBDL-A11Y-001 through KBDL-A11Y-010, KBDL-A11Y-012 through KBDL-A11Y-020, KBDL-A11Y-022 through KBDL-A11Y-034, KBDL-A11Y-036 through KBDL-A11Y-040)",Uniform default,`KBDL-DEC-010`.,`KBDL-DEC-010`.
KBDL-A11Y-010,Related decision,"WCAG 2.2 Level A/AA baseline requirements (KBDL-A11Y-001 through KBDL-A11Y-010, KBDL-A11Y-012 through KBDL-A11Y-020, KBDL-A11Y-022 through KBDL-A11Y-034, KBDL-A11Y-036 through KBDL-A11Y-040)",Uniform default,`KBDL-DEC-010`.,`KBDL-DEC-010`.
KBDL-A11Y-021,Related decision,"WCAG 2.2 Level A/AA baseline requirements (KBDL-A11Y-001 through KBDL-A11Y-010, KBDL-A11Y-012 through KBDL-A11Y-020, KBDL-A11Y-022 through KBDL-A11Y-034, KBDL-A11Y-036 through KBDL-A11Y-040)",Uniform default,`KBDL-DEC-010`.,`KBDL-DEC-010`.
KBDL-A11Y-035,Related decision,"WCAG 2.2 Level A/AA baseline requirements (KBDL-A11Y-001 through KBDL-A11Y-010, KBDL-A11Y-012 through KBDL-A11Y-020, KBDL-A11Y-022 through KBDL-A11Y-034, KBDL-A11Y-036 through KBDL-A11Y-040)",Uniform default,`KBDL-DEC-010`.,`KBDL-DEC-010`.
KBDL-A11Y-001,Notes or exclusions,"WCAG 2.2 Level A/AA baseline requirements (KBDL-A11Y-001 through KBDL-A11Y-010, KBDL-A11Y-012 through KBDL-A11Y-020, KBDL-A11Y-022 through KBDL-A11Y-034, KBDL-A11Y-036 through KBDL-A11Y-040)",Uniform default,No AAA-level criterion is described as AA anywhere in this set; see [accessibility.md §3](accessibility.md#3-wcag-22-level-aa-mapping) for the exact criterion-to-section mapping.,No AAA-level criterion is described as AA anywhere in this set; see [accessibility.md §3](accessibility.md#3-wcag-22-level-aa-mapping) for the exact criterion-to-section mapping.
KBDL-A11Y-011,Notes or exclusions,"WCAG 2.2 Level A/AA baseline requirements (KBDL-A11Y-001 through KBDL-A11Y-010, KBDL-A11Y-012 through KBDL-A11Y-020, KBDL-A11Y-022 through KBDL-A11Y-034, KBDL-A11Y-036 through KBDL-A11Y-040)",Uniform default,No AAA-level criterion is described as AA anywhere in this set; see [accessibility.md §3](accessibility.md#3-wcag-22-level-aa-mapping) for the exact criterion-to-section mapping.,No AAA-level criterion is described as AA anywhere in this set; see [accessibility.md §3](accessibility.md#3-wcag-22-level-aa-mapping) for the exact criterion-to-section mapping.
KBDL-A11Y-002,Notes or exclusions,"WCAG 2.2 Level A/AA baseline requirements (KBDL-A11Y-001 through KBDL-A11Y-010, KBDL-A11Y-012 through KBDL-A11Y-020, KBDL-A11Y-022 through KBDL-A11Y-034, KBDL-A11Y-036 through KBDL-A11Y-040)",Uniform default,No AAA-level criterion is described as AA anywhere in this set; see [accessibility.md §3](accessibility.md#3-wcag-22-level-aa-mapping) for the exact criterion-to-section mapping.,No AAA-level criterion is described as AA anywhere in this set; see [accessibility.md §3](accessibility.md#3-wcag-22-level-aa-mapping) for the exact criterion-to-section mapping.
KBDL-A11Y-003,Notes or exclusions,"WCAG 2.2 Level A/AA baseline requirements (KBDL-A11Y-001 through KBDL-A11Y-010, KBDL-A11Y-012 through KBDL-A11Y-020, KBDL-A11Y-022 through KBDL-A11Y-034, KBDL-A11Y-036 through KBDL-A11Y-040)",Uniform default,No AAA-level criterion is described as AA anywhere in this set; see [accessibility.md §3](accessibility.md#3-wcag-22-level-aa-mapping) for the exact criterion-to-section mapping.,No AAA-level criterion is described as AA anywhere in this set; see [accessibility.md §3](accessibility.md#3-wcag-22-level-aa-mapping) for the exact criterion-to-section mapping.
KBDL-A11Y-004,Notes or exclusions,"WCAG 2.2 Level A/AA baseline requirements (KBDL-A11Y-001 through KBDL-A11Y-010, KBDL-A11Y-012 through KBDL-A11Y-020, KBDL-A11Y-022 through KBDL-A11Y-034, KBDL-A11Y-036 through KBDL-A11Y-040)",Uniform default,No AAA-level criterion is described as AA anywhere in this set; see [accessibility.md §3](accessibility.md#3-wcag-22-level-aa-mapping) for the exact criterion-to-section mapping.,No AAA-level criterion is described as AA anywhere in this set; see [accessibility.md §3](accessibility.md#3-wcag-22-level-aa-mapping) for the exact criterion-to-section mapping.
KBDL-A11Y-005,Notes or exclusions,"WCAG 2.2 Level A/AA baseline requirements (KBDL-A11Y-001 through KBDL-A11Y-010, KBDL-A11Y-012 through KBDL-A11Y-020, KBDL-A11Y-022 through KBDL-A11Y-034, KBDL-A11Y-036 through KBDL-A11Y-040)",Uniform default,No AAA-level criterion is described as AA anywhere in this set; see [accessibility.md §3](accessibility.md#3-wcag-22-level-aa-mapping) for the exact criterion-to-section mapping.,No AAA-level criterion is described as AA anywhere in this set; see [accessibility.md §3](accessibility.md#3-wcag-22-level-aa-mapping) for the exact criterion-to-section mapping.
KBDL-A11Y-006,Notes or exclusions,"WCAG 2.2 Level A/AA baseline requirements (KBDL-A11Y-001 through KBDL-A11Y-010, KBDL-A11Y-012 through KBDL-A11Y-020, KBDL-A11Y-022 through KBDL-A11Y-034, KBDL-A11Y-036 through KBDL-A11Y-040)",Uniform default,No AAA-level criterion is described as AA anywhere in this set; see [accessibility.md §3](accessibility.md#3-wcag-22-level-aa-mapping) for the exact criterion-to-section mapping.,No AAA-level criterion is described as AA anywhere in this set; see [accessibility.md §3](accessibility.md#3-wcag-22-level-aa-mapping) for the exact criterion-to-section mapping.
KBDL-A11Y-007,Notes or exclusions,"WCAG 2.2 Level A/AA baseline requirements (KBDL-A11Y-001 through KBDL-A11Y-010, KBDL-A11Y-012 through KBDL-A11Y-020, KBDL-A11Y-022 through KBDL-A11Y-034, KBDL-A11Y-036 through KBDL-A11Y-040)",Uniform default,No AAA-level criterion is described as AA anywhere in this set; see [accessibility.md §3](accessibility.md#3-wcag-22-level-aa-mapping) for the exact criterion-to-section mapping.,No AAA-level criterion is described as AA anywhere in this set; see [accessibility.md §3](accessibility.md#3-wcag-22-level-aa-mapping) for the exact criterion-to-section mapping.
KBDL-A11Y-008,Notes or exclusions,"WCAG 2.2 Level A/AA baseline requirements (KBDL-A11Y-001 through KBDL-A11Y-010, KBDL-A11Y-012 through KBDL-A11Y-020, KBDL-A11Y-022 through KBDL-A11Y-034, KBDL-A11Y-036 through KBDL-A11Y-040)",Uniform default,No AAA-level criterion is described as AA anywhere in this set; see [accessibility.md §3](accessibility.md#3-wcag-22-level-aa-mapping) for the exact criterion-to-section mapping.,No AAA-level criterion is described as AA anywhere in this set; see [accessibility.md §3](accessibility.md#3-wcag-22-level-aa-mapping) for the exact criterion-to-section mapping.
KBDL-A11Y-009,Notes or exclusions,"WCAG 2.2 Level A/AA baseline requirements (KBDL-A11Y-001 through KBDL-A11Y-010, KBDL-A11Y-012 through KBDL-A11Y-020, KBDL-A11Y-022 through KBDL-A11Y-034, KBDL-A11Y-036 through KBDL-A11Y-040)",Uniform default,No AAA-level criterion is described as AA anywhere in this set; see [accessibility.md §3](accessibility.md#3-wcag-22-level-aa-mapping) for the exact criterion-to-section mapping.,No AAA-level criterion is described as AA anywhere in this set; see [accessibility.md §3](accessibility.md#3-wcag-22-level-aa-mapping) for the exact criterion-to-section mapping.
KBDL-A11Y-010,Notes or exclusions,"WCAG 2.2 Level A/AA baseline requirements (KBDL-A11Y-001 through KBDL-A11Y-010, KBDL-A11Y-012 through KBDL-A11Y-020, KBDL-A11Y-022 through KBDL-A11Y-034, KBDL-A11Y-036 through KBDL-A11Y-040)",Uniform default,No AAA-level criterion is described as AA anywhere in this set; see [accessibility.md §3](accessibility.md#3-wcag-22-level-aa-mapping) for the exact criterion-to-section mapping.,No AAA-level criterion is described as AA anywhere in this set; see [accessibility.md §3](accessibility.md#3-wcag-22-level-aa-mapping) for the exact criterion-to-section mapping.
KBDL-A11Y-021,Notes or exclusions,"WCAG 2.2 Level A/AA baseline requirements (KBDL-A11Y-001 through KBDL-A11Y-010, KBDL-A11Y-012 through KBDL-A11Y-020, KBDL-A11Y-022 through KBDL-A11Y-034, KBDL-A11Y-036 through KBDL-A11Y-040)",Uniform default,No AAA-level criterion is described as AA anywhere in this set; see [accessibility.md §3](accessibility.md#3-wcag-22-level-aa-mapping) for the exact criterion-to-section mapping.,No AAA-level criterion is described as AA anywhere in this set; see [accessibility.md §3](accessibility.md#3-wcag-22-level-aa-mapping) for the exact criterion-to-section mapping.
KBDL-A11Y-035,Notes or exclusions,"WCAG 2.2 Level A/AA baseline requirements (KBDL-A11Y-001 through KBDL-A11Y-010, KBDL-A11Y-012 through KBDL-A11Y-020, KBDL-A11Y-022 through KBDL-A11Y-034, KBDL-A11Y-036 through KBDL-A11Y-040)",Uniform default,No AAA-level criterion is described as AA anywhere in this set; see [accessibility.md §3](accessibility.md#3-wcag-22-level-aa-mapping) for the exact criterion-to-section mapping.,No AAA-level criterion is described as AA anywhere in this set; see [accessibility.md §3](accessibility.md#3-wcag-22-level-aa-mapping) for the exact criterion-to-section mapping.
KBDL-A11Y-011,Blueprint section,"New KBDL-specific accessibility enhancements (KBDL-A11Y-011, KBDL-A11Y-021, KBDL-A11Y-035)",Uniform default,Forced-colors/high-contrast policy; preferred enhanced target size; preferred accessibility testing matrix,Forced-colors/high-contrast policy; preferred enhanced target size; preferred accessibility testing matrix
KBDL-A11Y-021,Blueprint section,"New KBDL-specific accessibility enhancements (KBDL-A11Y-011, KBDL-A11Y-021, KBDL-A11Y-035)",Uniform default,Forced-colors/high-contrast policy; preferred enhanced target size; preferred accessibility testing matrix,Forced-colors/high-contrast policy; preferred enhanced target size; preferred accessibility testing matrix
KBDL-A11Y-035,Blueprint section,"New KBDL-specific accessibility enhancements (KBDL-A11Y-011, KBDL-A11Y-021, KBDL-A11Y-035)",Uniform default,Forced-colors/high-contrast policy; preferred enhanced target size; preferred accessibility testing matrix,Forced-colors/high-contrast policy; preferred enhanced target size; preferred accessibility testing matrix
KBDL-A11Y-011,Roadmap prompt,"New KBDL-specific accessibility enhancements (KBDL-A11Y-011, KBDL-A11Y-021, KBDL-A11Y-035)",Uniform default,KBDL-006,KBDL-006
KBDL-A11Y-021,Roadmap prompt,"New KBDL-specific accessibility enhancements (KBDL-A11Y-011, KBDL-A11Y-021, KBDL-A11Y-035)",Uniform default,KBDL-006,KBDL-006
KBDL-A11Y-035,Roadmap prompt,"New KBDL-specific accessibility enhancements (KBDL-A11Y-011, KBDL-A11Y-021, KBDL-A11Y-035)",Uniform default,KBDL-006,KBDL-006
KBDL-A11Y-011,Specification location,"New KBDL-specific accessibility enhancements (KBDL-A11Y-011, KBDL-A11Y-021, KBDL-A11Y-035)",Uniform default,"[accessibility.md §16, §25, §39](accessibility.md#16-light-dark-forced-colors-and-high-contrast-behavior)","[accessibility.md §16, §25, §39](accessibility.md#16-light-dark-forced-colors-and-high-contrast-behavior)"
KBDL-A11Y-021,Specification location,"New KBDL-specific accessibility enhancements (KBDL-A11Y-011, KBDL-A11Y-021, KBDL-A11Y-035)",Uniform default,"[accessibility.md §16, §25, §39](accessibility.md#16-light-dark-forced-colors-and-high-contrast-behavior)","[accessibility.md §16, §25, §39](accessibility.md#16-light-dark-forced-colors-and-high-contrast-behavior)"
KBDL-A11Y-035,Specification location,"New KBDL-specific accessibility enhancements (KBDL-A11Y-011, KBDL-A11Y-021, KBDL-A11Y-035)",Uniform default,"[accessibility.md §16, §25, §39](accessibility.md#16-light-dark-forced-colors-and-high-contrast-behavior)","[accessibility.md §16, §25, §39](accessibility.md#16-light-dark-forced-colors-and-high-contrast-behavior)"
KBDL-A11Y-011,Lifecycle status,"New KBDL-specific accessibility enhancements (KBDL-A11Y-011, KBDL-A11Y-021, KBDL-A11Y-035)",Missing,MISSING,MISSING
KBDL-A11Y-021,Lifecycle status,"New KBDL-specific accessibility enhancements (KBDL-A11Y-011, KBDL-A11Y-021, KBDL-A11Y-035)",Missing,MISSING,MISSING
KBDL-A11Y-035,Lifecycle status,"New KBDL-specific accessibility enhancements (KBDL-A11Y-011, KBDL-A11Y-021, KBDL-A11Y-035)",Missing,MISSING,MISSING
KBDL-A11Y-011,Provenance,"New KBDL-specific accessibility enhancements (KBDL-A11Y-011, KBDL-A11Y-021, KBDL-A11Y-035)",Missing,MISSING,MISSING
KBDL-A11Y-021,Provenance,"New KBDL-specific accessibility enhancements (KBDL-A11Y-011, KBDL-A11Y-021, KBDL-A11Y-035)",Missing,MISSING,MISSING
KBDL-A11Y-035,Provenance,"New KBDL-specific accessibility enhancements (KBDL-A11Y-011, KBDL-A11Y-021, KBDL-A11Y-035)",Missing,MISSING,MISSING
KBDL-A11Y-011,Validation classification,"New KBDL-specific accessibility enhancements (KBDL-A11Y-011, KBDL-A11Y-021, KBDL-A11Y-035)",Uniform default,"Not verified: KBDL-A11Y-011; Not applicable: KBDL-A11Y-021, KBDL-A11Y-035","Not verified: KBDL-A11Y-011; Not applicable: KBDL-A11Y-021, KBDL-A11Y-035"
KBDL-A11Y-021,Validation classification,"New KBDL-specific accessibility enhancements (KBDL-A11Y-011, KBDL-A11Y-021, KBDL-A11Y-035)",Uniform default,"Not verified: KBDL-A11Y-011; Not applicable: KBDL-A11Y-021, KBDL-A11Y-035","Not verified: KBDL-A11Y-011; Not applicable: KBDL-A11Y-021, KBDL-A11Y-035"
KBDL-A11Y-035,Validation classification,"New KBDL-specific accessibility enhancements (KBDL-A11Y-011, KBDL-A11Y-021, KBDL-A11Y-035)",Uniform default,"Not verified: KBDL-A11Y-011; Not applicable: KBDL-A11Y-021, KBDL-A11Y-035","Not verified: KBDL-A11Y-011; Not applicable: KBDL-A11Y-021, KBDL-A11Y-035"
KBDL-A11Y-011,Authority,"New KBDL-specific accessibility enhancements (KBDL-A11Y-011, KBDL-A11Y-021, KBDL-A11Y-035)",Missing,MISSING,MISSING
KBDL-A11Y-021,Authority,"New KBDL-specific accessibility enhancements (KBDL-A11Y-011, KBDL-A11Y-021, KBDL-A11Y-035)",Missing,MISSING,MISSING
KBDL-A11Y-035,Authority,"New KBDL-specific accessibility enhancements (KBDL-A11Y-011, KBDL-A11Y-021, KBDL-A11Y-035)",Missing,MISSING,MISSING
KBDL-A11Y-011,Validation method,"New KBDL-specific accessibility enhancements (KBDL-A11Y-011, KBDL-A11Y-021, KBDL-A11Y-035)",Uniform default,Project-owner review (not yet performed); implementation-level review once an implementation exists.,Project-owner review (not yet performed); implementation-level review once an implementation exists.
KBDL-A11Y-021,Validation method,"New KBDL-specific accessibility enhancements (KBDL-A11Y-011, KBDL-A11Y-021, KBDL-A11Y-035)",Uniform default,Project-owner review (not yet performed); implementation-level review once an implementation exists.,Project-owner review (not yet performed); implementation-level review once an implementation exists.
KBDL-A11Y-035,Validation method,"New KBDL-specific accessibility enhancements (KBDL-A11Y-011, KBDL-A11Y-021, KBDL-A11Y-035)",Uniform default,Project-owner review (not yet performed); implementation-level review once an implementation exists.,Project-owner review (not yet performed); implementation-level review once an implementation exists.
KBDL-A11Y-011,Validation evidence,"New KBDL-specific accessibility enhancements (KBDL-A11Y-011, KBDL-A11Y-021, KBDL-A11Y-035)",Uniform default,Not verified — no implementation exists yet.,Not verified — no implementation exists yet.
KBDL-A11Y-021,Validation evidence,"New KBDL-specific accessibility enhancements (KBDL-A11Y-011, KBDL-A11Y-021, KBDL-A11Y-035)",Uniform default,Not verified — no implementation exists yet.,Not verified — no implementation exists yet.
KBDL-A11Y-035,Validation evidence,"New KBDL-specific accessibility enhancements (KBDL-A11Y-011, KBDL-A11Y-021, KBDL-A11Y-035)",Uniform default,Not verified — no implementation exists yet.,Not verified — no implementation exists yet.
KBDL-A11Y-011,Known limitation,"New KBDL-specific accessibility enhancements (KBDL-A11Y-011, KBDL-A11Y-021, KBDL-A11Y-035)",Uniform default,Forced-colors/high-contrast mode is currently unaddressed elsewhere in the specification and was explicitly excluded from the KBDL-004 theme approval (`KBDL-DEC-013`); these three requirements must not be treated as `Approved` until reviewed.,Forced-colors/high-contrast mode is currently unaddressed elsewhere in the specification and was explicitly excluded from the KBDL-004 theme approval (`KBDL-DEC-013`); these three requirements must not be treated as `Approved` until reviewed.
KBDL-A11Y-021,Known limitation,"New KBDL-specific accessibility enhancements (KBDL-A11Y-011, KBDL-A11Y-021, KBDL-A11Y-035)",Uniform default,Forced-colors/high-contrast mode is currently unaddressed elsewhere in the specification and was explicitly excluded from the KBDL-004 theme approval (`KBDL-DEC-013`); these three requirements must not be treated as `Approved` until reviewed.,Forced-colors/high-contrast mode is currently unaddressed elsewhere in the specification and was explicitly excluded from the KBDL-004 theme approval (`KBDL-DEC-013`); these three requirements must not be treated as `Approved` until reviewed.
KBDL-A11Y-035,Known limitation,"New KBDL-specific accessibility enhancements (KBDL-A11Y-011, KBDL-A11Y-021, KBDL-A11Y-035)",Uniform default,Forced-colors/high-contrast mode is currently unaddressed elsewhere in the specification and was explicitly excluded from the KBDL-004 theme approval (`KBDL-DEC-013`); these three requirements must not be treated as `Approved` until reviewed.,Forced-colors/high-contrast mode is currently unaddressed elsewhere in the specification and was explicitly excluded from the KBDL-004 theme approval (`KBDL-DEC-013`); these three requirements must not be treated as `Approved` until reviewed.
KBDL-A11Y-011,Packet or tracking destination,"New KBDL-specific accessibility enhancements (KBDL-A11Y-011, KBDL-A11Y-021, KBDL-A11Y-035)",Missing,MISSING,MISSING
KBDL-A11Y-021,Packet or tracking destination,"New KBDL-specific accessibility enhancements (KBDL-A11Y-011, KBDL-A11Y-021, KBDL-A11Y-035)",Missing,MISSING,MISSING
KBDL-A11Y-035,Packet or tracking destination,"New KBDL-specific accessibility enhancements (KBDL-A11Y-011, KBDL-A11Y-021, KBDL-A11Y-035)",Missing,MISSING,MISSING
KBDL-A11Y-011,Pending dependencies,"New KBDL-specific accessibility enhancements (KBDL-A11Y-011, KBDL-A11Y-021, KBDL-A11Y-035)",Missing,MISSING,MISSING
KBDL-A11Y-021,Pending dependencies,"New KBDL-specific accessibility enhancements (KBDL-A11Y-011, KBDL-A11Y-021, KBDL-A11Y-035)",Missing,MISSING,MISSING
KBDL-A11Y-035,Pending dependencies,"New KBDL-specific accessibility enhancements (KBDL-A11Y-011, KBDL-A11Y-021, KBDL-A11Y-035)",Missing,MISSING,MISSING
KBDL-A11Y-011,Related decision,"New KBDL-specific accessibility enhancements (KBDL-A11Y-011, KBDL-A11Y-021, KBDL-A11Y-035)",Uniform default,Not applicable — pending a future decision-register entry once the project owner reviews the accessibility decision packet.,Not applicable — pending a future decision-register entry once the project owner reviews the accessibility decision packet.
KBDL-A11Y-021,Related decision,"New KBDL-specific accessibility enhancements (KBDL-A11Y-011, KBDL-A11Y-021, KBDL-A11Y-035)",Uniform default,Not applicable — pending a future decision-register entry once the project owner reviews the accessibility decision packet.,Not applicable — pending a future decision-register entry once the project owner reviews the accessibility decision packet.
KBDL-A11Y-035,Related decision,"New KBDL-specific accessibility enhancements (KBDL-A11Y-011, KBDL-A11Y-021, KBDL-A11Y-035)",Uniform default,Not applicable — pending a future decision-register entry once the project owner reviews the accessibility decision packet.,Not applicable — pending a future decision-register entry once the project owner reviews the accessibility decision packet.
KBDL-A11Y-011,Notes or exclusions,"New KBDL-specific accessibility enhancements (KBDL-A11Y-011, KBDL-A11Y-021, KBDL-A11Y-035)",Uniform default,"Map to [accessibility decision packet](accessibility.md#49-accessibility-decision-packet) items 1–3 respectively. ## KBDL-007 — Core Action, Form, and Navigation Components","Map to [accessibility decision packet](accessibility.md#49-accessibility-decision-packet) items 1–3 respectively. ## KBDL-007 — Core Action, Form, and Navigation Components"
KBDL-A11Y-021,Notes or exclusions,"New KBDL-specific accessibility enhancements (KBDL-A11Y-011, KBDL-A11Y-021, KBDL-A11Y-035)",Uniform default,"Map to [accessibility decision packet](accessibility.md#49-accessibility-decision-packet) items 1–3 respectively. ## KBDL-007 — Core Action, Form, and Navigation Components","Map to [accessibility decision packet](accessibility.md#49-accessibility-decision-packet) items 1–3 respectively. ## KBDL-007 — Core Action, Form, and Navigation Components"
KBDL-A11Y-035,Notes or exclusions,"New KBDL-specific accessibility enhancements (KBDL-A11Y-011, KBDL-A11Y-021, KBDL-A11Y-035)",Uniform default,"Map to [accessibility decision packet](accessibility.md#49-accessibility-decision-packet) items 1–3 respectively. ## KBDL-007 — Core Action, Form, and Navigation Components","Map to [accessibility decision packet](accessibility.md#49-accessibility-decision-packet) items 1–3 respectively. ## KBDL-007 — Core Action, Form, and Navigation Components"
KBDL-CMP-001,Blueprint section,"Shared component contract and cross-cutting rules (KBDL-CMP-001 through KBDL-CMP-013, KBDL-CMP-050, KBDL-CMP-051)",Exact per-ID mapping,Shared component contract; native-semantics-first rule; accessible naming; component state model; KBDL-008 scope boundary; focus/keyboard/pointer behavior; responsive/target-size/theme/foundation/motion mapping; cross-component composition; profile compatibility,Shared component contract; native-semantics-first rule; accessible naming; component state model; KBDL-008 scope boundary; focus/keyboard/pointer behavior; responsive/target-size/theme/foundation/motion mapping; cross-component composition; profile compatibility
KBDL-CMP-001,Roadmap prompt,"Shared component contract and cross-cutting rules (KBDL-CMP-001 through KBDL-CMP-013, KBDL-CMP-050, KBDL-CMP-051)",Exact per-ID mapping,KBDL-007,KBDL-007
KBDL-CMP-001,Specification location,"Shared component contract and cross-cutting rules (KBDL-CMP-001 through KBDL-CMP-013, KBDL-CMP-050, KBDL-CMP-051)",Exact per-ID mapping,"[components-core.md §5–§19, §25, §26](components-core.md#6-shared-component-contract)","[components-core.md §5–§19, §25, §26](components-core.md#6-shared-component-contract)"
KBDL-CMP-001,Lifecycle status,"Shared component contract and cross-cutting rules (KBDL-CMP-001 through KBDL-CMP-013, KBDL-CMP-050, KBDL-CMP-051)",Missing,MISSING,MISSING
KBDL-CMP-001,Provenance,"Shared component contract and cross-cutting rules (KBDL-CMP-001 through KBDL-CMP-013, KBDL-CMP-050, KBDL-CMP-051)",Exact per-ID mapping,"User-provided for `KBDL-CMP-001`; Confirmed for `KBDL-CMP-002`–`013`, `050`, and `051`.","User-provided for `KBDL-CMP-001`; Confirmed for `KBDL-CMP-002`–`013`, `050`, and `051`."
KBDL-CMP-001,Validation classification,"Shared component contract and cross-cutting rules (KBDL-CMP-001 through KBDL-CMP-013, KBDL-CMP-050, KBDL-CMP-051)",Exact per-ID mapping,"Not verified: KBDL-CMP-001, KBDL-CMP-002, KBDL-CMP-003, KBDL-CMP-004, KBDL-CMP-006, KBDL-CMP-007, KBDL-CMP-008, KBDL-CMP-009, KBDL-CMP-010, KBDL-CMP-011, KBDL-CMP-012, KBDL-CMP-013, KBDL-CMP-051; Not applicable: KBDL-CMP-005, KBDL-CMP-050","Not verified: KBDL-CMP-001, KBDL-CMP-002, KBDL-CMP-003, KBDL-CMP-004, KBDL-CMP-006, KBDL-CMP-007, KBDL-CMP-008, KBDL-CMP-009, KBDL-CMP-010, KBDL-CMP-011, KBDL-CMP-012, KBDL-CMP-013, KBDL-CMP-051; Not applicable: KBDL-CMP-005, KBDL-CMP-050"
KBDL-CMP-001,Authority,"Shared component contract and cross-cutting rules (KBDL-CMP-001 through KBDL-CMP-013, KBDL-CMP-050, KBDL-CMP-051)",Missing,MISSING,MISSING
KBDL-CMP-001,Validation method,"Shared component contract and cross-cutting rules (KBDL-CMP-001 through KBDL-CMP-013, KBDL-CMP-050, KBDL-CMP-051)",Exact per-ID mapping,"Manual completeness/mapping review per component once implemented; manual scope-compliance review (performed, see implementation report).","Manual completeness/mapping review per component once implemented; manual scope-compliance review (performed, see implementation report)."
KBDL-CMP-001,Validation evidence,"Shared component contract and cross-cutting rules (KBDL-CMP-001 through KBDL-CMP-013, KBDL-CMP-050, KBDL-CMP-051)",Exact per-ID mapping,Not verified — no implementation exists yet.,Not verified — no implementation exists yet.
KBDL-CMP-001,Known limitation,"Shared component contract and cross-cutting rules (KBDL-CMP-001 through KBDL-CMP-013, KBDL-CMP-050, KBDL-CMP-051)",Exact per-ID mapping,Implementation-dependent; cannot be tested until real components exist.,Implementation-dependent; cannot be tested until real components exist.
KBDL-CMP-001,Packet or tracking destination,"Shared component contract and cross-cutting rules (KBDL-CMP-001 through KBDL-CMP-013, KBDL-CMP-050, KBDL-CMP-051)",Missing,MISSING,MISSING
KBDL-CMP-001,Pending dependencies,"Shared component contract and cross-cutting rules (KBDL-CMP-001 through KBDL-CMP-013, KBDL-CMP-050, KBDL-CMP-051)",Missing,MISSING,MISSING
KBDL-CMP-001,Related decision,"Shared component contract and cross-cutting rules (KBDL-CMP-001 through KBDL-CMP-013, KBDL-CMP-050, KBDL-CMP-051)",Exact per-ID mapping,`KBDL-DEC-010` (WCAG 2.2 AA baseline).,`KBDL-DEC-010` (WCAG 2.2 AA baseline).
KBDL-CMP-001,Notes or exclusions,"Shared component contract and cross-cutting rules (KBDL-CMP-001 through KBDL-CMP-013, KBDL-CMP-050, KBDL-CMP-051)",Exact per-ID mapping,These fifteen requirements establish the contract every component below must follow; no new policy is introduced at this level.,These fifteen requirements establish the contract every component below must follow; no new policy is introduced at this level.
KBDL-CMP-014,Blueprint section,Action components (KBDL-CMP-014 through KBDL-CMP-021),Exact per-ID mapping,"Button, Icon Button, Toggle Button, Link, Button Group, Disclosure/Menu Trigger","Button, Icon Button, Toggle Button, Link, Button Group, Disclosure/Menu Trigger"
KBDL-CMP-014,Roadmap prompt,Action components (KBDL-CMP-014 through KBDL-CMP-021),Exact per-ID mapping,KBDL-007,KBDL-007
KBDL-CMP-014,Specification location,Action components (KBDL-CMP-014 through KBDL-CMP-021),Exact per-ID mapping,[components-core.md §20](components-core.md#20-action-components),[components-core.md §20](components-core.md#20-action-components)
KBDL-CMP-014,Lifecycle status,Action components (KBDL-CMP-014 through KBDL-CMP-021),Missing,MISSING,MISSING
KBDL-CMP-014,Provenance,Action components (KBDL-CMP-014 through KBDL-CMP-021),Exact per-ID mapping,"Confirmed for `KBDL-CMP-014`, `016`, `018`, `019`, `021`; Assumed for `KBDL-CMP-015`, `017`, `020`.","Confirmed for `KBDL-CMP-014`, `016`, `018`, `019`, `021`; Assumed for `KBDL-CMP-015`, `017`, `020`."
KBDL-CMP-014,Validation classification,Action components (KBDL-CMP-014 through KBDL-CMP-021),Exact per-ID mapping,"Not verified: KBDL-CMP-014, KBDL-CMP-016, KBDL-CMP-018, KBDL-CMP-019, KBDL-CMP-021; Not applicable: KBDL-CMP-015, KBDL-CMP-017, KBDL-CMP-020","Not verified: KBDL-CMP-014, KBDL-CMP-016, KBDL-CMP-018, KBDL-CMP-019, KBDL-CMP-021; Not applicable: KBDL-CMP-015, KBDL-CMP-017, KBDL-CMP-020"
KBDL-CMP-014,Authority,Action components (KBDL-CMP-014 through KBDL-CMP-021),Missing,MISSING,MISSING
KBDL-CMP-014,Validation method,Action components (KBDL-CMP-014 through KBDL-CMP-021),Exact per-ID mapping,"Manual + automated static accessibility review, manual keyboard/ARIA review once implemented; project-owner review of `KBDL-CMP-015`/`017`/`020` (not yet performed).","Manual + automated static accessibility review, manual keyboard/ARIA review once implemented; project-owner review of `KBDL-CMP-015`/`017`/`020` (not yet performed)."
KBDL-CMP-014,Validation evidence,Action components (KBDL-CMP-014 through KBDL-CMP-021),Exact per-ID mapping,Not verified — no implementation exists yet.,Not verified — no implementation exists yet.
KBDL-CMP-014,Known limitation,Action components (KBDL-CMP-014 through KBDL-CMP-021),Exact per-ID mapping,Implementation-dependent.,Implementation-dependent.
KBDL-CMP-014,Packet or tracking destination,Action components (KBDL-CMP-014 through KBDL-CMP-021),Missing,MISSING,MISSING
KBDL-CMP-014,Pending dependencies,Action components (KBDL-CMP-014 through KBDL-CMP-021),Missing,MISSING,MISSING
KBDL-CMP-014,Related decision,Action components (KBDL-CMP-014 through KBDL-CMP-021),Exact per-ID mapping,Not applicable — pending a future decision-register entry once the project owner reviews the KBDL-007 decision packet.,Not applicable — pending a future decision-register entry once the project owner reviews the KBDL-007 decision packet.
KBDL-CMP-014,Notes or exclusions,Action components (KBDL-CMP-014 through KBDL-CMP-021),Exact per-ID mapping,"`KBDL-CMP-015`, `017`, `020` map to [KBDL-007 decision packet](components-core.md#35-kbdl-007-decision-packet) items 1, 3, and 9 respectively.","`KBDL-CMP-015`, `017`, `020` map to [KBDL-007 decision packet](components-core.md#35-kbdl-007-decision-packet) items 1, 3, and 9 respectively."
KBDL-CMP-022,Blueprint section,Form architecture and components (KBDL-CMP-022 through KBDL-CMP-037),Exact per-ID mapping,"Shared field model; Text Input, Password Input, Search Field, Textarea, Select, Combobox, Checkbox, Radio Group, Switch, File Input, Field Group, Form Action Row; form validation and recovery","Shared field model; Text Input, Password Input, Search Field, Textarea, Select, Combobox, Checkbox, Radio Group, Switch, File Input, Field Group, Form Action Row; form validation and recovery"
KBDL-CMP-022,Roadmap prompt,Form architecture and components (KBDL-CMP-022 through KBDL-CMP-037),Exact per-ID mapping,KBDL-007,KBDL-007
KBDL-CMP-022,Specification location,Form architecture and components (KBDL-CMP-022 through KBDL-CMP-037),Exact per-ID mapping,[components-core.md §21–§23](components-core.md#21-form-architecture),[components-core.md §21–§23](components-core.md#21-form-architecture)
KBDL-CMP-022,Lifecycle status,Form architecture and components (KBDL-CMP-022 through KBDL-CMP-037),Missing,MISSING,MISSING
KBDL-CMP-022,Provenance,Form architecture and components (KBDL-CMP-022 through KBDL-CMP-037),Exact per-ID mapping,"Confirmed for `KBDL-CMP-022`, `023`, `024`, `026`, `027`, `028`, `030`, `031`, `032`, `033`, `034`, `035`, `037`; Assumed for `KBDL-CMP-025`, `029`, `036`.","Confirmed for `KBDL-CMP-022`, `023`, `024`, `026`, `027`, `028`, `030`, `031`, `032`, `033`, `034`, `035`, `037`; Assumed for `KBDL-CMP-025`, `029`, `036`."
KBDL-CMP-022,Validation classification,Form architecture and components (KBDL-CMP-022 through KBDL-CMP-037),Exact per-ID mapping,"Not verified: KBDL-CMP-022, KBDL-CMP-023, KBDL-CMP-024, KBDL-CMP-026, KBDL-CMP-027, KBDL-CMP-028, KBDL-CMP-030, KBDL-CMP-031, KBDL-CMP-032, KBDL-CMP-033, KBDL-CMP-034, KBDL-CMP-035, KBDL-CMP-037; Not applicable: KBDL-CMP-025, KBDL-CMP-029, KBDL-CMP-036","Not verified: KBDL-CMP-022, KBDL-CMP-023, KBDL-CMP-024, KBDL-CMP-026, KBDL-CMP-027, KBDL-CMP-028, KBDL-CMP-030, KBDL-CMP-031, KBDL-CMP-032, KBDL-CMP-033, KBDL-CMP-034, KBDL-CMP-035, KBDL-CMP-037; Not applicable: KBDL-CMP-025, KBDL-CMP-029, KBDL-CMP-036"
KBDL-CMP-022,Authority,Form architecture and components (KBDL-CMP-022 through KBDL-CMP-037),Missing,MISSING,MISSING
KBDL-CMP-022,Validation method,Form architecture and components (KBDL-CMP-022 through KBDL-CMP-037),Exact per-ID mapping,Manual + automated static accessibility review once implemented; project-owner review of `KBDL-CMP-025`/`029`/`036` (not yet performed).,Manual + automated static accessibility review once implemented; project-owner review of `KBDL-CMP-025`/`029`/`036` (not yet performed).
KBDL-CMP-022,Validation evidence,Form architecture and components (KBDL-CMP-022 through KBDL-CMP-037),Exact per-ID mapping,Not verified — no implementation exists yet.,Not verified — no implementation exists yet.
KBDL-CMP-022,Known limitation,Form architecture and components (KBDL-CMP-022 through KBDL-CMP-037),Exact per-ID mapping,Implementation-dependent.,Implementation-dependent.
KBDL-CMP-022,Packet or tracking destination,Form architecture and components (KBDL-CMP-022 through KBDL-CMP-037),Missing,MISSING,MISSING
KBDL-CMP-022,Pending dependencies,Form architecture and components (KBDL-CMP-022 through KBDL-CMP-037),Missing,MISSING,MISSING
KBDL-CMP-022,Related decision,Form architecture and components (KBDL-CMP-022 through KBDL-CMP-037),Exact per-ID mapping,Not applicable — pending a future decision-register entry once the project owner reviews the KBDL-007 decision packet.,Not applicable — pending a future decision-register entry once the project owner reviews the KBDL-007 decision packet.
KBDL-CMP-022,Notes or exclusions,Form architecture and components (KBDL-CMP-022 through KBDL-CMP-037),Exact per-ID mapping,"`KBDL-CMP-025`, `029`, `036` map to [KBDL-007 decision packet](components-core.md#35-kbdl-007-decision-packet) items 4, 5, and 6 respectively.","`KBDL-CMP-025`, `029`, `036` map to [KBDL-007 decision packet](components-core.md#35-kbdl-007-decision-packet) items 4, 5, and 6 respectively."
KBDL-CMP-038,Blueprint section,Navigation components (KBDL-CMP-038 through KBDL-CMP-049),Exact per-ID mapping,"Skip Link, Navigation Link/List, Primary/Global Navigation, Local/Section Navigation, Breadcrumb, Tabs, Pagination, Back Link","Skip Link, Navigation Link/List, Primary/Global Navigation, Local/Section Navigation, Breadcrumb, Tabs, Pagination, Back Link"
KBDL-CMP-038,Roadmap prompt,Navigation components (KBDL-CMP-038 through KBDL-CMP-049),Exact per-ID mapping,KBDL-007,KBDL-007
KBDL-CMP-038,Specification location,Navigation components (KBDL-CMP-038 through KBDL-CMP-049),Exact per-ID mapping,[components-core.md §24](components-core.md#24-navigation-components),[components-core.md §24](components-core.md#24-navigation-components)
KBDL-CMP-038,Lifecycle status,Navigation components (KBDL-CMP-038 through KBDL-CMP-049),Missing,MISSING,MISSING
KBDL-CMP-038,Provenance,Navigation components (KBDL-CMP-038 through KBDL-CMP-049),Exact per-ID mapping,"Confirmed for `KBDL-CMP-038`, `039`, `040`, `042`, `043`, `045`, `047`, `049`; Assumed for `KBDL-CMP-041`, `044`, `046`, `048`.","Confirmed for `KBDL-CMP-038`, `039`, `040`, `042`, `043`, `045`, `047`, `049`; Assumed for `KBDL-CMP-041`, `044`, `046`, `048`."
KBDL-CMP-038,Validation classification,Navigation components (KBDL-CMP-038 through KBDL-CMP-049),Exact per-ID mapping,"Not verified: KBDL-CMP-038, KBDL-CMP-039, KBDL-CMP-040, KBDL-CMP-042, KBDL-CMP-043, KBDL-CMP-045, KBDL-CMP-047, KBDL-CMP-049; Not applicable: KBDL-CMP-041, KBDL-CMP-044, KBDL-CMP-046, KBDL-CMP-048","Not verified: KBDL-CMP-038, KBDL-CMP-039, KBDL-CMP-040, KBDL-CMP-042, KBDL-CMP-043, KBDL-CMP-045, KBDL-CMP-047, KBDL-CMP-049; Not applicable: KBDL-CMP-041, KBDL-CMP-044, KBDL-CMP-046, KBDL-CMP-048"
KBDL-CMP-038,Authority,Navigation components (KBDL-CMP-038 through KBDL-CMP-049),Missing,MISSING,MISSING
KBDL-CMP-038,Validation method,Navigation components (KBDL-CMP-038 through KBDL-CMP-049),Exact per-ID mapping,Manual keyboard/ARIA review once implemented; project-owner review of `KBDL-CMP-041`/`044`/`046`/`048` (not yet performed).,Manual keyboard/ARIA review once implemented; project-owner review of `KBDL-CMP-041`/`044`/`046`/`048` (not yet performed).
KBDL-CMP-038,Validation evidence,Navigation components (KBDL-CMP-038 through KBDL-CMP-049),Exact per-ID mapping,Not verified — no implementation exists yet.,Not verified — no implementation exists yet.
KBDL-CMP-038,Known limitation,Navigation components (KBDL-CMP-038 through KBDL-CMP-049),Exact per-ID mapping,`KBDL-CMP-041` additionally depends on the unapproved `KBDL-RSP-002`/`008` and cannot be approved independently of them.,`KBDL-CMP-041` additionally depends on the unapproved `KBDL-RSP-002`/`008` and cannot be approved independently of them.
KBDL-CMP-038,Packet or tracking destination,Navigation components (KBDL-CMP-038 through KBDL-CMP-049),Missing,MISSING,MISSING
KBDL-CMP-038,Pending dependencies,Navigation components (KBDL-CMP-038 through KBDL-CMP-049),Missing,MISSING,MISSING
KBDL-CMP-038,Related decision,Navigation components (KBDL-CMP-038 through KBDL-CMP-049),Exact per-ID mapping,Not applicable — pending a future decision-register entry once the project owner reviews the KBDL-007 decision packet.,Not applicable — pending a future decision-register entry once the project owner reviews the KBDL-007 decision packet.
KBDL-CMP-038,Notes or exclusions,Navigation components (KBDL-CMP-038 through KBDL-CMP-049),Exact per-ID mapping,"`KBDL-CMP-044`, `046`, `048` map to approval-ready [KBDL-007 decision packet](components-core.md#35-kbdl-007-decision-packet) items 7, 2, and 8 respectively. `KBDL-CMP-041` maps to a contingent, not-approval-ready item in [§35.3](components-core.md#353-unresolved-or-not-approval-ready) — it remains `Recommended`, but cannot be approved through the KBDL-007 packet until its `KBDL-RSP-002`/`008` dependencies are approved or replaced. ## KBDL-008 — Surface, Overlay, Feedback, and System-State Components The rows below trace KBDL-008's scope, defined in [components-system.md](components-system.md). Full per-requirement detail (rationale, validation method, decision-packet mapping) lives in that document; these rows summarize status for cross-module lookup.","`KBDL-CMP-044`, `046`, `048` map to approval-ready [KBDL-007 decision packet](components-core.md#35-kbdl-007-decision-packet) items 7, 2, and 8 respectively. `KBDL-CMP-041` maps to a contingent, not-approval-ready item in [§35.3](components-core.md#353-unresolved-or-not-approval-ready) — it remains `Recommended`, but cannot be approved through the KBDL-007 packet until its `KBDL-RSP-002`/`008` dependencies are approved or replaced. ## KBDL-008 — Surface, Overlay, Feedback, and System-State Components The rows below trace KBDL-008's scope, defined in [components-system.md](components-system.md). Full per-requirement detail (rationale, validation method, decision-packet mapping) lives in that document; these rows summarize status for cross-module lookup."
KBDL-CMP-052,Blueprint section,"Surface components and module-wide baselines (KBDL-CMP-052, 053, 054, 055, 062, 065, 067, 068, 069, 070)",Exact per-ID mapping,"KBDL-007 ownership boundary; extended system-component contract; surface architecture; Container Surface, Panel, Card, Accordion, Static Data Table","KBDL-007 ownership boundary; extended system-component contract; surface architecture; Container Surface, Panel, Card, Accordion, Static Data Table"
KBDL-CMP-052,Roadmap prompt,"Surface components and module-wide baselines (KBDL-CMP-052, 053, 054, 055, 062, 065, 067, 068, 069, 070)",Exact per-ID mapping,KBDL-008,KBDL-008
KBDL-CMP-052,Specification location,"Surface components and module-wide baselines (KBDL-CMP-052, 053, 054, 055, 062, 065, 067, 068, 069, 070)",Exact per-ID mapping,"[components-system.md §5, §7, §8, §9](components-system.md#5-kbdl-007-ownership-boundary)","[components-system.md §5, §7, §8, §9](components-system.md#5-kbdl-007-ownership-boundary)"
KBDL-CMP-052,Lifecycle status,"Surface components and module-wide baselines (KBDL-CMP-052, 053, 054, 055, 062, 065, 067, 068, 069, 070)",Missing,MISSING,MISSING
KBDL-CMP-052,Provenance,"Surface components and module-wide baselines (KBDL-CMP-052, 053, 054, 055, 062, 065, 067, 068, 069, 070)",Exact per-ID mapping,"Confirmed for `KBDL-CMP-052`, `053`, `054`, `055`, `062`, `065`, `068`, `070`; Assumed for `KBDL-CMP-067`, `069`.","Confirmed for `KBDL-CMP-052`, `053`, `054`, `055`, `062`, `065`, `068`, `070`; Assumed for `KBDL-CMP-067`, `069`."
KBDL-CMP-052,Validation classification,"Surface components and module-wide baselines (KBDL-CMP-052, 053, 054, 055, 062, 065, 067, 068, 069, 070)",Exact per-ID mapping,"Not applicable: KBDL-CMP-052, KBDL-CMP-067, KBDL-CMP-069; Not verified: KBDL-CMP-053, KBDL-CMP-054, KBDL-CMP-055, KBDL-CMP-062, KBDL-CMP-065, KBDL-CMP-068, KBDL-CMP-070","Not applicable: KBDL-CMP-052, KBDL-CMP-067, KBDL-CMP-069; Not verified: KBDL-CMP-053, KBDL-CMP-054, KBDL-CMP-055, KBDL-CMP-062, KBDL-CMP-065, KBDL-CMP-068, KBDL-CMP-070"
KBDL-CMP-052,Authority,"Surface components and module-wide baselines (KBDL-CMP-052, 053, 054, 055, 062, 065, 067, 068, 069, 070)",Missing,MISSING,MISSING
KBDL-CMP-052,Validation method,"Surface components and module-wide baselines (KBDL-CMP-052, 053, 054, 055, 062, 065, 067, 068, 069, 070)",Exact per-ID mapping,Manual semantic-structure and DOM-relationship review once implemented; project-owner review of `KBDL-CMP-067`/`069` (not yet performed).,Manual semantic-structure and DOM-relationship review once implemented; project-owner review of `KBDL-CMP-067`/`069` (not yet performed).
KBDL-CMP-052,Validation evidence,"Surface components and module-wide baselines (KBDL-CMP-052, 053, 054, 055, 062, 065, 067, 068, 069, 070)",Exact per-ID mapping,Not verified — no implementation exists yet.,Not verified — no implementation exists yet.
KBDL-CMP-052,Known limitation,"Surface components and module-wide baselines (KBDL-CMP-052, 053, 054, 055, 062, 065, 067, 068, 069, 070)",Exact per-ID mapping,Implementation-dependent.,Implementation-dependent.
KBDL-CMP-052,Packet or tracking destination,"Surface components and module-wide baselines (KBDL-CMP-052, 053, 054, 055, 062, 065, 067, 068, 069, 070)",Missing,MISSING,MISSING
KBDL-CMP-052,Pending dependencies,"Surface components and module-wide baselines (KBDL-CMP-052, 053, 054, 055, 062, 065, 067, 068, 069, 070)",Missing,MISSING,MISSING
KBDL-CMP-052,Related decision,"Surface components and module-wide baselines (KBDL-CMP-052, 053, 054, 055, 062, 065, 067, 068, 069, 070)",Exact per-ID mapping,Not applicable — pending a future decision-register entry once the project owner reviews the KBDL-008 decision packet.,Not applicable — pending a future decision-register entry once the project owner reviews the KBDL-008 decision packet.
KBDL-CMP-052,Notes or exclusions,"Surface components and module-wide baselines (KBDL-CMP-052, 053, 054, 055, 062, 065, 067, 068, 069, 070)",Exact per-ID mapping,"`KBDL-CMP-067`, `069` map to [KBDL-008 decision packet](components-system.md#33-kbdl-008-decision-packet) items 1 and 2 respectively.","`KBDL-CMP-067`, `069` map to [KBDL-008 decision packet](components-system.md#33-kbdl-008-decision-packet) items 1 and 2 respectively."
KBDL-CMP-056,Blueprint section,"Overlay components (KBDL-CMP-056 through KBDL-CMP-060, 071 through 085)",Exact per-ID mapping,"Overlay architecture; Tooltip, Popover, Menu surface, Listbox popup, Dialog, Modal Dialog, Alert Dialog, Drawer/Sheet; overlay layering and nesting","Overlay architecture; Tooltip, Popover, Menu surface, Listbox popup, Dialog, Modal Dialog, Alert Dialog, Drawer/Sheet; overlay layering and nesting"
KBDL-CMP-056,Roadmap prompt,"Overlay components (KBDL-CMP-056 through KBDL-CMP-060, 071 through 085)",Exact per-ID mapping,KBDL-008,KBDL-008
KBDL-CMP-056,Specification location,"Overlay components (KBDL-CMP-056 through KBDL-CMP-060, 071 through 085)",Exact per-ID mapping,[components-system.md §10–§12](components-system.md#10-overlay-architecture),[components-system.md §10–§12](components-system.md#10-overlay-architecture)
KBDL-CMP-056,Lifecycle status,"Overlay components (KBDL-CMP-056 through KBDL-CMP-060, 071 through 085)",Missing,MISSING,MISSING
KBDL-CMP-056,Provenance,"Overlay components (KBDL-CMP-056 through KBDL-CMP-060, 071 through 085)",Exact per-ID mapping,"Confirmed for `KBDL-CMP-056`, `057`, `058`, `059`, `060`, `071`, `072`, `075`, `077`, `078`, `079`, `081`, `082`, `084`; Assumed for `KBDL-CMP-073`, `074`, `076`, `080`, `083`, `085`.","Confirmed for `KBDL-CMP-056`, `057`, `058`, `059`, `060`, `071`, `072`, `075`, `077`, `078`, `079`, `081`, `082`, `084`; Assumed for `KBDL-CMP-073`, `074`, `076`, `080`, `083`, `085`."
KBDL-CMP-056,Validation classification,"Overlay components (KBDL-CMP-056 through KBDL-CMP-060, 071 through 085)",Exact per-ID mapping,"Not applicable: KBDL-CMP-056, KBDL-CMP-073, KBDL-CMP-074, KBDL-CMP-076, KBDL-CMP-080, KBDL-CMP-082, KBDL-CMP-083, KBDL-CMP-085; Not verified: KBDL-CMP-057, KBDL-CMP-058, KBDL-CMP-059, KBDL-CMP-060, KBDL-CMP-071, KBDL-CMP-072, KBDL-CMP-075, KBDL-CMP-077, KBDL-CMP-078, KBDL-CMP-079, KBDL-CMP-081, KBDL-CMP-084","Not applicable: KBDL-CMP-056, KBDL-CMP-073, KBDL-CMP-074, KBDL-CMP-076, KBDL-CMP-080, KBDL-CMP-082, KBDL-CMP-083, KBDL-CMP-085; Not verified: KBDL-CMP-057, KBDL-CMP-058, KBDL-CMP-059, KBDL-CMP-060, KBDL-CMP-071, KBDL-CMP-072, KBDL-CMP-075, KBDL-CMP-077, KBDL-CMP-078, KBDL-CMP-079, KBDL-CMP-081, KBDL-CMP-084"
KBDL-CMP-056,Authority,"Overlay components (KBDL-CMP-056 through KBDL-CMP-060, 071 through 085)",Missing,MISSING,MISSING
KBDL-CMP-056,Validation method,"Overlay components (KBDL-CMP-056 through KBDL-CMP-060, 071 through 085)",Exact per-ID mapping,"Manual focus-containment, keyboard, and ARIA-relationship review once implemented; project-owner review of the Recommended subset (not yet performed).","Manual focus-containment, keyboard, and ARIA-relationship review once implemented; project-owner review of the Recommended subset (not yet performed)."
KBDL-CMP-056,Validation evidence,"Overlay components (KBDL-CMP-056 through KBDL-CMP-060, 071 through 085)",Exact per-ID mapping,Not verified — no implementation exists yet.,Not verified — no implementation exists yet.
KBDL-CMP-056,Known limitation,"Overlay components (KBDL-CMP-056 through KBDL-CMP-060, 071 through 085)",Exact per-ID mapping,`KBDL-CMP-083` additionally notes that navigation-drawer use remains bound by the unapproved `KBDL-CMP-041` (KBDL-007) regardless of this item's own approval.,`KBDL-CMP-083` additionally notes that navigation-drawer use remains bound by the unapproved `KBDL-CMP-041` (KBDL-007) regardless of this item's own approval.
KBDL-CMP-056,Packet or tracking destination,"Overlay components (KBDL-CMP-056 through KBDL-CMP-060, 071 through 085)",Missing,MISSING,MISSING
KBDL-CMP-056,Pending dependencies,"Overlay components (KBDL-CMP-056 through KBDL-CMP-060, 071 through 085)",Missing,MISSING,MISSING
KBDL-CMP-056,Related decision,"Overlay components (KBDL-CMP-056 through KBDL-CMP-060, 071 through 085)",Exact per-ID mapping,Not applicable — pending a future decision-register entry once the project owner reviews the KBDL-008 decision packet.,Not applicable — pending a future decision-register entry once the project owner reviews the KBDL-008 decision packet.
KBDL-CMP-056,Notes or exclusions,"Overlay components (KBDL-CMP-056 through KBDL-CMP-060, 071 through 085)",Exact per-ID mapping,"`KBDL-CMP-073`, `074`, `076`, `080`, `083`, `085` map to [KBDL-008 decision packet](components-system.md#33-kbdl-008-decision-packet) items 3, 4, 5, 6, 7, and 8 respectively.","`KBDL-CMP-073`, `074`, `076`, `080`, `083`, `085` map to [KBDL-008 decision packet](components-system.md#33-kbdl-008-decision-packet) items 3, 4, 5, 6, 7, and 8 respectively."
KBDL-CMP-061,Blueprint section,"Feedback components (KBDL-CMP-061, 086 through KBDL-CMP-098)",Exact per-ID mapping,"Feedback architecture; Inline Feedback, Alert, Banner, Toast/Snackbar, Status Region/Log, Badge, Progress Indicator, Meter, Skeleton","Feedback architecture; Inline Feedback, Alert, Banner, Toast/Snackbar, Status Region/Log, Badge, Progress Indicator, Meter, Skeleton"
KBDL-CMP-061,Roadmap prompt,"Feedback components (KBDL-CMP-061, 086 through KBDL-CMP-098)",Exact per-ID mapping,KBDL-008,KBDL-008
KBDL-CMP-061,Specification location,"Feedback components (KBDL-CMP-061, 086 through KBDL-CMP-098)",Exact per-ID mapping,[components-system.md §13–§14](components-system.md#13-feedback-architecture),[components-system.md §13–§14](components-system.md#13-feedback-architecture)
KBDL-CMP-061,Lifecycle status,"Feedback components (KBDL-CMP-061, 086 through KBDL-CMP-098)",Missing,MISSING,MISSING
KBDL-CMP-061,Provenance,"Feedback components (KBDL-CMP-061, 086 through KBDL-CMP-098)",Exact per-ID mapping,"Confirmed for `KBDL-CMP-061`, `086`, `087`, `088`, `090`, `092`, `093`, `094`, `095`, `096`, `098`; Assumed for `KBDL-CMP-089`, `091`.","Confirmed for `KBDL-CMP-061`, `086`, `087`, `088`, `090`, `092`, `093`, `094`, `095`, `096`, `098`; Assumed for `KBDL-CMP-089`, `091`."
KBDL-CMP-061,Validation classification,"Feedback components (KBDL-CMP-061, 086 through KBDL-CMP-098)",Exact per-ID mapping,"Not verified: KBDL-CMP-061, KBDL-CMP-086, KBDL-CMP-087, KBDL-CMP-088, KBDL-CMP-090, KBDL-CMP-092, KBDL-CMP-093, KBDL-CMP-094, KBDL-CMP-095, KBDL-CMP-096, KBDL-CMP-098; Not applicable: KBDL-CMP-089, KBDL-CMP-091","Not verified: KBDL-CMP-061, KBDL-CMP-086, KBDL-CMP-087, KBDL-CMP-088, KBDL-CMP-090, KBDL-CMP-092, KBDL-CMP-093, KBDL-CMP-094, KBDL-CMP-095, KBDL-CMP-096, KBDL-CMP-098; Not applicable: KBDL-CMP-089, KBDL-CMP-091"
KBDL-CMP-061,Authority,"Feedback components (KBDL-CMP-061, 086 through KBDL-CMP-098)",Missing,MISSING,MISSING
KBDL-CMP-061,Validation method,"Feedback components (KBDL-CMP-061, 086 through KBDL-CMP-098)",Exact per-ID mapping,"Manual live-region, role, and content-classification review once implemented; project-owner review of `KBDL-CMP-089`/`091` (not yet performed).","Manual live-region, role, and content-classification review once implemented; project-owner review of `KBDL-CMP-089`/`091` (not yet performed)."
KBDL-CMP-061,Validation evidence,"Feedback components (KBDL-CMP-061, 086 through KBDL-CMP-098)",Exact per-ID mapping,Not verified — no implementation exists yet.,Not verified — no implementation exists yet.
KBDL-CMP-061,Known limitation,"Feedback components (KBDL-CMP-061, 086 through KBDL-CMP-098)",Exact per-ID mapping,Implementation-dependent.,Implementation-dependent.
KBDL-CMP-061,Packet or tracking destination,"Feedback components (KBDL-CMP-061, 086 through KBDL-CMP-098)",Missing,MISSING,MISSING
KBDL-CMP-061,Pending dependencies,"Feedback components (KBDL-CMP-061, 086 through KBDL-CMP-098)",Missing,MISSING,MISSING
KBDL-CMP-061,Related decision,"Feedback components (KBDL-CMP-061, 086 through KBDL-CMP-098)",Exact per-ID mapping,Not applicable — pending a future decision-register entry once the project owner reviews the KBDL-008 decision packet.,Not applicable — pending a future decision-register entry once the project owner reviews the KBDL-008 decision packet.
KBDL-CMP-061,Notes or exclusions,"Feedback components (KBDL-CMP-061, 086 through KBDL-CMP-098)",Exact per-ID mapping,"`KBDL-CMP-089`, `091` map to [KBDL-008 decision packet](components-system.md#33-kbdl-008-decision-packet) items 9 and 10 respectively.","`KBDL-CMP-089`, `091` map to [KBDL-008 decision packet](components-system.md#33-kbdl-008-decision-packet) items 9 and 10 respectively."
KBDL-CMP-063,Blueprint section,"System-state, complex-presentation, and profile/security baselines (KBDL-CMP-063, 064, 066, 097, 099–111)",Exact per-ID mapping,"System-state architecture; Loading, Empty, No-Results, Error, Offline/Reconnecting, Permission Denied, Not Found, Maintenance/Degraded, System Status; complex-presentation architecture; Interactive Grid, Tree/Treegrid, Carousel, Data Visualization; responsive transformation policy; security/privacy and profile-compatibility baselines","System-state architecture; Loading, Empty, No-Results, Error, Offline/Reconnecting, Permission Denied, Not Found, Maintenance/Degraded, System Status; complex-presentation architecture; Interactive Grid, Tree/Treegrid, Carousel, Data Visualization; responsive transformation policy; security/privacy and profile-compatibility baselines"
KBDL-CMP-063,Roadmap prompt,"System-state, complex-presentation, and profile/security baselines (KBDL-CMP-063, 064, 066, 097, 099–111)",Exact per-ID mapping,KBDL-008,KBDL-008
KBDL-CMP-063,Specification location,"System-state, complex-presentation, and profile/security baselines (KBDL-CMP-063, 064, 066, 097, 099–111)",Exact per-ID mapping,"[components-system.md §15–§19, §23, §24](components-system.md#15-system-state-architecture)","[components-system.md §15–§19, §23, §24](components-system.md#15-system-state-architecture)"
KBDL-CMP-063,Lifecycle status,"System-state, complex-presentation, and profile/security baselines (KBDL-CMP-063, 064, 066, 097, 099–111)",Missing,MISSING,MISSING
KBDL-CMP-063,Provenance,"System-state, complex-presentation, and profile/security baselines (KBDL-CMP-063, 064, 066, 097, 099–111)",Exact per-ID mapping,"Confirmed for `KBDL-CMP-063`, `064`, `066`, `097`, `100`, `101`, `103`, `104`, `107`, `109`; Assumed for `KBDL-CMP-099`, `102`, `105`, `106`, `108`, `110`, `111`.","Confirmed for `KBDL-CMP-063`, `064`, `066`, `097`, `100`, `101`, `103`, `104`, `107`, `109`; Assumed for `KBDL-CMP-099`, `102`, `105`, `106`, `108`, `110`, `111`."
KBDL-CMP-063,Validation classification,"System-state, complex-presentation, and profile/security baselines (KBDL-CMP-063, 064, 066, 097, 099–111)",Exact per-ID mapping,"Not verified: KBDL-CMP-063, KBDL-CMP-064, KBDL-CMP-066, KBDL-CMP-097, KBDL-CMP-100, KBDL-CMP-101, KBDL-CMP-103, KBDL-CMP-104, KBDL-CMP-107, KBDL-CMP-109; Not applicable: KBDL-CMP-099, KBDL-CMP-102, KBDL-CMP-105, KBDL-CMP-106, KBDL-CMP-108, KBDL-CMP-110, KBDL-CMP-111","Not verified: KBDL-CMP-063, KBDL-CMP-064, KBDL-CMP-066, KBDL-CMP-097, KBDL-CMP-100, KBDL-CMP-101, KBDL-CMP-103, KBDL-CMP-104, KBDL-CMP-107, KBDL-CMP-109; Not applicable: KBDL-CMP-099, KBDL-CMP-102, KBDL-CMP-105, KBDL-CMP-106, KBDL-CMP-108, KBDL-CMP-110, KBDL-CMP-111"
KBDL-CMP-063,Authority,"System-state, complex-presentation, and profile/security baselines (KBDL-CMP-063, 064, 066, 097, 099–111)",Missing,MISSING,MISSING
KBDL-CMP-063,Validation method,"System-state, complex-presentation, and profile/security baselines (KBDL-CMP-063, 064, 066, 097, 099–111)",Exact per-ID mapping,Manual review once implemented; project-owner review of the Recommended subset (not yet performed).,Manual review once implemented; project-owner review of the Recommended subset (not yet performed).
KBDL-CMP-063,Validation evidence,"System-state, complex-presentation, and profile/security baselines (KBDL-CMP-063, 064, 066, 097, 099–111)",Exact per-ID mapping,Not verified — no implementation exists yet.,Not verified — no implementation exists yet.
KBDL-CMP-063,Known limitation,"System-state, complex-presentation, and profile/security baselines (KBDL-CMP-063, 064, 066, 097, 099–111)",Exact per-ID mapping,`KBDL-CMP-105` additionally cites the unapproved `KBDL-RSP-011` as related context; `KBDL-CMP-111` additionally depends on the eventual `KBDL-RSP-002` value for its exact trigger point.,`KBDL-CMP-105` additionally cites the unapproved `KBDL-RSP-011` as related context; `KBDL-CMP-111` additionally depends on the eventual `KBDL-RSP-002` value for its exact trigger point.
KBDL-CMP-063,Packet or tracking destination,"System-state, complex-presentation, and profile/security baselines (KBDL-CMP-063, 064, 066, 097, 099–111)",Missing,MISSING,MISSING
KBDL-CMP-063,Pending dependencies,"System-state, complex-presentation, and profile/security baselines (KBDL-CMP-063, 064, 066, 097, 099–111)",Missing,MISSING,MISSING
KBDL-CMP-063,Related decision,"System-state, complex-presentation, and profile/security baselines (KBDL-CMP-063, 064, 066, 097, 099–111)",Exact per-ID mapping,Not applicable — pending a future decision-register entry once the project owner reviews the KBDL-008 decision packet.,Not applicable — pending a future decision-register entry once the project owner reviews the KBDL-008 decision packet.
KBDL-CMP-063,Notes or exclusions,"System-state, complex-presentation, and profile/security baselines (KBDL-CMP-063, 064, 066, 097, 099–111)",Exact per-ID mapping,"`KBDL-CMP-099`, `102`, `105`, `106`, `108`, `110`, `111` map to [KBDL-008 decision packet](components-system.md#33-kbdl-008-decision-packet) items 11, 12, 13, 14, 15, 16, and 17 respectively. ## KBDL-009 — Project Profiles The rows below trace KBDL-009's scope, defined in [profiles.md](profiles.md). Full per-requirement detail (rationale, validation method, decision-packet mapping) lives in that document; these rows summarize status for cross-module lookup.","`KBDL-CMP-099`, `102`, `105`, `106`, `108`, `110`, `111` map to [KBDL-008 decision packet](components-system.md#33-kbdl-008-decision-packet) items 11, 12, 13, 14, 15, 16, and 17 respectively. ## KBDL-009 — Project Profiles The rows below trace KBDL-009's scope, defined in [profiles.md](profiles.md). Full per-requirement detail (rationale, validation method, decision-packet mapping) lives in that document; these rows summarize status for cross-module lookup."
KBDL-PRO-001,Blueprint section,"Shared architecture, terminology, and governance (KBDL-PRO-001 through KBDL-PRO-009)",Exact per-ID mapping,Profile architecture; terminology; locked/controlled/open classification; profile selection and declaration,Profile architecture; terminology; locked/controlled/open classification; profile selection and declaration
KBDL-PRO-001,Roadmap prompt,"Shared architecture, terminology, and governance (KBDL-PRO-001 through KBDL-PRO-009)",Exact per-ID mapping,KBDL-009,KBDL-009
KBDL-PRO-001,Specification location,"Shared architecture, terminology, and governance (KBDL-PRO-001 through KBDL-PRO-009)",Missing,MISSING,MISSING
KBDL-PRO-001,Lifecycle status,"Shared architecture, terminology, and governance (KBDL-PRO-001 through KBDL-PRO-009)",Missing,MISSING,MISSING
KBDL-PRO-001,Provenance,"Shared architecture, terminology, and governance (KBDL-PRO-001 through KBDL-PRO-009)",Exact per-ID mapping,Confirmed for `KBDL-PRO-001`–`008`; Assumed for `KBDL-PRO-009`.,Confirmed for `KBDL-PRO-001`–`008`; Assumed for `KBDL-PRO-009`.
KBDL-PRO-001,Validation classification,"Shared architecture, terminology, and governance (KBDL-PRO-001 through KBDL-PRO-009)",Exact per-ID mapping,"Not verified: KBDL-PRO-001, KBDL-PRO-002, KBDL-PRO-003, KBDL-PRO-004, KBDL-PRO-005; Not applicable: KBDL-PRO-006, KBDL-PRO-007, KBDL-PRO-008, KBDL-PRO-009","Not verified: KBDL-PRO-001, KBDL-PRO-002, KBDL-PRO-003, KBDL-PRO-004, KBDL-PRO-005; Not applicable: KBDL-PRO-006, KBDL-PRO-007, KBDL-PRO-008, KBDL-PRO-009"
KBDL-PRO-001,Authority,"Shared architecture, terminology, and governance (KBDL-PRO-001 through KBDL-PRO-009)",Exact per-ID mapping,`KBDL-PRO-001`–`008`: prior-Approved KBDL requirements and/or explicit mandatory clauses of the approved KBDL-009 prompt (see each ID's own record for the exact split). `KBDL-PRO-009`: not applicable — pending explicit project-owner approval; assignment of a PRO ID does not grant implementation authority.,`KBDL-PRO-001`–`008`: prior-Approved KBDL requirements and/or explicit mandatory clauses of the approved KBDL-009 prompt (see each ID's own record for the exact split). `KBDL-PRO-009`: not applicable — pending explicit project-owner approval; assignment of a PRO ID does not grant implementation authority.
KBDL-PRO-001,Validation method,"Shared architecture, terminology, and governance (KBDL-PRO-001 through KBDL-PRO-009)",Exact per-ID mapping,Manual cross-module architecture review once implemented; project-owner review of `KBDL-PRO-009` (not yet performed).,Manual cross-module architecture review once implemented; project-owner review of `KBDL-PRO-009` (not yet performed).
KBDL-PRO-001,Validation evidence,"Shared architecture, terminology, and governance (KBDL-PRO-001 through KBDL-PRO-009)",Exact per-ID mapping,Not verified — no implementation exists yet.,Not verified — no implementation exists yet.
KBDL-PRO-001,Known limitation,"Shared architecture, terminology, and governance (KBDL-PRO-001 through KBDL-PRO-009)",Exact per-ID mapping,"`KBDL-PRO-001`–`008`: implementation-dependent, not yet verified. `KBDL-PRO-009`: Recommended, grants no implementation authority pending project-owner review.","`KBDL-PRO-001`–`008`: implementation-dependent, not yet verified. `KBDL-PRO-009`: Recommended, grants no implementation authority pending project-owner review."
KBDL-PRO-001,Packet or tracking destination,"Shared architecture, terminology, and governance (KBDL-PRO-001 through KBDL-PRO-009)",Exact per-ID mapping,`KBDL-PRO-001`–`008`: None — Approved requirement; not awaiting packet approval. `KBDL-PRO-009`: Approval-ready item 1.,`KBDL-PRO-001`–`008`: None — Approved requirement; not awaiting packet approval. `KBDL-PRO-009`: Approval-ready item 1.
KBDL-PRO-001,Pending dependencies,"Shared architecture, terminology, and governance (KBDL-PRO-001 through KBDL-PRO-009)",Exact per-ID mapping,`KBDL-PRO-001`–`008`: none. `KBDL-PRO-009`: no blocking dependency (independently approval-ready).,`KBDL-PRO-001`–`008`: none. `KBDL-PRO-009`: no blocking dependency (independently approval-ready).
KBDL-PRO-001,Related decision,"Shared architecture, terminology, and governance (KBDL-PRO-001 through KBDL-PRO-009)",Exact per-ID mapping,Not applicable — pending a future decision-register entry once the project owner reviews the KBDL-009 decision packet.,Not applicable — pending a future decision-register entry once the project owner reviews the KBDL-009 decision packet.
KBDL-PRO-001,Notes or exclusions,"Shared architecture, terminology, and governance (KBDL-PRO-001 through KBDL-PRO-009)",Exact per-ID mapping,`KBDL-PRO-009` maps to [KBDL-009 decision packet](profiles.md#33-kbdl-009-decision-packet) item 1.,`KBDL-PRO-009` maps to [KBDL-009 decision packet](profiles.md#33-kbdl-009-decision-packet) item 1.
KBDL-PRO-010,Blueprint section,"Showcase, Precision, and Flow profile definitions (KBDL-PRO-010 through KBDL-PRO-018)",Exact per-ID mapping,Showcase Profile; Precision Profile; Flow Profile; component interpretation per profile,Showcase Profile; Precision Profile; Flow Profile; component interpretation per profile
KBDL-PRO-010,Roadmap prompt,"Showcase, Precision, and Flow profile definitions (KBDL-PRO-010 through KBDL-PRO-018)",Exact per-ID mapping,KBDL-009,KBDL-009
KBDL-PRO-010,Specification location,"Showcase, Precision, and Flow profile definitions (KBDL-PRO-010 through KBDL-PRO-018)",Missing,MISSING,MISSING
KBDL-PRO-010,Lifecycle status,"Showcase, Precision, and Flow profile definitions (KBDL-PRO-010 through KBDL-PRO-018)",Missing,MISSING,MISSING
KBDL-PRO-010,Provenance,"Showcase, Precision, and Flow profile definitions (KBDL-PRO-010 through KBDL-PRO-018)",Exact per-ID mapping,"Confirmed for `KBDL-PRO-010`–`015`; Assumed for `KBDL-PRO-016`, `017`, `018`.","Confirmed for `KBDL-PRO-010`–`015`; Assumed for `KBDL-PRO-016`, `017`, `018`."
KBDL-PRO-010,Validation classification,"Showcase, Precision, and Flow profile definitions (KBDL-PRO-010 through KBDL-PRO-018)",Exact per-ID mapping,"Not verified: KBDL-PRO-010, KBDL-PRO-011, KBDL-PRO-012, KBDL-PRO-013, KBDL-PRO-014, KBDL-PRO-015; Not applicable: KBDL-PRO-016, KBDL-PRO-017, KBDL-PRO-018","Not verified: KBDL-PRO-010, KBDL-PRO-011, KBDL-PRO-012, KBDL-PRO-013, KBDL-PRO-014, KBDL-PRO-015; Not applicable: KBDL-PRO-016, KBDL-PRO-017, KBDL-PRO-018"
KBDL-PRO-010,Authority,"Showcase, Precision, and Flow profile definitions (KBDL-PRO-010 through KBDL-PRO-018)",Exact per-ID mapping,"`KBDL-PRO-010`–`015`: prior-Approved KBDL requirements (see each ID's own record for the exact sources). `KBDL-PRO-016`, `017`, `018`: not applicable — pending explicit project-owner approval; assignment of a PRO ID does not grant implementation authority.","`KBDL-PRO-010`–`015`: prior-Approved KBDL requirements (see each ID's own record for the exact sources). `KBDL-PRO-016`, `017`, `018`: not applicable — pending explicit project-owner approval; assignment of a PRO ID does not grant implementation authority."
KBDL-PRO-010,Validation method,"Showcase, Precision, and Flow profile definitions (KBDL-PRO-010 through KBDL-PRO-018)",Exact per-ID mapping,Manual cross-module consistency review once implemented; project-owner review of `KBDL-PRO-016`/`017`/`018` (not yet performed).,Manual cross-module consistency review once implemented; project-owner review of `KBDL-PRO-016`/`017`/`018` (not yet performed).
KBDL-PRO-010,Validation evidence,"Showcase, Precision, and Flow profile definitions (KBDL-PRO-010 through KBDL-PRO-018)",Exact per-ID mapping,Not verified — no implementation exists yet.,Not verified — no implementation exists yet.
KBDL-PRO-010,Known limitation,"Showcase, Precision, and Flow profile definitions (KBDL-PRO-010 through KBDL-PRO-018)",Exact per-ID mapping,`KBDL-PRO-016` additionally depends on the unapproved KBDL-008 `KBDL-CMP-067`; `KBDL-PRO-018` additionally depends on the unapproved KBDL-007 `KBDL-CMP-015`/`036`.,`KBDL-PRO-016` additionally depends on the unapproved KBDL-008 `KBDL-CMP-067`; `KBDL-PRO-018` additionally depends on the unapproved KBDL-007 `KBDL-CMP-015`/`036`.
KBDL-PRO-010,Packet or tracking destination,"Showcase, Precision, and Flow profile definitions (KBDL-PRO-010 through KBDL-PRO-018)",Exact per-ID mapping,`KBDL-PRO-010`–`015`: None — Approved requirement; not awaiting packet approval. `KBDL-PRO-016`: Contingent — [§33.3](profiles.md#333-unresolved-or-not-approval-ready); not independently approval-ready. `KBDL-PRO-017`: Approval-ready item 2. `KBDL-PRO-018`: Contingent — [§33.3](profiles.md#333-unresolved-or-not-approval-ready); not independently approval-ready.,`KBDL-PRO-010`–`015`: None — Approved requirement; not awaiting packet approval. `KBDL-PRO-016`: Contingent — [§33.3](profiles.md#333-unresolved-or-not-approval-ready); not independently approval-ready. `KBDL-PRO-017`: Approval-ready item 2. `KBDL-PRO-018`: Contingent — [§33.3](profiles.md#333-unresolved-or-not-approval-ready); not independently approval-ready.
KBDL-PRO-010,Pending dependencies,"Showcase, Precision, and Flow profile definitions (KBDL-PRO-010 through KBDL-PRO-018)",Exact per-ID mapping,"`KBDL-PRO-010`–`015`: none. `KBDL-PRO-016`: blocked by `KBDL-CMP-067` (KBDL-008). `KBDL-PRO-017`: no blocking dependency; `KBDL-RSP-002` and `003` are cited as unapproved context only, not required for this item's own approval. `KBDL-PRO-018`: blocked by `KBDL-CMP-015` and `036` (KBDL-007).","`KBDL-PRO-010`–`015`: none. `KBDL-PRO-016`: blocked by `KBDL-CMP-067` (KBDL-008). `KBDL-PRO-017`: no blocking dependency; `KBDL-RSP-002` and `003` are cited as unapproved context only, not required for this item's own approval. `KBDL-PRO-018`: blocked by `KBDL-CMP-015` and `036` (KBDL-007)."
KBDL-PRO-010,Related decision,"Showcase, Precision, and Flow profile definitions (KBDL-PRO-010 through KBDL-PRO-018)",Exact per-ID mapping,Not applicable — pending a future decision-register entry once the project owner reviews the KBDL-009 decision packet.,Not applicable — pending a future decision-register entry once the project owner reviews the KBDL-009 decision packet.
KBDL-PRO-010,Notes or exclusions,"Showcase, Precision, and Flow profile definitions (KBDL-PRO-010 through KBDL-PRO-018)",Exact per-ID mapping,"`KBDL-PRO-017` maps to [KBDL-009 decision packet](profiles.md#33-kbdl-009-decision-packet) item 2 (independently approval-ready). `KBDL-PRO-016` and `018` map to the contingent items in [profiles.md §33.3](profiles.md#333-unresolved-or-not-approval-ready), not to any approval-ready item.","`KBDL-PRO-017` maps to [KBDL-009 decision packet](profiles.md#33-kbdl-009-decision-packet) item 2 (independently approval-ready). `KBDL-PRO-016` and `018` map to the contingent items in [profiles.md §33.3](profiles.md#333-unresolved-or-not-approval-ready), not to any approval-ready item."
KBDL-PRO-019,Blueprint section,"Mapping, content, security, conflict, and adoption requirements (KBDL-PRO-019 through KBDL-PRO-029)",Exact per-ID mapping,"Principles/core-component/system-component mapping; content and communication; security, privacy, and correctness; profile conflicts; profile adoption and change management","Principles/core-component/system-component mapping; content and communication; security, privacy, and correctness; profile conflicts; profile adoption and change management"
KBDL-PRO-019,Roadmap prompt,"Mapping, content, security, conflict, and adoption requirements (KBDL-PRO-019 through KBDL-PRO-029)",Exact per-ID mapping,KBDL-009,KBDL-009
KBDL-PRO-019,Specification location,"Mapping, content, security, conflict, and adoption requirements (KBDL-PRO-019 through KBDL-PRO-029)",Missing,MISSING,MISSING
KBDL-PRO-019,Lifecycle status,"Mapping, content, security, conflict, and adoption requirements (KBDL-PRO-019 through KBDL-PRO-029)",Missing,MISSING,MISSING
KBDL-PRO-019,Provenance,"Mapping, content, security, conflict, and adoption requirements (KBDL-PRO-019 through KBDL-PRO-029)",Exact per-ID mapping,"Confirmed for `KBDL-PRO-019`–`026`; Assumed for `KBDL-PRO-027`, `028`, `029`.","Confirmed for `KBDL-PRO-019`–`026`; Assumed for `KBDL-PRO-027`, `028`, `029`."
KBDL-PRO-019,Validation classification,"Mapping, content, security, conflict, and adoption requirements (KBDL-PRO-019 through KBDL-PRO-029)",Exact per-ID mapping,"Not verified: KBDL-PRO-019, KBDL-PRO-020, KBDL-PRO-021, KBDL-PRO-022, KBDL-PRO-023, KBDL-PRO-024; Not applicable: KBDL-PRO-025, KBDL-PRO-026, KBDL-PRO-027, KBDL-PRO-028, KBDL-PRO-029","Not verified: KBDL-PRO-019, KBDL-PRO-020, KBDL-PRO-021, KBDL-PRO-022, KBDL-PRO-023, KBDL-PRO-024; Not applicable: KBDL-PRO-025, KBDL-PRO-026, KBDL-PRO-027, KBDL-PRO-028, KBDL-PRO-029"
KBDL-PRO-019,Authority,"Mapping, content, security, conflict, and adoption requirements (KBDL-PRO-019 through KBDL-PRO-029)",Exact per-ID mapping,"`KBDL-PRO-019`–`026`: prior-Approved KBDL requirements and/or explicit mandatory clauses of the approved KBDL-009 prompt (see each ID's own record for the exact split). `KBDL-PRO-027`, `028`, `029`: not applicable — pending explicit project-owner approval; assignment of a PRO ID does not grant implementation authority.","`KBDL-PRO-019`–`026`: prior-Approved KBDL requirements and/or explicit mandatory clauses of the approved KBDL-009 prompt (see each ID's own record for the exact split). `KBDL-PRO-027`, `028`, `029`: not applicable — pending explicit project-owner approval; assignment of a PRO ID does not grant implementation authority."
KBDL-PRO-019,Validation method,"Mapping, content, security, conflict, and adoption requirements (KBDL-PRO-019 through KBDL-PRO-029)",Exact per-ID mapping,Manual review once implemented; project-owner review of `KBDL-PRO-027`/`028`/`029` (not yet performed).,Manual review once implemented; project-owner review of `KBDL-PRO-027`/`028`/`029` (not yet performed).
KBDL-PRO-019,Validation evidence,"Mapping, content, security, conflict, and adoption requirements (KBDL-PRO-019 through KBDL-PRO-029)",Exact per-ID mapping,Not verified — no implementation exists yet.,Not verified — no implementation exists yet.
KBDL-PRO-019,Known limitation,"Mapping, content, security, conflict, and adoption requirements (KBDL-PRO-019 through KBDL-PRO-029)",Exact per-ID mapping,"`KBDL-PRO-019`–`026`: implementation-dependent, not yet verified. `KBDL-PRO-027`, `029`: Recommended, grants no implementation authority pending project-owner review. `KBDL-PRO-028`: Recommended, grants no implementation authority pending project-owner review.","`KBDL-PRO-019`–`026`: implementation-dependent, not yet verified. `KBDL-PRO-027`, `029`: Recommended, grants no implementation authority pending project-owner review. `KBDL-PRO-028`: Recommended, grants no implementation authority pending project-owner review."
KBDL-PRO-019,Packet or tracking destination,"Mapping, content, security, conflict, and adoption requirements (KBDL-PRO-019 through KBDL-PRO-029)",Exact per-ID mapping,`KBDL-PRO-019`–`026`: None — Approved requirement; not awaiting packet approval. `KBDL-PRO-027`: Approval-ready item 3. `KBDL-PRO-028`: Approval-ready item 4. `KBDL-PRO-029`: Approval-ready item 5.,`KBDL-PRO-019`–`026`: None — Approved requirement; not awaiting packet approval. `KBDL-PRO-027`: Approval-ready item 3. `KBDL-PRO-028`: Approval-ready item 4. `KBDL-PRO-029`: Approval-ready item 5.
KBDL-PRO-019,Pending dependencies,"Mapping, content, security, conflict, and adoption requirements (KBDL-PRO-019 through KBDL-PRO-029)",Exact per-ID mapping,`KBDL-PRO-027`: no pending dependency (independently approval-ready). `KBDL-PRO-028`: no pending dependency (independently approval-ready). `KBDL-PRO-029`: no pending dependency (independently approval-ready). `KBDL-PRO-019`–`026`: none.,`KBDL-PRO-027`: no pending dependency (independently approval-ready). `KBDL-PRO-028`: no pending dependency (independently approval-ready). `KBDL-PRO-029`: no pending dependency (independently approval-ready). `KBDL-PRO-019`–`026`: none.
KBDL-PRO-019,Related decision,"Mapping, content, security, conflict, and adoption requirements (KBDL-PRO-019 through KBDL-PRO-029)",Exact per-ID mapping,Not applicable — pending a future decision-register entry once the project owner reviews the KBDL-009 decision packet.,Not applicable — pending a future decision-register entry once the project owner reviews the KBDL-009 decision packet.
KBDL-PRO-019,Notes or exclusions,"Mapping, content, security, conflict, and adoption requirements (KBDL-PRO-019 through KBDL-PRO-029)",Exact per-ID mapping,"`KBDL-PRO-027`, `028`, `029` map to [KBDL-009 decision packet](profiles.md#33-kbdl-009-decision-packet) approval-ready items 3, 4, and 5 respectively (not contingent; see [profiles.md §38](profiles.md#38-decision-packet-coverage-audit) for the full, corrected coverage audit). ## KBDL-010 — Manual Customization The entries below trace every KBDL-010 requirement to [customization.md](customization.md). Each ID appears exactly once.","`KBDL-PRO-027`, `028`, `029` map to [KBDL-009 decision packet](profiles.md#33-kbdl-009-decision-packet) approval-ready items 3, 4, and 5 respectively (not contingent; see [profiles.md §38](profiles.md#38-decision-packet-coverage-audit) for the full, corrected coverage audit). ## KBDL-010 — Manual Customization The entries below trace every KBDL-010 requirement to [customization.md](customization.md). Each ID appears exactly once."
KBDL-CUS-001,Blueprint section,"Authority, classification, workflow, and records (KBDL-CUS-001 through KBDL-CUS-012)",Uniform default,Manual/documented customization; authority; classification; workflow; intake; records; impact/evidence; review/rollback,Manual/documented customization; authority; classification; workflow; intake; records; impact/evidence; review/rollback
KBDL-CUS-002,Blueprint section,"Authority, classification, workflow, and records (KBDL-CUS-001 through KBDL-CUS-012)",Uniform default,Manual/documented customization; authority; classification; workflow; intake; records; impact/evidence; review/rollback,Manual/documented customization; authority; classification; workflow; intake; records; impact/evidence; review/rollback
KBDL-CUS-003,Blueprint section,"Authority, classification, workflow, and records (KBDL-CUS-001 through KBDL-CUS-012)",Uniform default,Manual/documented customization; authority; classification; workflow; intake; records; impact/evidence; review/rollback,Manual/documented customization; authority; classification; workflow; intake; records; impact/evidence; review/rollback
KBDL-CUS-004,Blueprint section,"Authority, classification, workflow, and records (KBDL-CUS-001 through KBDL-CUS-012)",Uniform default,Manual/documented customization; authority; classification; workflow; intake; records; impact/evidence; review/rollback,Manual/documented customization; authority; classification; workflow; intake; records; impact/evidence; review/rollback
KBDL-CUS-005,Blueprint section,"Authority, classification, workflow, and records (KBDL-CUS-001 through KBDL-CUS-012)",Uniform default,Manual/documented customization; authority; classification; workflow; intake; records; impact/evidence; review/rollback,Manual/documented customization; authority; classification; workflow; intake; records; impact/evidence; review/rollback
KBDL-CUS-006,Blueprint section,"Authority, classification, workflow, and records (KBDL-CUS-001 through KBDL-CUS-012)",Uniform default,Manual/documented customization; authority; classification; workflow; intake; records; impact/evidence; review/rollback,Manual/documented customization; authority; classification; workflow; intake; records; impact/evidence; review/rollback
KBDL-CUS-007,Blueprint section,"Authority, classification, workflow, and records (KBDL-CUS-001 through KBDL-CUS-012)",Uniform default,Manual/documented customization; authority; classification; workflow; intake; records; impact/evidence; review/rollback,Manual/documented customization; authority; classification; workflow; intake; records; impact/evidence; review/rollback
KBDL-CUS-008,Blueprint section,"Authority, classification, workflow, and records (KBDL-CUS-001 through KBDL-CUS-012)",Uniform default,Manual/documented customization; authority; classification; workflow; intake; records; impact/evidence; review/rollback,Manual/documented customization; authority; classification; workflow; intake; records; impact/evidence; review/rollback
KBDL-CUS-009,Blueprint section,"Authority, classification, workflow, and records (KBDL-CUS-001 through KBDL-CUS-012)",Uniform default,Manual/documented customization; authority; classification; workflow; intake; records; impact/evidence; review/rollback,Manual/documented customization; authority; classification; workflow; intake; records; impact/evidence; review/rollback
KBDL-CUS-010,Blueprint section,"Authority, classification, workflow, and records (KBDL-CUS-001 through KBDL-CUS-012)",Uniform default,Manual/documented customization; authority; classification; workflow; intake; records; impact/evidence; review/rollback,Manual/documented customization; authority; classification; workflow; intake; records; impact/evidence; review/rollback
KBDL-CUS-011,Blueprint section,"Authority, classification, workflow, and records (KBDL-CUS-001 through KBDL-CUS-012)",Uniform default,Manual/documented customization; authority; classification; workflow; intake; records; impact/evidence; review/rollback,Manual/documented customization; authority; classification; workflow; intake; records; impact/evidence; review/rollback
KBDL-CUS-012,Blueprint section,"Authority, classification, workflow, and records (KBDL-CUS-001 through KBDL-CUS-012)",Uniform default,Manual/documented customization; authority; classification; workflow; intake; records; impact/evidence; review/rollback,Manual/documented customization; authority; classification; workflow; intake; records; impact/evidence; review/rollback
KBDL-CUS-001,Roadmap prompt,"Authority, classification, workflow, and records (KBDL-CUS-001 through KBDL-CUS-012)",Uniform default,KBDL-010,KBDL-010
KBDL-CUS-002,Roadmap prompt,"Authority, classification, workflow, and records (KBDL-CUS-001 through KBDL-CUS-012)",Uniform default,KBDL-010,KBDL-010
KBDL-CUS-003,Roadmap prompt,"Authority, classification, workflow, and records (KBDL-CUS-001 through KBDL-CUS-012)",Uniform default,KBDL-010,KBDL-010
KBDL-CUS-004,Roadmap prompt,"Authority, classification, workflow, and records (KBDL-CUS-001 through KBDL-CUS-012)",Uniform default,KBDL-010,KBDL-010
KBDL-CUS-005,Roadmap prompt,"Authority, classification, workflow, and records (KBDL-CUS-001 through KBDL-CUS-012)",Uniform default,KBDL-010,KBDL-010
KBDL-CUS-006,Roadmap prompt,"Authority, classification, workflow, and records (KBDL-CUS-001 through KBDL-CUS-012)",Uniform default,KBDL-010,KBDL-010
KBDL-CUS-007,Roadmap prompt,"Authority, classification, workflow, and records (KBDL-CUS-001 through KBDL-CUS-012)",Uniform default,KBDL-010,KBDL-010
KBDL-CUS-008,Roadmap prompt,"Authority, classification, workflow, and records (KBDL-CUS-001 through KBDL-CUS-012)",Uniform default,KBDL-010,KBDL-010
KBDL-CUS-009,Roadmap prompt,"Authority, classification, workflow, and records (KBDL-CUS-001 through KBDL-CUS-012)",Uniform default,KBDL-010,KBDL-010
KBDL-CUS-010,Roadmap prompt,"Authority, classification, workflow, and records (KBDL-CUS-001 through KBDL-CUS-012)",Uniform default,KBDL-010,KBDL-010
KBDL-CUS-011,Roadmap prompt,"Authority, classification, workflow, and records (KBDL-CUS-001 through KBDL-CUS-012)",Uniform default,KBDL-010,KBDL-010
KBDL-CUS-012,Roadmap prompt,"Authority, classification, workflow, and records (KBDL-CUS-001 through KBDL-CUS-012)",Uniform default,KBDL-010,KBDL-010
KBDL-CUS-001,Specification location,"Authority, classification, workflow, and records (KBDL-CUS-001 through KBDL-CUS-012)",Missing,MISSING,MISSING
KBDL-CUS-002,Specification location,"Authority, classification, workflow, and records (KBDL-CUS-001 through KBDL-CUS-012)",Missing,MISSING,MISSING
KBDL-CUS-003,Specification location,"Authority, classification, workflow, and records (KBDL-CUS-001 through KBDL-CUS-012)",Missing,MISSING,MISSING
KBDL-CUS-004,Specification location,"Authority, classification, workflow, and records (KBDL-CUS-001 through KBDL-CUS-012)",Missing,MISSING,MISSING
KBDL-CUS-005,Specification location,"Authority, classification, workflow, and records (KBDL-CUS-001 through KBDL-CUS-012)",Missing,MISSING,MISSING
KBDL-CUS-006,Specification location,"Authority, classification, workflow, and records (KBDL-CUS-001 through KBDL-CUS-012)",Missing,MISSING,MISSING
KBDL-CUS-007,Specification location,"Authority, classification, workflow, and records (KBDL-CUS-001 through KBDL-CUS-012)",Missing,MISSING,MISSING
KBDL-CUS-008,Specification location,"Authority, classification, workflow, and records (KBDL-CUS-001 through KBDL-CUS-012)",Missing,MISSING,MISSING
KBDL-CUS-009,Specification location,"Authority, classification, workflow, and records (KBDL-CUS-001 through KBDL-CUS-012)",Missing,MISSING,MISSING
KBDL-CUS-010,Specification location,"Authority, classification, workflow, and records (KBDL-CUS-001 through KBDL-CUS-012)",Missing,MISSING,MISSING
KBDL-CUS-011,Specification location,"Authority, classification, workflow, and records (KBDL-CUS-001 through KBDL-CUS-012)",Missing,MISSING,MISSING
KBDL-CUS-012,Specification location,"Authority, classification, workflow, and records (KBDL-CUS-001 through KBDL-CUS-012)",Missing,MISSING,MISSING
KBDL-CUS-001,Lifecycle status,"Authority, classification, workflow, and records (KBDL-CUS-001 through KBDL-CUS-012)",Uniform default,All Approved.,All Approved.
KBDL-CUS-002,Lifecycle status,"Authority, classification, workflow, and records (KBDL-CUS-001 through KBDL-CUS-012)",Uniform default,All Approved.,All Approved.
KBDL-CUS-003,Lifecycle status,"Authority, classification, workflow, and records (KBDL-CUS-001 through KBDL-CUS-012)",Uniform default,All Approved.,All Approved.
KBDL-CUS-004,Lifecycle status,"Authority, classification, workflow, and records (KBDL-CUS-001 through KBDL-CUS-012)",Uniform default,All Approved.,All Approved.
KBDL-CUS-005,Lifecycle status,"Authority, classification, workflow, and records (KBDL-CUS-001 through KBDL-CUS-012)",Uniform default,All Approved.,All Approved.
KBDL-CUS-006,Lifecycle status,"Authority, classification, workflow, and records (KBDL-CUS-001 through KBDL-CUS-012)",Uniform default,All Approved.,All Approved.
KBDL-CUS-007,Lifecycle status,"Authority, classification, workflow, and records (KBDL-CUS-001 through KBDL-CUS-012)",Uniform default,All Approved.,All Approved.
KBDL-CUS-008,Lifecycle status,"Authority, classification, workflow, and records (KBDL-CUS-001 through KBDL-CUS-012)",Uniform default,All Approved.,All Approved.
KBDL-CUS-009,Lifecycle status,"Authority, classification, workflow, and records (KBDL-CUS-001 through KBDL-CUS-012)",Uniform default,All Approved.,All Approved.
KBDL-CUS-010,Lifecycle status,"Authority, classification, workflow, and records (KBDL-CUS-001 through KBDL-CUS-012)",Uniform default,All Approved.,All Approved.
KBDL-CUS-011,Lifecycle status,"Authority, classification, workflow, and records (KBDL-CUS-001 through KBDL-CUS-012)",Uniform default,All Approved.,All Approved.
KBDL-CUS-012,Lifecycle status,"Authority, classification, workflow, and records (KBDL-CUS-001 through KBDL-CUS-012)",Uniform default,All Approved.,All Approved.
KBDL-CUS-001,Provenance,"Authority, classification, workflow, and records (KBDL-CUS-001 through KBDL-CUS-012)",Uniform default,All Confirmed.,All Confirmed.
KBDL-CUS-002,Provenance,"Authority, classification, workflow, and records (KBDL-CUS-001 through KBDL-CUS-012)",Uniform default,All Confirmed.,All Confirmed.
KBDL-CUS-003,Provenance,"Authority, classification, workflow, and records (KBDL-CUS-001 through KBDL-CUS-012)",Uniform default,All Confirmed.,All Confirmed.
KBDL-CUS-004,Provenance,"Authority, classification, workflow, and records (KBDL-CUS-001 through KBDL-CUS-012)",Uniform default,All Confirmed.,All Confirmed.
KBDL-CUS-005,Provenance,"Authority, classification, workflow, and records (KBDL-CUS-001 through KBDL-CUS-012)",Uniform default,All Confirmed.,All Confirmed.
KBDL-CUS-006,Provenance,"Authority, classification, workflow, and records (KBDL-CUS-001 through KBDL-CUS-012)",Uniform default,All Confirmed.,All Confirmed.
KBDL-CUS-007,Provenance,"Authority, classification, workflow, and records (KBDL-CUS-001 through KBDL-CUS-012)",Uniform default,All Confirmed.,All Confirmed.
KBDL-CUS-008,Provenance,"Authority, classification, workflow, and records (KBDL-CUS-001 through KBDL-CUS-012)",Uniform default,All Confirmed.,All Confirmed.
KBDL-CUS-009,Provenance,"Authority, classification, workflow, and records (KBDL-CUS-001 through KBDL-CUS-012)",Uniform default,All Confirmed.,All Confirmed.
KBDL-CUS-010,Provenance,"Authority, classification, workflow, and records (KBDL-CUS-001 through KBDL-CUS-012)",Uniform default,All Confirmed.,All Confirmed.
KBDL-CUS-011,Provenance,"Authority, classification, workflow, and records (KBDL-CUS-001 through KBDL-CUS-012)",Uniform default,All Confirmed.,All Confirmed.
KBDL-CUS-012,Provenance,"Authority, classification, workflow, and records (KBDL-CUS-001 through KBDL-CUS-012)",Uniform default,All Confirmed.,All Confirmed.
KBDL-CUS-001,Validation classification,"Authority, classification, workflow, and records (KBDL-CUS-001 through KBDL-CUS-012)",Uniform default,Not verified,Not verified
KBDL-CUS-002,Validation classification,"Authority, classification, workflow, and records (KBDL-CUS-001 through KBDL-CUS-012)",Uniform default,Not verified,Not verified
KBDL-CUS-003,Validation classification,"Authority, classification, workflow, and records (KBDL-CUS-001 through KBDL-CUS-012)",Uniform default,Not verified,Not verified
KBDL-CUS-004,Validation classification,"Authority, classification, workflow, and records (KBDL-CUS-001 through KBDL-CUS-012)",Uniform default,Not verified,Not verified
KBDL-CUS-005,Validation classification,"Authority, classification, workflow, and records (KBDL-CUS-001 through KBDL-CUS-012)",Uniform default,Not verified,Not verified
KBDL-CUS-006,Validation classification,"Authority, classification, workflow, and records (KBDL-CUS-001 through KBDL-CUS-012)",Uniform default,Not verified,Not verified
KBDL-CUS-007,Validation classification,"Authority, classification, workflow, and records (KBDL-CUS-001 through KBDL-CUS-012)",Uniform default,Not verified,Not verified
KBDL-CUS-008,Validation classification,"Authority, classification, workflow, and records (KBDL-CUS-001 through KBDL-CUS-012)",Uniform default,Not verified,Not verified
KBDL-CUS-009,Validation classification,"Authority, classification, workflow, and records (KBDL-CUS-001 through KBDL-CUS-012)",Uniform default,Not verified,Not verified
KBDL-CUS-010,Validation classification,"Authority, classification, workflow, and records (KBDL-CUS-001 through KBDL-CUS-012)",Uniform default,Not verified,Not verified
KBDL-CUS-011,Validation classification,"Authority, classification, workflow, and records (KBDL-CUS-001 through KBDL-CUS-012)",Uniform default,Not verified,Not verified
KBDL-CUS-012,Validation classification,"Authority, classification, workflow, and records (KBDL-CUS-001 through KBDL-CUS-012)",Uniform default,Not verified,Not verified
KBDL-CUS-001,Authority,"Authority, classification, workflow, and records (KBDL-CUS-001 through KBDL-CUS-012)",Uniform default,Per-ID prior Approved governance/principle/profile sources and/or explicit mandatory KBDL-010 prompt clauses; exact source appears in each normative record.,Per-ID prior Approved governance/principle/profile sources and/or explicit mandatory KBDL-010 prompt clauses; exact source appears in each normative record.
KBDL-CUS-002,Authority,"Authority, classification, workflow, and records (KBDL-CUS-001 through KBDL-CUS-012)",Uniform default,Per-ID prior Approved governance/principle/profile sources and/or explicit mandatory KBDL-010 prompt clauses; exact source appears in each normative record.,Per-ID prior Approved governance/principle/profile sources and/or explicit mandatory KBDL-010 prompt clauses; exact source appears in each normative record.
KBDL-CUS-003,Authority,"Authority, classification, workflow, and records (KBDL-CUS-001 through KBDL-CUS-012)",Uniform default,Per-ID prior Approved governance/principle/profile sources and/or explicit mandatory KBDL-010 prompt clauses; exact source appears in each normative record.,Per-ID prior Approved governance/principle/profile sources and/or explicit mandatory KBDL-010 prompt clauses; exact source appears in each normative record.
KBDL-CUS-004,Authority,"Authority, classification, workflow, and records (KBDL-CUS-001 through KBDL-CUS-012)",Uniform default,Per-ID prior Approved governance/principle/profile sources and/or explicit mandatory KBDL-010 prompt clauses; exact source appears in each normative record.,Per-ID prior Approved governance/principle/profile sources and/or explicit mandatory KBDL-010 prompt clauses; exact source appears in each normative record.
KBDL-CUS-005,Authority,"Authority, classification, workflow, and records (KBDL-CUS-001 through KBDL-CUS-012)",Uniform default,Per-ID prior Approved governance/principle/profile sources and/or explicit mandatory KBDL-010 prompt clauses; exact source appears in each normative record.,Per-ID prior Approved governance/principle/profile sources and/or explicit mandatory KBDL-010 prompt clauses; exact source appears in each normative record.
KBDL-CUS-006,Authority,"Authority, classification, workflow, and records (KBDL-CUS-001 through KBDL-CUS-012)",Uniform default,Per-ID prior Approved governance/principle/profile sources and/or explicit mandatory KBDL-010 prompt clauses; exact source appears in each normative record.,Per-ID prior Approved governance/principle/profile sources and/or explicit mandatory KBDL-010 prompt clauses; exact source appears in each normative record.
KBDL-CUS-007,Authority,"Authority, classification, workflow, and records (KBDL-CUS-001 through KBDL-CUS-012)",Uniform default,Per-ID prior Approved governance/principle/profile sources and/or explicit mandatory KBDL-010 prompt clauses; exact source appears in each normative record.,Per-ID prior Approved governance/principle/profile sources and/or explicit mandatory KBDL-010 prompt clauses; exact source appears in each normative record.
KBDL-CUS-008,Authority,"Authority, classification, workflow, and records (KBDL-CUS-001 through KBDL-CUS-012)",Uniform default,Per-ID prior Approved governance/principle/profile sources and/or explicit mandatory KBDL-010 prompt clauses; exact source appears in each normative record.,Per-ID prior Approved governance/principle/profile sources and/or explicit mandatory KBDL-010 prompt clauses; exact source appears in each normative record.
KBDL-CUS-009,Authority,"Authority, classification, workflow, and records (KBDL-CUS-001 through KBDL-CUS-012)",Uniform default,Per-ID prior Approved governance/principle/profile sources and/or explicit mandatory KBDL-010 prompt clauses; exact source appears in each normative record.,Per-ID prior Approved governance/principle/profile sources and/or explicit mandatory KBDL-010 prompt clauses; exact source appears in each normative record.
KBDL-CUS-010,Authority,"Authority, classification, workflow, and records (KBDL-CUS-001 through KBDL-CUS-012)",Uniform default,Per-ID prior Approved governance/principle/profile sources and/or explicit mandatory KBDL-010 prompt clauses; exact source appears in each normative record.,Per-ID prior Approved governance/principle/profile sources and/or explicit mandatory KBDL-010 prompt clauses; exact source appears in each normative record.
KBDL-CUS-011,Authority,"Authority, classification, workflow, and records (KBDL-CUS-001 through KBDL-CUS-012)",Uniform default,Per-ID prior Approved governance/principle/profile sources and/or explicit mandatory KBDL-010 prompt clauses; exact source appears in each normative record.,Per-ID prior Approved governance/principle/profile sources and/or explicit mandatory KBDL-010 prompt clauses; exact source appears in each normative record.
KBDL-CUS-012,Authority,"Authority, classification, workflow, and records (KBDL-CUS-001 through KBDL-CUS-012)",Uniform default,Per-ID prior Approved governance/principle/profile sources and/or explicit mandatory KBDL-010 prompt clauses; exact source appears in each normative record.,Per-ID prior Approved governance/principle/profile sources and/or explicit mandatory KBDL-010 prompt clauses; exact source appears in each normative record.
KBDL-CUS-001,Validation method,"Authority, classification, workflow, and records (KBDL-CUS-001 through KBDL-CUS-012)",Non-overriding summary,"Per-ID record, authority, classification, workflow, field, impact, proposal, exception, history, or rollback audit; evidence Not verified because no project customization exists.","Per-ID record, authority, classification, workflow, field, impact, proposal, exception, history, or rollback audit; evidence Not verified because no project customization exists."
KBDL-CUS-002,Validation method,"Authority, classification, workflow, and records (KBDL-CUS-001 through KBDL-CUS-012)",Non-overriding summary,"Per-ID record, authority, classification, workflow, field, impact, proposal, exception, history, or rollback audit; evidence Not verified because no project customization exists.","Per-ID record, authority, classification, workflow, field, impact, proposal, exception, history, or rollback audit; evidence Not verified because no project customization exists."
KBDL-CUS-003,Validation method,"Authority, classification, workflow, and records (KBDL-CUS-001 through KBDL-CUS-012)",Non-overriding summary,"Per-ID record, authority, classification, workflow, field, impact, proposal, exception, history, or rollback audit; evidence Not verified because no project customization exists.","Per-ID record, authority, classification, workflow, field, impact, proposal, exception, history, or rollback audit; evidence Not verified because no project customization exists."
KBDL-CUS-004,Validation method,"Authority, classification, workflow, and records (KBDL-CUS-001 through KBDL-CUS-012)",Non-overriding summary,"Per-ID record, authority, classification, workflow, field, impact, proposal, exception, history, or rollback audit; evidence Not verified because no project customization exists.","Per-ID record, authority, classification, workflow, field, impact, proposal, exception, history, or rollback audit; evidence Not verified because no project customization exists."
KBDL-CUS-005,Validation method,"Authority, classification, workflow, and records (KBDL-CUS-001 through KBDL-CUS-012)",Non-overriding summary,"Per-ID record, authority, classification, workflow, field, impact, proposal, exception, history, or rollback audit; evidence Not verified because no project customization exists.","Per-ID record, authority, classification, workflow, field, impact, proposal, exception, history, or rollback audit; evidence Not verified because no project customization exists."
KBDL-CUS-006,Validation method,"Authority, classification, workflow, and records (KBDL-CUS-001 through KBDL-CUS-012)",Non-overriding summary,"Per-ID record, authority, classification, workflow, field, impact, proposal, exception, history, or rollback audit; evidence Not verified because no project customization exists.","Per-ID record, authority, classification, workflow, field, impact, proposal, exception, history, or rollback audit; evidence Not verified because no project customization exists."
KBDL-CUS-007,Validation method,"Authority, classification, workflow, and records (KBDL-CUS-001 through KBDL-CUS-012)",Non-overriding summary,"Per-ID record, authority, classification, workflow, field, impact, proposal, exception, history, or rollback audit; evidence Not verified because no project customization exists.","Per-ID record, authority, classification, workflow, field, impact, proposal, exception, history, or rollback audit; evidence Not verified because no project customization exists."
KBDL-CUS-008,Validation method,"Authority, classification, workflow, and records (KBDL-CUS-001 through KBDL-CUS-012)",Non-overriding summary,"Per-ID record, authority, classification, workflow, field, impact, proposal, exception, history, or rollback audit; evidence Not verified because no project customization exists.","Per-ID record, authority, classification, workflow, field, impact, proposal, exception, history, or rollback audit; evidence Not verified because no project customization exists."
KBDL-CUS-009,Validation method,"Authority, classification, workflow, and records (KBDL-CUS-001 through KBDL-CUS-012)",Non-overriding summary,"Per-ID record, authority, classification, workflow, field, impact, proposal, exception, history, or rollback audit; evidence Not verified because no project customization exists.","Per-ID record, authority, classification, workflow, field, impact, proposal, exception, history, or rollback audit; evidence Not verified because no project customization exists."
KBDL-CUS-010,Validation method,"Authority, classification, workflow, and records (KBDL-CUS-001 through KBDL-CUS-012)",Non-overriding summary,"Per-ID record, authority, classification, workflow, field, impact, proposal, exception, history, or rollback audit; evidence Not verified because no project customization exists.","Per-ID record, authority, classification, workflow, field, impact, proposal, exception, history, or rollback audit; evidence Not verified because no project customization exists."
KBDL-CUS-011,Validation method,"Authority, classification, workflow, and records (KBDL-CUS-001 through KBDL-CUS-012)",Non-overriding summary,"Per-ID record, authority, classification, workflow, field, impact, proposal, exception, history, or rollback audit; evidence Not verified because no project customization exists.","Per-ID record, authority, classification, workflow, field, impact, proposal, exception, history, or rollback audit; evidence Not verified because no project customization exists."
KBDL-CUS-012,Validation method,"Authority, classification, workflow, and records (KBDL-CUS-001 through KBDL-CUS-012)",Non-overriding summary,"Per-ID record, authority, classification, workflow, field, impact, proposal, exception, history, or rollback audit; evidence Not verified because no project customization exists.","Per-ID record, authority, classification, workflow, field, impact, proposal, exception, history, or rollback audit; evidence Not verified because no project customization exists."
KBDL-CUS-001,Validation evidence,"Authority, classification, workflow, and records (KBDL-CUS-001 through KBDL-CUS-012)",Missing,MISSING,MISSING
KBDL-CUS-002,Validation evidence,"Authority, classification, workflow, and records (KBDL-CUS-001 through KBDL-CUS-012)",Missing,MISSING,MISSING
KBDL-CUS-003,Validation evidence,"Authority, classification, workflow, and records (KBDL-CUS-001 through KBDL-CUS-012)",Missing,MISSING,MISSING
KBDL-CUS-004,Validation evidence,"Authority, classification, workflow, and records (KBDL-CUS-001 through KBDL-CUS-012)",Missing,MISSING,MISSING
KBDL-CUS-005,Validation evidence,"Authority, classification, workflow, and records (KBDL-CUS-001 through KBDL-CUS-012)",Missing,MISSING,MISSING
KBDL-CUS-006,Validation evidence,"Authority, classification, workflow, and records (KBDL-CUS-001 through KBDL-CUS-012)",Missing,MISSING,MISSING
KBDL-CUS-007,Validation evidence,"Authority, classification, workflow, and records (KBDL-CUS-001 through KBDL-CUS-012)",Missing,MISSING,MISSING
KBDL-CUS-008,Validation evidence,"Authority, classification, workflow, and records (KBDL-CUS-001 through KBDL-CUS-012)",Missing,MISSING,MISSING
KBDL-CUS-009,Validation evidence,"Authority, classification, workflow, and records (KBDL-CUS-001 through KBDL-CUS-012)",Missing,MISSING,MISSING
KBDL-CUS-010,Validation evidence,"Authority, classification, workflow, and records (KBDL-CUS-001 through KBDL-CUS-012)",Missing,MISSING,MISSING
KBDL-CUS-011,Validation evidence,"Authority, classification, workflow, and records (KBDL-CUS-001 through KBDL-CUS-012)",Missing,MISSING,MISSING
KBDL-CUS-012,Validation evidence,"Authority, classification, workflow, and records (KBDL-CUS-001 through KBDL-CUS-012)",Missing,MISSING,MISSING
KBDL-CUS-001,Known limitation,"Authority, classification, workflow, and records (KBDL-CUS-001 through KBDL-CUS-012)",Uniform default,Exact local operational policies remain Recommended; implementation behavior is absent.,Exact local operational policies remain Recommended; implementation behavior is absent.
KBDL-CUS-002,Known limitation,"Authority, classification, workflow, and records (KBDL-CUS-001 through KBDL-CUS-012)",Uniform default,Exact local operational policies remain Recommended; implementation behavior is absent.,Exact local operational policies remain Recommended; implementation behavior is absent.
KBDL-CUS-003,Known limitation,"Authority, classification, workflow, and records (KBDL-CUS-001 through KBDL-CUS-012)",Uniform default,Exact local operational policies remain Recommended; implementation behavior is absent.,Exact local operational policies remain Recommended; implementation behavior is absent.
KBDL-CUS-004,Known limitation,"Authority, classification, workflow, and records (KBDL-CUS-001 through KBDL-CUS-012)",Uniform default,Exact local operational policies remain Recommended; implementation behavior is absent.,Exact local operational policies remain Recommended; implementation behavior is absent.
KBDL-CUS-005,Known limitation,"Authority, classification, workflow, and records (KBDL-CUS-001 through KBDL-CUS-012)",Uniform default,Exact local operational policies remain Recommended; implementation behavior is absent.,Exact local operational policies remain Recommended; implementation behavior is absent.
KBDL-CUS-006,Known limitation,"Authority, classification, workflow, and records (KBDL-CUS-001 through KBDL-CUS-012)",Uniform default,Exact local operational policies remain Recommended; implementation behavior is absent.,Exact local operational policies remain Recommended; implementation behavior is absent.
KBDL-CUS-007,Known limitation,"Authority, classification, workflow, and records (KBDL-CUS-001 through KBDL-CUS-012)",Uniform default,Exact local operational policies remain Recommended; implementation behavior is absent.,Exact local operational policies remain Recommended; implementation behavior is absent.
KBDL-CUS-008,Known limitation,"Authority, classification, workflow, and records (KBDL-CUS-001 through KBDL-CUS-012)",Uniform default,Exact local operational policies remain Recommended; implementation behavior is absent.,Exact local operational policies remain Recommended; implementation behavior is absent.
KBDL-CUS-009,Known limitation,"Authority, classification, workflow, and records (KBDL-CUS-001 through KBDL-CUS-012)",Uniform default,Exact local operational policies remain Recommended; implementation behavior is absent.,Exact local operational policies remain Recommended; implementation behavior is absent.
KBDL-CUS-010,Known limitation,"Authority, classification, workflow, and records (KBDL-CUS-001 through KBDL-CUS-012)",Uniform default,Exact local operational policies remain Recommended; implementation behavior is absent.,Exact local operational policies remain Recommended; implementation behavior is absent.
KBDL-CUS-011,Known limitation,"Authority, classification, workflow, and records (KBDL-CUS-001 through KBDL-CUS-012)",Uniform default,Exact local operational policies remain Recommended; implementation behavior is absent.,Exact local operational policies remain Recommended; implementation behavior is absent.
KBDL-CUS-012,Known limitation,"Authority, classification, workflow, and records (KBDL-CUS-001 through KBDL-CUS-012)",Uniform default,Exact local operational policies remain Recommended; implementation behavior is absent.,Exact local operational policies remain Recommended; implementation behavior is absent.
KBDL-CUS-001,Packet or tracking destination,"Authority, classification, workflow, and records (KBDL-CUS-001 through KBDL-CUS-012)",Uniform default,`001`–`012`: None — Approved requirements do not await packet approval.,`001`–`012`: None — Approved requirements do not await packet approval.
KBDL-CUS-002,Packet or tracking destination,"Authority, classification, workflow, and records (KBDL-CUS-001 through KBDL-CUS-012)",Uniform default,`001`–`012`: None — Approved requirements do not await packet approval.,`001`–`012`: None — Approved requirements do not await packet approval.
KBDL-CUS-003,Packet or tracking destination,"Authority, classification, workflow, and records (KBDL-CUS-001 through KBDL-CUS-012)",Uniform default,`001`–`012`: None — Approved requirements do not await packet approval.,`001`–`012`: None — Approved requirements do not await packet approval.
KBDL-CUS-004,Packet or tracking destination,"Authority, classification, workflow, and records (KBDL-CUS-001 through KBDL-CUS-012)",Uniform default,`001`–`012`: None — Approved requirements do not await packet approval.,`001`–`012`: None — Approved requirements do not await packet approval.
KBDL-CUS-005,Packet or tracking destination,"Authority, classification, workflow, and records (KBDL-CUS-001 through KBDL-CUS-012)",Uniform default,`001`–`012`: None — Approved requirements do not await packet approval.,`001`–`012`: None — Approved requirements do not await packet approval.
KBDL-CUS-006,Packet or tracking destination,"Authority, classification, workflow, and records (KBDL-CUS-001 through KBDL-CUS-012)",Uniform default,`001`–`012`: None — Approved requirements do not await packet approval.,`001`–`012`: None — Approved requirements do not await packet approval.
KBDL-CUS-007,Packet or tracking destination,"Authority, classification, workflow, and records (KBDL-CUS-001 through KBDL-CUS-012)",Uniform default,`001`–`012`: None — Approved requirements do not await packet approval.,`001`–`012`: None — Approved requirements do not await packet approval.
KBDL-CUS-008,Packet or tracking destination,"Authority, classification, workflow, and records (KBDL-CUS-001 through KBDL-CUS-012)",Uniform default,`001`–`012`: None — Approved requirements do not await packet approval.,`001`–`012`: None — Approved requirements do not await packet approval.
KBDL-CUS-009,Packet or tracking destination,"Authority, classification, workflow, and records (KBDL-CUS-001 through KBDL-CUS-012)",Uniform default,`001`–`012`: None — Approved requirements do not await packet approval.,`001`–`012`: None — Approved requirements do not await packet approval.
KBDL-CUS-010,Packet or tracking destination,"Authority, classification, workflow, and records (KBDL-CUS-001 through KBDL-CUS-012)",Uniform default,`001`–`012`: None — Approved requirements do not await packet approval.,`001`–`012`: None — Approved requirements do not await packet approval.
KBDL-CUS-011,Packet or tracking destination,"Authority, classification, workflow, and records (KBDL-CUS-001 through KBDL-CUS-012)",Uniform default,`001`–`012`: None — Approved requirements do not await packet approval.,`001`–`012`: None — Approved requirements do not await packet approval.
KBDL-CUS-012,Packet or tracking destination,"Authority, classification, workflow, and records (KBDL-CUS-001 through KBDL-CUS-012)",Exact per-ID mapping,None — Approved requirements do not await packet approval.,`001`–`012`: None — Approved requirements do not await packet approval.
KBDL-CUS-001,Pending dependencies,"Authority, classification, workflow, and records (KBDL-CUS-001 through KBDL-CUS-012)",Uniform default,`001`–`012`: None.,`001`–`012`: None.
KBDL-CUS-002,Pending dependencies,"Authority, classification, workflow, and records (KBDL-CUS-001 through KBDL-CUS-012)",Uniform default,`001`–`012`: None.,`001`–`012`: None.
KBDL-CUS-003,Pending dependencies,"Authority, classification, workflow, and records (KBDL-CUS-001 through KBDL-CUS-012)",Uniform default,`001`–`012`: None.,`001`–`012`: None.
KBDL-CUS-004,Pending dependencies,"Authority, classification, workflow, and records (KBDL-CUS-001 through KBDL-CUS-012)",Uniform default,`001`–`012`: None.,`001`–`012`: None.
KBDL-CUS-005,Pending dependencies,"Authority, classification, workflow, and records (KBDL-CUS-001 through KBDL-CUS-012)",Uniform default,`001`–`012`: None.,`001`–`012`: None.
KBDL-CUS-006,Pending dependencies,"Authority, classification, workflow, and records (KBDL-CUS-001 through KBDL-CUS-012)",Uniform default,`001`–`012`: None.,`001`–`012`: None.
KBDL-CUS-007,Pending dependencies,"Authority, classification, workflow, and records (KBDL-CUS-001 through KBDL-CUS-012)",Uniform default,`001`–`012`: None.,`001`–`012`: None.
KBDL-CUS-008,Pending dependencies,"Authority, classification, workflow, and records (KBDL-CUS-001 through KBDL-CUS-012)",Uniform default,`001`–`012`: None.,`001`–`012`: None.
KBDL-CUS-009,Pending dependencies,"Authority, classification, workflow, and records (KBDL-CUS-001 through KBDL-CUS-012)",Uniform default,`001`–`012`: None.,`001`–`012`: None.
KBDL-CUS-010,Pending dependencies,"Authority, classification, workflow, and records (KBDL-CUS-001 through KBDL-CUS-012)",Uniform default,`001`–`012`: None.,`001`–`012`: None.
KBDL-CUS-011,Pending dependencies,"Authority, classification, workflow, and records (KBDL-CUS-001 through KBDL-CUS-012)",Uniform default,`001`–`012`: None.,`001`–`012`: None.
KBDL-CUS-012,Pending dependencies,"Authority, classification, workflow, and records (KBDL-CUS-001 through KBDL-CUS-012)",Exact per-ID mapping,None.,`001`–`012`: None.
KBDL-CUS-001,Related decision,"Authority, classification, workflow, and records (KBDL-CUS-001 through KBDL-CUS-012)",Uniform default,`KBDL-DEC-004` for manual documentation; no KBDL-010 packet decision exists.,`KBDL-DEC-004` for manual documentation; no KBDL-010 packet decision exists.
KBDL-CUS-002,Related decision,"Authority, classification, workflow, and records (KBDL-CUS-001 through KBDL-CUS-012)",Uniform default,`KBDL-DEC-004` for manual documentation; no KBDL-010 packet decision exists.,`KBDL-DEC-004` for manual documentation; no KBDL-010 packet decision exists.
KBDL-CUS-003,Related decision,"Authority, classification, workflow, and records (KBDL-CUS-001 through KBDL-CUS-012)",Uniform default,`KBDL-DEC-004` for manual documentation; no KBDL-010 packet decision exists.,`KBDL-DEC-004` for manual documentation; no KBDL-010 packet decision exists.
KBDL-CUS-004,Related decision,"Authority, classification, workflow, and records (KBDL-CUS-001 through KBDL-CUS-012)",Uniform default,`KBDL-DEC-004` for manual documentation; no KBDL-010 packet decision exists.,`KBDL-DEC-004` for manual documentation; no KBDL-010 packet decision exists.
KBDL-CUS-005,Related decision,"Authority, classification, workflow, and records (KBDL-CUS-001 through KBDL-CUS-012)",Uniform default,`KBDL-DEC-004` for manual documentation; no KBDL-010 packet decision exists.,`KBDL-DEC-004` for manual documentation; no KBDL-010 packet decision exists.
KBDL-CUS-006,Related decision,"Authority, classification, workflow, and records (KBDL-CUS-001 through KBDL-CUS-012)",Uniform default,`KBDL-DEC-004` for manual documentation; no KBDL-010 packet decision exists.,`KBDL-DEC-004` for manual documentation; no KBDL-010 packet decision exists.
KBDL-CUS-007,Related decision,"Authority, classification, workflow, and records (KBDL-CUS-001 through KBDL-CUS-012)",Uniform default,`KBDL-DEC-004` for manual documentation; no KBDL-010 packet decision exists.,`KBDL-DEC-004` for manual documentation; no KBDL-010 packet decision exists.
KBDL-CUS-008,Related decision,"Authority, classification, workflow, and records (KBDL-CUS-001 through KBDL-CUS-012)",Uniform default,`KBDL-DEC-004` for manual documentation; no KBDL-010 packet decision exists.,`KBDL-DEC-004` for manual documentation; no KBDL-010 packet decision exists.
KBDL-CUS-009,Related decision,"Authority, classification, workflow, and records (KBDL-CUS-001 through KBDL-CUS-012)",Uniform default,`KBDL-DEC-004` for manual documentation; no KBDL-010 packet decision exists.,`KBDL-DEC-004` for manual documentation; no KBDL-010 packet decision exists.
KBDL-CUS-010,Related decision,"Authority, classification, workflow, and records (KBDL-CUS-001 through KBDL-CUS-012)",Uniform default,`KBDL-DEC-004` for manual documentation; no KBDL-010 packet decision exists.,`KBDL-DEC-004` for manual documentation; no KBDL-010 packet decision exists.
KBDL-CUS-011,Related decision,"Authority, classification, workflow, and records (KBDL-CUS-001 through KBDL-CUS-012)",Uniform default,`KBDL-DEC-004` for manual documentation; no KBDL-010 packet decision exists.,`KBDL-DEC-004` for manual documentation; no KBDL-010 packet decision exists.
KBDL-CUS-012,Related decision,"Authority, classification, workflow, and records (KBDL-CUS-001 through KBDL-CUS-012)",Uniform default,`KBDL-DEC-004` for manual documentation; no KBDL-010 packet decision exists.,`KBDL-DEC-004` for manual documentation; no KBDL-010 packet decision exists.
KBDL-CUS-001,Notes or exclusions,"Authority, classification, workflow, and records (KBDL-CUS-001 through KBDL-CUS-012)",Uniform default,A record documents authority and never creates it.,A record documents authority and never creates it.
KBDL-CUS-002,Notes or exclusions,"Authority, classification, workflow, and records (KBDL-CUS-001 through KBDL-CUS-012)",Uniform default,A record documents authority and never creates it.,A record documents authority and never creates it.
KBDL-CUS-003,Notes or exclusions,"Authority, classification, workflow, and records (KBDL-CUS-001 through KBDL-CUS-012)",Uniform default,A record documents authority and never creates it.,A record documents authority and never creates it.
KBDL-CUS-004,Notes or exclusions,"Authority, classification, workflow, and records (KBDL-CUS-001 through KBDL-CUS-012)",Uniform default,A record documents authority and never creates it.,A record documents authority and never creates it.
KBDL-CUS-005,Notes or exclusions,"Authority, classification, workflow, and records (KBDL-CUS-001 through KBDL-CUS-012)",Uniform default,A record documents authority and never creates it.,A record documents authority and never creates it.
KBDL-CUS-006,Notes or exclusions,"Authority, classification, workflow, and records (KBDL-CUS-001 through KBDL-CUS-012)",Uniform default,A record documents authority and never creates it.,A record documents authority and never creates it.
KBDL-CUS-007,Notes or exclusions,"Authority, classification, workflow, and records (KBDL-CUS-001 through KBDL-CUS-012)",Uniform default,A record documents authority and never creates it.,A record documents authority and never creates it.
KBDL-CUS-008,Notes or exclusions,"Authority, classification, workflow, and records (KBDL-CUS-001 through KBDL-CUS-012)",Uniform default,A record documents authority and never creates it.,A record documents authority and never creates it.
KBDL-CUS-009,Notes or exclusions,"Authority, classification, workflow, and records (KBDL-CUS-001 through KBDL-CUS-012)",Uniform default,A record documents authority and never creates it.,A record documents authority and never creates it.
KBDL-CUS-010,Notes or exclusions,"Authority, classification, workflow, and records (KBDL-CUS-001 through KBDL-CUS-012)",Uniform default,A record documents authority and never creates it.,A record documents authority and never creates it.
KBDL-CUS-011,Notes or exclusions,"Authority, classification, workflow, and records (KBDL-CUS-001 through KBDL-CUS-012)",Uniform default,A record documents authority and never creates it.,A record documents authority and never creates it.
KBDL-CUS-012,Notes or exclusions,"Authority, classification, workflow, and records (KBDL-CUS-001 through KBDL-CUS-012)",Uniform default,A record documents authority and never creates it.,A record documents authority and never creates it.
KBDL-CUS-013,Blueprint section,Cross-module preservation and handoff (KBDL-CUS-013 through KBDL-CUS-022),Uniform default,Foundations; themes; motion; responsive; accessibility; core/system components; Profiles; security/correctness; handoff,Foundations; themes; motion; responsive; accessibility; core/system components; Profiles; security/correctness; handoff
KBDL-CUS-014,Blueprint section,Cross-module preservation and handoff (KBDL-CUS-013 through KBDL-CUS-022),Uniform default,Foundations; themes; motion; responsive; accessibility; core/system components; Profiles; security/correctness; handoff,Foundations; themes; motion; responsive; accessibility; core/system components; Profiles; security/correctness; handoff
KBDL-CUS-015,Blueprint section,Cross-module preservation and handoff (KBDL-CUS-013 through KBDL-CUS-022),Uniform default,Foundations; themes; motion; responsive; accessibility; core/system components; Profiles; security/correctness; handoff,Foundations; themes; motion; responsive; accessibility; core/system components; Profiles; security/correctness; handoff
KBDL-CUS-016,Blueprint section,Cross-module preservation and handoff (KBDL-CUS-013 through KBDL-CUS-022),Uniform default,Foundations; themes; motion; responsive; accessibility; core/system components; Profiles; security/correctness; handoff,Foundations; themes; motion; responsive; accessibility; core/system components; Profiles; security/correctness; handoff
KBDL-CUS-017,Blueprint section,Cross-module preservation and handoff (KBDL-CUS-013 through KBDL-CUS-022),Uniform default,Foundations; themes; motion; responsive; accessibility; core/system components; Profiles; security/correctness; handoff,Foundations; themes; motion; responsive; accessibility; core/system components; Profiles; security/correctness; handoff
KBDL-CUS-018,Blueprint section,Cross-module preservation and handoff (KBDL-CUS-013 through KBDL-CUS-022),Uniform default,Foundations; themes; motion; responsive; accessibility; core/system components; Profiles; security/correctness; handoff,Foundations; themes; motion; responsive; accessibility; core/system components; Profiles; security/correctness; handoff
KBDL-CUS-019,Blueprint section,Cross-module preservation and handoff (KBDL-CUS-013 through KBDL-CUS-022),Uniform default,Foundations; themes; motion; responsive; accessibility; core/system components; Profiles; security/correctness; handoff,Foundations; themes; motion; responsive; accessibility; core/system components; Profiles; security/correctness; handoff
KBDL-CUS-020,Blueprint section,Cross-module preservation and handoff (KBDL-CUS-013 through KBDL-CUS-022),Uniform default,Foundations; themes; motion; responsive; accessibility; core/system components; Profiles; security/correctness; handoff,Foundations; themes; motion; responsive; accessibility; core/system components; Profiles; security/correctness; handoff
KBDL-CUS-021,Blueprint section,Cross-module preservation and handoff (KBDL-CUS-013 through KBDL-CUS-022),Uniform default,Foundations; themes; motion; responsive; accessibility; core/system components; Profiles; security/correctness; handoff,Foundations; themes; motion; responsive; accessibility; core/system components; Profiles; security/correctness; handoff
KBDL-CUS-022,Blueprint section,Cross-module preservation and handoff (KBDL-CUS-013 through KBDL-CUS-022),Uniform default,Foundations; themes; motion; responsive; accessibility; core/system components; Profiles; security/correctness; handoff,Foundations; themes; motion; responsive; accessibility; core/system components; Profiles; security/correctness; handoff
KBDL-CUS-013,Roadmap prompt,Cross-module preservation and handoff (KBDL-CUS-013 through KBDL-CUS-022),Uniform default,KBDL-010,KBDL-010
KBDL-CUS-014,Roadmap prompt,Cross-module preservation and handoff (KBDL-CUS-013 through KBDL-CUS-022),Uniform default,KBDL-010,KBDL-010
KBDL-CUS-015,Roadmap prompt,Cross-module preservation and handoff (KBDL-CUS-013 through KBDL-CUS-022),Uniform default,KBDL-010,KBDL-010
KBDL-CUS-016,Roadmap prompt,Cross-module preservation and handoff (KBDL-CUS-013 through KBDL-CUS-022),Uniform default,KBDL-010,KBDL-010
KBDL-CUS-017,Roadmap prompt,Cross-module preservation and handoff (KBDL-CUS-013 through KBDL-CUS-022),Uniform default,KBDL-010,KBDL-010
KBDL-CUS-018,Roadmap prompt,Cross-module preservation and handoff (KBDL-CUS-013 through KBDL-CUS-022),Uniform default,KBDL-010,KBDL-010
KBDL-CUS-019,Roadmap prompt,Cross-module preservation and handoff (KBDL-CUS-013 through KBDL-CUS-022),Uniform default,KBDL-010,KBDL-010
KBDL-CUS-020,Roadmap prompt,Cross-module preservation and handoff (KBDL-CUS-013 through KBDL-CUS-022),Uniform default,KBDL-010,KBDL-010
KBDL-CUS-021,Roadmap prompt,Cross-module preservation and handoff (KBDL-CUS-013 through KBDL-CUS-022),Uniform default,KBDL-010,KBDL-010
KBDL-CUS-022,Roadmap prompt,Cross-module preservation and handoff (KBDL-CUS-013 through KBDL-CUS-022),Uniform default,KBDL-010,KBDL-010
KBDL-CUS-013,Specification location,Cross-module preservation and handoff (KBDL-CUS-013 through KBDL-CUS-022),Missing,MISSING,MISSING
KBDL-CUS-014,Specification location,Cross-module preservation and handoff (KBDL-CUS-013 through KBDL-CUS-022),Missing,MISSING,MISSING
KBDL-CUS-015,Specification location,Cross-module preservation and handoff (KBDL-CUS-013 through KBDL-CUS-022),Missing,MISSING,MISSING
KBDL-CUS-016,Specification location,Cross-module preservation and handoff (KBDL-CUS-013 through KBDL-CUS-022),Missing,MISSING,MISSING
KBDL-CUS-017,Specification location,Cross-module preservation and handoff (KBDL-CUS-013 through KBDL-CUS-022),Missing,MISSING,MISSING
KBDL-CUS-018,Specification location,Cross-module preservation and handoff (KBDL-CUS-013 through KBDL-CUS-022),Missing,MISSING,MISSING
KBDL-CUS-019,Specification location,Cross-module preservation and handoff (KBDL-CUS-013 through KBDL-CUS-022),Missing,MISSING,MISSING
KBDL-CUS-020,Specification location,Cross-module preservation and handoff (KBDL-CUS-013 through KBDL-CUS-022),Missing,MISSING,MISSING
KBDL-CUS-021,Specification location,Cross-module preservation and handoff (KBDL-CUS-013 through KBDL-CUS-022),Missing,MISSING,MISSING
KBDL-CUS-022,Specification location,Cross-module preservation and handoff (KBDL-CUS-013 through KBDL-CUS-022),Missing,MISSING,MISSING
KBDL-CUS-013,Lifecycle status,Cross-module preservation and handoff (KBDL-CUS-013 through KBDL-CUS-022),Uniform default,All Approved.,All Approved.
KBDL-CUS-014,Lifecycle status,Cross-module preservation and handoff (KBDL-CUS-013 through KBDL-CUS-022),Uniform default,All Approved.,All Approved.
KBDL-CUS-015,Lifecycle status,Cross-module preservation and handoff (KBDL-CUS-013 through KBDL-CUS-022),Uniform default,All Approved.,All Approved.
KBDL-CUS-016,Lifecycle status,Cross-module preservation and handoff (KBDL-CUS-013 through KBDL-CUS-022),Uniform default,All Approved.,All Approved.
KBDL-CUS-017,Lifecycle status,Cross-module preservation and handoff (KBDL-CUS-013 through KBDL-CUS-022),Uniform default,All Approved.,All Approved.
KBDL-CUS-018,Lifecycle status,Cross-module preservation and handoff (KBDL-CUS-013 through KBDL-CUS-022),Uniform default,All Approved.,All Approved.
KBDL-CUS-019,Lifecycle status,Cross-module preservation and handoff (KBDL-CUS-013 through KBDL-CUS-022),Uniform default,All Approved.,All Approved.
KBDL-CUS-020,Lifecycle status,Cross-module preservation and handoff (KBDL-CUS-013 through KBDL-CUS-022),Uniform default,All Approved.,All Approved.
KBDL-CUS-021,Lifecycle status,Cross-module preservation and handoff (KBDL-CUS-013 through KBDL-CUS-022),Uniform default,All Approved.,All Approved.
KBDL-CUS-022,Lifecycle status,Cross-module preservation and handoff (KBDL-CUS-013 through KBDL-CUS-022),Uniform default,All Approved.,All Approved.
KBDL-CUS-013,Provenance,Cross-module preservation and handoff (KBDL-CUS-013 through KBDL-CUS-022),Uniform default,All Confirmed.,All Confirmed.
KBDL-CUS-014,Provenance,Cross-module preservation and handoff (KBDL-CUS-013 through KBDL-CUS-022),Uniform default,All Confirmed.,All Confirmed.
KBDL-CUS-015,Provenance,Cross-module preservation and handoff (KBDL-CUS-013 through KBDL-CUS-022),Uniform default,All Confirmed.,All Confirmed.
KBDL-CUS-016,Provenance,Cross-module preservation and handoff (KBDL-CUS-013 through KBDL-CUS-022),Uniform default,All Confirmed.,All Confirmed.
KBDL-CUS-017,Provenance,Cross-module preservation and handoff (KBDL-CUS-013 through KBDL-CUS-022),Uniform default,All Confirmed.,All Confirmed.
KBDL-CUS-018,Provenance,Cross-module preservation and handoff (KBDL-CUS-013 through KBDL-CUS-022),Uniform default,All Confirmed.,All Confirmed.
KBDL-CUS-019,Provenance,Cross-module preservation and handoff (KBDL-CUS-013 through KBDL-CUS-022),Uniform default,All Confirmed.,All Confirmed.
KBDL-CUS-020,Provenance,Cross-module preservation and handoff (KBDL-CUS-013 through KBDL-CUS-022),Uniform default,All Confirmed.,All Confirmed.
KBDL-CUS-021,Provenance,Cross-module preservation and handoff (KBDL-CUS-013 through KBDL-CUS-022),Uniform default,All Confirmed.,All Confirmed.
KBDL-CUS-022,Provenance,Cross-module preservation and handoff (KBDL-CUS-013 through KBDL-CUS-022),Uniform default,All Confirmed.,All Confirmed.
KBDL-CUS-013,Validation classification,Cross-module preservation and handoff (KBDL-CUS-013 through KBDL-CUS-022),Uniform default,Not verified,Not verified
KBDL-CUS-014,Validation classification,Cross-module preservation and handoff (KBDL-CUS-013 through KBDL-CUS-022),Uniform default,Not verified,Not verified
KBDL-CUS-015,Validation classification,Cross-module preservation and handoff (KBDL-CUS-013 through KBDL-CUS-022),Uniform default,Not verified,Not verified
KBDL-CUS-016,Validation classification,Cross-module preservation and handoff (KBDL-CUS-013 through KBDL-CUS-022),Uniform default,Not verified,Not verified
KBDL-CUS-017,Validation classification,Cross-module preservation and handoff (KBDL-CUS-013 through KBDL-CUS-022),Uniform default,Not verified,Not verified
KBDL-CUS-018,Validation classification,Cross-module preservation and handoff (KBDL-CUS-013 through KBDL-CUS-022),Uniform default,Not verified,Not verified
KBDL-CUS-019,Validation classification,Cross-module preservation and handoff (KBDL-CUS-013 through KBDL-CUS-022),Uniform default,Not verified,Not verified
KBDL-CUS-020,Validation classification,Cross-module preservation and handoff (KBDL-CUS-013 through KBDL-CUS-022),Uniform default,Not verified,Not verified
KBDL-CUS-021,Validation classification,Cross-module preservation and handoff (KBDL-CUS-013 through KBDL-CUS-022),Uniform default,Not verified,Not verified
KBDL-CUS-022,Validation classification,Cross-module preservation and handoff (KBDL-CUS-013 through KBDL-CUS-022),Uniform default,Not verified,Not verified
KBDL-CUS-013,Authority,Cross-module preservation and handoff (KBDL-CUS-013 through KBDL-CUS-022),Uniform default,Approved owning-module requirements plus explicit mandatory KBDL-010 preservation clauses; exact source appears per normative record.,Approved owning-module requirements plus explicit mandatory KBDL-010 preservation clauses; exact source appears per normative record.
KBDL-CUS-014,Authority,Cross-module preservation and handoff (KBDL-CUS-013 through KBDL-CUS-022),Uniform default,Approved owning-module requirements plus explicit mandatory KBDL-010 preservation clauses; exact source appears per normative record.,Approved owning-module requirements plus explicit mandatory KBDL-010 preservation clauses; exact source appears per normative record.
KBDL-CUS-015,Authority,Cross-module preservation and handoff (KBDL-CUS-013 through KBDL-CUS-022),Uniform default,Approved owning-module requirements plus explicit mandatory KBDL-010 preservation clauses; exact source appears per normative record.,Approved owning-module requirements plus explicit mandatory KBDL-010 preservation clauses; exact source appears per normative record.
KBDL-CUS-016,Authority,Cross-module preservation and handoff (KBDL-CUS-013 through KBDL-CUS-022),Uniform default,Approved owning-module requirements plus explicit mandatory KBDL-010 preservation clauses; exact source appears per normative record.,Approved owning-module requirements plus explicit mandatory KBDL-010 preservation clauses; exact source appears per normative record.
KBDL-CUS-017,Authority,Cross-module preservation and handoff (KBDL-CUS-013 through KBDL-CUS-022),Uniform default,Approved owning-module requirements plus explicit mandatory KBDL-010 preservation clauses; exact source appears per normative record.,Approved owning-module requirements plus explicit mandatory KBDL-010 preservation clauses; exact source appears per normative record.
KBDL-CUS-018,Authority,Cross-module preservation and handoff (KBDL-CUS-013 through KBDL-CUS-022),Uniform default,Approved owning-module requirements plus explicit mandatory KBDL-010 preservation clauses; exact source appears per normative record.,Approved owning-module requirements plus explicit mandatory KBDL-010 preservation clauses; exact source appears per normative record.
KBDL-CUS-019,Authority,Cross-module preservation and handoff (KBDL-CUS-013 through KBDL-CUS-022),Uniform default,Approved owning-module requirements plus explicit mandatory KBDL-010 preservation clauses; exact source appears per normative record.,Approved owning-module requirements plus explicit mandatory KBDL-010 preservation clauses; exact source appears per normative record.
KBDL-CUS-020,Authority,Cross-module preservation and handoff (KBDL-CUS-013 through KBDL-CUS-022),Uniform default,Approved owning-module requirements plus explicit mandatory KBDL-010 preservation clauses; exact source appears per normative record.,Approved owning-module requirements plus explicit mandatory KBDL-010 preservation clauses; exact source appears per normative record.
KBDL-CUS-021,Authority,Cross-module preservation and handoff (KBDL-CUS-013 through KBDL-CUS-022),Uniform default,Approved owning-module requirements plus explicit mandatory KBDL-010 preservation clauses; exact source appears per normative record.,Approved owning-module requirements plus explicit mandatory KBDL-010 preservation clauses; exact source appears per normative record.
KBDL-CUS-022,Authority,Cross-module preservation and handoff (KBDL-CUS-013 through KBDL-CUS-022),Uniform default,Approved owning-module requirements plus explicit mandatory KBDL-010 preservation clauses; exact source appears per normative record.,Approved owning-module requirements plus explicit mandatory KBDL-010 preservation clauses; exact source appears per normative record.
KBDL-CUS-013,Validation method,Cross-module preservation and handoff (KBDL-CUS-013 through KBDL-CUS-022),Non-overriding summary,"Owning-module value, parity, safety, outcome, WCAG, component-contract, invariant, security, or handoff audit; evidence Not verified.","Owning-module value, parity, safety, outcome, WCAG, component-contract, invariant, security, or handoff audit; evidence Not verified."
KBDL-CUS-014,Validation method,Cross-module preservation and handoff (KBDL-CUS-013 through KBDL-CUS-022),Non-overriding summary,"Owning-module value, parity, safety, outcome, WCAG, component-contract, invariant, security, or handoff audit; evidence Not verified.","Owning-module value, parity, safety, outcome, WCAG, component-contract, invariant, security, or handoff audit; evidence Not verified."
KBDL-CUS-015,Validation method,Cross-module preservation and handoff (KBDL-CUS-013 through KBDL-CUS-022),Non-overriding summary,"Owning-module value, parity, safety, outcome, WCAG, component-contract, invariant, security, or handoff audit; evidence Not verified.","Owning-module value, parity, safety, outcome, WCAG, component-contract, invariant, security, or handoff audit; evidence Not verified."
KBDL-CUS-016,Validation method,Cross-module preservation and handoff (KBDL-CUS-013 through KBDL-CUS-022),Non-overriding summary,"Owning-module value, parity, safety, outcome, WCAG, component-contract, invariant, security, or handoff audit; evidence Not verified.","Owning-module value, parity, safety, outcome, WCAG, component-contract, invariant, security, or handoff audit; evidence Not verified."
KBDL-CUS-017,Validation method,Cross-module preservation and handoff (KBDL-CUS-013 through KBDL-CUS-022),Non-overriding summary,"Owning-module value, parity, safety, outcome, WCAG, component-contract, invariant, security, or handoff audit; evidence Not verified.","Owning-module value, parity, safety, outcome, WCAG, component-contract, invariant, security, or handoff audit; evidence Not verified."
KBDL-CUS-018,Validation method,Cross-module preservation and handoff (KBDL-CUS-013 through KBDL-CUS-022),Non-overriding summary,"Owning-module value, parity, safety, outcome, WCAG, component-contract, invariant, security, or handoff audit; evidence Not verified.","Owning-module value, parity, safety, outcome, WCAG, component-contract, invariant, security, or handoff audit; evidence Not verified."
KBDL-CUS-019,Validation method,Cross-module preservation and handoff (KBDL-CUS-013 through KBDL-CUS-022),Non-overriding summary,"Owning-module value, parity, safety, outcome, WCAG, component-contract, invariant, security, or handoff audit; evidence Not verified.","Owning-module value, parity, safety, outcome, WCAG, component-contract, invariant, security, or handoff audit; evidence Not verified."
KBDL-CUS-020,Validation method,Cross-module preservation and handoff (KBDL-CUS-013 through KBDL-CUS-022),Non-overriding summary,"Owning-module value, parity, safety, outcome, WCAG, component-contract, invariant, security, or handoff audit; evidence Not verified.","Owning-module value, parity, safety, outcome, WCAG, component-contract, invariant, security, or handoff audit; evidence Not verified."
KBDL-CUS-021,Validation method,Cross-module preservation and handoff (KBDL-CUS-013 through KBDL-CUS-022),Non-overriding summary,"Owning-module value, parity, safety, outcome, WCAG, component-contract, invariant, security, or handoff audit; evidence Not verified.","Owning-module value, parity, safety, outcome, WCAG, component-contract, invariant, security, or handoff audit; evidence Not verified."
KBDL-CUS-022,Validation method,Cross-module preservation and handoff (KBDL-CUS-013 through KBDL-CUS-022),Non-overriding summary,"Owning-module value, parity, safety, outcome, WCAG, component-contract, invariant, security, or handoff audit; evidence Not verified.","Owning-module value, parity, safety, outcome, WCAG, component-contract, invariant, security, or handoff audit; evidence Not verified."
KBDL-CUS-013,Validation evidence,Cross-module preservation and handoff (KBDL-CUS-013 through KBDL-CUS-022),Missing,MISSING,MISSING
KBDL-CUS-014,Validation evidence,Cross-module preservation and handoff (KBDL-CUS-013 through KBDL-CUS-022),Missing,MISSING,MISSING
KBDL-CUS-015,Validation evidence,Cross-module preservation and handoff (KBDL-CUS-013 through KBDL-CUS-022),Missing,MISSING,MISSING
KBDL-CUS-016,Validation evidence,Cross-module preservation and handoff (KBDL-CUS-013 through KBDL-CUS-022),Missing,MISSING,MISSING
KBDL-CUS-017,Validation evidence,Cross-module preservation and handoff (KBDL-CUS-013 through KBDL-CUS-022),Missing,MISSING,MISSING
KBDL-CUS-018,Validation evidence,Cross-module preservation and handoff (KBDL-CUS-013 through KBDL-CUS-022),Missing,MISSING,MISSING
KBDL-CUS-019,Validation evidence,Cross-module preservation and handoff (KBDL-CUS-013 through KBDL-CUS-022),Missing,MISSING,MISSING
KBDL-CUS-020,Validation evidence,Cross-module preservation and handoff (KBDL-CUS-013 through KBDL-CUS-022),Missing,MISSING,MISSING
KBDL-CUS-021,Validation evidence,Cross-module preservation and handoff (KBDL-CUS-013 through KBDL-CUS-022),Missing,MISSING,MISSING
KBDL-CUS-022,Validation evidence,Cross-module preservation and handoff (KBDL-CUS-013 through KBDL-CUS-022),Missing,MISSING,MISSING
KBDL-CUS-013,Known limitation,Cross-module preservation and handoff (KBDL-CUS-013 through KBDL-CUS-022),Uniform default,No project implementation exists; every listed earlier recommendation remains excluded.,No project implementation exists; every listed earlier recommendation remains excluded.
KBDL-CUS-014,Known limitation,Cross-module preservation and handoff (KBDL-CUS-013 through KBDL-CUS-022),Uniform default,No project implementation exists; every listed earlier recommendation remains excluded.,No project implementation exists; every listed earlier recommendation remains excluded.
KBDL-CUS-015,Known limitation,Cross-module preservation and handoff (KBDL-CUS-013 through KBDL-CUS-022),Uniform default,No project implementation exists; every listed earlier recommendation remains excluded.,No project implementation exists; every listed earlier recommendation remains excluded.
KBDL-CUS-016,Known limitation,Cross-module preservation and handoff (KBDL-CUS-013 through KBDL-CUS-022),Uniform default,No project implementation exists; every listed earlier recommendation remains excluded.,No project implementation exists; every listed earlier recommendation remains excluded.
KBDL-CUS-017,Known limitation,Cross-module preservation and handoff (KBDL-CUS-013 through KBDL-CUS-022),Uniform default,No project implementation exists; every listed earlier recommendation remains excluded.,No project implementation exists; every listed earlier recommendation remains excluded.
KBDL-CUS-018,Known limitation,Cross-module preservation and handoff (KBDL-CUS-013 through KBDL-CUS-022),Uniform default,No project implementation exists; every listed earlier recommendation remains excluded.,No project implementation exists; every listed earlier recommendation remains excluded.
KBDL-CUS-019,Known limitation,Cross-module preservation and handoff (KBDL-CUS-013 through KBDL-CUS-022),Uniform default,No project implementation exists; every listed earlier recommendation remains excluded.,No project implementation exists; every listed earlier recommendation remains excluded.
KBDL-CUS-020,Known limitation,Cross-module preservation and handoff (KBDL-CUS-013 through KBDL-CUS-022),Uniform default,No project implementation exists; every listed earlier recommendation remains excluded.,No project implementation exists; every listed earlier recommendation remains excluded.
KBDL-CUS-021,Known limitation,Cross-module preservation and handoff (KBDL-CUS-013 through KBDL-CUS-022),Uniform default,No project implementation exists; every listed earlier recommendation remains excluded.,No project implementation exists; every listed earlier recommendation remains excluded.
KBDL-CUS-022,Known limitation,Cross-module preservation and handoff (KBDL-CUS-013 through KBDL-CUS-022),Uniform default,No project implementation exists; every listed earlier recommendation remains excluded.,No project implementation exists; every listed earlier recommendation remains excluded.
KBDL-CUS-013,Packet or tracking destination,Cross-module preservation and handoff (KBDL-CUS-013 through KBDL-CUS-022),Uniform default,`013`–`022`: None — Approved.,`013`–`022`: None — Approved.
KBDL-CUS-014,Packet or tracking destination,Cross-module preservation and handoff (KBDL-CUS-013 through KBDL-CUS-022),Uniform default,`013`–`022`: None — Approved.,`013`–`022`: None — Approved.
KBDL-CUS-015,Packet or tracking destination,Cross-module preservation and handoff (KBDL-CUS-013 through KBDL-CUS-022),Uniform default,`013`–`022`: None — Approved.,`013`–`022`: None — Approved.
KBDL-CUS-016,Packet or tracking destination,Cross-module preservation and handoff (KBDL-CUS-013 through KBDL-CUS-022),Uniform default,`013`–`022`: None — Approved.,`013`–`022`: None — Approved.
KBDL-CUS-017,Packet or tracking destination,Cross-module preservation and handoff (KBDL-CUS-013 through KBDL-CUS-022),Uniform default,`013`–`022`: None — Approved.,`013`–`022`: None — Approved.
KBDL-CUS-018,Packet or tracking destination,Cross-module preservation and handoff (KBDL-CUS-013 through KBDL-CUS-022),Uniform default,`013`–`022`: None — Approved.,`013`–`022`: None — Approved.
KBDL-CUS-019,Packet or tracking destination,Cross-module preservation and handoff (KBDL-CUS-013 through KBDL-CUS-022),Uniform default,`013`–`022`: None — Approved.,`013`–`022`: None — Approved.
KBDL-CUS-020,Packet or tracking destination,Cross-module preservation and handoff (KBDL-CUS-013 through KBDL-CUS-022),Uniform default,`013`–`022`: None — Approved.,`013`–`022`: None — Approved.
KBDL-CUS-021,Packet or tracking destination,Cross-module preservation and handoff (KBDL-CUS-013 through KBDL-CUS-022),Uniform default,`013`–`022`: None — Approved.,`013`–`022`: None — Approved.
KBDL-CUS-022,Packet or tracking destination,Cross-module preservation and handoff (KBDL-CUS-013 through KBDL-CUS-022),Exact per-ID mapping,None — Approved.,`013`–`022`: None — Approved.
KBDL-CUS-013,Pending dependencies,Cross-module preservation and handoff (KBDL-CUS-013 through KBDL-CUS-022),Uniform default,"`013`–`022`: None; pending earlier items are exclusions, not normative dependencies.","`013`–`022`: None; pending earlier items are exclusions, not normative dependencies."
KBDL-CUS-014,Pending dependencies,Cross-module preservation and handoff (KBDL-CUS-013 through KBDL-CUS-022),Uniform default,"`013`–`022`: None; pending earlier items are exclusions, not normative dependencies.","`013`–`022`: None; pending earlier items are exclusions, not normative dependencies."
KBDL-CUS-015,Pending dependencies,Cross-module preservation and handoff (KBDL-CUS-013 through KBDL-CUS-022),Uniform default,"`013`–`022`: None; pending earlier items are exclusions, not normative dependencies.","`013`–`022`: None; pending earlier items are exclusions, not normative dependencies."
KBDL-CUS-016,Pending dependencies,Cross-module preservation and handoff (KBDL-CUS-013 through KBDL-CUS-022),Uniform default,"`013`–`022`: None; pending earlier items are exclusions, not normative dependencies.","`013`–`022`: None; pending earlier items are exclusions, not normative dependencies."
KBDL-CUS-017,Pending dependencies,Cross-module preservation and handoff (KBDL-CUS-013 through KBDL-CUS-022),Uniform default,"`013`–`022`: None; pending earlier items are exclusions, not normative dependencies.","`013`–`022`: None; pending earlier items are exclusions, not normative dependencies."
KBDL-CUS-018,Pending dependencies,Cross-module preservation and handoff (KBDL-CUS-013 through KBDL-CUS-022),Uniform default,"`013`–`022`: None; pending earlier items are exclusions, not normative dependencies.","`013`–`022`: None; pending earlier items are exclusions, not normative dependencies."
KBDL-CUS-019,Pending dependencies,Cross-module preservation and handoff (KBDL-CUS-013 through KBDL-CUS-022),Uniform default,"`013`–`022`: None; pending earlier items are exclusions, not normative dependencies.","`013`–`022`: None; pending earlier items are exclusions, not normative dependencies."
KBDL-CUS-020,Pending dependencies,Cross-module preservation and handoff (KBDL-CUS-013 through KBDL-CUS-022),Uniform default,"`013`–`022`: None; pending earlier items are exclusions, not normative dependencies.","`013`–`022`: None; pending earlier items are exclusions, not normative dependencies."
KBDL-CUS-021,Pending dependencies,Cross-module preservation and handoff (KBDL-CUS-013 through KBDL-CUS-022),Uniform default,"`013`–`022`: None; pending earlier items are exclusions, not normative dependencies.","`013`–`022`: None; pending earlier items are exclusions, not normative dependencies."
KBDL-CUS-022,Pending dependencies,Cross-module preservation and handoff (KBDL-CUS-013 through KBDL-CUS-022),Exact per-ID mapping,"None; pending earlier items are exclusions, not normative dependencies.","`013`–`022`: None; pending earlier items are exclusions, not normative dependencies."
KBDL-CUS-013,Related decision,Cross-module preservation and handoff (KBDL-CUS-013 through KBDL-CUS-022),Uniform default,None new; existing owning-module decisions remain authoritative.,None new; existing owning-module decisions remain authoritative.
KBDL-CUS-014,Related decision,Cross-module preservation and handoff (KBDL-CUS-013 through KBDL-CUS-022),Uniform default,None new; existing owning-module decisions remain authoritative.,None new; existing owning-module decisions remain authoritative.
KBDL-CUS-015,Related decision,Cross-module preservation and handoff (KBDL-CUS-013 through KBDL-CUS-022),Uniform default,None new; existing owning-module decisions remain authoritative.,None new; existing owning-module decisions remain authoritative.
KBDL-CUS-016,Related decision,Cross-module preservation and handoff (KBDL-CUS-013 through KBDL-CUS-022),Uniform default,None new; existing owning-module decisions remain authoritative.,None new; existing owning-module decisions remain authoritative.
KBDL-CUS-017,Related decision,Cross-module preservation and handoff (KBDL-CUS-013 through KBDL-CUS-022),Uniform default,None new; existing owning-module decisions remain authoritative.,None new; existing owning-module decisions remain authoritative.
KBDL-CUS-018,Related decision,Cross-module preservation and handoff (KBDL-CUS-013 through KBDL-CUS-022),Uniform default,None new; existing owning-module decisions remain authoritative.,None new; existing owning-module decisions remain authoritative.
KBDL-CUS-019,Related decision,Cross-module preservation and handoff (KBDL-CUS-013 through KBDL-CUS-022),Uniform default,None new; existing owning-module decisions remain authoritative.,None new; existing owning-module decisions remain authoritative.
KBDL-CUS-020,Related decision,Cross-module preservation and handoff (KBDL-CUS-013 through KBDL-CUS-022),Uniform default,None new; existing owning-module decisions remain authoritative.,None new; existing owning-module decisions remain authoritative.
KBDL-CUS-021,Related decision,Cross-module preservation and handoff (KBDL-CUS-013 through KBDL-CUS-022),Uniform default,None new; existing owning-module decisions remain authoritative.,None new; existing owning-module decisions remain authoritative.
KBDL-CUS-022,Related decision,Cross-module preservation and handoff (KBDL-CUS-013 through KBDL-CUS-022),Uniform default,None new; existing owning-module decisions remain authoritative.,None new; existing owning-module decisions remain authoritative.
KBDL-CUS-013,Notes or exclusions,Cross-module preservation and handoff (KBDL-CUS-013 through KBDL-CUS-022),Uniform default,"No exact value, technology, component semantic variant, Profile, or exception is introduced.","No exact value, technology, component semantic variant, Profile, or exception is introduced."
KBDL-CUS-014,Notes or exclusions,Cross-module preservation and handoff (KBDL-CUS-013 through KBDL-CUS-022),Uniform default,"No exact value, technology, component semantic variant, Profile, or exception is introduced.","No exact value, technology, component semantic variant, Profile, or exception is introduced."
KBDL-CUS-015,Notes or exclusions,Cross-module preservation and handoff (KBDL-CUS-013 through KBDL-CUS-022),Uniform default,"No exact value, technology, component semantic variant, Profile, or exception is introduced.","No exact value, technology, component semantic variant, Profile, or exception is introduced."
KBDL-CUS-016,Notes or exclusions,Cross-module preservation and handoff (KBDL-CUS-013 through KBDL-CUS-022),Uniform default,"No exact value, technology, component semantic variant, Profile, or exception is introduced.","No exact value, technology, component semantic variant, Profile, or exception is introduced."
KBDL-CUS-017,Notes or exclusions,Cross-module preservation and handoff (KBDL-CUS-013 through KBDL-CUS-022),Uniform default,"No exact value, technology, component semantic variant, Profile, or exception is introduced.","No exact value, technology, component semantic variant, Profile, or exception is introduced."
KBDL-CUS-018,Notes or exclusions,Cross-module preservation and handoff (KBDL-CUS-013 through KBDL-CUS-022),Uniform default,"No exact value, technology, component semantic variant, Profile, or exception is introduced.","No exact value, technology, component semantic variant, Profile, or exception is introduced."
KBDL-CUS-019,Notes or exclusions,Cross-module preservation and handoff (KBDL-CUS-013 through KBDL-CUS-022),Uniform default,"No exact value, technology, component semantic variant, Profile, or exception is introduced.","No exact value, technology, component semantic variant, Profile, or exception is introduced."
KBDL-CUS-020,Notes or exclusions,Cross-module preservation and handoff (KBDL-CUS-013 through KBDL-CUS-022),Uniform default,"No exact value, technology, component semantic variant, Profile, or exception is introduced.","No exact value, technology, component semantic variant, Profile, or exception is introduced."
KBDL-CUS-021,Notes or exclusions,Cross-module preservation and handoff (KBDL-CUS-013 through KBDL-CUS-022),Uniform default,"No exact value, technology, component semantic variant, Profile, or exception is introduced.","No exact value, technology, component semantic variant, Profile, or exception is introduced."
KBDL-CUS-022,Notes or exclusions,Cross-module preservation and handoff (KBDL-CUS-013 through KBDL-CUS-022),Uniform default,"No exact value, technology, component semantic variant, Profile, or exception is introduced.","No exact value, technology, component semantic variant, Profile, or exception is introduced."
KBDL-CUS-023,Blueprint section,Discretionary KBDL-010 policy (KBDL-CUS-023 through KBDL-CUS-029),Uniform default,Identifier; local roles; risk/evidence and material-classification review triggers; review/expiry; precedence; reuse; archive/licensing/rollback evidence,Identifier; local roles; risk/evidence and material-classification review triggers; review/expiry; precedence; reuse; archive/licensing/rollback evidence
KBDL-CUS-024,Blueprint section,Discretionary KBDL-010 policy (KBDL-CUS-023 through KBDL-CUS-029),Uniform default,Identifier; local roles; risk/evidence and material-classification review triggers; review/expiry; precedence; reuse; archive/licensing/rollback evidence,Identifier; local roles; risk/evidence and material-classification review triggers; review/expiry; precedence; reuse; archive/licensing/rollback evidence
KBDL-CUS-025,Blueprint section,Discretionary KBDL-010 policy (KBDL-CUS-023 through KBDL-CUS-029),Uniform default,Identifier; local roles; risk/evidence and material-classification review triggers; review/expiry; precedence; reuse; archive/licensing/rollback evidence,Identifier; local roles; risk/evidence and material-classification review triggers; review/expiry; precedence; reuse; archive/licensing/rollback evidence
KBDL-CUS-026,Blueprint section,Discretionary KBDL-010 policy (KBDL-CUS-023 through KBDL-CUS-029),Uniform default,Identifier; local roles; risk/evidence and material-classification review triggers; review/expiry; precedence; reuse; archive/licensing/rollback evidence,Identifier; local roles; risk/evidence and material-classification review triggers; review/expiry; precedence; reuse; archive/licensing/rollback evidence
KBDL-CUS-027,Blueprint section,Discretionary KBDL-010 policy (KBDL-CUS-023 through KBDL-CUS-029),Uniform default,Identifier; local roles; risk/evidence and material-classification review triggers; review/expiry; precedence; reuse; archive/licensing/rollback evidence,Identifier; local roles; risk/evidence and material-classification review triggers; review/expiry; precedence; reuse; archive/licensing/rollback evidence
KBDL-CUS-028,Blueprint section,Discretionary KBDL-010 policy (KBDL-CUS-023 through KBDL-CUS-029),Uniform default,Identifier; local roles; risk/evidence and material-classification review triggers; review/expiry; precedence; reuse; archive/licensing/rollback evidence,Identifier; local roles; risk/evidence and material-classification review triggers; review/expiry; precedence; reuse; archive/licensing/rollback evidence
KBDL-CUS-029,Blueprint section,Discretionary KBDL-010 policy (KBDL-CUS-023 through KBDL-CUS-029),Uniform default,Identifier; local roles; risk/evidence and material-classification review triggers; review/expiry; precedence; reuse; archive/licensing/rollback evidence,Identifier; local roles; risk/evidence and material-classification review triggers; review/expiry; precedence; reuse; archive/licensing/rollback evidence
KBDL-CUS-023,Roadmap prompt,Discretionary KBDL-010 policy (KBDL-CUS-023 through KBDL-CUS-029),Uniform default,KBDL-010,KBDL-010
KBDL-CUS-024,Roadmap prompt,Discretionary KBDL-010 policy (KBDL-CUS-023 through KBDL-CUS-029),Uniform default,KBDL-010,KBDL-010
KBDL-CUS-025,Roadmap prompt,Discretionary KBDL-010 policy (KBDL-CUS-023 through KBDL-CUS-029),Uniform default,KBDL-010,KBDL-010
KBDL-CUS-026,Roadmap prompt,Discretionary KBDL-010 policy (KBDL-CUS-023 through KBDL-CUS-029),Uniform default,KBDL-010,KBDL-010
KBDL-CUS-027,Roadmap prompt,Discretionary KBDL-010 policy (KBDL-CUS-023 through KBDL-CUS-029),Uniform default,KBDL-010,KBDL-010
KBDL-CUS-028,Roadmap prompt,Discretionary KBDL-010 policy (KBDL-CUS-023 through KBDL-CUS-029),Uniform default,KBDL-010,KBDL-010
KBDL-CUS-029,Roadmap prompt,Discretionary KBDL-010 policy (KBDL-CUS-023 through KBDL-CUS-029),Uniform default,KBDL-010,KBDL-010
KBDL-CUS-023,Specification location,Discretionary KBDL-010 policy (KBDL-CUS-023 through KBDL-CUS-029),Missing,MISSING,MISSING
KBDL-CUS-024,Specification location,Discretionary KBDL-010 policy (KBDL-CUS-023 through KBDL-CUS-029),Missing,MISSING,MISSING
KBDL-CUS-025,Specification location,Discretionary KBDL-010 policy (KBDL-CUS-023 through KBDL-CUS-029),Missing,MISSING,MISSING
KBDL-CUS-026,Specification location,Discretionary KBDL-010 policy (KBDL-CUS-023 through KBDL-CUS-029),Missing,MISSING,MISSING
KBDL-CUS-027,Specification location,Discretionary KBDL-010 policy (KBDL-CUS-023 through KBDL-CUS-029),Missing,MISSING,MISSING
KBDL-CUS-028,Specification location,Discretionary KBDL-010 policy (KBDL-CUS-023 through KBDL-CUS-029),Missing,MISSING,MISSING
KBDL-CUS-029,Specification location,Discretionary KBDL-010 policy (KBDL-CUS-023 through KBDL-CUS-029),Missing,MISSING,MISSING
KBDL-CUS-023,Lifecycle status,Discretionary KBDL-010 policy (KBDL-CUS-023 through KBDL-CUS-029),Uniform default,All Recommended.,All Recommended.
KBDL-CUS-024,Lifecycle status,Discretionary KBDL-010 policy (KBDL-CUS-023 through KBDL-CUS-029),Uniform default,All Recommended.,All Recommended.
KBDL-CUS-025,Lifecycle status,Discretionary KBDL-010 policy (KBDL-CUS-023 through KBDL-CUS-029),Uniform default,All Recommended.,All Recommended.
KBDL-CUS-026,Lifecycle status,Discretionary KBDL-010 policy (KBDL-CUS-023 through KBDL-CUS-029),Uniform default,All Recommended.,All Recommended.
KBDL-CUS-027,Lifecycle status,Discretionary KBDL-010 policy (KBDL-CUS-023 through KBDL-CUS-029),Uniform default,All Recommended.,All Recommended.
KBDL-CUS-028,Lifecycle status,Discretionary KBDL-010 policy (KBDL-CUS-023 through KBDL-CUS-029),Uniform default,All Recommended.,All Recommended.
KBDL-CUS-029,Lifecycle status,Discretionary KBDL-010 policy (KBDL-CUS-023 through KBDL-CUS-029),Uniform default,All Recommended.,All Recommended.
KBDL-CUS-023,Provenance,Discretionary KBDL-010 policy (KBDL-CUS-023 through KBDL-CUS-029),Uniform default,All Assumed.,All Assumed.
KBDL-CUS-024,Provenance,Discretionary KBDL-010 policy (KBDL-CUS-023 through KBDL-CUS-029),Uniform default,All Assumed.,All Assumed.
KBDL-CUS-025,Provenance,Discretionary KBDL-010 policy (KBDL-CUS-023 through KBDL-CUS-029),Uniform default,All Assumed.,All Assumed.
KBDL-CUS-026,Provenance,Discretionary KBDL-010 policy (KBDL-CUS-023 through KBDL-CUS-029),Uniform default,All Assumed.,All Assumed.
KBDL-CUS-027,Provenance,Discretionary KBDL-010 policy (KBDL-CUS-023 through KBDL-CUS-029),Uniform default,All Assumed.,All Assumed.
KBDL-CUS-028,Provenance,Discretionary KBDL-010 policy (KBDL-CUS-023 through KBDL-CUS-029),Uniform default,All Assumed.,All Assumed.
KBDL-CUS-029,Provenance,Discretionary KBDL-010 policy (KBDL-CUS-023 through KBDL-CUS-029),Uniform default,All Assumed.,All Assumed.
KBDL-CUS-023,Validation classification,Discretionary KBDL-010 policy (KBDL-CUS-023 through KBDL-CUS-029),Uniform default,Not applicable,Not applicable
KBDL-CUS-024,Validation classification,Discretionary KBDL-010 policy (KBDL-CUS-023 through KBDL-CUS-029),Uniform default,Not applicable,Not applicable
KBDL-CUS-025,Validation classification,Discretionary KBDL-010 policy (KBDL-CUS-023 through KBDL-CUS-029),Uniform default,Not applicable,Not applicable
KBDL-CUS-026,Validation classification,Discretionary KBDL-010 policy (KBDL-CUS-023 through KBDL-CUS-029),Uniform default,Not applicable,Not applicable
KBDL-CUS-027,Validation classification,Discretionary KBDL-010 policy (KBDL-CUS-023 through KBDL-CUS-029),Uniform default,Not applicable,Not applicable
KBDL-CUS-028,Validation classification,Discretionary KBDL-010 policy (KBDL-CUS-023 through KBDL-CUS-029),Uniform default,Not applicable,Not applicable
KBDL-CUS-029,Validation classification,Discretionary KBDL-010 policy (KBDL-CUS-023 through KBDL-CUS-029),Uniform default,Not applicable,Not applicable
KBDL-CUS-023,Authority,Discretionary KBDL-010 policy (KBDL-CUS-023 through KBDL-CUS-029),Uniform default,Not applicable — pending explicit project-owner approval; assignment of a CUS ID does not grant implementation authority.,Not applicable — pending explicit project-owner approval; assignment of a CUS ID does not grant implementation authority.
KBDL-CUS-024,Authority,Discretionary KBDL-010 policy (KBDL-CUS-023 through KBDL-CUS-029),Uniform default,Not applicable — pending explicit project-owner approval; assignment of a CUS ID does not grant implementation authority.,Not applicable — pending explicit project-owner approval; assignment of a CUS ID does not grant implementation authority.
KBDL-CUS-025,Authority,Discretionary KBDL-010 policy (KBDL-CUS-023 through KBDL-CUS-029),Uniform default,Not applicable — pending explicit project-owner approval; assignment of a CUS ID does not grant implementation authority.,Not applicable — pending explicit project-owner approval; assignment of a CUS ID does not grant implementation authority.
KBDL-CUS-026,Authority,Discretionary KBDL-010 policy (KBDL-CUS-023 through KBDL-CUS-029),Uniform default,Not applicable — pending explicit project-owner approval; assignment of a CUS ID does not grant implementation authority.,Not applicable — pending explicit project-owner approval; assignment of a CUS ID does not grant implementation authority.
KBDL-CUS-027,Authority,Discretionary KBDL-010 policy (KBDL-CUS-023 through KBDL-CUS-029),Uniform default,Not applicable — pending explicit project-owner approval; assignment of a CUS ID does not grant implementation authority.,Not applicable — pending explicit project-owner approval; assignment of a CUS ID does not grant implementation authority.
KBDL-CUS-028,Authority,Discretionary KBDL-010 policy (KBDL-CUS-023 through KBDL-CUS-029),Uniform default,Not applicable — pending explicit project-owner approval; assignment of a CUS ID does not grant implementation authority.,Not applicable — pending explicit project-owner approval; assignment of a CUS ID does not grant implementation authority.
KBDL-CUS-029,Authority,Discretionary KBDL-010 policy (KBDL-CUS-023 through KBDL-CUS-029),Uniform default,Not applicable — pending explicit project-owner approval; assignment of a CUS ID does not grant implementation authority.,Not applicable — pending explicit project-owner approval; assignment of a CUS ID does not grant implementation authority.
KBDL-CUS-023,Validation method,Discretionary KBDL-010 policy (KBDL-CUS-023 through KBDL-CUS-029),Non-overriding summary,Project-owner review; not yet performed.,Project-owner review; not yet performed.
KBDL-CUS-024,Validation method,Discretionary KBDL-010 policy (KBDL-CUS-023 through KBDL-CUS-029),Non-overriding summary,Project-owner review; not yet performed.,Project-owner review; not yet performed.
KBDL-CUS-025,Validation method,Discretionary KBDL-010 policy (KBDL-CUS-023 through KBDL-CUS-029),Non-overriding summary,Project-owner review; not yet performed.,Project-owner review; not yet performed.
KBDL-CUS-026,Validation method,Discretionary KBDL-010 policy (KBDL-CUS-023 through KBDL-CUS-029),Non-overriding summary,Project-owner review; not yet performed.,Project-owner review; not yet performed.
KBDL-CUS-027,Validation method,Discretionary KBDL-010 policy (KBDL-CUS-023 through KBDL-CUS-029),Non-overriding summary,Project-owner review; not yet performed.,Project-owner review; not yet performed.
KBDL-CUS-028,Validation method,Discretionary KBDL-010 policy (KBDL-CUS-023 through KBDL-CUS-029),Non-overriding summary,Project-owner review; not yet performed.,Project-owner review; not yet performed.
KBDL-CUS-029,Validation method,Discretionary KBDL-010 policy (KBDL-CUS-023 through KBDL-CUS-029),Non-overriding summary,Project-owner review; not yet performed.,Project-owner review; not yet performed.
KBDL-CUS-023,Validation evidence,Discretionary KBDL-010 policy (KBDL-CUS-023 through KBDL-CUS-029),Missing,MISSING,MISSING
KBDL-CUS-024,Validation evidence,Discretionary KBDL-010 policy (KBDL-CUS-023 through KBDL-CUS-029),Missing,MISSING,MISSING
KBDL-CUS-025,Validation evidence,Discretionary KBDL-010 policy (KBDL-CUS-023 through KBDL-CUS-029),Missing,MISSING,MISSING
KBDL-CUS-026,Validation evidence,Discretionary KBDL-010 policy (KBDL-CUS-023 through KBDL-CUS-029),Missing,MISSING,MISSING
KBDL-CUS-027,Validation evidence,Discretionary KBDL-010 policy (KBDL-CUS-023 through KBDL-CUS-029),Missing,MISSING,MISSING
KBDL-CUS-028,Validation evidence,Discretionary KBDL-010 policy (KBDL-CUS-023 through KBDL-CUS-029),Missing,MISSING,MISSING
KBDL-CUS-029,Validation evidence,Discretionary KBDL-010 policy (KBDL-CUS-023 through KBDL-CUS-029),Missing,MISSING,MISSING
KBDL-CUS-023,Known limitation,Discretionary KBDL-010 policy (KBDL-CUS-023 through KBDL-CUS-029),Uniform default,Exact policies are not authorized.,Exact policies are not authorized.
KBDL-CUS-024,Known limitation,Discretionary KBDL-010 policy (KBDL-CUS-023 through KBDL-CUS-029),Uniform default,Exact policies are not authorized.,Exact policies are not authorized.
KBDL-CUS-025,Known limitation,Discretionary KBDL-010 policy (KBDL-CUS-023 through KBDL-CUS-029),Uniform default,Exact policies are not authorized.,Exact policies are not authorized.
KBDL-CUS-026,Known limitation,Discretionary KBDL-010 policy (KBDL-CUS-023 through KBDL-CUS-029),Uniform default,Exact policies are not authorized.,Exact policies are not authorized.
KBDL-CUS-027,Known limitation,Discretionary KBDL-010 policy (KBDL-CUS-023 through KBDL-CUS-029),Uniform default,Exact policies are not authorized.,Exact policies are not authorized.
KBDL-CUS-028,Known limitation,Discretionary KBDL-010 policy (KBDL-CUS-023 through KBDL-CUS-029),Uniform default,Exact policies are not authorized.,Exact policies are not authorized.
KBDL-CUS-029,Known limitation,Discretionary KBDL-010 policy (KBDL-CUS-023 through KBDL-CUS-029),Uniform default,Exact policies are not authorized.,Exact policies are not authorized.
KBDL-CUS-023,Packet or tracking destination,Discretionary KBDL-010 policy (KBDL-CUS-023 through KBDL-CUS-029),Exact per-ID mapping,item 1,"`023` → item 1; `024` → item 2; `025` → item 3; `026` → item 4; `027` → item 5; `028` → item 6; `029` → item 7, all independently approval-ready."
KBDL-CUS-024,Packet or tracking destination,Discretionary KBDL-010 policy (KBDL-CUS-023 through KBDL-CUS-029),Exact per-ID mapping,item 2,"`023` → item 1; `024` → item 2; `025` → item 3; `026` → item 4; `027` → item 5; `028` → item 6; `029` → item 7, all independently approval-ready."
KBDL-CUS-025,Packet or tracking destination,Discretionary KBDL-010 policy (KBDL-CUS-023 through KBDL-CUS-029),Exact per-ID mapping,item 3,"`023` → item 1; `024` → item 2; `025` → item 3; `026` → item 4; `027` → item 5; `028` → item 6; `029` → item 7, all independently approval-ready."
KBDL-CUS-026,Packet or tracking destination,Discretionary KBDL-010 policy (KBDL-CUS-023 through KBDL-CUS-029),Exact per-ID mapping,item 4,"`023` → item 1; `024` → item 2; `025` → item 3; `026` → item 4; `027` → item 5; `028` → item 6; `029` → item 7, all independently approval-ready."
KBDL-CUS-027,Packet or tracking destination,Discretionary KBDL-010 policy (KBDL-CUS-023 through KBDL-CUS-029),Exact per-ID mapping,item 5,"`023` → item 1; `024` → item 2; `025` → item 3; `026` → item 4; `027` → item 5; `028` → item 6; `029` → item 7, all independently approval-ready."
KBDL-CUS-028,Packet or tracking destination,Discretionary KBDL-010 policy (KBDL-CUS-023 through KBDL-CUS-029),Exact per-ID mapping,item 6,"`023` → item 1; `024` → item 2; `025` → item 3; `026` → item 4; `027` → item 5; `028` → item 6; `029` → item 7, all independently approval-ready."
KBDL-CUS-029,Packet or tracking destination,Discretionary KBDL-010 policy (KBDL-CUS-023 through KBDL-CUS-029),Exact per-ID mapping,"item 7, all independently approval-ready.","`023` → item 1; `024` → item 2; `025` → item 3; `026` → item 4; `027` → item 5; `028` → item 6; `029` → item 7, all independently approval-ready."
KBDL-CUS-023,Pending dependencies,Discretionary KBDL-010 policy (KBDL-CUS-023 through KBDL-CUS-029),Uniform default,None.,None.
KBDL-CUS-024,Pending dependencies,Discretionary KBDL-010 policy (KBDL-CUS-023 through KBDL-CUS-029),Uniform default,None.,None.
KBDL-CUS-025,Pending dependencies,Discretionary KBDL-010 policy (KBDL-CUS-023 through KBDL-CUS-029),Uniform default,None.,None.
KBDL-CUS-026,Pending dependencies,Discretionary KBDL-010 policy (KBDL-CUS-023 through KBDL-CUS-029),Uniform default,None.,None.
KBDL-CUS-027,Pending dependencies,Discretionary KBDL-010 policy (KBDL-CUS-023 through KBDL-CUS-029),Uniform default,None.,None.
KBDL-CUS-028,Pending dependencies,Discretionary KBDL-010 policy (KBDL-CUS-023 through KBDL-CUS-029),Uniform default,None.,None.
KBDL-CUS-029,Pending dependencies,Discretionary KBDL-010 policy (KBDL-CUS-023 through KBDL-CUS-029),Uniform default,None.,None.
KBDL-CUS-023,Related decision,Discretionary KBDL-010 policy (KBDL-CUS-023 through KBDL-CUS-029),Uniform default,None — no packet item has been approved.,None — no packet item has been approved.
KBDL-CUS-024,Related decision,Discretionary KBDL-010 policy (KBDL-CUS-023 through KBDL-CUS-029),Uniform default,None — no packet item has been approved.,None — no packet item has been approved.
KBDL-CUS-025,Related decision,Discretionary KBDL-010 policy (KBDL-CUS-023 through KBDL-CUS-029),Uniform default,None — no packet item has been approved.,None — no packet item has been approved.
KBDL-CUS-026,Related decision,Discretionary KBDL-010 policy (KBDL-CUS-023 through KBDL-CUS-029),Uniform default,None — no packet item has been approved.,None — no packet item has been approved.
KBDL-CUS-027,Related decision,Discretionary KBDL-010 policy (KBDL-CUS-023 through KBDL-CUS-029),Uniform default,None — no packet item has been approved.,None — no packet item has been approved.
KBDL-CUS-028,Related decision,Discretionary KBDL-010 policy (KBDL-CUS-023 through KBDL-CUS-029),Uniform default,None — no packet item has been approved.,None — no packet item has been approved.
KBDL-CUS-029,Related decision,Discretionary KBDL-010 policy (KBDL-CUS-023 through KBDL-CUS-029),Uniform default,None — no packet item has been approved.,None — no packet item has been approved.
KBDL-CUS-023,Notes or exclusions,Discretionary KBDL-010 policy (KBDL-CUS-023 through KBDL-CUS-029),Uniform default,"Approval scope and exclusions appear in [the packet](customization.md#37-kbdl-010-decision-packet). Item 2's accessibility/security independent-review rule has no material-threshold dependency; item 3 exclusively owns risk tiers, minor/material thresholds, and any material-classification reviewer trigger.","Approval scope and exclusions appear in [the packet](customization.md#37-kbdl-010-decision-packet). Item 2's accessibility/security independent-review rule has no material-threshold dependency; item 3 exclusively owns risk tiers, minor/material thresholds, and any material-classification reviewer trigger."
KBDL-CUS-024,Notes or exclusions,Discretionary KBDL-010 policy (KBDL-CUS-023 through KBDL-CUS-029),Uniform default,"Approval scope and exclusions appear in [the packet](customization.md#37-kbdl-010-decision-packet). Item 2's accessibility/security independent-review rule has no material-threshold dependency; item 3 exclusively owns risk tiers, minor/material thresholds, and any material-classification reviewer trigger.","Approval scope and exclusions appear in [the packet](customization.md#37-kbdl-010-decision-packet). Item 2's accessibility/security independent-review rule has no material-threshold dependency; item 3 exclusively owns risk tiers, minor/material thresholds, and any material-classification reviewer trigger."
KBDL-CUS-025,Notes or exclusions,Discretionary KBDL-010 policy (KBDL-CUS-023 through KBDL-CUS-029),Uniform default,"Approval scope and exclusions appear in [the packet](customization.md#37-kbdl-010-decision-packet). Item 2's accessibility/security independent-review rule has no material-threshold dependency; item 3 exclusively owns risk tiers, minor/material thresholds, and any material-classification reviewer trigger.","Approval scope and exclusions appear in [the packet](customization.md#37-kbdl-010-decision-packet). Item 2's accessibility/security independent-review rule has no material-threshold dependency; item 3 exclusively owns risk tiers, minor/material thresholds, and any material-classification reviewer trigger."
KBDL-CUS-026,Notes or exclusions,Discretionary KBDL-010 policy (KBDL-CUS-023 through KBDL-CUS-029),Uniform default,"Approval scope and exclusions appear in [the packet](customization.md#37-kbdl-010-decision-packet). Item 2's accessibility/security independent-review rule has no material-threshold dependency; item 3 exclusively owns risk tiers, minor/material thresholds, and any material-classification reviewer trigger.","Approval scope and exclusions appear in [the packet](customization.md#37-kbdl-010-decision-packet). Item 2's accessibility/security independent-review rule has no material-threshold dependency; item 3 exclusively owns risk tiers, minor/material thresholds, and any material-classification reviewer trigger."
KBDL-CUS-027,Notes or exclusions,Discretionary KBDL-010 policy (KBDL-CUS-023 through KBDL-CUS-029),Uniform default,"Approval scope and exclusions appear in [the packet](customization.md#37-kbdl-010-decision-packet). Item 2's accessibility/security independent-review rule has no material-threshold dependency; item 3 exclusively owns risk tiers, minor/material thresholds, and any material-classification reviewer trigger.","Approval scope and exclusions appear in [the packet](customization.md#37-kbdl-010-decision-packet). Item 2's accessibility/security independent-review rule has no material-threshold dependency; item 3 exclusively owns risk tiers, minor/material thresholds, and any material-classification reviewer trigger."
KBDL-CUS-028,Notes or exclusions,Discretionary KBDL-010 policy (KBDL-CUS-023 through KBDL-CUS-029),Uniform default,"Approval scope and exclusions appear in [the packet](customization.md#37-kbdl-010-decision-packet). Item 2's accessibility/security independent-review rule has no material-threshold dependency; item 3 exclusively owns risk tiers, minor/material thresholds, and any material-classification reviewer trigger.","Approval scope and exclusions appear in [the packet](customization.md#37-kbdl-010-decision-packet). Item 2's accessibility/security independent-review rule has no material-threshold dependency; item 3 exclusively owns risk tiers, minor/material thresholds, and any material-classification reviewer trigger."
KBDL-CUS-029,Notes or exclusions,Discretionary KBDL-010 policy (KBDL-CUS-023 through KBDL-CUS-029),Uniform default,"Approval scope and exclusions appear in [the packet](customization.md#37-kbdl-010-decision-packet). Item 2's accessibility/security independent-review rule has no material-threshold dependency; item 3 exclusively owns risk tiers, minor/material thresholds, and any material-classification reviewer trigger.","Approval scope and exclusions appear in [the packet](customization.md#37-kbdl-010-decision-packet). Item 2's accessibility/security independent-review rule has no material-threshold dependency; item 3 exclusively owns risk tiers, minor/material thresholds, and any material-classification reviewer trigger."
KBDL-CUS-030,Blueprint section,Deferred machine-readable format (KBDL-CUS-030),Exact per-ID mapping,Deferred tooling and formats,Deferred tooling and formats
KBDL-CUS-030,Roadmap prompt,Deferred machine-readable format (KBDL-CUS-030),Exact per-ID mapping,KBDL-010,KBDL-010
KBDL-CUS-030,Specification location,Deferred machine-readable format (KBDL-CUS-030),Exact per-ID mapping,[customization.md §41](customization.md#41-deferred-and-unresolved-items),[customization.md §41](customization.md#41-deferred-and-unresolved-items)
KBDL-CUS-030,Lifecycle status,Deferred machine-readable format (KBDL-CUS-030),Exact per-ID mapping,Deferred.,Deferred.
KBDL-CUS-030,Provenance,Deferred machine-readable format (KBDL-CUS-030),Exact per-ID mapping,Assumed.,Assumed.
KBDL-CUS-030,Validation classification,Deferred machine-readable format (KBDL-CUS-030),Exact per-ID mapping,Not applicable,Not applicable
KBDL-CUS-030,Authority,Deferred machine-readable format (KBDL-CUS-030),Exact per-ID mapping,Not applicable — deliberately deferred; assignment of a CUS ID does not grant implementation authority.,Not applicable — deliberately deferred; assignment of a CUS ID does not grant implementation authority.
KBDL-CUS-030,Validation method,Deferred machine-readable format (KBDL-CUS-030),Non-overriding summary,Not applicable until resumed; no evidence.,Not applicable until resumed; no evidence.
KBDL-CUS-030,Validation evidence,Deferred machine-readable format (KBDL-CUS-030),Missing,MISSING,MISSING
KBDL-CUS-030,Known limitation,Deferred machine-readable format (KBDL-CUS-030),Exact per-ID mapping,No machine-readable format or tooling is authorized.,No machine-readable format or tooling is authorized.
KBDL-CUS-030,Packet or tracking destination,Deferred machine-readable format (KBDL-CUS-030),Exact per-ID mapping,Deferred tracking.,Deferred tracking.
KBDL-CUS-030,Pending dependencies,Deferred machine-readable format (KBDL-CUS-030),Missing,MISSING,MISSING
KBDL-CUS-030,Related decision,Deferred machine-readable format (KBDL-CUS-030),Exact per-ID mapping,None.,None.
KBDL-CUS-030,Notes or exclusions,Deferred machine-readable format (KBDL-CUS-030),Exact per-ID mapping,Not an orphan packet item and not approval-ready. ## KBDL-011 — Final Validation The entries below trace every KBDL-011 methodology requirement to [validation.md](validation.md). Each ID appears exactly once in the grouped records and has its own specification location and evidence boundary.,Not an orphan packet item and not approval-ready. ## KBDL-011 — Final Validation The entries below trace every KBDL-011 methodology requirement to [validation.md](validation.md). Each ID appears exactly once in the grouped records and has its own specification location and evidence boundary.
KBDL-VAL-001,Blueprint section,"Evidence, inventory, lifecycle, and validation integrity (KBDL-VAL-001 through KBDL-VAL-004)",Uniform default,Final validation methodology; evidence classification; complete inventory; authority and status integrity,Final validation methodology; evidence classification; complete inventory; authority and status integrity
KBDL-VAL-002,Blueprint section,"Evidence, inventory, lifecycle, and validation integrity (KBDL-VAL-001 through KBDL-VAL-004)",Uniform default,Final validation methodology; evidence classification; complete inventory; authority and status integrity,Final validation methodology; evidence classification; complete inventory; authority and status integrity
KBDL-VAL-003,Blueprint section,"Evidence, inventory, lifecycle, and validation integrity (KBDL-VAL-001 through KBDL-VAL-004)",Uniform default,Final validation methodology; evidence classification; complete inventory; authority and status integrity,Final validation methodology; evidence classification; complete inventory; authority and status integrity
KBDL-VAL-004,Blueprint section,"Evidence, inventory, lifecycle, and validation integrity (KBDL-VAL-001 through KBDL-VAL-004)",Uniform default,Final validation methodology; evidence classification; complete inventory; authority and status integrity,Final validation methodology; evidence classification; complete inventory; authority and status integrity
KBDL-VAL-001,Roadmap prompt,"Evidence, inventory, lifecycle, and validation integrity (KBDL-VAL-001 through KBDL-VAL-004)",Uniform default,KBDL-011,KBDL-011
KBDL-VAL-002,Roadmap prompt,"Evidence, inventory, lifecycle, and validation integrity (KBDL-VAL-001 through KBDL-VAL-004)",Uniform default,KBDL-011,KBDL-011
KBDL-VAL-003,Roadmap prompt,"Evidence, inventory, lifecycle, and validation integrity (KBDL-VAL-001 through KBDL-VAL-004)",Uniform default,KBDL-011,KBDL-011
KBDL-VAL-004,Roadmap prompt,"Evidence, inventory, lifecycle, and validation integrity (KBDL-VAL-001 through KBDL-VAL-004)",Uniform default,KBDL-011,KBDL-011
KBDL-VAL-001,Specification location,"Evidence, inventory, lifecycle, and validation integrity (KBDL-VAL-001 through KBDL-VAL-004)",Missing,MISSING,MISSING
KBDL-VAL-002,Specification location,"Evidence, inventory, lifecycle, and validation integrity (KBDL-VAL-001 through KBDL-VAL-004)",Missing,MISSING,MISSING
KBDL-VAL-003,Specification location,"Evidence, inventory, lifecycle, and validation integrity (KBDL-VAL-001 through KBDL-VAL-004)",Missing,MISSING,MISSING
KBDL-VAL-004,Specification location,"Evidence, inventory, lifecycle, and validation integrity (KBDL-VAL-001 through KBDL-VAL-004)",Missing,MISSING,MISSING
KBDL-VAL-001,Lifecycle status,"Evidence, inventory, lifecycle, and validation integrity (KBDL-VAL-001 through KBDL-VAL-004)",Uniform default,All Approved.,All Approved.
KBDL-VAL-002,Lifecycle status,"Evidence, inventory, lifecycle, and validation integrity (KBDL-VAL-001 through KBDL-VAL-004)",Uniform default,All Approved.,All Approved.
KBDL-VAL-003,Lifecycle status,"Evidence, inventory, lifecycle, and validation integrity (KBDL-VAL-001 through KBDL-VAL-004)",Uniform default,All Approved.,All Approved.
KBDL-VAL-004,Lifecycle status,"Evidence, inventory, lifecycle, and validation integrity (KBDL-VAL-001 through KBDL-VAL-004)",Uniform default,All Approved.,All Approved.
KBDL-VAL-001,Provenance,"Evidence, inventory, lifecycle, and validation integrity (KBDL-VAL-001 through KBDL-VAL-004)",Uniform default,All Confirmed.,All Confirmed.
KBDL-VAL-002,Provenance,"Evidence, inventory, lifecycle, and validation integrity (KBDL-VAL-001 through KBDL-VAL-004)",Uniform default,All Confirmed.,All Confirmed.
KBDL-VAL-003,Provenance,"Evidence, inventory, lifecycle, and validation integrity (KBDL-VAL-001 through KBDL-VAL-004)",Uniform default,All Confirmed.,All Confirmed.
KBDL-VAL-004,Provenance,"Evidence, inventory, lifecycle, and validation integrity (KBDL-VAL-001 through KBDL-VAL-004)",Uniform default,All Confirmed.,All Confirmed.
KBDL-VAL-001,Validation classification,"Evidence, inventory, lifecycle, and validation integrity (KBDL-VAL-001 through KBDL-VAL-004)",Uniform default,"`001`, `002`, `003`: Verified; `004`: Not verified. R14's corrected authority graph and real mutations pass; the eleven R12 clause-evidence findings remain out of scope.","`001`, `002`, `003`: Verified; `004`: Not verified. R14's corrected authority graph and real mutations pass; the eleven R12 clause-evidence findings remain out of scope."
KBDL-VAL-002,Validation classification,"Evidence, inventory, lifecycle, and validation integrity (KBDL-VAL-001 through KBDL-VAL-004)",Uniform default,"`001`, `002`, `003`: Verified; `004`: Not verified. R14's corrected authority graph and real mutations pass; the eleven R12 clause-evidence findings remain out of scope.","`001`, `002`, `003`: Verified; `004`: Not verified. R14's corrected authority graph and real mutations pass; the eleven R12 clause-evidence findings remain out of scope."
KBDL-VAL-003,Validation classification,"Evidence, inventory, lifecycle, and validation integrity (KBDL-VAL-001 through KBDL-VAL-004)",Exact per-ID mapping,Verified,"`001`, `002`, `003`: Verified; `004`: Not verified. R14's corrected authority graph and real mutations pass; the eleven R12 clause-evidence findings remain out of scope."
KBDL-VAL-004,Validation classification,"Evidence, inventory, lifecycle, and validation integrity (KBDL-VAL-001 through KBDL-VAL-004)",Exact per-ID mapping,Not verified. R14's corrected authority graph and real mutations pass; the eleven R12 clause-evidence findings remain out of scope.,"`001`, `002`, `003`: Verified; `004`: Not verified. R14's corrected authority graph and real mutations pass; the eleven R12 clause-evidence findings remain out of scope."
KBDL-VAL-001,Authority,"Evidence, inventory, lifecycle, and validation integrity (KBDL-VAL-001 through KBDL-VAL-004)",Uniform default,Explicit mandatory KBDL-011 prompt clauses approved by the project owner.,Explicit mandatory KBDL-011 prompt clauses approved by the project owner.
KBDL-VAL-002,Authority,"Evidence, inventory, lifecycle, and validation integrity (KBDL-VAL-001 through KBDL-VAL-004)",Uniform default,Explicit mandatory KBDL-011 prompt clauses approved by the project owner.,Explicit mandatory KBDL-011 prompt clauses approved by the project owner.
KBDL-VAL-003,Authority,"Evidence, inventory, lifecycle, and validation integrity (KBDL-VAL-001 through KBDL-VAL-004)",Uniform default,Explicit mandatory KBDL-011 prompt clauses approved by the project owner.,Explicit mandatory KBDL-011 prompt clauses approved by the project owner.
KBDL-VAL-004,Authority,"Evidence, inventory, lifecycle, and validation integrity (KBDL-VAL-001 through KBDL-VAL-004)",Uniform default,Explicit mandatory KBDL-011 prompt clauses approved by the project owner.,Explicit mandatory KBDL-011 prompt clauses approved by the project owner.
KBDL-VAL-001,Validation method,"Evidence, inventory, lifecycle, and validation integrity (KBDL-VAL-001 through KBDL-VAL-004)",Missing,MISSING,MISSING
KBDL-VAL-002,Validation method,"Evidence, inventory, lifecycle, and validation integrity (KBDL-VAL-001 through KBDL-VAL-004)",Missing,MISSING,MISSING
KBDL-VAL-003,Validation method,"Evidence, inventory, lifecycle, and validation integrity (KBDL-VAL-001 through KBDL-VAL-004)",Missing,MISSING,MISSING
KBDL-VAL-004,Validation method,"Evidence, inventory, lifecycle, and validation integrity (KBDL-VAL-001 through KBDL-VAL-004)",Missing,MISSING,MISSING
KBDL-VAL-001,Validation evidence,"Evidence, inventory, lifecycle, and validation integrity (KBDL-VAL-001 through KBDL-VAL-004)",Missing,MISSING,MISSING
KBDL-VAL-002,Validation evidence,"Evidence, inventory, lifecycle, and validation integrity (KBDL-VAL-001 through KBDL-VAL-004)",Missing,MISSING,MISSING
KBDL-VAL-003,Validation evidence,"Evidence, inventory, lifecycle, and validation integrity (KBDL-VAL-001 through KBDL-VAL-004)",Missing,MISSING,MISSING
KBDL-VAL-004,Validation evidence,"Evidence, inventory, lifecycle, and validation integrity (KBDL-VAL-001 through KBDL-VAL-004)",Missing,MISSING,MISSING
KBDL-VAL-001,Known limitation,"Evidence, inventory, lifecycle, and validation integrity (KBDL-VAL-001 through KBDL-VAL-004)",Uniform default,These methods validate repository evidence only; they do not execute an implementation.,These methods validate repository evidence only; they do not execute an implementation.
KBDL-VAL-002,Known limitation,"Evidence, inventory, lifecycle, and validation integrity (KBDL-VAL-001 through KBDL-VAL-004)",Uniform default,These methods validate repository evidence only; they do not execute an implementation.,These methods validate repository evidence only; they do not execute an implementation.
KBDL-VAL-003,Known limitation,"Evidence, inventory, lifecycle, and validation integrity (KBDL-VAL-001 through KBDL-VAL-004)",Uniform default,These methods validate repository evidence only; they do not execute an implementation.,These methods validate repository evidence only; they do not execute an implementation.
KBDL-VAL-004,Known limitation,"Evidence, inventory, lifecycle, and validation integrity (KBDL-VAL-001 through KBDL-VAL-004)",Uniform default,These methods validate repository evidence only; they do not execute an implementation.,These methods validate repository evidence only; they do not execute an implementation.
KBDL-VAL-001,Packet or tracking destination,"Evidence, inventory, lifecycle, and validation integrity (KBDL-VAL-001 through KBDL-VAL-004)",Uniform default,`001`–`004`: None — Approved.,`001`–`004`: None — Approved.
KBDL-VAL-002,Packet or tracking destination,"Evidence, inventory, lifecycle, and validation integrity (KBDL-VAL-001 through KBDL-VAL-004)",Uniform default,`001`–`004`: None — Approved.,`001`–`004`: None — Approved.
KBDL-VAL-003,Packet or tracking destination,"Evidence, inventory, lifecycle, and validation integrity (KBDL-VAL-001 through KBDL-VAL-004)",Uniform default,`001`–`004`: None — Approved.,`001`–`004`: None — Approved.
KBDL-VAL-004,Packet or tracking destination,"Evidence, inventory, lifecycle, and validation integrity (KBDL-VAL-001 through KBDL-VAL-004)",Exact per-ID mapping,None — Approved.,`001`–`004`: None — Approved.
KBDL-VAL-001,Pending dependencies,"Evidence, inventory, lifecycle, and validation integrity (KBDL-VAL-001 through KBDL-VAL-004)",Uniform default,`001`–`004`: None for the documented checks.,`001`–`004`: None for the documented checks.
KBDL-VAL-002,Pending dependencies,"Evidence, inventory, lifecycle, and validation integrity (KBDL-VAL-001 through KBDL-VAL-004)",Uniform default,`001`–`004`: None for the documented checks.,`001`–`004`: None for the documented checks.
KBDL-VAL-003,Pending dependencies,"Evidence, inventory, lifecycle, and validation integrity (KBDL-VAL-001 through KBDL-VAL-004)",Uniform default,`001`–`004`: None for the documented checks.,`001`–`004`: None for the documented checks.
KBDL-VAL-004,Pending dependencies,"Evidence, inventory, lifecycle, and validation integrity (KBDL-VAL-001 through KBDL-VAL-004)",Exact per-ID mapping,None for the documented checks.,`001`–`004`: None for the documented checks.
KBDL-VAL-001,Related decision,"Evidence, inventory, lifecycle, and validation integrity (KBDL-VAL-001 through KBDL-VAL-004)",Uniform default,None; methodology approval does not alter earlier decisions.,None; methodology approval does not alter earlier decisions.
KBDL-VAL-002,Related decision,"Evidence, inventory, lifecycle, and validation integrity (KBDL-VAL-001 through KBDL-VAL-004)",Uniform default,None; methodology approval does not alter earlier decisions.,None; methodology approval does not alter earlier decisions.
KBDL-VAL-003,Related decision,"Evidence, inventory, lifecycle, and validation integrity (KBDL-VAL-001 through KBDL-VAL-004)",Uniform default,None; methodology approval does not alter earlier decisions.,None; methodology approval does not alter earlier decisions.
KBDL-VAL-004,Related decision,"Evidence, inventory, lifecycle, and validation integrity (KBDL-VAL-001 through KBDL-VAL-004)",Uniform default,None; methodology approval does not alter earlier decisions.,None; methodology approval does not alter earlier decisions.
KBDL-VAL-001,Notes or exclusions,"Evidence, inventory, lifecycle, and validation integrity (KBDL-VAL-001 through KBDL-VAL-004)",Uniform default,Verification is scoped to the executed validation method.,Verification is scoped to the executed validation method.
KBDL-VAL-002,Notes or exclusions,"Evidence, inventory, lifecycle, and validation integrity (KBDL-VAL-001 through KBDL-VAL-004)",Uniform default,Verification is scoped to the executed validation method.,Verification is scoped to the executed validation method.
KBDL-VAL-003,Notes or exclusions,"Evidence, inventory, lifecycle, and validation integrity (KBDL-VAL-001 through KBDL-VAL-004)",Uniform default,Verification is scoped to the executed validation method.,Verification is scoped to the executed validation method.
KBDL-VAL-004,Notes or exclusions,"Evidence, inventory, lifecycle, and validation integrity (KBDL-VAL-001 through KBDL-VAL-004)",Uniform default,Verification is scoped to the executed validation method.,Verification is scoped to the executed validation method.
KBDL-VAL-005,Blueprint section,"Decisions, traceability, documentation, and architecture (KBDL-VAL-005 through KBDL-VAL-008)",Uniform default,Decision and pending integrity; traceability; documentation integrity; static cross-module consistency,Decision and pending integrity; traceability; documentation integrity; static cross-module consistency
KBDL-VAL-006,Blueprint section,"Decisions, traceability, documentation, and architecture (KBDL-VAL-005 through KBDL-VAL-008)",Uniform default,Decision and pending integrity; traceability; documentation integrity; static cross-module consistency,Decision and pending integrity; traceability; documentation integrity; static cross-module consistency
KBDL-VAL-007,Blueprint section,"Decisions, traceability, documentation, and architecture (KBDL-VAL-005 through KBDL-VAL-008)",Uniform default,Decision and pending integrity; traceability; documentation integrity; static cross-module consistency,Decision and pending integrity; traceability; documentation integrity; static cross-module consistency
KBDL-VAL-008,Blueprint section,"Decisions, traceability, documentation, and architecture (KBDL-VAL-005 through KBDL-VAL-008)",Uniform default,Decision and pending integrity; traceability; documentation integrity; static cross-module consistency,Decision and pending integrity; traceability; documentation integrity; static cross-module consistency
KBDL-VAL-005,Roadmap prompt,"Decisions, traceability, documentation, and architecture (KBDL-VAL-005 through KBDL-VAL-008)",Uniform default,KBDL-011,KBDL-011
KBDL-VAL-006,Roadmap prompt,"Decisions, traceability, documentation, and architecture (KBDL-VAL-005 through KBDL-VAL-008)",Uniform default,KBDL-011,KBDL-011
KBDL-VAL-007,Roadmap prompt,"Decisions, traceability, documentation, and architecture (KBDL-VAL-005 through KBDL-VAL-008)",Uniform default,KBDL-011,KBDL-011
KBDL-VAL-008,Roadmap prompt,"Decisions, traceability, documentation, and architecture (KBDL-VAL-005 through KBDL-VAL-008)",Uniform default,KBDL-011,KBDL-011
KBDL-VAL-005,Specification location,"Decisions, traceability, documentation, and architecture (KBDL-VAL-005 through KBDL-VAL-008)",Missing,MISSING,MISSING
KBDL-VAL-006,Specification location,"Decisions, traceability, documentation, and architecture (KBDL-VAL-005 through KBDL-VAL-008)",Missing,MISSING,MISSING
KBDL-VAL-007,Specification location,"Decisions, traceability, documentation, and architecture (KBDL-VAL-005 through KBDL-VAL-008)",Missing,MISSING,MISSING
KBDL-VAL-008,Specification location,"Decisions, traceability, documentation, and architecture (KBDL-VAL-005 through KBDL-VAL-008)",Missing,MISSING,MISSING
KBDL-VAL-005,Lifecycle status,"Decisions, traceability, documentation, and architecture (KBDL-VAL-005 through KBDL-VAL-008)",Uniform default,All Approved.,All Approved.
KBDL-VAL-006,Lifecycle status,"Decisions, traceability, documentation, and architecture (KBDL-VAL-005 through KBDL-VAL-008)",Uniform default,All Approved.,All Approved.
KBDL-VAL-007,Lifecycle status,"Decisions, traceability, documentation, and architecture (KBDL-VAL-005 through KBDL-VAL-008)",Uniform default,All Approved.,All Approved.
KBDL-VAL-008,Lifecycle status,"Decisions, traceability, documentation, and architecture (KBDL-VAL-005 through KBDL-VAL-008)",Uniform default,All Approved.,All Approved.
KBDL-VAL-005,Provenance,"Decisions, traceability, documentation, and architecture (KBDL-VAL-005 through KBDL-VAL-008)",Uniform default,All Confirmed.,All Confirmed.
KBDL-VAL-006,Provenance,"Decisions, traceability, documentation, and architecture (KBDL-VAL-005 through KBDL-VAL-008)",Uniform default,All Confirmed.,All Confirmed.
KBDL-VAL-007,Provenance,"Decisions, traceability, documentation, and architecture (KBDL-VAL-005 through KBDL-VAL-008)",Uniform default,All Confirmed.,All Confirmed.
KBDL-VAL-008,Provenance,"Decisions, traceability, documentation, and architecture (KBDL-VAL-005 through KBDL-VAL-008)",Uniform default,All Confirmed.,All Confirmed.
KBDL-VAL-005,Validation classification,"Decisions, traceability, documentation, and architecture (KBDL-VAL-005 through KBDL-VAL-008)",Uniform default,"`005`, `006`, `007`: Verified; `008`: Not verified. R14's corrected field-source validator and real mutations pass.","`005`, `006`, `007`: Verified; `008`: Not verified. R14's corrected field-source validator and real mutations pass."
KBDL-VAL-006,Validation classification,"Decisions, traceability, documentation, and architecture (KBDL-VAL-005 through KBDL-VAL-008)",Uniform default,"`005`, `006`, `007`: Verified; `008`: Not verified. R14's corrected field-source validator and real mutations pass.","`005`, `006`, `007`: Verified; `008`: Not verified. R14's corrected field-source validator and real mutations pass."
KBDL-VAL-007,Validation classification,"Decisions, traceability, documentation, and architecture (KBDL-VAL-005 through KBDL-VAL-008)",Exact per-ID mapping,Verified,"`005`, `006`, `007`: Verified; `008`: Not verified. R14's corrected field-source validator and real mutations pass."
KBDL-VAL-008,Validation classification,"Decisions, traceability, documentation, and architecture (KBDL-VAL-005 through KBDL-VAL-008)",Exact per-ID mapping,Not verified. R14's corrected field-source validator and real mutations pass.,"`005`, `006`, `007`: Verified; `008`: Not verified. R14's corrected field-source validator and real mutations pass."
KBDL-VAL-005,Authority,"Decisions, traceability, documentation, and architecture (KBDL-VAL-005 through KBDL-VAL-008)",Uniform default,Explicit mandatory KBDL-011 prompt clauses approved by the project owner.,Explicit mandatory KBDL-011 prompt clauses approved by the project owner.
KBDL-VAL-006,Authority,"Decisions, traceability, documentation, and architecture (KBDL-VAL-005 through KBDL-VAL-008)",Uniform default,Explicit mandatory KBDL-011 prompt clauses approved by the project owner.,Explicit mandatory KBDL-011 prompt clauses approved by the project owner.
KBDL-VAL-007,Authority,"Decisions, traceability, documentation, and architecture (KBDL-VAL-005 through KBDL-VAL-008)",Uniform default,Explicit mandatory KBDL-011 prompt clauses approved by the project owner.,Explicit mandatory KBDL-011 prompt clauses approved by the project owner.
KBDL-VAL-008,Authority,"Decisions, traceability, documentation, and architecture (KBDL-VAL-005 through KBDL-VAL-008)",Uniform default,Explicit mandatory KBDL-011 prompt clauses approved by the project owner.,Explicit mandatory KBDL-011 prompt clauses approved by the project owner.
KBDL-VAL-005,Validation method,"Decisions, traceability, documentation, and architecture (KBDL-VAL-005 through KBDL-VAL-008)",Missing,MISSING,MISSING
KBDL-VAL-006,Validation method,"Decisions, traceability, documentation, and architecture (KBDL-VAL-005 through KBDL-VAL-008)",Missing,MISSING,MISSING
KBDL-VAL-007,Validation method,"Decisions, traceability, documentation, and architecture (KBDL-VAL-005 through KBDL-VAL-008)",Missing,MISSING,MISSING
KBDL-VAL-008,Validation method,"Decisions, traceability, documentation, and architecture (KBDL-VAL-005 through KBDL-VAL-008)",Missing,MISSING,MISSING
KBDL-VAL-005,Validation evidence,"Decisions, traceability, documentation, and architecture (KBDL-VAL-005 through KBDL-VAL-008)",Missing,MISSING,MISSING
KBDL-VAL-006,Validation evidence,"Decisions, traceability, documentation, and architecture (KBDL-VAL-005 through KBDL-VAL-008)",Missing,MISSING,MISSING
KBDL-VAL-007,Validation evidence,"Decisions, traceability, documentation, and architecture (KBDL-VAL-005 through KBDL-VAL-008)",Missing,MISSING,MISSING
KBDL-VAL-008,Validation evidence,"Decisions, traceability, documentation, and architecture (KBDL-VAL-005 through KBDL-VAL-008)",Missing,MISSING,MISSING
KBDL-VAL-005,Known limitation,"Decisions, traceability, documentation, and architecture (KBDL-VAL-005 through KBDL-VAL-008)",Uniform default,"Static agreement does not establish runtime, assistive-technology, device, security, or production conformance.","Static agreement does not establish runtime, assistive-technology, device, security, or production conformance."
KBDL-VAL-006,Known limitation,"Decisions, traceability, documentation, and architecture (KBDL-VAL-005 through KBDL-VAL-008)",Uniform default,"Static agreement does not establish runtime, assistive-technology, device, security, or production conformance.","Static agreement does not establish runtime, assistive-technology, device, security, or production conformance."
KBDL-VAL-007,Known limitation,"Decisions, traceability, documentation, and architecture (KBDL-VAL-005 through KBDL-VAL-008)",Uniform default,"Static agreement does not establish runtime, assistive-technology, device, security, or production conformance.","Static agreement does not establish runtime, assistive-technology, device, security, or production conformance."
KBDL-VAL-008,Known limitation,"Decisions, traceability, documentation, and architecture (KBDL-VAL-005 through KBDL-VAL-008)",Uniform default,"Static agreement does not establish runtime, assistive-technology, device, security, or production conformance.","Static agreement does not establish runtime, assistive-technology, device, security, or production conformance."
KBDL-VAL-005,Packet or tracking destination,"Decisions, traceability, documentation, and architecture (KBDL-VAL-005 through KBDL-VAL-008)",Uniform default,`005`–`008`: None — Approved.,`005`–`008`: None — Approved.
KBDL-VAL-006,Packet or tracking destination,"Decisions, traceability, documentation, and architecture (KBDL-VAL-005 through KBDL-VAL-008)",Uniform default,`005`–`008`: None — Approved.,`005`–`008`: None — Approved.
KBDL-VAL-007,Packet or tracking destination,"Decisions, traceability, documentation, and architecture (KBDL-VAL-005 through KBDL-VAL-008)",Uniform default,`005`–`008`: None — Approved.,`005`–`008`: None — Approved.
KBDL-VAL-008,Packet or tracking destination,"Decisions, traceability, documentation, and architecture (KBDL-VAL-005 through KBDL-VAL-008)",Exact per-ID mapping,None — Approved.,`005`–`008`: None — Approved.
KBDL-VAL-005,Pending dependencies,"Decisions, traceability, documentation, and architecture (KBDL-VAL-005 through KBDL-VAL-008)",Uniform default,`005`–`008`: None for static repository validation; recorded recommendations and deferrals remain pending.,`005`–`008`: None for static repository validation; recorded recommendations and deferrals remain pending.
KBDL-VAL-006,Pending dependencies,"Decisions, traceability, documentation, and architecture (KBDL-VAL-005 through KBDL-VAL-008)",Uniform default,`005`–`008`: None for static repository validation; recorded recommendations and deferrals remain pending.,`005`–`008`: None for static repository validation; recorded recommendations and deferrals remain pending.
KBDL-VAL-007,Pending dependencies,"Decisions, traceability, documentation, and architecture (KBDL-VAL-005 through KBDL-VAL-008)",Uniform default,`005`–`008`: None for static repository validation; recorded recommendations and deferrals remain pending.,`005`–`008`: None for static repository validation; recorded recommendations and deferrals remain pending.
KBDL-VAL-008,Pending dependencies,"Decisions, traceability, documentation, and architecture (KBDL-VAL-005 through KBDL-VAL-008)",Exact per-ID mapping,None for static repository validation; recorded recommendations and deferrals remain pending.,`005`–`008`: None for static repository validation; recorded recommendations and deferrals remain pending.
KBDL-VAL-005,Related decision,"Decisions, traceability, documentation, and architecture (KBDL-VAL-005 through KBDL-VAL-008)",Uniform default,Existing `KBDL-DEC-001`–`015`; no new decision is created.,Existing `KBDL-DEC-001`–`015`; no new decision is created.
KBDL-VAL-006,Related decision,"Decisions, traceability, documentation, and architecture (KBDL-VAL-005 through KBDL-VAL-008)",Uniform default,Existing `KBDL-DEC-001`–`015`; no new decision is created.,Existing `KBDL-DEC-001`–`015`; no new decision is created.
KBDL-VAL-007,Related decision,"Decisions, traceability, documentation, and architecture (KBDL-VAL-005 through KBDL-VAL-008)",Uniform default,Existing `KBDL-DEC-001`–`015`; no new decision is created.,Existing `KBDL-DEC-001`–`015`; no new decision is created.
KBDL-VAL-008,Related decision,"Decisions, traceability, documentation, and architecture (KBDL-VAL-005 through KBDL-VAL-008)",Uniform default,Existing `KBDL-DEC-001`–`015`; no new decision is created.,Existing `KBDL-DEC-001`–`015`; no new decision is created.
KBDL-VAL-005,Notes or exclusions,"Decisions, traceability, documentation, and architecture (KBDL-VAL-005 through KBDL-VAL-008)",Uniform default,Grouping is presentation only; each listed ID has a distinct evidence record.,Grouping is presentation only; each listed ID has a distinct evidence record.
KBDL-VAL-006,Notes or exclusions,"Decisions, traceability, documentation, and architecture (KBDL-VAL-005 through KBDL-VAL-008)",Uniform default,Grouping is presentation only; each listed ID has a distinct evidence record.,Grouping is presentation only; each listed ID has a distinct evidence record.
KBDL-VAL-007,Notes or exclusions,"Decisions, traceability, documentation, and architecture (KBDL-VAL-005 through KBDL-VAL-008)",Uniform default,Grouping is presentation only; each listed ID has a distinct evidence record.,Grouping is presentation only; each listed ID has a distinct evidence record.
KBDL-VAL-008,Notes or exclusions,"Decisions, traceability, documentation, and architecture (KBDL-VAL-005 through KBDL-VAL-008)",Uniform default,Grouping is presentation only; each listed ID has a distinct evidence record.,Grouping is presentation only; each listed ID has a distinct evidence record.
KBDL-VAL-009,Blueprint section,"Calculations, evidence ledgers, and completion gate (KBDL-VAL-009 through KBDL-VAL-012)",Uniform default,Reproducible theme calculations; implementation and project ledgers; completion governance,Reproducible theme calculations; implementation and project ledgers; completion governance
KBDL-VAL-010,Blueprint section,"Calculations, evidence ledgers, and completion gate (KBDL-VAL-009 through KBDL-VAL-012)",Uniform default,Reproducible theme calculations; implementation and project ledgers; completion governance,Reproducible theme calculations; implementation and project ledgers; completion governance
KBDL-VAL-011,Blueprint section,"Calculations, evidence ledgers, and completion gate (KBDL-VAL-009 through KBDL-VAL-012)",Uniform default,Reproducible theme calculations; implementation and project ledgers; completion governance,Reproducible theme calculations; implementation and project ledgers; completion governance
KBDL-VAL-012,Blueprint section,"Calculations, evidence ledgers, and completion gate (KBDL-VAL-009 through KBDL-VAL-012)",Uniform default,Reproducible theme calculations; implementation and project ledgers; completion governance,Reproducible theme calculations; implementation and project ledgers; completion governance
KBDL-VAL-009,Roadmap prompt,"Calculations, evidence ledgers, and completion gate (KBDL-VAL-009 through KBDL-VAL-012)",Uniform default,KBDL-011,KBDL-011
KBDL-VAL-010,Roadmap prompt,"Calculations, evidence ledgers, and completion gate (KBDL-VAL-009 through KBDL-VAL-012)",Uniform default,KBDL-011,KBDL-011
KBDL-VAL-011,Roadmap prompt,"Calculations, evidence ledgers, and completion gate (KBDL-VAL-009 through KBDL-VAL-012)",Uniform default,KBDL-011,KBDL-011
KBDL-VAL-012,Roadmap prompt,"Calculations, evidence ledgers, and completion gate (KBDL-VAL-009 through KBDL-VAL-012)",Uniform default,KBDL-011,KBDL-011
KBDL-VAL-009,Specification location,"Calculations, evidence ledgers, and completion gate (KBDL-VAL-009 through KBDL-VAL-012)",Missing,MISSING,MISSING
KBDL-VAL-010,Specification location,"Calculations, evidence ledgers, and completion gate (KBDL-VAL-009 through KBDL-VAL-012)",Missing,MISSING,MISSING
KBDL-VAL-011,Specification location,"Calculations, evidence ledgers, and completion gate (KBDL-VAL-009 through KBDL-VAL-012)",Missing,MISSING,MISSING
KBDL-VAL-012,Specification location,"Calculations, evidence ledgers, and completion gate (KBDL-VAL-009 through KBDL-VAL-012)",Missing,MISSING,MISSING
KBDL-VAL-009,Lifecycle status,"Calculations, evidence ledgers, and completion gate (KBDL-VAL-009 through KBDL-VAL-012)",Uniform default,All Approved.,All Approved.
KBDL-VAL-010,Lifecycle status,"Calculations, evidence ledgers, and completion gate (KBDL-VAL-009 through KBDL-VAL-012)",Uniform default,All Approved.,All Approved.
KBDL-VAL-011,Lifecycle status,"Calculations, evidence ledgers, and completion gate (KBDL-VAL-009 through KBDL-VAL-012)",Uniform default,All Approved.,All Approved.
KBDL-VAL-012,Lifecycle status,"Calculations, evidence ledgers, and completion gate (KBDL-VAL-009 through KBDL-VAL-012)",Uniform default,All Approved.,All Approved.
KBDL-VAL-009,Provenance,"Calculations, evidence ledgers, and completion gate (KBDL-VAL-009 through KBDL-VAL-012)",Uniform default,All Confirmed.,All Confirmed.
KBDL-VAL-010,Provenance,"Calculations, evidence ledgers, and completion gate (KBDL-VAL-009 through KBDL-VAL-012)",Uniform default,All Confirmed.,All Confirmed.
KBDL-VAL-011,Provenance,"Calculations, evidence ledgers, and completion gate (KBDL-VAL-009 through KBDL-VAL-012)",Uniform default,All Confirmed.,All Confirmed.
KBDL-VAL-012,Provenance,"Calculations, evidence ledgers, and completion gate (KBDL-VAL-009 through KBDL-VAL-012)",Uniform default,All Confirmed.,All Confirmed.
KBDL-VAL-009,Validation classification,"Calculations, evidence ledgers, and completion gate (KBDL-VAL-009 through KBDL-VAL-012)",Exact per-ID mapping,"Verified; `010`, `011`: Not verified","`009`: Verified; `010`, `011`: Not verified; `012`: Verified."
KBDL-VAL-010,Validation classification,"Calculations, evidence ledgers, and completion gate (KBDL-VAL-009 through KBDL-VAL-012)",Uniform default,"`009`: Verified; `010`, `011`: Not verified; `012`: Verified.","`009`: Verified; `010`, `011`: Not verified; `012`: Verified."
KBDL-VAL-011,Validation classification,"Calculations, evidence ledgers, and completion gate (KBDL-VAL-009 through KBDL-VAL-012)",Exact per-ID mapping,Not verified,"`009`: Verified; `010`, `011`: Not verified; `012`: Verified."
KBDL-VAL-012,Validation classification,"Calculations, evidence ledgers, and completion gate (KBDL-VAL-009 through KBDL-VAL-012)",Exact per-ID mapping,Verified.,"`009`: Verified; `010`, `011`: Not verified; `012`: Verified."
KBDL-VAL-009,Authority,"Calculations, evidence ledgers, and completion gate (KBDL-VAL-009 through KBDL-VAL-012)",Uniform default,Explicit mandatory KBDL-011 prompt clauses approved by the project owner.,Explicit mandatory KBDL-011 prompt clauses approved by the project owner.
KBDL-VAL-010,Authority,"Calculations, evidence ledgers, and completion gate (KBDL-VAL-009 through KBDL-VAL-012)",Uniform default,Explicit mandatory KBDL-011 prompt clauses approved by the project owner.,Explicit mandatory KBDL-011 prompt clauses approved by the project owner.
KBDL-VAL-011,Authority,"Calculations, evidence ledgers, and completion gate (KBDL-VAL-009 through KBDL-VAL-012)",Uniform default,Explicit mandatory KBDL-011 prompt clauses approved by the project owner.,Explicit mandatory KBDL-011 prompt clauses approved by the project owner.
KBDL-VAL-012,Authority,"Calculations, evidence ledgers, and completion gate (KBDL-VAL-009 through KBDL-VAL-012)",Uniform default,Explicit mandatory KBDL-011 prompt clauses approved by the project owner.,Explicit mandatory KBDL-011 prompt clauses approved by the project owner.
KBDL-VAL-009,Validation method,"Calculations, evidence ledgers, and completion gate (KBDL-VAL-009 through KBDL-VAL-012)",Missing,MISSING,MISSING
KBDL-VAL-010,Validation method,"Calculations, evidence ledgers, and completion gate (KBDL-VAL-009 through KBDL-VAL-012)",Missing,MISSING,MISSING
KBDL-VAL-011,Validation method,"Calculations, evidence ledgers, and completion gate (KBDL-VAL-009 through KBDL-VAL-012)",Missing,MISSING,MISSING
KBDL-VAL-012,Validation method,"Calculations, evidence ledgers, and completion gate (KBDL-VAL-009 through KBDL-VAL-012)",Missing,MISSING,MISSING
KBDL-VAL-009,Validation evidence,"Calculations, evidence ledgers, and completion gate (KBDL-VAL-009 through KBDL-VAL-012)",Missing,MISSING,MISSING
KBDL-VAL-010,Validation evidence,"Calculations, evidence ledgers, and completion gate (KBDL-VAL-009 through KBDL-VAL-012)",Missing,MISSING,MISSING
KBDL-VAL-011,Validation evidence,"Calculations, evidence ledgers, and completion gate (KBDL-VAL-009 through KBDL-VAL-012)",Missing,MISSING,MISSING
KBDL-VAL-012,Validation evidence,"Calculations, evidence ledgers, and completion gate (KBDL-VAL-009 through KBDL-VAL-012)",Missing,MISSING,MISSING
KBDL-VAL-009,Known limitation,"Calculations, evidence ledgers, and completion gate (KBDL-VAL-009 through KBDL-VAL-012)",Uniform default,"`009` excludes unknown alpha/media contexts; `010` and `011` verify ledger honesty, not implementation or project conformance; `012` records a pending gate.","`009` excludes unknown alpha/media contexts; `010` and `011` verify ledger honesty, not implementation or project conformance; `012` records a pending gate."
KBDL-VAL-010,Known limitation,"Calculations, evidence ledgers, and completion gate (KBDL-VAL-009 through KBDL-VAL-012)",Uniform default,"`009` excludes unknown alpha/media contexts; `010` and `011` verify ledger honesty, not implementation or project conformance; `012` records a pending gate.","`009` excludes unknown alpha/media contexts; `010` and `011` verify ledger honesty, not implementation or project conformance; `012` records a pending gate."
KBDL-VAL-011,Known limitation,"Calculations, evidence ledgers, and completion gate (KBDL-VAL-009 through KBDL-VAL-012)",Uniform default,"`009` excludes unknown alpha/media contexts; `010` and `011` verify ledger honesty, not implementation or project conformance; `012` records a pending gate.","`009` excludes unknown alpha/media contexts; `010` and `011` verify ledger honesty, not implementation or project conformance; `012` records a pending gate."
KBDL-VAL-012,Known limitation,"Calculations, evidence ledgers, and completion gate (KBDL-VAL-009 through KBDL-VAL-012)",Uniform default,"`009` excludes unknown alpha/media contexts; `010` and `011` verify ledger honesty, not implementation or project conformance; `012` records a pending gate.","`009` excludes unknown alpha/media contexts; `010` and `011` verify ledger honesty, not implementation or project conformance; `012` records a pending gate."
KBDL-VAL-009,Packet or tracking destination,"Calculations, evidence ledgers, and completion gate (KBDL-VAL-009 through KBDL-VAL-012)",Uniform default,`009`–`012`: None — Approved methodology requirements.,`009`–`012`: None — Approved methodology requirements.
KBDL-VAL-010,Packet or tracking destination,"Calculations, evidence ledgers, and completion gate (KBDL-VAL-009 through KBDL-VAL-012)",Uniform default,`009`–`012`: None — Approved methodology requirements.,`009`–`012`: None — Approved methodology requirements.
KBDL-VAL-011,Packet or tracking destination,"Calculations, evidence ledgers, and completion gate (KBDL-VAL-009 through KBDL-VAL-012)",Uniform default,`009`–`012`: None — Approved methodology requirements.,`009`–`012`: None — Approved methodology requirements.
KBDL-VAL-012,Packet or tracking destination,"Calculations, evidence ledgers, and completion gate (KBDL-VAL-009 through KBDL-VAL-012)",Exact per-ID mapping,None — Approved methodology requirements.,`009`–`012`: None — Approved methodology requirements.
KBDL-VAL-009,Pending dependencies,"Calculations, evidence ledgers, and completion gate (KBDL-VAL-009 through KBDL-VAL-012)",Exact per-ID mapping,none for opaque checks,`009`: none for opaque checks; `010`: implementation evidence; `011`: adopting-project evidence; `012`: planning-agent validation and explicit project-owner approval.
KBDL-VAL-010,Pending dependencies,"Calculations, evidence ledgers, and completion gate (KBDL-VAL-009 through KBDL-VAL-012)",Exact per-ID mapping,implementation evidence,`009`: none for opaque checks; `010`: implementation evidence; `011`: adopting-project evidence; `012`: planning-agent validation and explicit project-owner approval.
KBDL-VAL-011,Pending dependencies,"Calculations, evidence ledgers, and completion gate (KBDL-VAL-009 through KBDL-VAL-012)",Exact per-ID mapping,adopting-project evidence,`009`: none for opaque checks; `010`: implementation evidence; `011`: adopting-project evidence; `012`: planning-agent validation and explicit project-owner approval.
KBDL-VAL-012,Pending dependencies,"Calculations, evidence ledgers, and completion gate (KBDL-VAL-009 through KBDL-VAL-012)",Exact per-ID mapping,planning-agent validation and explicit project-owner approval.,`009`: none for opaque checks; `010`: implementation evidence; `011`: adopting-project evidence; `012`: planning-agent validation and explicit project-owner approval.
KBDL-VAL-009,Related decision,"Calculations, evidence ledgers, and completion gate (KBDL-VAL-009 through KBDL-VAL-012)",Uniform default,No completion decision exists; earlier decision scopes remain unchanged.,No completion decision exists; earlier decision scopes remain unchanged.
KBDL-VAL-010,Related decision,"Calculations, evidence ledgers, and completion gate (KBDL-VAL-009 through KBDL-VAL-012)",Uniform default,No completion decision exists; earlier decision scopes remain unchanged.,No completion decision exists; earlier decision scopes remain unchanged.
KBDL-VAL-011,Related decision,"Calculations, evidence ledgers, and completion gate (KBDL-VAL-009 through KBDL-VAL-012)",Uniform default,No completion decision exists; earlier decision scopes remain unchanged.,No completion decision exists; earlier decision scopes remain unchanged.
KBDL-VAL-012,Related decision,"Calculations, evidence ledgers, and completion gate (KBDL-VAL-009 through KBDL-VAL-012)",Uniform default,No completion decision exists; earlier decision scopes remain unchanged.,No completion decision exists; earlier decision scopes remain unchanged.
KBDL-VAL-009,Notes or exclusions,"Calculations, evidence ledgers, and completion gate (KBDL-VAL-009 through KBDL-VAL-012)",Uniform default,"Candidate documentation readiness is not project completion. ## Notes on Scope `GOV`, `PRN`, `FND`, `THM`, `MOT`, `RSP`, `A11Y`, and `CMP` are documented (architecture and, where noted per row, approved default values or approved WCAG/ARIA-derived requirements); none of their requirements have been *implemented* in code, regardless of lifecycle status — this matrix tracks specification-level approval and validation, not implementation. `RSP` and `A11Y` (KBDL-006) **passed** planning-agent validation before KBDL-007 began: `responsive.md` and `accessibility.md` are present; every requirement directly restating an already-adopted WCAG 2.2 criterion or prior approved KBDL rule remains `Approved`; the nine KBDL-specific recommendations (`KBDL-RSP-002`–`005`, `008`, `011`; `KBDL-A11Y-011`, `021`, `035`) remain `Recommended` and unapproved — KBDL-006 passing validation does **not** promote them. Implementation-dependent validation for both modules remains `Not verified`, since no implementation exists. [KBDL-DEC-015](decision-register.md#kbdl-dec-015--kbdl-006-remediation-and-id-governance-amendment) exists and records exactly two things: acceptance of the KBDL-006 remediation baseline (commit `14ef110`), and the requirement-ID governance amendment permitting stable IDs before approval. **It does not approve any of the nine KBDL-006 recommendation values** — no decision-register entry currently approves the responsive or accessibility decision packets, and none of the nine recommendations is `Approved`. `CMP` (KBDL-007) **passed** planning-agent validation before KBDL-008 began: `docs/kbdl/components-core.md` exists with 51 documented requirements (see the [KBDL-007 — Core Action, Form, and Navigation Components](#kbdl-007--core-action-form-and-navigation-components) section above); its standards-derived and inherited Approved requirements remain `Approved`; its ten KBDL-specific recommendations (`KBDL-CMP-015`, `017`, `020`, `025`, `029`, `036`, `041`, `044`, `046`, `048`) remain `Recommended` and unapproved — KBDL-007 passing validation does not promote them. `CMP` (KBDL-008) **passed** planning-agent validation before KBDL-009 began: `docs/kbdl/components-system.md` exists with 60 additional documented requirements (`KBDL-CMP-052`–`111`, see the [KBDL-008 — Surface, Overlay, Feedback, and System-State Components](#kbdl-008--surface-overlay-feedback-and-system-state-components) section above); its standards-derived and inherited Approved requirements remain `Approved`; its seventeen KBDL-specific recommendations (`KBDL-CMP-067`, `069`, `073`, `074`, `076`, `080`, `083`, `085`, `089`, `091`, `099`, `102`, `105`, `106`, `108`, `110`, `111`) remain `Recommended` and unapproved — KBDL-008 passing validation does not promote them. `PRO` (KBDL-009) is no longer a future or locked module: `docs/kbdl/profiles.md` exists with 29 documented requirements (`KBDL-PRO-001`–`029`, see the [KBDL-009 — Project Profiles](#kbdl-009--project-profiles) section above); KBDL-009 passed planning-agent validation before KBDL-010 began. `CUS` (KBDL-010) is present with the requirements traced above and passed planning-agent validation before KBDL-011 began. `VAL` (KBDL-011) is present as the Final Validation and completion gate; its baseline and candidate status remain pending independent planning-agent review and project-owner action. Approval status and validation status are recorded independently for every row; a row being `Approved` never implies it is `Verified`, and a row being `Verified` never implies or grants `Approved` status. `PRN` requirements are approved as principles-level guidance; they do not themselves introduce or approve any final visual, motion, or component value — those remain `Deferred` until their own modules are reached. `FND` requirements cover both foundation *architecture* (`KBDL-FND-001`–`008`) and the specific default values in the [foundation decision packet](foundations/README.md#6-foundation-decision-packet) (`KBDL-FND-009`–`012`); all twelve are `Approved` following the project owner's review recorded in [KBDL-DEC-012](decision-register.md#kbdl-dec-012--foundation-decision-packet-approved). Approval does not itself constitute validation — see each row's Validation status for what has actually been checked. `THM` requirements were originally split more narrowly than `FND`, following KBDL-004-R1: `Approved` only where a requirement's exact wording was directly and explicitly supported by a prior approved KBDL decision — `KBDL-THM-001`, `KBDL-THM-002`, `KBDL-THM-003` (narrowed to its precedence core), `KBDL-THM-005` (narrowed to its accessibility core), `KBDL-THM-006`, and `KBDL-THM-012a` (the pre-existing reduced-motion rule). Under KBDL-004-A1, the project owner approved the ten-item theme decision packet, promoting `KBDL-THM-004` (persistence baseline), `KBDL-THM-007`/`008` (opaque light/dark mappings only — the Accent- surface, Scrim, and Selection-background opacity values remain `Recommended`/`Not verified` and are excluded), `KBDL-THM-009` (status-family colors), `KBDL-THM-010` (opaque gradient caption-band strategy only — translucent variants remain excluded), `KBDL-THM-011` (color-value-expression convention), `KBDL-THM-012` (conceptual transition guidance only, no timing/easing), `KBDL-THM-013` (detailed precedence ordering), `KBDL-THM-014` (detailed project-override list), and `KBDL-THM-015` (local-contrast-context set) to `Approved`, per [KBDL-DEC-013](decision-register.md#kbdl-dec-013--kbdl-004-theme-decisions-approved). This approval does not extend to opacity values, translucent variants, account-level sync, high-contrast/forced-colors mode, data-visualization palettes, any implementation-layer format (CSS custom properties, JSON tokens, component-level theme tokens, framework APIs), or any motion timing/easing value — all of which remain `Recommended`/`Not verified` or out of scope, per [themes/README.md § Theme Decision Packet](themes/README.md#10-theme-decision-packet-approved-under-kbdl-004-a1). `MOT` requirements followed the same pattern as `THM` prior to KBDL-005-A1: `Approved` only where a requirement directly restated an already-approved KBDL-002 principle, KBDL-004 theme rule, or `KBDL-DEC-010` motion-safety baseline (`KBDL-MOT-001`–`003`, `004`, `012`, `014`–`019`, `021`–`027`); `Recommended` where new KBDL-005 policy was introduced — the motion hierarchy and intensity model (`KBDL-MOT-005`, `006`), the timing/ duration/easing architecture (`KBDL-MOT-007`–`009`), spatial-movement and choreography ranges (`KBDL-MOT-010`, `011`), navigation-motion architecture (`KBDL-MOT-013`), the theme-transition duration/easing values that resolve what KBDL-004 deferred (`KBDL-MOT-020`), and the detailed defaults separated from their Approved parent cores under KBDL-005-R1 — the entrance-versus-exit duration relationship (`KBDL-MOT-028`), the attention repetition default (`KBDL-MOT-029`), detailed ambient-motion boundaries (`KBDL-MOT-030`), detailed scroll-linked-motion boundaries (`KBDL-MOT-031`), the reduced-motion substitution matrix (`KBDL-MOT-032`), the conceptual motion-token naming architecture (`KBDL-MOT-033`), and profile-level motion-intensity adjustments (`KBDL-MOT-034`). `KBDL-MOT-006` and `KBDL-MOT-013` were initially documented without a decision-packet row; KBDL-005-R2 added packet items 14 and 15 to correct this coverage gap, completing a fifteen-item packet mapping all sixteen `Recommended` requirements (see [motion/README.md §10.2.1](motion/README.md#1021-approved-requirement-coverage) — `KBDL-MOT-007` and `KBDL-MOT-008` share one decision, as one timing system). Under **KBDL-005-A1**, the project owner approved exactly the fifteen-item packet, recorded as [KBDL-DEC-014](decision-register.md#kbdl-dec-014--kbdl-005-motion-decisions-approved), promoting all sixteen requirements above from `Recommended` to `Approved`. This approval does not extend to any item in [motion/README.md §10.3](motion/README.md#103-unresolved-or-not-approval-ready) (exact component-specific values, device-performance detection, animation-library/rendering-technology selection, CSS/JSON/JavaScript token formats, browser-support policy, exact scroll thresholds, exact quantitative motion-hazard thresholds), any unresolved KBDL-004 theme value, or any KBDL-006-or-later content — all of which remain `Recommended`/`Not verified`/`Deferred` or out of scope. Approval does not itself constitute validation — every promoted requirement's Validation status above is unchanged. `RSP` and `A11Y` requirements follow the same pattern established by `THM`/`MOT`: `Approved` only where a requirement directly restates an already-adopted WCAG 2.2 Level A/AA criterion (`KBDL-DEC-010`) or a prior approved KBDL principle, foundation, theme, or motion rule; `Recommended` where new KBDL-006 policy is introduced — exact breakpoint thresholds, grid columns, container widths, and gutters (`KBDL-RSP-002`–`005`), navigation collapse thresholds and the data-dense strategy (`KBDL-RSP-008`, `011`), the forced-colors/high-contrast policy (`KBDL-A11Y-011`), the preferred enhanced target size (`KBDL-A11Y-021`), and the preferred accessibility testing matrix (`KBDL-A11Y-035`). None of these `Recommended` items are implemented or treated as `Approved` until the project owner reviews the [responsive decision packet](responsive.md#35-responsive-decision-packet) and [accessibility decision packet](accessibility.md#49-accessibility-decision-packet); `KBDL-DEC-015` exists, but it records only the acceptance of the KBDL-006 remediation baseline and the requirement-ID governance amendment — it does not approve either decision packet, and no decision-register entry currently approves any of the nine KBDL-006 recommendation values, since no such review has yet occurred. This document does not claim full WCAG conformance, screen-reader compatibility, or real-device support — see [accessibility.md §48](accessibility.md#48-accessibility-validation-matrix) for exactly what has and has not been verified. `CMP` requirements follow the same pattern established by `RSP`/`A11Y`: `Approved` only where a requirement directly restates an already-adopted WCAG 2.2 Level A/AA criterion, WAI-ARIA role/state/property, or a prior approved KBDL principle, foundation, theme, motion, responsive, or accessibility rule; `Recommended` where new KBDL-007 component-level policy is introduced — the button hierarchy taxonomy, icon-only visible-label threshold, button-group guidance (`KBDL-CMP-015`, `017`, `020`), the search-field model, combobox-justification threshold, form-action-row reflow order (`KBDL-CMP-025`, `029`, `036`), and the navigation collapse threshold, breadcrumb/pagination truncation models, and tabs activation model (`KBDL-CMP-041`, `044`, `046`, `048`). None of these `Recommended` items are implemented or treated as `Approved` until the project owner reviews the [KBDL-007 decision packet](components-core.md#35-kbdl-007-decision-packet); no decision-register entry has been created for KBDL-007, since no such review has yet occurred. This document does not claim full WCAG conformance, ARIA-pattern compliance, screen-reader compatibility, or real-device support for any component — see [components-core.md §32–§34](components-core.md#32-accessibility-validation-matrix) for exactly what has and has not been verified. `CMP` requirements introduced by KBDL-008 extend this pattern with one additional authority: `Approved` where a requirement is authorized by an already-adopted WCAG 2.2 criterion, an adopted WAI-ARIA role/state/ property definition, a prior approved KBDL or KBDL-007 rule, an explicit mandatory requirement in the project-owner-approved KBDL-008 implementation prompt, or a documented combination of these (see each requirement's own record in [components-system.md §27](components-system.md#27-normative-requirements) for which authority applies, split by clause where mixed); prompt approval authorizes only the prompt's own mandatory scope — it does not approve the KBDL-008 decision packet, promote any KBDL-006 or KBDL-007 recommendation, or grant implementation-level validation. `Recommended` where new, discretionary KBDL-008 component-level policy not mandated by the approved prompt is introduced — a card-variant taxonomy, an accordion open model, a tooltip timing policy, a popover taxonomy, a menu interaction model, a modal sizing/nesting policy, a drawer/sheet taxonomy, an overlay nesting policy, a banner severity taxonomy, a toast lifecycle model, an empty-state taxonomy, an error/system-state severity taxonomy, a grid-versus-table threshold, a treegrid justification threshold, a carousel auto-rotation policy, a data-visualization interaction model, and a responsive transformation policy (`KBDL-CMP-067`, `069`, `073`, `074`, `076`, `080`, `083`, `085`, `089`, `091`, `099`, `102`, `105`, `106`, `108`, `110`, `111`). None of these `Recommended` items are implemented or treated as `Approved` until the project owner reviews the [KBDL-008 decision packet](components-system.md#33-kbdl-008-decision-packet); no decision-register entry has been created for KBDL-008, since no such review has yet occurred. This document does not claim full WCAG conformance, ARIA-pattern compliance, screen-reader compatibility, or real-device support for any component — see [components-system.md §29–§32](components-system.md#29-accessibility-validation-matrix) for exactly what has and has not been verified. `PRO` requirements introduced by KBDL-009 follow the same pattern: `Approved` where a requirement is authorized by a prior approved KBDL requirement, an explicit mandatory requirement in the project-owner-approved KBDL-009 implementation prompt, or a documented combination of these (see each requirement's own record in [profiles.md §28](profiles.md#28-normative-requirements) for which authority applies); prompt approval authorizes only the prompt's own mandatory scope — it does not approve the KBDL-009 decision packet, promote any KBDL-006, KBDL-007, or KBDL-008 recommendation, or grant implementation-level validation. `Recommended` where new, discretionary profile-governance policy not mandated by the approved prompt is introduced — a primary/secondary/hybrid profile policy, exact Precision density defaults, profile change/migration governance, a profile- selection rubric, and a profile review cadence (`KBDL-PRO-009`, `016`, `017`, `018`, `027`, `028`, `029`). None of these `Recommended` items are implemented or treated as `Approved` until the project owner reviews the [KBDL-009 decision packet](profiles.md#33-kbdl-009-decision-packet); no decision-register entry has been created for KBDL-009, since no such review has yet occurred. This document does not claim implementation- level profile validation or production conformance — see [profiles.md §31–§32](profiles.md#31-profile-invariant-validation-matrix) for exactly what has and has not been verified. KBDL-009 passed the planning agent's validation review and KBDL-010 (Manual Customization) is present with 30 `CUS` requirements. Its seven discretionary policy items remain Recommended, its format/tooling item remains Deferred, and no implementation-level customization behavior is verified. KBDL-010 passed planning-agent review and KBDL-011 is present with twelve Approved validation- methodology requirements. AR2 established current, non-retroactive authority without reconstructing historical prompt approvals. R14 soundly resolves all Approved authority graphs and field-specific effective-record sources, restoring `VAL-003` and `VAL-006`; `VAL-004` remains Not verified because its eleven clause-evidence methods were not executed. `VAL-007` remains Verified for its complete documentation method. `VAL-008`, `010`, and `011` remain Not verified. The documentation-only candidate recommendation is `NOT READY — VALIDATOR-SOUNDNESS AND CLAUSE-EVIDENCE REMEDIATION REQUIRED`, pending planning-agent validation and without readiness or completion approval. Implementation conformance is `NOT VERIFIED`, and completion awaits independent review and explicit project-owner approval.","Candidate documentation readiness is not project completion. ## Notes on Scope `GOV`, `PRN`, `FND`, `THM`, `MOT`, `RSP`, `A11Y`, and `CMP` are documented (architecture and, where noted per row, approved default values or approved WCAG/ARIA-derived requirements); none of their requirements have been *implemented* in code, regardless of lifecycle status — this matrix tracks specification-level approval and validation, not implementation. `RSP` and `A11Y` (KBDL-006) **passed** planning-agent validation before KBDL-007 began: `responsive.md` and `accessibility.md` are present; every requirement directly restating an already-adopted WCAG 2.2 criterion or prior approved KBDL rule remains `Approved`; the nine KBDL-specific recommendations (`KBDL-RSP-002`–`005`, `008`, `011`; `KBDL-A11Y-011`, `021`, `035`) remain `Recommended` and unapproved — KBDL-006 passing validation does **not** promote them. Implementation-dependent validation for both modules remains `Not verified`, since no implementation exists. [KBDL-DEC-015](decision-register.md#kbdl-dec-015--kbdl-006-remediation-and-id-governance-amendment) exists and records exactly two things: acceptance of the KBDL-006 remediation baseline (commit `14ef110`), and the requirement-ID governance amendment permitting stable IDs before approval. **It does not approve any of the nine KBDL-006 recommendation values** — no decision-register entry currently approves the responsive or accessibility decision packets, and none of the nine recommendations is `Approved`. `CMP` (KBDL-007) **passed** planning-agent validation before KBDL-008 began: `docs/kbdl/components-core.md` exists with 51 documented requirements (see the [KBDL-007 — Core Action, Form, and Navigation Components](#kbdl-007--core-action-form-and-navigation-components) section above); its standards-derived and inherited Approved requirements remain `Approved`; its ten KBDL-specific recommendations (`KBDL-CMP-015`, `017`, `020`, `025`, `029`, `036`, `041`, `044`, `046`, `048`) remain `Recommended` and unapproved — KBDL-007 passing validation does not promote them. `CMP` (KBDL-008) **passed** planning-agent validation before KBDL-009 began: `docs/kbdl/components-system.md` exists with 60 additional documented requirements (`KBDL-CMP-052`–`111`, see the [KBDL-008 — Surface, Overlay, Feedback, and System-State Components](#kbdl-008--surface-overlay-feedback-and-system-state-components) section above); its standards-derived and inherited Approved requirements remain `Approved`; its seventeen KBDL-specific recommendations (`KBDL-CMP-067`, `069`, `073`, `074`, `076`, `080`, `083`, `085`, `089`, `091`, `099`, `102`, `105`, `106`, `108`, `110`, `111`) remain `Recommended` and unapproved — KBDL-008 passing validation does not promote them. `PRO` (KBDL-009) is no longer a future or locked module: `docs/kbdl/profiles.md` exists with 29 documented requirements (`KBDL-PRO-001`–`029`, see the [KBDL-009 — Project Profiles](#kbdl-009--project-profiles) section above); KBDL-009 passed planning-agent validation before KBDL-010 began. `CUS` (KBDL-010) is present with the requirements traced above and passed planning-agent validation before KBDL-011 began. `VAL` (KBDL-011) is present as the Final Validation and completion gate; its baseline and candidate status remain pending independent planning-agent review and project-owner action. Approval status and validation status are recorded independently for every row; a row being `Approved` never implies it is `Verified`, and a row being `Verified` never implies or grants `Approved` status. `PRN` requirements are approved as principles-level guidance; they do not themselves introduce or approve any final visual, motion, or component value — those remain `Deferred` until their own modules are reached. `FND` requirements cover both foundation *architecture* (`KBDL-FND-001`–`008`) and the specific default values in the [foundation decision packet](foundations/README.md#6-foundation-decision-packet) (`KBDL-FND-009`–`012`); all twelve are `Approved` following the project owner's review recorded in [KBDL-DEC-012](decision-register.md#kbdl-dec-012--foundation-decision-packet-approved). Approval does not itself constitute validation — see each row's Validation status for what has actually been checked. `THM` requirements were originally split more narrowly than `FND`, following KBDL-004-R1: `Approved` only where a requirement's exact wording was directly and explicitly supported by a prior approved KBDL decision — `KBDL-THM-001`, `KBDL-THM-002`, `KBDL-THM-003` (narrowed to its precedence core), `KBDL-THM-005` (narrowed to its accessibility core), `KBDL-THM-006`, and `KBDL-THM-012a` (the pre-existing reduced-motion rule). Under KBDL-004-A1, the project owner approved the ten-item theme decision packet, promoting `KBDL-THM-004` (persistence baseline), `KBDL-THM-007`/`008` (opaque light/dark mappings only — the Accent- surface, Scrim, and Selection-background opacity values remain `Recommended`/`Not verified` and are excluded), `KBDL-THM-009` (status-family colors), `KBDL-THM-010` (opaque gradient caption-band strategy only — translucent variants remain excluded), `KBDL-THM-011` (color-value-expression convention), `KBDL-THM-012` (conceptual transition guidance only, no timing/easing), `KBDL-THM-013` (detailed precedence ordering), `KBDL-THM-014` (detailed project-override list), and `KBDL-THM-015` (local-contrast-context set) to `Approved`, per [KBDL-DEC-013](decision-register.md#kbdl-dec-013--kbdl-004-theme-decisions-approved). This approval does not extend to opacity values, translucent variants, account-level sync, high-contrast/forced-colors mode, data-visualization palettes, any implementation-layer format (CSS custom properties, JSON tokens, component-level theme tokens, framework APIs), or any motion timing/easing value — all of which remain `Recommended`/`Not verified` or out of scope, per [themes/README.md § Theme Decision Packet](themes/README.md#10-theme-decision-packet-approved-under-kbdl-004-a1). `MOT` requirements followed the same pattern as `THM` prior to KBDL-005-A1: `Approved` only where a requirement directly restated an already-approved KBDL-002 principle, KBDL-004 theme rule, or `KBDL-DEC-010` motion-safety baseline (`KBDL-MOT-001`–`003`, `004`, `012`, `014`–`019`, `021`–`027`); `Recommended` where new KBDL-005 policy was introduced — the motion hierarchy and intensity model (`KBDL-MOT-005`, `006`), the timing/ duration/easing architecture (`KBDL-MOT-007`–`009`), spatial-movement and choreography ranges (`KBDL-MOT-010`, `011`), navigation-motion architecture (`KBDL-MOT-013`), the theme-transition duration/easing values that resolve what KBDL-004 deferred (`KBDL-MOT-020`), and the detailed defaults separated from their Approved parent cores under KBDL-005-R1 — the entrance-versus-exit duration relationship (`KBDL-MOT-028`), the attention repetition default (`KBDL-MOT-029`), detailed ambient-motion boundaries (`KBDL-MOT-030`), detailed scroll-linked-motion boundaries (`KBDL-MOT-031`), the reduced-motion substitution matrix (`KBDL-MOT-032`), the conceptual motion-token naming architecture (`KBDL-MOT-033`), and profile-level motion-intensity adjustments (`KBDL-MOT-034`). `KBDL-MOT-006` and `KBDL-MOT-013` were initially documented without a decision-packet row; KBDL-005-R2 added packet items 14 and 15 to correct this coverage gap, completing a fifteen-item packet mapping all sixteen `Recommended` requirements (see [motion/README.md §10.2.1](motion/README.md#1021-approved-requirement-coverage) — `KBDL-MOT-007` and `KBDL-MOT-008` share one decision, as one timing system). Under **KBDL-005-A1**, the project owner approved exactly the fifteen-item packet, recorded as [KBDL-DEC-014](decision-register.md#kbdl-dec-014--kbdl-005-motion-decisions-approved), promoting all sixteen requirements above from `Recommended` to `Approved`. This approval does not extend to any item in [motion/README.md §10.3](motion/README.md#103-unresolved-or-not-approval-ready) (exact component-specific values, device-performance detection, animation-library/rendering-technology selection, CSS/JSON/JavaScript token formats, browser-support policy, exact scroll thresholds, exact quantitative motion-hazard thresholds), any unresolved KBDL-004 theme value, or any KBDL-006-or-later content — all of which remain `Recommended`/`Not verified`/`Deferred` or out of scope. Approval does not itself constitute validation — every promoted requirement's Validation status above is unchanged. `RSP` and `A11Y` requirements follow the same pattern established by `THM`/`MOT`: `Approved` only where a requirement directly restates an already-adopted WCAG 2.2 Level A/AA criterion (`KBDL-DEC-010`) or a prior approved KBDL principle, foundation, theme, or motion rule; `Recommended` where new KBDL-006 policy is introduced — exact breakpoint thresholds, grid columns, container widths, and gutters (`KBDL-RSP-002`–`005`), navigation collapse thresholds and the data-dense strategy (`KBDL-RSP-008`, `011`), the forced-colors/high-contrast policy (`KBDL-A11Y-011`), the preferred enhanced target size (`KBDL-A11Y-021`), and the preferred accessibility testing matrix (`KBDL-A11Y-035`). None of these `Recommended` items are implemented or treated as `Approved` until the project owner reviews the [responsive decision packet](responsive.md#35-responsive-decision-packet) and [accessibility decision packet](accessibility.md#49-accessibility-decision-packet); `KBDL-DEC-015` exists, but it records only the acceptance of the KBDL-006 remediation baseline and the requirement-ID governance amendment — it does not approve either decision packet, and no decision-register entry currently approves any of the nine KBDL-006 recommendation values, since no such review has yet occurred. This document does not claim full WCAG conformance, screen-reader compatibility, or real-device support — see [accessibility.md §48](accessibility.md#48-accessibility-validation-matrix) for exactly what has and has not been verified. `CMP` requirements follow the same pattern established by `RSP`/`A11Y`: `Approved` only where a requirement directly restates an already-adopted WCAG 2.2 Level A/AA criterion, WAI-ARIA role/state/property, or a prior approved KBDL principle, foundation, theme, motion, responsive, or accessibility rule; `Recommended` where new KBDL-007 component-level policy is introduced — the button hierarchy taxonomy, icon-only visible-label threshold, button-group guidance (`KBDL-CMP-015`, `017`, `020`), the search-field model, combobox-justification threshold, form-action-row reflow order (`KBDL-CMP-025`, `029`, `036`), and the navigation collapse threshold, breadcrumb/pagination truncation models, and tabs activation model (`KBDL-CMP-041`, `044`, `046`, `048`). None of these `Recommended` items are implemented or treated as `Approved` until the project owner reviews the [KBDL-007 decision packet](components-core.md#35-kbdl-007-decision-packet); no decision-register entry has been created for KBDL-007, since no such review has yet occurred. This document does not claim full WCAG conformance, ARIA-pattern compliance, screen-reader compatibility, or real-device support for any component — see [components-core.md §32–§34](components-core.md#32-accessibility-validation-matrix) for exactly what has and has not been verified. `CMP` requirements introduced by KBDL-008 extend this pattern with one additional authority: `Approved` where a requirement is authorized by an already-adopted WCAG 2.2 criterion, an adopted WAI-ARIA role/state/ property definition, a prior approved KBDL or KBDL-007 rule, an explicit mandatory requirement in the project-owner-approved KBDL-008 implementation prompt, or a documented combination of these (see each requirement's own record in [components-system.md §27](components-system.md#27-normative-requirements) for which authority applies, split by clause where mixed); prompt approval authorizes only the prompt's own mandatory scope — it does not approve the KBDL-008 decision packet, promote any KBDL-006 or KBDL-007 recommendation, or grant implementation-level validation. `Recommended` where new, discretionary KBDL-008 component-level policy not mandated by the approved prompt is introduced — a card-variant taxonomy, an accordion open model, a tooltip timing policy, a popover taxonomy, a menu interaction model, a modal sizing/nesting policy, a drawer/sheet taxonomy, an overlay nesting policy, a banner severity taxonomy, a toast lifecycle model, an empty-state taxonomy, an error/system-state severity taxonomy, a grid-versus-table threshold, a treegrid justification threshold, a carousel auto-rotation policy, a data-visualization interaction model, and a responsive transformation policy (`KBDL-CMP-067`, `069`, `073`, `074`, `076`, `080`, `083`, `085`, `089`, `091`, `099`, `102`, `105`, `106`, `108`, `110`, `111`). None of these `Recommended` items are implemented or treated as `Approved` until the project owner reviews the [KBDL-008 decision packet](components-system.md#33-kbdl-008-decision-packet); no decision-register entry has been created for KBDL-008, since no such review has yet occurred. This document does not claim full WCAG conformance, ARIA-pattern compliance, screen-reader compatibility, or real-device support for any component — see [components-system.md §29–§32](components-system.md#29-accessibility-validation-matrix) for exactly what has and has not been verified. `PRO` requirements introduced by KBDL-009 follow the same pattern: `Approved` where a requirement is authorized by a prior approved KBDL requirement, an explicit mandatory requirement in the project-owner-approved KBDL-009 implementation prompt, or a documented combination of these (see each requirement's own record in [profiles.md §28](profiles.md#28-normative-requirements) for which authority applies); prompt approval authorizes only the prompt's own mandatory scope — it does not approve the KBDL-009 decision packet, promote any KBDL-006, KBDL-007, or KBDL-008 recommendation, or grant implementation-level validation. `Recommended` where new, discretionary profile-governance policy not mandated by the approved prompt is introduced — a primary/secondary/hybrid profile policy, exact Precision density defaults, profile change/migration governance, a profile- selection rubric, and a profile review cadence (`KBDL-PRO-009`, `016`, `017`, `018`, `027`, `028`, `029`). None of these `Recommended` items are implemented or treated as `Approved` until the project owner reviews the [KBDL-009 decision packet](profiles.md#33-kbdl-009-decision-packet); no decision-register entry has been created for KBDL-009, since no such review has yet occurred. This document does not claim implementation- level profile validation or production conformance — see [profiles.md §31–§32](profiles.md#31-profile-invariant-validation-matrix) for exactly what has and has not been verified. KBDL-009 passed the planning agent's validation review and KBDL-010 (Manual Customization) is present with 30 `CUS` requirements. Its seven discretionary policy items remain Recommended, its format/tooling item remains Deferred, and no implementation-level customization behavior is verified. KBDL-010 passed planning-agent review and KBDL-011 is present with twelve Approved validation- methodology requirements. AR2 established current, non-retroactive authority without reconstructing historical prompt approvals. R14 soundly resolves all Approved authority graphs and field-specific effective-record sources, restoring `VAL-003` and `VAL-006`; `VAL-004` remains Not verified because its eleven clause-evidence methods were not executed. `VAL-007` remains Verified for its complete documentation method. `VAL-008`, `010`, and `011` remain Not verified. The documentation-only candidate recommendation is `NOT READY — VALIDATOR-SOUNDNESS AND CLAUSE-EVIDENCE REMEDIATION REQUIRED`, pending planning-agent validation and without readiness or completion approval. Implementation conformance is `NOT VERIFIED`, and completion awaits independent review and explicit project-owner approval."
KBDL-VAL-010,Notes or exclusions,"Calculations, evidence ledgers, and completion gate (KBDL-VAL-009 through KBDL-VAL-012)",Uniform default,"Candidate documentation readiness is not project completion. ## Notes on Scope `GOV`, `PRN`, `FND`, `THM`, `MOT`, `RSP`, `A11Y`, and `CMP` are documented (architecture and, where noted per row, approved default values or approved WCAG/ARIA-derived requirements); none of their requirements have been *implemented* in code, regardless of lifecycle status — this matrix tracks specification-level approval and validation, not implementation. `RSP` and `A11Y` (KBDL-006) **passed** planning-agent validation before KBDL-007 began: `responsive.md` and `accessibility.md` are present; every requirement directly restating an already-adopted WCAG 2.2 criterion or prior approved KBDL rule remains `Approved`; the nine KBDL-specific recommendations (`KBDL-RSP-002`–`005`, `008`, `011`; `KBDL-A11Y-011`, `021`, `035`) remain `Recommended` and unapproved — KBDL-006 passing validation does **not** promote them. Implementation-dependent validation for both modules remains `Not verified`, since no implementation exists. [KBDL-DEC-015](decision-register.md#kbdl-dec-015--kbdl-006-remediation-and-id-governance-amendment) exists and records exactly two things: acceptance of the KBDL-006 remediation baseline (commit `14ef110`), and the requirement-ID governance amendment permitting stable IDs before approval. **It does not approve any of the nine KBDL-006 recommendation values** — no decision-register entry currently approves the responsive or accessibility decision packets, and none of the nine recommendations is `Approved`. `CMP` (KBDL-007) **passed** planning-agent validation before KBDL-008 began: `docs/kbdl/components-core.md` exists with 51 documented requirements (see the [KBDL-007 — Core Action, Form, and Navigation Components](#kbdl-007--core-action-form-and-navigation-components) section above); its standards-derived and inherited Approved requirements remain `Approved`; its ten KBDL-specific recommendations (`KBDL-CMP-015`, `017`, `020`, `025`, `029`, `036`, `041`, `044`, `046`, `048`) remain `Recommended` and unapproved — KBDL-007 passing validation does not promote them. `CMP` (KBDL-008) **passed** planning-agent validation before KBDL-009 began: `docs/kbdl/components-system.md` exists with 60 additional documented requirements (`KBDL-CMP-052`–`111`, see the [KBDL-008 — Surface, Overlay, Feedback, and System-State Components](#kbdl-008--surface-overlay-feedback-and-system-state-components) section above); its standards-derived and inherited Approved requirements remain `Approved`; its seventeen KBDL-specific recommendations (`KBDL-CMP-067`, `069`, `073`, `074`, `076`, `080`, `083`, `085`, `089`, `091`, `099`, `102`, `105`, `106`, `108`, `110`, `111`) remain `Recommended` and unapproved — KBDL-008 passing validation does not promote them. `PRO` (KBDL-009) is no longer a future or locked module: `docs/kbdl/profiles.md` exists with 29 documented requirements (`KBDL-PRO-001`–`029`, see the [KBDL-009 — Project Profiles](#kbdl-009--project-profiles) section above); KBDL-009 passed planning-agent validation before KBDL-010 began. `CUS` (KBDL-010) is present with the requirements traced above and passed planning-agent validation before KBDL-011 began. `VAL` (KBDL-011) is present as the Final Validation and completion gate; its baseline and candidate status remain pending independent planning-agent review and project-owner action. Approval status and validation status are recorded independently for every row; a row being `Approved` never implies it is `Verified`, and a row being `Verified` never implies or grants `Approved` status. `PRN` requirements are approved as principles-level guidance; they do not themselves introduce or approve any final visual, motion, or component value — those remain `Deferred` until their own modules are reached. `FND` requirements cover both foundation *architecture* (`KBDL-FND-001`–`008`) and the specific default values in the [foundation decision packet](foundations/README.md#6-foundation-decision-packet) (`KBDL-FND-009`–`012`); all twelve are `Approved` following the project owner's review recorded in [KBDL-DEC-012](decision-register.md#kbdl-dec-012--foundation-decision-packet-approved). Approval does not itself constitute validation — see each row's Validation status for what has actually been checked. `THM` requirements were originally split more narrowly than `FND`, following KBDL-004-R1: `Approved` only where a requirement's exact wording was directly and explicitly supported by a prior approved KBDL decision — `KBDL-THM-001`, `KBDL-THM-002`, `KBDL-THM-003` (narrowed to its precedence core), `KBDL-THM-005` (narrowed to its accessibility core), `KBDL-THM-006`, and `KBDL-THM-012a` (the pre-existing reduced-motion rule). Under KBDL-004-A1, the project owner approved the ten-item theme decision packet, promoting `KBDL-THM-004` (persistence baseline), `KBDL-THM-007`/`008` (opaque light/dark mappings only — the Accent- surface, Scrim, and Selection-background opacity values remain `Recommended`/`Not verified` and are excluded), `KBDL-THM-009` (status-family colors), `KBDL-THM-010` (opaque gradient caption-band strategy only — translucent variants remain excluded), `KBDL-THM-011` (color-value-expression convention), `KBDL-THM-012` (conceptual transition guidance only, no timing/easing), `KBDL-THM-013` (detailed precedence ordering), `KBDL-THM-014` (detailed project-override list), and `KBDL-THM-015` (local-contrast-context set) to `Approved`, per [KBDL-DEC-013](decision-register.md#kbdl-dec-013--kbdl-004-theme-decisions-approved). This approval does not extend to opacity values, translucent variants, account-level sync, high-contrast/forced-colors mode, data-visualization palettes, any implementation-layer format (CSS custom properties, JSON tokens, component-level theme tokens, framework APIs), or any motion timing/easing value — all of which remain `Recommended`/`Not verified` or out of scope, per [themes/README.md § Theme Decision Packet](themes/README.md#10-theme-decision-packet-approved-under-kbdl-004-a1). `MOT` requirements followed the same pattern as `THM` prior to KBDL-005-A1: `Approved` only where a requirement directly restated an already-approved KBDL-002 principle, KBDL-004 theme rule, or `KBDL-DEC-010` motion-safety baseline (`KBDL-MOT-001`–`003`, `004`, `012`, `014`–`019`, `021`–`027`); `Recommended` where new KBDL-005 policy was introduced — the motion hierarchy and intensity model (`KBDL-MOT-005`, `006`), the timing/ duration/easing architecture (`KBDL-MOT-007`–`009`), spatial-movement and choreography ranges (`KBDL-MOT-010`, `011`), navigation-motion architecture (`KBDL-MOT-013`), the theme-transition duration/easing values that resolve what KBDL-004 deferred (`KBDL-MOT-020`), and the detailed defaults separated from their Approved parent cores under KBDL-005-R1 — the entrance-versus-exit duration relationship (`KBDL-MOT-028`), the attention repetition default (`KBDL-MOT-029`), detailed ambient-motion boundaries (`KBDL-MOT-030`), detailed scroll-linked-motion boundaries (`KBDL-MOT-031`), the reduced-motion substitution matrix (`KBDL-MOT-032`), the conceptual motion-token naming architecture (`KBDL-MOT-033`), and profile-level motion-intensity adjustments (`KBDL-MOT-034`). `KBDL-MOT-006` and `KBDL-MOT-013` were initially documented without a decision-packet row; KBDL-005-R2 added packet items 14 and 15 to correct this coverage gap, completing a fifteen-item packet mapping all sixteen `Recommended` requirements (see [motion/README.md §10.2.1](motion/README.md#1021-approved-requirement-coverage) — `KBDL-MOT-007` and `KBDL-MOT-008` share one decision, as one timing system). Under **KBDL-005-A1**, the project owner approved exactly the fifteen-item packet, recorded as [KBDL-DEC-014](decision-register.md#kbdl-dec-014--kbdl-005-motion-decisions-approved), promoting all sixteen requirements above from `Recommended` to `Approved`. This approval does not extend to any item in [motion/README.md §10.3](motion/README.md#103-unresolved-or-not-approval-ready) (exact component-specific values, device-performance detection, animation-library/rendering-technology selection, CSS/JSON/JavaScript token formats, browser-support policy, exact scroll thresholds, exact quantitative motion-hazard thresholds), any unresolved KBDL-004 theme value, or any KBDL-006-or-later content — all of which remain `Recommended`/`Not verified`/`Deferred` or out of scope. Approval does not itself constitute validation — every promoted requirement's Validation status above is unchanged. `RSP` and `A11Y` requirements follow the same pattern established by `THM`/`MOT`: `Approved` only where a requirement directly restates an already-adopted WCAG 2.2 Level A/AA criterion (`KBDL-DEC-010`) or a prior approved KBDL principle, foundation, theme, or motion rule; `Recommended` where new KBDL-006 policy is introduced — exact breakpoint thresholds, grid columns, container widths, and gutters (`KBDL-RSP-002`–`005`), navigation collapse thresholds and the data-dense strategy (`KBDL-RSP-008`, `011`), the forced-colors/high-contrast policy (`KBDL-A11Y-011`), the preferred enhanced target size (`KBDL-A11Y-021`), and the preferred accessibility testing matrix (`KBDL-A11Y-035`). None of these `Recommended` items are implemented or treated as `Approved` until the project owner reviews the [responsive decision packet](responsive.md#35-responsive-decision-packet) and [accessibility decision packet](accessibility.md#49-accessibility-decision-packet); `KBDL-DEC-015` exists, but it records only the acceptance of the KBDL-006 remediation baseline and the requirement-ID governance amendment — it does not approve either decision packet, and no decision-register entry currently approves any of the nine KBDL-006 recommendation values, since no such review has yet occurred. This document does not claim full WCAG conformance, screen-reader compatibility, or real-device support — see [accessibility.md §48](accessibility.md#48-accessibility-validation-matrix) for exactly what has and has not been verified. `CMP` requirements follow the same pattern established by `RSP`/`A11Y`: `Approved` only where a requirement directly restates an already-adopted WCAG 2.2 Level A/AA criterion, WAI-ARIA role/state/property, or a prior approved KBDL principle, foundation, theme, motion, responsive, or accessibility rule; `Recommended` where new KBDL-007 component-level policy is introduced — the button hierarchy taxonomy, icon-only visible-label threshold, button-group guidance (`KBDL-CMP-015`, `017`, `020`), the search-field model, combobox-justification threshold, form-action-row reflow order (`KBDL-CMP-025`, `029`, `036`), and the navigation collapse threshold, breadcrumb/pagination truncation models, and tabs activation model (`KBDL-CMP-041`, `044`, `046`, `048`). None of these `Recommended` items are implemented or treated as `Approved` until the project owner reviews the [KBDL-007 decision packet](components-core.md#35-kbdl-007-decision-packet); no decision-register entry has been created for KBDL-007, since no such review has yet occurred. This document does not claim full WCAG conformance, ARIA-pattern compliance, screen-reader compatibility, or real-device support for any component — see [components-core.md §32–§34](components-core.md#32-accessibility-validation-matrix) for exactly what has and has not been verified. `CMP` requirements introduced by KBDL-008 extend this pattern with one additional authority: `Approved` where a requirement is authorized by an already-adopted WCAG 2.2 criterion, an adopted WAI-ARIA role/state/ property definition, a prior approved KBDL or KBDL-007 rule, an explicit mandatory requirement in the project-owner-approved KBDL-008 implementation prompt, or a documented combination of these (see each requirement's own record in [components-system.md §27](components-system.md#27-normative-requirements) for which authority applies, split by clause where mixed); prompt approval authorizes only the prompt's own mandatory scope — it does not approve the KBDL-008 decision packet, promote any KBDL-006 or KBDL-007 recommendation, or grant implementation-level validation. `Recommended` where new, discretionary KBDL-008 component-level policy not mandated by the approved prompt is introduced — a card-variant taxonomy, an accordion open model, a tooltip timing policy, a popover taxonomy, a menu interaction model, a modal sizing/nesting policy, a drawer/sheet taxonomy, an overlay nesting policy, a banner severity taxonomy, a toast lifecycle model, an empty-state taxonomy, an error/system-state severity taxonomy, a grid-versus-table threshold, a treegrid justification threshold, a carousel auto-rotation policy, a data-visualization interaction model, and a responsive transformation policy (`KBDL-CMP-067`, `069`, `073`, `074`, `076`, `080`, `083`, `085`, `089`, `091`, `099`, `102`, `105`, `106`, `108`, `110`, `111`). None of these `Recommended` items are implemented or treated as `Approved` until the project owner reviews the [KBDL-008 decision packet](components-system.md#33-kbdl-008-decision-packet); no decision-register entry has been created for KBDL-008, since no such review has yet occurred. This document does not claim full WCAG conformance, ARIA-pattern compliance, screen-reader compatibility, or real-device support for any component — see [components-system.md §29–§32](components-system.md#29-accessibility-validation-matrix) for exactly what has and has not been verified. `PRO` requirements introduced by KBDL-009 follow the same pattern: `Approved` where a requirement is authorized by a prior approved KBDL requirement, an explicit mandatory requirement in the project-owner-approved KBDL-009 implementation prompt, or a documented combination of these (see each requirement's own record in [profiles.md §28](profiles.md#28-normative-requirements) for which authority applies); prompt approval authorizes only the prompt's own mandatory scope — it does not approve the KBDL-009 decision packet, promote any KBDL-006, KBDL-007, or KBDL-008 recommendation, or grant implementation-level validation. `Recommended` where new, discretionary profile-governance policy not mandated by the approved prompt is introduced — a primary/secondary/hybrid profile policy, exact Precision density defaults, profile change/migration governance, a profile- selection rubric, and a profile review cadence (`KBDL-PRO-009`, `016`, `017`, `018`, `027`, `028`, `029`). None of these `Recommended` items are implemented or treated as `Approved` until the project owner reviews the [KBDL-009 decision packet](profiles.md#33-kbdl-009-decision-packet); no decision-register entry has been created for KBDL-009, since no such review has yet occurred. This document does not claim implementation- level profile validation or production conformance — see [profiles.md §31–§32](profiles.md#31-profile-invariant-validation-matrix) for exactly what has and has not been verified. KBDL-009 passed the planning agent's validation review and KBDL-010 (Manual Customization) is present with 30 `CUS` requirements. Its seven discretionary policy items remain Recommended, its format/tooling item remains Deferred, and no implementation-level customization behavior is verified. KBDL-010 passed planning-agent review and KBDL-011 is present with twelve Approved validation- methodology requirements. AR2 established current, non-retroactive authority without reconstructing historical prompt approvals. R14 soundly resolves all Approved authority graphs and field-specific effective-record sources, restoring `VAL-003` and `VAL-006`; `VAL-004` remains Not verified because its eleven clause-evidence methods were not executed. `VAL-007` remains Verified for its complete documentation method. `VAL-008`, `010`, and `011` remain Not verified. The documentation-only candidate recommendation is `NOT READY — VALIDATOR-SOUNDNESS AND CLAUSE-EVIDENCE REMEDIATION REQUIRED`, pending planning-agent validation and without readiness or completion approval. Implementation conformance is `NOT VERIFIED`, and completion awaits independent review and explicit project-owner approval.","Candidate documentation readiness is not project completion. ## Notes on Scope `GOV`, `PRN`, `FND`, `THM`, `MOT`, `RSP`, `A11Y`, and `CMP` are documented (architecture and, where noted per row, approved default values or approved WCAG/ARIA-derived requirements); none of their requirements have been *implemented* in code, regardless of lifecycle status — this matrix tracks specification-level approval and validation, not implementation. `RSP` and `A11Y` (KBDL-006) **passed** planning-agent validation before KBDL-007 began: `responsive.md` and `accessibility.md` are present; every requirement directly restating an already-adopted WCAG 2.2 criterion or prior approved KBDL rule remains `Approved`; the nine KBDL-specific recommendations (`KBDL-RSP-002`–`005`, `008`, `011`; `KBDL-A11Y-011`, `021`, `035`) remain `Recommended` and unapproved — KBDL-006 passing validation does **not** promote them. Implementation-dependent validation for both modules remains `Not verified`, since no implementation exists. [KBDL-DEC-015](decision-register.md#kbdl-dec-015--kbdl-006-remediation-and-id-governance-amendment) exists and records exactly two things: acceptance of the KBDL-006 remediation baseline (commit `14ef110`), and the requirement-ID governance amendment permitting stable IDs before approval. **It does not approve any of the nine KBDL-006 recommendation values** — no decision-register entry currently approves the responsive or accessibility decision packets, and none of the nine recommendations is `Approved`. `CMP` (KBDL-007) **passed** planning-agent validation before KBDL-008 began: `docs/kbdl/components-core.md` exists with 51 documented requirements (see the [KBDL-007 — Core Action, Form, and Navigation Components](#kbdl-007--core-action-form-and-navigation-components) section above); its standards-derived and inherited Approved requirements remain `Approved`; its ten KBDL-specific recommendations (`KBDL-CMP-015`, `017`, `020`, `025`, `029`, `036`, `041`, `044`, `046`, `048`) remain `Recommended` and unapproved — KBDL-007 passing validation does not promote them. `CMP` (KBDL-008) **passed** planning-agent validation before KBDL-009 began: `docs/kbdl/components-system.md` exists with 60 additional documented requirements (`KBDL-CMP-052`–`111`, see the [KBDL-008 — Surface, Overlay, Feedback, and System-State Components](#kbdl-008--surface-overlay-feedback-and-system-state-components) section above); its standards-derived and inherited Approved requirements remain `Approved`; its seventeen KBDL-specific recommendations (`KBDL-CMP-067`, `069`, `073`, `074`, `076`, `080`, `083`, `085`, `089`, `091`, `099`, `102`, `105`, `106`, `108`, `110`, `111`) remain `Recommended` and unapproved — KBDL-008 passing validation does not promote them. `PRO` (KBDL-009) is no longer a future or locked module: `docs/kbdl/profiles.md` exists with 29 documented requirements (`KBDL-PRO-001`–`029`, see the [KBDL-009 — Project Profiles](#kbdl-009--project-profiles) section above); KBDL-009 passed planning-agent validation before KBDL-010 began. `CUS` (KBDL-010) is present with the requirements traced above and passed planning-agent validation before KBDL-011 began. `VAL` (KBDL-011) is present as the Final Validation and completion gate; its baseline and candidate status remain pending independent planning-agent review and project-owner action. Approval status and validation status are recorded independently for every row; a row being `Approved` never implies it is `Verified`, and a row being `Verified` never implies or grants `Approved` status. `PRN` requirements are approved as principles-level guidance; they do not themselves introduce or approve any final visual, motion, or component value — those remain `Deferred` until their own modules are reached. `FND` requirements cover both foundation *architecture* (`KBDL-FND-001`–`008`) and the specific default values in the [foundation decision packet](foundations/README.md#6-foundation-decision-packet) (`KBDL-FND-009`–`012`); all twelve are `Approved` following the project owner's review recorded in [KBDL-DEC-012](decision-register.md#kbdl-dec-012--foundation-decision-packet-approved). Approval does not itself constitute validation — see each row's Validation status for what has actually been checked. `THM` requirements were originally split more narrowly than `FND`, following KBDL-004-R1: `Approved` only where a requirement's exact wording was directly and explicitly supported by a prior approved KBDL decision — `KBDL-THM-001`, `KBDL-THM-002`, `KBDL-THM-003` (narrowed to its precedence core), `KBDL-THM-005` (narrowed to its accessibility core), `KBDL-THM-006`, and `KBDL-THM-012a` (the pre-existing reduced-motion rule). Under KBDL-004-A1, the project owner approved the ten-item theme decision packet, promoting `KBDL-THM-004` (persistence baseline), `KBDL-THM-007`/`008` (opaque light/dark mappings only — the Accent- surface, Scrim, and Selection-background opacity values remain `Recommended`/`Not verified` and are excluded), `KBDL-THM-009` (status-family colors), `KBDL-THM-010` (opaque gradient caption-band strategy only — translucent variants remain excluded), `KBDL-THM-011` (color-value-expression convention), `KBDL-THM-012` (conceptual transition guidance only, no timing/easing), `KBDL-THM-013` (detailed precedence ordering), `KBDL-THM-014` (detailed project-override list), and `KBDL-THM-015` (local-contrast-context set) to `Approved`, per [KBDL-DEC-013](decision-register.md#kbdl-dec-013--kbdl-004-theme-decisions-approved). This approval does not extend to opacity values, translucent variants, account-level sync, high-contrast/forced-colors mode, data-visualization palettes, any implementation-layer format (CSS custom properties, JSON tokens, component-level theme tokens, framework APIs), or any motion timing/easing value — all of which remain `Recommended`/`Not verified` or out of scope, per [themes/README.md § Theme Decision Packet](themes/README.md#10-theme-decision-packet-approved-under-kbdl-004-a1). `MOT` requirements followed the same pattern as `THM` prior to KBDL-005-A1: `Approved` only where a requirement directly restated an already-approved KBDL-002 principle, KBDL-004 theme rule, or `KBDL-DEC-010` motion-safety baseline (`KBDL-MOT-001`–`003`, `004`, `012`, `014`–`019`, `021`–`027`); `Recommended` where new KBDL-005 policy was introduced — the motion hierarchy and intensity model (`KBDL-MOT-005`, `006`), the timing/ duration/easing architecture (`KBDL-MOT-007`–`009`), spatial-movement and choreography ranges (`KBDL-MOT-010`, `011`), navigation-motion architecture (`KBDL-MOT-013`), the theme-transition duration/easing values that resolve what KBDL-004 deferred (`KBDL-MOT-020`), and the detailed defaults separated from their Approved parent cores under KBDL-005-R1 — the entrance-versus-exit duration relationship (`KBDL-MOT-028`), the attention repetition default (`KBDL-MOT-029`), detailed ambient-motion boundaries (`KBDL-MOT-030`), detailed scroll-linked-motion boundaries (`KBDL-MOT-031`), the reduced-motion substitution matrix (`KBDL-MOT-032`), the conceptual motion-token naming architecture (`KBDL-MOT-033`), and profile-level motion-intensity adjustments (`KBDL-MOT-034`). `KBDL-MOT-006` and `KBDL-MOT-013` were initially documented without a decision-packet row; KBDL-005-R2 added packet items 14 and 15 to correct this coverage gap, completing a fifteen-item packet mapping all sixteen `Recommended` requirements (see [motion/README.md §10.2.1](motion/README.md#1021-approved-requirement-coverage) — `KBDL-MOT-007` and `KBDL-MOT-008` share one decision, as one timing system). Under **KBDL-005-A1**, the project owner approved exactly the fifteen-item packet, recorded as [KBDL-DEC-014](decision-register.md#kbdl-dec-014--kbdl-005-motion-decisions-approved), promoting all sixteen requirements above from `Recommended` to `Approved`. This approval does not extend to any item in [motion/README.md §10.3](motion/README.md#103-unresolved-or-not-approval-ready) (exact component-specific values, device-performance detection, animation-library/rendering-technology selection, CSS/JSON/JavaScript token formats, browser-support policy, exact scroll thresholds, exact quantitative motion-hazard thresholds), any unresolved KBDL-004 theme value, or any KBDL-006-or-later content — all of which remain `Recommended`/`Not verified`/`Deferred` or out of scope. Approval does not itself constitute validation — every promoted requirement's Validation status above is unchanged. `RSP` and `A11Y` requirements follow the same pattern established by `THM`/`MOT`: `Approved` only where a requirement directly restates an already-adopted WCAG 2.2 Level A/AA criterion (`KBDL-DEC-010`) or a prior approved KBDL principle, foundation, theme, or motion rule; `Recommended` where new KBDL-006 policy is introduced — exact breakpoint thresholds, grid columns, container widths, and gutters (`KBDL-RSP-002`–`005`), navigation collapse thresholds and the data-dense strategy (`KBDL-RSP-008`, `011`), the forced-colors/high-contrast policy (`KBDL-A11Y-011`), the preferred enhanced target size (`KBDL-A11Y-021`), and the preferred accessibility testing matrix (`KBDL-A11Y-035`). None of these `Recommended` items are implemented or treated as `Approved` until the project owner reviews the [responsive decision packet](responsive.md#35-responsive-decision-packet) and [accessibility decision packet](accessibility.md#49-accessibility-decision-packet); `KBDL-DEC-015` exists, but it records only the acceptance of the KBDL-006 remediation baseline and the requirement-ID governance amendment — it does not approve either decision packet, and no decision-register entry currently approves any of the nine KBDL-006 recommendation values, since no such review has yet occurred. This document does not claim full WCAG conformance, screen-reader compatibility, or real-device support — see [accessibility.md §48](accessibility.md#48-accessibility-validation-matrix) for exactly what has and has not been verified. `CMP` requirements follow the same pattern established by `RSP`/`A11Y`: `Approved` only where a requirement directly restates an already-adopted WCAG 2.2 Level A/AA criterion, WAI-ARIA role/state/property, or a prior approved KBDL principle, foundation, theme, motion, responsive, or accessibility rule; `Recommended` where new KBDL-007 component-level policy is introduced — the button hierarchy taxonomy, icon-only visible-label threshold, button-group guidance (`KBDL-CMP-015`, `017`, `020`), the search-field model, combobox-justification threshold, form-action-row reflow order (`KBDL-CMP-025`, `029`, `036`), and the navigation collapse threshold, breadcrumb/pagination truncation models, and tabs activation model (`KBDL-CMP-041`, `044`, `046`, `048`). None of these `Recommended` items are implemented or treated as `Approved` until the project owner reviews the [KBDL-007 decision packet](components-core.md#35-kbdl-007-decision-packet); no decision-register entry has been created for KBDL-007, since no such review has yet occurred. This document does not claim full WCAG conformance, ARIA-pattern compliance, screen-reader compatibility, or real-device support for any component — see [components-core.md §32–§34](components-core.md#32-accessibility-validation-matrix) for exactly what has and has not been verified. `CMP` requirements introduced by KBDL-008 extend this pattern with one additional authority: `Approved` where a requirement is authorized by an already-adopted WCAG 2.2 criterion, an adopted WAI-ARIA role/state/ property definition, a prior approved KBDL or KBDL-007 rule, an explicit mandatory requirement in the project-owner-approved KBDL-008 implementation prompt, or a documented combination of these (see each requirement's own record in [components-system.md §27](components-system.md#27-normative-requirements) for which authority applies, split by clause where mixed); prompt approval authorizes only the prompt's own mandatory scope — it does not approve the KBDL-008 decision packet, promote any KBDL-006 or KBDL-007 recommendation, or grant implementation-level validation. `Recommended` where new, discretionary KBDL-008 component-level policy not mandated by the approved prompt is introduced — a card-variant taxonomy, an accordion open model, a tooltip timing policy, a popover taxonomy, a menu interaction model, a modal sizing/nesting policy, a drawer/sheet taxonomy, an overlay nesting policy, a banner severity taxonomy, a toast lifecycle model, an empty-state taxonomy, an error/system-state severity taxonomy, a grid-versus-table threshold, a treegrid justification threshold, a carousel auto-rotation policy, a data-visualization interaction model, and a responsive transformation policy (`KBDL-CMP-067`, `069`, `073`, `074`, `076`, `080`, `083`, `085`, `089`, `091`, `099`, `102`, `105`, `106`, `108`, `110`, `111`). None of these `Recommended` items are implemented or treated as `Approved` until the project owner reviews the [KBDL-008 decision packet](components-system.md#33-kbdl-008-decision-packet); no decision-register entry has been created for KBDL-008, since no such review has yet occurred. This document does not claim full WCAG conformance, ARIA-pattern compliance, screen-reader compatibility, or real-device support for any component — see [components-system.md §29–§32](components-system.md#29-accessibility-validation-matrix) for exactly what has and has not been verified. `PRO` requirements introduced by KBDL-009 follow the same pattern: `Approved` where a requirement is authorized by a prior approved KBDL requirement, an explicit mandatory requirement in the project-owner-approved KBDL-009 implementation prompt, or a documented combination of these (see each requirement's own record in [profiles.md §28](profiles.md#28-normative-requirements) for which authority applies); prompt approval authorizes only the prompt's own mandatory scope — it does not approve the KBDL-009 decision packet, promote any KBDL-006, KBDL-007, or KBDL-008 recommendation, or grant implementation-level validation. `Recommended` where new, discretionary profile-governance policy not mandated by the approved prompt is introduced — a primary/secondary/hybrid profile policy, exact Precision density defaults, profile change/migration governance, a profile- selection rubric, and a profile review cadence (`KBDL-PRO-009`, `016`, `017`, `018`, `027`, `028`, `029`). None of these `Recommended` items are implemented or treated as `Approved` until the project owner reviews the [KBDL-009 decision packet](profiles.md#33-kbdl-009-decision-packet); no decision-register entry has been created for KBDL-009, since no such review has yet occurred. This document does not claim implementation- level profile validation or production conformance — see [profiles.md §31–§32](profiles.md#31-profile-invariant-validation-matrix) for exactly what has and has not been verified. KBDL-009 passed the planning agent's validation review and KBDL-010 (Manual Customization) is present with 30 `CUS` requirements. Its seven discretionary policy items remain Recommended, its format/tooling item remains Deferred, and no implementation-level customization behavior is verified. KBDL-010 passed planning-agent review and KBDL-011 is present with twelve Approved validation- methodology requirements. AR2 established current, non-retroactive authority without reconstructing historical prompt approvals. R14 soundly resolves all Approved authority graphs and field-specific effective-record sources, restoring `VAL-003` and `VAL-006`; `VAL-004` remains Not verified because its eleven clause-evidence methods were not executed. `VAL-007` remains Verified for its complete documentation method. `VAL-008`, `010`, and `011` remain Not verified. The documentation-only candidate recommendation is `NOT READY — VALIDATOR-SOUNDNESS AND CLAUSE-EVIDENCE REMEDIATION REQUIRED`, pending planning-agent validation and without readiness or completion approval. Implementation conformance is `NOT VERIFIED`, and completion awaits independent review and explicit project-owner approval."
KBDL-VAL-011,Notes or exclusions,"Calculations, evidence ledgers, and completion gate (KBDL-VAL-009 through KBDL-VAL-012)",Uniform default,"Candidate documentation readiness is not project completion. ## Notes on Scope `GOV`, `PRN`, `FND`, `THM`, `MOT`, `RSP`, `A11Y`, and `CMP` are documented (architecture and, where noted per row, approved default values or approved WCAG/ARIA-derived requirements); none of their requirements have been *implemented* in code, regardless of lifecycle status — this matrix tracks specification-level approval and validation, not implementation. `RSP` and `A11Y` (KBDL-006) **passed** planning-agent validation before KBDL-007 began: `responsive.md` and `accessibility.md` are present; every requirement directly restating an already-adopted WCAG 2.2 criterion or prior approved KBDL rule remains `Approved`; the nine KBDL-specific recommendations (`KBDL-RSP-002`–`005`, `008`, `011`; `KBDL-A11Y-011`, `021`, `035`) remain `Recommended` and unapproved — KBDL-006 passing validation does **not** promote them. Implementation-dependent validation for both modules remains `Not verified`, since no implementation exists. [KBDL-DEC-015](decision-register.md#kbdl-dec-015--kbdl-006-remediation-and-id-governance-amendment) exists and records exactly two things: acceptance of the KBDL-006 remediation baseline (commit `14ef110`), and the requirement-ID governance amendment permitting stable IDs before approval. **It does not approve any of the nine KBDL-006 recommendation values** — no decision-register entry currently approves the responsive or accessibility decision packets, and none of the nine recommendations is `Approved`. `CMP` (KBDL-007) **passed** planning-agent validation before KBDL-008 began: `docs/kbdl/components-core.md` exists with 51 documented requirements (see the [KBDL-007 — Core Action, Form, and Navigation Components](#kbdl-007--core-action-form-and-navigation-components) section above); its standards-derived and inherited Approved requirements remain `Approved`; its ten KBDL-specific recommendations (`KBDL-CMP-015`, `017`, `020`, `025`, `029`, `036`, `041`, `044`, `046`, `048`) remain `Recommended` and unapproved — KBDL-007 passing validation does not promote them. `CMP` (KBDL-008) **passed** planning-agent validation before KBDL-009 began: `docs/kbdl/components-system.md` exists with 60 additional documented requirements (`KBDL-CMP-052`–`111`, see the [KBDL-008 — Surface, Overlay, Feedback, and System-State Components](#kbdl-008--surface-overlay-feedback-and-system-state-components) section above); its standards-derived and inherited Approved requirements remain `Approved`; its seventeen KBDL-specific recommendations (`KBDL-CMP-067`, `069`, `073`, `074`, `076`, `080`, `083`, `085`, `089`, `091`, `099`, `102`, `105`, `106`, `108`, `110`, `111`) remain `Recommended` and unapproved — KBDL-008 passing validation does not promote them. `PRO` (KBDL-009) is no longer a future or locked module: `docs/kbdl/profiles.md` exists with 29 documented requirements (`KBDL-PRO-001`–`029`, see the [KBDL-009 — Project Profiles](#kbdl-009--project-profiles) section above); KBDL-009 passed planning-agent validation before KBDL-010 began. `CUS` (KBDL-010) is present with the requirements traced above and passed planning-agent validation before KBDL-011 began. `VAL` (KBDL-011) is present as the Final Validation and completion gate; its baseline and candidate status remain pending independent planning-agent review and project-owner action. Approval status and validation status are recorded independently for every row; a row being `Approved` never implies it is `Verified`, and a row being `Verified` never implies or grants `Approved` status. `PRN` requirements are approved as principles-level guidance; they do not themselves introduce or approve any final visual, motion, or component value — those remain `Deferred` until their own modules are reached. `FND` requirements cover both foundation *architecture* (`KBDL-FND-001`–`008`) and the specific default values in the [foundation decision packet](foundations/README.md#6-foundation-decision-packet) (`KBDL-FND-009`–`012`); all twelve are `Approved` following the project owner's review recorded in [KBDL-DEC-012](decision-register.md#kbdl-dec-012--foundation-decision-packet-approved). Approval does not itself constitute validation — see each row's Validation status for what has actually been checked. `THM` requirements were originally split more narrowly than `FND`, following KBDL-004-R1: `Approved` only where a requirement's exact wording was directly and explicitly supported by a prior approved KBDL decision — `KBDL-THM-001`, `KBDL-THM-002`, `KBDL-THM-003` (narrowed to its precedence core), `KBDL-THM-005` (narrowed to its accessibility core), `KBDL-THM-006`, and `KBDL-THM-012a` (the pre-existing reduced-motion rule). Under KBDL-004-A1, the project owner approved the ten-item theme decision packet, promoting `KBDL-THM-004` (persistence baseline), `KBDL-THM-007`/`008` (opaque light/dark mappings only — the Accent- surface, Scrim, and Selection-background opacity values remain `Recommended`/`Not verified` and are excluded), `KBDL-THM-009` (status-family colors), `KBDL-THM-010` (opaque gradient caption-band strategy only — translucent variants remain excluded), `KBDL-THM-011` (color-value-expression convention), `KBDL-THM-012` (conceptual transition guidance only, no timing/easing), `KBDL-THM-013` (detailed precedence ordering), `KBDL-THM-014` (detailed project-override list), and `KBDL-THM-015` (local-contrast-context set) to `Approved`, per [KBDL-DEC-013](decision-register.md#kbdl-dec-013--kbdl-004-theme-decisions-approved). This approval does not extend to opacity values, translucent variants, account-level sync, high-contrast/forced-colors mode, data-visualization palettes, any implementation-layer format (CSS custom properties, JSON tokens, component-level theme tokens, framework APIs), or any motion timing/easing value — all of which remain `Recommended`/`Not verified` or out of scope, per [themes/README.md § Theme Decision Packet](themes/README.md#10-theme-decision-packet-approved-under-kbdl-004-a1). `MOT` requirements followed the same pattern as `THM` prior to KBDL-005-A1: `Approved` only where a requirement directly restated an already-approved KBDL-002 principle, KBDL-004 theme rule, or `KBDL-DEC-010` motion-safety baseline (`KBDL-MOT-001`–`003`, `004`, `012`, `014`–`019`, `021`–`027`); `Recommended` where new KBDL-005 policy was introduced — the motion hierarchy and intensity model (`KBDL-MOT-005`, `006`), the timing/ duration/easing architecture (`KBDL-MOT-007`–`009`), spatial-movement and choreography ranges (`KBDL-MOT-010`, `011`), navigation-motion architecture (`KBDL-MOT-013`), the theme-transition duration/easing values that resolve what KBDL-004 deferred (`KBDL-MOT-020`), and the detailed defaults separated from their Approved parent cores under KBDL-005-R1 — the entrance-versus-exit duration relationship (`KBDL-MOT-028`), the attention repetition default (`KBDL-MOT-029`), detailed ambient-motion boundaries (`KBDL-MOT-030`), detailed scroll-linked-motion boundaries (`KBDL-MOT-031`), the reduced-motion substitution matrix (`KBDL-MOT-032`), the conceptual motion-token naming architecture (`KBDL-MOT-033`), and profile-level motion-intensity adjustments (`KBDL-MOT-034`). `KBDL-MOT-006` and `KBDL-MOT-013` were initially documented without a decision-packet row; KBDL-005-R2 added packet items 14 and 15 to correct this coverage gap, completing a fifteen-item packet mapping all sixteen `Recommended` requirements (see [motion/README.md §10.2.1](motion/README.md#1021-approved-requirement-coverage) — `KBDL-MOT-007` and `KBDL-MOT-008` share one decision, as one timing system). Under **KBDL-005-A1**, the project owner approved exactly the fifteen-item packet, recorded as [KBDL-DEC-014](decision-register.md#kbdl-dec-014--kbdl-005-motion-decisions-approved), promoting all sixteen requirements above from `Recommended` to `Approved`. This approval does not extend to any item in [motion/README.md §10.3](motion/README.md#103-unresolved-or-not-approval-ready) (exact component-specific values, device-performance detection, animation-library/rendering-technology selection, CSS/JSON/JavaScript token formats, browser-support policy, exact scroll thresholds, exact quantitative motion-hazard thresholds), any unresolved KBDL-004 theme value, or any KBDL-006-or-later content — all of which remain `Recommended`/`Not verified`/`Deferred` or out of scope. Approval does not itself constitute validation — every promoted requirement's Validation status above is unchanged. `RSP` and `A11Y` requirements follow the same pattern established by `THM`/`MOT`: `Approved` only where a requirement directly restates an already-adopted WCAG 2.2 Level A/AA criterion (`KBDL-DEC-010`) or a prior approved KBDL principle, foundation, theme, or motion rule; `Recommended` where new KBDL-006 policy is introduced — exact breakpoint thresholds, grid columns, container widths, and gutters (`KBDL-RSP-002`–`005`), navigation collapse thresholds and the data-dense strategy (`KBDL-RSP-008`, `011`), the forced-colors/high-contrast policy (`KBDL-A11Y-011`), the preferred enhanced target size (`KBDL-A11Y-021`), and the preferred accessibility testing matrix (`KBDL-A11Y-035`). None of these `Recommended` items are implemented or treated as `Approved` until the project owner reviews the [responsive decision packet](responsive.md#35-responsive-decision-packet) and [accessibility decision packet](accessibility.md#49-accessibility-decision-packet); `KBDL-DEC-015` exists, but it records only the acceptance of the KBDL-006 remediation baseline and the requirement-ID governance amendment — it does not approve either decision packet, and no decision-register entry currently approves any of the nine KBDL-006 recommendation values, since no such review has yet occurred. This document does not claim full WCAG conformance, screen-reader compatibility, or real-device support — see [accessibility.md §48](accessibility.md#48-accessibility-validation-matrix) for exactly what has and has not been verified. `CMP` requirements follow the same pattern established by `RSP`/`A11Y`: `Approved` only where a requirement directly restates an already-adopted WCAG 2.2 Level A/AA criterion, WAI-ARIA role/state/property, or a prior approved KBDL principle, foundation, theme, motion, responsive, or accessibility rule; `Recommended` where new KBDL-007 component-level policy is introduced — the button hierarchy taxonomy, icon-only visible-label threshold, button-group guidance (`KBDL-CMP-015`, `017`, `020`), the search-field model, combobox-justification threshold, form-action-row reflow order (`KBDL-CMP-025`, `029`, `036`), and the navigation collapse threshold, breadcrumb/pagination truncation models, and tabs activation model (`KBDL-CMP-041`, `044`, `046`, `048`). None of these `Recommended` items are implemented or treated as `Approved` until the project owner reviews the [KBDL-007 decision packet](components-core.md#35-kbdl-007-decision-packet); no decision-register entry has been created for KBDL-007, since no such review has yet occurred. This document does not claim full WCAG conformance, ARIA-pattern compliance, screen-reader compatibility, or real-device support for any component — see [components-core.md §32–§34](components-core.md#32-accessibility-validation-matrix) for exactly what has and has not been verified. `CMP` requirements introduced by KBDL-008 extend this pattern with one additional authority: `Approved` where a requirement is authorized by an already-adopted WCAG 2.2 criterion, an adopted WAI-ARIA role/state/ property definition, a prior approved KBDL or KBDL-007 rule, an explicit mandatory requirement in the project-owner-approved KBDL-008 implementation prompt, or a documented combination of these (see each requirement's own record in [components-system.md §27](components-system.md#27-normative-requirements) for which authority applies, split by clause where mixed); prompt approval authorizes only the prompt's own mandatory scope — it does not approve the KBDL-008 decision packet, promote any KBDL-006 or KBDL-007 recommendation, or grant implementation-level validation. `Recommended` where new, discretionary KBDL-008 component-level policy not mandated by the approved prompt is introduced — a card-variant taxonomy, an accordion open model, a tooltip timing policy, a popover taxonomy, a menu interaction model, a modal sizing/nesting policy, a drawer/sheet taxonomy, an overlay nesting policy, a banner severity taxonomy, a toast lifecycle model, an empty-state taxonomy, an error/system-state severity taxonomy, a grid-versus-table threshold, a treegrid justification threshold, a carousel auto-rotation policy, a data-visualization interaction model, and a responsive transformation policy (`KBDL-CMP-067`, `069`, `073`, `074`, `076`, `080`, `083`, `085`, `089`, `091`, `099`, `102`, `105`, `106`, `108`, `110`, `111`). None of these `Recommended` items are implemented or treated as `Approved` until the project owner reviews the [KBDL-008 decision packet](components-system.md#33-kbdl-008-decision-packet); no decision-register entry has been created for KBDL-008, since no such review has yet occurred. This document does not claim full WCAG conformance, ARIA-pattern compliance, screen-reader compatibility, or real-device support for any component — see [components-system.md §29–§32](components-system.md#29-accessibility-validation-matrix) for exactly what has and has not been verified. `PRO` requirements introduced by KBDL-009 follow the same pattern: `Approved` where a requirement is authorized by a prior approved KBDL requirement, an explicit mandatory requirement in the project-owner-approved KBDL-009 implementation prompt, or a documented combination of these (see each requirement's own record in [profiles.md §28](profiles.md#28-normative-requirements) for which authority applies); prompt approval authorizes only the prompt's own mandatory scope — it does not approve the KBDL-009 decision packet, promote any KBDL-006, KBDL-007, or KBDL-008 recommendation, or grant implementation-level validation. `Recommended` where new, discretionary profile-governance policy not mandated by the approved prompt is introduced — a primary/secondary/hybrid profile policy, exact Precision density defaults, profile change/migration governance, a profile- selection rubric, and a profile review cadence (`KBDL-PRO-009`, `016`, `017`, `018`, `027`, `028`, `029`). None of these `Recommended` items are implemented or treated as `Approved` until the project owner reviews the [KBDL-009 decision packet](profiles.md#33-kbdl-009-decision-packet); no decision-register entry has been created for KBDL-009, since no such review has yet occurred. This document does not claim implementation- level profile validation or production conformance — see [profiles.md §31–§32](profiles.md#31-profile-invariant-validation-matrix) for exactly what has and has not been verified. KBDL-009 passed the planning agent's validation review and KBDL-010 (Manual Customization) is present with 30 `CUS` requirements. Its seven discretionary policy items remain Recommended, its format/tooling item remains Deferred, and no implementation-level customization behavior is verified. KBDL-010 passed planning-agent review and KBDL-011 is present with twelve Approved validation- methodology requirements. AR2 established current, non-retroactive authority without reconstructing historical prompt approvals. R14 soundly resolves all Approved authority graphs and field-specific effective-record sources, restoring `VAL-003` and `VAL-006`; `VAL-004` remains Not verified because its eleven clause-evidence methods were not executed. `VAL-007` remains Verified for its complete documentation method. `VAL-008`, `010`, and `011` remain Not verified. The documentation-only candidate recommendation is `NOT READY — VALIDATOR-SOUNDNESS AND CLAUSE-EVIDENCE REMEDIATION REQUIRED`, pending planning-agent validation and without readiness or completion approval. Implementation conformance is `NOT VERIFIED`, and completion awaits independent review and explicit project-owner approval.","Candidate documentation readiness is not project completion. ## Notes on Scope `GOV`, `PRN`, `FND`, `THM`, `MOT`, `RSP`, `A11Y`, and `CMP` are documented (architecture and, where noted per row, approved default values or approved WCAG/ARIA-derived requirements); none of their requirements have been *implemented* in code, regardless of lifecycle status — this matrix tracks specification-level approval and validation, not implementation. `RSP` and `A11Y` (KBDL-006) **passed** planning-agent validation before KBDL-007 began: `responsive.md` and `accessibility.md` are present; every requirement directly restating an already-adopted WCAG 2.2 criterion or prior approved KBDL rule remains `Approved`; the nine KBDL-specific recommendations (`KBDL-RSP-002`–`005`, `008`, `011`; `KBDL-A11Y-011`, `021`, `035`) remain `Recommended` and unapproved — KBDL-006 passing validation does **not** promote them. Implementation-dependent validation for both modules remains `Not verified`, since no implementation exists. [KBDL-DEC-015](decision-register.md#kbdl-dec-015--kbdl-006-remediation-and-id-governance-amendment) exists and records exactly two things: acceptance of the KBDL-006 remediation baseline (commit `14ef110`), and the requirement-ID governance amendment permitting stable IDs before approval. **It does not approve any of the nine KBDL-006 recommendation values** — no decision-register entry currently approves the responsive or accessibility decision packets, and none of the nine recommendations is `Approved`. `CMP` (KBDL-007) **passed** planning-agent validation before KBDL-008 began: `docs/kbdl/components-core.md` exists with 51 documented requirements (see the [KBDL-007 — Core Action, Form, and Navigation Components](#kbdl-007--core-action-form-and-navigation-components) section above); its standards-derived and inherited Approved requirements remain `Approved`; its ten KBDL-specific recommendations (`KBDL-CMP-015`, `017`, `020`, `025`, `029`, `036`, `041`, `044`, `046`, `048`) remain `Recommended` and unapproved — KBDL-007 passing validation does not promote them. `CMP` (KBDL-008) **passed** planning-agent validation before KBDL-009 began: `docs/kbdl/components-system.md` exists with 60 additional documented requirements (`KBDL-CMP-052`–`111`, see the [KBDL-008 — Surface, Overlay, Feedback, and System-State Components](#kbdl-008--surface-overlay-feedback-and-system-state-components) section above); its standards-derived and inherited Approved requirements remain `Approved`; its seventeen KBDL-specific recommendations (`KBDL-CMP-067`, `069`, `073`, `074`, `076`, `080`, `083`, `085`, `089`, `091`, `099`, `102`, `105`, `106`, `108`, `110`, `111`) remain `Recommended` and unapproved — KBDL-008 passing validation does not promote them. `PRO` (KBDL-009) is no longer a future or locked module: `docs/kbdl/profiles.md` exists with 29 documented requirements (`KBDL-PRO-001`–`029`, see the [KBDL-009 — Project Profiles](#kbdl-009--project-profiles) section above); KBDL-009 passed planning-agent validation before KBDL-010 began. `CUS` (KBDL-010) is present with the requirements traced above and passed planning-agent validation before KBDL-011 began. `VAL` (KBDL-011) is present as the Final Validation and completion gate; its baseline and candidate status remain pending independent planning-agent review and project-owner action. Approval status and validation status are recorded independently for every row; a row being `Approved` never implies it is `Verified`, and a row being `Verified` never implies or grants `Approved` status. `PRN` requirements are approved as principles-level guidance; they do not themselves introduce or approve any final visual, motion, or component value — those remain `Deferred` until their own modules are reached. `FND` requirements cover both foundation *architecture* (`KBDL-FND-001`–`008`) and the specific default values in the [foundation decision packet](foundations/README.md#6-foundation-decision-packet) (`KBDL-FND-009`–`012`); all twelve are `Approved` following the project owner's review recorded in [KBDL-DEC-012](decision-register.md#kbdl-dec-012--foundation-decision-packet-approved). Approval does not itself constitute validation — see each row's Validation status for what has actually been checked. `THM` requirements were originally split more narrowly than `FND`, following KBDL-004-R1: `Approved` only where a requirement's exact wording was directly and explicitly supported by a prior approved KBDL decision — `KBDL-THM-001`, `KBDL-THM-002`, `KBDL-THM-003` (narrowed to its precedence core), `KBDL-THM-005` (narrowed to its accessibility core), `KBDL-THM-006`, and `KBDL-THM-012a` (the pre-existing reduced-motion rule). Under KBDL-004-A1, the project owner approved the ten-item theme decision packet, promoting `KBDL-THM-004` (persistence baseline), `KBDL-THM-007`/`008` (opaque light/dark mappings only — the Accent- surface, Scrim, and Selection-background opacity values remain `Recommended`/`Not verified` and are excluded), `KBDL-THM-009` (status-family colors), `KBDL-THM-010` (opaque gradient caption-band strategy only — translucent variants remain excluded), `KBDL-THM-011` (color-value-expression convention), `KBDL-THM-012` (conceptual transition guidance only, no timing/easing), `KBDL-THM-013` (detailed precedence ordering), `KBDL-THM-014` (detailed project-override list), and `KBDL-THM-015` (local-contrast-context set) to `Approved`, per [KBDL-DEC-013](decision-register.md#kbdl-dec-013--kbdl-004-theme-decisions-approved). This approval does not extend to opacity values, translucent variants, account-level sync, high-contrast/forced-colors mode, data-visualization palettes, any implementation-layer format (CSS custom properties, JSON tokens, component-level theme tokens, framework APIs), or any motion timing/easing value — all of which remain `Recommended`/`Not verified` or out of scope, per [themes/README.md § Theme Decision Packet](themes/README.md#10-theme-decision-packet-approved-under-kbdl-004-a1). `MOT` requirements followed the same pattern as `THM` prior to KBDL-005-A1: `Approved` only where a requirement directly restated an already-approved KBDL-002 principle, KBDL-004 theme rule, or `KBDL-DEC-010` motion-safety baseline (`KBDL-MOT-001`–`003`, `004`, `012`, `014`–`019`, `021`–`027`); `Recommended` where new KBDL-005 policy was introduced — the motion hierarchy and intensity model (`KBDL-MOT-005`, `006`), the timing/ duration/easing architecture (`KBDL-MOT-007`–`009`), spatial-movement and choreography ranges (`KBDL-MOT-010`, `011`), navigation-motion architecture (`KBDL-MOT-013`), the theme-transition duration/easing values that resolve what KBDL-004 deferred (`KBDL-MOT-020`), and the detailed defaults separated from their Approved parent cores under KBDL-005-R1 — the entrance-versus-exit duration relationship (`KBDL-MOT-028`), the attention repetition default (`KBDL-MOT-029`), detailed ambient-motion boundaries (`KBDL-MOT-030`), detailed scroll-linked-motion boundaries (`KBDL-MOT-031`), the reduced-motion substitution matrix (`KBDL-MOT-032`), the conceptual motion-token naming architecture (`KBDL-MOT-033`), and profile-level motion-intensity adjustments (`KBDL-MOT-034`). `KBDL-MOT-006` and `KBDL-MOT-013` were initially documented without a decision-packet row; KBDL-005-R2 added packet items 14 and 15 to correct this coverage gap, completing a fifteen-item packet mapping all sixteen `Recommended` requirements (see [motion/README.md §10.2.1](motion/README.md#1021-approved-requirement-coverage) — `KBDL-MOT-007` and `KBDL-MOT-008` share one decision, as one timing system). Under **KBDL-005-A1**, the project owner approved exactly the fifteen-item packet, recorded as [KBDL-DEC-014](decision-register.md#kbdl-dec-014--kbdl-005-motion-decisions-approved), promoting all sixteen requirements above from `Recommended` to `Approved`. This approval does not extend to any item in [motion/README.md §10.3](motion/README.md#103-unresolved-or-not-approval-ready) (exact component-specific values, device-performance detection, animation-library/rendering-technology selection, CSS/JSON/JavaScript token formats, browser-support policy, exact scroll thresholds, exact quantitative motion-hazard thresholds), any unresolved KBDL-004 theme value, or any KBDL-006-or-later content — all of which remain `Recommended`/`Not verified`/`Deferred` or out of scope. Approval does not itself constitute validation — every promoted requirement's Validation status above is unchanged. `RSP` and `A11Y` requirements follow the same pattern established by `THM`/`MOT`: `Approved` only where a requirement directly restates an already-adopted WCAG 2.2 Level A/AA criterion (`KBDL-DEC-010`) or a prior approved KBDL principle, foundation, theme, or motion rule; `Recommended` where new KBDL-006 policy is introduced — exact breakpoint thresholds, grid columns, container widths, and gutters (`KBDL-RSP-002`–`005`), navigation collapse thresholds and the data-dense strategy (`KBDL-RSP-008`, `011`), the forced-colors/high-contrast policy (`KBDL-A11Y-011`), the preferred enhanced target size (`KBDL-A11Y-021`), and the preferred accessibility testing matrix (`KBDL-A11Y-035`). None of these `Recommended` items are implemented or treated as `Approved` until the project owner reviews the [responsive decision packet](responsive.md#35-responsive-decision-packet) and [accessibility decision packet](accessibility.md#49-accessibility-decision-packet); `KBDL-DEC-015` exists, but it records only the acceptance of the KBDL-006 remediation baseline and the requirement-ID governance amendment — it does not approve either decision packet, and no decision-register entry currently approves any of the nine KBDL-006 recommendation values, since no such review has yet occurred. This document does not claim full WCAG conformance, screen-reader compatibility, or real-device support — see [accessibility.md §48](accessibility.md#48-accessibility-validation-matrix) for exactly what has and has not been verified. `CMP` requirements follow the same pattern established by `RSP`/`A11Y`: `Approved` only where a requirement directly restates an already-adopted WCAG 2.2 Level A/AA criterion, WAI-ARIA role/state/property, or a prior approved KBDL principle, foundation, theme, motion, responsive, or accessibility rule; `Recommended` where new KBDL-007 component-level policy is introduced — the button hierarchy taxonomy, icon-only visible-label threshold, button-group guidance (`KBDL-CMP-015`, `017`, `020`), the search-field model, combobox-justification threshold, form-action-row reflow order (`KBDL-CMP-025`, `029`, `036`), and the navigation collapse threshold, breadcrumb/pagination truncation models, and tabs activation model (`KBDL-CMP-041`, `044`, `046`, `048`). None of these `Recommended` items are implemented or treated as `Approved` until the project owner reviews the [KBDL-007 decision packet](components-core.md#35-kbdl-007-decision-packet); no decision-register entry has been created for KBDL-007, since no such review has yet occurred. This document does not claim full WCAG conformance, ARIA-pattern compliance, screen-reader compatibility, or real-device support for any component — see [components-core.md §32–§34](components-core.md#32-accessibility-validation-matrix) for exactly what has and has not been verified. `CMP` requirements introduced by KBDL-008 extend this pattern with one additional authority: `Approved` where a requirement is authorized by an already-adopted WCAG 2.2 criterion, an adopted WAI-ARIA role/state/ property definition, a prior approved KBDL or KBDL-007 rule, an explicit mandatory requirement in the project-owner-approved KBDL-008 implementation prompt, or a documented combination of these (see each requirement's own record in [components-system.md §27](components-system.md#27-normative-requirements) for which authority applies, split by clause where mixed); prompt approval authorizes only the prompt's own mandatory scope — it does not approve the KBDL-008 decision packet, promote any KBDL-006 or KBDL-007 recommendation, or grant implementation-level validation. `Recommended` where new, discretionary KBDL-008 component-level policy not mandated by the approved prompt is introduced — a card-variant taxonomy, an accordion open model, a tooltip timing policy, a popover taxonomy, a menu interaction model, a modal sizing/nesting policy, a drawer/sheet taxonomy, an overlay nesting policy, a banner severity taxonomy, a toast lifecycle model, an empty-state taxonomy, an error/system-state severity taxonomy, a grid-versus-table threshold, a treegrid justification threshold, a carousel auto-rotation policy, a data-visualization interaction model, and a responsive transformation policy (`KBDL-CMP-067`, `069`, `073`, `074`, `076`, `080`, `083`, `085`, `089`, `091`, `099`, `102`, `105`, `106`, `108`, `110`, `111`). None of these `Recommended` items are implemented or treated as `Approved` until the project owner reviews the [KBDL-008 decision packet](components-system.md#33-kbdl-008-decision-packet); no decision-register entry has been created for KBDL-008, since no such review has yet occurred. This document does not claim full WCAG conformance, ARIA-pattern compliance, screen-reader compatibility, or real-device support for any component — see [components-system.md §29–§32](components-system.md#29-accessibility-validation-matrix) for exactly what has and has not been verified. `PRO` requirements introduced by KBDL-009 follow the same pattern: `Approved` where a requirement is authorized by a prior approved KBDL requirement, an explicit mandatory requirement in the project-owner-approved KBDL-009 implementation prompt, or a documented combination of these (see each requirement's own record in [profiles.md §28](profiles.md#28-normative-requirements) for which authority applies); prompt approval authorizes only the prompt's own mandatory scope — it does not approve the KBDL-009 decision packet, promote any KBDL-006, KBDL-007, or KBDL-008 recommendation, or grant implementation-level validation. `Recommended` where new, discretionary profile-governance policy not mandated by the approved prompt is introduced — a primary/secondary/hybrid profile policy, exact Precision density defaults, profile change/migration governance, a profile- selection rubric, and a profile review cadence (`KBDL-PRO-009`, `016`, `017`, `018`, `027`, `028`, `029`). None of these `Recommended` items are implemented or treated as `Approved` until the project owner reviews the [KBDL-009 decision packet](profiles.md#33-kbdl-009-decision-packet); no decision-register entry has been created for KBDL-009, since no such review has yet occurred. This document does not claim implementation- level profile validation or production conformance — see [profiles.md §31–§32](profiles.md#31-profile-invariant-validation-matrix) for exactly what has and has not been verified. KBDL-009 passed the planning agent's validation review and KBDL-010 (Manual Customization) is present with 30 `CUS` requirements. Its seven discretionary policy items remain Recommended, its format/tooling item remains Deferred, and no implementation-level customization behavior is verified. KBDL-010 passed planning-agent review and KBDL-011 is present with twelve Approved validation- methodology requirements. AR2 established current, non-retroactive authority without reconstructing historical prompt approvals. R14 soundly resolves all Approved authority graphs and field-specific effective-record sources, restoring `VAL-003` and `VAL-006`; `VAL-004` remains Not verified because its eleven clause-evidence methods were not executed. `VAL-007` remains Verified for its complete documentation method. `VAL-008`, `010`, and `011` remain Not verified. The documentation-only candidate recommendation is `NOT READY — VALIDATOR-SOUNDNESS AND CLAUSE-EVIDENCE REMEDIATION REQUIRED`, pending planning-agent validation and without readiness or completion approval. Implementation conformance is `NOT VERIFIED`, and completion awaits independent review and explicit project-owner approval."
KBDL-VAL-012,Notes or exclusions,"Calculations, evidence ledgers, and completion gate (KBDL-VAL-009 through KBDL-VAL-012)",Uniform default,"Candidate documentation readiness is not project completion. ## Notes on Scope `GOV`, `PRN`, `FND`, `THM`, `MOT`, `RSP`, `A11Y`, and `CMP` are documented (architecture and, where noted per row, approved default values or approved WCAG/ARIA-derived requirements); none of their requirements have been *implemented* in code, regardless of lifecycle status — this matrix tracks specification-level approval and validation, not implementation. `RSP` and `A11Y` (KBDL-006) **passed** planning-agent validation before KBDL-007 began: `responsive.md` and `accessibility.md` are present; every requirement directly restating an already-adopted WCAG 2.2 criterion or prior approved KBDL rule remains `Approved`; the nine KBDL-specific recommendations (`KBDL-RSP-002`–`005`, `008`, `011`; `KBDL-A11Y-011`, `021`, `035`) remain `Recommended` and unapproved — KBDL-006 passing validation does **not** promote them. Implementation-dependent validation for both modules remains `Not verified`, since no implementation exists. [KBDL-DEC-015](decision-register.md#kbdl-dec-015--kbdl-006-remediation-and-id-governance-amendment) exists and records exactly two things: acceptance of the KBDL-006 remediation baseline (commit `14ef110`), and the requirement-ID governance amendment permitting stable IDs before approval. **It does not approve any of the nine KBDL-006 recommendation values** — no decision-register entry currently approves the responsive or accessibility decision packets, and none of the nine recommendations is `Approved`. `CMP` (KBDL-007) **passed** planning-agent validation before KBDL-008 began: `docs/kbdl/components-core.md` exists with 51 documented requirements (see the [KBDL-007 — Core Action, Form, and Navigation Components](#kbdl-007--core-action-form-and-navigation-components) section above); its standards-derived and inherited Approved requirements remain `Approved`; its ten KBDL-specific recommendations (`KBDL-CMP-015`, `017`, `020`, `025`, `029`, `036`, `041`, `044`, `046`, `048`) remain `Recommended` and unapproved — KBDL-007 passing validation does not promote them. `CMP` (KBDL-008) **passed** planning-agent validation before KBDL-009 began: `docs/kbdl/components-system.md` exists with 60 additional documented requirements (`KBDL-CMP-052`–`111`, see the [KBDL-008 — Surface, Overlay, Feedback, and System-State Components](#kbdl-008--surface-overlay-feedback-and-system-state-components) section above); its standards-derived and inherited Approved requirements remain `Approved`; its seventeen KBDL-specific recommendations (`KBDL-CMP-067`, `069`, `073`, `074`, `076`, `080`, `083`, `085`, `089`, `091`, `099`, `102`, `105`, `106`, `108`, `110`, `111`) remain `Recommended` and unapproved — KBDL-008 passing validation does not promote them. `PRO` (KBDL-009) is no longer a future or locked module: `docs/kbdl/profiles.md` exists with 29 documented requirements (`KBDL-PRO-001`–`029`, see the [KBDL-009 — Project Profiles](#kbdl-009--project-profiles) section above); KBDL-009 passed planning-agent validation before KBDL-010 began. `CUS` (KBDL-010) is present with the requirements traced above and passed planning-agent validation before KBDL-011 began. `VAL` (KBDL-011) is present as the Final Validation and completion gate; its baseline and candidate status remain pending independent planning-agent review and project-owner action. Approval status and validation status are recorded independently for every row; a row being `Approved` never implies it is `Verified`, and a row being `Verified` never implies or grants `Approved` status. `PRN` requirements are approved as principles-level guidance; they do not themselves introduce or approve any final visual, motion, or component value — those remain `Deferred` until their own modules are reached. `FND` requirements cover both foundation *architecture* (`KBDL-FND-001`–`008`) and the specific default values in the [foundation decision packet](foundations/README.md#6-foundation-decision-packet) (`KBDL-FND-009`–`012`); all twelve are `Approved` following the project owner's review recorded in [KBDL-DEC-012](decision-register.md#kbdl-dec-012--foundation-decision-packet-approved). Approval does not itself constitute validation — see each row's Validation status for what has actually been checked. `THM` requirements were originally split more narrowly than `FND`, following KBDL-004-R1: `Approved` only where a requirement's exact wording was directly and explicitly supported by a prior approved KBDL decision — `KBDL-THM-001`, `KBDL-THM-002`, `KBDL-THM-003` (narrowed to its precedence core), `KBDL-THM-005` (narrowed to its accessibility core), `KBDL-THM-006`, and `KBDL-THM-012a` (the pre-existing reduced-motion rule). Under KBDL-004-A1, the project owner approved the ten-item theme decision packet, promoting `KBDL-THM-004` (persistence baseline), `KBDL-THM-007`/`008` (opaque light/dark mappings only — the Accent- surface, Scrim, and Selection-background opacity values remain `Recommended`/`Not verified` and are excluded), `KBDL-THM-009` (status-family colors), `KBDL-THM-010` (opaque gradient caption-band strategy only — translucent variants remain excluded), `KBDL-THM-011` (color-value-expression convention), `KBDL-THM-012` (conceptual transition guidance only, no timing/easing), `KBDL-THM-013` (detailed precedence ordering), `KBDL-THM-014` (detailed project-override list), and `KBDL-THM-015` (local-contrast-context set) to `Approved`, per [KBDL-DEC-013](decision-register.md#kbdl-dec-013--kbdl-004-theme-decisions-approved). This approval does not extend to opacity values, translucent variants, account-level sync, high-contrast/forced-colors mode, data-visualization palettes, any implementation-layer format (CSS custom properties, JSON tokens, component-level theme tokens, framework APIs), or any motion timing/easing value — all of which remain `Recommended`/`Not verified` or out of scope, per [themes/README.md § Theme Decision Packet](themes/README.md#10-theme-decision-packet-approved-under-kbdl-004-a1). `MOT` requirements followed the same pattern as `THM` prior to KBDL-005-A1: `Approved` only where a requirement directly restated an already-approved KBDL-002 principle, KBDL-004 theme rule, or `KBDL-DEC-010` motion-safety baseline (`KBDL-MOT-001`–`003`, `004`, `012`, `014`–`019`, `021`–`027`); `Recommended` where new KBDL-005 policy was introduced — the motion hierarchy and intensity model (`KBDL-MOT-005`, `006`), the timing/ duration/easing architecture (`KBDL-MOT-007`–`009`), spatial-movement and choreography ranges (`KBDL-MOT-010`, `011`), navigation-motion architecture (`KBDL-MOT-013`), the theme-transition duration/easing values that resolve what KBDL-004 deferred (`KBDL-MOT-020`), and the detailed defaults separated from their Approved parent cores under KBDL-005-R1 — the entrance-versus-exit duration relationship (`KBDL-MOT-028`), the attention repetition default (`KBDL-MOT-029`), detailed ambient-motion boundaries (`KBDL-MOT-030`), detailed scroll-linked-motion boundaries (`KBDL-MOT-031`), the reduced-motion substitution matrix (`KBDL-MOT-032`), the conceptual motion-token naming architecture (`KBDL-MOT-033`), and profile-level motion-intensity adjustments (`KBDL-MOT-034`). `KBDL-MOT-006` and `KBDL-MOT-013` were initially documented without a decision-packet row; KBDL-005-R2 added packet items 14 and 15 to correct this coverage gap, completing a fifteen-item packet mapping all sixteen `Recommended` requirements (see [motion/README.md §10.2.1](motion/README.md#1021-approved-requirement-coverage) — `KBDL-MOT-007` and `KBDL-MOT-008` share one decision, as one timing system). Under **KBDL-005-A1**, the project owner approved exactly the fifteen-item packet, recorded as [KBDL-DEC-014](decision-register.md#kbdl-dec-014--kbdl-005-motion-decisions-approved), promoting all sixteen requirements above from `Recommended` to `Approved`. This approval does not extend to any item in [motion/README.md §10.3](motion/README.md#103-unresolved-or-not-approval-ready) (exact component-specific values, device-performance detection, animation-library/rendering-technology selection, CSS/JSON/JavaScript token formats, browser-support policy, exact scroll thresholds, exact quantitative motion-hazard thresholds), any unresolved KBDL-004 theme value, or any KBDL-006-or-later content — all of which remain `Recommended`/`Not verified`/`Deferred` or out of scope. Approval does not itself constitute validation — every promoted requirement's Validation status above is unchanged. `RSP` and `A11Y` requirements follow the same pattern established by `THM`/`MOT`: `Approved` only where a requirement directly restates an already-adopted WCAG 2.2 Level A/AA criterion (`KBDL-DEC-010`) or a prior approved KBDL principle, foundation, theme, or motion rule; `Recommended` where new KBDL-006 policy is introduced — exact breakpoint thresholds, grid columns, container widths, and gutters (`KBDL-RSP-002`–`005`), navigation collapse thresholds and the data-dense strategy (`KBDL-RSP-008`, `011`), the forced-colors/high-contrast policy (`KBDL-A11Y-011`), the preferred enhanced target size (`KBDL-A11Y-021`), and the preferred accessibility testing matrix (`KBDL-A11Y-035`). None of these `Recommended` items are implemented or treated as `Approved` until the project owner reviews the [responsive decision packet](responsive.md#35-responsive-decision-packet) and [accessibility decision packet](accessibility.md#49-accessibility-decision-packet); `KBDL-DEC-015` exists, but it records only the acceptance of the KBDL-006 remediation baseline and the requirement-ID governance amendment — it does not approve either decision packet, and no decision-register entry currently approves any of the nine KBDL-006 recommendation values, since no such review has yet occurred. This document does not claim full WCAG conformance, screen-reader compatibility, or real-device support — see [accessibility.md §48](accessibility.md#48-accessibility-validation-matrix) for exactly what has and has not been verified. `CMP` requirements follow the same pattern established by `RSP`/`A11Y`: `Approved` only where a requirement directly restates an already-adopted WCAG 2.2 Level A/AA criterion, WAI-ARIA role/state/property, or a prior approved KBDL principle, foundation, theme, motion, responsive, or accessibility rule; `Recommended` where new KBDL-007 component-level policy is introduced — the button hierarchy taxonomy, icon-only visible-label threshold, button-group guidance (`KBDL-CMP-015`, `017`, `020`), the search-field model, combobox-justification threshold, form-action-row reflow order (`KBDL-CMP-025`, `029`, `036`), and the navigation collapse threshold, breadcrumb/pagination truncation models, and tabs activation model (`KBDL-CMP-041`, `044`, `046`, `048`). None of these `Recommended` items are implemented or treated as `Approved` until the project owner reviews the [KBDL-007 decision packet](components-core.md#35-kbdl-007-decision-packet); no decision-register entry has been created for KBDL-007, since no such review has yet occurred. This document does not claim full WCAG conformance, ARIA-pattern compliance, screen-reader compatibility, or real-device support for any component — see [components-core.md §32–§34](components-core.md#32-accessibility-validation-matrix) for exactly what has and has not been verified. `CMP` requirements introduced by KBDL-008 extend this pattern with one additional authority: `Approved` where a requirement is authorized by an already-adopted WCAG 2.2 criterion, an adopted WAI-ARIA role/state/ property definition, a prior approved KBDL or KBDL-007 rule, an explicit mandatory requirement in the project-owner-approved KBDL-008 implementation prompt, or a documented combination of these (see each requirement's own record in [components-system.md §27](components-system.md#27-normative-requirements) for which authority applies, split by clause where mixed); prompt approval authorizes only the prompt's own mandatory scope — it does not approve the KBDL-008 decision packet, promote any KBDL-006 or KBDL-007 recommendation, or grant implementation-level validation. `Recommended` where new, discretionary KBDL-008 component-level policy not mandated by the approved prompt is introduced — a card-variant taxonomy, an accordion open model, a tooltip timing policy, a popover taxonomy, a menu interaction model, a modal sizing/nesting policy, a drawer/sheet taxonomy, an overlay nesting policy, a banner severity taxonomy, a toast lifecycle model, an empty-state taxonomy, an error/system-state severity taxonomy, a grid-versus-table threshold, a treegrid justification threshold, a carousel auto-rotation policy, a data-visualization interaction model, and a responsive transformation policy (`KBDL-CMP-067`, `069`, `073`, `074`, `076`, `080`, `083`, `085`, `089`, `091`, `099`, `102`, `105`, `106`, `108`, `110`, `111`). None of these `Recommended` items are implemented or treated as `Approved` until the project owner reviews the [KBDL-008 decision packet](components-system.md#33-kbdl-008-decision-packet); no decision-register entry has been created for KBDL-008, since no such review has yet occurred. This document does not claim full WCAG conformance, ARIA-pattern compliance, screen-reader compatibility, or real-device support for any component — see [components-system.md §29–§32](components-system.md#29-accessibility-validation-matrix) for exactly what has and has not been verified. `PRO` requirements introduced by KBDL-009 follow the same pattern: `Approved` where a requirement is authorized by a prior approved KBDL requirement, an explicit mandatory requirement in the project-owner-approved KBDL-009 implementation prompt, or a documented combination of these (see each requirement's own record in [profiles.md §28](profiles.md#28-normative-requirements) for which authority applies); prompt approval authorizes only the prompt's own mandatory scope — it does not approve the KBDL-009 decision packet, promote any KBDL-006, KBDL-007, or KBDL-008 recommendation, or grant implementation-level validation. `Recommended` where new, discretionary profile-governance policy not mandated by the approved prompt is introduced — a primary/secondary/hybrid profile policy, exact Precision density defaults, profile change/migration governance, a profile- selection rubric, and a profile review cadence (`KBDL-PRO-009`, `016`, `017`, `018`, `027`, `028`, `029`). None of these `Recommended` items are implemented or treated as `Approved` until the project owner reviews the [KBDL-009 decision packet](profiles.md#33-kbdl-009-decision-packet); no decision-register entry has been created for KBDL-009, since no such review has yet occurred. This document does not claim implementation- level profile validation or production conformance — see [profiles.md §31–§32](profiles.md#31-profile-invariant-validation-matrix) for exactly what has and has not been verified. KBDL-009 passed the planning agent's validation review and KBDL-010 (Manual Customization) is present with 30 `CUS` requirements. Its seven discretionary policy items remain Recommended, its format/tooling item remains Deferred, and no implementation-level customization behavior is verified. KBDL-010 passed planning-agent review and KBDL-011 is present with twelve Approved validation- methodology requirements. AR2 established current, non-retroactive authority without reconstructing historical prompt approvals. R14 soundly resolves all Approved authority graphs and field-specific effective-record sources, restoring `VAL-003` and `VAL-006`; `VAL-004` remains Not verified because its eleven clause-evidence methods were not executed. `VAL-007` remains Verified for its complete documentation method. `VAL-008`, `010`, and `011` remain Not verified. The documentation-only candidate recommendation is `NOT READY — VALIDATOR-SOUNDNESS AND CLAUSE-EVIDENCE REMEDIATION REQUIRED`, pending planning-agent validation and without readiness or completion approval. Implementation conformance is `NOT VERIFIED`, and completion awaits independent review and explicit project-owner approval.","Candidate documentation readiness is not project completion. ## Notes on Scope `GOV`, `PRN`, `FND`, `THM`, `MOT`, `RSP`, `A11Y`, and `CMP` are documented (architecture and, where noted per row, approved default values or approved WCAG/ARIA-derived requirements); none of their requirements have been *implemented* in code, regardless of lifecycle status — this matrix tracks specification-level approval and validation, not implementation. `RSP` and `A11Y` (KBDL-006) **passed** planning-agent validation before KBDL-007 began: `responsive.md` and `accessibility.md` are present; every requirement directly restating an already-adopted WCAG 2.2 criterion or prior approved KBDL rule remains `Approved`; the nine KBDL-specific recommendations (`KBDL-RSP-002`–`005`, `008`, `011`; `KBDL-A11Y-011`, `021`, `035`) remain `Recommended` and unapproved — KBDL-006 passing validation does **not** promote them. Implementation-dependent validation for both modules remains `Not verified`, since no implementation exists. [KBDL-DEC-015](decision-register.md#kbdl-dec-015--kbdl-006-remediation-and-id-governance-amendment) exists and records exactly two things: acceptance of the KBDL-006 remediation baseline (commit `14ef110`), and the requirement-ID governance amendment permitting stable IDs before approval. **It does not approve any of the nine KBDL-006 recommendation values** — no decision-register entry currently approves the responsive or accessibility decision packets, and none of the nine recommendations is `Approved`. `CMP` (KBDL-007) **passed** planning-agent validation before KBDL-008 began: `docs/kbdl/components-core.md` exists with 51 documented requirements (see the [KBDL-007 — Core Action, Form, and Navigation Components](#kbdl-007--core-action-form-and-navigation-components) section above); its standards-derived and inherited Approved requirements remain `Approved`; its ten KBDL-specific recommendations (`KBDL-CMP-015`, `017`, `020`, `025`, `029`, `036`, `041`, `044`, `046`, `048`) remain `Recommended` and unapproved — KBDL-007 passing validation does not promote them. `CMP` (KBDL-008) **passed** planning-agent validation before KBDL-009 began: `docs/kbdl/components-system.md` exists with 60 additional documented requirements (`KBDL-CMP-052`–`111`, see the [KBDL-008 — Surface, Overlay, Feedback, and System-State Components](#kbdl-008--surface-overlay-feedback-and-system-state-components) section above); its standards-derived and inherited Approved requirements remain `Approved`; its seventeen KBDL-specific recommendations (`KBDL-CMP-067`, `069`, `073`, `074`, `076`, `080`, `083`, `085`, `089`, `091`, `099`, `102`, `105`, `106`, `108`, `110`, `111`) remain `Recommended` and unapproved — KBDL-008 passing validation does not promote them. `PRO` (KBDL-009) is no longer a future or locked module: `docs/kbdl/profiles.md` exists with 29 documented requirements (`KBDL-PRO-001`–`029`, see the [KBDL-009 — Project Profiles](#kbdl-009--project-profiles) section above); KBDL-009 passed planning-agent validation before KBDL-010 began. `CUS` (KBDL-010) is present with the requirements traced above and passed planning-agent validation before KBDL-011 began. `VAL` (KBDL-011) is present as the Final Validation and completion gate; its baseline and candidate status remain pending independent planning-agent review and project-owner action. Approval status and validation status are recorded independently for every row; a row being `Approved` never implies it is `Verified`, and a row being `Verified` never implies or grants `Approved` status. `PRN` requirements are approved as principles-level guidance; they do not themselves introduce or approve any final visual, motion, or component value — those remain `Deferred` until their own modules are reached. `FND` requirements cover both foundation *architecture* (`KBDL-FND-001`–`008`) and the specific default values in the [foundation decision packet](foundations/README.md#6-foundation-decision-packet) (`KBDL-FND-009`–`012`); all twelve are `Approved` following the project owner's review recorded in [KBDL-DEC-012](decision-register.md#kbdl-dec-012--foundation-decision-packet-approved). Approval does not itself constitute validation — see each row's Validation status for what has actually been checked. `THM` requirements were originally split more narrowly than `FND`, following KBDL-004-R1: `Approved` only where a requirement's exact wording was directly and explicitly supported by a prior approved KBDL decision — `KBDL-THM-001`, `KBDL-THM-002`, `KBDL-THM-003` (narrowed to its precedence core), `KBDL-THM-005` (narrowed to its accessibility core), `KBDL-THM-006`, and `KBDL-THM-012a` (the pre-existing reduced-motion rule). Under KBDL-004-A1, the project owner approved the ten-item theme decision packet, promoting `KBDL-THM-004` (persistence baseline), `KBDL-THM-007`/`008` (opaque light/dark mappings only — the Accent- surface, Scrim, and Selection-background opacity values remain `Recommended`/`Not verified` and are excluded), `KBDL-THM-009` (status-family colors), `KBDL-THM-010` (opaque gradient caption-band strategy only — translucent variants remain excluded), `KBDL-THM-011` (color-value-expression convention), `KBDL-THM-012` (conceptual transition guidance only, no timing/easing), `KBDL-THM-013` (detailed precedence ordering), `KBDL-THM-014` (detailed project-override list), and `KBDL-THM-015` (local-contrast-context set) to `Approved`, per [KBDL-DEC-013](decision-register.md#kbdl-dec-013--kbdl-004-theme-decisions-approved). This approval does not extend to opacity values, translucent variants, account-level sync, high-contrast/forced-colors mode, data-visualization palettes, any implementation-layer format (CSS custom properties, JSON tokens, component-level theme tokens, framework APIs), or any motion timing/easing value — all of which remain `Recommended`/`Not verified` or out of scope, per [themes/README.md § Theme Decision Packet](themes/README.md#10-theme-decision-packet-approved-under-kbdl-004-a1). `MOT` requirements followed the same pattern as `THM` prior to KBDL-005-A1: `Approved` only where a requirement directly restated an already-approved KBDL-002 principle, KBDL-004 theme rule, or `KBDL-DEC-010` motion-safety baseline (`KBDL-MOT-001`–`003`, `004`, `012`, `014`–`019`, `021`–`027`); `Recommended` where new KBDL-005 policy was introduced — the motion hierarchy and intensity model (`KBDL-MOT-005`, `006`), the timing/ duration/easing architecture (`KBDL-MOT-007`–`009`), spatial-movement and choreography ranges (`KBDL-MOT-010`, `011`), navigation-motion architecture (`KBDL-MOT-013`), the theme-transition duration/easing values that resolve what KBDL-004 deferred (`KBDL-MOT-020`), and the detailed defaults separated from their Approved parent cores under KBDL-005-R1 — the entrance-versus-exit duration relationship (`KBDL-MOT-028`), the attention repetition default (`KBDL-MOT-029`), detailed ambient-motion boundaries (`KBDL-MOT-030`), detailed scroll-linked-motion boundaries (`KBDL-MOT-031`), the reduced-motion substitution matrix (`KBDL-MOT-032`), the conceptual motion-token naming architecture (`KBDL-MOT-033`), and profile-level motion-intensity adjustments (`KBDL-MOT-034`). `KBDL-MOT-006` and `KBDL-MOT-013` were initially documented without a decision-packet row; KBDL-005-R2 added packet items 14 and 15 to correct this coverage gap, completing a fifteen-item packet mapping all sixteen `Recommended` requirements (see [motion/README.md §10.2.1](motion/README.md#1021-approved-requirement-coverage) — `KBDL-MOT-007` and `KBDL-MOT-008` share one decision, as one timing system). Under **KBDL-005-A1**, the project owner approved exactly the fifteen-item packet, recorded as [KBDL-DEC-014](decision-register.md#kbdl-dec-014--kbdl-005-motion-decisions-approved), promoting all sixteen requirements above from `Recommended` to `Approved`. This approval does not extend to any item in [motion/README.md §10.3](motion/README.md#103-unresolved-or-not-approval-ready) (exact component-specific values, device-performance detection, animation-library/rendering-technology selection, CSS/JSON/JavaScript token formats, browser-support policy, exact scroll thresholds, exact quantitative motion-hazard thresholds), any unresolved KBDL-004 theme value, or any KBDL-006-or-later content — all of which remain `Recommended`/`Not verified`/`Deferred` or out of scope. Approval does not itself constitute validation — every promoted requirement's Validation status above is unchanged. `RSP` and `A11Y` requirements follow the same pattern established by `THM`/`MOT`: `Approved` only where a requirement directly restates an already-adopted WCAG 2.2 Level A/AA criterion (`KBDL-DEC-010`) or a prior approved KBDL principle, foundation, theme, or motion rule; `Recommended` where new KBDL-006 policy is introduced — exact breakpoint thresholds, grid columns, container widths, and gutters (`KBDL-RSP-002`–`005`), navigation collapse thresholds and the data-dense strategy (`KBDL-RSP-008`, `011`), the forced-colors/high-contrast policy (`KBDL-A11Y-011`), the preferred enhanced target size (`KBDL-A11Y-021`), and the preferred accessibility testing matrix (`KBDL-A11Y-035`). None of these `Recommended` items are implemented or treated as `Approved` until the project owner reviews the [responsive decision packet](responsive.md#35-responsive-decision-packet) and [accessibility decision packet](accessibility.md#49-accessibility-decision-packet); `KBDL-DEC-015` exists, but it records only the acceptance of the KBDL-006 remediation baseline and the requirement-ID governance amendment — it does not approve either decision packet, and no decision-register entry currently approves any of the nine KBDL-006 recommendation values, since no such review has yet occurred. This document does not claim full WCAG conformance, screen-reader compatibility, or real-device support — see [accessibility.md §48](accessibility.md#48-accessibility-validation-matrix) for exactly what has and has not been verified. `CMP` requirements follow the same pattern established by `RSP`/`A11Y`: `Approved` only where a requirement directly restates an already-adopted WCAG 2.2 Level A/AA criterion, WAI-ARIA role/state/property, or a prior approved KBDL principle, foundation, theme, motion, responsive, or accessibility rule; `Recommended` where new KBDL-007 component-level policy is introduced — the button hierarchy taxonomy, icon-only visible-label threshold, button-group guidance (`KBDL-CMP-015`, `017`, `020`), the search-field model, combobox-justification threshold, form-action-row reflow order (`KBDL-CMP-025`, `029`, `036`), and the navigation collapse threshold, breadcrumb/pagination truncation models, and tabs activation model (`KBDL-CMP-041`, `044`, `046`, `048`). None of these `Recommended` items are implemented or treated as `Approved` until the project owner reviews the [KBDL-007 decision packet](components-core.md#35-kbdl-007-decision-packet); no decision-register entry has been created for KBDL-007, since no such review has yet occurred. This document does not claim full WCAG conformance, ARIA-pattern compliance, screen-reader compatibility, or real-device support for any component — see [components-core.md §32–§34](components-core.md#32-accessibility-validation-matrix) for exactly what has and has not been verified. `CMP` requirements introduced by KBDL-008 extend this pattern with one additional authority: `Approved` where a requirement is authorized by an already-adopted WCAG 2.2 criterion, an adopted WAI-ARIA role/state/ property definition, a prior approved KBDL or KBDL-007 rule, an explicit mandatory requirement in the project-owner-approved KBDL-008 implementation prompt, or a documented combination of these (see each requirement's own record in [components-system.md §27](components-system.md#27-normative-requirements) for which authority applies, split by clause where mixed); prompt approval authorizes only the prompt's own mandatory scope — it does not approve the KBDL-008 decision packet, promote any KBDL-006 or KBDL-007 recommendation, or grant implementation-level validation. `Recommended` where new, discretionary KBDL-008 component-level policy not mandated by the approved prompt is introduced — a card-variant taxonomy, an accordion open model, a tooltip timing policy, a popover taxonomy, a menu interaction model, a modal sizing/nesting policy, a drawer/sheet taxonomy, an overlay nesting policy, a banner severity taxonomy, a toast lifecycle model, an empty-state taxonomy, an error/system-state severity taxonomy, a grid-versus-table threshold, a treegrid justification threshold, a carousel auto-rotation policy, a data-visualization interaction model, and a responsive transformation policy (`KBDL-CMP-067`, `069`, `073`, `074`, `076`, `080`, `083`, `085`, `089`, `091`, `099`, `102`, `105`, `106`, `108`, `110`, `111`). None of these `Recommended` items are implemented or treated as `Approved` until the project owner reviews the [KBDL-008 decision packet](components-system.md#33-kbdl-008-decision-packet); no decision-register entry has been created for KBDL-008, since no such review has yet occurred. This document does not claim full WCAG conformance, ARIA-pattern compliance, screen-reader compatibility, or real-device support for any component — see [components-system.md §29–§32](components-system.md#29-accessibility-validation-matrix) for exactly what has and has not been verified. `PRO` requirements introduced by KBDL-009 follow the same pattern: `Approved` where a requirement is authorized by a prior approved KBDL requirement, an explicit mandatory requirement in the project-owner-approved KBDL-009 implementation prompt, or a documented combination of these (see each requirement's own record in [profiles.md §28](profiles.md#28-normative-requirements) for which authority applies); prompt approval authorizes only the prompt's own mandatory scope — it does not approve the KBDL-009 decision packet, promote any KBDL-006, KBDL-007, or KBDL-008 recommendation, or grant implementation-level validation. `Recommended` where new, discretionary profile-governance policy not mandated by the approved prompt is introduced — a primary/secondary/hybrid profile policy, exact Precision density defaults, profile change/migration governance, a profile- selection rubric, and a profile review cadence (`KBDL-PRO-009`, `016`, `017`, `018`, `027`, `028`, `029`). None of these `Recommended` items are implemented or treated as `Approved` until the project owner reviews the [KBDL-009 decision packet](profiles.md#33-kbdl-009-decision-packet); no decision-register entry has been created for KBDL-009, since no such review has yet occurred. This document does not claim implementation- level profile validation or production conformance — see [profiles.md §31–§32](profiles.md#31-profile-invariant-validation-matrix) for exactly what has and has not been verified. KBDL-009 passed the planning agent's validation review and KBDL-010 (Manual Customization) is present with 30 `CUS` requirements. Its seven discretionary policy items remain Recommended, its format/tooling item remains Deferred, and no implementation-level customization behavior is verified. KBDL-010 passed planning-agent review and KBDL-011 is present with twelve Approved validation- methodology requirements. AR2 established current, non-retroactive authority without reconstructing historical prompt approvals. R14 soundly resolves all Approved authority graphs and field-specific effective-record sources, restoring `VAL-003` and `VAL-006`; `VAL-004` remains Not verified because its eleven clause-evidence methods were not executed. `VAL-007` remains Verified for its complete documentation method. `VAL-008`, `010`, and `011` remain Not verified. The documentation-only candidate recommendation is `NOT READY — VALIDATOR-SOUNDNESS AND CLAUSE-EVIDENCE REMEDIATION REQUIRED`, pending planning-agent validation and without readiness or completion approval. Implementation conformance is `NOT VERIFIED`, and completion awaits independent review and explicit project-owner approval."
