Requirement ID,Blueprint section,Blueprint section source,Roadmap prompt,Roadmap prompt source,Specification location,Specification location source,Lifecycle status,Lifecycle status source,Provenance,Provenance source,Validation classification,Validation classification source,Verified scope,Verified scope source,Not-verified scope,Not-verified scope source,Authority,Authority source,Validation method,Validation method source,Validation evidence,Validation evidence source,Known limitation,Known limitation source,Packet or tracking destination,Packet or tracking destination source,Pending dependencies,Pending dependencies source,Related decision,Related decision source,Notes or exclusions,Notes or exclusions source
KBDL-A11Y-001,Text alternatives; captions; semantic structure; landmarks; reading/focus order; color independence; text/non-text contrast; focus visibility/obscuration; text spacing; keyboard operability/traps/bypass; pointer cancellation; dragging/gesture alternatives; motion actuation; reduced-motion cross-reference; flashing; timing/automatic movement; forms/labels/autocomplete; error identification/prevention; status messages; authentication; plain language; consistent navigation/help; media controls cross-reference; data presentation; mobile/virtual-keyboard cross-reference; profile consistency,exact per-ID ledger,KBDL-006,exact per-ID ledger,accessibility.md#6-text-alternatives,exact per-ID ledger,Approved,exact per-ID ledger,Confirmed,exact per-ID ledger,Not verified,exact per-ID ledger,None,exact per-ID ledger,Not verified,exact per-ID ledger,"Approved (directly restates WCAG 2.2 SC 1.1.1, Level A, and SC 1.4.5, Level AA)",exact per-ID ledger,Manual + automated static accessibility check once implemented,exact per-ID ledger,Not verified — the requirement’s stated validation method has not been executed.,exact per-ID ledger,"This document does not claim full WCAG conformance, screen-reader compatibility, or real-device support — those require an implementation and recorded test evidence",exact per-ID ledger,None — Approved,exact per-ID ledger,None,exact per-ID ledger,None,exact per-ID ledger,Readable group plus authoritative per-ID ledger; group values reconciled without changing normative text.,exact per-ID ledger
KBDL-A11Y-002,Text alternatives; captions; semantic structure; landmarks; reading/focus order; color independence; text/non-text contrast; focus visibility/obscuration; text spacing; keyboard operability/traps/bypass; pointer cancellation; dragging/gesture alternatives; motion actuation; reduced-motion cross-reference; flashing; timing/automatic movement; forms/labels/autocomplete; error identification/prevention; status messages; authentication; plain language; consistent navigation/help; media controls cross-reference; data presentation; mobile/virtual-keyboard cross-reference; profile consistency,exact per-ID ledger,KBDL-006,exact per-ID ledger,accessibility.md#7-captions-transcripts-and-audio-description,exact per-ID ledger,Approved,exact per-ID ledger,Confirmed,exact per-ID ledger,Not verified,exact per-ID ledger,None,exact per-ID ledger,Not verified,exact per-ID ledger,"Approved (directly restates WCAG 2.2 SC 1.2.x, Level A/AA)",exact per-ID ledger,Manual review once implemented,exact per-ID ledger,Not verified — the requirement’s stated validation method has not been executed.,exact per-ID ledger,"This document does not claim full WCAG conformance, screen-reader compatibility, or real-device support — those require an implementation and recorded test evidence",exact per-ID ledger,None — Approved,exact per-ID ledger,None,exact per-ID ledger,None,exact per-ID ledger,Readable group plus authoritative per-ID ledger; group values reconciled without changing normative text.,exact per-ID ledger
KBDL-A11Y-003,Text alternatives; captions; semantic structure; landmarks; reading/focus order; color independence; text/non-text contrast; focus visibility/obscuration; text spacing; keyboard operability/traps/bypass; pointer cancellation; dragging/gesture alternatives; motion actuation; reduced-motion cross-reference; flashing; timing/automatic movement; forms/labels/autocomplete; error identification/prevention; status messages; authentication; plain language; consistent navigation/help; media controls cross-reference; data presentation; mobile/virtual-keyboard cross-reference; profile consistency,exact per-ID ledger,KBDL-006,exact per-ID ledger,accessibility.md#8-semantic-structure-and-relationships,exact per-ID ledger,Approved,exact per-ID ledger,Confirmed,exact per-ID ledger,Not verified,exact per-ID ledger,None,exact per-ID ledger,Not verified,exact per-ID ledger,"Approved (directly restates WCAG 2.2 SC 1.3.1 and SC 4.1.2, both Level A)",exact per-ID ledger,Automated static accessibility check + manual screen-reader review once implemented,exact per-ID ledger,Not verified — the requirement’s stated validation method has not been executed.,exact per-ID ledger,"This document does not claim full WCAG conformance, screen-reader compatibility, or real-device support — those require an implementation and recorded test evidence",exact per-ID ledger,None — Approved,exact per-ID ledger,None,exact per-ID ledger,None,exact per-ID ledger,Readable group plus authoritative per-ID ledger; group values reconciled without changing normative text.,exact per-ID ledger
KBDL-A11Y-004,Text alternatives; captions; semantic structure; landmarks; reading/focus order; color independence; text/non-text contrast; focus visibility/obscuration; text spacing; keyboard operability/traps/bypass; pointer cancellation; dragging/gesture alternatives; motion actuation; reduced-motion cross-reference; flashing; timing/automatic movement; forms/labels/autocomplete; error identification/prevention; status messages; authentication; plain language; consistent navigation/help; media controls cross-reference; data presentation; mobile/virtual-keyboard cross-reference; profile consistency,exact per-ID ledger,KBDL-006,exact per-ID ledger,accessibility.md#9-landmark-and-heading-architecture,exact per-ID ledger,Approved,exact per-ID ledger,Confirmed,exact per-ID ledger,Not verified,exact per-ID ledger,None,exact per-ID ledger,Not verified,exact per-ID ledger,"Approved (directly restates WCAG 2.2 SC 2.4.2, Level A, and SC 2.4.6, Level AA)",exact per-ID ledger,Automated static check + manual review once implemented,exact per-ID ledger,Not verified — the requirement’s stated validation method has not been executed.,exact per-ID ledger,"This document does not claim full WCAG conformance, screen-reader compatibility, or real-device support — those require an implementation and recorded test evidence",exact per-ID ledger,None — Approved,exact per-ID ledger,None,exact per-ID ledger,None,exact per-ID ledger,Readable group plus authoritative per-ID ledger; group values reconciled without changing normative text.,exact per-ID ledger
KBDL-A11Y-005,Text alternatives; captions; semantic structure; landmarks; reading/focus order; color independence; text/non-text contrast; focus visibility/obscuration; text spacing; keyboard operability/traps/bypass; pointer cancellation; dragging/gesture alternatives; motion actuation; reduced-motion cross-reference; flashing; timing/automatic movement; forms/labels/autocomplete; error identification/prevention; status messages; authentication; plain language; consistent navigation/help; media controls cross-reference; data presentation; mobile/virtual-keyboard cross-reference; profile consistency,exact per-ID ledger,KBDL-006,exact per-ID ledger,accessibility.md#10-reading-and-focus-order; responsive.md#12-source-order-and-reading-order,exact per-ID ledger,Approved,exact per-ID ledger,Confirmed,exact per-ID ledger,Not verified,exact per-ID ledger,None,exact per-ID ledger,Not verified,exact per-ID ledger,"Approved (directly restates WCAG 2.2 SC 1.3.2 and SC 2.4.3, both Level A)",exact per-ID ledger,Manual keyboard/screen-reader order review once implemented,exact per-ID ledger,Not verified — the requirement’s stated validation method has not been executed.,exact per-ID ledger,"This document does not claim full WCAG conformance, screen-reader compatibility, or real-device support — those require an implementation and recorded test evidence",exact per-ID ledger,None — Approved,exact per-ID ledger,None,exact per-ID ledger,None,exact per-ID ledger,Readable group plus authoritative per-ID ledger; group values reconciled without changing normative text.,exact per-ID ledger
KBDL-A11Y-006,Text alternatives; captions; semantic structure; landmarks; reading/focus order; color independence; text/non-text contrast; focus visibility/obscuration; text spacing; keyboard operability/traps/bypass; pointer cancellation; dragging/gesture alternatives; motion actuation; reduced-motion cross-reference; flashing; timing/automatic movement; forms/labels/autocomplete; error identification/prevention; status messages; authentication; plain language; consistent navigation/help; media controls cross-reference; data presentation; mobile/virtual-keyboard cross-reference; profile consistency,exact per-ID ledger,KBDL-006,exact per-ID ledger,accessibility.md#11-color-independent-communication,exact per-ID ledger,Approved,exact per-ID ledger,Confirmed,exact per-ID ledger,Not verified,exact per-ID ledger,None,exact per-ID ledger,Not verified,exact per-ID ledger,"Approved (directly restates WCAG 2.2 SC 1.4.1, Level A, and the locked component-state-clarity rule)",exact per-ID ledger,Manual review once implemented,exact per-ID ledger,Not verified — the requirement’s stated validation method has not been executed.,exact per-ID ledger,"This document does not claim full WCAG conformance, screen-reader compatibility, or real-device support — those require an implementation and recorded test evidence",exact per-ID ledger,None — Approved,exact per-ID ledger,None,exact per-ID ledger,None,exact per-ID ledger,Readable group plus authoritative per-ID ledger; group values reconciled without changing normative text.,exact per-ID ledger
KBDL-A11Y-007,Text alternatives; captions; semantic structure; landmarks; reading/focus order; color independence; text/non-text contrast; focus visibility/obscuration; text spacing; keyboard operability/traps/bypass; pointer cancellation; dragging/gesture alternatives; motion actuation; reduced-motion cross-reference; flashing; timing/automatic movement; forms/labels/autocomplete; error identification/prevention; status messages; authentication; plain language; consistent navigation/help; media controls cross-reference; data presentation; mobile/virtual-keyboard cross-reference; profile consistency,exact per-ID ledger,KBDL-006,exact per-ID ledger,accessibility.md#12-text-contrast,exact per-ID ledger,Approved,exact per-ID ledger,Confirmed,exact per-ID ledger,Verified,exact per-ID ledger,Verified (for the documented theme role pairs; see themes/validation.md §3),exact per-ID ledger,None,exact per-ID ledger,"Approved (directly restates WCAG 2.2 SC 1.4.3, Level AA)",exact per-ID ledger,"WCAG relative-luminance contrast calculation (completed for theme role pairs, see cited evidence)",exact per-ID ledger,themes/validation.md §3 for the three Verified rows; not verified for the rest,exact per-ID ledger,"This document does not claim full WCAG conformance, screen-reader compatibility, or real-device support — those require an implementation and recorded test evidence",exact per-ID ledger,None — Approved,exact per-ID ledger,None,exact per-ID ledger,None,exact per-ID ledger,Readable group plus authoritative per-ID ledger; group values reconciled without changing normative text.,exact per-ID ledger
KBDL-A11Y-008,Text alternatives; captions; semantic structure; landmarks; reading/focus order; color independence; text/non-text contrast; focus visibility/obscuration; text spacing; keyboard operability/traps/bypass; pointer cancellation; dragging/gesture alternatives; motion actuation; reduced-motion cross-reference; flashing; timing/automatic movement; forms/labels/autocomplete; error identification/prevention; status messages; authentication; plain language; consistent navigation/help; media controls cross-reference; data presentation; mobile/virtual-keyboard cross-reference; profile consistency,exact per-ID ledger,KBDL-006,exact per-ID ledger,accessibility.md#13-non-text-contrast,exact per-ID ledger,Approved,exact per-ID ledger,Confirmed,exact per-ID ledger,Verified,exact per-ID ledger,"Verified (for documented pairs, see cited evidence)",exact per-ID ledger,None,exact per-ID ledger,"Approved (directly restates WCAG 2.2 SC 1.4.11, Level AA)",exact per-ID ledger,WCAG relative-luminance contrast calculation (completed for documented pairs),exact per-ID ledger,themes/validation.md §3 for the three Verified rows; not verified for the rest,exact per-ID ledger,"This document does not claim full WCAG conformance, screen-reader compatibility, or real-device support — those require an implementation and recorded test evidence",exact per-ID ledger,None — Approved,exact per-ID ledger,None,exact per-ID ledger,None,exact per-ID ledger,Readable group plus authoritative per-ID ledger; group values reconciled without changing normative text.,exact per-ID ledger
KBDL-A11Y-009,Text alternatives; captions; semantic structure; landmarks; reading/focus order; color independence; text/non-text contrast; focus visibility/obscuration; text spacing; keyboard operability/traps/bypass; pointer cancellation; dragging/gesture alternatives; motion actuation; reduced-motion cross-reference; flashing; timing/automatic movement; forms/labels/autocomplete; error identification/prevention; status messages; authentication; plain language; consistent navigation/help; media controls cross-reference; data presentation; mobile/virtual-keyboard cross-reference; profile consistency,exact per-ID ledger,KBDL-006,exact per-ID ledger,accessibility.md#14-focus-visibility,exact per-ID ledger,Approved,exact per-ID ledger,Confirmed,exact per-ID ledger,Verified,exact per-ID ledger,Verified (for the documented Focus indicator role; see theme validation evidence),exact per-ID ledger,None,exact per-ID ledger,"Approved (directly restates WCAG 2.2 SC 2.4.7, Level AA)",exact per-ID ledger,Contrast calculation (completed); manual keyboard review once implemented,exact per-ID ledger,themes/validation.md §3 for the three Verified rows; not verified for the rest,exact per-ID ledger,"This document does not claim full WCAG conformance, screen-reader compatibility, or real-device support — those require an implementation and recorded test evidence",exact per-ID ledger,None — Approved,exact per-ID ledger,None,exact per-ID ledger,None,exact per-ID ledger,Readable group plus authoritative per-ID ledger; group values reconciled without changing normative text.,exact per-ID ledger
KBDL-A11Y-010,Text alternatives; captions; semantic structure; landmarks; reading/focus order; color independence; text/non-text contrast; focus visibility/obscuration; text spacing; keyboard operability/traps/bypass; pointer cancellation; dragging/gesture alternatives; motion actuation; reduced-motion cross-reference; flashing; timing/automatic movement; forms/labels/autocomplete; error identification/prevention; status messages; authentication; plain language; consistent navigation/help; media controls cross-reference; data presentation; mobile/virtual-keyboard cross-reference; profile consistency,exact per-ID ledger,KBDL-006,exact per-ID ledger,accessibility.md#15-focus-not-obscured; responsive.md#18-sticky-and-fixed-regions,exact per-ID ledger,Approved,exact per-ID ledger,Confirmed,exact per-ID ledger,Not verified,exact per-ID ledger,None,exact per-ID ledger,Not verified,exact per-ID ledger,"Approved (directly restates WCAG 2.2 SC 2.4.11, Level AA)",exact per-ID ledger,Manual keyboard-focus review once implemented,exact per-ID ledger,Not verified — the requirement’s stated validation method has not been executed.,exact per-ID ledger,"This document does not claim full WCAG conformance, screen-reader compatibility, or real-device support — those require an implementation and recorded test evidence",exact per-ID ledger,None — Approved,exact per-ID ledger,None,exact per-ID ledger,None,exact per-ID ledger,Readable group plus authoritative per-ID ledger; group values reconciled without changing normative text.,exact per-ID ledger
KBDL-A11Y-011,Forced-colors/high-contrast policy; preferred enhanced target size; preferred accessibility testing matrix,exact per-ID ledger,KBDL-006,exact per-ID ledger,accessibility.md#16-light-dark-forced-colors-and-high-contrast-behavior,exact per-ID ledger,Recommended,exact per-ID ledger,Assumed,exact per-ID ledger,Not verified,exact per-ID ledger,None,exact per-ID ledger,Not verified,exact per-ID ledger,Recommended (new KBDL policy — no prior theme decision addresses forced-colors mode; explicitly excluded from KBDL-DEC-013),exact per-ID ledger,Manual forced-colors testing once implemented; project-owner review (not yet performed),exact per-ID ledger,Not verified — the requirement’s stated validation method has not been executed.,exact per-ID ledger,Forced-colors/high-contrast mode is currently unaddressed elsewhere in the specification and was explicitly excluded from the KBDL-004 theme approval (KBDL-DEC-013); these three requirements must not be treated as Approved until reviewed,exact per-ID ledger,accessibility.md — 49.2 Recommended Decisions — Ready for Approval — item 2,exact per-ID ledger,None,exact per-ID ledger,KBDL-DEC-013,exact per-ID ledger,Readable group plus authoritative per-ID ledger; group values reconciled without changing normative text.,exact per-ID ledger
KBDL-A11Y-012,Text alternatives; captions; semantic structure; landmarks; reading/focus order; color independence; text/non-text contrast; focus visibility/obscuration; text spacing; keyboard operability/traps/bypass; pointer cancellation; dragging/gesture alternatives; motion actuation; reduced-motion cross-reference; flashing; timing/automatic movement; forms/labels/autocomplete; error identification/prevention; status messages; authentication; plain language; consistent navigation/help; media controls cross-reference; data presentation; mobile/virtual-keyboard cross-reference; profile consistency,exact per-ID ledger,KBDL-006,exact per-ID ledger,accessibility.md#17-resize-text,exact per-ID ledger,Approved,exact per-ID ledger,Confirmed,exact per-ID ledger,Not verified,exact per-ID ledger,None,exact per-ID ledger,Not verified,exact per-ID ledger,"Approved (directly restates WCAG 2.2 SC 1.4.4, Level AA)",exact per-ID ledger,Manual zoom testing once implemented,exact per-ID ledger,Not verified — the requirement’s stated validation method has not been executed.,exact per-ID ledger,"This document does not claim full WCAG conformance, screen-reader compatibility, or real-device support — those require an implementation and recorded test evidence",exact per-ID ledger,None — Approved,exact per-ID ledger,None,exact per-ID ledger,None,exact per-ID ledger,Readable group plus authoritative per-ID ledger; group values reconciled without changing normative text.,exact per-ID ledger
KBDL-A11Y-013,Text alternatives; captions; semantic structure; landmarks; reading/focus order; color independence; text/non-text contrast; focus visibility/obscuration; text spacing; keyboard operability/traps/bypass; pointer cancellation; dragging/gesture alternatives; motion actuation; reduced-motion cross-reference; flashing; timing/automatic movement; forms/labels/autocomplete; error identification/prevention; status messages; authentication; plain language; consistent navigation/help; media controls cross-reference; data presentation; mobile/virtual-keyboard cross-reference; profile consistency,exact per-ID ledger,KBDL-006,exact per-ID ledger,accessibility.md#18-reflow,exact per-ID ledger,Approved,exact per-ID ledger,Confirmed,exact per-ID ledger,Not verified,exact per-ID ledger,None,exact per-ID ledger,Not verified,exact per-ID ledger,"Approved (directly restates WCAG 2.2 SC 1.4.10, Level AA)",exact per-ID ledger,Manual reflow testing once implemented,exact per-ID ledger,Not verified — the requirement’s stated validation method has not been executed.,exact per-ID ledger,"This document does not claim full WCAG conformance, screen-reader compatibility, or real-device support — those require an implementation and recorded test evidence",exact per-ID ledger,None — Approved,exact per-ID ledger,None,exact per-ID ledger,None,exact per-ID ledger,Readable group plus authoritative per-ID ledger; group values reconciled without changing normative text.,exact per-ID ledger
KBDL-A11Y-014,Text alternatives; captions; semantic structure; landmarks; reading/focus order; color independence; text/non-text contrast; focus visibility/obscuration; text spacing; keyboard operability/traps/bypass; pointer cancellation; dragging/gesture alternatives; motion actuation; reduced-motion cross-reference; flashing; timing/automatic movement; forms/labels/autocomplete; error identification/prevention; status messages; authentication; plain language; consistent navigation/help; media controls cross-reference; data presentation; mobile/virtual-keyboard cross-reference; profile consistency,exact per-ID ledger,KBDL-006,exact per-ID ledger,accessibility.md#19-text-spacing-overrides,exact per-ID ledger,Approved,exact per-ID ledger,Confirmed,exact per-ID ledger,Not verified,exact per-ID ledger,None,exact per-ID ledger,Not verified,exact per-ID ledger,"Approved (directly restates WCAG 2.2 SC 1.4.12, Level AA)",exact per-ID ledger,Manual text-spacing override testing once implemented,exact per-ID ledger,Not verified — the requirement’s stated validation method has not been executed.,exact per-ID ledger,"This document does not claim full WCAG conformance, screen-reader compatibility, or real-device support — those require an implementation and recorded test evidence",exact per-ID ledger,None — Approved,exact per-ID ledger,None,exact per-ID ledger,None,exact per-ID ledger,Readable group plus authoritative per-ID ledger; group values reconciled without changing normative text.,exact per-ID ledger
KBDL-A11Y-015,Text alternatives; captions; semantic structure; landmarks; reading/focus order; color independence; text/non-text contrast; focus visibility/obscuration; text spacing; keyboard operability/traps/bypass; pointer cancellation; dragging/gesture alternatives; motion actuation; reduced-motion cross-reference; flashing; timing/automatic movement; forms/labels/autocomplete; error identification/prevention; status messages; authentication; plain language; consistent navigation/help; media controls cross-reference; data presentation; mobile/virtual-keyboard cross-reference; profile consistency,exact per-ID ledger,KBDL-006,exact per-ID ledger,accessibility.md#20-orientation; responsive.md#20-orientation-changes,exact per-ID ledger,Approved,exact per-ID ledger,Confirmed,exact per-ID ledger,Not verified,exact per-ID ledger,None,exact per-ID ledger,Not verified,exact per-ID ledger,"Approved (directly restates WCAG 2.2 SC 1.3.4, Level AA)",exact per-ID ledger,Manual orientation testing once implemented,exact per-ID ledger,Not verified — the requirement’s stated validation method has not been executed.,exact per-ID ledger,"This document does not claim full WCAG conformance, screen-reader compatibility, or real-device support — those require an implementation and recorded test evidence",exact per-ID ledger,None — Approved,exact per-ID ledger,None,exact per-ID ledger,None,exact per-ID ledger,Readable group plus authoritative per-ID ledger; group values reconciled without changing normative text.,exact per-ID ledger
KBDL-A11Y-016,Text alternatives; captions; semantic structure; landmarks; reading/focus order; color independence; text/non-text contrast; focus visibility/obscuration; text spacing; keyboard operability/traps/bypass; pointer cancellation; dragging/gesture alternatives; motion actuation; reduced-motion cross-reference; flashing; timing/automatic movement; forms/labels/autocomplete; error identification/prevention; status messages; authentication; plain language; consistent navigation/help; media controls cross-reference; data presentation; mobile/virtual-keyboard cross-reference; profile consistency,exact per-ID ledger,KBDL-006,exact per-ID ledger,accessibility.md#21-keyboard-operability,exact per-ID ledger,Approved,exact per-ID ledger,Confirmed,exact per-ID ledger,Not verified,exact per-ID ledger,None,exact per-ID ledger,Not verified,exact per-ID ledger,"Approved (directly restates WCAG 2.2 SC 2.1.1, SC 2.1.4, and SC 3.2.1, all Level A)",exact per-ID ledger,Manual keyboard testing once implemented,exact per-ID ledger,Not verified — the requirement’s stated validation method has not been executed.,exact per-ID ledger,"This document does not claim full WCAG conformance, screen-reader compatibility, or real-device support — those require an implementation and recorded test evidence",exact per-ID ledger,None — Approved,exact per-ID ledger,None,exact per-ID ledger,None,exact per-ID ledger,Readable group plus authoritative per-ID ledger; group values reconciled without changing normative text.,exact per-ID ledger
KBDL-A11Y-017,Text alternatives; captions; semantic structure; landmarks; reading/focus order; color independence; text/non-text contrast; focus visibility/obscuration; text spacing; keyboard operability/traps/bypass; pointer cancellation; dragging/gesture alternatives; motion actuation; reduced-motion cross-reference; flashing; timing/automatic movement; forms/labels/autocomplete; error identification/prevention; status messages; authentication; plain language; consistent navigation/help; media controls cross-reference; data presentation; mobile/virtual-keyboard cross-reference; profile consistency,exact per-ID ledger,KBDL-006,exact per-ID ledger,accessibility.md#22-keyboard-traps-and-escape-behavior,exact per-ID ledger,Approved,exact per-ID ledger,Confirmed,exact per-ID ledger,Not verified,exact per-ID ledger,None,exact per-ID ledger,Not verified,exact per-ID ledger,"Approved (directly restates WCAG 2.2 SC 2.1.2, Level A)",exact per-ID ledger,Manual keyboard testing once implemented,exact per-ID ledger,Not verified — the requirement’s stated validation method has not been executed.,exact per-ID ledger,"This document does not claim full WCAG conformance, screen-reader compatibility, or real-device support — those require an implementation and recorded test evidence",exact per-ID ledger,None — Approved,exact per-ID ledger,None,exact per-ID ledger,None,exact per-ID ledger,Readable group plus authoritative per-ID ledger; group values reconciled without changing normative text.,exact per-ID ledger
KBDL-A11Y-018,Text alternatives; captions; semantic structure; landmarks; reading/focus order; color independence; text/non-text contrast; focus visibility/obscuration; text spacing; keyboard operability/traps/bypass; pointer cancellation; dragging/gesture alternatives; motion actuation; reduced-motion cross-reference; flashing; timing/automatic movement; forms/labels/autocomplete; error identification/prevention; status messages; authentication; plain language; consistent navigation/help; media controls cross-reference; data presentation; mobile/virtual-keyboard cross-reference; profile consistency,exact per-ID ledger,KBDL-006,exact per-ID ledger,accessibility.md#23-bypass-mechanisms,exact per-ID ledger,Approved,exact per-ID ledger,Confirmed,exact per-ID ledger,Not verified,exact per-ID ledger,None,exact per-ID ledger,Not verified,exact per-ID ledger,"Approved (directly restates WCAG 2.2 SC 2.4.1, Level A)",exact per-ID ledger,Manual keyboard testing once implemented,exact per-ID ledger,Not verified — the requirement’s stated validation method has not been executed.,exact per-ID ledger,"This document does not claim full WCAG conformance, screen-reader compatibility, or real-device support — those require an implementation and recorded test evidence",exact per-ID ledger,None — Approved,exact per-ID ledger,None,exact per-ID ledger,None,exact per-ID ledger,Readable group plus authoritative per-ID ledger; group values reconciled without changing normative text.,exact per-ID ledger
KBDL-A11Y-019,Text alternatives; captions; semantic structure; landmarks; reading/focus order; color independence; text/non-text contrast; focus visibility/obscuration; text spacing; keyboard operability/traps/bypass; pointer cancellation; dragging/gesture alternatives; motion actuation; reduced-motion cross-reference; flashing; timing/automatic movement; forms/labels/autocomplete; error identification/prevention; status messages; authentication; plain language; consistent navigation/help; media controls cross-reference; data presentation; mobile/virtual-keyboard cross-reference; profile consistency,exact per-ID ledger,KBDL-006,exact per-ID ledger,accessibility.md#24-pointer-and-touch-behavior,exact per-ID ledger,Approved,exact per-ID ledger,Confirmed,exact per-ID ledger,Not applicable,exact per-ID ledger,None,exact per-ID ledger,None,exact per-ID ledger,Project-owner-approved KBDL-006 implementation prompt; authoritative provenance: Confirmed,exact per-ID ledger,Not applicable (umbrella section),exact per-ID ledger,Not applicable — no executed implementation claim is asserted for this requirement.,exact per-ID ledger,"This document does not claim full WCAG conformance, screen-reader compatibility, or real-device support — those require an implementation and recorded test evidence",exact per-ID ledger,None — Approved,exact per-ID ledger,None,exact per-ID ledger,None,exact per-ID ledger,Readable group plus authoritative per-ID ledger; group values reconciled without changing normative text.,exact per-ID ledger
KBDL-A11Y-020,Text alternatives; captions; semantic structure; landmarks; reading/focus order; color independence; text/non-text contrast; focus visibility/obscuration; text spacing; keyboard operability/traps/bypass; pointer cancellation; dragging/gesture alternatives; motion actuation; reduced-motion cross-reference; flashing; timing/automatic movement; forms/labels/autocomplete; error identification/prevention; status messages; authentication; plain language; consistent navigation/help; media controls cross-reference; data presentation; mobile/virtual-keyboard cross-reference; profile consistency,exact per-ID ledger,KBDL-006,exact per-ID ledger,accessibility.md#25-target-sizing-and-spacing,exact per-ID ledger,Approved,exact per-ID ledger,Confirmed,exact per-ID ledger,Not verified,exact per-ID ledger,None,exact per-ID ledger,Not verified,exact per-ID ledger,"Approved (directly restates WCAG 2.2 SC 2.5.8, Level AA)",exact per-ID ledger,Manual measurement once implemented,exact per-ID ledger,Not verified — the requirement’s stated validation method has not been executed.,exact per-ID ledger,"This document does not claim full WCAG conformance, screen-reader compatibility, or real-device support — those require an implementation and recorded test evidence",exact per-ID ledger,None — Approved,exact per-ID ledger,None,exact per-ID ledger,None,exact per-ID ledger,Readable group plus authoritative per-ID ledger; group values reconciled without changing normative text.,exact per-ID ledger
KBDL-A11Y-021,Forced-colors/high-contrast policy; preferred enhanced target size; preferred accessibility testing matrix,exact per-ID ledger,KBDL-006,exact per-ID ledger,accessibility.md#25-target-sizing-and-spacing; accessibility.md#49-accessibility-decision-packet,exact per-ID ledger,Recommended,exact per-ID ledger,Assumed,exact per-ID ledger,Not applicable,exact per-ID ledger,None,exact per-ID ledger,None,exact per-ID ledger,"Recommended (new KBDL enhancement, not yet approved)",exact per-ID ledger,Project-owner review (not yet performed),exact per-ID ledger,Not applicable — no executed implementation claim is asserted for this requirement.,exact per-ID ledger,Forced-colors/high-contrast mode is currently unaddressed elsewhere in the specification and was explicitly excluded from the KBDL-004 theme approval (KBDL-DEC-013); these three requirements must not be treated as Approved until reviewed,exact per-ID ledger,accessibility.md — 49.2 Recommended Decisions — Ready for Approval — item 1,exact per-ID ledger,None,exact per-ID ledger,None,exact per-ID ledger,Readable group plus authoritative per-ID ledger; group values reconciled without changing normative text.,exact per-ID ledger
KBDL-A11Y-022,Text alternatives; captions; semantic structure; landmarks; reading/focus order; color independence; text/non-text contrast; focus visibility/obscuration; text spacing; keyboard operability/traps/bypass; pointer cancellation; dragging/gesture alternatives; motion actuation; reduced-motion cross-reference; flashing; timing/automatic movement; forms/labels/autocomplete; error identification/prevention; status messages; authentication; plain language; consistent navigation/help; media controls cross-reference; data presentation; mobile/virtual-keyboard cross-reference; profile consistency,exact per-ID ledger,KBDL-006,exact per-ID ledger,accessibility.md#26-pointer-cancellation,exact per-ID ledger,Approved,exact per-ID ledger,Confirmed,exact per-ID ledger,Not verified,exact per-ID ledger,None,exact per-ID ledger,Not verified,exact per-ID ledger,"Approved (directly restates WCAG 2.2 SC 2.5.2, Level A)",exact per-ID ledger,Manual testing once implemented,exact per-ID ledger,Not verified — the requirement’s stated validation method has not been executed.,exact per-ID ledger,"This document does not claim full WCAG conformance, screen-reader compatibility, or real-device support — those require an implementation and recorded test evidence",exact per-ID ledger,None — Approved,exact per-ID ledger,None,exact per-ID ledger,None,exact per-ID ledger,Readable group plus authoritative per-ID ledger; group values reconciled without changing normative text.,exact per-ID ledger
KBDL-A11Y-023,Text alternatives; captions; semantic structure; landmarks; reading/focus order; color independence; text/non-text contrast; focus visibility/obscuration; text spacing; keyboard operability/traps/bypass; pointer cancellation; dragging/gesture alternatives; motion actuation; reduced-motion cross-reference; flashing; timing/automatic movement; forms/labels/autocomplete; error identification/prevention; status messages; authentication; plain language; consistent navigation/help; media controls cross-reference; data presentation; mobile/virtual-keyboard cross-reference; profile consistency,exact per-ID ledger,KBDL-006,exact per-ID ledger,accessibility.md#27-dragging-and-gesture-alternatives,exact per-ID ledger,Approved,exact per-ID ledger,Confirmed,exact per-ID ledger,Not verified,exact per-ID ledger,None,exact per-ID ledger,Not verified,exact per-ID ledger,"Approved (directly restates WCAG 2.2 SC 2.5.1, Level A, and SC 2.5.7, Level AA)",exact per-ID ledger,Manual testing once implemented,exact per-ID ledger,Not verified — the requirement’s stated validation method has not been executed.,exact per-ID ledger,"This document does not claim full WCAG conformance, screen-reader compatibility, or real-device support — those require an implementation and recorded test evidence",exact per-ID ledger,None — Approved,exact per-ID ledger,None,exact per-ID ledger,None,exact per-ID ledger,Readable group plus authoritative per-ID ledger; group values reconciled without changing normative text.,exact per-ID ledger
KBDL-A11Y-024,Text alternatives; captions; semantic structure; landmarks; reading/focus order; color independence; text/non-text contrast; focus visibility/obscuration; text spacing; keyboard operability/traps/bypass; pointer cancellation; dragging/gesture alternatives; motion actuation; reduced-motion cross-reference; flashing; timing/automatic movement; forms/labels/autocomplete; error identification/prevention; status messages; authentication; plain language; consistent navigation/help; media controls cross-reference; data presentation; mobile/virtual-keyboard cross-reference; profile consistency,exact per-ID ledger,KBDL-006,exact per-ID ledger,accessibility.md#28-motion-actuation-alternatives,exact per-ID ledger,Approved,exact per-ID ledger,Confirmed,exact per-ID ledger,Not verified,exact per-ID ledger,None,exact per-ID ledger,Not verified,exact per-ID ledger,"Approved (directly restates WCAG 2.2 SC 2.5.4, Level A)",exact per-ID ledger,Manual testing once implemented,exact per-ID ledger,Not verified — the requirement’s stated validation method has not been executed.,exact per-ID ledger,"This document does not claim full WCAG conformance, screen-reader compatibility, or real-device support — those require an implementation and recorded test evidence",exact per-ID ledger,None — Approved,exact per-ID ledger,None,exact per-ID ledger,None,exact per-ID ledger,Readable group plus authoritative per-ID ledger; group values reconciled without changing normative text.,exact per-ID ledger
KBDL-A11Y-025,Text alternatives; captions; semantic structure; landmarks; reading/focus order; color independence; text/non-text contrast; focus visibility/obscuration; text spacing; keyboard operability/traps/bypass; pointer cancellation; dragging/gesture alternatives; motion actuation; reduced-motion cross-reference; flashing; timing/automatic movement; forms/labels/autocomplete; error identification/prevention; status messages; authentication; plain language; consistent navigation/help; media controls cross-reference; data presentation; mobile/virtual-keyboard cross-reference; profile consistency,exact per-ID ledger,KBDL-006,exact per-ID ledger,accessibility.md#29-reduced-motion-and-no-motion-parity,exact per-ID ledger,Approved,exact per-ID ledger,Confirmed,exact per-ID ledger,Not verified,exact per-ID ledger,None,exact per-ID ledger,Not verified,exact per-ID ledger,"Approved (restates KBDL-MOT-022, already Approved under KBDL-DEC-014; not reopened)",exact per-ID ledger,Cross-reference only; see KBDL-MOT-022's own validation method,exact per-ID ledger,Not verified — the requirement’s stated validation method has not been executed.,exact per-ID ledger,"This document does not claim full WCAG conformance, screen-reader compatibility, or real-device support — those require an implementation and recorded test evidence",exact per-ID ledger,None — Approved,exact per-ID ledger,None,exact per-ID ledger,KBDL-DEC-014,exact per-ID ledger,Readable group plus authoritative per-ID ledger; group values reconciled without changing normative text.,exact per-ID ledger
KBDL-A11Y-026,Text alternatives; captions; semantic structure; landmarks; reading/focus order; color independence; text/non-text contrast; focus visibility/obscuration; text spacing; keyboard operability/traps/bypass; pointer cancellation; dragging/gesture alternatives; motion actuation; reduced-motion cross-reference; flashing; timing/automatic movement; forms/labels/autocomplete; error identification/prevention; status messages; authentication; plain language; consistent navigation/help; media controls cross-reference; data presentation; mobile/virtual-keyboard cross-reference; profile consistency,exact per-ID ledger,KBDL-006,exact per-ID ledger,accessibility.md#30-flashing-vestibular-and-motion-safety-limits,exact per-ID ledger,Approved,exact per-ID ledger,Confirmed,exact per-ID ledger,Not verified,exact per-ID ledger,None,exact per-ID ledger,Not verified,exact per-ID ledger,"Approved (directly restates WCAG 2.2 SC 2.3.1, Level A, and restates the already-Approved KBDL-MOT-023)",exact per-ID ledger,Flash-analysis testing once implemented (exact threshold measurement is implementation-dependent and deferred until an implementation exists),exact per-ID ledger,Not verified — the requirement’s stated validation method has not been executed.,exact per-ID ledger,"This document does not claim full WCAG conformance, screen-reader compatibility, or real-device support — those require an implementation and recorded test evidence",exact per-ID ledger,None — Approved,exact per-ID ledger,None,exact per-ID ledger,None,exact per-ID ledger,Readable group plus authoritative per-ID ledger; group values reconciled without changing normative text.,exact per-ID ledger
KBDL-A11Y-027,Text alternatives; captions; semantic structure; landmarks; reading/focus order; color independence; text/non-text contrast; focus visibility/obscuration; text spacing; keyboard operability/traps/bypass; pointer cancellation; dragging/gesture alternatives; motion actuation; reduced-motion cross-reference; flashing; timing/automatic movement; forms/labels/autocomplete; error identification/prevention; status messages; authentication; plain language; consistent navigation/help; media controls cross-reference; data presentation; mobile/virtual-keyboard cross-reference; profile consistency,exact per-ID ledger,KBDL-006,exact per-ID ledger,accessibility.md#31-timing-automatic-movement-and-interruptions,exact per-ID ledger,Approved,exact per-ID ledger,Confirmed,exact per-ID ledger,Not verified,exact per-ID ledger,None,exact per-ID ledger,Not verified,exact per-ID ledger,"Approved (directly restates WCAG 2.2 SC 2.2.1 and SC 2.2.2, both Level A)",exact per-ID ledger,Manual testing once implemented,exact per-ID ledger,Not verified — the requirement’s stated validation method has not been executed.,exact per-ID ledger,"This document does not claim full WCAG conformance, screen-reader compatibility, or real-device support — those require an implementation and recorded test evidence",exact per-ID ledger,None — Approved,exact per-ID ledger,None,exact per-ID ledger,None,exact per-ID ledger,Readable group plus authoritative per-ID ledger; group values reconciled without changing normative text.,exact per-ID ledger
KBDL-A11Y-028,Text alternatives; captions; semantic structure; landmarks; reading/focus order; color independence; text/non-text contrast; focus visibility/obscuration; text spacing; keyboard operability/traps/bypass; pointer cancellation; dragging/gesture alternatives; motion actuation; reduced-motion cross-reference; flashing; timing/automatic movement; forms/labels/autocomplete; error identification/prevention; status messages; authentication; plain language; consistent navigation/help; media controls cross-reference; data presentation; mobile/virtual-keyboard cross-reference; profile consistency,exact per-ID ledger,KBDL-006,exact per-ID ledger,accessibility.md#32-forms-labels-instructions-and-autocomplete,exact per-ID ledger,Approved,exact per-ID ledger,Confirmed,exact per-ID ledger,Not verified,exact per-ID ledger,None,exact per-ID ledger,Not verified,exact per-ID ledger,"Approved (directly restates WCAG 2.2 SC 1.3.5, SC 2.5.3, SC 3.2.2, SC 3.3.2, and SC 3.3.7, Levels A/AA as listed)",exact per-ID ledger,Manual + automated static check once implemented,exact per-ID ledger,Not verified — the requirement’s stated validation method has not been executed.,exact per-ID ledger,"This document does not claim full WCAG conformance, screen-reader compatibility, or real-device support — those require an implementation and recorded test evidence",exact per-ID ledger,None — Approved,exact per-ID ledger,None,exact per-ID ledger,None,exact per-ID ledger,Readable group plus authoritative per-ID ledger; group values reconciled without changing normative text.,exact per-ID ledger
KBDL-A11Y-029,Text alternatives; captions; semantic structure; landmarks; reading/focus order; color independence; text/non-text contrast; focus visibility/obscuration; text spacing; keyboard operability/traps/bypass; pointer cancellation; dragging/gesture alternatives; motion actuation; reduced-motion cross-reference; flashing; timing/automatic movement; forms/labels/autocomplete; error identification/prevention; status messages; authentication; plain language; consistent navigation/help; media controls cross-reference; data presentation; mobile/virtual-keyboard cross-reference; profile consistency,exact per-ID ledger,KBDL-006,exact per-ID ledger,accessibility.md#33-error-identification-and-recovery,exact per-ID ledger,Approved,exact per-ID ledger,Confirmed,exact per-ID ledger,Not verified,exact per-ID ledger,None,exact per-ID ledger,Not verified,exact per-ID ledger,"Approved (directly restates WCAG 2.2 SC 3.3.1, Level A, and SC 3.3.3, Level AA)",exact per-ID ledger,Manual testing once implemented,exact per-ID ledger,Not verified — the requirement’s stated validation method has not been executed.,exact per-ID ledger,"This document does not claim full WCAG conformance, screen-reader compatibility, or real-device support — those require an implementation and recorded test evidence",exact per-ID ledger,None — Approved,exact per-ID ledger,None,exact per-ID ledger,None,exact per-ID ledger,Readable group plus authoritative per-ID ledger; group values reconciled without changing normative text.,exact per-ID ledger
KBDL-A11Y-030,Text alternatives; captions; semantic structure; landmarks; reading/focus order; color independence; text/non-text contrast; focus visibility/obscuration; text spacing; keyboard operability/traps/bypass; pointer cancellation; dragging/gesture alternatives; motion actuation; reduced-motion cross-reference; flashing; timing/automatic movement; forms/labels/autocomplete; error identification/prevention; status messages; authentication; plain language; consistent navigation/help; media controls cross-reference; data presentation; mobile/virtual-keyboard cross-reference; profile consistency,exact per-ID ledger,KBDL-006,exact per-ID ledger,accessibility.md#34-error-prevention-for-consequential-actions,exact per-ID ledger,Approved,exact per-ID ledger,Confirmed,exact per-ID ledger,Not verified,exact per-ID ledger,None,exact per-ID ledger,Not verified,exact per-ID ledger,"Approved (directly restates WCAG 2.2 SC 3.3.4, Level AA)",exact per-ID ledger,Manual testing once implemented,exact per-ID ledger,Not verified — the requirement’s stated validation method has not been executed.,exact per-ID ledger,"This document does not claim full WCAG conformance, screen-reader compatibility, or real-device support — those require an implementation and recorded test evidence",exact per-ID ledger,None — Approved,exact per-ID ledger,None,exact per-ID ledger,None,exact per-ID ledger,Readable group plus authoritative per-ID ledger; group values reconciled without changing normative text.,exact per-ID ledger
KBDL-A11Y-031,Text alternatives; captions; semantic structure; landmarks; reading/focus order; color independence; text/non-text contrast; focus visibility/obscuration; text spacing; keyboard operability/traps/bypass; pointer cancellation; dragging/gesture alternatives; motion actuation; reduced-motion cross-reference; flashing; timing/automatic movement; forms/labels/autocomplete; error identification/prevention; status messages; authentication; plain language; consistent navigation/help; media controls cross-reference; data presentation; mobile/virtual-keyboard cross-reference; profile consistency,exact per-ID ledger,KBDL-006,exact per-ID ledger,accessibility.md#35-status-messages-and-live-communication,exact per-ID ledger,Approved,exact per-ID ledger,Confirmed,exact per-ID ledger,Not verified,exact per-ID ledger,None,exact per-ID ledger,Not verified,exact per-ID ledger,"Approved (directly restates WCAG 2.2 SC 4.1.3, Level AA)",exact per-ID ledger,Manual screen-reader testing once implemented,exact per-ID ledger,Not verified — the requirement’s stated validation method has not been executed.,exact per-ID ledger,"This document does not claim full WCAG conformance, screen-reader compatibility, or real-device support — those require an implementation and recorded test evidence",exact per-ID ledger,None — Approved,exact per-ID ledger,None,exact per-ID ledger,None,exact per-ID ledger,Readable group plus authoritative per-ID ledger; group values reconciled without changing normative text.,exact per-ID ledger
KBDL-A11Y-032,Text alternatives; captions; semantic structure; landmarks; reading/focus order; color independence; text/non-text contrast; focus visibility/obscuration; text spacing; keyboard operability/traps/bypass; pointer cancellation; dragging/gesture alternatives; motion actuation; reduced-motion cross-reference; flashing; timing/automatic movement; forms/labels/autocomplete; error identification/prevention; status messages; authentication; plain language; consistent navigation/help; media controls cross-reference; data presentation; mobile/virtual-keyboard cross-reference; profile consistency,exact per-ID ledger,KBDL-006,exact per-ID ledger,accessibility.md#36-authentication-accessibility,exact per-ID ledger,Approved,exact per-ID ledger,Confirmed,exact per-ID ledger,Not verified,exact per-ID ledger,None,exact per-ID ledger,Not verified,exact per-ID ledger,"Approved (directly restates WCAG 2.2 SC 3.3.8, Level AA)",exact per-ID ledger,Manual testing once implemented,exact per-ID ledger,Not verified — the requirement’s stated validation method has not been executed.,exact per-ID ledger,"This document does not claim full WCAG conformance, screen-reader compatibility, or real-device support — those require an implementation and recorded test evidence",exact per-ID ledger,None — Approved,exact per-ID ledger,None,exact per-ID ledger,None,exact per-ID ledger,Readable group plus authoritative per-ID ledger; group values reconciled without changing normative text.,exact per-ID ledger
KBDL-A11Y-033,Text alternatives; captions; semantic structure; landmarks; reading/focus order; color independence; text/non-text contrast; focus visibility/obscuration; text spacing; keyboard operability/traps/bypass; pointer cancellation; dragging/gesture alternatives; motion actuation; reduced-motion cross-reference; flashing; timing/automatic movement; forms/labels/autocomplete; error identification/prevention; status messages; authentication; plain language; consistent navigation/help; media controls cross-reference; data presentation; mobile/virtual-keyboard cross-reference; profile consistency,exact per-ID ledger,KBDL-006,exact per-ID ledger,accessibility.md#37-plain-language-and-cognitive-accessibility,exact per-ID ledger,Approved,exact per-ID ledger,Confirmed,exact per-ID ledger,Not verified,exact per-ID ledger,None,exact per-ID ledger,Not verified,exact per-ID ledger,"Approved (directly restates WCAG 2.2 SC 3.1.1, Level A, and KBDL-PRN-003, Consumer Comprehension)",exact per-ID ledger,Manual review once implemented,exact per-ID ledger,Not verified — the requirement’s stated validation method has not been executed.,exact per-ID ledger,"This document does not claim full WCAG conformance, screen-reader compatibility, or real-device support — those require an implementation and recorded test evidence",exact per-ID ledger,None — Approved,exact per-ID ledger,None,exact per-ID ledger,None,exact per-ID ledger,Readable group plus authoritative per-ID ledger; group values reconciled without changing normative text.,exact per-ID ledger
KBDL-A11Y-034,Text alternatives; captions; semantic structure; landmarks; reading/focus order; color independence; text/non-text contrast; focus visibility/obscuration; text spacing; keyboard operability/traps/bypass; pointer cancellation; dragging/gesture alternatives; motion actuation; reduced-motion cross-reference; flashing; timing/automatic movement; forms/labels/autocomplete; error identification/prevention; status messages; authentication; plain language; consistent navigation/help; media controls cross-reference; data presentation; mobile/virtual-keyboard cross-reference; profile consistency,exact per-ID ledger,KBDL-006,exact per-ID ledger,accessibility.md#38-consistent-navigation-identification-and-help,exact per-ID ledger,Approved,exact per-ID ledger,Confirmed,exact per-ID ledger,Not verified,exact per-ID ledger,None,exact per-ID ledger,Not verified,exact per-ID ledger,"Approved (directly restates WCAG 2.2 SC 2.4.4, Level A, and SC 3.2.6, Level A)",exact per-ID ledger,Manual review once implemented,exact per-ID ledger,Not verified — the requirement’s stated validation method has not been executed.,exact per-ID ledger,"This document does not claim full WCAG conformance, screen-reader compatibility, or real-device support — those require an implementation and recorded test evidence",exact per-ID ledger,None — Approved,exact per-ID ledger,None,exact per-ID ledger,None,exact per-ID ledger,Readable group plus authoritative per-ID ledger; group values reconciled without changing normative text.,exact per-ID ledger
KBDL-A11Y-035,Forced-colors/high-contrast policy; preferred enhanced target size; preferred accessibility testing matrix,exact per-ID ledger,KBDL-006,exact per-ID ledger,accessibility.md#39-screen-reader-behavior; accessibility.md#49-accessibility-decision-packet,exact per-ID ledger,Recommended,exact per-ID ledger,Assumed,exact per-ID ledger,Not applicable,exact per-ID ledger,None,exact per-ID ledger,None,exact per-ID ledger,"Recommended (new KBDL testing-process enhancement, not yet approved)",exact per-ID ledger,Project-owner review (not yet performed),exact per-ID ledger,Not applicable — no executed implementation claim is asserted for this requirement.,exact per-ID ledger,Forced-colors/high-contrast mode is currently unaddressed elsewhere in the specification and was explicitly excluded from the KBDL-004 theme approval (KBDL-DEC-013); these three requirements must not be treated as Approved until reviewed,exact per-ID ledger,accessibility.md — 49.2 Recommended Decisions — Ready for Approval — item 3,exact per-ID ledger,None,exact per-ID ledger,None,exact per-ID ledger,Readable group plus authoritative per-ID ledger; group values reconciled without changing normative text.,exact per-ID ledger
KBDL-A11Y-036,Text alternatives; captions; semantic structure; landmarks; reading/focus order; color independence; text/non-text contrast; focus visibility/obscuration; text spacing; keyboard operability/traps/bypass; pointer cancellation; dragging/gesture alternatives; motion actuation; reduced-motion cross-reference; flashing; timing/automatic movement; forms/labels/autocomplete; error identification/prevention; status messages; authentication; plain language; consistent navigation/help; media controls cross-reference; data presentation; mobile/virtual-keyboard cross-reference; profile consistency,exact per-ID ledger,KBDL-006,exact per-ID ledger,accessibility.md#40-media-and-animation-controls,exact per-ID ledger,Approved,exact per-ID ledger,Confirmed,exact per-ID ledger,Not applicable,exact per-ID ledger,None,exact per-ID ledger,None,exact per-ID ledger,Approved (cross-reference to already-Approved requirements); project-owner-approved KBDL-006 implementation prompt,exact per-ID ledger,Not applicable (cross-reference section),exact per-ID ledger,Not applicable — no executed implementation claim is asserted for this requirement.,exact per-ID ledger,"This document does not claim full WCAG conformance, screen-reader compatibility, or real-device support — those require an implementation and recorded test evidence",exact per-ID ledger,None — Approved,exact per-ID ledger,None,exact per-ID ledger,None,exact per-ID ledger,Readable group plus authoritative per-ID ledger; group values reconciled without changing normative text.,exact per-ID ledger
KBDL-A11Y-037,Text alternatives; captions; semantic structure; landmarks; reading/focus order; color independence; text/non-text contrast; focus visibility/obscuration; text spacing; keyboard operability/traps/bypass; pointer cancellation; dragging/gesture alternatives; motion actuation; reduced-motion cross-reference; flashing; timing/automatic movement; forms/labels/autocomplete; error identification/prevention; status messages; authentication; plain language; consistent navigation/help; media controls cross-reference; data presentation; mobile/virtual-keyboard cross-reference; profile consistency,exact per-ID ledger,KBDL-006,exact per-ID ledger,accessibility.md#41-accessible-data-presentation,exact per-ID ledger,Approved,exact per-ID ledger,Confirmed,exact per-ID ledger,Not verified,exact per-ID ledger,None,exact per-ID ledger,Not verified,exact per-ID ledger,Approved (restates KBDL-A11Y-003 applied to tabular data),exact per-ID ledger,Automated static check + manual review once implemented,exact per-ID ledger,Not verified — the requirement’s stated validation method has not been executed.,exact per-ID ledger,"This document does not claim full WCAG conformance, screen-reader compatibility, or real-device support — those require an implementation and recorded test evidence",exact per-ID ledger,None — Approved,exact per-ID ledger,None,exact per-ID ledger,None,exact per-ID ledger,Readable group plus authoritative per-ID ledger; group values reconciled without changing normative text.,exact per-ID ledger
KBDL-A11Y-038,Text alternatives; captions; semantic structure; landmarks; reading/focus order; color independence; text/non-text contrast; focus visibility/obscuration; text spacing; keyboard operability/traps/bypass; pointer cancellation; dragging/gesture alternatives; motion actuation; reduced-motion cross-reference; flashing; timing/automatic movement; forms/labels/autocomplete; error identification/prevention; status messages; authentication; plain language; consistent navigation/help; media controls cross-reference; data presentation; mobile/virtual-keyboard cross-reference; profile consistency,exact per-ID ledger,KBDL-006,exact per-ID ledger,accessibility.md#42-mobile-accessibility,exact per-ID ledger,Approved,exact per-ID ledger,Confirmed,exact per-ID ledger,Not applicable,exact per-ID ledger,None,exact per-ID ledger,None,exact per-ID ledger,Approved (cross-reference); project-owner-approved KBDL-006 implementation prompt,exact per-ID ledger,Not applicable (cross-reference section),exact per-ID ledger,Not applicable — no executed implementation claim is asserted for this requirement.,exact per-ID ledger,"This document does not claim full WCAG conformance, screen-reader compatibility, or real-device support — those require an implementation and recorded test evidence",exact per-ID ledger,None — Approved,exact per-ID ledger,None,exact per-ID ledger,None,exact per-ID ledger,Readable group plus authoritative per-ID ledger; group values reconciled without changing normative text.,exact per-ID ledger
KBDL-A11Y-039,Text alternatives; captions; semantic structure; landmarks; reading/focus order; color independence; text/non-text contrast; focus visibility/obscuration; text spacing; keyboard operability/traps/bypass; pointer cancellation; dragging/gesture alternatives; motion actuation; reduced-motion cross-reference; flashing; timing/automatic movement; forms/labels/autocomplete; error identification/prevention; status messages; authentication; plain language; consistent navigation/help; media controls cross-reference; data presentation; mobile/virtual-keyboard cross-reference; profile consistency,exact per-ID ledger,KBDL-006,exact per-ID ledger,accessibility.md#43-virtual-keyboard-accessibility,exact per-ID ledger,Approved,exact per-ID ledger,Confirmed,exact per-ID ledger,Not applicable,exact per-ID ledger,None,exact per-ID ledger,None,exact per-ID ledger,Approved (cross-reference); project-owner-approved KBDL-006 implementation prompt,exact per-ID ledger,Not applicable (cross-reference section),exact per-ID ledger,Not applicable — no executed implementation claim is asserted for this requirement.,exact per-ID ledger,"This document does not claim full WCAG conformance, screen-reader compatibility, or real-device support — those require an implementation and recorded test evidence",exact per-ID ledger,None — Approved,exact per-ID ledger,None,exact per-ID ledger,None,exact per-ID ledger,Readable group plus authoritative per-ID ledger; group values reconciled without changing normative text.,exact per-ID ledger
KBDL-A11Y-040,Text alternatives; captions; semantic structure; landmarks; reading/focus order; color independence; text/non-text contrast; focus visibility/obscuration; text spacing; keyboard operability/traps/bypass; pointer cancellation; dragging/gesture alternatives; motion actuation; reduced-motion cross-reference; flashing; timing/automatic movement; forms/labels/autocomplete; error identification/prevention; status messages; authentication; plain language; consistent navigation/help; media controls cross-reference; data presentation; mobile/virtual-keyboard cross-reference; profile consistency,exact per-ID ledger,KBDL-006,exact per-ID ledger,accessibility.md#44-profile-interpretation,exact per-ID ledger,Approved,exact per-ID ledger,Confirmed,exact per-ID ledger,Not verified,exact per-ID ledger,None,exact per-ID ledger,Not verified,exact per-ID ledger,Approved (directly restates principles.md §9.4); project-owner-approved KBDL-006 implementation prompt,exact per-ID ledger,Manual cross-profile review once the project-profiles module is approved,exact per-ID ledger,Not verified — the requirement’s stated validation method has not been executed.,exact per-ID ledger,"This document does not claim full WCAG conformance, screen-reader compatibility, or real-device support — those require an implementation and recorded test evidence",exact per-ID ledger,None — Approved,exact per-ID ledger,None,exact per-ID ledger,None,exact per-ID ledger,Readable group plus authoritative per-ID ledger; group values reconciled without changing normative text.,exact per-ID ledger
KBDL-CMP-001,Shared component contract; native-semantics-first rule; accessible naming; component state model; KBDL-008 scope boundary; focus/keyboard/pointer behavior; responsive/target-size/theme/foundation/motion mapping; cross-component composition; profile compatibility,exact per-ID ledger,KBDL-007,exact per-ID ledger,components-core.md#6-shared-component-contract; components-core.md#7-component-anatomy-model,exact per-ID ledger,Approved,exact per-ID ledger,User-provided,exact per-ID ledger,Not verified,exact per-ID ledger,None,exact per-ID ledger,Not verified,exact per-ID ledger,Approved (structural completeness requirement); project-owner-approved KBDL-007/008 implementation prompt,exact per-ID ledger,Manual completeness review per component,exact per-ID ledger,Not verified — no implementation exists yet,exact per-ID ledger,Implementation-dependent; cannot be tested until real components exist,exact per-ID ledger,None — Approved,exact per-ID ledger,None,exact per-ID ledger,None,exact per-ID ledger,Readable group plus authoritative per-ID ledger; group values reconciled without changing normative text.,exact per-ID ledger
KBDL-CMP-002,Shared component contract; native-semantics-first rule; accessible naming; component state model; KBDL-008 scope boundary; focus/keyboard/pointer behavior; responsive/target-size/theme/foundation/motion mapping; cross-component composition; profile compatibility,exact per-ID ledger,KBDL-007,exact per-ID ledger,components-core.md#5-native-semantics-first-rule,exact per-ID ledger,Approved,exact per-ID ledger,Confirmed,exact per-ID ledger,Not verified,exact per-ID ledger,None,exact per-ID ledger,Not verified,exact per-ID ledger,Approved (directly restates WCAG 2.2 SC 4.1.2 and the WAI-ARIA First Rule of ARIA Use),exact per-ID ledger,Manual + automated static accessibility check once implemented,exact per-ID ledger,Not verified — no implementation exists yet,exact per-ID ledger,Implementation-dependent; cannot be tested until real components exist,exact per-ID ledger,None — Approved,exact per-ID ledger,None,exact per-ID ledger,None,exact per-ID ledger,Readable group plus authoritative per-ID ledger; group values reconciled without changing normative text.,exact per-ID ledger
KBDL-CMP-003,Shared component contract; native-semantics-first rule; accessible naming; component state model; KBDL-008 scope boundary; focus/keyboard/pointer behavior; responsive/target-size/theme/foundation/motion mapping; cross-component composition; profile compatibility,exact per-ID ledger,KBDL-007,exact per-ID ledger,components-core.md#10-accessible-naming-and-description,exact per-ID ledger,Approved,exact per-ID ledger,Confirmed,exact per-ID ledger,Not verified,exact per-ID ledger,None,exact per-ID ledger,Not verified,exact per-ID ledger,Approved (directly restates WCAG 2.2 SC 4.1.2 and SC 2.5.3),exact per-ID ledger,Manual + automated static accessibility check once implemented,exact per-ID ledger,Not verified — no implementation exists yet,exact per-ID ledger,Implementation-dependent; cannot be tested until real components exist,exact per-ID ledger,None — Approved,exact per-ID ledger,None,exact per-ID ledger,None,exact per-ID ledger,Readable group plus authoritative per-ID ledger; group values reconciled without changing normative text.,exact per-ID ledger
KBDL-CMP-004,Shared component contract; native-semantics-first rule; accessible naming; component state model; KBDL-008 scope boundary; focus/keyboard/pointer behavior; responsive/target-size/theme/foundation/motion mapping; cross-component composition; profile compatibility,exact per-ID ledger,KBDL-007,exact per-ID ledger,components-core.md#8-component-state-model; components-core.md#9-interaction-state-priority,exact per-ID ledger,Approved,exact per-ID ledger,Confirmed,exact per-ID ledger,Not verified,exact per-ID ledger,None,exact per-ID ledger,Not verified,exact per-ID ledger,Approved (directly restates the locked component-state-clarity rule); project-owner-approved KBDL-007/008 implementation prompt,exact per-ID ledger,Manual review once implemented,exact per-ID ledger,Not verified — no implementation exists yet,exact per-ID ledger,Implementation-dependent; cannot be tested until real components exist,exact per-ID ledger,None — Approved,exact per-ID ledger,None,exact per-ID ledger,None,exact per-ID ledger,Readable group plus authoritative per-ID ledger; group values reconciled without changing normative text.,exact per-ID ledger
KBDL-CMP-005,Shared component contract; native-semantics-first rule; accessible naming; component state model; KBDL-008 scope boundary; focus/keyboard/pointer behavior; responsive/target-size/theme/foundation/motion mapping; cross-component composition; profile compatibility,exact per-ID ledger,KBDL-007,exact per-ID ledger,components-core.md#11-kbdl-008-scope-boundary,exact per-ID ledger,Approved,exact per-ID ledger,Confirmed,exact per-ID ledger,Not applicable,exact per-ID ledger,None,exact per-ID ledger,None,exact per-ID ledger,Approved (scope-control requirement); project-owner-approved KBDL-007/008 implementation prompt,exact per-ID ledger,"Manual scope-compliance review (performed, see implementation report)",exact per-ID ledger,Not verified — no implementation exists yet,exact per-ID ledger,Implementation-dependent; cannot be tested until real components exist,exact per-ID ledger,None — Approved,exact per-ID ledger,None,exact per-ID ledger,None,exact per-ID ledger,Readable group plus authoritative per-ID ledger; group values reconciled without changing normative text.,exact per-ID ledger
KBDL-CMP-006,Shared component contract; native-semantics-first rule; accessible naming; component state model; KBDL-008 scope boundary; focus/keyboard/pointer behavior; responsive/target-size/theme/foundation/motion mapping; cross-component composition; profile compatibility,exact per-ID ledger,KBDL-007,exact per-ID ledger,components-core.md#12-focus-behavior,exact per-ID ledger,Approved,exact per-ID ledger,Confirmed,exact per-ID ledger,Not verified,exact per-ID ledger,None,exact per-ID ledger,Not verified,exact per-ID ledger,Approved (directly restates WCAG 2.2 SC 2.4.7 and SC 2.4.11),exact per-ID ledger,Manual keyboard-focus review once implemented,exact per-ID ledger,Not verified — no implementation exists yet,exact per-ID ledger,Implementation-dependent; cannot be tested until real components exist,exact per-ID ledger,None — Approved,exact per-ID ledger,None,exact per-ID ledger,None,exact per-ID ledger,Readable group plus authoritative per-ID ledger; group values reconciled without changing normative text.,exact per-ID ledger
KBDL-CMP-007,Shared component contract; native-semantics-first rule; accessible naming; component state model; KBDL-008 scope boundary; focus/keyboard/pointer behavior; responsive/target-size/theme/foundation/motion mapping; cross-component composition; profile compatibility,exact per-ID ledger,KBDL-007,exact per-ID ledger,components-core.md#13-keyboard-interaction,exact per-ID ledger,Approved,exact per-ID ledger,Confirmed,exact per-ID ledger,Not verified,exact per-ID ledger,None,exact per-ID ledger,Not verified,exact per-ID ledger,Approved (directly restates WCAG 2.2 SC 2.1.1 and SC 2.1.2),exact per-ID ledger,Manual keyboard testing once implemented,exact per-ID ledger,Not verified — no implementation exists yet,exact per-ID ledger,Implementation-dependent; cannot be tested until real components exist,exact per-ID ledger,None — Approved,exact per-ID ledger,None,exact per-ID ledger,None,exact per-ID ledger,Readable group plus authoritative per-ID ledger; group values reconciled without changing normative text.,exact per-ID ledger
KBDL-CMP-008,Shared component contract; native-semantics-first rule; accessible naming; component state model; KBDL-008 scope boundary; focus/keyboard/pointer behavior; responsive/target-size/theme/foundation/motion mapping; cross-component composition; profile compatibility,exact per-ID ledger,KBDL-007,exact per-ID ledger,components-core.md#14-pointer-and-touch-interaction,exact per-ID ledger,Approved,exact per-ID ledger,Confirmed,exact per-ID ledger,Not verified,exact per-ID ledger,None,exact per-ID ledger,Not verified,exact per-ID ledger,Approved (directly restates WCAG 2.2 SC 2.5.2 and SC 2.5.8),exact per-ID ledger,Manual pointer/touch testing once implemented,exact per-ID ledger,Not verified — no implementation exists yet,exact per-ID ledger,Implementation-dependent; cannot be tested until real components exist,exact per-ID ledger,None — Approved,exact per-ID ledger,None,exact per-ID ledger,None,exact per-ID ledger,Readable group plus authoritative per-ID ledger; group values reconciled without changing normative text.,exact per-ID ledger
KBDL-CMP-009,Shared component contract; native-semantics-first rule; accessible naming; component state model; KBDL-008 scope boundary; focus/keyboard/pointer behavior; responsive/target-size/theme/foundation/motion mapping; cross-component composition; profile compatibility,exact per-ID ledger,KBDL-007,exact per-ID ledger,components-core.md#15-responsive-behavior,exact per-ID ledger,Approved,exact per-ID ledger,Confirmed,exact per-ID ledger,Not verified,exact per-ID ledger,None,exact per-ID ledger,Not verified,exact per-ID ledger,"Approved (directly restates KBDL-RSP-001, 006, 007, 020)",exact per-ID ledger,Manual reflow/zoom testing once implemented,exact per-ID ledger,Not verified — no implementation exists yet,exact per-ID ledger,Implementation-dependent; cannot be tested until real components exist,exact per-ID ledger,None — Approved,exact per-ID ledger,None,exact per-ID ledger,None,exact per-ID ledger,Readable group plus authoritative per-ID ledger; group values reconciled without changing normative text.,exact per-ID ledger
KBDL-CMP-010,Shared component contract; native-semantics-first rule; accessible naming; component state model; KBDL-008 scope boundary; focus/keyboard/pointer behavior; responsive/target-size/theme/foundation/motion mapping; cross-component composition; profile compatibility,exact per-ID ledger,KBDL-007,exact per-ID ledger,components-core.md#16-target-size-handling,exact per-ID ledger,Approved,exact per-ID ledger,Confirmed,exact per-ID ledger,Not verified,exact per-ID ledger,None,exact per-ID ledger,Not verified,exact per-ID ledger,Approved (directly restates KBDL-A11Y-020),exact per-ID ledger,Manual measurement once implemented,exact per-ID ledger,Not verified — no implementation exists yet,exact per-ID ledger,Implementation-dependent; cannot be tested until real components exist,exact per-ID ledger,None — Approved,exact per-ID ledger,None,exact per-ID ledger,None,exact per-ID ledger,Readable group plus authoritative per-ID ledger; group values reconciled without changing normative text.,exact per-ID ledger
KBDL-CMP-011,Shared component contract; native-semantics-first rule; accessible naming; component state model; KBDL-008 scope boundary; focus/keyboard/pointer behavior; responsive/target-size/theme/foundation/motion mapping; cross-component composition; profile compatibility,exact per-ID ledger,KBDL-007,exact per-ID ledger,components-core.md#17-theme-and-contrast-behavior,exact per-ID ledger,Approved,exact per-ID ledger,Confirmed,exact per-ID ledger,Not verified,exact per-ID ledger,None,exact per-ID ledger,Not verified,exact per-ID ledger,Approved (directly restates the approved theme architecture); project-owner-approved KBDL-007/008 implementation prompt,exact per-ID ledger,Manual theme-role mapping review once implemented,exact per-ID ledger,Not verified — no implementation exists yet,exact per-ID ledger,Implementation-dependent; cannot be tested until real components exist,exact per-ID ledger,None — Approved,exact per-ID ledger,None,exact per-ID ledger,None,exact per-ID ledger,Readable group plus authoritative per-ID ledger; group values reconciled without changing normative text.,exact per-ID ledger
KBDL-CMP-012,Shared component contract; native-semantics-first rule; accessible naming; component state model; KBDL-008 scope boundary; focus/keyboard/pointer behavior; responsive/target-size/theme/foundation/motion mapping; cross-component composition; profile compatibility,exact per-ID ledger,KBDL-007,exact per-ID ledger,components-core.md#18-foundation-behavior,exact per-ID ledger,Approved,exact per-ID ledger,Confirmed,exact per-ID ledger,Not verified,exact per-ID ledger,None,exact per-ID ledger,Not verified,exact per-ID ledger,Approved (directly restates the approved foundation architecture); project-owner-approved KBDL-007/008 implementation prompt,exact per-ID ledger,Manual foundation-mapping review once implemented,exact per-ID ledger,Not verified — no implementation exists yet,exact per-ID ledger,Implementation-dependent; cannot be tested until real components exist,exact per-ID ledger,None — Approved,exact per-ID ledger,None,exact per-ID ledger,None,exact per-ID ledger,Readable group plus authoritative per-ID ledger; group values reconciled without changing normative text.,exact per-ID ledger
KBDL-CMP-013,Shared component contract; native-semantics-first rule; accessible naming; component state model; KBDL-008 scope boundary; focus/keyboard/pointer behavior; responsive/target-size/theme/foundation/motion mapping; cross-component composition; profile compatibility,exact per-ID ledger,KBDL-007,exact per-ID ledger,components-core.md#19-motion-behavior,exact per-ID ledger,Approved,exact per-ID ledger,Confirmed,exact per-ID ledger,Not verified,exact per-ID ledger,None,exact per-ID ledger,Not verified,exact per-ID ledger,"Approved (structural requirement — the obligation to document motion necessity/purpose/hierarchy/parity per component is itself Approved; the *exact* component-specific duration, distance, scale, stagger, easing, choreography, or rendering-technology mapping for any individual component is not newly approved by this requirement where no prior approved KBDL rule already supplies it — such exact mappings remain governed by the existing motion unresolved/not-approval-ready items in motion/README.md §10.3 and this module's own §36); project-owner-approved KBDL-007/008 implementation prompt",exact per-ID ledger,Manual review once implemented,exact per-ID ledger,Not verified — no implementation exists yet,exact per-ID ledger,Implementation-dependent; cannot be tested until real components exist,exact per-ID ledger,None — Approved,exact per-ID ledger,None,exact per-ID ledger,None,exact per-ID ledger,Readable group plus authoritative per-ID ledger; group values reconciled without changing normative text.,exact per-ID ledger
KBDL-CMP-014,"Button, Icon Button, Toggle Button, Link, Button Group, Disclosure/Menu Trigger",exact per-ID ledger,KBDL-007,exact per-ID ledger,components-core.md#201-button,exact per-ID ledger,Approved,exact per-ID ledger,Confirmed,exact per-ID ledger,Not verified,exact per-ID ledger,None,exact per-ID ledger,Not verified,exact per-ID ledger,Approved (core restates native-semantics-first and state-model rules); project-owner-approved KBDL-007/008 implementation prompt,exact per-ID ledger,Manual review once implemented,exact per-ID ledger,Not verified — no implementation exists yet,exact per-ID ledger,Implementation-dependent,exact per-ID ledger,None — Approved,exact per-ID ledger,None,exact per-ID ledger,None,exact per-ID ledger,Readable group plus authoritative per-ID ledger; group values reconciled without changing normative text.,exact per-ID ledger
KBDL-CMP-015,"Button, Icon Button, Toggle Button, Link, Button Group, Disclosure/Menu Trigger",exact per-ID ledger,KBDL-007,exact per-ID ledger,components-core.md#201-button; components-core.md#35-kbdl-007-decision-packet,exact per-ID ledger,Recommended,exact per-ID ledger,Assumed,exact per-ID ledger,Not applicable,exact per-ID ledger,None,exact per-ID ledger,None,exact per-ID ledger,Recommended (new component taxonomy),exact per-ID ledger,Project-owner review (not yet performed),exact per-ID ledger,Not verified — no implementation exists yet,exact per-ID ledger,Implementation-dependent,exact per-ID ledger,components-core.md — 35.2 Recommended Decisions — Ready for Approval — item 1,exact per-ID ledger,None,exact per-ID ledger,None,exact per-ID ledger,Readable group plus authoritative per-ID ledger; group values reconciled without changing normative text.,exact per-ID ledger
KBDL-CMP-016,"Button, Icon Button, Toggle Button, Link, Button Group, Disclosure/Menu Trigger",exact per-ID ledger,KBDL-007,exact per-ID ledger,components-core.md#202-icon-button,exact per-ID ledger,Approved,exact per-ID ledger,Confirmed,exact per-ID ledger,Not verified,exact per-ID ledger,None,exact per-ID ledger,Not verified,exact per-ID ledger,Approved (directly restates WCAG 2.2 SC 4.1.2),exact per-ID ledger,Manual + automated static accessibility check once implemented,exact per-ID ledger,Not verified — no implementation exists yet,exact per-ID ledger,Implementation-dependent,exact per-ID ledger,None — Approved,exact per-ID ledger,None,exact per-ID ledger,None,exact per-ID ledger,Readable group plus authoritative per-ID ledger; group values reconciled without changing normative text.,exact per-ID ledger
KBDL-CMP-017,"Button, Icon Button, Toggle Button, Link, Button Group, Disclosure/Menu Trigger",exact per-ID ledger,KBDL-007,exact per-ID ledger,components-core.md#202-icon-button,exact per-ID ledger,Recommended,exact per-ID ledger,Assumed,exact per-ID ledger,Not applicable,exact per-ID ledger,None,exact per-ID ledger,None,exact per-ID ledger,Recommended (new threshold guidance),exact per-ID ledger,Project-owner review (not yet performed),exact per-ID ledger,Not verified — no implementation exists yet,exact per-ID ledger,Implementation-dependent,exact per-ID ledger,components-core.md — 35.2 Recommended Decisions — Ready for Approval — item 3,exact per-ID ledger,None,exact per-ID ledger,None,exact per-ID ledger,Readable group plus authoritative per-ID ledger; group values reconciled without changing normative text.,exact per-ID ledger
KBDL-CMP-018,"Button, Icon Button, Toggle Button, Link, Button Group, Disclosure/Menu Trigger",exact per-ID ledger,KBDL-007,exact per-ID ledger,components-core.md#203-toggle-button,exact per-ID ledger,Approved,exact per-ID ledger,Confirmed,exact per-ID ledger,Not verified,exact per-ID ledger,None,exact per-ID ledger,Not verified,exact per-ID ledger,Approved (directly restates WAI-ARIA),exact per-ID ledger,Manual ARIA review once implemented,exact per-ID ledger,Not verified — no implementation exists yet,exact per-ID ledger,Implementation-dependent,exact per-ID ledger,None — Approved,exact per-ID ledger,None,exact per-ID ledger,None,exact per-ID ledger,Readable group plus authoritative per-ID ledger; group values reconciled without changing normative text.,exact per-ID ledger
KBDL-CMP-019,"Button, Icon Button, Toggle Button, Link, Button Group, Disclosure/Menu Trigger",exact per-ID ledger,KBDL-007,exact per-ID ledger,components-core.md#204-link,exact per-ID ledger,Approved,exact per-ID ledger,Confirmed,exact per-ID ledger,Not verified,exact per-ID ledger,None,exact per-ID ledger,Not verified,exact per-ID ledger,Approved (directly restates WCAG 2.2 SC 2.4.4),exact per-ID ledger,Manual review once implemented,exact per-ID ledger,Not verified — no implementation exists yet,exact per-ID ledger,Implementation-dependent,exact per-ID ledger,None — Approved,exact per-ID ledger,None,exact per-ID ledger,None,exact per-ID ledger,Readable group plus authoritative per-ID ledger; group values reconciled without changing normative text.,exact per-ID ledger
KBDL-CMP-020,"Button, Icon Button, Toggle Button, Link, Button Group, Disclosure/Menu Trigger",exact per-ID ledger,KBDL-007,exact per-ID ledger,components-core.md#205-button-group; components-core.md#35-kbdl-007-decision-packet,exact per-ID ledger,Recommended,exact per-ID ledger,Assumed,exact per-ID ledger,Not applicable,exact per-ID ledger,None,exact per-ID ledger,None,exact per-ID ledger,Recommended (new composition guidance),exact per-ID ledger,Project-owner review (not yet performed),exact per-ID ledger,Not verified — no implementation exists yet,exact per-ID ledger,Implementation-dependent,exact per-ID ledger,components-core.md — 35.2 Recommended Decisions — Ready for Approval — item 9,exact per-ID ledger,None,exact per-ID ledger,None,exact per-ID ledger,Readable group plus authoritative per-ID ledger; group values reconciled without changing normative text.,exact per-ID ledger
KBDL-CMP-021,"Button, Icon Button, Toggle Button, Link, Button Group, Disclosure/Menu Trigger",exact per-ID ledger,KBDL-007,exact per-ID ledger,components-core.md#206-disclosure-and-menu-triggers,exact per-ID ledger,Approved,exact per-ID ledger,Confirmed,exact per-ID ledger,Not verified,exact per-ID ledger,None,exact per-ID ledger,Not verified,exact per-ID ledger,Approved (directly restates the WAI-ARIA disclosure pattern),exact per-ID ledger,Manual keyboard review once implemented,exact per-ID ledger,Not verified — no implementation exists yet,exact per-ID ledger,Implementation-dependent,exact per-ID ledger,None — Approved,exact per-ID ledger,None,exact per-ID ledger,None,exact per-ID ledger,Readable group plus authoritative per-ID ledger; group values reconciled without changing normative text.,exact per-ID ledger
KBDL-CMP-022,"Shared field model; Text Input, Password Input, Search Field, Textarea, Select, Combobox, Checkbox, Radio Group, Switch, File Input, Field Group, Form Action Row; form validation and recovery",exact per-ID ledger,KBDL-007,exact per-ID ledger,components-core.md#21-form-architecture,exact per-ID ledger,Approved,exact per-ID ledger,Confirmed,exact per-ID ledger,Not verified,exact per-ID ledger,None,exact per-ID ledger,Not verified,exact per-ID ledger,"Approved (directly restates WCAG 2.2 SC 3.3.2, SC 1.3.5, SC 3.3.7)",exact per-ID ledger,Manual + automated static check once implemented,exact per-ID ledger,Not verified — no implementation exists yet,exact per-ID ledger,Implementation-dependent,exact per-ID ledger,None — Approved,exact per-ID ledger,None,exact per-ID ledger,None,exact per-ID ledger,Readable group plus authoritative per-ID ledger; group values reconciled without changing normative text.,exact per-ID ledger
KBDL-CMP-023,"Shared field model; Text Input, Password Input, Search Field, Textarea, Select, Combobox, Checkbox, Radio Group, Switch, File Input, Field Group, Form Action Row; form validation and recovery",exact per-ID ledger,KBDL-007,exact per-ID ledger,components-core.md#221-text-input,exact per-ID ledger,Approved,exact per-ID ledger,Confirmed,exact per-ID ledger,Not verified,exact per-ID ledger,None,exact per-ID ledger,Not verified,exact per-ID ledger,Project-owner-approved KBDL-007/008 implementation prompt; authoritative provenance: Confirmed,exact per-ID ledger,Manual review once implemented,exact per-ID ledger,Not verified — no implementation exists yet,exact per-ID ledger,Implementation-dependent,exact per-ID ledger,None — Approved,exact per-ID ledger,None,exact per-ID ledger,None,exact per-ID ledger,Readable group plus authoritative per-ID ledger; group values reconciled without changing normative text.,exact per-ID ledger
KBDL-CMP-024,"Shared field model; Text Input, Password Input, Search Field, Textarea, Select, Combobox, Checkbox, Radio Group, Switch, File Input, Field Group, Form Action Row; form validation and recovery",exact per-ID ledger,KBDL-007,exact per-ID ledger,components-core.md#222-password-input,exact per-ID ledger,Approved,exact per-ID ledger,Confirmed,exact per-ID ledger,Not verified,exact per-ID ledger,None,exact per-ID ledger,Not verified,exact per-ID ledger,Approved (directly restates WCAG 2.2 SC 3.3.8),exact per-ID ledger,Manual review once implemented,exact per-ID ledger,Not verified — no implementation exists yet,exact per-ID ledger,Implementation-dependent,exact per-ID ledger,None — Approved,exact per-ID ledger,None,exact per-ID ledger,None,exact per-ID ledger,Readable group plus authoritative per-ID ledger; group values reconciled without changing normative text.,exact per-ID ledger
KBDL-CMP-025,"Shared field model; Text Input, Password Input, Search Field, Textarea, Select, Combobox, Checkbox, Radio Group, Switch, File Input, Field Group, Form Action Row; form validation and recovery",exact per-ID ledger,KBDL-007,exact per-ID ledger,components-core.md#223-search-field,exact per-ID ledger,Recommended,exact per-ID ledger,Assumed,exact per-ID ledger,Not applicable,exact per-ID ledger,None,exact per-ID ledger,None,exact per-ID ledger,Recommended (new component taxonomy),exact per-ID ledger,Project-owner review (not yet performed),exact per-ID ledger,Not verified — no implementation exists yet,exact per-ID ledger,Implementation-dependent,exact per-ID ledger,components-core.md — 35.2 Recommended Decisions — Ready for Approval — item 4,exact per-ID ledger,None,exact per-ID ledger,None,exact per-ID ledger,Readable group plus authoritative per-ID ledger; group values reconciled without changing normative text.,exact per-ID ledger
KBDL-CMP-026,"Shared field model; Text Input, Password Input, Search Field, Textarea, Select, Combobox, Checkbox, Radio Group, Switch, File Input, Field Group, Form Action Row; form validation and recovery",exact per-ID ledger,KBDL-007,exact per-ID ledger,components-core.md#224-textarea,exact per-ID ledger,Approved,exact per-ID ledger,Confirmed,exact per-ID ledger,Not verified,exact per-ID ledger,None,exact per-ID ledger,Not verified,exact per-ID ledger,Project-owner-approved KBDL-007/008 implementation prompt; authoritative provenance: Confirmed,exact per-ID ledger,Manual review once implemented,exact per-ID ledger,Not verified — no implementation exists yet,exact per-ID ledger,Implementation-dependent,exact per-ID ledger,None — Approved,exact per-ID ledger,None,exact per-ID ledger,None,exact per-ID ledger,Readable group plus authoritative per-ID ledger; group values reconciled without changing normative text.,exact per-ID ledger
KBDL-CMP-027,"Shared field model; Text Input, Password Input, Search Field, Textarea, Select, Combobox, Checkbox, Radio Group, Switch, File Input, Field Group, Form Action Row; form validation and recovery",exact per-ID ledger,KBDL-007,exact per-ID ledger,components-core.md#225-select,exact per-ID ledger,Approved,exact per-ID ledger,Confirmed,exact per-ID ledger,Not verified,exact per-ID ledger,None,exact per-ID ledger,Not verified,exact per-ID ledger,Approved (directly restates native-semantics-first); project-owner-approved KBDL-007/008 implementation prompt,exact per-ID ledger,Manual review once implemented,exact per-ID ledger,Not verified — no implementation exists yet,exact per-ID ledger,Implementation-dependent,exact per-ID ledger,None — Approved,exact per-ID ledger,None,exact per-ID ledger,None,exact per-ID ledger,Readable group plus authoritative per-ID ledger; group values reconciled without changing normative text.,exact per-ID ledger
KBDL-CMP-028,"Shared field model; Text Input, Password Input, Search Field, Textarea, Select, Combobox, Checkbox, Radio Group, Switch, File Input, Field Group, Form Action Row; form validation and recovery",exact per-ID ledger,KBDL-007,exact per-ID ledger,components-core.md#226-combobox-boundary,exact per-ID ledger,Approved,exact per-ID ledger,Confirmed,exact per-ID ledger,Not verified,exact per-ID ledger,None,exact per-ID ledger,Not verified,exact per-ID ledger,Approved (directly restates WAI-ARIA/APG),exact per-ID ledger,Manual ARIA/keyboard review once implemented,exact per-ID ledger,Not verified — no implementation exists yet,exact per-ID ledger,Implementation-dependent,exact per-ID ledger,None — Approved,exact per-ID ledger,None,exact per-ID ledger,None,exact per-ID ledger,Readable group plus authoritative per-ID ledger; group values reconciled without changing normative text.,exact per-ID ledger
KBDL-CMP-029,"Shared field model; Text Input, Password Input, Search Field, Textarea, Select, Combobox, Checkbox, Radio Group, Switch, File Input, Field Group, Form Action Row; form validation and recovery",exact per-ID ledger,KBDL-007,exact per-ID ledger,components-core.md#226-combobox-boundary,exact per-ID ledger,Recommended,exact per-ID ledger,Assumed,exact per-ID ledger,Not applicable,exact per-ID ledger,None,exact per-ID ledger,None,exact per-ID ledger,Recommended (new threshold guidance),exact per-ID ledger,Project-owner review (not yet performed),exact per-ID ledger,Not verified — no implementation exists yet,exact per-ID ledger,Implementation-dependent,exact per-ID ledger,components-core.md — 35.2 Recommended Decisions — Ready for Approval — item 5,exact per-ID ledger,None,exact per-ID ledger,None,exact per-ID ledger,Readable group plus authoritative per-ID ledger; group values reconciled without changing normative text.,exact per-ID ledger
KBDL-CMP-030,"Shared field model; Text Input, Password Input, Search Field, Textarea, Select, Combobox, Checkbox, Radio Group, Switch, File Input, Field Group, Form Action Row; form validation and recovery",exact per-ID ledger,KBDL-007,exact per-ID ledger,components-core.md#227-checkbox,exact per-ID ledger,Approved,exact per-ID ledger,Confirmed,exact per-ID ledger,Not verified,exact per-ID ledger,None,exact per-ID ledger,Not verified,exact per-ID ledger,Project-owner-approved KBDL-007/008 implementation prompt; authoritative provenance: Confirmed,exact per-ID ledger,Manual review once implemented,exact per-ID ledger,Not verified — no implementation exists yet,exact per-ID ledger,Implementation-dependent,exact per-ID ledger,None — Approved,exact per-ID ledger,None,exact per-ID ledger,None,exact per-ID ledger,Readable group plus authoritative per-ID ledger; group values reconciled without changing normative text.,exact per-ID ledger
KBDL-CMP-031,"Shared field model; Text Input, Password Input, Search Field, Textarea, Select, Combobox, Checkbox, Radio Group, Switch, File Input, Field Group, Form Action Row; form validation and recovery",exact per-ID ledger,KBDL-007,exact per-ID ledger,components-core.md#228-radio-group,exact per-ID ledger,Approved,exact per-ID ledger,Confirmed,exact per-ID ledger,Not verified,exact per-ID ledger,None,exact per-ID ledger,Not verified,exact per-ID ledger,Project-owner-approved KBDL-007/008 implementation prompt; authoritative provenance: Confirmed,exact per-ID ledger,Manual review once implemented,exact per-ID ledger,Not verified — no implementation exists yet,exact per-ID ledger,Implementation-dependent,exact per-ID ledger,None — Approved,exact per-ID ledger,None,exact per-ID ledger,None,exact per-ID ledger,Readable group plus authoritative per-ID ledger; group values reconciled without changing normative text.,exact per-ID ledger
KBDL-CMP-032,"Shared field model; Text Input, Password Input, Search Field, Textarea, Select, Combobox, Checkbox, Radio Group, Switch, File Input, Field Group, Form Action Row; form validation and recovery",exact per-ID ledger,KBDL-007,exact per-ID ledger,components-core.md#229-switch,exact per-ID ledger,Approved,exact per-ID ledger,Confirmed,exact per-ID ledger,Not verified,exact per-ID ledger,None,exact per-ID ledger,Not verified,exact per-ID ledger,Approved (directly restates WAI-ARIA switch role),exact per-ID ledger,Manual review once implemented,exact per-ID ledger,Not verified — no implementation exists yet,exact per-ID ledger,Implementation-dependent,exact per-ID ledger,None — Approved,exact per-ID ledger,None,exact per-ID ledger,None,exact per-ID ledger,Readable group plus authoritative per-ID ledger; group values reconciled without changing normative text.,exact per-ID ledger
KBDL-CMP-033,"Shared field model; Text Input, Password Input, Search Field, Textarea, Select, Combobox, Checkbox, Radio Group, Switch, File Input, Field Group, Form Action Row; form validation and recovery",exact per-ID ledger,KBDL-007,exact per-ID ledger,components-core.md#2210-file-input,exact per-ID ledger,Approved,exact per-ID ledger,Confirmed,exact per-ID ledger,Not verified,exact per-ID ledger,None,exact per-ID ledger,Not verified,exact per-ID ledger,Project-owner-approved KBDL-007/008 implementation prompt; authoritative provenance: Confirmed,exact per-ID ledger,Manual review once implemented,exact per-ID ledger,Not verified — no implementation exists yet,exact per-ID ledger,Implementation-dependent,exact per-ID ledger,None — Approved,exact per-ID ledger,None,exact per-ID ledger,None,exact per-ID ledger,Readable group plus authoritative per-ID ledger; group values reconciled without changing normative text.,exact per-ID ledger
KBDL-CMP-034,"Shared field model; Text Input, Password Input, Search Field, Textarea, Select, Combobox, Checkbox, Radio Group, Switch, File Input, Field Group, Form Action Row; form validation and recovery",exact per-ID ledger,KBDL-007,exact per-ID ledger,components-core.md#2211-field-group,exact per-ID ledger,Approved,exact per-ID ledger,Confirmed,exact per-ID ledger,Not verified,exact per-ID ledger,None,exact per-ID ledger,Not verified,exact per-ID ledger,Project-owner-approved KBDL-007/008 implementation prompt; authoritative provenance: Confirmed,exact per-ID ledger,Manual review once implemented,exact per-ID ledger,Not verified — no implementation exists yet,exact per-ID ledger,Implementation-dependent,exact per-ID ledger,None — Approved,exact per-ID ledger,None,exact per-ID ledger,None,exact per-ID ledger,Readable group plus authoritative per-ID ledger; group values reconciled without changing normative text.,exact per-ID ledger
KBDL-CMP-035,"Shared field model; Text Input, Password Input, Search Field, Textarea, Select, Combobox, Checkbox, Radio Group, Switch, File Input, Field Group, Form Action Row; form validation and recovery",exact per-ID ledger,KBDL-007,exact per-ID ledger,components-core.md#2212-form-action-row,exact per-ID ledger,Approved,exact per-ID ledger,Confirmed,exact per-ID ledger,Not verified,exact per-ID ledger,None,exact per-ID ledger,Not verified,exact per-ID ledger,Approved (behavioral requirement); project-owner-approved KBDL-007/008 implementation prompt,exact per-ID ledger,Manual review once implemented,exact per-ID ledger,Not verified — no implementation exists yet,exact per-ID ledger,Implementation-dependent,exact per-ID ledger,None — Approved,exact per-ID ledger,None,exact per-ID ledger,None,exact per-ID ledger,Readable group plus authoritative per-ID ledger; group values reconciled without changing normative text.,exact per-ID ledger
KBDL-CMP-036,"Shared field model; Text Input, Password Input, Search Field, Textarea, Select, Combobox, Checkbox, Radio Group, Switch, File Input, Field Group, Form Action Row; form validation and recovery",exact per-ID ledger,KBDL-007,exact per-ID ledger,components-core.md#2212-form-action-row,exact per-ID ledger,Recommended,exact per-ID ledger,Assumed,exact per-ID ledger,Not applicable,exact per-ID ledger,None,exact per-ID ledger,None,exact per-ID ledger,Recommended (new component-level guidance),exact per-ID ledger,Project-owner review (not yet performed),exact per-ID ledger,Not verified — no implementation exists yet,exact per-ID ledger,Implementation-dependent,exact per-ID ledger,components-core.md — 35.2 Recommended Decisions — Ready for Approval — item 6,exact per-ID ledger,None,exact per-ID ledger,None,exact per-ID ledger,Readable group plus authoritative per-ID ledger; group values reconciled without changing normative text.,exact per-ID ledger
KBDL-CMP-037,"Shared field model; Text Input, Password Input, Search Field, Textarea, Select, Combobox, Checkbox, Radio Group, Switch, File Input, Field Group, Form Action Row; form validation and recovery",exact per-ID ledger,KBDL-007,exact per-ID ledger,components-core.md#23-form-validation-and-recovery,exact per-ID ledger,Approved,exact per-ID ledger,Confirmed,exact per-ID ledger,Not verified,exact per-ID ledger,None,exact per-ID ledger,Not verified,exact per-ID ledger,"Approved (directly restates WCAG 2.2 SC 3.3.1, SC 3.3.3, SC 3.3.4, SC 3.3.7, SC 4.1.3)",exact per-ID ledger,Manual review once implemented,exact per-ID ledger,Not verified — no implementation exists yet,exact per-ID ledger,Implementation-dependent,exact per-ID ledger,None — Approved,exact per-ID ledger,None,exact per-ID ledger,None,exact per-ID ledger,Readable group plus authoritative per-ID ledger; group values reconciled without changing normative text.,exact per-ID ledger
KBDL-CMP-038,"Skip Link, Navigation Link/List, Primary/Global Navigation, Local/Section Navigation, Breadcrumb, Tabs, Pagination, Back Link",exact per-ID ledger,KBDL-007,exact per-ID ledger,components-core.md#241-skip-link,exact per-ID ledger,Approved,exact per-ID ledger,Confirmed,exact per-ID ledger,Not verified,exact per-ID ledger,None,exact per-ID ledger,Not verified,exact per-ID ledger,Approved (directly restates WCAG 2.2 SC 2.4.1),exact per-ID ledger,Manual keyboard testing once implemented,exact per-ID ledger,Not verified — no implementation exists yet,exact per-ID ledger,KBDL-CMP-041 additionally depends on the unapproved KBDL-RSP-002/008 and cannot be approved independently of them,exact per-ID ledger,None — Approved,exact per-ID ledger,None,exact per-ID ledger,None,exact per-ID ledger,Readable group plus authoritative per-ID ledger; group values reconciled without changing normative text.,exact per-ID ledger
KBDL-CMP-039,"Skip Link, Navigation Link/List, Primary/Global Navigation, Local/Section Navigation, Breadcrumb, Tabs, Pagination, Back Link",exact per-ID ledger,KBDL-007,exact per-ID ledger,components-core.md#242-navigation-link-and-list,exact per-ID ledger,Approved,exact per-ID ledger,Confirmed,exact per-ID ledger,Not verified,exact per-ID ledger,None,exact per-ID ledger,Not verified,exact per-ID ledger,Project-owner-approved KBDL-007/008 implementation prompt; authoritative provenance: Confirmed,exact per-ID ledger,Manual review once implemented,exact per-ID ledger,Not verified — no implementation exists yet,exact per-ID ledger,KBDL-CMP-041 additionally depends on the unapproved KBDL-RSP-002/008 and cannot be approved independently of them,exact per-ID ledger,None — Approved,exact per-ID ledger,None,exact per-ID ledger,None,exact per-ID ledger,Readable group plus authoritative per-ID ledger; group values reconciled without changing normative text.,exact per-ID ledger
KBDL-CMP-040,"Skip Link, Navigation Link/List, Primary/Global Navigation, Local/Section Navigation, Breadcrumb, Tabs, Pagination, Back Link",exact per-ID ledger,KBDL-007,exact per-ID ledger,components-core.md#243-primary-or-global-navigation,exact per-ID ledger,Approved,exact per-ID ledger,Confirmed,exact per-ID ledger,Not verified,exact per-ID ledger,None,exact per-ID ledger,Not verified,exact per-ID ledger,Project-owner-approved KBDL-007/008 implementation prompt; authoritative provenance: Confirmed,exact per-ID ledger,Manual review once implemented,exact per-ID ledger,Not verified — no implementation exists yet,exact per-ID ledger,KBDL-CMP-041 additionally depends on the unapproved KBDL-RSP-002/008 and cannot be approved independently of them,exact per-ID ledger,None — Approved,exact per-ID ledger,None,exact per-ID ledger,None,exact per-ID ledger,Readable group plus authoritative per-ID ledger; group values reconciled without changing normative text.,exact per-ID ledger
KBDL-CMP-041,"Skip Link, Navigation Link/List, Primary/Global Navigation, Local/Section Navigation, Breadcrumb, Tabs, Pagination, Back Link",exact per-ID ledger,KBDL-007,exact per-ID ledger,components-core.md#243-primary-or-global-navigation,exact per-ID ledger,Recommended,exact per-ID ledger,Assumed,exact per-ID ledger,Not applicable,exact per-ID ledger,None,exact per-ID ledger,None,exact per-ID ledger,Recommended (depends on unapproved responsive values),exact per-ID ledger,Project-owner review (not yet performed),exact per-ID ledger,Not verified — no implementation exists yet,exact per-ID ledger,KBDL-CMP-041 additionally depends on the unapproved KBDL-RSP-002/008 and cannot be approved independently of them,exact per-ID ledger,components-core.md — §35.3 Unresolved or Not Approval-Ready — contingent item KBDL-CMP-041,exact per-ID ledger,None,exact per-ID ledger,None,exact per-ID ledger,Readable group plus authoritative per-ID ledger; group values reconciled without changing normative text.,exact per-ID ledger
KBDL-CMP-042,"Skip Link, Navigation Link/List, Primary/Global Navigation, Local/Section Navigation, Breadcrumb, Tabs, Pagination, Back Link",exact per-ID ledger,KBDL-007,exact per-ID ledger,components-core.md#244-local-or-section-navigation,exact per-ID ledger,Approved,exact per-ID ledger,Confirmed,exact per-ID ledger,Not verified,exact per-ID ledger,None,exact per-ID ledger,Not verified,exact per-ID ledger,Project-owner-approved KBDL-007/008 implementation prompt; authoritative provenance: Confirmed,exact per-ID ledger,Manual review once implemented,exact per-ID ledger,Not verified — no implementation exists yet,exact per-ID ledger,KBDL-CMP-041 additionally depends on the unapproved KBDL-RSP-002/008 and cannot be approved independently of them,exact per-ID ledger,None — Approved,exact per-ID ledger,None,exact per-ID ledger,None,exact per-ID ledger,Readable group plus authoritative per-ID ledger; group values reconciled without changing normative text.,exact per-ID ledger
KBDL-CMP-043,"Skip Link, Navigation Link/List, Primary/Global Navigation, Local/Section Navigation, Breadcrumb, Tabs, Pagination, Back Link",exact per-ID ledger,KBDL-007,exact per-ID ledger,components-core.md#245-breadcrumb,exact per-ID ledger,Approved,exact per-ID ledger,Confirmed,exact per-ID ledger,Not verified,exact per-ID ledger,None,exact per-ID ledger,Not verified,exact per-ID ledger,Project-owner-approved KBDL-007/008 implementation prompt; authoritative provenance: Confirmed,exact per-ID ledger,Manual review once implemented,exact per-ID ledger,Not verified — no implementation exists yet,exact per-ID ledger,KBDL-CMP-041 additionally depends on the unapproved KBDL-RSP-002/008 and cannot be approved independently of them,exact per-ID ledger,None — Approved,exact per-ID ledger,None,exact per-ID ledger,None,exact per-ID ledger,Readable group plus authoritative per-ID ledger; group values reconciled without changing normative text.,exact per-ID ledger
KBDL-CMP-044,"Skip Link, Navigation Link/List, Primary/Global Navigation, Local/Section Navigation, Breadcrumb, Tabs, Pagination, Back Link",exact per-ID ledger,KBDL-007,exact per-ID ledger,components-core.md#245-breadcrumb,exact per-ID ledger,Recommended,exact per-ID ledger,Assumed,exact per-ID ledger,Not applicable,exact per-ID ledger,None,exact per-ID ledger,None,exact per-ID ledger,Project-owner-approved KBDL-007/008 implementation prompt; authoritative provenance: Assumed,exact per-ID ledger,Project-owner review (not yet performed),exact per-ID ledger,Not verified — no implementation exists yet,exact per-ID ledger,KBDL-CMP-041 additionally depends on the unapproved KBDL-RSP-002/008 and cannot be approved independently of them,exact per-ID ledger,components-core.md — 35.2 Recommended Decisions — Ready for Approval — item 7,exact per-ID ledger,None,exact per-ID ledger,None,exact per-ID ledger,Readable group plus authoritative per-ID ledger; group values reconciled without changing normative text.,exact per-ID ledger
KBDL-CMP-045,"Skip Link, Navigation Link/List, Primary/Global Navigation, Local/Section Navigation, Breadcrumb, Tabs, Pagination, Back Link",exact per-ID ledger,KBDL-007,exact per-ID ledger,components-core.md#246-tabs,exact per-ID ledger,Approved,exact per-ID ledger,Confirmed,exact per-ID ledger,Not verified,exact per-ID ledger,None,exact per-ID ledger,Not verified,exact per-ID ledger,Approved (directly restates the WAI-ARIA tabs pattern),exact per-ID ledger,Manual keyboard/ARIA review once implemented,exact per-ID ledger,Not verified — no implementation exists yet,exact per-ID ledger,KBDL-CMP-041 additionally depends on the unapproved KBDL-RSP-002/008 and cannot be approved independently of them,exact per-ID ledger,None — Approved,exact per-ID ledger,None,exact per-ID ledger,None,exact per-ID ledger,Readable group plus authoritative per-ID ledger; group values reconciled without changing normative text.,exact per-ID ledger
KBDL-CMP-046,"Skip Link, Navigation Link/List, Primary/Global Navigation, Local/Section Navigation, Breadcrumb, Tabs, Pagination, Back Link",exact per-ID ledger,KBDL-007,exact per-ID ledger,components-core.md#246-tabs,exact per-ID ledger,Recommended,exact per-ID ledger,Assumed,exact per-ID ledger,Not applicable,exact per-ID ledger,None,exact per-ID ledger,None,exact per-ID ledger,Recommended (new component choice),exact per-ID ledger,Project-owner review (not yet performed),exact per-ID ledger,Not verified — no implementation exists yet,exact per-ID ledger,KBDL-CMP-041 additionally depends on the unapproved KBDL-RSP-002/008 and cannot be approved independently of them,exact per-ID ledger,components-core.md — 35.2 Recommended Decisions — Ready for Approval — item 2,exact per-ID ledger,None,exact per-ID ledger,None,exact per-ID ledger,Readable group plus authoritative per-ID ledger; group values reconciled without changing normative text.,exact per-ID ledger
KBDL-CMP-047,"Skip Link, Navigation Link/List, Primary/Global Navigation, Local/Section Navigation, Breadcrumb, Tabs, Pagination, Back Link",exact per-ID ledger,KBDL-007,exact per-ID ledger,components-core.md#247-pagination,exact per-ID ledger,Approved,exact per-ID ledger,Confirmed,exact per-ID ledger,Not verified,exact per-ID ledger,None,exact per-ID ledger,Not verified,exact per-ID ledger,Project-owner-approved KBDL-007/008 implementation prompt; authoritative provenance: Confirmed,exact per-ID ledger,Manual review once implemented,exact per-ID ledger,Not verified — no implementation exists yet,exact per-ID ledger,KBDL-CMP-041 additionally depends on the unapproved KBDL-RSP-002/008 and cannot be approved independently of them,exact per-ID ledger,None — Approved,exact per-ID ledger,None,exact per-ID ledger,None,exact per-ID ledger,Readable group plus authoritative per-ID ledger; group values reconciled without changing normative text.,exact per-ID ledger
KBDL-CMP-048,"Skip Link, Navigation Link/List, Primary/Global Navigation, Local/Section Navigation, Breadcrumb, Tabs, Pagination, Back Link",exact per-ID ledger,KBDL-007,exact per-ID ledger,components-core.md#247-pagination,exact per-ID ledger,Recommended,exact per-ID ledger,Assumed,exact per-ID ledger,Not applicable,exact per-ID ledger,None,exact per-ID ledger,None,exact per-ID ledger,Project-owner-approved KBDL-007/008 implementation prompt; authoritative provenance: Assumed,exact per-ID ledger,Project-owner review (not yet performed),exact per-ID ledger,Not verified — no implementation exists yet,exact per-ID ledger,KBDL-CMP-041 additionally depends on the unapproved KBDL-RSP-002/008 and cannot be approved independently of them,exact per-ID ledger,components-core.md — 35.2 Recommended Decisions — Ready for Approval — item 8,exact per-ID ledger,None,exact per-ID ledger,None,exact per-ID ledger,Readable group plus authoritative per-ID ledger; group values reconciled without changing normative text.,exact per-ID ledger
KBDL-CMP-049,"Skip Link, Navigation Link/List, Primary/Global Navigation, Local/Section Navigation, Breadcrumb, Tabs, Pagination, Back Link",exact per-ID ledger,KBDL-007,exact per-ID ledger,components-core.md#248-back-link,exact per-ID ledger,Approved,exact per-ID ledger,Confirmed,exact per-ID ledger,Not verified,exact per-ID ledger,None,exact per-ID ledger,Not verified,exact per-ID ledger,Project-owner-approved KBDL-007/008 implementation prompt; authoritative provenance: Confirmed,exact per-ID ledger,Manual review once implemented,exact per-ID ledger,Not verified — no implementation exists yet,exact per-ID ledger,KBDL-CMP-041 additionally depends on the unapproved KBDL-RSP-002/008 and cannot be approved independently of them,exact per-ID ledger,None — Approved,exact per-ID ledger,None,exact per-ID ledger,None,exact per-ID ledger,Readable group plus authoritative per-ID ledger; group values reconciled without changing normative text.,exact per-ID ledger
KBDL-CMP-050,Shared component contract; native-semantics-first rule; accessible naming; component state model; KBDL-008 scope boundary; focus/keyboard/pointer behavior; responsive/target-size/theme/foundation/motion mapping; cross-component composition; profile compatibility,exact per-ID ledger,KBDL-007,exact per-ID ledger,components-core.md#25-cross-component-composition-rules,exact per-ID ledger,Approved,exact per-ID ledger,Confirmed,exact per-ID ledger,Not applicable,exact per-ID ledger,None,exact per-ID ledger,None,exact per-ID ledger,Approved (restates the shared contract applied compositionally); project-owner-approved KBDL-007/008 implementation prompt,exact per-ID ledger,Manual composition review once implemented,exact per-ID ledger,Not verified — no implementation exists yet,exact per-ID ledger,Implementation-dependent; cannot be tested until real components exist,exact per-ID ledger,None — Approved,exact per-ID ledger,None,exact per-ID ledger,None,exact per-ID ledger,Readable group plus authoritative per-ID ledger; group values reconciled without changing normative text.,exact per-ID ledger
KBDL-CMP-051,Shared component contract; native-semantics-first rule; accessible naming; component state model; KBDL-008 scope boundary; focus/keyboard/pointer behavior; responsive/target-size/theme/foundation/motion mapping; cross-component composition; profile compatibility,exact per-ID ledger,KBDL-007,exact per-ID ledger,components-core.md#26-profile-compatibility,exact per-ID ledger,Approved,exact per-ID ledger,Confirmed,exact per-ID ledger,Not verified,exact per-ID ledger,None,exact per-ID ledger,Not verified,exact per-ID ledger,Approved (directly restates principles.md §9.4); project-owner-approved KBDL-007/008 implementation prompt,exact per-ID ledger,Manual cross-profile review once the project-profiles module is approved,exact per-ID ledger,Not verified — no implementation exists yet,exact per-ID ledger,Implementation-dependent; cannot be tested until real components exist,exact per-ID ledger,None — Approved,exact per-ID ledger,None,exact per-ID ledger,None,exact per-ID ledger,Readable group plus authoritative per-ID ledger; group values reconciled without changing normative text.,exact per-ID ledger
KBDL-CMP-052,"KBDL-007 ownership boundary; extended system-component contract; surface architecture; Container Surface, Panel, Card, Accordion, Static Data Table",exact per-ID ledger,KBDL-008,exact per-ID ledger,components-system.md#5-kbdl-007-ownership-boundary,exact per-ID ledger,Approved,exact per-ID ledger,Confirmed,exact per-ID ledger,Not applicable,exact per-ID ledger,None,exact per-ID ledger,None,exact per-ID ledger,"Approved (scope-control requirement, extends KBDL-CMP-005)",exact per-ID ledger,"Manual scope-compliance review (performed, see implementation report)",exact per-ID ledger,Not verified — no implementation exists yet,exact per-ID ledger,Implementation-dependent,exact per-ID ledger,None — Approved,exact per-ID ledger,None,exact per-ID ledger,None,exact per-ID ledger,Readable group plus authoritative per-ID ledger; group values reconciled without changing normative text.,exact per-ID ledger
KBDL-CMP-053,"KBDL-007 ownership boundary; extended system-component contract; surface architecture; Container Surface, Panel, Card, Accordion, Static Data Table",exact per-ID ledger,KBDL-008,exact per-ID ledger,components-system.md#8-surface-architecture,exact per-ID ledger,Approved,exact per-ID ledger,Confirmed,exact per-ID ledger,Not verified,exact per-ID ledger,None,exact per-ID ledger,Not verified,exact per-ID ledger,"Approved (extends the already-Approved native- semantics-first rule, KBDL-CMP-002, and the adopted ARIA 1.2 region role definition, to this module's surfaces)",exact per-ID ledger,Manual native-structure review once implemented,exact per-ID ledger,Not verified — no implementation exists yet,exact per-ID ledger,Implementation-dependent,exact per-ID ledger,None — Approved,exact per-ID ledger,None,exact per-ID ledger,None,exact per-ID ledger,Readable group plus authoritative per-ID ledger; group values reconciled without changing normative text.,exact per-ID ledger
KBDL-CMP-054,"KBDL-007 ownership boundary; extended system-component contract; surface architecture; Container Surface, Panel, Card, Accordion, Static Data Table",exact per-ID ledger,KBDL-008,exact per-ID ledger,components-system.md#91-container-surface; components-system.md#92-panel,exact per-ID ledger,Approved,exact per-ID ledger,Confirmed,exact per-ID ledger,Not verified,exact per-ID ledger,None,exact per-ID ledger,Not verified,exact per-ID ledger,Approved (restates ARIA 1.2's region role definition),exact per-ID ledger,"Manual semantic-structure review once implemented. ### 9.2 Panel A section-level grouping surface with an optional heading and description. Uses region semantics only when it is a significant, independently navigable section (per KBDL-CMP-054); otherwise remains neutral. Internal actions follow the KBDL-007 button/link contract unchanged. Composes with loading/empty/error states ([§15](#15-system-state-architecture)). Differs from Container Surface by optionally carrying section-level identity; differs from Dialog by never requiring modality or focus containment; differs from Card by never functioning as a summary/preview unit. ### 9.3 Card A summary or preview surface with heading/content hierarchy, an optional media relationship, and optional actions or a whole-card link",exact per-ID ledger,Not verified — no implementation exists yet,exact per-ID ledger,Implementation-dependent,exact per-ID ledger,None — Approved,exact per-ID ledger,None,exact per-ID ledger,None,exact per-ID ledger,Readable group plus authoritative per-ID ledger; group values reconciled without changing normative text.,exact per-ID ledger
KBDL-CMP-055,"KBDL-007 ownership boundary; extended system-component contract; surface architecture; Container Surface, Panel, Card, Accordion, Static Data Table",exact per-ID ledger,KBDL-008,exact per-ID ledger,components-system.md#93-card,exact per-ID ledger,Approved,exact per-ID ledger,Confirmed,exact per-ID ledger,Not verified,exact per-ID ledger,None,exact per-ID ledger,Not verified,exact per-ID ledger,"Approved (restates the native HTML prohibition on nested interactive elements and the already-Approved hover- independent-discoverability requirement, responsive.md §24); project-owner-approved KBDL-007/008 implementation prompt",exact per-ID ledger,"Manual DOM-structure and keyboard review once implemented. A card's selected or current state must not be communicated by color alone, per KBDL-CMP-004's already-Approved state-clarity rule, applied here without change. The exact card-variant taxonomy (media- forward, text-only, action-forward, and similar) is new KBDL-008 policy:",exact per-ID ledger,Not verified — no implementation exists yet,exact per-ID ledger,Implementation-dependent,exact per-ID ledger,None — Approved,exact per-ID ledger,None,exact per-ID ledger,None,exact per-ID ledger,Readable group plus authoritative per-ID ledger; group values reconciled without changing normative text.,exact per-ID ledger
KBDL-CMP-056,"Overlay architecture; Tooltip, Popover, Menu surface, Listbox popup, Dialog, Modal Dialog, Alert Dialog, Drawer/Sheet; overlay layering and nesting",exact per-ID ledger,KBDL-008,exact per-ID ledger,components-system.md#10-overlay-architecture,exact per-ID ledger,Approved,exact per-ID ledger,Confirmed,exact per-ID ledger,Not applicable,exact per-ID ledger,None,exact per-ID ledger,None,exact per-ID ledger,"Approved (dictated outcome of the already-adopted WCAG 2.2 focus, keyboard, and reading-order rules applied to layered content — a structural scope statement, not new policy)",exact per-ID ledger,"Manual scope-compliance review (performed, see implementation report)",exact per-ID ledger,Not verified — no implementation exists yet,exact per-ID ledger,KBDL-CMP-083 additionally notes that navigation-drawer use remains bound by the unapproved KBDL-CMP-041 (KBDL-007) regardless of this item's own approval,exact per-ID ledger,None — Approved,exact per-ID ledger,None,exact per-ID ledger,None,exact per-ID ledger,Readable group plus authoritative per-ID ledger; group values reconciled without changing normative text.,exact per-ID ledger
KBDL-CMP-057,"Overlay architecture; Tooltip, Popover, Menu surface, Listbox popup, Dialog, Modal Dialog, Alert Dialog, Drawer/Sheet; overlay layering and nesting",exact per-ID ledger,KBDL-008,exact per-ID ledger,components-system.md#10-overlay-architecture; components-system.md#112-popover-or-non-modal-dialog,exact per-ID ledger,Approved,exact per-ID ledger,Confirmed,exact per-ID ledger,Not verified,exact per-ID ledger,None,exact per-ID ledger,Not verified,exact per-ID ledger,"Approved (restates the already-adopted WCAG 2.2 SC 2.1.1 Keyboard and SC 2.1.2 No Keyboard Trap, and the already- Approved KBDL-007 keyboard contract, KBDL-CMP-007, applied explicitly to non-modal overlays)",exact per-ID ledger,Manual keyboard-trap review once implemented,exact per-ID ledger,Not verified — no implementation exists yet,exact per-ID ledger,KBDL-CMP-083 additionally notes that navigation-drawer use remains bound by the unapproved KBDL-CMP-041 (KBDL-007) regardless of this item's own approval,exact per-ID ledger,None — Approved,exact per-ID ledger,None,exact per-ID ledger,None,exact per-ID ledger,Readable group plus authoritative per-ID ledger; group values reconciled without changing normative text.,exact per-ID ledger
KBDL-CMP-058,"Overlay architecture; Tooltip, Popover, Menu surface, Listbox popup, Dialog, Modal Dialog, Alert Dialog, Drawer/Sheet; overlay layering and nesting",exact per-ID ledger,KBDL-008,exact per-ID ledger,components-system.md#10-overlay-architecture; components-system.md#20-focus-and-modality,exact per-ID ledger,Approved,exact per-ID ledger,Confirmed,exact per-ID ledger,Not verified,exact per-ID ledger,None,exact per-ID ledger,Not verified,exact per-ID ledger,Approved (dictated outcome of the already-adopted WCAG 2.2 SC 2.4.3 Focus Order — an unset focus target would violate the requirement that focus order remain determinable),exact per-ID ledger,Manual focus-restoration review once implemented,exact per-ID ledger,Not verified — no implementation exists yet,exact per-ID ledger,KBDL-CMP-083 additionally notes that navigation-drawer use remains bound by the unapproved KBDL-CMP-041 (KBDL-007) regardless of this item's own approval,exact per-ID ledger,None — Approved,exact per-ID ledger,None,exact per-ID ledger,None,exact per-ID ledger,Readable group plus authoritative per-ID ledger; group values reconciled without changing normative text.,exact per-ID ledger
KBDL-CMP-059,"Overlay architecture; Tooltip, Popover, Menu surface, Listbox popup, Dialog, Modal Dialog, Alert Dialog, Drawer/Sheet; overlay layering and nesting",exact per-ID ledger,KBDL-008,exact per-ID ledger,components-system.md#10-overlay-architecture; components-system.md#21-dismissal-and-persistence,exact per-ID ledger,Approved,exact per-ID ledger,Confirmed,exact per-ID ledger,Not verified,exact per-ID ledger,None,exact per-ID ledger,Not verified,exact per-ID ledger,"Approved (restates the already-adopted WCAG 2.2 SC 2.2.1 Timing Adjustable, extended to this module's dismissible surfaces generally, beyond the Toast-specific case in KBDL-CMP-090)",exact per-ID ledger,Manual content-persistence review once implemented,exact per-ID ledger,Not verified — no implementation exists yet,exact per-ID ledger,KBDL-CMP-083 additionally notes that navigation-drawer use remains bound by the unapproved KBDL-CMP-041 (KBDL-007) regardless of this item's own approval,exact per-ID ledger,None — Approved,exact per-ID ledger,None,exact per-ID ledger,None,exact per-ID ledger,Readable group plus authoritative per-ID ledger; group values reconciled without changing normative text.,exact per-ID ledger
KBDL-CMP-060,"Overlay architecture; Tooltip, Popover, Menu surface, Listbox popup, Dialog, Modal Dialog, Alert Dialog, Drawer/Sheet; overlay layering and nesting",exact per-ID ledger,KBDL-008,exact per-ID ledger,components-system.md#10-overlay-architecture; components-system.md#31-theme-and-motion-validation-matrix,exact per-ID ledger,Approved,exact per-ID ledger,Confirmed,exact per-ID ledger,Not verified,exact per-ID ledger,None,exact per-ID ledger,Not verified,exact per-ID ledger,"Approved (restates the already-Approved motion- parity rule, motion/accessibility-performance.md §1); project-owner-approved KBDL-007/008 implementation prompt",exact per-ID ledger,Manual reduced/no-motion parity review once implemented,exact per-ID ledger,Not verified — no implementation exists yet,exact per-ID ledger,KBDL-CMP-083 additionally notes that navigation-drawer use remains bound by the unapproved KBDL-CMP-041 (KBDL-007) regardless of this item's own approval,exact per-ID ledger,None — Approved,exact per-ID ledger,None,exact per-ID ledger,None,exact per-ID ledger,Readable group plus authoritative per-ID ledger; group values reconciled without changing normative text.,exact per-ID ledger
KBDL-CMP-061,"Feedback architecture; Inline Feedback, Alert, Banner, Toast/Snackbar, Status Region/Log, Badge, Progress Indicator, Meter, Skeleton",exact per-ID ledger,KBDL-008,exact per-ID ledger,components-system.md#13-feedback-architecture; components-system.md#15-system-state-architecture,exact per-ID ledger,Approved,exact per-ID ledger,Confirmed,exact per-ID ledger,Not verified,exact per-ID ledger,None,exact per-ID ledger,Not verified,exact per-ID ledger,"Approved (restates the locked component-state- clarity rule, principles.md §5.1, and KBDL-CMP-004, applied explicitly to the states this document introduces)",exact per-ID ledger,"Manual color-independence review once implemented. Feedback components are further distinguished by persistence (transient versus persistent), interruption level, and recovery-action relationship, documented per component below",exact per-ID ledger,Not verified — no implementation exists yet,exact per-ID ledger,Implementation-dependent,exact per-ID ledger,None — Approved,exact per-ID ledger,None,exact per-ID ledger,None,exact per-ID ledger,Readable group plus authoritative per-ID ledger; group values reconciled without changing normative text.,exact per-ID ledger
KBDL-CMP-062,"KBDL-007 ownership boundary; extended system-component contract; surface architecture; Container Surface, Panel, Card, Accordion, Static Data Table",exact per-ID ledger,KBDL-008,exact per-ID ledger,components-system.md#8-surface-architecture; components-system.md#17-complex-presentation-architecture,exact per-ID ledger,Approved,exact per-ID ledger,Confirmed,exact per-ID ledger,Not verified,exact per-ID ledger,None,exact per-ID ledger,Not verified,exact per-ID ledger,"Approved (restates KBDL-CMP-053/002 as an explicit prohibition, distinguishing the general preference from the specific misuse it forbids)",exact per-ID ledger,Manual role-use review once implemented,exact per-ID ledger,Not verified — no implementation exists yet,exact per-ID ledger,Implementation-dependent,exact per-ID ledger,None — Approved,exact per-ID ledger,None,exact per-ID ledger,None,exact per-ID ledger,Readable group plus authoritative per-ID ledger; group values reconciled without changing normative text.,exact per-ID ledger
KBDL-CMP-063,"System-state architecture; Loading, Empty, No-Results, Error, Offline/Reconnecting, Permission Denied, Not Found, Maintenance/Degraded, System Status; complex-presentation architecture; Interactive Grid, Tree/Treegrid, Carousel, Data Visualization; responsive transformation policy; security/privacy and profile-compatibility baselines",exact per-ID ledger,KBDL-008,exact per-ID ledger,components-system.md#23-security-and-privacy,exact per-ID ledger,Approved,exact per-ID ledger,Confirmed,exact per-ID ledger,Not verified,exact per-ID ledger,None,exact per-ID ledger,Not verified,exact per-ID ledger,"Approved (restates the already-Approved correctness/safety priority, principles.md §4 item 1, as a general baseline; KBDL-CMP-103 states its Offline/ Reconnecting-specific application)",exact per-ID ledger,Manual claim-accuracy review once implemented,exact per-ID ledger,Not verified — no implementation exists yet,exact per-ID ledger,KBDL-CMP-105 additionally cites the unapproved KBDL-RSP-011 as related context; KBDL-CMP-111 additionally depends on the eventual KBDL-RSP-002 value for its exact trigger point,exact per-ID ledger,None — Approved,exact per-ID ledger,None,exact per-ID ledger,None,exact per-ID ledger,Readable group plus authoritative per-ID ledger; group values reconciled without changing normative text.,exact per-ID ledger
KBDL-CMP-064,"System-state architecture; Loading, Empty, No-Results, Error, Offline/Reconnecting, Permission Denied, Not Found, Maintenance/Degraded, System Status; complex-presentation architecture; Interactive Grid, Tree/Treegrid, Carousel, Data Visualization; responsive transformation policy; security/privacy and profile-compatibility baselines",exact per-ID ledger,KBDL-008,exact per-ID ledger,components-system.md#23-security-and-privacy,exact per-ID ledger,Approved,exact per-ID ledger,Confirmed,exact per-ID ledger,Not verified,exact per-ID ledger,None,exact per-ID ledger,Not verified,exact per-ID ledger,Approved (extends the existing KBDL security principle already established in components-core.md §37 as a general baseline; KBDL-CMP-101 and KBDL-CMP-104 state its Error-State- and Permission/Not-Found-specific applications),exact per-ID ledger,Manual content review once implemented,exact per-ID ledger,Not verified — no implementation exists yet,exact per-ID ledger,KBDL-CMP-105 additionally cites the unapproved KBDL-RSP-011 as related context; KBDL-CMP-111 additionally depends on the eventual KBDL-RSP-002 value for its exact trigger point,exact per-ID ledger,None — Approved,exact per-ID ledger,None,exact per-ID ledger,None,exact per-ID ledger,Readable group plus authoritative per-ID ledger; group values reconciled without changing normative text.,exact per-ID ledger
KBDL-CMP-065,"KBDL-007 ownership boundary; extended system-component contract; surface architecture; Container Surface, Panel, Card, Accordion, Static Data Table",exact per-ID ledger,KBDL-008,exact per-ID ledger,components-system.md#7-extended-system-component-contract,exact per-ID ledger,Approved,exact per-ID ledger,Confirmed,exact per-ID ledger,Not verified,exact per-ID ledger,None,exact per-ID ledger,Not verified,exact per-ID ledger,"Approved (extends the already-Approved KBDL-007 accessible-naming requirement, KBDL-CMP-003, to this module)",exact per-ID ledger,Manual accessible-name review once implemented,exact per-ID ledger,Not verified — no implementation exists yet,exact per-ID ledger,Implementation-dependent,exact per-ID ledger,None — Approved,exact per-ID ledger,None,exact per-ID ledger,None,exact per-ID ledger,Readable group plus authoritative per-ID ledger; group values reconciled without changing normative text.,exact per-ID ledger
KBDL-CMP-066,"System-state architecture; Loading, Empty, No-Results, Error, Offline/Reconnecting, Permission Denied, Not Found, Maintenance/Degraded, System Status; complex-presentation architecture; Interactive Grid, Tree/Treegrid, Carousel, Data Visualization; responsive transformation policy; security/privacy and profile-compatibility baselines",exact per-ID ledger,KBDL-008,exact per-ID ledger,components-system.md#24-cross-component-composition-and-profile-compatibility,exact per-ID ledger,Approved,exact per-ID ledger,Confirmed,exact per-ID ledger,Not verified,exact per-ID ledger,None,exact per-ID ledger,Not verified,exact per-ID ledger,"Approved (restates the already-Approved KBDL-007 profile-consistency requirement, KBDL-CMP-051, applied to this module)",exact per-ID ledger,Manual cross-profile consistency review once implemented,exact per-ID ledger,Not verified — no implementation exists yet,exact per-ID ledger,KBDL-CMP-105 additionally cites the unapproved KBDL-RSP-011 as related context; KBDL-CMP-111 additionally depends on the eventual KBDL-RSP-002 value for its exact trigger point,exact per-ID ledger,None — Approved,exact per-ID ledger,None,exact per-ID ledger,None,exact per-ID ledger,Readable group plus authoritative per-ID ledger; group values reconciled without changing normative text.,exact per-ID ledger
KBDL-CMP-067,"KBDL-007 ownership boundary; extended system-component contract; surface architecture; Container Surface, Panel, Card, Accordion, Static Data Table",exact per-ID ledger,KBDL-008,exact per-ID ledger,components-system.md#93-card; components-system.md#33-kbdl-008-decision-packet,exact per-ID ledger,Recommended,exact per-ID ledger,Assumed,exact per-ID ledger,Not applicable,exact per-ID ledger,None,exact per-ID ledger,None,exact per-ID ledger,Recommended (new component-level taxonomy),exact per-ID ledger,"Project-owner review (not yet performed). ### 9.4 Accordion Surface Preserves the KBDL-007 disclosure-trigger contract (KBDL-CMP-021-adjacent trigger semantics) unchanged. An accordion item pairs one disclosure trigger with one panel, associated via aria-controls/aria-labelledby per the adopted ARIA disclosure pattern",exact per-ID ledger,Not verified — no implementation exists yet,exact per-ID ledger,Implementation-dependent,exact per-ID ledger,components-system.md — 33.2 Recommended Decisions — Ready for Approval — item 1,exact per-ID ledger,None,exact per-ID ledger,None,exact per-ID ledger,Readable group plus authoritative per-ID ledger; group values reconciled without changing normative text.,exact per-ID ledger
KBDL-CMP-068,"KBDL-007 ownership boundary; extended system-component contract; surface architecture; Container Surface, Panel, Card, Accordion, Static Data Table",exact per-ID ledger,KBDL-008,exact per-ID ledger,components-system.md#94-accordion-surface,exact per-ID ledger,Approved,exact per-ID ledger,Confirmed,exact per-ID ledger,Not verified,exact per-ID ledger,None,exact per-ID ledger,Not verified,exact per-ID ledger,Approved (restates the adopted ARIA disclosure pattern's role/state definitions and the already-Approved KBDL-007 disclosure-trigger contract),exact per-ID ledger,Manual ARIA-relationship review once implemented. Whether an accordion permits multiple simultaneously open panels or restricts to one is new policy:,exact per-ID ledger,Not verified — no implementation exists yet,exact per-ID ledger,Implementation-dependent,exact per-ID ledger,None — Approved,exact per-ID ledger,None,exact per-ID ledger,None,exact per-ID ledger,Readable group plus authoritative per-ID ledger; group values reconciled without changing normative text.,exact per-ID ledger
KBDL-CMP-069,"KBDL-007 ownership boundary; extended system-component contract; surface architecture; Container Surface, Panel, Card, Accordion, Static Data Table",exact per-ID ledger,KBDL-008,exact per-ID ledger,components-system.md#94-accordion-surface; components-system.md#33-kbdl-008-decision-packet,exact per-ID ledger,Recommended,exact per-ID ledger,Assumed,exact per-ID ledger,Not applicable,exact per-ID ledger,None,exact per-ID ledger,None,exact per-ID ledger,Recommended (new component-level policy),exact per-ID ledger,Project-owner review (not yet performed). ### 9.5 Static Data Table,exact per-ID ledger,Not verified — no implementation exists yet,exact per-ID ledger,Implementation-dependent,exact per-ID ledger,components-system.md — 33.2 Recommended Decisions — Ready for Approval — item 2,exact per-ID ledger,None,exact per-ID ledger,None,exact per-ID ledger,Readable group plus authoritative per-ID ledger; group values reconciled without changing normative text.,exact per-ID ledger
KBDL-CMP-070,"KBDL-007 ownership boundary; extended system-component contract; surface architecture; Container Surface, Panel, Card, Accordion, Static Data Table",exact per-ID ledger,KBDL-008,exact per-ID ledger,components-system.md#95-static-data-table; components-system.md#181-interactive-grid,exact per-ID ledger,Approved,exact per-ID ledger,Confirmed,exact per-ID ledger,Not verified,exact per-ID ledger,None,exact per-ID ledger,Not verified,exact per-ID ledger,"Approved (restates the already-adopted WCAG 2.2 SC 1.3.1 Info and Relationships and the native-semantics-first rule, KBDL-CMP-002)",exact per-ID ledger,"Manual semantic-structure review once implemented. Responsive behavior for wide tables (horizontal scroll, reflow, or an alternate presentation such as a card transformation) is addressed in [§33](#33-kbdl-008-decision-packet) item 17. This document does not silently adopt the unapproved KBDL-RSP-011 data-dense transformation strategy as authority; RSP-011 is cited only as related, unapproved context (see [§35](#35-kbdl-006-approval-boundary-audit))",exact per-ID ledger,Not verified — no implementation exists yet,exact per-ID ledger,Implementation-dependent,exact per-ID ledger,None — Approved,exact per-ID ledger,None,exact per-ID ledger,None,exact per-ID ledger,Readable group plus authoritative per-ID ledger; group values reconciled without changing normative text.,exact per-ID ledger
KBDL-CMP-071,"Overlay architecture; Tooltip, Popover, Menu surface, Listbox popup, Dialog, Modal Dialog, Alert Dialog, Drawer/Sheet; overlay layering and nesting",exact per-ID ledger,KBDL-008,exact per-ID ledger,components-system.md#10-overlay-architecture; components-system.md#115-dialog; components-system.md#116-modal-dialog,exact per-ID ledger,Approved,exact per-ID ledger,Confirmed,exact per-ID ledger,Not verified,exact per-ID ledger,None,exact per-ID ledger,Not verified,exact per-ID ledger,"the adopted WAI-ARIA 1.2 aria-modal property definition, which specifies that assistive technology should restrict its reading and navigation to the modal element while it is active, directly requires background content to be excluded from that navigation — this is the primary source for ""unreachable by ... screen-reader virtual cursor."" The already-adopted WCAG 2.2 SC 2.4.3 Focus Order and SC 2.4.11 Focus Not Obscured support, but do not by themselves fully dictate, this outcome for pointer/sequential-navigation reachability. The approved KBDL-008 prompt's Overlay Architecture section explicitly requires ""Background inertness"" as a mandatory field for every modal overlay, which is the source for treating this as a complete, single normative rule rather than an inference from the standards alone",exact per-ID ledger,Manual focus-containment review once implemented,exact per-ID ledger,Not verified — no implementation exists yet,exact per-ID ledger,KBDL-CMP-083 additionally notes that navigation-drawer use remains bound by the unapproved KBDL-CMP-041 (KBDL-007) regardless of this item's own approval,exact per-ID ledger,None — Approved,exact per-ID ledger,None,exact per-ID ledger,None,exact per-ID ledger,Readable group plus authoritative per-ID ledger; group values reconciled without changing normative text.,exact per-ID ledger
KBDL-CMP-072,"Overlay architecture; Tooltip, Popover, Menu surface, Listbox popup, Dialog, Modal Dialog, Alert Dialog, Drawer/Sheet; overlay layering and nesting",exact per-ID ledger,KBDL-008,exact per-ID ledger,components-system.md#111-tooltip,exact per-ID ledger,Approved,exact per-ID ledger,Confirmed,exact per-ID ledger,Not verified,exact per-ID ledger,None,exact per-ID ledger,Not verified,exact per-ID ledger,"""dismissible via Escape"" and ""remains visible while the trigger has hover or focus"" restate the already-adopted WCAG 2.2 SC 1.4.13 Content on Hover or Focus, which dictates exactly these three properties (dismissible, hoverable, persistent). ""Must never be the sole source of its trigger's accessible name"" restates the already- Approved KBDL-007 accessible-naming requirement, KBDL-CMP-003, and the adopted WCAG 2.2 SC 4.1.2 Name, Role, Value — not SC 1.4.13, which does not address naming. ""Contains only non- interactive text"" and ""leaves focus on its trigger"" are not dictated by SC 1.4.13 or the WAI-ARIA tooltip role definition alone (the ARIA 1.2 spec describes tooltip as advisory but does not itself prohibit interactive descendants); these two clauses are normative because the approved KBDL-008 prompt explicitly requires ""Informational, non-interactive purpose"" and ""Interactive-content prohibition"" as mandatory Tooltip fields. This requirement does not treat the APG tooltip pattern (explicitly non-consensus, see §4) as a source for any clause",exact per-ID ledger,"Manual hover/focus and accessible-name review once implemented. A tooltip containing controls must instead use Popover ([§11.2](#112-popover-or-non-modal-dialog)) or Menu ([§11.3](#113-menu-surface)) semantics, never a tooltip role",exact per-ID ledger,Not verified — no implementation exists yet,exact per-ID ledger,KBDL-CMP-083 additionally notes that navigation-drawer use remains bound by the unapproved KBDL-CMP-041 (KBDL-007) regardless of this item's own approval,exact per-ID ledger,None — Approved,exact per-ID ledger,None,exact per-ID ledger,None,exact per-ID ledger,Readable group plus authoritative per-ID ledger; group values reconciled without changing normative text.,exact per-ID ledger
KBDL-CMP-073,"Overlay architecture; Tooltip, Popover, Menu surface, Listbox popup, Dialog, Modal Dialog, Alert Dialog, Drawer/Sheet; overlay layering and nesting",exact per-ID ledger,KBDL-008,exact per-ID ledger,components-system.md#111-tooltip; components-system.md#33-kbdl-008-decision-packet,exact per-ID ledger,Recommended,exact per-ID ledger,Assumed,exact per-ID ledger,Not applicable,exact per-ID ledger,None,exact per-ID ledger,None,exact per-ID ledger,"Recommended (new KBDL-specific timing/placement policy, not dictated by the non-consensus APG tooltip pattern)",exact per-ID ledger,"Project-owner review (not yet performed). ### 11.2 Popover or Non-Modal Dialog Supplemental interactive content anchored to a trigger, non-modal: focus is not contained, Tab moves normally between the popover and the rest of the page, Escape closes it and returns focus to the trigger, and an outside pointer interaction closes it by default. Differs from Tooltip (interactive content permitted), Menu (arbitrary interactive content rather than a fixed command/choice list), and Modal Dialog (no focus containment)",exact per-ID ledger,Not verified — no implementation exists yet,exact per-ID ledger,KBDL-CMP-083 additionally notes that navigation-drawer use remains bound by the unapproved KBDL-CMP-041 (KBDL-007) regardless of this item's own approval,exact per-ID ledger,components-system.md — 33.2 Recommended Decisions — Ready for Approval — item 3,exact per-ID ledger,None,exact per-ID ledger,None,exact per-ID ledger,Readable group plus authoritative per-ID ledger; group values reconciled without changing normative text.,exact per-ID ledger
KBDL-CMP-074,"Overlay architecture; Tooltip, Popover, Menu surface, Listbox popup, Dialog, Modal Dialog, Alert Dialog, Drawer/Sheet; overlay layering and nesting",exact per-ID ledger,KBDL-008,exact per-ID ledger,components-system.md#112-popover-or-non-modal-dialog; components-system.md#33-kbdl-008-decision-packet,exact per-ID ledger,Recommended,exact per-ID ledger,Assumed,exact per-ID ledger,Not applicable,exact per-ID ledger,None,exact per-ID ledger,None,exact per-ID ledger,Recommended (new component-level taxonomy and dismissal policy),exact per-ID ledger,Project-owner review (not yet performed). ### 11.3 Menu Surface Preserves the KBDL-007 menu-button trigger contract (KBDL-CMP-021-adjacent) unchanged,exact per-ID ledger,Not verified — no implementation exists yet,exact per-ID ledger,KBDL-CMP-083 additionally notes that navigation-drawer use remains bound by the unapproved KBDL-CMP-041 (KBDL-007) regardless of this item's own approval,exact per-ID ledger,components-system.md — 33.2 Recommended Decisions — Ready for Approval — item 4,exact per-ID ledger,None,exact per-ID ledger,None,exact per-ID ledger,Readable group plus authoritative per-ID ledger; group values reconciled without changing normative text.,exact per-ID ledger
KBDL-CMP-075,"Overlay architecture; Tooltip, Popover, Menu surface, Listbox popup, Dialog, Modal Dialog, Alert Dialog, Drawer/Sheet; overlay layering and nesting",exact per-ID ledger,KBDL-008,exact per-ID ledger,components-system.md#113-menu-surface,exact per-ID ledger,Approved,exact per-ID ledger,Confirmed,exact per-ID ledger,Not verified,exact per-ID ledger,None,exact per-ID ledger,Not verified,exact per-ID ledger,Approved (restates the adopted WAI-ARIA 1.2 menu role definitions and the already-Approved KBDL-007 trigger contract),exact per-ID ledger,"Manual ARIA-relationship review once implemented. Menu semantics are used only for menu-like command or choice behavior, never merely for visual dropdown navigation when ordinary links and lists provide correct semantics. The exact interaction model (type- ahead, submenu behavior, closing specifics) is new policy:",exact per-ID ledger,Not verified — no implementation exists yet,exact per-ID ledger,KBDL-CMP-083 additionally notes that navigation-drawer use remains bound by the unapproved KBDL-CMP-041 (KBDL-007) regardless of this item's own approval,exact per-ID ledger,None — Approved,exact per-ID ledger,None,exact per-ID ledger,None,exact per-ID ledger,Readable group plus authoritative per-ID ledger; group values reconciled without changing normative text.,exact per-ID ledger
KBDL-CMP-076,"Overlay architecture; Tooltip, Popover, Menu surface, Listbox popup, Dialog, Modal Dialog, Alert Dialog, Drawer/Sheet; overlay layering and nesting",exact per-ID ledger,KBDL-008,exact per-ID ledger,components-system.md#113-menu-surface; components-system.md#33-kbdl-008-decision-packet,exact per-ID ledger,Recommended,exact per-ID ledger,Assumed,exact per-ID ledger,Not applicable,exact per-ID ledger,None,exact per-ID ledger,None,exact per-ID ledger,Recommended (new component-level interaction policy; the underlying APG menu pattern is not automatically Approved),exact per-ID ledger,"Project-owner review (not yet performed). ### 11.4 Listbox Popup Preserves the KBDL-007 combobox input, value, and active-option relationship unchanged",exact per-ID ledger,Not verified — no implementation exists yet,exact per-ID ledger,KBDL-CMP-083 additionally notes that navigation-drawer use remains bound by the unapproved KBDL-CMP-041 (KBDL-007) regardless of this item's own approval,exact per-ID ledger,components-system.md — 33.2 Recommended Decisions — Ready for Approval — item 5,exact per-ID ledger,None,exact per-ID ledger,None,exact per-ID ledger,Readable group plus authoritative per-ID ledger; group values reconciled without changing normative text.,exact per-ID ledger
KBDL-CMP-077,"Overlay architecture; Tooltip, Popover, Menu surface, Listbox popup, Dialog, Modal Dialog, Alert Dialog, Drawer/Sheet; overlay layering and nesting",exact per-ID ledger,KBDL-008,exact per-ID ledger,components-system.md#114-listbox-popup,exact per-ID ledger,Approved,exact per-ID ledger,Confirmed,exact per-ID ledger,Not verified,exact per-ID ledger,None,exact per-ID ledger,Not verified,exact per-ID ledger,Approved (restates the adopted WAI-ARIA 1.2 listbox role definitions and the already-Approved KBDL-007 combobox contract),exact per-ID ledger,Manual ARIA-relationship review once implemented. ### 11.5 Dialog A viewport-level or anchored surface with an accessible name (via aria-labelledby) and optional description (via aria-describedby),exact per-ID ledger,Not verified — no implementation exists yet,exact per-ID ledger,KBDL-CMP-083 additionally notes that navigation-drawer use remains bound by the unapproved KBDL-CMP-041 (KBDL-007) regardless of this item's own approval,exact per-ID ledger,None — Approved,exact per-ID ledger,None,exact per-ID ledger,None,exact per-ID ledger,Readable group plus authoritative per-ID ledger; group values reconciled without changing normative text.,exact per-ID ledger
KBDL-CMP-078,"Overlay architecture; Tooltip, Popover, Menu surface, Listbox popup, Dialog, Modal Dialog, Alert Dialog, Drawer/Sheet; overlay layering and nesting",exact per-ID ledger,KBDL-008,exact per-ID ledger,components-system.md#115-dialog,exact per-ID ledger,Approved,exact per-ID ledger,Confirmed,exact per-ID ledger,Not verified,exact per-ID ledger,None,exact per-ID ledger,Not verified,exact per-ID ledger,"Approved (restates the already-adopted WCAG 2.2 SC 4.1.2 Name, Role, Value and SC 2.1.1 Keyboard)",exact per-ID ledger,Manual accessible-name and keyboard review once implemented. ### 11.6 Modal Dialog,exact per-ID ledger,Not verified — no implementation exists yet,exact per-ID ledger,KBDL-CMP-083 additionally notes that navigation-drawer use remains bound by the unapproved KBDL-CMP-041 (KBDL-007) regardless of this item's own approval,exact per-ID ledger,None — Approved,exact per-ID ledger,None,exact per-ID ledger,None,exact per-ID ledger,Readable group plus authoritative per-ID ledger; group values reconciled without changing normative text.,exact per-ID ledger
KBDL-CMP-079,"Overlay architecture; Tooltip, Popover, Menu surface, Listbox popup, Dialog, Modal Dialog, Alert Dialog, Drawer/Sheet; overlay layering and nesting",exact per-ID ledger,KBDL-008,exact per-ID ledger,components-system.md#116-modal-dialog,exact per-ID ledger,Approved,exact per-ID ledger,Confirmed,exact per-ID ledger,Not verified,exact per-ID ledger,None,exact per-ID ledger,Not verified,exact per-ID ledger,"Approved (restates KBDL-CMP-071 and the already-adopted WCAG 2.2 SC 2.1.2 No Keyboard Trap, applied to the definition of modality itself — this is the ""modal integrity"" rule)",exact per-ID ledger,"Manual modality-compliance review once implemented. Exact modal sizing, placement, and nested-modal policy are new decisions:",exact per-ID ledger,Not verified — no implementation exists yet,exact per-ID ledger,KBDL-CMP-083 additionally notes that navigation-drawer use remains bound by the unapproved KBDL-CMP-041 (KBDL-007) regardless of this item's own approval,exact per-ID ledger,None — Approved,exact per-ID ledger,None,exact per-ID ledger,None,exact per-ID ledger,Readable group plus authoritative per-ID ledger; group values reconciled without changing normative text.,exact per-ID ledger
KBDL-CMP-080,"Overlay architecture; Tooltip, Popover, Menu surface, Listbox popup, Dialog, Modal Dialog, Alert Dialog, Drawer/Sheet; overlay layering and nesting",exact per-ID ledger,KBDL-008,exact per-ID ledger,components-system.md#116-modal-dialog; components-system.md#33-kbdl-008-decision-packet,exact per-ID ledger,Recommended,exact per-ID ledger,Assumed,exact per-ID ledger,Not applicable,exact per-ID ledger,None,exact per-ID ledger,None,exact per-ID ledger,Recommended (new component-level sizing and nesting policy),exact per-ID ledger,Project-owner review (not yet performed). ### 11.7 Alert Dialog,exact per-ID ledger,Not verified — no implementation exists yet,exact per-ID ledger,KBDL-CMP-083 additionally notes that navigation-drawer use remains bound by the unapproved KBDL-CMP-041 (KBDL-007) regardless of this item's own approval,exact per-ID ledger,components-system.md — 33.2 Recommended Decisions — Ready for Approval — item 6,exact per-ID ledger,None,exact per-ID ledger,None,exact per-ID ledger,Readable group plus authoritative per-ID ledger; group values reconciled without changing normative text.,exact per-ID ledger
KBDL-CMP-081,"Overlay architecture; Tooltip, Popover, Menu surface, Listbox popup, Dialog, Modal Dialog, Alert Dialog, Drawer/Sheet; overlay layering and nesting",exact per-ID ledger,KBDL-008,exact per-ID ledger,components-system.md#117-alert-dialog,exact per-ID ledger,Approved,exact per-ID ledger,Confirmed,exact per-ID ledger,Not verified,exact per-ID ledger,None,exact per-ID ledger,Not verified,exact per-ID ledger,Approved (restates the adopted WAI-ARIA 1.2 alertdialog role definition),exact per-ID ledger,"Manual role-use review once implemented. An alert dialog for a destructive action favors presenting the least- destructive action as the visually primary choice, consistent with KBDL-007's existing consequential-action requirement (components-core.md §23); this document does not silently approve the KBDL-007 button-hierarchy recommendation (KBDL-CMP-015) or form- action-row ordering (KBDL-CMP-036) as authority for the alert dialog's action area. ### 11.8 Drawer and Sheet",exact per-ID ledger,Not verified — no implementation exists yet,exact per-ID ledger,KBDL-CMP-083 additionally notes that navigation-drawer use remains bound by the unapproved KBDL-CMP-041 (KBDL-007) regardless of this item's own approval,exact per-ID ledger,None — Approved,exact per-ID ledger,None,exact per-ID ledger,None,exact per-ID ledger,Readable group plus authoritative per-ID ledger; group values reconciled without changing normative text.,exact per-ID ledger
KBDL-CMP-082,"Overlay architecture; Tooltip, Popover, Menu surface, Listbox popup, Dialog, Modal Dialog, Alert Dialog, Drawer/Sheet; overlay layering and nesting",exact per-ID ledger,KBDL-008,exact per-ID ledger,components-system.md#118-drawer-and-sheet,exact per-ID ledger,Approved,exact per-ID ledger,Confirmed,exact per-ID ledger,Not applicable,exact per-ID ledger,None,exact per-ID ledger,None,exact per-ID ledger,"Approved (scope-control requirement, restates KBDL-CMP-005/KBDL-CMP-052)",exact per-ID ledger,"Manual scope-compliance review (performed, see implementation report). The general drawer/sheet taxonomy and default modality (edge-attached placement, modal versus non-modal variants) is new policy, independent of any exact navigation-collapse threshold:",exact per-ID ledger,Not verified — no implementation exists yet,exact per-ID ledger,KBDL-CMP-083 additionally notes that navigation-drawer use remains bound by the unapproved KBDL-CMP-041 (KBDL-007) regardless of this item's own approval,exact per-ID ledger,None — Approved,exact per-ID ledger,None,exact per-ID ledger,None,exact per-ID ledger,Readable group plus authoritative per-ID ledger; group values reconciled without changing normative text.,exact per-ID ledger
KBDL-CMP-083,"Overlay architecture; Tooltip, Popover, Menu surface, Listbox popup, Dialog, Modal Dialog, Alert Dialog, Drawer/Sheet; overlay layering and nesting",exact per-ID ledger,KBDL-008,exact per-ID ledger,components-system.md#118-drawer-and-sheet; components-system.md#33-kbdl-008-decision-packet,exact per-ID ledger,Recommended,exact per-ID ledger,Assumed,exact per-ID ledger,Not applicable,exact per-ID ledger,None,exact per-ID ledger,None,exact per-ID ledger,Recommended (new component-level taxonomy),exact per-ID ledger,Project-owner review (not yet performed). This item's approval would not approve any navigation-collapse threshold; a drawer used for collapsed navigation remains bound by KBDL-CMP-041's existing contingent status (KBDL-007),exact per-ID ledger,Not verified — no implementation exists yet,exact per-ID ledger,KBDL-CMP-083 additionally notes that navigation-drawer use remains bound by the unapproved KBDL-CMP-041 (KBDL-007) regardless of this item's own approval,exact per-ID ledger,components-system.md — 33.2 Recommended Decisions — Ready for Approval — item 7,exact per-ID ledger,None,exact per-ID ledger,None,exact per-ID ledger,Readable group plus authoritative per-ID ledger; group values reconciled without changing normative text.,exact per-ID ledger
KBDL-CMP-084,"Overlay architecture; Tooltip, Popover, Menu surface, Listbox popup, Dialog, Modal Dialog, Alert Dialog, Drawer/Sheet; overlay layering and nesting",exact per-ID ledger,KBDL-008,exact per-ID ledger,components-system.md#12-overlay-layering-and-nesting,exact per-ID ledger,Approved,exact per-ID ledger,Confirmed,exact per-ID ledger,Not verified,exact per-ID ledger,None,exact per-ID ledger,Not verified,exact per-ID ledger,"Approved (dictated outcome of the already-adopted WCAG 2.2 SC 2.4.3 Focus Order and SC 2.1.2 No Keyboard Trap applied to nested layered content — not a new policy choice, since any other outcome would create an indeterminate or trapped focus state)",exact per-ID ledger,"Manual nested-focus review once implemented. The maximum number of simultaneously open overlays, and whether more than one modal may ever be open at once beyond the one-at-a-time default implied by KBDL-CMP-080, is new policy:",exact per-ID ledger,Not verified — no implementation exists yet,exact per-ID ledger,KBDL-CMP-083 additionally notes that navigation-drawer use remains bound by the unapproved KBDL-CMP-041 (KBDL-007) regardless of this item's own approval,exact per-ID ledger,None — Approved,exact per-ID ledger,None,exact per-ID ledger,None,exact per-ID ledger,Readable group plus authoritative per-ID ledger; group values reconciled without changing normative text.,exact per-ID ledger
KBDL-CMP-085,"Overlay architecture; Tooltip, Popover, Menu surface, Listbox popup, Dialog, Modal Dialog, Alert Dialog, Drawer/Sheet; overlay layering and nesting",exact per-ID ledger,KBDL-008,exact per-ID ledger,components-system.md#12-overlay-layering-and-nesting; components-system.md#33-kbdl-008-decision-packet,exact per-ID ledger,Recommended,exact per-ID ledger,Assumed,exact per-ID ledger,Not applicable,exact per-ID ledger,None,exact per-ID ledger,None,exact per-ID ledger,Recommended (new component-level policy),exact per-ID ledger,"Project-owner review (not yet performed). This document does not approve exact layer numbers, an exact z-index scale, an unlimited nesting model, or a specific portal strategy (see [§40](#40-deferred-and-unresolved-items))",exact per-ID ledger,Not verified — no implementation exists yet,exact per-ID ledger,KBDL-CMP-083 additionally notes that navigation-drawer use remains bound by the unapproved KBDL-CMP-041 (KBDL-007) regardless of this item's own approval,exact per-ID ledger,components-system.md — 33.2 Recommended Decisions — Ready for Approval — item 8,exact per-ID ledger,None,exact per-ID ledger,None,exact per-ID ledger,Readable group plus authoritative per-ID ledger; group values reconciled without changing normative text.,exact per-ID ledger
KBDL-CMP-086,"Feedback architecture; Inline Feedback, Alert, Banner, Toast/Snackbar, Status Region/Log, Badge, Progress Indicator, Meter, Skeleton",exact per-ID ledger,KBDL-008,exact per-ID ledger,components-system.md#13-feedback-architecture,exact per-ID ledger,Approved,exact per-ID ledger,Confirmed,exact per-ID ledger,Not verified,exact per-ID ledger,None,exact per-ID ledger,Not verified,exact per-ID ledger,Approved (restates KBDL-A11Y-031 and the adopted WAI-ARIA 1.2 live-region role definitions),exact per-ID ledger,Manual live-region role review once implemented,exact per-ID ledger,Not verified — no implementation exists yet,exact per-ID ledger,Implementation-dependent,exact per-ID ledger,None — Approved,exact per-ID ledger,None,exact per-ID ledger,None,exact per-ID ledger,Readable group plus authoritative per-ID ledger; group values reconciled without changing normative text.,exact per-ID ledger
KBDL-CMP-087,"Feedback architecture; Inline Feedback, Alert, Banner, Toast/Snackbar, Status Region/Log, Badge, Progress Indicator, Meter, Skeleton",exact per-ID ledger,KBDL-008,exact per-ID ledger,components-system.md#141-inline-feedback,exact per-ID ledger,Approved,exact per-ID ledger,Confirmed,exact per-ID ledger,Not verified,exact per-ID ledger,None,exact per-ID ledger,Not verified,exact per-ID ledger,Approved (restates KBDL-CMP-004's already- Approved state-clarity rule and the adopted WCAG 2.2 SC 1.4.1 Use of Color),exact per-ID ledger,Manual review once implemented. ### 14.2 Alert,exact per-ID ledger,Not verified — no implementation exists yet,exact per-ID ledger,Implementation-dependent,exact per-ID ledger,None — Approved,exact per-ID ledger,None,exact per-ID ledger,None,exact per-ID ledger,Readable group plus authoritative per-ID ledger; group values reconciled without changing normative text.,exact per-ID ledger
KBDL-CMP-088,"Feedback architecture; Inline Feedback, Alert, Banner, Toast/Snackbar, Status Region/Log, Badge, Progress Indicator, Meter, Skeleton",exact per-ID ledger,KBDL-008,exact per-ID ledger,components-system.md#142-alert,exact per-ID ledger,Approved,exact per-ID ledger,Confirmed,exact per-ID ledger,Not verified,exact per-ID ledger,None,exact per-ID ledger,Not verified,exact per-ID ledger,"""important, time-sensitive messages"" and ""must not move focus by default"" restate the adopted WAI-ARIA 1.2 alert role definition, which specifies an assertive live region for important, time-sensitive information without describing any inherent focus-moving behavior. ""Must not be used for routine or successful updates"" is not itself dictated by the ARIA alert role definition (which describes what the role announces, not which messages a component must avoid); this restriction is normative because the approved KBDL-008 prompt explicitly requires ""Do not use alert for every successful or routine update"" as a mandatory Alert constraint",exact per-ID ledger,"Manual role-use review once implemented. ### 14.3 Banner A page- or section-level message with a heading, severity meaning, and actions. The exact severity taxonomy and visual variant set are new policy:",exact per-ID ledger,Not verified — no implementation exists yet,exact per-ID ledger,Implementation-dependent,exact per-ID ledger,None — Approved,exact per-ID ledger,None,exact per-ID ledger,None,exact per-ID ledger,Readable group plus authoritative per-ID ledger; group values reconciled without changing normative text.,exact per-ID ledger
KBDL-CMP-089,"Feedback architecture; Inline Feedback, Alert, Banner, Toast/Snackbar, Status Region/Log, Badge, Progress Indicator, Meter, Skeleton",exact per-ID ledger,KBDL-008,exact per-ID ledger,components-system.md#143-banner; components-system.md#33-kbdl-008-decision-packet,exact per-ID ledger,Recommended,exact per-ID ledger,Assumed,exact per-ID ledger,Not applicable,exact per-ID ledger,None,exact per-ID ledger,None,exact per-ID ledger,Recommended (new component-level taxonomy),exact per-ID ledger,Project-owner review (not yet performed). ### 14.4 Toast or Snackbar,exact per-ID ledger,Not verified — no implementation exists yet,exact per-ID ledger,Implementation-dependent,exact per-ID ledger,components-system.md — 33.2 Recommended Decisions — Ready for Approval — item 9,exact per-ID ledger,None,exact per-ID ledger,None,exact per-ID ledger,Readable group plus authoritative per-ID ledger; group values reconciled without changing normative text.,exact per-ID ledger
KBDL-CMP-090,"Feedback architecture; Inline Feedback, Alert, Banner, Toast/Snackbar, Status Region/Log, Badge, Progress Indicator, Meter, Skeleton",exact per-ID ledger,KBDL-008,exact per-ID ledger,components-system.md#144-toast-or-snackbar,exact per-ID ledger,Approved,exact per-ID ledger,Confirmed,exact per-ID ledger,Not verified,exact per-ID ledger,None,exact per-ID ledger,Not verified,exact per-ID ledger,"""sensitive information must not be exposed"" extends the existing KBDL security-safe-disclosure principle, components-core.md §37. ""Critical information must not be presented only in a transient toast without a persistent path"" and ""must not move focus to itself by default"" are not directly dictated by WCAG 2.2 SC 2.2.1 Timing Adjustable (which governs user-adjustable time limits on content generally, not the specific toast/persistent-path pattern) or by KBDL-A11Y-031 (which requires programmatic determinability, not a persistence guarantee); these two clauses are normative because the approved KBDL-008 prompt explicitly lists both as mandatory Toast/Snackbar ""Do not"" constraints. SC 2.2.1's adjustable-timing principle is cited as supporting rationale, not as the direct source of the persistent-path requirement",exact per-ID ledger,"Manual content-classification review once implemented. Exact auto-dismiss timing, queue size, and stacking/placement are new policy:",exact per-ID ledger,Not verified — no implementation exists yet,exact per-ID ledger,Implementation-dependent,exact per-ID ledger,None — Approved,exact per-ID ledger,None,exact per-ID ledger,None,exact per-ID ledger,Readable group plus authoritative per-ID ledger; group values reconciled without changing normative text.,exact per-ID ledger
KBDL-CMP-091,"Feedback architecture; Inline Feedback, Alert, Banner, Toast/Snackbar, Status Region/Log, Badge, Progress Indicator, Meter, Skeleton",exact per-ID ledger,KBDL-008,exact per-ID ledger,components-system.md#144-toast-or-snackbar; components-system.md#33-kbdl-008-decision-packet,exact per-ID ledger,Recommended,exact per-ID ledger,Assumed,exact per-ID ledger,Not applicable,exact per-ID ledger,None,exact per-ID ledger,None,exact per-ID ledger,Recommended (new component-level timing and queueing policy),exact per-ID ledger,Project-owner review (not yet performed). ### 14.5 Status Region and Log,exact per-ID ledger,Not verified — no implementation exists yet,exact per-ID ledger,Implementation-dependent,exact per-ID ledger,components-system.md — 33.2 Recommended Decisions — Ready for Approval — item 10,exact per-ID ledger,None,exact per-ID ledger,None,exact per-ID ledger,Readable group plus authoritative per-ID ledger; group values reconciled without changing normative text.,exact per-ID ledger
KBDL-CMP-092,"Feedback architecture; Inline Feedback, Alert, Banner, Toast/Snackbar, Status Region/Log, Badge, Progress Indicator, Meter, Skeleton",exact per-ID ledger,KBDL-008,exact per-ID ledger,components-system.md#145-status-region-and-log,exact per-ID ledger,Approved,exact per-ID ledger,Confirmed,exact per-ID ledger,Not verified,exact per-ID ledger,None,exact per-ID ledger,Not verified,exact per-ID ledger,Approved (restates KBDL-A11Y-031 and the adopted WAI-ARIA 1.2 status/log role and aria-live/aria-atomic definitions),exact per-ID ledger,Manual live-region review once implemented. ### 14.6 Badge or Count Indicator,exact per-ID ledger,Not verified — no implementation exists yet,exact per-ID ledger,Implementation-dependent,exact per-ID ledger,None — Approved,exact per-ID ledger,None,exact per-ID ledger,None,exact per-ID ledger,Readable group plus authoritative per-ID ledger; group values reconciled without changing normative text.,exact per-ID ledger
KBDL-CMP-093,"Feedback architecture; Inline Feedback, Alert, Banner, Toast/Snackbar, Status Region/Log, Badge, Progress Indicator, Meter, Skeleton",exact per-ID ledger,KBDL-008,exact per-ID ledger,components-system.md#146-badge-or-count-indicator,exact per-ID ledger,Approved,exact per-ID ledger,Confirmed,exact per-ID ledger,Not verified,exact per-ID ledger,None,exact per-ID ledger,Not verified,exact per-ID ledger,"Approved (restates the adopted WCAG 2.2 SC 1.1.1 Non-text Content and SC 4.1.2 Name, Role, Value)",exact per-ID ledger,Manual accessible-text review once implemented. ### 14.7 Progress Indicator,exact per-ID ledger,Not verified — no implementation exists yet,exact per-ID ledger,Implementation-dependent,exact per-ID ledger,None — Approved,exact per-ID ledger,None,exact per-ID ledger,None,exact per-ID ledger,Readable group plus authoritative per-ID ledger; group values reconciled without changing normative text.,exact per-ID ledger
KBDL-CMP-094,"Feedback architecture; Inline Feedback, Alert, Banner, Toast/Snackbar, Status Region/Log, Badge, Progress Indicator, Meter, Skeleton",exact per-ID ledger,KBDL-008,exact per-ID ledger,components-system.md#147-progress-indicator,exact per-ID ledger,Approved,exact per-ID ledger,Confirmed,exact per-ID ledger,Not verified,exact per-ID ledger,None,exact per-ID ledger,Not verified,exact per-ID ledger,Approved (restates the adopted WAI-ARIA 1.2 progressbar role definition and native <progress> semantics),exact per-ID ledger,Manual role/value review once implemented. ### 14.8 Meter,exact per-ID ledger,Not verified — no implementation exists yet,exact per-ID ledger,Implementation-dependent,exact per-ID ledger,None — Approved,exact per-ID ledger,None,exact per-ID ledger,None,exact per-ID ledger,Readable group plus authoritative per-ID ledger; group values reconciled without changing normative text.,exact per-ID ledger
KBDL-CMP-095,"Feedback architecture; Inline Feedback, Alert, Banner, Toast/Snackbar, Status Region/Log, Badge, Progress Indicator, Meter, Skeleton",exact per-ID ledger,KBDL-008,exact per-ID ledger,components-system.md#148-meter,exact per-ID ledger,Approved,exact per-ID ledger,Confirmed,exact per-ID ledger,Not verified,exact per-ID ledger,None,exact per-ID ledger,Not verified,exact per-ID ledger,Approved (restates the adopted WAI-ARIA 1.2 meter role definition and native <meter> semantics),exact per-ID ledger,Manual role/value review once implemented. ### 14.9 Skeleton,exact per-ID ledger,Not verified — no implementation exists yet,exact per-ID ledger,Implementation-dependent,exact per-ID ledger,None — Approved,exact per-ID ledger,None,exact per-ID ledger,None,exact per-ID ledger,Readable group plus authoritative per-ID ledger; group values reconciled without changing normative text.,exact per-ID ledger
KBDL-CMP-096,"Feedback architecture; Inline Feedback, Alert, Banner, Toast/Snackbar, Status Region/Log, Badge, Progress Indicator, Meter, Skeleton",exact per-ID ledger,KBDL-008,exact per-ID ledger,components-system.md#149-skeleton,exact per-ID ledger,Approved,exact per-ID ledger,Confirmed,exact per-ID ledger,Not verified,exact per-ID ledger,None,exact per-ID ledger,Not verified,exact per-ID ledger,"""hidden from assistive technology as decorative"" restates the adopted WAI-ARIA 1.2 aria-hidden semantics for purely decorative content. ""An equivalent loading announcement must be available through a separate status mechanism"" restates KBDL-A11Y-031. ""Must not expose meaningless placeholder shapes as if they were content"" is not itself dictated by either of those sources; it is normative because the approved KBDL-008 prompt explicitly requires ""Decorative accessibility treatment"" and ""Equivalent loading announcement"" as mandatory Skeleton fields, which together imply placeholder shapes must not be presented as meaningful content",exact per-ID ledger,"Manual accessibility-tree review once implemented. Exact shimmer, pulse, timing, and density values remain unapproved (see [§40](#40-deferred-and-unresolved-items))",exact per-ID ledger,Not verified — no implementation exists yet,exact per-ID ledger,Implementation-dependent,exact per-ID ledger,None — Approved,exact per-ID ledger,None,exact per-ID ledger,None,exact per-ID ledger,Readable group plus authoritative per-ID ledger; group values reconciled without changing normative text.,exact per-ID ledger
KBDL-CMP-097,"System-state architecture; Loading, Empty, No-Results, Error, Offline/Reconnecting, Permission Denied, Not Found, Maintenance/Degraded, System Status; complex-presentation architecture; Interactive Grid, Tree/Treegrid, Carousel, Data Visualization; responsive transformation policy; security/privacy and profile-compatibility baselines",exact per-ID ledger,KBDL-008,exact per-ID ledger,components-system.md#15-system-state-architecture,exact per-ID ledger,Approved,exact per-ID ledger,Confirmed,exact per-ID ledger,Not verified,exact per-ID ledger,None,exact per-ID ledger,Not verified,exact per-ID ledger,"Approved (restates KBDL-A11Y-031 and the locked component-state-clarity rule, principles.md §5.1)",exact per-ID ledger,"Manual review once implemented. System states are distinguished at component, section, page, and application level; see [§16](#16-required-system-state-components) for each required state's cause, recovery behavior, and difference from adjacent states",exact per-ID ledger,Not verified — no implementation exists yet,exact per-ID ledger,KBDL-CMP-105 additionally cites the unapproved KBDL-RSP-011 as related context; KBDL-CMP-111 additionally depends on the eventual KBDL-RSP-002 value for its exact trigger point,exact per-ID ledger,None — Approved,exact per-ID ledger,None,exact per-ID ledger,None,exact per-ID ledger,Readable group plus authoritative per-ID ledger; group values reconciled without changing normative text.,exact per-ID ledger
KBDL-CMP-098,"Feedback architecture; Inline Feedback, Alert, Banner, Toast/Snackbar, Status Region/Log, Badge, Progress Indicator, Meter, Skeleton",exact per-ID ledger,KBDL-008,exact per-ID ledger,components-system.md#161-loading-state,exact per-ID ledger,Approved,exact per-ID ledger,Confirmed,exact per-ID ledger,Not verified,exact per-ID ledger,None,exact per-ID ledger,Not verified,exact per-ID ledger,"Approved (extends the already-Approved KBDL-007 submit-loading/duplicate-submission-prevention contract, components-core.md §23, to the surface-level loading indicator); project-owner-approved KBDL-007/008 implementation prompt",exact per-ID ledger,"Manual review once implemented. ### 16.2 Empty State Genuine absence of content, distinct from a first-use state, a user- cleared state, and a permission-limited state. The exact empty-state taxonomy, illustration policy, and action hierarchy are new policy, and this state is explicitly distinguished from No-Results below:",exact per-ID ledger,Not verified — no implementation exists yet,exact per-ID ledger,Implementation-dependent,exact per-ID ledger,None — Approved,exact per-ID ledger,None,exact per-ID ledger,None,exact per-ID ledger,Readable group plus authoritative per-ID ledger; group values reconciled without changing normative text.,exact per-ID ledger
KBDL-CMP-099,"System-state architecture; Loading, Empty, No-Results, Error, Offline/Reconnecting, Permission Denied, Not Found, Maintenance/Degraded, System Status; complex-presentation architecture; Interactive Grid, Tree/Treegrid, Carousel, Data Visualization; responsive transformation policy; security/privacy and profile-compatibility baselines",exact per-ID ledger,KBDL-008,exact per-ID ledger,components-system.md#162-empty-state; components-system.md#33-kbdl-008-decision-packet,exact per-ID ledger,Recommended,exact per-ID ledger,Assumed,exact per-ID ledger,Not applicable,exact per-ID ledger,None,exact per-ID ledger,None,exact per-ID ledger,Recommended (new component-level taxonomy),exact per-ID ledger,Project-owner review (not yet performed). ### 16.3 No-Results State,exact per-ID ledger,Not verified — no implementation exists yet,exact per-ID ledger,KBDL-CMP-105 additionally cites the unapproved KBDL-RSP-011 as related context; KBDL-CMP-111 additionally depends on the eventual KBDL-RSP-002 value for its exact trigger point,exact per-ID ledger,components-system.md — 33.2 Recommended Decisions — Ready for Approval — item 11,exact per-ID ledger,None,exact per-ID ledger,None,exact per-ID ledger,Readable group plus authoritative per-ID ledger; group values reconciled without changing normative text.,exact per-ID ledger
KBDL-CMP-100,"System-state architecture; Loading, Empty, No-Results, Error, Offline/Reconnecting, Permission Denied, Not Found, Maintenance/Degraded, System Status; complex-presentation architecture; Interactive Grid, Tree/Treegrid, Carousel, Data Visualization; responsive transformation policy; security/privacy and profile-compatibility baselines",exact per-ID ledger,KBDL-008,exact per-ID ledger,components-system.md#163-no-results-state,exact per-ID ledger,Approved,exact per-ID ledger,Confirmed,exact per-ID ledger,Not verified,exact per-ID ledger,None,exact per-ID ledger,Not verified,exact per-ID ledger,"this requirement is normative because the approved KBDL-008 prompt explicitly requires ""Preservation of entered criteria"" as a mandatory No-Results State field. WCAG 2.2 SC 3.3.7 Redundant Entry (which prohibits requiring re-entry of information already supplied earlier in the same process) is cited as supporting rationale by analogy, not as a direct restatement — SC 3.3.7 governs multi-step process re-entry generally and does not by itself mandate preserving search/filter state specifically on a no-results result",exact per-ID ledger,Manual data-preservation review once implemented. ### 16.4 Error State,exact per-ID ledger,Not verified — no implementation exists yet,exact per-ID ledger,KBDL-CMP-105 additionally cites the unapproved KBDL-RSP-011 as related context; KBDL-CMP-111 additionally depends on the eventual KBDL-RSP-002 value for its exact trigger point,exact per-ID ledger,None — Approved,exact per-ID ledger,None,exact per-ID ledger,None,exact per-ID ledger,Readable group plus authoritative per-ID ledger; group values reconciled without changing normative text.,exact per-ID ledger
KBDL-CMP-101,"System-state architecture; Loading, Empty, No-Results, Error, Offline/Reconnecting, Permission Denied, Not Found, Maintenance/Degraded, System Status; complex-presentation architecture; Interactive Grid, Tree/Treegrid, Carousel, Data Visualization; responsive transformation policy; security/privacy and profile-compatibility baselines",exact per-ID ledger,KBDL-008,exact per-ID ledger,components-system.md#164-error-state,exact per-ID ledger,Approved,exact per-ID ledger,Confirmed,exact per-ID ledger,Not verified,exact per-ID ledger,None,exact per-ID ledger,Not verified,exact per-ID ledger,"that an error must be identified and described restates the already-adopted WCAG 2.2 SC 3.3.1 Error Identification, which requires errors be identified and described in text, but does not itself require classifying an error as ""recoverable or blocking"" or specifying a ""retry or alternative action"" — SC 3.3.1 governs identification, not remediation-path taxonomy. The recoverable/blocking classification and the retry/alternative-action requirement are normative because the approved KBDL-008 prompt explicitly requires ""Recoverable versus blocking error,"" ""Retry,"" and ""Alternative action"" as mandatory Error State fields, consistent with the already-Approved Technical Utility recovery-support principle, principles.md §3. The prohibition on exposing stack traces, internal exception details, credentials, or private data restates KBDL-CMP-064",exact per-ID ledger,"Manual review once implemented. The exact severity taxonomy for error and broader system-state recovery (a hierarchy distinguishing maintenance, temporary unavailability, and degraded service) is new policy:",exact per-ID ledger,Not verified — no implementation exists yet,exact per-ID ledger,KBDL-CMP-105 additionally cites the unapproved KBDL-RSP-011 as related context; KBDL-CMP-111 additionally depends on the eventual KBDL-RSP-002 value for its exact trigger point,exact per-ID ledger,None — Approved,exact per-ID ledger,None,exact per-ID ledger,None,exact per-ID ledger,Readable group plus authoritative per-ID ledger; group values reconciled without changing normative text.,exact per-ID ledger
KBDL-CMP-102,"System-state architecture; Loading, Empty, No-Results, Error, Offline/Reconnecting, Permission Denied, Not Found, Maintenance/Degraded, System Status; complex-presentation architecture; Interactive Grid, Tree/Treegrid, Carousel, Data Visualization; responsive transformation policy; security/privacy and profile-compatibility baselines",exact per-ID ledger,KBDL-008,exact per-ID ledger,components-system.md#164-error-state; components-system.md#168-maintenance-unavailable-and-degraded-state; components-system.md#33-kbdl-008-decision-packet,exact per-ID ledger,Recommended,exact per-ID ledger,Assumed,exact per-ID ledger,Not applicable,exact per-ID ledger,None,exact per-ID ledger,None,exact per-ID ledger,Recommended (new component-level taxonomy),exact per-ID ledger,Project-owner review (not yet performed). ### 16.5 Offline and Reconnecting State,exact per-ID ledger,Not verified — no implementation exists yet,exact per-ID ledger,KBDL-CMP-105 additionally cites the unapproved KBDL-RSP-011 as related context; KBDL-CMP-111 additionally depends on the eventual KBDL-RSP-002 value for its exact trigger point,exact per-ID ledger,components-system.md — 33.2 Recommended Decisions — Ready for Approval — item 12,exact per-ID ledger,None,exact per-ID ledger,None,exact per-ID ledger,Readable group plus authoritative per-ID ledger; group values reconciled without changing normative text.,exact per-ID ledger
KBDL-CMP-103,"System-state architecture; Loading, Empty, No-Results, Error, Offline/Reconnecting, Permission Denied, Not Found, Maintenance/Degraded, System Status; complex-presentation architecture; Interactive Grid, Tree/Treegrid, Carousel, Data Visualization; responsive transformation policy; security/privacy and profile-compatibility baselines",exact per-ID ledger,KBDL-008,exact per-ID ledger,components-system.md#165-offline-and-reconnecting-state,exact per-ID ledger,Approved,exact per-ID ledger,Confirmed,exact per-ID ledger,Not verified,exact per-ID ledger,None,exact per-ID ledger,Not verified,exact per-ID ledger,"Approved (extends the already-Approved KBDL correctness/safety principle, principles.md §4 item 1, and the existing KBDL-007 form-recovery data-preservation pattern); project-owner-approved KBDL-007/008 implementation prompt",exact per-ID ledger,Manual claim-accuracy review once implemented. ### 16.6 Permission Denied and Restricted State,exact per-ID ledger,Not verified — no implementation exists yet,exact per-ID ledger,KBDL-CMP-105 additionally cites the unapproved KBDL-RSP-011 as related context; KBDL-CMP-111 additionally depends on the eventual KBDL-RSP-002 value for its exact trigger point,exact per-ID ledger,None — Approved,exact per-ID ledger,None,exact per-ID ledger,None,exact per-ID ledger,Readable group plus authoritative per-ID ledger; group values reconciled without changing normative text.,exact per-ID ledger
KBDL-CMP-104,"System-state architecture; Loading, Empty, No-Results, Error, Offline/Reconnecting, Permission Denied, Not Found, Maintenance/Degraded, System Status; complex-presentation architecture; Interactive Grid, Tree/Treegrid, Carousel, Data Visualization; responsive transformation policy; security/privacy and profile-compatibility baselines",exact per-ID ledger,KBDL-008,exact per-ID ledger,components-system.md#166-permission-denied-and-restricted-state,exact per-ID ledger,Approved,exact per-ID ledger,Confirmed,exact per-ID ledger,Not verified,exact per-ID ledger,None,exact per-ID ledger,Not verified,exact per-ID ledger,"Approved (extends the existing KBDL security principle already established in components-core.md §37, ""a disabled button is not access control""); project-owner-approved KBDL-007/008 implementation prompt",exact per-ID ledger,"Manual security-review once implemented. ### 16.7 Not Found State Distinguished from Permission Denied: a not-found state does not require revealing whether a protected resource exists, per KBDL-CMP-104, applied here without change. ### 16.8 Maintenance, Unavailable, and Degraded State Uses the severity taxonomy and recovery hierarchy from KBDL-CMP-102 once approved; does not invent service-level commitments or recovery time estimates. ### 16.9 System Status Uses the Status Region/Log live-region model (KBDL-CMP-092) for its update stream, distinct from a transient Alert or Toast (KBDL-CMP-088, KBDL-CMP-090)",exact per-ID ledger,Not verified — no implementation exists yet,exact per-ID ledger,KBDL-CMP-105 additionally cites the unapproved KBDL-RSP-011 as related context; KBDL-CMP-111 additionally depends on the eventual KBDL-RSP-002 value for its exact trigger point,exact per-ID ledger,None — Approved,exact per-ID ledger,None,exact per-ID ledger,None,exact per-ID ledger,Readable group plus authoritative per-ID ledger; group values reconciled without changing normative text.,exact per-ID ledger
KBDL-CMP-105,"System-state architecture; Loading, Empty, No-Results, Error, Offline/Reconnecting, Permission Denied, Not Found, Maintenance/Degraded, System Status; complex-presentation architecture; Interactive Grid, Tree/Treegrid, Carousel, Data Visualization; responsive transformation policy; security/privacy and profile-compatibility baselines",exact per-ID ledger,KBDL-008,exact per-ID ledger,components-system.md#181-interactive-grid; components-system.md#33-kbdl-008-decision-packet,exact per-ID ledger,Recommended,exact per-ID ledger,Assumed,exact per-ID ledger,Not applicable,exact per-ID ledger,None,exact per-ID ledger,None,exact per-ID ledger,Recommended (new component-level threshold and interaction model; the APG grid pattern is not automatically Approved),exact per-ID ledger,"Project-owner review (not yet performed). Exact virtualization, column-resizing, column-reordering, and pinning behavior remain later implementation decisions, out of scope here. ### 18.2 Tree and Treegrid",exact per-ID ledger,Not verified — no implementation exists yet,exact per-ID ledger,KBDL-CMP-105 additionally cites the unapproved KBDL-RSP-011 as related context; KBDL-CMP-111 additionally depends on the eventual KBDL-RSP-002 value for its exact trigger point,exact per-ID ledger,components-system.md — 33.2 Recommended Decisions — Ready for Approval — item 13,exact per-ID ledger,None,exact per-ID ledger,None,exact per-ID ledger,Readable group plus authoritative per-ID ledger; group values reconciled without changing normative text.,exact per-ID ledger
KBDL-CMP-106,"System-state architecture; Loading, Empty, No-Results, Error, Offline/Reconnecting, Permission Denied, Not Found, Maintenance/Degraded, System Status; complex-presentation architecture; Interactive Grid, Tree/Treegrid, Carousel, Data Visualization; responsive transformation policy; security/privacy and profile-compatibility baselines",exact per-ID ledger,KBDL-008,exact per-ID ledger,components-system.md#182-tree-and-treegrid; components-system.md#33-kbdl-008-decision-packet,exact per-ID ledger,Recommended,exact per-ID ledger,Assumed,exact per-ID ledger,Not applicable,exact per-ID ledger,None,exact per-ID ledger,None,exact per-ID ledger,Recommended (new component-level threshold and interaction model; the APG tree pattern is not automatically Approved),exact per-ID ledger,Project-owner review (not yet performed). ### 18.3 Carousel,exact per-ID ledger,Not verified — no implementation exists yet,exact per-ID ledger,KBDL-CMP-105 additionally cites the unapproved KBDL-RSP-011 as related context; KBDL-CMP-111 additionally depends on the eventual KBDL-RSP-002 value for its exact trigger point,exact per-ID ledger,components-system.md — 33.2 Recommended Decisions — Ready for Approval — item 14,exact per-ID ledger,None,exact per-ID ledger,None,exact per-ID ledger,Readable group plus authoritative per-ID ledger; group values reconciled without changing normative text.,exact per-ID ledger
KBDL-CMP-107,"System-state architecture; Loading, Empty, No-Results, Error, Offline/Reconnecting, Permission Denied, Not Found, Maintenance/Degraded, System Status; complex-presentation architecture; Interactive Grid, Tree/Treegrid, Carousel, Data Visualization; responsive transformation policy; security/privacy and profile-compatibility baselines",exact per-ID ledger,KBDL-008,exact per-ID ledger,components-system.md#183-carousel,exact per-ID ledger,Approved,exact per-ID ledger,Confirmed,exact per-ID ledger,Not verified,exact per-ID ledger,None,exact per-ID ledger,Not verified,exact per-ID ledger,Approved (restates the already-adopted WCAG 2.2 SC 2.2.2),exact per-ID ledger,"Manual pause/stop/hide review once implemented. Whether KBDL permits automatic rotation by default at all, and any exact rotation interval, are new policy:",exact per-ID ledger,Not verified — no implementation exists yet,exact per-ID ledger,KBDL-CMP-105 additionally cites the unapproved KBDL-RSP-011 as related context; KBDL-CMP-111 additionally depends on the eventual KBDL-RSP-002 value for its exact trigger point,exact per-ID ledger,None — Approved,exact per-ID ledger,None,exact per-ID ledger,None,exact per-ID ledger,Readable group plus authoritative per-ID ledger; group values reconciled without changing normative text.,exact per-ID ledger
KBDL-CMP-108,"System-state architecture; Loading, Empty, No-Results, Error, Offline/Reconnecting, Permission Denied, Not Found, Maintenance/Degraded, System Status; complex-presentation architecture; Interactive Grid, Tree/Treegrid, Carousel, Data Visualization; responsive transformation policy; security/privacy and profile-compatibility baselines",exact per-ID ledger,KBDL-008,exact per-ID ledger,components-system.md#183-carousel; components-system.md#33-kbdl-008-decision-packet,exact per-ID ledger,Recommended,exact per-ID ledger,Assumed,exact per-ID ledger,Not applicable,exact per-ID ledger,None,exact per-ID ledger,None,exact per-ID ledger,Recommended (new component-level policy),exact per-ID ledger,Project-owner review (not yet performed). ### 18.4 Data Visualization,exact per-ID ledger,Not verified — no implementation exists yet,exact per-ID ledger,KBDL-CMP-105 additionally cites the unapproved KBDL-RSP-011 as related context; KBDL-CMP-111 additionally depends on the eventual KBDL-RSP-002 value for its exact trigger point,exact per-ID ledger,components-system.md — 33.2 Recommended Decisions — Ready for Approval — item 15,exact per-ID ledger,None,exact per-ID ledger,None,exact per-ID ledger,Readable group plus authoritative per-ID ledger; group values reconciled without changing normative text.,exact per-ID ledger
KBDL-CMP-109,"System-state architecture; Loading, Empty, No-Results, Error, Offline/Reconnecting, Permission Denied, Not Found, Maintenance/Degraded, System Status; complex-presentation architecture; Interactive Grid, Tree/Treegrid, Carousel, Data Visualization; responsive transformation policy; security/privacy and profile-compatibility baselines",exact per-ID ledger,KBDL-008,exact per-ID ledger,components-system.md#184-data-visualization,exact per-ID ledger,Approved,exact per-ID ledger,Confirmed,exact per-ID ledger,Not verified,exact per-ID ledger,None,exact per-ID ledger,Not verified,exact per-ID ledger,"Approved (restates the already-adopted WCAG 2.2 SC 1.4.1 Use of Color, SC 1.3.1 Info and Relationships, and SC 2.1.1 Keyboard, applied to chart content, using the existing approved Data-display roles rather than inventing new ones)",exact per-ID ledger,"Manual review once implemented. The exact chart taxonomy, tooltip behavior, and interaction model are new policy; this document does not approve a data-visualization color palette (the palette itself remains a separate, unapproved theme matter, see [§40](#40-deferred-and-unresolved-items)):",exact per-ID ledger,Not verified — no implementation exists yet,exact per-ID ledger,KBDL-CMP-105 additionally cites the unapproved KBDL-RSP-011 as related context; KBDL-CMP-111 additionally depends on the eventual KBDL-RSP-002 value for its exact trigger point,exact per-ID ledger,None — Approved,exact per-ID ledger,None,exact per-ID ledger,None,exact per-ID ledger,Readable group plus authoritative per-ID ledger; group values reconciled without changing normative text.,exact per-ID ledger
KBDL-CMP-110,"System-state architecture; Loading, Empty, No-Results, Error, Offline/Reconnecting, Permission Denied, Not Found, Maintenance/Degraded, System Status; complex-presentation architecture; Interactive Grid, Tree/Treegrid, Carousel, Data Visualization; responsive transformation policy; security/privacy and profile-compatibility baselines",exact per-ID ledger,KBDL-008,exact per-ID ledger,components-system.md#184-data-visualization; components-system.md#33-kbdl-008-decision-packet,exact per-ID ledger,Recommended,exact per-ID ledger,Assumed,exact per-ID ledger,Not applicable,exact per-ID ledger,None,exact per-ID ledger,None,exact per-ID ledger,Recommended (new component-level taxonomy and interaction model),exact per-ID ledger,Project-owner review (not yet performed),exact per-ID ledger,Not verified — no implementation exists yet,exact per-ID ledger,KBDL-CMP-105 additionally cites the unapproved KBDL-RSP-011 as related context; KBDL-CMP-111 additionally depends on the eventual KBDL-RSP-002 value for its exact trigger point,exact per-ID ledger,components-system.md — 33.2 Recommended Decisions — Ready for Approval — item 16,exact per-ID ledger,None,exact per-ID ledger,None,exact per-ID ledger,Readable group plus authoritative per-ID ledger; group values reconciled without changing normative text.,exact per-ID ledger
KBDL-CMP-111,"System-state architecture; Loading, Empty, No-Results, Error, Offline/Reconnecting, Permission Denied, Not Found, Maintenance/Degraded, System Status; complex-presentation architecture; Interactive Grid, Tree/Treegrid, Carousel, Data Visualization; responsive transformation policy; security/privacy and profile-compatibility baselines",exact per-ID ledger,KBDL-008,exact per-ID ledger,components-system.md#19-responsive-transformation-policy; components-system.md#33-kbdl-008-decision-packet,exact per-ID ledger,Recommended,exact per-ID ledger,Assumed,exact per-ID ledger,Not applicable,exact per-ID ledger,None,exact per-ID ledger,None,exact per-ID ledger,"Recommended (new component-level transformation policy; the exact trigger point depends on the eventual approved KBDL-RSP-002 breakpoint values, cited here only as related context, not as authority)",exact per-ID ledger,Project-owner review (not yet performed),exact per-ID ledger,Not verified — no implementation exists yet,exact per-ID ledger,KBDL-CMP-105 additionally cites the unapproved KBDL-RSP-011 as related context; KBDL-CMP-111 additionally depends on the eventual KBDL-RSP-002 value for its exact trigger point,exact per-ID ledger,components-system.md — 33.2 Recommended Decisions — Ready for Approval — item 17,exact per-ID ledger,None,exact per-ID ledger,None,exact per-ID ledger,Readable group plus authoritative per-ID ledger; group values reconciled without changing normative text.,exact per-ID ledger
KBDL-CUS-001,Manual/documented customization; authority; classification; workflow; intake; records; impact/evidence; review/rollback,exact per-ID ledger,KBDL-010,exact per-ID ledger,customization.md#1-purpose-and-scope,exact per-ID ledger,Approved,exact per-ID ledger,Confirmed,exact per-ID ledger,Not verified,exact per-ID ledger,None,exact per-ID ledger,Not verified,exact per-ID ledger,KBDL-DEC-004 plus the mandatory KBDL-010 prompt,exact per-ID ledger,Record and implementation audit,exact per-ID ledger,Not verified — validation method has not been executed,exact per-ID ledger,No project customization exists to test,exact per-ID ledger,None — Approved,exact per-ID ledger,None,exact per-ID ledger,KBDL-DEC-004,exact per-ID ledger,Readable group plus authoritative per-ID ledger; group values reconciled without changing normative text.,exact per-ID ledger
KBDL-CUS-002,Manual/documented customization; authority; classification; workflow; intake; records; impact/evidence; review/rollback,exact per-ID ledger,KBDL-010,exact per-ID ledger,customization.md#5-customization-authority-model,exact per-ID ledger,Approved,exact per-ID ledger,Confirmed,exact per-ID ledger,Not verified,exact per-ID ledger,None,exact per-ID ledger,Not verified,exact per-ID ledger,KBDL lifecycle conventions and mandatory KBDL-010 prompt; project-owner-approved KBDL-010 implementation prompt,exact per-ID ledger,Authority-source audit,exact per-ID ledger,Not verified — validation method has not been executed,exact per-ID ledger,Project records are not available,exact per-ID ledger,None — Approved,exact per-ID ledger,None,exact per-ID ledger,None,exact per-ID ledger,Readable group plus authoritative per-ID ledger; group values reconciled without changing normative text.,exact per-ID ledger
KBDL-CUS-003,Manual/documented customization; authority; classification; workflow; intake; records; impact/evidence; review/rollback,exact per-ID ledger,KBDL-010,exact per-ID ledger,customization.md#6-locked-controlled-open-proposed-and-exception-classifications,exact per-ID ledger,Approved,exact per-ID ledger,Confirmed,exact per-ID ledger,Not verified,exact per-ID ledger,None,exact per-ID ledger,Not verified,exact per-ID ledger,Mandatory KBDL-010 classification model; project-owner-approved KBDL-010 implementation prompt,exact per-ID ledger,Classification review,exact per-ID ledger,Not verified — validation method has not been executed,exact per-ID ledger,Classification has not been applied to a real request,exact per-ID ledger,None — Approved,exact per-ID ledger,None,exact per-ID ledger,None,exact per-ID ledger,Readable group plus authoritative per-ID ledger; group values reconciled without changing normative text.,exact per-ID ledger
KBDL-CUS-004,Manual/documented customization; authority; classification; workflow; intake; records; impact/evidence; review/rollback,exact per-ID ledger,KBDL-010,exact per-ID ledger,customization.md#12-approval-and-escalation-paths,exact per-ID ledger,Approved,exact per-ID ledger,Confirmed,exact per-ID ledger,Not verified,exact per-ID ledger,None,exact per-ID ledger,Not verified,exact per-ID ledger,Mandatory KBDL-010 Class A rule and owning-module lifecycle rules; project-owner-approved KBDL-010 implementation prompt,exact per-ID ledger,Source-bound comparison,exact per-ID ledger,Not verified — validation method has not been executed,exact per-ID ledger,Implementation choices are project-specific,exact per-ID ledger,None — Approved,exact per-ID ledger,None,exact per-ID ledger,None,exact per-ID ledger,Readable group plus authoritative per-ID ledger; group values reconciled without changing normative text.,exact per-ID ledger
KBDL-CUS-005,Manual/documented customization; authority; classification; workflow; intake; records; impact/evidence; review/rollback,exact per-ID ledger,KBDL-010,exact per-ID ledger,customization.md#24-content-and-open-brand-expression,exact per-ID ledger,Approved,exact per-ID ledger,Confirmed,exact per-ID ledger,Not verified,exact per-ID ledger,None,exact per-ID ledger,Not verified,exact per-ID ledger,"KBDL-PRN-005, KBDL-PRO-005, and mandatory KBDL-010 prompt",exact per-ID ledger,Content and locked-rule audit,exact per-ID ledger,Not verified — validation method has not been executed,exact per-ID ledger,Actual assets require project review,exact per-ID ledger,None — Approved,exact per-ID ledger,None,exact per-ID ledger,None,exact per-ID ledger,Readable group plus authoritative per-ID ledger; group values reconciled without changing normative text.,exact per-ID ledger
KBDL-CUS-006,Manual/documented customization; authority; classification; workflow; intake; records; impact/evidence; review/rollback,exact per-ID ledger,KBDL-010,exact per-ID ledger,customization.md#26-reusable-versus-project-local-customization,exact per-ID ledger,Approved,exact per-ID ledger,Confirmed,exact per-ID ledger,Not verified,exact per-ID ledger,None,exact per-ID ledger,Not verified,exact per-ID ledger,KBDL governance plus mandatory KBDL-010 Classes C and D; project-owner-approved KBDL-010 implementation prompt,exact per-ID ledger,Proposal-history audit,exact per-ID ledger,Not verified — validation method has not been executed,exact per-ID ledger,Exact reuse threshold is Recommended,exact per-ID ledger,None — Approved,exact per-ID ledger,None,exact per-ID ledger,None,exact per-ID ledger,Readable group plus authoritative per-ID ledger; group values reconciled without changing normative text.,exact per-ID ledger
KBDL-CUS-007,Manual/documented customization; authority; classification; workflow; intake; records; impact/evidence; review/rollback,exact per-ID ledger,KBDL-010,exact per-ID ledger,customization.md#27-conflict-handling-and-exceptions,exact per-ID ledger,Approved,exact per-ID ledger,Confirmed,exact per-ID ledger,Not verified,exact per-ID ledger,None,exact per-ID ledger,Not verified,exact per-ID ledger,"KBDL-GOV-002, governance exception process, and mandatory KBDL-010 Classes E/F",exact per-ID ledger,Exception/stop-path audit,exact per-ID ledger,Not verified — validation method has not been executed,exact per-ID ledger,No exception is created here,exact per-ID ledger,None — Approved,exact per-ID ledger,None,exact per-ID ledger,None,exact per-ID ledger,Readable group plus authoritative per-ID ledger; group values reconciled without changing normative text.,exact per-ID ledger
KBDL-CUS-008,Manual/documented customization; authority; classification; workflow; intake; records; impact/evidence; review/rollback,exact per-ID ledger,KBDL-010,exact per-ID ledger,customization.md#7-manual-customization-workflow,exact per-ID ledger,Approved,exact per-ID ledger,Confirmed,exact per-ID ledger,Not verified,exact per-ID ledger,None,exact per-ID ledger,Not verified,exact per-ID ledger,Mandatory KBDL-010 workflow; project-owner-approved KBDL-010 implementation prompt,exact per-ID ledger,Workflow-stage audit,exact per-ID ledger,Not verified — validation method has not been executed,exact per-ID ledger,No real workflow history exists,exact per-ID ledger,None — Approved,exact per-ID ledger,None,exact per-ID ledger,None,exact per-ID ledger,Readable group plus authoritative per-ID ledger; group values reconciled without changing normative text.,exact per-ID ledger
KBDL-CUS-009,Manual/documented customization; authority; classification; workflow; intake; records; impact/evidence; review/rollback,exact per-ID ledger,KBDL-010,exact per-ID ledger,customization.md#8-customization-request-intake,exact per-ID ledger,Approved,exact per-ID ledger,Confirmed,exact per-ID ledger,Not verified,exact per-ID ledger,None,exact per-ID ledger,Not verified,exact per-ID ledger,Mandatory KBDL-010 intake fields; project-owner-approved KBDL-010 implementation prompt,exact per-ID ledger,Intake-field audit,exact per-ID ledger,Not verified — validation method has not been executed,exact per-ID ledger,Inapplicable fields require project rationale,exact per-ID ledger,None — Approved,exact per-ID ledger,None,exact per-ID ledger,None,exact per-ID ledger,Readable group plus authoritative per-ID ledger; group values reconciled without changing normative text.,exact per-ID ledger
KBDL-CUS-010,Manual/documented customization; authority; classification; workflow; intake; records; impact/evidence; review/rollback,exact per-ID ledger,KBDL-010,exact per-ID ledger,customization.md#11-customization-record,exact per-ID ledger,Approved,exact per-ID ledger,Confirmed,exact per-ID ledger,Not verified,exact per-ID ledger,None,exact per-ID ledger,Not verified,exact per-ID ledger,"KBDL-DEC-004, conventions, and mandatory KBDL-010 record fields",exact per-ID ledger,Programmatic field audit plus manual status review,exact per-ID ledger,Not verified — validation method has not been executed,exact per-ID ledger,No machine-readable format is mandated,exact per-ID ledger,None — Approved,exact per-ID ledger,None,exact per-ID ledger,KBDL-DEC-004,exact per-ID ledger,Readable group plus authoritative per-ID ledger; group values reconciled without changing normative text.,exact per-ID ledger
KBDL-CUS-011,Manual/documented customization; authority; classification; workflow; intake; records; impact/evidence; review/rollback,exact per-ID ledger,KBDL-010,exact per-ID ledger,customization.md#10-impact-assessment; customization.md#14-validation-and-evidence-planning,exact per-ID ledger,Approved,exact per-ID ledger,Confirmed,exact per-ID ledger,Not verified,exact per-ID ledger,None,exact per-ID ledger,Not verified,exact per-ID ledger,Mandatory KBDL-010 impact and evidence clauses; project-owner-approved KBDL-010 implementation prompt,exact per-ID ledger,Impact/evidence plan audit,exact per-ID ledger,Not verified — validation method has not been executed,exact per-ID ledger,Final KBDL validation remains later scope,exact per-ID ledger,None — Approved,exact per-ID ledger,None,exact per-ID ledger,None,exact per-ID ledger,Readable group plus authoritative per-ID ledger; group values reconciled without changing normative text.,exact per-ID ledger
KBDL-CUS-012,Manual/documented customization; authority; classification; workflow; intake; records; impact/evidence; review/rollback,exact per-ID ledger,KBDL-010,exact per-ID ledger,customization.md#15-review-expiry-change-and-rollback,exact per-ID ledger,Approved,exact per-ID ledger,Confirmed,exact per-ID ledger,Not verified,exact per-ID ledger,None,exact per-ID ledger,Not verified,exact per-ID ledger,Mandatory KBDL-010 change and rollback clauses; project-owner-approved KBDL-010 implementation prompt,exact per-ID ledger,Record-history and rollback audit,exact per-ID ledger,Not verified — validation method has not been executed,exact per-ID ledger,Exact cadence/expiry are Recommended,exact per-ID ledger,None — Approved,exact per-ID ledger,None,exact per-ID ledger,None,exact per-ID ledger,Readable group plus authoritative per-ID ledger; group values reconciled without changing normative text.,exact per-ID ledger
KBDL-CUS-013,Foundations; themes; motion; responsive; accessibility; core/system components; Profiles; security/correctness; handoff,exact per-ID ledger,KBDL-010,exact per-ID ledger,customization.md#16-foundations-customization,exact per-ID ledger,Approved,exact per-ID ledger,Confirmed,exact per-ID ledger,Not verified,exact per-ID ledger,None,exact per-ID ledger,Not verified,exact per-ID ledger,Approved foundation requirements plus mandatory KBDL-010 boundary; project-owner-approved KBDL-010 implementation prompt,exact per-ID ledger,Foundation-role/value audit,exact per-ID ledger,Not verified — validation method has not been executed,exact per-ID ledger,Project implementation absent,exact per-ID ledger,None — Approved,exact per-ID ledger,None,exact per-ID ledger,None,exact per-ID ledger,Readable group plus authoritative per-ID ledger; group values reconciled without changing normative text.,exact per-ID ledger
KBDL-CUS-014,Foundations; themes; motion; responsive; accessibility; core/system components; Profiles; security/correctness; handoff,exact per-ID ledger,KBDL-010,exact per-ID ledger,customization.md#17-theme-customization,exact per-ID ledger,Approved,exact per-ID ledger,Confirmed,exact per-ID ledger,Not verified,exact per-ID ledger,None,exact per-ID ledger,Not verified,exact per-ID ledger,"Approved KBDL-THM-003, 005, 006, 013, 014 plus mandatory KBDL-010 boundary",exact per-ID ledger,Theme-role and parity audit,exact per-ID ledger,Not verified — validation method has not been executed,exact per-ID ledger,Pending theme items remain excluded,exact per-ID ledger,None — Approved,exact per-ID ledger,None,exact per-ID ledger,None,exact per-ID ledger,Readable group plus authoritative per-ID ledger; group values reconciled without changing normative text.,exact per-ID ledger
KBDL-CUS-015,Foundations; themes; motion; responsive; accessibility; core/system components; Profiles; security/correctness; handoff,exact per-ID ledger,KBDL-010,exact per-ID ledger,customization.md#18-motion-customization,exact per-ID ledger,Approved,exact per-ID ledger,Confirmed,exact per-ID ledger,Not verified,exact per-ID ledger,None,exact per-ID ledger,Not verified,exact per-ID ledger,Approved motion requirements plus mandatory KBDL-010 boundary; project-owner-approved KBDL-010 implementation prompt,exact per-ID ledger,Motion architecture/safety audit,exact per-ID ledger,Not verified — validation method has not been executed,exact per-ID ledger,Exact component values and technology remain excluded,exact per-ID ledger,None — Approved,exact per-ID ledger,None,exact per-ID ledger,None,exact per-ID ledger,Readable group plus authoritative per-ID ledger; group values reconciled without changing normative text.,exact per-ID ledger
KBDL-CUS-016,Foundations; themes; motion; responsive; accessibility; core/system components; Profiles; security/correctness; handoff,exact per-ID ledger,KBDL-010,exact per-ID ledger,customization.md#19-responsive-customization,exact per-ID ledger,Approved,exact per-ID ledger,Confirmed,exact per-ID ledger,Not verified,exact per-ID ledger,None,exact per-ID ledger,Not verified,exact per-ID ledger,Approved responsive requirements plus mandatory KBDL-010 boundary; project-owner-approved KBDL-010 implementation prompt,exact per-ID ledger,Responsive outcome audit,exact per-ID ledger,Not verified — validation method has not been executed,exact per-ID ledger,Pending exact values remain excluded,exact per-ID ledger,None — Approved,exact per-ID ledger,None,exact per-ID ledger,None,exact per-ID ledger,Readable group plus authoritative per-ID ledger; group values reconciled without changing normative text.,exact per-ID ledger
KBDL-CUS-017,Foundations; themes; motion; responsive; accessibility; core/system components; Profiles; security/correctness; handoff,exact per-ID ledger,KBDL-010,exact per-ID ledger,customization.md#20-accessibility-customization-boundary,exact per-ID ledger,Approved,exact per-ID ledger,Confirmed,exact per-ID ledger,Not verified,exact per-ID ledger,None,exact per-ID ledger,Not verified,exact per-ID ledger,"KBDL-GOV-002, Approved accessibility requirements, and mandatory KBDL-010 boundary",exact per-ID ledger,WCAG/requirement audit,exact per-ID ledger,Not verified — validation method has not been executed,exact per-ID ledger,Implementation testing is absent,exact per-ID ledger,None — Approved,exact per-ID ledger,None,exact per-ID ledger,None,exact per-ID ledger,Readable group plus authoritative per-ID ledger; group values reconciled without changing normative text.,exact per-ID ledger
KBDL-CUS-018,Foundations; themes; motion; responsive; accessibility; core/system components; Profiles; security/correctness; handoff,exact per-ID ledger,KBDL-010,exact per-ID ledger,customization.md#21-core-component-customization,exact per-ID ledger,Approved,exact per-ID ledger,Confirmed,exact per-ID ledger,Not verified,exact per-ID ledger,None,exact per-ID ledger,Not verified,exact per-ID ledger,Approved KBDL-007 requirements plus mandatory KBDL-010 boundary; project-owner-approved KBDL-010 implementation prompt,exact per-ID ledger,Component-contract audit,exact per-ID ledger,Not verified — validation method has not been executed,exact per-ID ledger,Pending KBDL-007 items remain excluded,exact per-ID ledger,None — Approved,exact per-ID ledger,None,exact per-ID ledger,None,exact per-ID ledger,Readable group plus authoritative per-ID ledger; group values reconciled without changing normative text.,exact per-ID ledger
KBDL-CUS-019,Foundations; themes; motion; responsive; accessibility; core/system components; Profiles; security/correctness; handoff,exact per-ID ledger,KBDL-010,exact per-ID ledger,customization.md#22-system-component-customization,exact per-ID ledger,Approved,exact per-ID ledger,Confirmed,exact per-ID ledger,Not verified,exact per-ID ledger,None,exact per-ID ledger,Not verified,exact per-ID ledger,Approved KBDL-008 requirements plus mandatory KBDL-010 boundary; project-owner-approved KBDL-010 implementation prompt,exact per-ID ledger,System-component contract audit,exact per-ID ledger,Not verified — validation method has not been executed,exact per-ID ledger,Pending KBDL-008 items remain excluded,exact per-ID ledger,None — Approved,exact per-ID ledger,None,exact per-ID ledger,None,exact per-ID ledger,Readable group plus authoritative per-ID ledger; group values reconciled without changing normative text.,exact per-ID ledger
KBDL-CUS-020,Foundations; themes; motion; responsive; accessibility; core/system components; Profiles; security/correctness; handoff,exact per-ID ledger,KBDL-010,exact per-ID ledger,customization.md#23-project-profile-customization,exact per-ID ledger,Approved,exact per-ID ledger,Confirmed,exact per-ID ledger,Not verified,exact per-ID ledger,None,exact per-ID ledger,Not verified,exact per-ID ledger,"Approved KBDL-PRO-001–008, 010–015, 019–026 plus mandatory KBDL-010 boundary",exact per-ID ledger,Profile-invariant audit,exact per-ID ledger,Not verified — validation method has not been executed,exact per-ID ledger,Pending KBDL-009 policies remain excluded,exact per-ID ledger,None — Approved,exact per-ID ledger,None,exact per-ID ledger,None,exact per-ID ledger,Readable group plus authoritative per-ID ledger; group values reconciled without changing normative text.,exact per-ID ledger
KBDL-CUS-021,Foundations; themes; motion; responsive; accessibility; core/system components; Profiles; security/correctness; handoff,exact per-ID ledger,KBDL-010,exact per-ID ledger,customization.md#25-security-privacy-correctness-and-data-integrity,exact per-ID ledger,Approved,exact per-ID ledger,Confirmed,exact per-ID ledger,Not verified,exact per-ID ledger,None,exact per-ID ledger,Not verified,exact per-ID ledger,Prior Approved security/correctness requirements plus mandatory KBDL-010 boundary; project-owner-approved KBDL-010 implementation prompt,exact per-ID ledger,Security/privacy/correctness review,exact per-ID ledger,Not verified — validation method has not been executed,exact per-ID ledger,Backend architecture is out of scope,exact per-ID ledger,None — Approved,exact per-ID ledger,None,exact per-ID ledger,None,exact per-ID ledger,Readable group plus authoritative per-ID ledger; group values reconciled without changing normative text.,exact per-ID ledger
KBDL-CUS-022,Foundations; themes; motion; responsive; accessibility; core/system components; Profiles; security/correctness; handoff,exact per-ID ledger,KBDL-010,exact per-ID ledger,customization.md#13-implementation-handoff-boundary,exact per-ID ledger,Approved,exact per-ID ledger,Confirmed,exact per-ID ledger,Not verified,exact per-ID ledger,None,exact per-ID ledger,Not verified,exact per-ID ledger,Mandatory KBDL-010 handoff and scope clauses; project-owner-approved KBDL-010 implementation prompt,exact per-ID ledger,Handoff-record and artifact audit,exact per-ID ledger,Not verified — validation method has not been executed,exact per-ID ledger,No implementation handoff exists,exact per-ID ledger,None — Approved,exact per-ID ledger,None,exact per-ID ledger,None,exact per-ID ledger,Readable group plus authoritative per-ID ledger; group values reconciled without changing normative text.,exact per-ID ledger
KBDL-CUS-023,Identifier; local roles; risk/evidence and material-classification review triggers; review/expiry; precedence; reuse; archive/licensing/rollback evidence,exact per-ID ledger,KBDL-010,exact per-ID ledger,customization.md#11-customization-record,exact per-ID ledger,Recommended,exact per-ID ledger,Assumed,exact per-ID ledger,Not applicable,exact per-ID ledger,None,exact per-ID ledger,None,exact per-ID ledger,Not applicable — pending explicit project-owner approval; assignment of a CUS ID does not grant implementation authority,exact per-ID ledger,Project-owner review,exact per-ID ledger,Not verified — validation method has not been executed,exact per-ID ledger,Records use a visible placeholder meanwhile,exact per-ID ledger,Approval-ready item 1,exact per-ID ledger,None,exact per-ID ledger,None,exact per-ID ledger,Readable group plus authoritative per-ID ledger; group values reconciled without changing normative text.,exact per-ID ledger
KBDL-CUS-024,Identifier; local roles; risk/evidence and material-classification review triggers; review/expiry; precedence; reuse; archive/licensing/rollback evidence,exact per-ID ledger,KBDL-010,exact per-ID ledger,customization.md#12-approval-and-escalation-paths,exact per-ID ledger,Recommended,exact per-ID ledger,Assumed,exact per-ID ledger,Not applicable,exact per-ID ledger,None,exact per-ID ledger,None,exact per-ID ledger,Not applicable — pending explicit project-owner approval; assignment of a CUS ID does not grant implementation authority,exact per-ID ledger,Project-owner review,exact per-ID ledger,Not verified — validation method has not been executed,exact per-ID ledger,Current governance does not define exact local roles,exact per-ID ledger,Approval-ready item 2,exact per-ID ledger,None,exact per-ID ledger,None,exact per-ID ledger,Readable group plus authoritative per-ID ledger; group values reconciled without changing normative text.,exact per-ID ledger
KBDL-CUS-025,Identifier; local roles; risk/evidence and material-classification review triggers; review/expiry; precedence; reuse; archive/licensing/rollback evidence,exact per-ID ledger,KBDL-010,exact per-ID ledger,customization.md#14-validation-and-evidence-planning,exact per-ID ledger,Recommended,exact per-ID ledger,Assumed,exact per-ID ledger,Not applicable,exact per-ID ledger,None,exact per-ID ledger,None,exact per-ID ledger,Not applicable — pending explicit project-owner approval; assignment of a CUS ID does not grant implementation authority,exact per-ID ledger,Project-owner review,exact per-ID ledger,Not verified — validation method has not been executed,exact per-ID ledger,KBDL-011 does not approve this discretionary policy,exact per-ID ledger,Approval-ready item 3,exact per-ID ledger,None,exact per-ID ledger,None,exact per-ID ledger,Readable group plus authoritative per-ID ledger; group values reconciled without changing normative text.,exact per-ID ledger
KBDL-CUS-026,Identifier; local roles; risk/evidence and material-classification review triggers; review/expiry; precedence; reuse; archive/licensing/rollback evidence,exact per-ID ledger,KBDL-010,exact per-ID ledger,customization.md#15-review-expiry-change-and-rollback,exact per-ID ledger,Recommended,exact per-ID ledger,Assumed,exact per-ID ledger,Not applicable,exact per-ID ledger,None,exact per-ID ledger,None,exact per-ID ledger,Not applicable — pending explicit project-owner approval; assignment of a CUS ID does not grant implementation authority,exact per-ID ledger,Project-owner review,exact per-ID ledger,Not verified — validation method has not been executed,exact per-ID ledger,No default time period is authorized,exact per-ID ledger,Approval-ready item 4,exact per-ID ledger,None,exact per-ID ledger,None,exact per-ID ledger,Readable group plus authoritative per-ID ledger; group values reconciled without changing normative text.,exact per-ID ledger
KBDL-CUS-027,Identifier; local roles; risk/evidence and material-classification review triggers; review/expiry; precedence; reuse; archive/licensing/rollback evidence,exact per-ID ledger,KBDL-010,exact per-ID ledger,customization.md#15-review-expiry-change-and-rollback,exact per-ID ledger,Recommended,exact per-ID ledger,Assumed,exact per-ID ledger,Not applicable,exact per-ID ledger,None,exact per-ID ledger,None,exact per-ID ledger,Not applicable — pending explicit project-owner approval; assignment of a CUS ID does not grant implementation authority,exact per-ID ledger,Project-owner review,exact per-ID ledger,Not verified — validation method has not been executed,exact per-ID ledger,Conflicts stop under current rules,exact per-ID ledger,Approval-ready item 5,exact per-ID ledger,None,exact per-ID ledger,None,exact per-ID ledger,Readable group plus authoritative per-ID ledger; group values reconciled without changing normative text.,exact per-ID ledger
KBDL-CUS-028,Identifier; local roles; risk/evidence and material-classification review triggers; review/expiry; precedence; reuse; archive/licensing/rollback evidence,exact per-ID ledger,KBDL-010,exact per-ID ledger,customization.md#26-reusable-versus-project-local-customization,exact per-ID ledger,Recommended,exact per-ID ledger,Assumed,exact per-ID ledger,Not applicable,exact per-ID ledger,None,exact per-ID ledger,None,exact per-ID ledger,Not applicable — pending explicit project-owner approval; assignment of a CUS ID does not grant implementation authority,exact per-ID ledger,Project-owner review,exact per-ID ledger,Not verified — validation method has not been executed,exact per-ID ledger,Reuse always triggers review until a threshold is approved,exact per-ID ledger,Approval-ready item 6,exact per-ID ledger,None,exact per-ID ledger,None,exact per-ID ledger,Readable group plus authoritative per-ID ledger; group values reconciled without changing normative text.,exact per-ID ledger
KBDL-CUS-029,Identifier; local roles; risk/evidence and material-classification review triggers; review/expiry; precedence; reuse; archive/licensing/rollback evidence,exact per-ID ledger,KBDL-010,exact per-ID ledger,customization.md#15-review-expiry-change-and-rollback; customization.md#24-content-and-open-brand-expression,exact per-ID ledger,Recommended,exact per-ID ledger,Assumed,exact per-ID ledger,Not applicable,exact per-ID ledger,None,exact per-ID ledger,None,exact per-ID ledger,Not applicable — pending explicit project-owner approval; assignment of a CUS ID does not grant implementation authority,exact per-ID ledger,Project-owner review,exact per-ID ledger,Not verified — validation method has not been executed,exact per-ID ledger,Exact retention and evidence rules are not authorized,exact per-ID ledger,Approval-ready item 7,exact per-ID ledger,None,exact per-ID ledger,None,exact per-ID ledger,Readable group plus authoritative per-ID ledger; group values reconciled without changing normative text.,exact per-ID ledger
KBDL-CUS-030,Deferred tooling and formats,exact per-ID ledger,KBDL-010,exact per-ID ledger,customization.md#41-deferred-and-unresolved-items,exact per-ID ledger,Deferred,exact per-ID ledger,Assumed,exact per-ID ledger,Not applicable,exact per-ID ledger,None,exact per-ID ledger,None,exact per-ID ledger,Not applicable — deliberately deferred; assignment of a CUS ID does not grant implementation authority,exact per-ID ledger,Not applicable until resumed,exact per-ID ledger,Not verified — validation method has not been executed,exact per-ID ledger,"No JSON, YAML, schema, API, plugin, or automation is authorized",exact per-ID ledger,Deferred tracking,exact per-ID ledger,Later implementation/tooling authorization,exact per-ID ledger,None,exact per-ID ledger,Readable group plus authoritative per-ID ledger; group values reconciled without changing normative text.,exact per-ID ledger
KBDL-FND-001,Color architecture — semantic roles and color- only-meaning prohibition,exact per-ID ledger,KBDL-003,exact per-ID ledger,foundations/color.md#1-architectural-principles-approved,exact per-ID ledger,Approved,exact per-ID ledger,Confirmed (derived from KBDL-002),exact per-ID ledger,Not verified,exact per-ID ledger,None,exact per-ID ledger,Not verified,exact per-ID ledger,Project-owner-approved KBDL-003 implementation prompt; authoritative provenance: Confirmed (derived from KBDL-002),exact per-ID ledger,Manual review of role names against hue-independence at each later module's approval gate,exact per-ID ledger,Not verified — no theme or component content exists yet to check role usage against,exact per-ID ledger,Cannot be fully validated until THM and CMP requirements exist,exact per-ID ledger,None — Approved,exact per-ID ledger,None,exact per-ID ledger,None,exact per-ID ledger,Readable group plus authoritative per-ID ledger; group values reconciled without changing normative text.,exact per-ID ledger
KBDL-FND-002,Color architecture — semantic roles and color- only-meaning prohibition,exact per-ID ledger,KBDL-003,exact per-ID ledger,foundations/color.md#24-status-roles; foundations/iconography-media.md#11-required-principles-approved,exact per-ID ledger,Approved,exact per-ID ledger,Confirmed,exact per-ID ledger,Not verified,exact per-ID ledger,None,exact per-ID ledger,Not verified,exact per-ID ledger,Project-owner-approved KBDL-003 implementation prompt; authoritative provenance: Confirmed,exact per-ID ledger,Manual review at component-design time (later module) plus this module's conceptual examples,exact per-ID ledger,Not verified — no theme or component content exists yet to check role usage against,exact per-ID ledger,Cannot be fully validated until THM and CMP requirements exist,exact per-ID ledger,None — Approved,exact per-ID ledger,None,exact per-ID ledger,None,exact per-ID ledger,Readable group plus authoritative per-ID ledger; group values reconciled without changing normative text.,exact per-ID ledger
KBDL-FND-003,Spacing rhythm and content-driven breakpoints,exact per-ID ledger,KBDL-003,exact per-ID ledger,foundations/spacing-layout.md#1-spacing-and-sizing-logic,exact per-ID ledger,Approved,exact per-ID ledger,Confirmed,exact per-ID ledger,Not verified,exact per-ID ledger,None,exact per-ID ledger,Not verified,exact per-ID ledger,Project-owner-approved KBDL-003 implementation prompt; authoritative provenance: Confirmed,exact per-ID ledger,Manual review of spacing usage against the named step set; exceptions checked against [governance.md § Exception process](../governance.md#exception-process),exact per-ID ledger,Not verified — no responsive-behavior module exists yet,exact per-ID ledger,Cannot be fully validated until RSP requirements exist,exact per-ID ledger,None — Approved,exact per-ID ledger,None,exact per-ID ledger,None,exact per-ID ledger,Readable group plus authoritative per-ID ledger; group values reconciled without changing normative text.,exact per-ID ledger
KBDL-FND-004,Spacing rhythm and content-driven breakpoints,exact per-ID ledger,KBDL-003,exact per-ID ledger,foundations/spacing-layout.md#3-content-driven-breakpoint-philosophy-approved-principle-recommended-values,exact per-ID ledger,Approved,exact per-ID ledger,Confirmed,exact per-ID ledger,Not verified,exact per-ID ledger,None,exact per-ID ledger,Not verified,exact per-ID ledger,Project-owner-approved KBDL-003 implementation prompt; authoritative provenance: Confirmed,exact per-ID ledger,Manual review of a layout's content-priority ranking at each supported breakpoint,exact per-ID ledger,Not verified — no responsive-behavior module exists yet,exact per-ID ledger,Cannot be fully validated until RSP requirements exist,exact per-ID ledger,None — Approved,exact per-ID ledger,None,exact per-ID ledger,None,exact per-ID ledger,Readable group plus authoritative per-ID ledger; group values reconciled without changing normative text.,exact per-ID ledger
KBDL-FND-005,Depth semantics; icon and media accessibility anticipation,exact per-ID ledger,KBDL-003,exact per-ID ledger,foundations/shape-depth.md#3-elevation-and-depth,exact per-ID ledger,Approved,exact per-ID ledger,Confirmed,exact per-ID ledger,Not verified,exact per-ID ledger,None,exact per-ID ledger,Not verified,exact per-ID ledger,Project-owner-approved KBDL-003 implementation prompt; authoritative provenance: Confirmed,exact per-ID ledger,Manual review confirming a simplified fallback exists for each elevation level,exact per-ID ledger,"Manual completeness review recorded in the KBDL-003 commit — confirmed all five elevation levels list a non-shadow-dependent fallback, and both icon and media sections state their respective anticipation requirements",exact per-ID ledger,No implementation exists to execute the stated typography validation method.,exact per-ID ledger,None — Approved,exact per-ID ledger,None,exact per-ID ledger,None,exact per-ID ledger,Readable group plus authoritative per-ID ledger; group values reconciled without changing normative text.,exact per-ID ledger
KBDL-FND-006,Depth semantics; icon and media accessibility anticipation,exact per-ID ledger,KBDL-003,exact per-ID ledger,foundations/iconography-media.md#1-iconography,exact per-ID ledger,Approved,exact per-ID ledger,Confirmed,exact per-ID ledger,Not verified,exact per-ID ledger,None,exact per-ID ledger,Not verified,exact per-ID ledger,Project-owner-approved KBDL-003 implementation prompt; authoritative provenance: Confirmed,exact per-ID ledger,Manual review of icon usage against the label-pairing rule,exact per-ID ledger,"Manual completeness review recorded in the KBDL-003 commit — confirmed all five elevation levels list a non-shadow-dependent fallback, and both icon and media sections state their respective anticipation requirements",exact per-ID ledger,No implementation exists to execute the stated iconography validation method.,exact per-ID ledger,None — Approved,exact per-ID ledger,None,exact per-ID ledger,None,exact per-ID ledger,Readable group plus authoritative per-ID ledger; group values reconciled without changing normative text.,exact per-ID ledger
KBDL-FND-007,Depth semantics; icon and media accessibility anticipation,exact per-ID ledger,KBDL-003,exact per-ID ledger,foundations/iconography-media.md#2-imagery-and-media,exact per-ID ledger,Approved,exact per-ID ledger,Confirmed,exact per-ID ledger,Not verified,exact per-ID ledger,None,exact per-ID ledger,Not verified,exact per-ID ledger,Project-owner-approved KBDL-003 implementation prompt; authoritative provenance: Confirmed,exact per-ID ledger,Manual review confirming a static/paused equivalent and an anticipated accessible-text plan exist per media asset type,exact per-ID ledger,"Manual completeness review recorded in the KBDL-003 commit — confirmed all five elevation levels list a non-shadow-dependent fallback, and both icon and media sections state their respective anticipation requirements",exact per-ID ledger,No implementation exists to execute the stated spacing validation method.,exact per-ID ledger,None — Approved,exact per-ID ledger,None,exact per-ID ledger,None,exact per-ID ledger,Readable group plus authoritative per-ID ledger; group values reconciled without changing normative text.,exact per-ID ledger
KBDL-FND-008,Profile-level foundation adjustments,exact per-ID ledger,KBDL-003,exact per-ID ledger,foundations/README.md#4-project-profile-adjustments--foundation-summary,exact per-ID ledger,Approved,exact per-ID ledger,Confirmed,exact per-ID ledger,Not verified,exact per-ID ledger,None,exact per-ID ledger,Not verified,exact per-ID ledger,Project-owner-approved KBDL-003 implementation prompt; authoritative provenance: Confirmed,exact per-ID ledger,Manual cross-profile review once the project-profiles module is approved,exact per-ID ledger,Not verified — PRO requirements do not exist yet,exact per-ID ledger,Cannot be fully validated until PRO requirements exist,exact per-ID ledger,None — Approved,exact per-ID ledger,None,exact per-ID ledger,None,exact per-ID ledger,Readable group plus authoritative per-ID ledger; group values reconciled without changing normative text.,exact per-ID ledger
KBDL-FND-009,Foundation decision packet — default values,exact per-ID ledger,KBDL-003 (approved via project-owner review following KBDL-003-R1),exact per-ID ledger,foundations/color.md#3-default-foundation,exact per-ID ledger,Approved,exact per-ID ledger,User-provided,exact per-ID ledger,Mixed — Verified / Not verified,exact per-ID ledger,Verified for the contrast calculations only (see color.md §4); Not verified for suitability as a final brand palette,exact per-ID ledger,Verified for the contrast calculations only (see color.md §4); Not verified for suitability as a final brand palette,exact per-ID ledger,Approved (project owner approved via the foundation decision packet; see KBDL-DEC-012),exact per-ID ledger,"Contrast calculation (completed, see evidence); brand suitability review (not yet performed)",exact per-ID ledger,"Contrast-ratio table in foundations/color.md §4, computed via a local dependency-free script (see the KBDL-003 validation evidence for the script and full output). Updated under KBDL-003-R1: neutral-50 (3.25:1) was found to fail the 4.5:1 normal-text threshold and is now restricted to large-text/non-text-UI/decorative use only; a new neutral-60 (5.59:1) was added and verified as the safe value for normal-sized secondary/tertiary text",exact per-ID ledger,"Approval authorizes these defaults for implementation; it does not itself constitute rendering, brand-suitability, or licensing validation — those remain Not verified as noted above",exact per-ID ledger,None — Approved,exact per-ID ledger,None,exact per-ID ledger,KBDL-DEC-012,exact per-ID ledger,Readable group plus authoritative per-ID ledger; group values reconciled without changing normative text.,exact per-ID ledger
KBDL-FND-010,Foundation decision packet — default values,exact per-ID ledger,KBDL-003 (approved via project-owner review following KBDL-003-R1),exact per-ID ledger,foundations/typography.md#3-type-scale-and-text-roles,exact per-ID ledger,Approved,exact per-ID ledger,User-provided,exact per-ID ledger,Not verified,exact per-ID ledger,None,exact per-ID ledger,Not verified,exact per-ID ledger,Approved (project owner approved via the foundation decision packet; see KBDL-DEC-012),exact per-ID ledger,Licensing verification (not yet performed) plus project-owner review (completed for the strategy; the specific family remains a separate future decision),exact per-ID ledger,"Contrast-ratio table in foundations/color.md §4, computed via a local dependency-free script (see the KBDL-003 validation evidence for the script and full output). Updated under KBDL-003-R1: neutral-50 (3.25:1) was found to fail the 4.5:1 normal-text threshold and is now restricted to large-text/non-text-UI/decorative use only; a new neutral-60 (5.59:1) was added and verified as the safe value for normal-sized secondary/tertiary text",exact per-ID ledger,"Approval authorizes these defaults for implementation; it does not itself constitute rendering, brand-suitability, or licensing validation — those remain Not verified as noted above",exact per-ID ledger,None — Approved,exact per-ID ledger,None,exact per-ID ledger,KBDL-DEC-012,exact per-ID ledger,Readable group plus authoritative per-ID ledger; group values reconciled without changing normative text.,exact per-ID ledger
KBDL-FND-011,Foundation decision packet — default values,exact per-ID ledger,KBDL-003 (approved via project-owner review following KBDL-003-R1),exact per-ID ledger,foundations/spacing-layout.md#13-default-modular-spacing-system,exact per-ID ledger,Approved,exact per-ID ledger,User-provided,exact per-ID ledger,Not verified,exact per-ID ledger,None,exact per-ID ledger,Not verified,exact per-ID ledger,Approved (project owner approved via the foundation decision packet; see KBDL-DEC-012),exact per-ID ledger,Project-owner review (completed); exact pixel values validated once chosen,exact per-ID ledger,"Contrast-ratio table in foundations/color.md §4, computed via a local dependency-free script (see the KBDL-003 validation evidence for the script and full output). Updated under KBDL-003-R1: neutral-50 (3.25:1) was found to fail the 4.5:1 normal-text threshold and is now restricted to large-text/non-text-UI/decorative use only; a new neutral-60 (5.59:1) was added and verified as the safe value for normal-sized secondary/tertiary text",exact per-ID ledger,"Approval authorizes these defaults for implementation; it does not itself constitute rendering, brand-suitability, or licensing validation — those remain Not verified as noted above",exact per-ID ledger,None — Approved,exact per-ID ledger,None,exact per-ID ledger,KBDL-DEC-012,exact per-ID ledger,Readable group plus authoritative per-ID ledger; group values reconciled without changing normative text.,exact per-ID ledger
KBDL-FND-012,Foundation decision packet — default values,exact per-ID ledger,KBDL-003 (approved via project-owner review following KBDL-003-R1),exact per-ID ledger,foundations/shape-depth.md#13-default-corner-system,exact per-ID ledger,Approved,exact per-ID ledger,User-provided,exact per-ID ledger,Not verified,exact per-ID ledger,None,exact per-ID ledger,Not verified,exact per-ID ledger,Approved (project owner approved via the foundation decision packet; see KBDL-DEC-012),exact per-ID ledger,Project-owner review (completed),exact per-ID ledger,"Contrast-ratio table in foundations/color.md §4, computed via a local dependency-free script (see the KBDL-003 validation evidence for the script and full output). Updated under KBDL-003-R1: neutral-50 (3.25:1) was found to fail the 4.5:1 normal-text threshold and is now restricted to large-text/non-text-UI/decorative use only; a new neutral-60 (5.59:1) was added and verified as the safe value for normal-sized secondary/tertiary text",exact per-ID ledger,"Approval authorizes these defaults for implementation; it does not itself constitute rendering, brand-suitability, or licensing validation — those remain Not verified as noted above",exact per-ID ledger,None — Approved,exact per-ID ledger,None,exact per-ID ledger,KBDL-DEC-012,exact per-ID ledger,Readable group plus authoritative per-ID ledger; group values reconciled without changing normative text.,exact per-ID ledger
KBDL-GOV-001,Specification architecture and governance foundation,exact per-ID ledger,KBDL-001,exact per-ID ledger,governance.md#kbdl-gov-001--specification-architecture-is-established,exact per-ID ledger,Approved,exact per-ID ledger,Historical KBDL-001 prompt and approved decision record,exact per-ID ledger,Verified,exact per-ID ledger,Verified,exact per-ID ledger,None,exact per-ID ledger,Project-owner-approved KBDL-001 prompt and KBDL-DEC-002,exact per-ID ledger,"Manual review — heading hierarchy, relative-link resolution, and heading-anchor correctness checked across all KBDL-001 files",exact per-ID ledger,Manual review recorded in commit 2d356b4 (KBDL-001 initial commit); re-checked for this remediation in commit-to-follow (see decision-register.md § KBDL-DEC-011),exact per-ID ledger,"No automated Markdown linter or link checker was available in this environment; verification is manual, not tool-based",exact per-ID ledger,None — Approved,exact per-ID ledger,None,exact per-ID ledger,KBDL-DEC-002,exact per-ID ledger,Readable group plus authoritative per-ID ledger; group values reconciled without changing normative text.,exact per-ID ledger
KBDL-GOV-002,WCAG 2.2 AA baseline with enhanced motion safety (locked-rule protection),exact per-ID ledger,KBDL-001,exact per-ID ledger,governance.md#kbdl-gov-002--accessibility-requirements-are-protected,exact per-ID ledger,Approved,exact per-ID ledger,Historical KBDL-001 prompt and approved decision record,exact per-ID ledger,Not verified,exact per-ID ledger,None,exact per-ID ledger,Not verified,exact per-ID ledger,Project-owner-approved KBDL-001 prompt and KBDL-DEC-010,exact per-ID ledger,Manual review; no automated check is applicable yet,exact per-ID ledger,Not verified — no A11Y requirement exists yet for this rule to be checked against,exact per-ID ledger,"Cannot be validated against a real accessibility requirement, since none exist yet",exact per-ID ledger,None — Approved,exact per-ID ledger,None,exact per-ID ledger,KBDL-DEC-010,exact per-ID ledger,Readable group plus authoritative per-ID ledger; group values reconciled without changing normative text.,exact per-ID ledger
KBDL-GOV-003,Governance and change control,exact per-ID ledger,KBDL-001,exact per-ID ledger,governance.md#kbdl-gov-003--documentation-governance-process,exact per-ID ledger,Approved,exact per-ID ledger,Historical KBDL-001 prompt and approved decision record,exact per-ID ledger,Verified,exact per-ID ledger,Verified,exact per-ID ledger,None,exact per-ID ledger,Project-owner-approved KBDL-001 prompt and KBDL-DEC-011,exact per-ID ledger,"Manual review against this prompt's required governance topics (ownership, proposal, review, approval, scope-change, exception, deprecation, versioning, documentation-update, accessibility/motion/responsive review, conformance-review, conflict-resolution, restoration, evidence)",exact per-ID ledger,"Manual review recorded in commit 2d356b4, corrected in the remediation commit for this status-model fix",exact per-ID ledger,None identified,exact per-ID ledger,None — Approved,exact per-ID ledger,None,exact per-ID ledger,KBDL-DEC-011,exact per-ID ledger,Readable group plus authoritative per-ID ledger; group values reconciled without changing normative text.,exact per-ID ledger
KBDL-MOT-001,Motion purpose requirement; motion terminology; expressive-versus-usability conflict resolution,exact per-ID ledger,KBDL-005,exact per-ID ledger,motion/foundations.md#1-motion-purposes,exact per-ID ledger,Approved,exact per-ID ledger,Confirmed,exact per-ID ledger,Not verified,exact per-ID ledger,None,exact per-ID ledger,Not verified,exact per-ID ledger,"Approved (directly restates the locked Motion Purpose rule, principles.md §5.1); project-owner-approved KBDL-005 implementation prompt",exact per-ID ledger,Manual review confirming every documented motion pattern cites a purpose from the approved list,exact per-ID ledger,Manual review recorded in motion/validation.md §6,exact per-ID ledger,"Per-component purpose assignment depends on the Components module (CMP), not yet reached",exact per-ID ledger,None — Approved,exact per-ID ledger,None,exact per-ID ledger,None,exact per-ID ledger,Readable group plus authoritative per-ID ledger; group values reconciled without changing normative text.,exact per-ID ledger
KBDL-MOT-002,Motion purpose requirement; motion terminology; expressive-versus-usability conflict resolution,exact per-ID ledger,KBDL-005,exact per-ID ledger,motion/README.md#2-motion-terminology,exact per-ID ledger,Approved,exact per-ID ledger,User-provided,exact per-ID ledger,Not verified,exact per-ID ledger,None,exact per-ID ledger,Not verified,exact per-ID ledger,Project-owner-approved KBDL-005 implementation prompt; authoritative provenance: User-provided,exact per-ID ledger,Manual terminology-consistency review,exact per-ID ledger,Manual review recorded in motion/validation.md §6,exact per-ID ledger,"Per-component purpose assignment depends on the Components module (CMP), not yet reached",exact per-ID ledger,None — Approved,exact per-ID ledger,None,exact per-ID ledger,None,exact per-ID ledger,Readable group plus authoritative per-ID ledger; group values reconciled without changing normative text.,exact per-ID ledger
KBDL-MOT-003,Motion purpose requirement; motion terminology; expressive-versus-usability conflict resolution,exact per-ID ledger,KBDL-005,exact per-ID ledger,motion/README.md#33-relationship-and-conflict-resolution,exact per-ID ledger,Approved,exact per-ID ledger,Confirmed,exact per-ID ledger,Not verified,exact per-ID ledger,None,exact per-ID ledger,Not verified,exact per-ID ledger,Approved (directly extends KBDL-PRN-002),exact per-ID ledger,Manual review of motion decisions against the priority order; disputes escalated per [governance.md](../governance.md),exact per-ID ledger,Manual review recorded in motion/validation.md §6,exact per-ID ledger,"Per-component purpose assignment depends on the Components module (CMP), not yet reached",exact per-ID ledger,None — Approved,exact per-ID ledger,None,exact per-ID ledger,None,exact per-ID ledger,Readable group plus authoritative per-ID ledger; group values reconciled without changing normative text.,exact per-ID ledger
KBDL-MOT-004,Ten motion categories; five-level motion hierarchy; multi-factor intensity model,exact per-ID ledger,KBDL-005,exact per-ID ledger,motion/foundations.md#2-motion-categories,exact per-ID ledger,Approved,exact per-ID ledger,User-provided,exact per-ID ledger,Not verified,exact per-ID ledger,None,exact per-ID ledger,Not verified,exact per-ID ledger,"Approved (structural requirement; the categories' exact intensity defaults remain Recommended, see KBDL-MOT-006)",exact per-ID ledger,Manual completeness review per category,exact per-ID ledger,Manual review recorded in motion/validation.md §1,exact per-ID ledger,"Exceptional-level (Level 4) usage requires project-owner review each time; not yet exercised, since no implementation exists",exact per-ID ledger,None — Approved,exact per-ID ledger,None,exact per-ID ledger,None,exact per-ID ledger,Readable group plus authoritative per-ID ledger; group values reconciled without changing normative text.,exact per-ID ledger
KBDL-MOT-005,Ten motion categories; five-level motion hierarchy; multi-factor intensity model,exact per-ID ledger,KBDL-005,exact per-ID ledger,motion/foundations.md#3-motion-hierarchy,exact per-ID ledger,Approved,exact per-ID ledger,User-provided,exact per-ID ledger,Not verified,exact per-ID ledger,None,exact per-ID ledger,Not verified,exact per-ID ledger,Approved (per KBDL-DEC-014; the specific five-level structure and names were new KBDL-005 policy until this approval),exact per-ID ledger,"Manual review of Exceptional-level usage once implemented; project-owner review (performed, see [KBDL-DEC-014](../decision-register.md#kbdl-dec-014--kbdl-005-motion-decisions-approved))",exact per-ID ledger,Manual review recorded in motion/validation.md §1,exact per-ID ledger,"Exceptional-level (Level 4) usage requires project-owner review each time; not yet exercised, since no implementation exists",exact per-ID ledger,None — Approved,exact per-ID ledger,None,exact per-ID ledger,KBDL-DEC-014,exact per-ID ledger,Readable group plus authoritative per-ID ledger; group values reconciled without changing normative text.,exact per-ID ledger
KBDL-MOT-006,Ten motion categories; five-level motion hierarchy; multi-factor intensity model,exact per-ID ledger,KBDL-005,exact per-ID ledger,motion/foundations.md#4-motion-intensity,exact per-ID ledger,Approved,exact per-ID ledger,User-provided,exact per-ID ledger,Not verified,exact per-ID ledger,None,exact per-ID ledger,Not verified,exact per-ID ledger,"Approved (per KBDL-DEC-014, decision packet item 14)",exact per-ID ledger,"Manual review of intensity assessments once implemented; project-owner review (performed, see [KBDL-DEC-014](../decision-register.md#kbdl-dec-014--kbdl-005-motion-decisions-approved))",exact per-ID ledger,Manual review recorded in motion/validation.md §1,exact per-ID ledger,"Exceptional-level (Level 4) usage requires project-owner review each time; not yet exercised, since no implementation exists",exact per-ID ledger,None — Approved,exact per-ID ledger,None,exact per-ID ledger,KBDL-DEC-014,exact per-ID ledger,Readable group plus authoritative per-ID ledger; group values reconciled without changing normative text.,exact per-ID ledger
KBDL-MOT-007,Semantic timing classes; duration recommendations; easing categories and exact curves,exact per-ID ledger,KBDL-005,exact per-ID ledger,motion/timing-easing.md#1-timing-architecture,exact per-ID ledger,Approved,exact per-ID ledger,User-provided,exact per-ID ledger,Not verified,exact per-ID ledger,None,exact per-ID ledger,Not verified,exact per-ID ledger,"Approved (per KBDL-DEC-014, decision packet item 2, together with KBDL-MOT-008, as one timing system)",exact per-ID ledger,"Manual review of timing-class usage once implemented; project-owner review (performed, see [KBDL-DEC-014](../decision-register.md#kbdl-dec-014--kbdl-005-motion-decisions-approved))",exact per-ID ledger,"motion/validation.md §2 — every value has a stated purpose, exit durations are equal to or shorter than paired entrances, and no value is marked Verified without implementation evidence",exact per-ID ledger,"Approval is a lifecycle decision, not implementation validation; these values must not be treated as Verified until an implementation exists and is measured",exact per-ID ledger,None — Approved,exact per-ID ledger,None,exact per-ID ledger,KBDL-DEC-014,exact per-ID ledger,Readable group plus authoritative per-ID ledger; group values reconciled without changing normative text.,exact per-ID ledger
KBDL-MOT-008,Semantic timing classes; duration recommendations; easing categories and exact curves,exact per-ID ledger,KBDL-005,exact per-ID ledger,motion/timing-easing.md#2-duration-recommendations,exact per-ID ledger,Approved,exact per-ID ledger,User-provided,exact per-ID ledger,Not applicable,exact per-ID ledger,None,exact per-ID ledger,None,exact per-ID ledger,"Approved (per KBDL-DEC-014, decision packet item 2, together with KBDL-MOT-007, as one timing system)",exact per-ID ledger,"Project-owner review (performed, see [KBDL-DEC-014](../decision-register.md#kbdl-dec-014--kbdl-005-motion-decisions-approved)); manual implementation review once an implementation exists",exact per-ID ledger,"motion/validation.md §2 — every value has a stated purpose, exit durations are equal to or shorter than paired entrances, and no value is marked Verified without implementation evidence",exact per-ID ledger,"Approval is a lifecycle decision, not implementation validation; these values must not be treated as Verified until an implementation exists and is measured",exact per-ID ledger,None — Approved,exact per-ID ledger,None,exact per-ID ledger,KBDL-DEC-014,exact per-ID ledger,Readable group plus authoritative per-ID ledger; group values reconciled without changing normative text.,exact per-ID ledger
KBDL-MOT-009,Semantic timing classes; duration recommendations; easing categories and exact curves,exact per-ID ledger,KBDL-005,exact per-ID ledger,motion/timing-easing.md#3-easing-architecture,exact per-ID ledger,Approved,exact per-ID ledger,User-provided,exact per-ID ledger,Not applicable,exact per-ID ledger,None,exact per-ID ledger,None,exact per-ID ledger,"Approved (per KBDL-DEC-014, decision packet item 3)",exact per-ID ledger,"Manual conceptual review (performed, see [timing-easing.md §3](timing-easing.md#3-easing-architecture)); project-owner approval (performed, see [KBDL-DEC-014](../decision-register.md#kbdl-dec-014--kbdl-005-motion-decisions-approved))",exact per-ID ledger,"motion/validation.md §2 — every value has a stated purpose, exit durations are equal to or shorter than paired entrances, and no value is marked Verified without implementation evidence",exact per-ID ledger,"Approval is a lifecycle decision, not implementation validation; these values must not be treated as Verified until an implementation exists and is measured",exact per-ID ledger,None — Approved,exact per-ID ledger,None,exact per-ID ledger,KBDL-DEC-014,exact per-ID ledger,Readable group plus authoritative per-ID ledger; group values reconciled without changing normative text.,exact per-ID ledger
KBDL-MOT-010,Spatial-movement constraints; choreography and sequencing; entrance/exit behavior,exact per-ID ledger,KBDL-005,exact per-ID ledger,motion/foundations.md#6-spatial-movement,exact per-ID ledger,Approved,exact per-ID ledger,User-provided,exact per-ID ledger,Not verified,exact per-ID ledger,None,exact per-ID ledger,Not verified,exact per-ID ledger,"Approved (per KBDL-DEC-014, decision packet item 4)",exact per-ID ledger,"Manual review once implemented; project-owner review (performed, see [KBDL-DEC-014](../decision-register.md#kbdl-dec-014--kbdl-005-motion-decisions-approved))",exact per-ID ledger,Not verified — no implementation exists yet,exact per-ID ledger,Exact pixel/percentage movement and scale values are deferred to the Components module,exact per-ID ledger,None — Approved,exact per-ID ledger,None,exact per-ID ledger,KBDL-DEC-014,exact per-ID ledger,Readable group plus authoritative per-ID ledger; group values reconciled without changing normative text.,exact per-ID ledger
KBDL-MOT-011,Spatial-movement constraints; choreography and sequencing; entrance/exit behavior,exact per-ID ledger,KBDL-005,exact per-ID ledger,motion/foundations.md#5-choreography-and-sequencing,exact per-ID ledger,Approved,exact per-ID ledger,User-provided,exact per-ID ledger,Not verified,exact per-ID ledger,None,exact per-ID ledger,Not verified,exact per-ID ledger,"Approved (per KBDL-DEC-014, decision packet item 5)",exact per-ID ledger,"Manual review once implemented; project-owner review (performed, see [KBDL-DEC-014](../decision-register.md#kbdl-dec-014--kbdl-005-motion-decisions-approved))",exact per-ID ledger,Not verified — no implementation exists yet,exact per-ID ledger,Exact pixel/percentage movement and scale values are deferred to the Components module,exact per-ID ledger,None — Approved,exact per-ID ledger,None,exact per-ID ledger,KBDL-DEC-014,exact per-ID ledger,Readable group plus authoritative per-ID ledger; group values reconciled without changing normative text.,exact per-ID ledger
KBDL-MOT-012,Spatial-movement constraints; choreography and sequencing; entrance/exit behavior,exact per-ID ledger,KBDL-005,exact per-ID ledger,motion/foundations.md#7-entrance-and-exit-behavior,exact per-ID ledger,Approved,exact per-ID ledger,Confirmed,exact per-ID ledger,Not verified,exact per-ID ledger,None,exact per-ID ledger,Not verified,exact per-ID ledger,Approved (directly restates the safety/correctness priority already established in KBDL-PRN-002 and §3.3),exact per-ID ledger,Manual review once implemented; project-owner review (not yet performed),exact per-ID ledger,Not verified — no implementation exists yet,exact per-ID ledger,Exact pixel/percentage movement and scale values are deferred to the Components module,exact per-ID ledger,None — Approved,exact per-ID ledger,None,exact per-ID ledger,None,exact per-ID ledger,Readable group plus authoritative per-ID ledger; group values reconciled without changing normative text.,exact per-ID ledger
KBDL-MOT-013,Navigation continuity; loading/progress; direct manipulation; attention motion; ambient/continuous motion; scroll-linked motion; media motion,exact per-ID ledger,KBDL-005,exact per-ID ledger,motion/patterns.md#1-navigation-and-spatial-continuity,exact per-ID ledger,Approved,exact per-ID ledger,User-provided,exact per-ID ledger,Not verified,exact per-ID ledger,None,exact per-ID ledger,Not verified,exact per-ID ledger,"Approved (per KBDL-DEC-014, decision packet item 15)",exact per-ID ledger,"Manual review once implemented; project-owner review (performed, see [KBDL-DEC-014](../decision-register.md#kbdl-dec-014--kbdl-005-motion-decisions-approved))",exact per-ID ledger,Not verified — no implementation exists yet,exact per-ID ledger,Exact repetition limits (attention motion) and scroll thresholds remain qualitative pending implementation-level review,exact per-ID ledger,None — Approved,exact per-ID ledger,None,exact per-ID ledger,KBDL-DEC-014,exact per-ID ledger,Readable group plus authoritative per-ID ledger; group values reconciled without changing normative text.,exact per-ID ledger
KBDL-MOT-014,Navigation continuity; loading/progress; direct manipulation; attention motion; ambient/continuous motion; scroll-linked motion; media motion,exact per-ID ledger,KBDL-005,exact per-ID ledger,motion/patterns.md#2-loading-and-progress,exact per-ID ledger,Approved,exact per-ID ledger,Confirmed,exact per-ID ledger,Not verified,exact per-ID ledger,None,exact per-ID ledger,Not verified,exact per-ID ledger,"Approved (directly restates Technical Utility's ""visible progress"" and ""error prevention"" qualities); project-owner-approved KBDL-005 implementation prompt",exact per-ID ledger,Manual review once implemented; project-owner review (not yet performed),exact per-ID ledger,Not verified — no implementation exists yet,exact per-ID ledger,Exact repetition limits (attention motion) and scroll thresholds remain qualitative pending implementation-level review,exact per-ID ledger,None — Approved,exact per-ID ledger,None,exact per-ID ledger,None,exact per-ID ledger,Readable group plus authoritative per-ID ledger; group values reconciled without changing normative text.,exact per-ID ledger
KBDL-MOT-015,Navigation continuity; loading/progress; direct manipulation; attention motion; ambient/continuous motion; scroll-linked motion; media motion,exact per-ID ledger,KBDL-005,exact per-ID ledger,motion/patterns.md#3-direct-manipulation-and-gesture-response,exact per-ID ledger,Approved,exact per-ID ledger,Confirmed,exact per-ID ledger,Not verified,exact per-ID ledger,None,exact per-ID ledger,Not verified,exact per-ID ledger,Approved (directly restates accessibility's requirement for a non-gesture equivalent); project-owner-approved KBDL-005 implementation prompt,exact per-ID ledger,Manual review once implemented; project-owner review (not yet performed),exact per-ID ledger,Not verified — no implementation exists yet,exact per-ID ledger,Exact repetition limits (attention motion) and scroll thresholds remain qualitative pending implementation-level review,exact per-ID ledger,None — Approved,exact per-ID ledger,None,exact per-ID ledger,None,exact per-ID ledger,Readable group plus authoritative per-ID ledger; group values reconciled without changing normative text.,exact per-ID ledger
KBDL-MOT-016,Navigation continuity; loading/progress; direct manipulation; attention motion; ambient/continuous motion; scroll-linked motion; media motion,exact per-ID ledger,KBDL-005,exact per-ID ledger,motion/patterns.md#4-attention-motion,exact per-ID ledger,Approved,exact per-ID ledger,Confirmed,exact per-ID ledger,Not verified,exact per-ID ledger,None,exact per-ID ledger,Not verified,exact per-ID ledger,"Approved (directly restates the locked component-state-clarity rule — ""must not rely on color/motion alone"" — and Accessibility by Default); project-owner-approved KBDL-005 implementation prompt",exact per-ID ledger,Manual review once implemented; project-owner review (not yet performed),exact per-ID ledger,Not verified — no implementation exists yet,exact per-ID ledger,Exact repetition limits (attention motion) and scroll thresholds remain qualitative pending implementation-level review,exact per-ID ledger,None — Approved,exact per-ID ledger,None,exact per-ID ledger,None,exact per-ID ledger,Readable group plus authoritative per-ID ledger; group values reconciled without changing normative text.,exact per-ID ledger
KBDL-MOT-017,Navigation continuity; loading/progress; direct manipulation; attention motion; ambient/continuous motion; scroll-linked motion; media motion,exact per-ID ledger,KBDL-005,exact per-ID ledger,motion/patterns.md#5-ambient-and-continuous-motion,exact per-ID ledger,Approved,exact per-ID ledger,Confirmed,exact per-ID ledger,Not verified,exact per-ID ledger,None,exact per-ID ledger,Not verified,exact per-ID ledger,"Approved (directly restates the locked Motion Purpose rule that continuous motion must be controlled, and the already-Approved reduced-motion requirement KBDL-THM-012a)",exact per-ID ledger,Manual review once implemented; project-owner review (not yet performed),exact per-ID ledger,Not verified — no implementation exists yet,exact per-ID ledger,Exact repetition limits (attention motion) and scroll thresholds remain qualitative pending implementation-level review,exact per-ID ledger,None — Approved,exact per-ID ledger,None,exact per-ID ledger,None,exact per-ID ledger,Readable group plus authoritative per-ID ledger; group values reconciled without changing normative text.,exact per-ID ledger
KBDL-MOT-018,Navigation continuity; loading/progress; direct manipulation; attention motion; ambient/continuous motion; scroll-linked motion; media motion,exact per-ID ledger,KBDL-005,exact per-ID ledger,motion/patterns.md#6-scroll-linked-motion,exact per-ID ledger,Approved,exact per-ID ledger,Confirmed,exact per-ID ledger,Not verified,exact per-ID ledger,None,exact per-ID ledger,Not verified,exact per-ID ledger,"Approved (directly restates accessibility's requirement that content remain accessible without script/animation, and the reduced-motion requirement); project-owner-approved KBDL-005 implementation prompt",exact per-ID ledger,Manual review once implemented; project-owner review (not yet performed),exact per-ID ledger,Not verified — no implementation exists yet,exact per-ID ledger,Exact repetition limits (attention motion) and scroll thresholds remain qualitative pending implementation-level review,exact per-ID ledger,None — Approved,exact per-ID ledger,None,exact per-ID ledger,None,exact per-ID ledger,Readable group plus authoritative per-ID ledger; group values reconciled without changing normative text.,exact per-ID ledger
KBDL-MOT-019,Navigation continuity; loading/progress; direct manipulation; attention motion; ambient/continuous motion; scroll-linked motion; media motion,exact per-ID ledger,KBDL-005,exact per-ID ledger,motion/patterns.md#7-media-motion,exact per-ID ledger,Approved,exact per-ID ledger,Confirmed,exact per-ID ledger,Not verified,exact per-ID ledger,None,exact per-ID ledger,Not verified,exact per-ID ledger,"Approved (directly restates WCAG 2.2 AA's autoplay-with-sound prohibition and pause/stop requirement, already adopted under KBDL-DEC-010)",exact per-ID ledger,Manual review once implemented; project-owner review (not yet performed),exact per-ID ledger,Not verified — no implementation exists yet,exact per-ID ledger,Exact repetition limits (attention motion) and scroll thresholds remain qualitative pending implementation-level review,exact per-ID ledger,None — Approved,exact per-ID ledger,None,exact per-ID ledger,KBDL-DEC-010,exact per-ID ledger,Readable group plus authoritative per-ID ledger; group values reconciled without changing normative text.,exact per-ID ledger
KBDL-MOT-020,Concrete duration/easing for the KBDL-004 theme-transition rules,exact per-ID ledger,KBDL-005,exact per-ID ledger,motion/patterns.md#8-theme-transition-motion,exact per-ID ledger,Approved,exact per-ID ledger,User-provided,exact per-ID ledger,Not verified,exact per-ID ledger,None,exact per-ID ledger,Not verified,exact per-ID ledger,"Approved (per KBDL-DEC-014, decision packet item 10; the underlying non-blocking, readable, focus-preserving requirements were already Approved under KBDL-THM-012/012a and are unaffected)",exact per-ID ledger,"Manual review of the worked example (performed, see [patterns.md §8](patterns.md#8-theme-transition-motion)); project-owner review (performed, see [KBDL-DEC-014](../decision-register.md#kbdl-dec-014--kbdl-005-motion-decisions-approved))",exact per-ID ledger,"motion/patterns.md §8 — conceptually verified against the already-Verified opaque contrast pair (17.17:1, unrelated example) and the KBDL-004 non-blocking/readability requirements; no live implementation has been rendered or measured",exact per-ID ledger,No intermediate-frame contrast measurement has actually been performed against a live implementation,exact per-ID ledger,None — Approved,exact per-ID ledger,None,exact per-ID ledger,KBDL-DEC-014,exact per-ID ledger,Readable group plus authoritative per-ID ledger; group values reconciled without changing normative text.,exact per-ID ledger
KBDL-MOT-021,Interruption/reversal/recovery; reduced-motion and no-motion parity; motion safety; performance requirements; mobile/input-method considerations; profile consistency; approval-gate governance,exact per-ID ledger,KBDL-005,exact per-ID ledger,motion/patterns.md#9-interruption-reversal-and-recovery,exact per-ID ledger,Approved,exact per-ID ledger,Confirmed,exact per-ID ledger,Not verified,exact per-ID ledger,None,exact per-ID ledger,Not verified,exact per-ID ledger,Approved (directly restates safety/correctness and state-comprehension priorities); project-owner-approved KBDL-005 implementation prompt,exact per-ID ledger,Manual review once implemented; project-owner review (not yet performed),exact per-ID ledger,"motion/validation.md §3 (reduced-motion parity, passed) and motion/validation.md §4 (pattern coverage, passed)",exact per-ID ledger,"No implementation exists to measure actual frame rate, input latency, or cross-input-method behavior",exact per-ID ledger,None — Approved,exact per-ID ledger,None,exact per-ID ledger,None,exact per-ID ledger,Readable group plus authoritative per-ID ledger; group values reconciled without changing normative text.,exact per-ID ledger
KBDL-MOT-022,Interruption/reversal/recovery; reduced-motion and no-motion parity; motion safety; performance requirements; mobile/input-method considerations; profile consistency; approval-gate governance,exact per-ID ledger,KBDL-005,exact per-ID ledger,motion/accessibility-performance.md#1-reduced-motion-and-no-motion-parity,exact per-ID ledger,Approved,exact per-ID ledger,Confirmed,exact per-ID ledger,Not verified,exact per-ID ledger,None,exact per-ID ledger,Not verified,exact per-ID ledger,"Approved (directly restates KBDL-THM-012a and KBDL's enhanced motion-safety baseline, KBDL-DEC-010)",exact per-ID ledger,"Manual parity review per pattern (performed, see [accessibility-performance.md §1](accessibility-performance.md#1-reduced-motion-and-no-motion-parity)); implementation-level review not yet performed",exact per-ID ledger,"motion/validation.md §3 (reduced-motion parity, passed) and motion/validation.md §4 (pattern coverage, passed)",exact per-ID ledger,"No implementation exists to measure actual frame rate, input latency, or cross-input-method behavior",exact per-ID ledger,None — Approved,exact per-ID ledger,None,exact per-ID ledger,KBDL-DEC-010,exact per-ID ledger,Readable group plus authoritative per-ID ledger; group values reconciled without changing normative text.,exact per-ID ledger
KBDL-MOT-023,Interruption/reversal/recovery; reduced-motion and no-motion parity; motion safety; performance requirements; mobile/input-method considerations; profile consistency; approval-gate governance,exact per-ID ledger,KBDL-005,exact per-ID ledger,motion/accessibility-performance.md#2-motion-safety,exact per-ID ledger,Approved,exact per-ID ledger,Confirmed,exact per-ID ledger,Not verified,exact per-ID ledger,None,exact per-ID ledger,Not verified,exact per-ID ledger,"Approved (directly restates KBDL's enhanced motion-safety requirement, KBDL-DEC-010)",exact per-ID ledger,Manual review once implemented; project-owner review (not yet performed),exact per-ID ledger,"motion/validation.md §3 (reduced-motion parity, passed) and motion/validation.md §4 (pattern coverage, passed)",exact per-ID ledger,"No implementation exists to measure actual frame rate, input latency, or cross-input-method behavior",exact per-ID ledger,None — Approved,exact per-ID ledger,None,exact per-ID ledger,KBDL-DEC-010,exact per-ID ledger,Readable group plus authoritative per-ID ledger; group values reconciled without changing normative text.,exact per-ID ledger
KBDL-MOT-024,Interruption/reversal/recovery; reduced-motion and no-motion parity; motion safety; performance requirements; mobile/input-method considerations; profile consistency; approval-gate governance,exact per-ID ledger,KBDL-005,exact per-ID ledger,motion/accessibility-performance.md#3-performance-requirements,exact per-ID ledger,Approved,exact per-ID ledger,Confirmed,exact per-ID ledger,Not verified,exact per-ID ledger,None,exact per-ID ledger,Not verified,exact per-ID ledger,"Approved (directly restates Performance-Aware Enhancement, KBDL-PRN-003/§6.9)",exact per-ID ledger,Implementation-level performance measurement (not yet performed — no implementation exists),exact per-ID ledger,"motion/validation.md §3 (reduced-motion parity, passed) and motion/validation.md §4 (pattern coverage, passed)",exact per-ID ledger,"No implementation exists to measure actual frame rate, input latency, or cross-input-method behavior",exact per-ID ledger,None — Approved,exact per-ID ledger,None,exact per-ID ledger,None,exact per-ID ledger,Readable group plus authoritative per-ID ledger; group values reconciled without changing normative text.,exact per-ID ledger
KBDL-MOT-025,Interruption/reversal/recovery; reduced-motion and no-motion parity; motion safety; performance requirements; mobile/input-method considerations; profile consistency; approval-gate governance,exact per-ID ledger,KBDL-005,exact per-ID ledger,motion/accessibility-performance.md#4-mobile-and-input-method-considerations,exact per-ID ledger,Approved,exact per-ID ledger,Confirmed,exact per-ID ledger,Not verified,exact per-ID ledger,None,exact per-ID ledger,Not verified,exact per-ID ledger,Approved (directly restates Accessibility by Default); project-owner-approved KBDL-005 implementation prompt,exact per-ID ledger,Manual review once implemented; project-owner review (not yet performed),exact per-ID ledger,"motion/validation.md §3 (reduced-motion parity, passed) and motion/validation.md §4 (pattern coverage, passed)",exact per-ID ledger,"No implementation exists to measure actual frame rate, input latency, or cross-input-method behavior",exact per-ID ledger,None — Approved,exact per-ID ledger,None,exact per-ID ledger,None,exact per-ID ledger,Readable group plus authoritative per-ID ledger; group values reconciled without changing normative text.,exact per-ID ledger
KBDL-MOT-026,Interruption/reversal/recovery; reduced-motion and no-motion parity; motion safety; performance requirements; mobile/input-method considerations; profile consistency; approval-gate governance,exact per-ID ledger,KBDL-005,exact per-ID ledger,motion/patterns.md#10-profile-level-motion-interpretation,exact per-ID ledger,Approved,exact per-ID ledger,Confirmed,exact per-ID ledger,Not verified,exact per-ID ledger,None,exact per-ID ledger,Not verified,exact per-ID ledger,"Approved (directly restates KBDL-PRN-007, Adaptability Without Fragmentation)",exact per-ID ledger,Manual cross-profile review once the project-profiles module is approved,exact per-ID ledger,"motion/validation.md §3 (reduced-motion parity, passed) and motion/validation.md §4 (pattern coverage, passed)",exact per-ID ledger,"No implementation exists to measure actual frame rate, input latency, or cross-input-method behavior",exact per-ID ledger,None — Approved,exact per-ID ledger,None,exact per-ID ledger,None,exact per-ID ledger,Readable group plus authoritative per-ID ledger; group values reconciled without changing normative text.,exact per-ID ledger
KBDL-MOT-027,Interruption/reversal/recovery; reduced-motion and no-motion parity; motion safety; performance requirements; mobile/input-method considerations; profile consistency; approval-gate governance,exact per-ID ledger,KBDL-005,exact per-ID ledger,motion/README.md#10-motion-decision-packet,exact per-ID ledger,Approved,exact per-ID ledger,Confirmed,exact per-ID ledger,Not applicable,exact per-ID ledger,None,exact per-ID ledger,None,exact per-ID ledger,Approved (this governance rule itself directly restates conventions.md §1.1); project-owner-approved KBDL-005 implementation prompt,exact per-ID ledger,Manual review confirming no Recommended motion value is implemented or marked Approved without a decision-register entry,exact per-ID ledger,"motion/validation.md §3 (reduced-motion parity, passed) and motion/validation.md §4 (pattern coverage, passed)",exact per-ID ledger,"No implementation exists to measure actual frame rate, input latency, or cross-input-method behavior",exact per-ID ledger,None — Approved,exact per-ID ledger,None,exact per-ID ledger,None,exact per-ID ledger,Readable group plus authoritative per-ID ledger; group values reconciled without changing normative text.,exact per-ID ledger
KBDL-MOT-028,Entrance-versus-exit duration relationship; attention repetition default; detailed ambient-motion boundaries; detailed scroll-linked-motion boundaries; reduced-motion substitution matrix; conceptual motion-token naming architecture; profile-level motion-intensity adjustments,exact per-ID ledger,KBDL-005-R1 (added during remediation to separate new KBDL-005 policy that was previously bundled inside an Approved core requirement's section without its own lifecycle record),exact per-ID ledger,motion/foundations.md#7-entrance-and-exit-behavior,exact per-ID ledger,Approved,exact per-ID ledger,User-provided,exact per-ID ledger,Not applicable,exact per-ID ledger,None,exact per-ID ledger,None,exact per-ID ledger,"Approved (per KBDL-DEC-014, decision packet item 6)",exact per-ID ledger,"Manual review once implemented; project-owner review (performed, see [KBDL-DEC-014](../decision-register.md#kbdl-dec-014--kbdl-005-motion-decisions-approved))",exact per-ID ledger,Not verified — no implementation exists yet; conceptual manual review recorded in motion/validation.md where applicable,exact per-ID ledger,"Approval is a lifecycle decision, not implementation validation; these values must not be treated as Verified until an implementation exists and is measured",exact per-ID ledger,None — Approved,exact per-ID ledger,None,exact per-ID ledger,KBDL-DEC-014,exact per-ID ledger,Readable group plus authoritative per-ID ledger; group values reconciled without changing normative text.,exact per-ID ledger
KBDL-MOT-029,Entrance-versus-exit duration relationship; attention repetition default; detailed ambient-motion boundaries; detailed scroll-linked-motion boundaries; reduced-motion substitution matrix; conceptual motion-token naming architecture; profile-level motion-intensity adjustments,exact per-ID ledger,KBDL-005-R1 (added during remediation to separate new KBDL-005 policy that was previously bundled inside an Approved core requirement's section without its own lifecycle record),exact per-ID ledger,motion/patterns.md#4-attention-motion,exact per-ID ledger,Approved,exact per-ID ledger,User-provided,exact per-ID ledger,Not applicable,exact per-ID ledger,None,exact per-ID ledger,None,exact per-ID ledger,"Approved (per KBDL-DEC-014, decision packet item 7)",exact per-ID ledger,"Manual review once implemented; project-owner review (performed, see [KBDL-DEC-014](../decision-register.md#kbdl-dec-014--kbdl-005-motion-decisions-approved))",exact per-ID ledger,Not verified — no implementation exists yet; conceptual manual review recorded in motion/validation.md where applicable,exact per-ID ledger,"Approval is a lifecycle decision, not implementation validation; these values must not be treated as Verified until an implementation exists and is measured",exact per-ID ledger,None — Approved,exact per-ID ledger,None,exact per-ID ledger,KBDL-DEC-014,exact per-ID ledger,Readable group plus authoritative per-ID ledger; group values reconciled without changing normative text.,exact per-ID ledger
KBDL-MOT-030,Entrance-versus-exit duration relationship; attention repetition default; detailed ambient-motion boundaries; detailed scroll-linked-motion boundaries; reduced-motion substitution matrix; conceptual motion-token naming architecture; profile-level motion-intensity adjustments,exact per-ID ledger,KBDL-005-R1 (added during remediation to separate new KBDL-005 policy that was previously bundled inside an Approved core requirement's section without its own lifecycle record),exact per-ID ledger,motion/patterns.md#5-ambient-and-continuous-motion,exact per-ID ledger,Approved,exact per-ID ledger,User-provided,exact per-ID ledger,Not verified,exact per-ID ledger,None,exact per-ID ledger,Not verified,exact per-ID ledger,"Approved (per KBDL-DEC-014, decision packet item 8)",exact per-ID ledger,"Manual review once implemented; project-owner review (performed, see [KBDL-DEC-014](../decision-register.md#kbdl-dec-014--kbdl-005-motion-decisions-approved))",exact per-ID ledger,Not verified — no implementation exists yet; conceptual manual review recorded in motion/validation.md where applicable,exact per-ID ledger,"Approval is a lifecycle decision, not implementation validation; these values must not be treated as Verified until an implementation exists and is measured",exact per-ID ledger,None — Approved,exact per-ID ledger,None,exact per-ID ledger,KBDL-DEC-014,exact per-ID ledger,Readable group plus authoritative per-ID ledger; group values reconciled without changing normative text.,exact per-ID ledger
KBDL-MOT-031,Entrance-versus-exit duration relationship; attention repetition default; detailed ambient-motion boundaries; detailed scroll-linked-motion boundaries; reduced-motion substitution matrix; conceptual motion-token naming architecture; profile-level motion-intensity adjustments,exact per-ID ledger,KBDL-005-R1 (added during remediation to separate new KBDL-005 policy that was previously bundled inside an Approved core requirement's section without its own lifecycle record),exact per-ID ledger,motion/patterns.md#6-scroll-linked-motion,exact per-ID ledger,Approved,exact per-ID ledger,User-provided,exact per-ID ledger,Not verified,exact per-ID ledger,None,exact per-ID ledger,Not verified,exact per-ID ledger,"Approved (per KBDL-DEC-014, decision packet item 9)",exact per-ID ledger,"Manual review once implemented; project-owner review (performed, see [KBDL-DEC-014](../decision-register.md#kbdl-dec-014--kbdl-005-motion-decisions-approved))",exact per-ID ledger,Not verified — no implementation exists yet; conceptual manual review recorded in motion/validation.md where applicable,exact per-ID ledger,"Approval is a lifecycle decision, not implementation validation; these values must not be treated as Verified until an implementation exists and is measured",exact per-ID ledger,None — Approved,exact per-ID ledger,None,exact per-ID ledger,KBDL-DEC-014,exact per-ID ledger,Readable group plus authoritative per-ID ledger; group values reconciled without changing normative text.,exact per-ID ledger
KBDL-MOT-032,Entrance-versus-exit duration relationship; attention repetition default; detailed ambient-motion boundaries; detailed scroll-linked-motion boundaries; reduced-motion substitution matrix; conceptual motion-token naming architecture; profile-level motion-intensity adjustments,exact per-ID ledger,KBDL-005-R1 (added during remediation to separate new KBDL-005 policy that was previously bundled inside an Approved core requirement's section without its own lifecycle record),exact per-ID ledger,motion/accessibility-performance.md#14-per-category-parity-matrix,exact per-ID ledger,Approved,exact per-ID ledger,User-provided,exact per-ID ledger,Not applicable,exact per-ID ledger,None,exact per-ID ledger,None,exact per-ID ledger,"Approved (per KBDL-DEC-014, decision packet item 11)",exact per-ID ledger,"Manual review (performed, see [motion/validation.md §3](validation.md#3-reduced-motion-matrix-review-performed)); project-owner review (performed, see [KBDL-DEC-014](../decision-register.md#kbdl-dec-014--kbdl-005-motion-decisions-approved))",exact per-ID ledger,Not verified — no implementation exists yet; conceptual manual review recorded in motion/validation.md where applicable,exact per-ID ledger,"Approval is a lifecycle decision, not implementation validation; these values must not be treated as Verified until an implementation exists and is measured",exact per-ID ledger,None — Approved,exact per-ID ledger,None,exact per-ID ledger,KBDL-DEC-014,exact per-ID ledger,Readable group plus authoritative per-ID ledger; group values reconciled without changing normative text.,exact per-ID ledger
KBDL-MOT-033,Entrance-versus-exit duration relationship; attention repetition default; detailed ambient-motion boundaries; detailed scroll-linked-motion boundaries; reduced-motion substitution matrix; conceptual motion-token naming architecture; profile-level motion-intensity adjustments,exact per-ID ledger,KBDL-005-R1 (added during remediation to separate new KBDL-005 policy that was previously bundled inside an Approved core requirement's section without its own lifecycle record),exact per-ID ledger,motion/timing-easing.md#4-conceptual-motion-tokens,exact per-ID ledger,Approved,exact per-ID ledger,User-provided,exact per-ID ledger,Not applicable,exact per-ID ledger,None,exact per-ID ledger,None,exact per-ID ledger,"Approved (per KBDL-DEC-014, decision packet item 12)",exact per-ID ledger,"Manual review once implemented; project-owner review (performed, see [KBDL-DEC-014](../decision-register.md#kbdl-dec-014--kbdl-005-motion-decisions-approved))",exact per-ID ledger,Not verified — no implementation exists yet; conceptual manual review recorded in motion/validation.md where applicable,exact per-ID ledger,"Approval is a lifecycle decision, not implementation validation; these values must not be treated as Verified until an implementation exists and is measured",exact per-ID ledger,None — Approved,exact per-ID ledger,None,exact per-ID ledger,KBDL-DEC-014,exact per-ID ledger,Readable group plus authoritative per-ID ledger; group values reconciled without changing normative text.,exact per-ID ledger
KBDL-MOT-034,Entrance-versus-exit duration relationship; attention repetition default; detailed ambient-motion boundaries; detailed scroll-linked-motion boundaries; reduced-motion substitution matrix; conceptual motion-token naming architecture; profile-level motion-intensity adjustments,exact per-ID ledger,KBDL-005-R1 (added during remediation to separate new KBDL-005 policy that was previously bundled inside an Approved core requirement's section without its own lifecycle record),exact per-ID ledger,motion/patterns.md#10-profile-level-motion-interpretation,exact per-ID ledger,Approved,exact per-ID ledger,User-provided,exact per-ID ledger,Not verified,exact per-ID ledger,None,exact per-ID ledger,Not verified,exact per-ID ledger,"Approved (per KBDL-DEC-014, decision packet item 13)",exact per-ID ledger,"Manual cross-profile review once the project-profiles module is approved; project-owner review (performed, see [KBDL-DEC-014](../decision-register.md#kbdl-dec-014--kbdl-005-motion-decisions-approved))",exact per-ID ledger,Not verified — no implementation exists yet; conceptual manual review recorded in motion/validation.md where applicable,exact per-ID ledger,"Approval is a lifecycle decision, not implementation validation; these values must not be treated as Verified until an implementation exists and is measured",exact per-ID ledger,None — Approved,exact per-ID ledger,None,exact per-ID ledger,KBDL-DEC-014,exact per-ID ledger,Readable group plus authoritative per-ID ledger; group values reconciled without changing normative text.,exact per-ID ledger
KBDL-PRN-001,"KBDL identity, personality, and explicit exclusions",exact per-ID ledger,KBDL-002,exact per-ID ledger,principles.md#1-identity-statement,exact per-ID ledger,Approved,exact per-ID ledger,User-provided (blueprint) and Confirmed (derived from KBDL-001 decisions),exact per-ID ledger,Not verified,exact per-ID ledger,None,exact per-ID ledger,Not verified,exact per-ID ledger,Project-owner-approved KBDL-002 implementation prompt; authoritative provenance: User-provided (blueprint) and Confirmed (derived from KBDL-001 decisions),exact per-ID ledger,Manual design review against this section at each later module's approval gate,exact per-ID ledger,"Not verified — validation method has not yet been run against a later module, since none exist yet",exact per-ID ledger,"Cannot be checked against real foundation, theme, or component content until those modules exist",exact per-ID ledger,None — Approved,exact per-ID ledger,None,exact per-ID ledger,None,exact per-ID ledger,Readable group plus authoritative per-ID ledger; group values reconciled without changing normative text.,exact per-ID ledger
KBDL-PRN-002,Relationship between Digital Luxury and Technical Utility,exact per-ID ledger,KBDL-002,exact per-ID ledger,principles.md#4-relationship-between-luxury-and-utility,exact per-ID ledger,Approved,exact per-ID ledger,User-provided,exact per-ID ledger,Not verified,exact per-ID ledger,None,exact per-ID ledger,Not verified,exact per-ID ledger,Project-owner-approved KBDL-002 implementation prompt; authoritative provenance: User-provided,exact per-ID ledger,Manual review of design decisions against the priority order; disputes escalated per Section 8,exact per-ID ledger,Not verified,exact per-ID ledger,No real design decisions exist yet to test the priority order against,exact per-ID ledger,None — Approved,exact per-ID ledger,None,exact per-ID ledger,None,exact per-ID ledger,Readable group plus authoritative per-ID ledger; group values reconciled without changing normative text.,exact per-ID ledger
KBDL-PRN-003,Core enforceable design principles,exact per-ID ledger,KBDL-002,exact per-ID ledger,principles.md#6-core-principles,exact per-ID ledger,Approved,exact per-ID ledger,User-provided,exact per-ID ledger,Not verified,exact per-ID ledger,None,exact per-ID ledger,Not verified,exact per-ID ledger,Project-owner-approved KBDL-002 implementation prompt; authoritative provenance: User-provided,exact per-ID ledger,"Manual review using each principle's review questions, at each later module's approval gate",exact per-ID ledger,Not verified — the requirement's later-module approval-gate method has not been executed completely,exact per-ID ledger,Complete evidence across every later module is unavailable,exact per-ID ledger,None — Approved,exact per-ID ledger,None,exact per-ID ledger,None,exact per-ID ledger,Readable group plus authoritative per-ID ledger; group values reconciled without changing normative text.,exact per-ID ledger
KBDL-PRN-004,Cross-project visual consistency,exact per-ID ledger,KBDL-002,exact per-ID ledger,principles.md#7-visual-consistency,exact per-ID ledger,Approved,exact per-ID ledger,User-provided,exact per-ID ledger,Not verified,exact per-ID ledger,None,exact per-ID ledger,Not verified,exact per-ID ledger,Project-owner-approved KBDL-002 implementation prompt; authoritative provenance: User-provided,exact per-ID ledger,"Manual cross-reference review once foundation, theme, and responsive modules are approved",exact per-ID ledger,Not verified — dependent modules do not exist yet,exact per-ID ledger,"Cannot be fully validated until FND, THM, and RSP requirements exist",exact per-ID ledger,None — Approved,exact per-ID ledger,None,exact per-ID ledger,None,exact per-ID ledger,Readable group plus authoritative per-ID ledger; group values reconciled without changing normative text.,exact per-ID ledger
KBDL-PRN-005,Stable and variable identity elements,exact per-ID ledger,KBDL-002,exact per-ID ledger,principles.md#5-stable-and-variable-identity-elements,exact per-ID ledger,Approved,exact per-ID ledger,User-provided,exact per-ID ledger,Not verified,exact per-ID ledger,None,exact per-ID ledger,Not verified,exact per-ID ledger,Project-owner-approved KBDL-002 implementation prompt; authoritative provenance: User-provided,exact per-ID ledger,Manual review of any proposed exception against the exception process,exact per-ID ledger,Not verified — the requirement's full later-module and implementation review has not been executed,exact per-ID ledger,Controlled-variable ranges are intentionally undefined pending later modules,exact per-ID ledger,None — Approved,exact per-ID ledger,None,exact per-ID ledger,None,exact per-ID ledger,Readable group plus authoritative per-ID ledger; group values reconciled without changing normative text.,exact per-ID ledger
KBDL-PRN-006,Design-decision hierarchy and conflict handling,exact per-ID ledger,KBDL-002,exact per-ID ledger,principles.md#8-design-decision-hierarchy,exact per-ID ledger,Approved,exact per-ID ledger,User-provided,exact per-ID ledger,Not verified,exact per-ID ledger,None,exact per-ID ledger,Not verified,exact per-ID ledger,Project-owner-approved KBDL-002 implementation prompt; authoritative provenance: User-provided,exact per-ID ledger,Manual review of decision records against the hierarchy; conflicts escalated per governance's conflict-resolution process,exact per-ID ledger,Not verified — no real design decision has been escalated through this hierarchy yet,exact per-ID ledger,Later-module conflict-resolution behavior has not been executed.,exact per-ID ledger,None — Approved,exact per-ID ledger,None,exact per-ID ledger,None,exact per-ID ledger,Readable group plus authoritative per-ID ledger; group values reconciled without changing normative text.,exact per-ID ledger
KBDL-PRN-007,Profile-level interpretation of shared principles,exact per-ID ledger,KBDL-002,exact per-ID ledger,principles.md#9-profile-level-interpretation,exact per-ID ledger,Approved,exact per-ID ledger,User-provided,exact per-ID ledger,Not verified,exact per-ID ledger,None,exact per-ID ledger,Not verified,exact per-ID ledger,Project-owner-approved KBDL-002 implementation prompt; authoritative provenance: User-provided,exact per-ID ledger,Manual cross-profile consistency review once the project-profiles module is approved,exact per-ID ledger,Not verified — the project-profiles module (PRO) does not exist yet,exact per-ID ledger,Cannot be fully validated until PRO requirements exist,exact per-ID ledger,None — Approved,exact per-ID ledger,None,exact per-ID ledger,None,exact per-ID ledger,Readable group plus authoritative per-ID ledger; group values reconciled without changing normative text.,exact per-ID ledger
KBDL-PRN-008,Conceptual examples distinguishing conformance from non-conformance,exact per-ID ledger,KBDL-002,exact per-ID ledger,principles.md#10-conforming-design-directions; principles.md#11-non-conforming-design-directions,exact per-ID ledger,Approved,exact per-ID ledger,User-provided,exact per-ID ledger,Not verified,exact per-ID ledger,None,exact per-ID ledger,Not verified,exact per-ID ledger,Project-owner-approved KBDL-002 implementation prompt; authoritative provenance: User-provided,exact per-ID ledger,"Manual conformance review against the pattern list at each later module's approval gate, recorded in the [conformance checklist](conformance-checklist.md). ---",exact per-ID ledger,Not verified — example-count evidence does not execute the requirement's later-module conformance-review method,exact per-ID ledger,Examples are conceptual; no mockups or token values exist to check them against yet,exact per-ID ledger,None — Approved,exact per-ID ledger,None,exact per-ID ledger,None,exact per-ID ledger,Readable group plus authoritative per-ID ledger; group values reconciled without changing normative text.,exact per-ID ledger
KBDL-PRO-001,Profile architecture; terminology; locked/controlled/open classification; profile selection and declaration,exact per-ID ledger,KBDL-009,exact per-ID ledger,profiles.md#5-profile-architecture; profiles.md#9-cross-profile-invariants,exact per-ID ledger,Approved,exact per-ID ledger,Confirmed,exact per-ID ledger,Not verified,exact per-ID ledger,None,exact per-ID ledger,Not verified,exact per-ID ledger,"restates and consolidates the already-Approved KBDL-PRN-007, KBDL-FND-008, KBDL-THM-006, KBDL-MOT-026, KBDL-A11Y-040, KBDL-CMP-051, and KBDL-CMP-066, each of which independently requires shared architecture in its own module",exact per-ID ledger,"Manual cross-profile architecture review (performed for this document's own consistency, see implementation report).",exact per-ID ledger,Not verified — no implementation exists yet,exact per-ID ledger,Implementation-level profile behavior is not verified; no coded project profile exists yet to test against,exact per-ID ledger,None — Approved,exact per-ID ledger,None,exact per-ID ledger,None,exact per-ID ledger,Readable group plus authoritative per-ID ledger; group values reconciled without changing normative text.,exact per-ID ledger
KBDL-PRO-002,Profile architecture; terminology; locked/controlled/open classification; profile selection and declaration,exact per-ID ledger,KBDL-009,exact per-ID ledger,profiles.md#4-project-profile-terminology,exact per-ID ledger,Approved,exact per-ID ledger,Confirmed,exact per-ID ledger,Not verified,exact per-ID ledger,None,exact per-ID ledger,Not verified,exact per-ID ledger,"the accessibility-preference distinction restates the already-Approved independence of reduced-motion and forced-colors preferences from any presentational grouping, accessibility.md §44; the complete terminology distinction is an explicit mandatory clause of the approved KBDL-009 prompt's Terminology section",exact per-ID ledger,Manual terminology-consistency review.,exact per-ID ledger,Not verified — no implementation exists yet,exact per-ID ledger,Implementation-level profile behavior is not verified; no coded project profile exists yet to test against,exact per-ID ledger,None — Approved,exact per-ID ledger,None,exact per-ID ledger,None,exact per-ID ledger,Readable group plus authoritative per-ID ledger; group values reconciled without changing normative text.,exact per-ID ledger
KBDL-PRO-003,Profile architecture; terminology; locked/controlled/open classification; profile selection and declaration,exact per-ID ledger,KBDL-009,exact per-ID ledger,profiles.md#7-locked-controlled-and-open-profile-decisions,exact per-ID ledger,Approved,exact per-ID ledger,Confirmed,exact per-ID ledger,Not verified,exact per-ID ledger,None,exact per-ID ledger,Not verified,exact per-ID ledger,"restates principles.md §9.4 and the design-decision hierarchy, principles.md §8; project-owner-approved KBDL-009 implementation prompt",exact per-ID ledger,Manual review once a project profile is implemented.,exact per-ID ledger,Not verified — no implementation exists yet,exact per-ID ledger,Implementation-level profile behavior is not verified; no coded project profile exists yet to test against,exact per-ID ledger,None — Approved,exact per-ID ledger,None,exact per-ID ledger,None,exact per-ID ledger,Readable group plus authoritative per-ID ledger; group values reconciled without changing normative text.,exact per-ID ledger
KBDL-PRO-004,Profile architecture; terminology; locked/controlled/open classification; profile selection and declaration,exact per-ID ledger,KBDL-009,exact per-ID ledger,profiles.md#7-locked-controlled-and-open-profile-decisions,exact per-ID ledger,Approved,exact per-ID ledger,Confirmed,exact per-ID ledger,Not verified,exact per-ID ledger,None,exact per-ID ledger,Not verified,exact per-ID ledger,restates principles.md §5.2 and the already-Approved per-module profile-interpretation sections cited in §3; project-owner-approved KBDL-009 implementation prompt,exact per-ID ledger,Manual review once a project profile is implemented.,exact per-ID ledger,Not verified — no implementation exists yet,exact per-ID ledger,Implementation-level profile behavior is not verified; no coded project profile exists yet to test against,exact per-ID ledger,None — Approved,exact per-ID ledger,None,exact per-ID ledger,None,exact per-ID ledger,Readable group plus authoritative per-ID ledger; group values reconciled without changing normative text.,exact per-ID ledger
KBDL-PRO-005,Profile architecture; terminology; locked/controlled/open classification; profile selection and declaration,exact per-ID ledger,KBDL-009,exact per-ID ledger,profiles.md#7-locked-controlled-and-open-profile-decisions,exact per-ID ledger,Approved,exact per-ID ledger,Confirmed,exact per-ID ledger,Not verified,exact per-ID ledger,None,exact per-ID ledger,Not verified,exact per-ID ledger,restates principles.md §5.3; project-owner-approved KBDL-009 implementation prompt,exact per-ID ledger,Manual review once a project profile is implemented.,exact per-ID ledger,Not verified — no implementation exists yet,exact per-ID ledger,"Not applicable — restates an existing scope/governance rule, not independently testable against an implementation",exact per-ID ledger,None — Approved,exact per-ID ledger,None,exact per-ID ledger,None,exact per-ID ledger,Readable group plus authoritative per-ID ledger; group values reconciled without changing normative text.,exact per-ID ledger
KBDL-PRO-006,Profile architecture; terminology; locked/controlled/open classification; profile selection and declaration,exact per-ID ledger,KBDL-009,exact per-ID ledger,profiles.md#7-locked-controlled-and-open-profile-decisions; profiles.md#35-kbdl-006-approval-boundary-audit; profiles.md#37-kbdl-008-approval-boundary-audit,exact per-ID ledger,Approved,exact per-ID ledger,Confirmed,exact per-ID ledger,Not applicable,exact per-ID ledger,None,exact per-ID ledger,None,exact per-ID ledger,"scope-control requirement, explicit mandatory clause of the approved KBDL-009 prompt's Locked/Controlled/ Open section",exact per-ID ledger,"Manual scope-compliance review (performed, see implementation report).",exact per-ID ledger,Not verified — no implementation exists yet,exact per-ID ledger,"Not applicable — scope-control requirement, not independently testable against an implementation",exact per-ID ledger,None — Approved,exact per-ID ledger,None,exact per-ID ledger,None,exact per-ID ledger,Readable group plus authoritative per-ID ledger; group values reconciled without changing normative text.,exact per-ID ledger
KBDL-PRO-007,Profile architecture; terminology; locked/controlled/open classification; profile selection and declaration,exact per-ID ledger,KBDL-009,exact per-ID ledger,profiles.md#8-profile-selection-and-declaration,exact per-ID ledger,Approved,exact per-ID ledger,Confirmed,exact per-ID ledger,Not applicable,exact per-ID ledger,None,exact per-ID ledger,None,exact per-ID ledger,the required field list is an explicit mandatory clause of the approved KBDL-009 prompt's Profile Selection and Declaration section,exact per-ID ledger,Manual review of a project's declaration once one exists.,exact per-ID ledger,Not verified — no implementation exists yet,exact per-ID ledger,No project profile declaration exists yet to review against this requirement's field list,exact per-ID ledger,None — Approved,exact per-ID ledger,None,exact per-ID ledger,None,exact per-ID ledger,Readable group plus authoritative per-ID ledger; group values reconciled without changing normative text.,exact per-ID ledger
KBDL-PRO-008,Profile architecture; terminology; locked/controlled/open classification; profile selection and declaration,exact per-ID ledger,KBDL-009,exact per-ID ledger,profiles.md#8-profile-selection-and-declaration,exact per-ID ledger,Approved,exact per-ID ledger,Confirmed,exact per-ID ledger,Not applicable,exact per-ID ledger,None,exact per-ID ledger,None,exact per-ID ledger,"explicit mandatory clause of the approved KBDL-009 prompt's Profile Selection and Declaration section; also extends the already-Approved Accessibility by Default principle, principles.md §6.8",exact per-ID ledger,Manual review of a project's stated selection rationale.,exact per-ID ledger,Not verified — no implementation exists yet,exact per-ID ledger,"No project profile declaration exists yet to review against this requirement. Whether a project must select exactly one primary profile, may select a secondary profile, or may use a hybrid model is new governance policy:",exact per-ID ledger,None — Approved,exact per-ID ledger,None,exact per-ID ledger,None,exact per-ID ledger,Readable group plus authoritative per-ID ledger; group values reconciled without changing normative text.,exact per-ID ledger
KBDL-PRO-009,Profile architecture; terminology; locked/controlled/open classification; profile selection and declaration,exact per-ID ledger,KBDL-009,exact per-ID ledger,profiles.md#8-profile-selection-and-declaration; profiles.md#33-kbdl-009-decision-packet,exact per-ID ledger,Recommended,exact per-ID ledger,Assumed,exact per-ID ledger,Not applicable,exact per-ID ledger,None,exact per-ID ledger,None,exact per-ID ledger,Not applicable — pending explicit project-owner approval; assignment of a PRO ID does not grant implementation authority,exact per-ID ledger,Project-owner review (not yet performed).,exact per-ID ledger,Not verified — no implementation exists yet,exact per-ID ledger,Recommended — grants no implementation authority pending project-owner review; see the decision packet,exact per-ID ledger,Approval-ready item 1,exact per-ID ledger,None,exact per-ID ledger,None,exact per-ID ledger,Readable group plus authoritative per-ID ledger; group values reconciled without changing normative text.,exact per-ID ledger
KBDL-PRO-010,Showcase Profile; Precision Profile; Flow Profile; component interpretation per profile,exact per-ID ledger,KBDL-009,exact per-ID ledger,profiles.md#101-purpose,exact per-ID ledger,Approved,exact per-ID ledger,Confirmed,exact per-ID ledger,Not verified,exact per-ID ledger,None,exact per-ID ledger,Not verified,exact per-ID ledger,"consolidates the already-Approved Showcase interpretation already established in principles.md §9.1, foundations/README.md §4.1, themes/README.md §8 Showcase, motion/patterns.md §10.1, and responsive.md §28; project-owner-approved KBDL-009 implementation prompt",exact per-ID ledger,Manual cross-module consistency review.,exact per-ID ledger,Not verified — no implementation exists yet,exact per-ID ledger,Implementation-level profile behavior is not verified; no coded project profile exists yet to test against. ### 10.2 Component Interpretation,exact per-ID ledger,None — Approved,exact per-ID ledger,None,exact per-ID ledger,None,exact per-ID ledger,Readable group plus authoritative per-ID ledger; group values reconciled without changing normative text.,exact per-ID ledger
KBDL-PRO-011,Showcase Profile; Precision Profile; Flow Profile; component interpretation per profile,exact per-ID ledger,KBDL-009,exact per-ID ledger,profiles.md#111-purpose,exact per-ID ledger,Approved,exact per-ID ledger,Confirmed,exact per-ID ledger,Not verified,exact per-ID ledger,None,exact per-ID ledger,Not verified,exact per-ID ledger,"consolidates the already-Approved Precision interpretation in principles.md §9.2, foundations/README.md §4.2, themes/README.md §8 Precision, motion/patterns.md §10.2, and responsive.md §29; project-owner-approved KBDL-009 implementation prompt",exact per-ID ledger,Manual cross-module consistency review.,exact per-ID ledger,Not verified — no implementation exists yet,exact per-ID ledger,Implementation-level profile behavior is not verified; no coded project profile exists yet to test against. ### 11.2 Component Interpretation,exact per-ID ledger,None — Approved,exact per-ID ledger,None,exact per-ID ledger,None,exact per-ID ledger,Readable group plus authoritative per-ID ledger; group values reconciled without changing normative text.,exact per-ID ledger
KBDL-PRO-012,Showcase Profile; Precision Profile; Flow Profile; component interpretation per profile,exact per-ID ledger,KBDL-009,exact per-ID ledger,profiles.md#121-purpose,exact per-ID ledger,Approved,exact per-ID ledger,Confirmed,exact per-ID ledger,Not verified,exact per-ID ledger,None,exact per-ID ledger,Not verified,exact per-ID ledger,"consolidates the already-Approved Flow interpretation in principles.md §9.3, foundations/README.md §4.3, themes/README.md §8 Flow, motion/patterns.md §10.3, and responsive.md §30; project-owner-approved KBDL-009 implementation prompt",exact per-ID ledger,Manual cross-module consistency review.,exact per-ID ledger,Not verified — no implementation exists yet,exact per-ID ledger,Implementation-level profile behavior is not verified; no coded project profile exists yet to test against. ### 12.2 Component Interpretation,exact per-ID ledger,None — Approved,exact per-ID ledger,None,exact per-ID ledger,None,exact per-ID ledger,Readable group plus authoritative per-ID ledger; group values reconciled without changing normative text.,exact per-ID ledger
KBDL-PRO-013,Showcase Profile; Precision Profile; Flow Profile; component interpretation per profile,exact per-ID ledger,KBDL-009,exact per-ID ledger,profiles.md#102-component-interpretation,exact per-ID ledger,Approved,exact per-ID ledger,Confirmed,exact per-ID ledger,Not verified,exact per-ID ledger,None,exact per-ID ledger,Not verified,exact per-ID ledger,"restates the already-Approved KBDL-CMP-051, KBDL-CMP-066, KBDL-CMP-055 hover-independent- discoverability prohibition, KBDL-CMP-072 tooltip-naming- independence rule, and KBDL-CMP-107 carousel pause/stop/hide requirement",exact per-ID ledger,Manual component-composition review.,exact per-ID ledger,Not verified — no implementation exists yet,exact per-ID ledger,Implementation-level profile behavior is not verified; no coded project profile exists yet to test against. Any exact Showcase card-variant or composition default remains new policy:,exact per-ID ledger,None — Approved,exact per-ID ledger,None,exact per-ID ledger,None,exact per-ID ledger,Readable group plus authoritative per-ID ledger; group values reconciled without changing normative text.,exact per-ID ledger
KBDL-PRO-014,Showcase Profile; Precision Profile; Flow Profile; component interpretation per profile,exact per-ID ledger,KBDL-009,exact per-ID ledger,profiles.md#112-component-interpretation,exact per-ID ledger,Approved,exact per-ID ledger,Confirmed,exact per-ID ledger,Not verified,exact per-ID ledger,None,exact per-ID ledger,Not verified,exact per-ID ledger,"restates the already-Approved KBDL-CMP-051, KBDL-CMP-066, KBDL-CMP-010 WCAG 24×24 target- size minimum, KBDL-CMP-070 native-table/grid-misuse prohibition, and KBDL-CMP-055 hover-independent-discoverability prohibition",exact per-ID ledger,Manual component-composition review. This requirement does not adopt the pending grid-versus-table threshold (KBDL-CMP-105) or data-dense transformation strategy (KBDL-RSP-011) as authority — both remain cited only as unapproved context (see [§37](#37-kbdl-008-approval-boundary-audit)).,exact per-ID ledger,Not verified — no implementation exists yet,exact per-ID ledger,Implementation-level profile behavior is not verified; no coded project profile exists yet to test against. Any exact Precision density or component-variant default remains new policy:,exact per-ID ledger,None — Approved,exact per-ID ledger,"None blocking; KBDL-CMP-105, KBDL-RSP-011 cited as unapproved context only, not adopted as authority",exact per-ID ledger,None,exact per-ID ledger,Readable group plus authoritative per-ID ledger; group values reconciled without changing normative text.,exact per-ID ledger
KBDL-PRO-015,Showcase Profile; Precision Profile; Flow Profile; component interpretation per profile,exact per-ID ledger,KBDL-009,exact per-ID ledger,profiles.md#122-component-interpretation,exact per-ID ledger,Approved,exact per-ID ledger,Confirmed,exact per-ID ledger,Not verified,exact per-ID ledger,None,exact per-ID ledger,Not verified,exact per-ID ledger,"restates the already-Approved KBDL-CMP-051, KBDL-CMP-066, and KBDL-CMP-090 toast critical-information-persistence requirement",exact per-ID ledger,Manual component-composition review. This requirement does not adopt the pending button-hierarchy (KBDL-CMP-015) or form-action-row-ordering (KBDL-CMP-036) recommendations as authority for Flow's action sequences — both remain cited only as unapproved context (see [§36](#36-kbdl-007-approval-boundary-audit)).,exact per-ID ledger,Not verified — no implementation exists yet,exact per-ID ledger,Implementation-level profile behavior is not verified; no coded project profile exists yet to test against. Any exact Flow action-hierarchy or workflow-component default remains new policy:,exact per-ID ledger,None — Approved,exact per-ID ledger,"None blocking; KBDL-CMP-015, KBDL-CMP-036 cited as unapproved context only, not adopted as authority",exact per-ID ledger,None,exact per-ID ledger,Readable group plus authoritative per-ID ledger; group values reconciled without changing normative text.,exact per-ID ledger
KBDL-PRO-016,Showcase Profile; Precision Profile; Flow Profile; component interpretation per profile,exact per-ID ledger,KBDL-009,exact per-ID ledger,profiles.md#102-component-interpretation; profiles.md#34-approval-ready-versus-contingent-decisions,exact per-ID ledger,Recommended,exact per-ID ledger,Assumed,exact per-ID ledger,Not applicable,exact per-ID ledger,None,exact per-ID ledger,None,exact per-ID ledger,Not applicable — pending explicit project-owner approval; assignment of a PRO ID does not grant implementation authority,exact per-ID ledger,Project-owner review (not yet performed); not independently approvable until KBDL-CMP-067 is approved.,exact per-ID ledger,Not verified — no implementation exists yet,exact per-ID ledger,Contingent on the unapproved KBDL-008 KBDL-CMP-067; cannot be approved independently through the KBDL-009 packet until KBDL-CMP-067 is approved or replaced,exact per-ID ledger,Contingent — [§33.3](#333-unresolved-or-not-approval-ready); not independently approval-ready,exact per-ID ledger,KBDL-CMP-067 (KBDL-008) — blocking,exact per-ID ledger,None,exact per-ID ledger,Readable group plus authoritative per-ID ledger; group values reconciled without changing normative text.,exact per-ID ledger
KBDL-PRO-017,Showcase Profile; Precision Profile; Flow Profile; component interpretation per profile,exact per-ID ledger,KBDL-009,exact per-ID ledger,profiles.md#112-component-interpretation; profiles.md#33-kbdl-009-decision-packet,exact per-ID ledger,Recommended,exact per-ID ledger,Assumed,exact per-ID ledger,Not applicable,exact per-ID ledger,None,exact per-ID ledger,None,exact per-ID ledger,Not applicable — pending explicit project-owner approval; assignment of a PRO ID does not grant implementation authority,exact per-ID ledger,Project-owner review (not yet performed).,exact per-ID ledger,Not verified — no implementation exists yet,exact per-ID ledger,Recommended — grants no implementation authority pending project-owner review; see the decision packet,exact per-ID ledger,Approval-ready item 2,exact per-ID ledger,"None blocking; KBDL-RSP-002, KBDL-RSP-003 cited as unapproved context only for the eventual exact grid-interaction point, not required for this item's own approval",exact per-ID ledger,None,exact per-ID ledger,Readable group plus authoritative per-ID ledger; group values reconciled without changing normative text.,exact per-ID ledger
KBDL-PRO-018,Showcase Profile; Precision Profile; Flow Profile; component interpretation per profile,exact per-ID ledger,KBDL-009,exact per-ID ledger,profiles.md#122-component-interpretation; profiles.md#34-approval-ready-versus-contingent-decisions,exact per-ID ledger,Recommended,exact per-ID ledger,Assumed,exact per-ID ledger,Not applicable,exact per-ID ledger,None,exact per-ID ledger,None,exact per-ID ledger,Not applicable — pending explicit project-owner approval; assignment of a PRO ID does not grant implementation authority,exact per-ID ledger,Project-owner review (not yet performed); not independently approvable until KBDL-CMP-015/036 are approved.,exact per-ID ledger,Not verified — no implementation exists yet,exact per-ID ledger,Contingent on the unapproved KBDL-007 KBDL-CMP-015/036; cannot be approved independently through the KBDL-009 packet until those are approved or replaced,exact per-ID ledger,Contingent — [§33.3](#333-unresolved-or-not-approval-ready); not independently approval-ready,exact per-ID ledger,"KBDL-CMP-015, KBDL-CMP-036 (KBDL-007) — blocking",exact per-ID ledger,None,exact per-ID ledger,Readable group plus authoritative per-ID ledger; group values reconciled without changing normative text.,exact per-ID ledger
KBDL-PRO-019,"Principles/core-component/system-component mapping; content and communication; security, privacy, and correctness; profile conflicts; profile adoption and change management",exact per-ID ledger,KBDL-009,exact per-ID ledger,profiles.md#14-principles-mapping,exact per-ID ledger,Approved,exact per-ID ledger,Confirmed,exact per-ID ledger,Not verified,exact per-ID ledger,None,exact per-ID ledger,Not verified,exact per-ID ledger,"restates the already-Approved KBDL-PRN-003, extended explicitly to per-profile mapping",exact per-ID ledger,Manual principle-by-principle review using each principle's review questions ([principles.md §6](principles.md#6-core-principles)).,exact per-ID ledger,Not verified — no implementation exists yet,exact per-ID ledger,Implementation-level profile behavior is not verified; no coded project profile exists yet to test against,exact per-ID ledger,None — Approved,exact per-ID ledger,None,exact per-ID ledger,None,exact per-ID ledger,Readable group plus authoritative per-ID ledger; group values reconciled without changing normative text.,exact per-ID ledger
KBDL-PRO-020,"Principles/core-component/system-component mapping; content and communication; security, privacy, and correctness; profile conflicts; profile adoption and change management",exact per-ID ledger,KBDL-009,exact per-ID ledger,profiles.md#20-core-component-mapping,exact per-ID ledger,Approved,exact per-ID ledger,Confirmed,exact per-ID ledger,Not verified,exact per-ID ledger,None,exact per-ID ledger,Not verified,exact per-ID ledger,restates and extends the already- Approved KBDL-CMP-051 explicitly to this module's own mapping,exact per-ID ledger,Manual cross-profile component-semantics review.,exact per-ID ledger,Not verified — no implementation exists yet,exact per-ID ledger,Implementation-level profile behavior is not verified; no coded project profile exists yet to test against,exact per-ID ledger,None — Approved,exact per-ID ledger,None,exact per-ID ledger,None,exact per-ID ledger,Readable group plus authoritative per-ID ledger; group values reconciled without changing normative text.,exact per-ID ledger
KBDL-PRO-021,"Principles/core-component/system-component mapping; content and communication; security, privacy, and correctness; profile conflicts; profile adoption and change management",exact per-ID ledger,KBDL-009,exact per-ID ledger,profiles.md#21-system-component-mapping,exact per-ID ledger,Approved,exact per-ID ledger,Confirmed,exact per-ID ledger,Not verified,exact per-ID ledger,None,exact per-ID ledger,Not verified,exact per-ID ledger,restates and extends the already- Approved KBDL-CMP-066 explicitly to this module's own mapping,exact per-ID ledger,Manual cross-profile component-semantics review.,exact per-ID ledger,Not verified — no implementation exists yet,exact per-ID ledger,Implementation-level profile behavior is not verified; no coded project profile exists yet to test against,exact per-ID ledger,None — Approved,exact per-ID ledger,None,exact per-ID ledger,None,exact per-ID ledger,Readable group plus authoritative per-ID ledger; group values reconciled without changing normative text.,exact per-ID ledger
KBDL-PRO-022,"Principles/core-component/system-component mapping; content and communication; security, privacy, and correctness; profile conflicts; profile adoption and change management",exact per-ID ledger,KBDL-009,exact per-ID ledger,profiles.md#22-content-and-communication-considerations,exact per-ID ledger,Approved,exact per-ID ledger,Confirmed,exact per-ID ledger,Not verified,exact per-ID ledger,None,exact per-ID ledger,Not verified,exact per-ID ledger,"restates the already-Approved Consumer Comprehension principle, principles.md §6.3, and the already-Approved KBDL-CMP-101/103 honest-system-state- communication rules",exact per-ID ledger,Manual content review. Showcase may emphasize editorial storytelling and project narrative; Precision may emphasize scannable labels and operational precision; Flow may emphasize reassuring instructions and recovery guidance — none of these emphases changes the shared requirements above.,exact per-ID ledger,Not verified — no implementation exists yet,exact per-ID ledger,Implementation-level profile behavior is not verified; no coded project profile exists yet to test against,exact per-ID ledger,None — Approved,exact per-ID ledger,None,exact per-ID ledger,None,exact per-ID ledger,Readable group plus authoritative per-ID ledger; group values reconciled without changing normative text.,exact per-ID ledger
KBDL-PRO-023,"Principles/core-component/system-component mapping; content and communication; security, privacy, and correctness; profile conflicts; profile adoption and change management",exact per-ID ledger,KBDL-009,exact per-ID ledger,profiles.md#23-security-privacy-and-correctness,exact per-ID ledger,Approved,exact per-ID ledger,Confirmed,exact per-ID ledger,Not verified,exact per-ID ledger,None,exact per-ID ledger,Not verified,exact per-ID ledger,"restates the already-Approved KBDL-CMP-063, 064, 098, 101, 103, 104 security and correctness principles, extended explicitly to profile emphasis by the approved KBDL-009 prompt's Security Requirements section",exact per-ID ledger,Manual security review. Precision density must not obscure permissions or errors; Showcase expression must not expose private media or metadata; Flow reassurance must not make unconfirmed success claims — each restates the shared rule above for its own emphasis area.,exact per-ID ledger,Not verified — no implementation exists yet,exact per-ID ledger,Implementation-level profile behavior is not verified; no coded project profile exists yet to test against,exact per-ID ledger,None — Approved,exact per-ID ledger,None,exact per-ID ledger,None,exact per-ID ledger,Readable group plus authoritative per-ID ledger; group values reconciled without changing normative text.,exact per-ID ledger
KBDL-PRO-024,"Principles/core-component/system-component mapping; content and communication; security, privacy, and correctness; profile conflicts; profile adoption and change management",exact per-ID ledger,KBDL-009,exact per-ID ledger,profiles.md#24-profile-conflicts-and-exception-handling,exact per-ID ledger,Approved,exact per-ID ledger,Confirmed,exact per-ID ledger,Not verified,exact per-ID ledger,None,exact per-ID ledger,Not verified,exact per-ID ledger,restates principles.md §8 and governance.md § Exception process; project-owner-approved KBDL-009 implementation prompt,exact per-ID ledger,Manual review of any proposed exception against the governance exception process.,exact per-ID ledger,Not verified — no implementation exists yet,exact per-ID ledger,Implementation-level profile behavior is not verified; no coded project profile exists yet to test against,exact per-ID ledger,None — Approved,exact per-ID ledger,None,exact per-ID ledger,None,exact per-ID ledger,Readable group plus authoritative per-ID ledger; group values reconciled without changing normative text.,exact per-ID ledger
KBDL-PRO-025,"Principles/core-component/system-component mapping; content and communication; security, privacy, and correctness; profile conflicts; profile adoption and change management",exact per-ID ledger,KBDL-009,exact per-ID ledger,profiles.md#24-profile-conflicts-and-exception-handling,exact per-ID ledger,Approved,exact per-ID ledger,Confirmed,exact per-ID ledger,Not applicable,exact per-ID ledger,None,exact per-ID ledger,None,exact per-ID ledger,"scope-control requirement, explicit mandatory clause of the approved KBDL-009 prompt",exact per-ID ledger,"Manual scope-compliance review (performed, see implementation report).",exact per-ID ledger,Not verified — no implementation exists yet,exact per-ID ledger,"Not applicable — scope-control requirement, not independently testable against an implementation",exact per-ID ledger,None — Approved,exact per-ID ledger,None,exact per-ID ledger,None,exact per-ID ledger,Readable group plus authoritative per-ID ledger; group values reconciled without changing normative text.,exact per-ID ledger
KBDL-PRO-026,"Principles/core-component/system-component mapping; content and communication; security, privacy, and correctness; profile conflicts; profile adoption and change management",exact per-ID ledger,KBDL-009,exact per-ID ledger,profiles.md#25-profile-adoption-and-change-management,exact per-ID ledger,Approved,exact per-ID ledger,Confirmed,exact per-ID ledger,Not applicable,exact per-ID ledger,None,exact per-ID ledger,None,exact per-ID ledger,explicit mandatory field list from the approved KBDL-009 prompt's Profile Adoption and Change Management section,exact per-ID ledger,Manual review of a project's adoption record once one exists.,exact per-ID ledger,Not verified — no implementation exists yet,exact per-ID ledger,"No project profile adoption record exists yet to review against this requirement's field list. Whether a profile may change after adoption, whether a project may have multiple profile scopes, and how migration is governed are new decisions:",exact per-ID ledger,None — Approved,exact per-ID ledger,None,exact per-ID ledger,None,exact per-ID ledger,Readable group plus authoritative per-ID ledger; group values reconciled without changing normative text.,exact per-ID ledger
KBDL-PRO-027,"Principles/core-component/system-component mapping; content and communication; security, privacy, and correctness; profile conflicts; profile adoption and change management",exact per-ID ledger,KBDL-009,exact per-ID ledger,profiles.md#25-profile-adoption-and-change-management; profiles.md#33-kbdl-009-decision-packet,exact per-ID ledger,Recommended,exact per-ID ledger,Assumed,exact per-ID ledger,Not applicable,exact per-ID ledger,None,exact per-ID ledger,None,exact per-ID ledger,Not applicable — pending explicit project-owner approval; assignment of a PRO ID does not grant implementation authority,exact per-ID ledger,Project-owner review (not yet performed).,exact per-ID ledger,Not verified — no implementation exists yet,exact per-ID ledger,Recommended — grants no implementation authority pending project-owner review; see the decision packet,exact per-ID ledger,Approval-ready item 3,exact per-ID ledger,None,exact per-ID ledger,None,exact per-ID ledger,Readable group plus authoritative per-ID ledger; group values reconciled without changing normative text.,exact per-ID ledger
KBDL-PRO-028,"Principles/core-component/system-component mapping; content and communication; security, privacy, and correctness; profile conflicts; profile adoption and change management",exact per-ID ledger,KBDL-009,exact per-ID ledger,profiles.md#8-profile-selection-and-declaration; profiles.md#33-kbdl-009-decision-packet,exact per-ID ledger,Recommended,exact per-ID ledger,Assumed,exact per-ID ledger,Not applicable,exact per-ID ledger,None,exact per-ID ledger,None,exact per-ID ledger,Not applicable — pending explicit project-owner approval; assignment of a PRO ID does not grant implementation authority,exact per-ID ledger,Project-owner review (not yet performed).,exact per-ID ledger,Not verified — no implementation exists yet,exact per-ID ledger,Recommended — grants no implementation authority pending project-owner review; see the decision packet,exact per-ID ledger,Approval-ready item 4,exact per-ID ledger,None,exact per-ID ledger,None,exact per-ID ledger,Readable group plus authoritative per-ID ledger; group values reconciled without changing normative text.,exact per-ID ledger
KBDL-PRO-029,"Principles/core-component/system-component mapping; content and communication; security, privacy, and correctness; profile conflicts; profile adoption and change management",exact per-ID ledger,KBDL-009,exact per-ID ledger,profiles.md#25-profile-adoption-and-change-management; profiles.md#33-kbdl-009-decision-packet,exact per-ID ledger,Recommended,exact per-ID ledger,Assumed,exact per-ID ledger,Not applicable,exact per-ID ledger,None,exact per-ID ledger,None,exact per-ID ledger,Not applicable — pending explicit project-owner approval; assignment of a PRO ID does not grant implementation authority,exact per-ID ledger,Project-owner review (not yet performed).,exact per-ID ledger,Not verified — no implementation exists yet,exact per-ID ledger,Recommended — grants no implementation authority pending project-owner review; see the decision packet. Manual customization of a project's KBDL implementation is governed by [customization.md](customization.md); this profile document does not itself authorize a project customization,exact per-ID ledger,Approval-ready item 5,exact per-ID ledger,None,exact per-ID ledger,None,exact per-ID ledger,Readable group plus authoritative per-ID ledger; group values reconciled without changing normative text.,exact per-ID ledger
KBDL-RSP-001,Responsive-content priority; layout reflow; source/reading order; orientation; zoom and enlarged text; responsive focus management,exact per-ID ledger,KBDL-006,exact per-ID ledger,responsive.md#4-responsive-content-priority,exact per-ID ledger,Approved,exact per-ID ledger,Confirmed,exact per-ID ledger,Not verified,exact per-ID ledger,None,exact per-ID ledger,Not verified,exact per-ID ledger,"Approved (directly restates the locked responsive-content-priority rule, principles.md §5.1); project-owner-approved KBDL-006 implementation prompt",exact per-ID ledger,Manual review once implemented; comparing content inventory across breakpoints,exact per-ID ledger,Not verified — no implementation exists yet,exact per-ID ledger,Implementation-dependent; cannot be tested until a real layout exists,exact per-ID ledger,None — Approved,exact per-ID ledger,None,exact per-ID ledger,None,exact per-ID ledger,Readable group plus authoritative per-ID ledger; group values reconciled without changing normative text.,exact per-ID ledger
KBDL-RSP-002,Exact breakpoint thresholds; grid column counts; container widths and reading measures; gutters and responsive spacing,exact per-ID ledger,KBDL-006,exact per-ID ledger,responsive.md#7-proposed-exact-breakpoint-thresholds,exact per-ID ledger,Recommended,exact per-ID ledger,Assumed,exact per-ID ledger,Not applicable,exact per-ID ledger,None,exact per-ID ledger,None,exact per-ID ledger,Project-owner-approved KBDL-006 implementation prompt; authoritative provenance: Assumed,exact per-ID ledger,Project-owner review (not yet performed); manual implementation review once an implementation exists,exact per-ID ledger,Not verified — no implementation exists yet,exact per-ID ledger,These are recommendations awaiting project-owner approval; must not be treated as Approved or implemented until that approval is recorded,exact per-ID ledger,responsive.md — 35.2 Recommended Decisions — Ready for Approval — item 1,exact per-ID ledger,None,exact per-ID ledger,None,exact per-ID ledger,Readable group plus authoritative per-ID ledger; group values reconciled without changing normative text.,exact per-ID ledger
KBDL-RSP-003,Exact breakpoint thresholds; grid column counts; container widths and reading measures; gutters and responsive spacing,exact per-ID ledger,KBDL-006,exact per-ID ledger,responsive.md#8-grid-and-column-behavior,exact per-ID ledger,Recommended,exact per-ID ledger,Assumed,exact per-ID ledger,Not applicable,exact per-ID ledger,None,exact per-ID ledger,None,exact per-ID ledger,Project-owner-approved KBDL-006 implementation prompt; authoritative provenance: Assumed,exact per-ID ledger,Project-owner review (not yet performed),exact per-ID ledger,Not verified — no implementation exists yet,exact per-ID ledger,These are recommendations awaiting project-owner approval; must not be treated as Approved or implemented until that approval is recorded,exact per-ID ledger,responsive.md — 35.2 Recommended Decisions — Ready for Approval — item 2,exact per-ID ledger,None,exact per-ID ledger,None,exact per-ID ledger,Readable group plus authoritative per-ID ledger; group values reconciled without changing normative text.,exact per-ID ledger
KBDL-RSP-004,Exact breakpoint thresholds; grid column counts; container widths and reading measures; gutters and responsive spacing,exact per-ID ledger,KBDL-006,exact per-ID ledger,responsive.md#9-container-widths-and-reading-measures,exact per-ID ledger,Recommended,exact per-ID ledger,Assumed,exact per-ID ledger,Not applicable,exact per-ID ledger,None,exact per-ID ledger,None,exact per-ID ledger,Project-owner-approved KBDL-006 implementation prompt; authoritative provenance: Assumed,exact per-ID ledger,Project-owner review (not yet performed),exact per-ID ledger,Not verified — no implementation exists yet,exact per-ID ledger,These are recommendations awaiting project-owner approval; must not be treated as Approved or implemented until that approval is recorded,exact per-ID ledger,responsive.md — 35.2 Recommended Decisions — Ready for Approval — item 3,exact per-ID ledger,None,exact per-ID ledger,None,exact per-ID ledger,Readable group plus authoritative per-ID ledger; group values reconciled without changing normative text.,exact per-ID ledger
KBDL-RSP-005,Exact breakpoint thresholds; grid column counts; container widths and reading measures; gutters and responsive spacing,exact per-ID ledger,KBDL-006,exact per-ID ledger,responsive.md#10-gutters-and-responsive-spacing,exact per-ID ledger,Recommended,exact per-ID ledger,Assumed,exact per-ID ledger,Not applicable,exact per-ID ledger,None,exact per-ID ledger,None,exact per-ID ledger,Project-owner-approved KBDL-006 implementation prompt; authoritative provenance: Assumed,exact per-ID ledger,Project-owner review (not yet performed),exact per-ID ledger,Not verified — no implementation exists yet,exact per-ID ledger,These are recommendations awaiting project-owner approval; must not be treated as Approved or implemented until that approval is recorded,exact per-ID ledger,responsive.md — 35.2 Recommended Decisions — Ready for Approval — item 4,exact per-ID ledger,None,exact per-ID ledger,None,exact per-ID ledger,Readable group plus authoritative per-ID ledger; group values reconciled without changing normative text.,exact per-ID ledger
KBDL-RSP-006,Responsive-content priority; layout reflow; source/reading order; orientation; zoom and enlarged text; responsive focus management,exact per-ID ledger,KBDL-006,exact per-ID ledger,responsive.md#11-layout-reflow,exact per-ID ledger,Approved,exact per-ID ledger,Confirmed,exact per-ID ledger,Not verified,exact per-ID ledger,None,exact per-ID ledger,Not verified,exact per-ID ledger,"Approved (directly restates WCAG 2.2 SC 1.4.10, Level AA)",exact per-ID ledger,Manual reflow testing once an implementation exists (documented as a distinct method in [§34](#34-responsive-validation-matrix)),exact per-ID ledger,Not verified — no implementation exists yet,exact per-ID ledger,Implementation-dependent; cannot be tested until a real layout exists,exact per-ID ledger,None — Approved,exact per-ID ledger,None,exact per-ID ledger,None,exact per-ID ledger,Readable group plus authoritative per-ID ledger; group values reconciled without changing normative text.,exact per-ID ledger
KBDL-RSP-007,Responsive-content priority; layout reflow; source/reading order; orientation; zoom and enlarged text; responsive focus management,exact per-ID ledger,KBDL-006,exact per-ID ledger,responsive.md#12-source-order-and-reading-order,exact per-ID ledger,Approved,exact per-ID ledger,Confirmed,exact per-ID ledger,Not verified,exact per-ID ledger,None,exact per-ID ledger,Not verified,exact per-ID ledger,"Approved (directly restates WCAG 2.2 SC 1.3.2 and SC 2.4.3, both cited)",exact per-ID ledger,Manual keyboard/screen-reader order review once implemented,exact per-ID ledger,Not verified — no implementation exists yet,exact per-ID ledger,Implementation-dependent; cannot be tested until a real layout exists,exact per-ID ledger,None — Approved,exact per-ID ledger,None,exact per-ID ledger,None,exact per-ID ledger,Readable group plus authoritative per-ID ledger; group values reconciled without changing normative text.,exact per-ID ledger
KBDL-RSP-008,Navigation adaptation; content-density adaptation; media and image adaptation; data-dense/tabular content; full-bleed and asymmetric layouts,exact per-ID ledger,KBDL-006,exact per-ID ledger,responsive.md#13-navigation-adaptation,exact per-ID ledger,Recommended,exact per-ID ledger,Assumed,exact per-ID ledger,Not verified,exact per-ID ledger,None,exact per-ID ledger,Not verified,exact per-ID ledger,Recommended (the constant-meaning rule is Approved per KBDL-PRN-006; exact collapse thresholds are new),exact per-ID ledger,Manual review once implemented; project-owner review of thresholds (not yet performed),exact per-ID ledger,Not verified — no implementation exists yet,exact per-ID ledger,Exact collapse thresholds and per-project column-priority rules remain qualitative pending implementation-level review,exact per-ID ledger,responsive.md — 35.2 Recommended Decisions — Ready for Approval — item 5,exact per-ID ledger,None,exact per-ID ledger,None,exact per-ID ledger,Readable group plus authoritative per-ID ledger; group values reconciled without changing normative text.,exact per-ID ledger
KBDL-RSP-009,Navigation adaptation; content-density adaptation; media and image adaptation; data-dense/tabular content; full-bleed and asymmetric layouts,exact per-ID ledger,KBDL-006,exact per-ID ledger,responsive.md#14-content-density-adaptation,exact per-ID ledger,Approved,exact per-ID ledger,Confirmed,exact per-ID ledger,Not verified,exact per-ID ledger,None,exact per-ID ledger,Not verified,exact per-ID ledger,"Approved (directly restates KBDL-PRN-003, Clarity Before Spectacle, and Technical Utility's density exclusion)",exact per-ID ledger,Manual review once implemented,exact per-ID ledger,Not verified — no implementation exists yet,exact per-ID ledger,Exact collapse thresholds and per-project column-priority rules remain qualitative pending implementation-level review,exact per-ID ledger,None — Approved,exact per-ID ledger,None,exact per-ID ledger,None,exact per-ID ledger,Readable group plus authoritative per-ID ledger; group values reconciled without changing normative text.,exact per-ID ledger
KBDL-RSP-010,Navigation adaptation; content-density adaptation; media and image adaptation; data-dense/tabular content; full-bleed and asymmetric layouts,exact per-ID ledger,KBDL-006,exact per-ID ledger,responsive.md#15-media-and-image-adaptation,exact per-ID ledger,Approved,exact per-ID ledger,Confirmed,exact per-ID ledger,Not verified,exact per-ID ledger,None,exact per-ID ledger,Not verified,exact per-ID ledger,"Approved (directly restates foundations/iconography-media.md §2.3, §2.5); project-owner-approved KBDL-006 implementation prompt",exact per-ID ledger,Manual review once implemented,exact per-ID ledger,Not verified — no implementation exists yet,exact per-ID ledger,Exact collapse thresholds and per-project column-priority rules remain qualitative pending implementation-level review,exact per-ID ledger,None — Approved,exact per-ID ledger,None,exact per-ID ledger,None,exact per-ID ledger,Readable group plus authoritative per-ID ledger; group values reconciled without changing normative text.,exact per-ID ledger
KBDL-RSP-011,Navigation adaptation; content-density adaptation; media and image adaptation; data-dense/tabular content; full-bleed and asymmetric layouts,exact per-ID ledger,KBDL-006,exact per-ID ledger,responsive.md#16-data-dense-and-tabular-content,exact per-ID ledger,Recommended,exact per-ID ledger,Assumed,exact per-ID ledger,Not verified,exact per-ID ledger,None,exact per-ID ledger,Not verified,exact per-ID ledger,Recommended (new KBDL-006 policy),exact per-ID ledger,Manual review once implemented; project-owner review (not yet performed),exact per-ID ledger,Not verified — no implementation exists yet,exact per-ID ledger,Exact collapse thresholds and per-project column-priority rules remain qualitative pending implementation-level review,exact per-ID ledger,responsive.md — 35.2 Recommended Decisions — Ready for Approval — item 6,exact per-ID ledger,None,exact per-ID ledger,None,exact per-ID ledger,Readable group plus authoritative per-ID ledger; group values reconciled without changing normative text.,exact per-ID ledger
KBDL-RSP-012,Navigation adaptation; content-density adaptation; media and image adaptation; data-dense/tabular content; full-bleed and asymmetric layouts,exact per-ID ledger,KBDL-006,exact per-ID ledger,responsive.md#17-full-bleed-and-asymmetric-layouts,exact per-ID ledger,Approved,exact per-ID ledger,Confirmed,exact per-ID ledger,Not verified,exact per-ID ledger,None,exact per-ID ledger,Not verified,exact per-ID ledger,"Approved (restates Showcase's documented compositional emphasis, already Approved per principles.md §9.1); project-owner-approved KBDL-006 implementation prompt",exact per-ID ledger,Manual review once implemented,exact per-ID ledger,Not verified — no implementation exists yet,exact per-ID ledger,Exact collapse thresholds and per-project column-priority rules remain qualitative pending implementation-level review,exact per-ID ledger,None — Approved,exact per-ID ledger,None,exact per-ID ledger,None,exact per-ID ledger,Readable group plus authoritative per-ID ledger; group values reconciled without changing normative text.,exact per-ID ledger
KBDL-RSP-013,Sticky/fixed regions; safe areas; virtual-keyboard behavior; touch/pointer/keyboard/hybrid input; hover-independent discoverability,exact per-ID ledger,KBDL-006,exact per-ID ledger,responsive.md#18-sticky-and-fixed-regions,exact per-ID ledger,Approved,exact per-ID ledger,Confirmed,exact per-ID ledger,Not verified,exact per-ID ledger,None,exact per-ID ledger,Not verified,exact per-ID ledger,"Approved (directly restates WCAG 2.2 SC 2.4.11, Level AA)",exact per-ID ledger,Manual keyboard-focus review once implemented,exact per-ID ledger,Not verified — no implementation exists yet,exact per-ID ledger,Implementation- and device-dependent,exact per-ID ledger,None — Approved,exact per-ID ledger,None,exact per-ID ledger,None,exact per-ID ledger,Readable group plus authoritative per-ID ledger; group values reconciled without changing normative text.,exact per-ID ledger
KBDL-RSP-014,Sticky/fixed regions; safe areas; virtual-keyboard behavior; touch/pointer/keyboard/hybrid input; hover-independent discoverability,exact per-ID ledger,KBDL-006,exact per-ID ledger,responsive.md#19-safe-areas-and-viewport-edges,exact per-ID ledger,Approved,exact per-ID ledger,Confirmed,exact per-ID ledger,Not verified,exact per-ID ledger,None,exact per-ID ledger,Not verified,exact per-ID ledger,Approved (restates Technical Utility's predictable-behavior quality); project-owner-approved KBDL-006 implementation prompt,exact per-ID ledger,Manual review on representative devices once implemented,exact per-ID ledger,Not verified — no implementation exists yet,exact per-ID ledger,Implementation- and device-dependent,exact per-ID ledger,None — Approved,exact per-ID ledger,None,exact per-ID ledger,None,exact per-ID ledger,Readable group plus authoritative per-ID ledger; group values reconciled without changing normative text.,exact per-ID ledger
KBDL-RSP-015,Responsive-content priority; layout reflow; source/reading order; orientation; zoom and enlarged text; responsive focus management,exact per-ID ledger,KBDL-006,exact per-ID ledger,responsive.md#20-orientation-changes,exact per-ID ledger,Approved,exact per-ID ledger,Confirmed,exact per-ID ledger,Not verified,exact per-ID ledger,None,exact per-ID ledger,Not verified,exact per-ID ledger,"Approved (directly restates WCAG 2.2 SC 1.3.4, Level AA)",exact per-ID ledger,Manual orientation testing once implemented,exact per-ID ledger,Not verified — no implementation exists yet,exact per-ID ledger,Implementation-dependent; cannot be tested until a real layout exists,exact per-ID ledger,None — Approved,exact per-ID ledger,None,exact per-ID ledger,None,exact per-ID ledger,Readable group plus authoritative per-ID ledger; group values reconciled without changing normative text.,exact per-ID ledger
KBDL-RSP-016,Responsive-content priority; layout reflow; source/reading order; orientation; zoom and enlarged text; responsive focus management,exact per-ID ledger,KBDL-006,exact per-ID ledger,responsive.md#21-zoom-and-enlarged-text,exact per-ID ledger,Approved,exact per-ID ledger,Confirmed,exact per-ID ledger,Not verified,exact per-ID ledger,None,exact per-ID ledger,Not verified,exact per-ID ledger,"Approved (directly restates WCAG 2.2 SC 1.4.4 and SC 1.4.10, both Level AA)",exact per-ID ledger,Manual zoom/reflow testing once implemented,exact per-ID ledger,Not verified — no implementation exists yet,exact per-ID ledger,Implementation-dependent; cannot be tested until a real layout exists,exact per-ID ledger,None — Approved,exact per-ID ledger,None,exact per-ID ledger,None,exact per-ID ledger,Readable group plus authoritative per-ID ledger; group values reconciled without changing normative text.,exact per-ID ledger
KBDL-RSP-017,Sticky/fixed regions; safe areas; virtual-keyboard behavior; touch/pointer/keyboard/hybrid input; hover-independent discoverability,exact per-ID ledger,KBDL-006,exact per-ID ledger,responsive.md#22-virtual-keyboard-behavior,exact per-ID ledger,Approved,exact per-ID ledger,Confirmed,exact per-ID ledger,Not verified,exact per-ID ledger,None,exact per-ID ledger,Not verified,exact per-ID ledger,"Approved (restates motion/accessibility-performance.md §4, already Approved, extended with layout detail); project-owner-approved KBDL-006 implementation prompt",exact per-ID ledger,Manual mobile testing once implemented,exact per-ID ledger,Not verified — no implementation exists yet,exact per-ID ledger,Implementation- and device-dependent,exact per-ID ledger,None — Approved,exact per-ID ledger,None,exact per-ID ledger,None,exact per-ID ledger,Readable group plus authoritative per-ID ledger; group values reconciled without changing normative text.,exact per-ID ledger
KBDL-RSP-018,Sticky/fixed regions; safe areas; virtual-keyboard behavior; touch/pointer/keyboard/hybrid input; hover-independent discoverability,exact per-ID ledger,KBDL-006,exact per-ID ledger,responsive.md#23-touch-pointer-keyboard-and-hybrid-input,exact per-ID ledger,Approved,exact per-ID ledger,Confirmed,exact per-ID ledger,Not verified,exact per-ID ledger,None,exact per-ID ledger,Not verified,exact per-ID ledger,"Approved (directly restates WCAG 2.2 SC 2.5.1 and SC 2.5.2, both Level A)",exact per-ID ledger,Manual cross-input testing once implemented,exact per-ID ledger,Not verified — no implementation exists yet,exact per-ID ledger,Implementation- and device-dependent,exact per-ID ledger,None — Approved,exact per-ID ledger,None,exact per-ID ledger,None,exact per-ID ledger,Readable group plus authoritative per-ID ledger; group values reconciled without changing normative text.,exact per-ID ledger
KBDL-RSP-019,Sticky/fixed regions; safe areas; virtual-keyboard behavior; touch/pointer/keyboard/hybrid input; hover-independent discoverability,exact per-ID ledger,KBDL-006,exact per-ID ledger,responsive.md#24-hover-independent-discoverability,exact per-ID ledger,Approved,exact per-ID ledger,Confirmed,exact per-ID ledger,Not verified,exact per-ID ledger,None,exact per-ID ledger,Not verified,exact per-ID ledger,"Approved (directly restates WCAG 2.2 SC 1.4.13, Level AA)",exact per-ID ledger,Manual review once implemented,exact per-ID ledger,Not verified — no implementation exists yet,exact per-ID ledger,Implementation- and device-dependent,exact per-ID ledger,None — Approved,exact per-ID ledger,None,exact per-ID ledger,None,exact per-ID ledger,Readable group plus authoritative per-ID ledger; group values reconciled without changing normative text.,exact per-ID ledger
KBDL-RSP-020,Responsive-content priority; layout reflow; source/reading order; orientation; zoom and enlarged text; responsive focus management,exact per-ID ledger,KBDL-006,exact per-ID ledger,responsive.md#25-responsive-focus-management,exact per-ID ledger,Approved,exact per-ID ledger,Confirmed,exact per-ID ledger,Not verified,exact per-ID ledger,None,exact per-ID ledger,Not verified,exact per-ID ledger,"Approved (directly restates WCAG 2.2 SC 2.4.3, Level A)",exact per-ID ledger,Manual keyboard testing once implemented,exact per-ID ledger,Not verified — no implementation exists yet,exact per-ID ledger,Implementation-dependent; cannot be tested until a real layout exists,exact per-ID ledger,None — Approved,exact per-ID ledger,None,exact per-ID ledger,None,exact per-ID ledger,Readable group plus authoritative per-ID ledger; group values reconciled without changing normative text.,exact per-ID ledger
KBDL-RSP-021,Responsive motion behavior; performance and low-capability contexts,exact per-ID ledger,KBDL-006,exact per-ID ledger,responsive.md#26-responsive-motion-behavior,exact per-ID ledger,Approved,exact per-ID ledger,Confirmed,exact per-ID ledger,Not verified,exact per-ID ledger,None,exact per-ID ledger,Not verified,exact per-ID ledger,"Approved (restates motion/foundations.md §4, already Approved); project-owner-approved KBDL-006 implementation prompt",exact per-ID ledger,Manual review once implemented,exact per-ID ledger,Not verified — no implementation exists yet,exact per-ID ledger,Performance claims cannot be Verified without a real implementation to measure,exact per-ID ledger,None — Approved,exact per-ID ledger,None,exact per-ID ledger,None,exact per-ID ledger,Readable group plus authoritative per-ID ledger; group values reconciled without changing normative text.,exact per-ID ledger
KBDL-RSP-022,Responsive motion behavior; performance and low-capability contexts,exact per-ID ledger,KBDL-006,exact per-ID ledger,responsive.md#27-performance-and-low-capability-contexts,exact per-ID ledger,Approved,exact per-ID ledger,Confirmed,exact per-ID ledger,Not verified,exact per-ID ledger,None,exact per-ID ledger,Not verified,exact per-ID ledger,Approved (restates principles.md §6.9); project-owner-approved KBDL-006 implementation prompt,exact per-ID ledger,Manual review; implementation-level performance measurement once an implementation exists,exact per-ID ledger,Not verified — no implementation exists yet,exact per-ID ledger,Performance claims cannot be Verified without a real implementation to measure,exact per-ID ledger,None — Approved,exact per-ID ledger,None,exact per-ID ledger,None,exact per-ID ledger,Readable group plus authoritative per-ID ledger; group values reconciled without changing normative text.,exact per-ID ledger
KBDL-THM-001,Theme architecture and semantic-role inventory,exact per-ID ledger,KBDL-004,exact per-ID ledger,themes/semantic-roles.md#1-semantic-role-inventory,exact per-ID ledger,Approved,exact per-ID ledger,Confirmed,exact per-ID ledger,Not verified,exact per-ID ledger,None,exact per-ID ledger,Not verified,exact per-ID ledger,Project-owner-approved KBDL-004 implementation prompt; authoritative provenance: Confirmed,exact per-ID ledger,Manual review of role usage against the inventory at each later module's approval gate,exact per-ID ledger,Not verified — no component module exists yet to check role usage against,exact per-ID ledger,Cannot be fully validated until component modules (CMP) exist,exact per-ID ledger,None — Approved,exact per-ID ledger,None,exact per-ID ledger,None,exact per-ID ledger,Readable group plus authoritative per-ID ledger; group values reconciled without changing normative text.,exact per-ID ledger
KBDL-THM-002,Light/dark theme parity,exact per-ID ledger,KBDL-004,exact per-ID ledger,themes/semantic-roles.md#2-semantic-parity,exact per-ID ledger,Approved,exact per-ID ledger,Confirmed,exact per-ID ledger,Verified,exact per-ID ledger,Verified (see semantic-roles.md §2 parity matrix),exact per-ID ledger,None,exact per-ID ledger,Project-owner-approved KBDL-004 implementation prompt; authoritative provenance: Confirmed,exact per-ID ledger,"Parity-matrix completeness check (performed, see validation.md)",exact per-ID ledger,"Parity matrix in themes/semantic-roles.md § Parity Matrix — 72 unique roles, 72 light mappings, 72 dark mappings, 1 role-level alias (corrected under KBDL-004-R3, previously miscounted as 2), 0 unresolved; recorded in the KBDL-004-R3 commit. The KBDL-004-R1 re-run found and fixed a real table-formatting defect (an inserted paragraph had broken the Status Families table in light-theme.md §5, orphaning its ""Neutral status"" row)",exact per-ID ledger,None identified,exact per-ID ledger,None — Approved,exact per-ID ledger,None,exact per-ID ledger,None,exact per-ID ledger,Readable group plus authoritative per-ID ledger; group values reconciled without changing normative text.,exact per-ID ledger
KBDL-THM-003,Theme-selection precedence — explicit-choice-over-system-preference core,exact per-ID ledger,KBDL-004 (narrowed KBDL-004-R1),exact per-ID ledger,themes/README.md#5-theme-selection-precedence,exact per-ID ledger,Approved,exact per-ID ledger,Confirmed,exact per-ID ledger,Not verified,exact per-ID ledger,None,exact per-ID ledger,Not verified,exact per-ID ledger,"Approved — directly and explicitly stated in the KBDL-004 preconditions (""explicit user theme choice taking precedence where a control exists"" and ""system preference as the default source when no user choice exists""); project-owner-approved KBDL-004 implementation prompt",exact per-ID ledger,Manual review of precedence logic once implemented,exact per-ID ledger,Not verified — no implementation exists yet,exact per-ID ledger,Cannot be validated until an implementation exists,exact per-ID ledger,None — Approved,exact per-ID ledger,None,exact per-ID ledger,None,exact per-ID ledger,Readable group plus authoritative per-ID ledger; group values reconciled without changing normative text.,exact per-ID ledger
KBDL-THM-004,Theme preference persistence baseline,exact per-ID ledger,KBDL-004 (reclassified KBDL-004-R1),exact per-ID ledger,themes/README.md#7-persistence-guidance,exact per-ID ledger,Approved,exact per-ID ledger,"User-provided (project-owner approval, see KBDL-DEC-013)",exact per-ID ledger,Not verified,exact per-ID ledger,None,exact per-ID ledger,Not verified — approval authorizes this baseline; it does not itself constitute implementation validation,exact per-ID ledger,"Project-owner-approved KBDL-004 implementation prompt; authoritative provenance: User-provided (project-owner approval, see KBDL-DEC-013)",exact per-ID ledger,Manual review of persistence design once implemented (not yet performed — approval does not require this to have happened),exact per-ID ledger,"Not verified — no implementation exists yet; approval is a lifecycle decision, not validation evidence",exact per-ID ledger,Cannot be validated until an implementation exists,exact per-ID ledger,None — Approved,exact per-ID ledger,None,exact per-ID ledger,KBDL-DEC-013,exact per-ID ledger,Readable group plus authoritative per-ID ledger; group values reconciled without changing normative text.,exact per-ID ledger
KBDL-THM-005,Accessibility cannot be weakened by a project theme override; shared theme architecture across profiles,exact per-ID ledger,KBDL-004 (narrowed KBDL-004-R1),exact per-ID ledger,themes/adaptation.md#12-projects-must-not,exact per-ID ledger,Approved,exact per-ID ledger,Confirmed,exact per-ID ledger,Not verified,exact per-ID ledger,None,exact per-ID ledger,Not verified,exact per-ID ledger,"Approved — directly derived from the locked, already- approved accessibility rule in governance.md § KBDL-GOV-002 and principles.md §6.8; accessibility cannot be weakened by a project override",exact per-ID ledger,Manual review of any project theme against the documented boundaries,exact per-ID ledger,Not verified — no project theme or PRO module exists yet,exact per-ID ledger,Cannot be fully validated until PRO requirements exist,exact per-ID ledger,None — Approved,exact per-ID ledger,None,exact per-ID ledger,None,exact per-ID ledger,Readable group plus authoritative per-ID ledger; group values reconciled without changing normative text.,exact per-ID ledger
KBDL-THM-006,Accessibility cannot be weakened by a project theme override; shared theme architecture across profiles,exact per-ID ledger,KBDL-004 (narrowed KBDL-004-R1),exact per-ID ledger,themes/README.md#8-project-profile-theme-interpretation,exact per-ID ledger,Approved,exact per-ID ledger,Confirmed,exact per-ID ledger,Not verified,exact per-ID ledger,None,exact per-ID ledger,Not verified,exact per-ID ledger,Project-owner-approved KBDL-004 implementation prompt; authoritative provenance: Confirmed,exact per-ID ledger,Manual cross-profile review once the project-profiles module is approved,exact per-ID ledger,Not verified — no project theme or PRO module exists yet,exact per-ID ledger,Cannot be fully validated until PRO requirements exist,exact per-ID ledger,None — Approved,exact per-ID ledger,None,exact per-ID ledger,None,exact per-ID ledger,Readable group plus authoritative per-ID ledger; group values reconciled without changing normative text.,exact per-ID ledger
KBDL-THM-007,Light and dark theme semantic mappings,exact per-ID ledger,KBDL-004,exact per-ID ledger,themes/light-theme.md#1-canvas-and-surfaces,exact per-ID ledger,Approved,exact per-ID ledger,User-provided (project-owner approval),exact per-ID ledger,Mixed — Verified / Not verified,exact per-ID ledger,Verified for the opaque contrast pairs listed in light-theme.md and validation.md; Not verified for the excluded opacity values or for suitability beyond the tested pairs,exact per-ID ledger,Verified for the opaque contrast pairs listed in light-theme.md and validation.md; Not verified for the excluded opacity values or for suitability beyond the tested pairs,exact per-ID ledger,Approved (opaque mappings only; the three excluded opacity values remain Recommended); project-owner-approved KBDL-004 implementation prompt,exact per-ID ledger,"WCAG relative-luminance contrast calculation (completed, see validation.md); project-owner approval (recorded, see [KBDL-DEC-013](../decision-register.md#kbdl-dec-013--kbdl-004-theme-decisions-approved))",exact per-ID ledger,"themes/validation.md §3 — 52 pairs tested, all opaque, all passing their applicable threshold except 4 explicitly decorative-exempt borders/gridlines. The two Informational failures identified in the original KBDL-004 report (3.78:1, 4.21:1) are resolved by a revised hue (#164499) for the Text/Icon/Border/Strong-surface roles, with neutral-10 correctly retained for On-strong-surface content (role assignment corrected under KBDL-004-R2) — see adaptation.md §5.2. The Media caption row was corrected under KBDL-004-R2 to describe a fully opaque neutral-100 band (17.17:1 is directly correct for this pair, not inherited or assumed)",exact per-ID ledger,"Approval covers the opaque mappings only; opacity values must not be treated as Approved or implemented until a future decision addresses them. The dark theme was independently designed, not inverted from light — see dark-theme.md § Design Strategy for the neutral-60/neutral-50 asymmetry this produced. Translucent opacity values remain entirely out of scope for this row",exact per-ID ledger,None — Approved,exact per-ID ledger,None,exact per-ID ledger,KBDL-DEC-013,exact per-ID ledger,Readable group plus authoritative per-ID ledger; group values reconciled without changing normative text.,exact per-ID ledger
KBDL-THM-008,Light and dark theme semantic mappings,exact per-ID ledger,KBDL-004,exact per-ID ledger,themes/dark-theme.md#1-elevation-strategy,exact per-ID ledger,Approved,exact per-ID ledger,User-provided (project-owner approval),exact per-ID ledger,Mixed — Verified / Not verified,exact per-ID ledger,Verified for the opaque contrast pairs listed in dark-theme.md and validation.md; Not verified for the excluded opacity values or for suitability beyond the tested pairs,exact per-ID ledger,Verified for the opaque contrast pairs listed in dark-theme.md and validation.md; Not verified for the excluded opacity values or for suitability beyond the tested pairs,exact per-ID ledger,Approved (opaque mappings only; the three excluded opacity values remain Recommended); project-owner-approved KBDL-004 implementation prompt,exact per-ID ledger,"WCAG relative-luminance contrast calculation (completed, see validation.md); project-owner approval (recorded, see [KBDL-DEC-013](../decision-register.md#kbdl-dec-013--kbdl-004-theme-decisions-approved))",exact per-ID ledger,"themes/validation.md §3 — 52 pairs tested, all opaque, all passing their applicable threshold except 4 explicitly decorative-exempt borders/gridlines. The two Informational failures identified in the original KBDL-004 report (3.78:1, 4.21:1) are resolved by a revised hue (#164499) for the Text/Icon/Border/Strong-surface roles, with neutral-10 correctly retained for On-strong-surface content (role assignment corrected under KBDL-004-R2) — see adaptation.md §5.2. The Media caption row was corrected under KBDL-004-R2 to describe a fully opaque neutral-100 band (17.17:1 is directly correct for this pair, not inherited or assumed)",exact per-ID ledger,"Approval covers the opaque mappings only; opacity values must not be treated as Approved or implemented until a future decision addresses them. The dark theme was independently designed, not inverted from light — see dark-theme.md § Design Strategy for the neutral-60/neutral-50 asymmetry this produced. Translucent opacity values remain entirely out of scope for this row",exact per-ID ledger,None — Approved,exact per-ID ledger,None,exact per-ID ledger,KBDL-DEC-013,exact per-ID ledger,Readable group plus authoritative per-ID ledger; group values reconciled without changing normative text.,exact per-ID ledger
KBDL-THM-009,Status-family theme colors; gradient strategy; color-value expression convention,exact per-ID ledger,KBDL-004,exact per-ID ledger,themes/adaptation.md#5-status-family-theme-behavior,exact per-ID ledger,Approved,exact per-ID ledger,User-provided (project-owner approval),exact per-ID ledger,Mixed — Verified / Not verified,exact per-ID ledger,Verified for the contrast pairs listed (see validation.md); Not verified for suitability beyond the tested pairs,exact per-ID ledger,Verified for the contrast pairs listed (see validation.md); Not verified for suitability beyond the tested pairs,exact per-ID ledger,Project-owner-approved KBDL-004 implementation prompt; authoritative provenance: User-provided (project-owner approval),exact per-ID ledger,"WCAG relative-luminance contrast calculation (completed, see validation.md); project-owner approval (recorded, see [KBDL-DEC-013](../decision-register.md#kbdl-dec-013--kbdl-004-theme-decisions-approved))",exact per-ID ledger,"themes/validation.md §3 for the recalculated pairs and themes/adaptation.md §5.2 for the Informational correction record. themes/adaptation.md §4.3 documents both gradient endpoints tested against both candidate text colors and the corrected, fully-opaque caption-band resolution (KBDL-004-R2)",exact per-ID ledger,"New dark-mode status hues (#7CC4FF, #6FD19A, #E0A840, #FF8A80) were introduced here since the light-mode-only values from KBDL-003 fail contrast against a dark canvas; these dark hues, along with the light-mode Informational value revised to #164499 under KBDL-004-R1, are now Approved as part of the theme layer under KBDL-004-A1 (its correct role assignment — #164499 for Text/Icon/Border/Strong-surface, neutral-10 for On-strong-surface content — was clarified under KBDL-004-R2). Any translucent caption-band variant remains outside this row's approved scope",exact per-ID ledger,None — Approved,exact per-ID ledger,None,exact per-ID ledger,KBDL-DEC-013,exact per-ID ledger,Readable group plus authoritative per-ID ledger; group values reconciled without changing normative text.,exact per-ID ledger
KBDL-THM-010,Status-family theme colors; gradient strategy; color-value expression convention,exact per-ID ledger,KBDL-004,exact per-ID ledger,themes/adaptation.md#4-gradient-strategy,exact per-ID ledger,Approved,exact per-ID ledger,User-provided (project-owner approval),exact per-ID ledger,Mixed — Verified / Not verified,exact per-ID ledger,Verified for the opaque caption-band pair and both gradient endpoints (see validation.md); Not verified for any translucent variant,exact per-ID ledger,Verified for the opaque caption-band pair and both gradient endpoints (see validation.md); Not verified for any translucent variant,exact per-ID ledger,Approved (opaque caption-band strategy only; translucent variants remain Not verified and excluded),exact per-ID ledger,"Manual review of worst-case text-over-gradient contrast (performed for the documented example, see validation.md); project-owner approval (recorded, see [KBDL-DEC-013](../decision-register.md#kbdl-dec-013--kbdl-004-theme-decisions-approved))",exact per-ID ledger,"themes/validation.md §3 for the recalculated pairs and themes/adaptation.md §5.2 for the Informational correction record. themes/adaptation.md §4.3 documents both gradient endpoints tested against both candidate text colors and the corrected, fully-opaque caption-band resolution (KBDL-004-R2)",exact per-ID ledger,"New dark-mode status hues (#7CC4FF, #6FD19A, #E0A840, #FF8A80) were introduced here since the light-mode-only values from KBDL-003 fail contrast against a dark canvas; these dark hues, along with the light-mode Informational value revised to #164499 under KBDL-004-R1, are now Approved as part of the theme layer under KBDL-004-A1 (its correct role assignment — #164499 for Text/Icon/Border/Strong-surface, neutral-10 for On-strong-surface content — was clarified under KBDL-004-R2). Any translucent caption-band variant remains outside this row's approved scope",exact per-ID ledger,None — Approved,exact per-ID ledger,None,exact per-ID ledger,KBDL-DEC-013,exact per-ID ledger,Readable group plus authoritative per-ID ledger; group values reconciled without changing normative text.,exact per-ID ledger
KBDL-THM-011,Status-family theme colors; gradient strategy; color-value expression convention,exact per-ID ledger,KBDL-004,exact per-ID ledger,themes/adaptation.md#6-color-value-expression,exact per-ID ledger,Approved,exact per-ID ledger,User-provided (project-owner approval),exact per-ID ledger,Not applicable,exact per-ID ledger,None,exact per-ID ledger,None,exact per-ID ledger,Project-owner-approved KBDL-004 implementation prompt; authoritative provenance: User-provided (project-owner approval),exact per-ID ledger,"Project-owner approval (recorded, see [KBDL-DEC-013](../decision-register.md#kbdl-dec-013--kbdl-004-theme-decisions-approved))",exact per-ID ledger,"themes/validation.md §3 for the recalculated pairs and themes/adaptation.md §5.2 for the Informational correction record. themes/adaptation.md §4.3 documents both gradient endpoints tested against both candidate text colors and the corrected, fully-opaque caption-band resolution (KBDL-004-R2)",exact per-ID ledger,"New dark-mode status hues (#7CC4FF, #6FD19A, #E0A840, #FF8A80) were introduced here since the light-mode-only values from KBDL-003 fail contrast against a dark canvas; these dark hues, along with the light-mode Informational value revised to #164499 under KBDL-004-R1, are now Approved as part of the theme layer under KBDL-004-A1 (its correct role assignment — #164499 for Text/Icon/Border/Strong-surface, neutral-10 for On-strong-surface content — was clarified under KBDL-004-R2). Any translucent caption-band variant remains outside this row's approved scope",exact per-ID ledger,None — Approved,exact per-ID ledger,None,exact per-ID ledger,KBDL-DEC-013,exact per-ID ledger,Readable group plus authoritative per-ID ledger; group values reconciled without changing normative text.,exact per-ID ledger
KBDL-THM-012,"Theme-transition guidance (conceptual, no timing/easing); reduced-motion requirement",exact per-ID ledger,KBDL-004,exact per-ID ledger,themes/adaptation.md#7-theme-transition-guidance,exact per-ID ledger,Approved,exact per-ID ledger,User-provided (project-owner approval),exact per-ID ledger,Not verified,exact per-ID ledger,None,exact per-ID ledger,Not verified,exact per-ID ledger,Approved (conceptual guidance only; no timing/easing value exists or is approved here); project-owner-approved KBDL-004 implementation prompt,exact per-ID ledger,"Manual review confirming no timing/easing values were introduced (performed); project-owner approval (recorded, see [KBDL-DEC-013](../decision-register.md#kbdl-dec-013--kbdl-004-theme-decisions-approved))",exact per-ID ledger,Manual scope-compliance review recorded in the KBDL-004 commit — confirmed zero millisecond/easing values anywhere in docs/kbdl/themes/,exact per-ID ledger,"Exact timing/easing depends entirely on KBDL-005, which is eligible for its own future prompt and has not been started by this approval",exact per-ID ledger,None — Approved,exact per-ID ledger,None,exact per-ID ledger,KBDL-DEC-013,exact per-ID ledger,Readable group plus authoritative per-ID ledger; group values reconciled without changing normative text.,exact per-ID ledger
KBDL-THM-012a,"Theme-transition guidance (conceptual, no timing/easing); reduced-motion requirement",exact per-ID ledger,KBDL-004,exact per-ID ledger,themes/adaptation.md#71-requirements,exact per-ID ledger,Approved,exact per-ID ledger,Confirmed,exact per-ID ledger,Not verified,exact per-ID ledger,None,exact per-ID ledger,Not verified,exact per-ID ledger,Approved — directly derived from the already-approved enhanced motion-safety requirement (decision-register.md § KBDL-DEC-010),exact per-ID ledger,Manual review confirming reduced-motion behavior is honored once implemented,exact per-ID ledger,Manual scope-compliance review recorded in the KBDL-004 commit — confirmed zero millisecond/easing values anywhere in docs/kbdl/themes/,exact per-ID ledger,"Exact timing/easing depends entirely on KBDL-005, which is eligible for its own future prompt and has not been started by this approval",exact per-ID ledger,None — Approved,exact per-ID ledger,None,exact per-ID ledger,KBDL-DEC-010,exact per-ID ledger,Readable group plus authoritative per-ID ledger; group values reconciled without changing normative text.,exact per-ID ledger
KBDL-THM-013,Full six-level theme-selection precedence ordering,exact per-ID ledger,KBDL-004-R1,exact per-ID ledger,themes/README.md#5-theme-selection-precedence,exact per-ID ledger,Approved,exact per-ID ledger,User-provided (project-owner approval),exact per-ID ledger,Not verified,exact per-ID ledger,None,exact per-ID ledger,Not verified,exact per-ID ledger,Project-owner-approved KBDL-004 implementation prompt; authoritative provenance: User-provided (project-owner approval),exact per-ID ledger,"Manual review of the full precedence flow once implemented; project-owner approval (recorded, see [KBDL-DEC-013](../decision-register.md#kbdl-dec-013--kbdl-004-theme-decisions-approved))",exact per-ID ledger,"Not verified — approval is a lifecycle decision, not validation evidence",exact per-ID ledger,Cannot be validated until an implementation exists,exact per-ID ledger,None — Approved,exact per-ID ledger,None,exact per-ID ledger,KBDL-DEC-013,exact per-ID ledger,Readable group plus authoritative per-ID ledger; group values reconciled without changing normative text.,exact per-ID ledger
KBDL-THM-014,Detailed permitted project-override list and documentation requirement,exact per-ID ledger,KBDL-004-R1,exact per-ID ledger,themes/adaptation.md#1-project-controlled-adaptation,exact per-ID ledger,Approved,exact per-ID ledger,User-provided (project-owner approval),exact per-ID ledger,Not verified,exact per-ID ledger,None,exact per-ID ledger,Not verified,exact per-ID ledger,Project-owner-approved KBDL-004 implementation prompt; authoritative provenance: User-provided (project-owner approval),exact per-ID ledger,"Manual review of the override list once a project theme exists; project-owner approval (recorded, see [KBDL-DEC-013](../decision-register.md#kbdl-dec-013--kbdl-004-theme-decisions-approved))",exact per-ID ledger,"Not verified — approval is a lifecycle decision, not validation evidence",exact per-ID ledger,Cannot be validated until a project theme exists,exact per-ID ledger,None — Approved,exact per-ID ledger,None,exact per-ID ledger,KBDL-DEC-013,exact per-ID ledger,Readable group plus authoritative per-ID ledger; group values reconciled without changing normative text.,exact per-ID ledger
KBDL-THM-015,Named local-contrast-context set and nesting rules,exact per-ID ledger,KBDL-004-R1,exact per-ID ledger,themes/adaptation.md#2-local-contrast-contexts,exact per-ID ledger,Approved,exact per-ID ledger,User-provided (project-owner approval),exact per-ID ledger,Not verified,exact per-ID ledger,None,exact per-ID ledger,Not verified,exact per-ID ledger,Project-owner-approved KBDL-004 implementation prompt; authoritative provenance: User-provided (project-owner approval),exact per-ID ledger,"Manual review of context usage against the defined set and rules once implemented; project-owner approval (recorded, see [KBDL-DEC-013](../decision-register.md#kbdl-dec-013--kbdl-004-theme-decisions-approved))",exact per-ID ledger,"Not verified — approval is a lifecycle decision, not validation evidence",exact per-ID ledger,Cannot be validated until an implementation exists,exact per-ID ledger,None — Approved,exact per-ID ledger,None,exact per-ID ledger,KBDL-DEC-013,exact per-ID ledger,Readable group plus authoritative per-ID ledger; group values reconciled without changing normative text.,exact per-ID ledger
KBDL-VAL-001,Final validation methodology; evidence classification; complete inventory; authority and status integrity,exact per-ID ledger,KBDL-011,exact per-ID ledger,validation.md#4-evidence-classification,exact per-ID ledger,Approved,exact per-ID ledger,Confirmed,exact per-ID ledger,Verified,exact per-ID ledger,Verified,exact per-ID ledger,None,exact per-ID ledger,approved KBDL-011 prompt,exact per-ID ledger,Classification audit executed by the final validator; PASS,exact per-ID ledger,Executed evidence — docs/kbdl/evidence/kbdl-011-r8/artifacts/validation-output.txt; stated repository method PASS.,exact per-ID ledger,Runtime claims remain Class E,exact per-ID ledger,None — Approved,exact per-ID ledger,None,exact per-ID ledger,None,exact per-ID ledger,Readable group plus authoritative per-ID ledger; group values reconciled without changing normative text.,exact per-ID ledger
KBDL-VAL-002,Final validation methodology; evidence classification; complete inventory; authority and status integrity,exact per-ID ledger,KBDL-011,exact per-ID ledger,validation.md#8-requirement-inventory,exact per-ID ledger,Approved,exact per-ID ledger,Confirmed,exact per-ID ledger,Verified,exact per-ID ledger,Verified,exact per-ID ledger,None,exact per-ID ledger,approved prompt,exact per-ID ledger,"Parser inventory; 317 unique requirements, zero gaps/duplicates",exact per-ID ledger,Executed evidence — docs/kbdl/evidence/kbdl-011-r8/artifacts/validation-output.txt; stated repository method PASS.,exact per-ID ledger,None,exact per-ID ledger,None — Approved,exact per-ID ledger,None,exact per-ID ledger,None,exact per-ID ledger,Readable group plus authoritative per-ID ledger; group values reconciled without changing normative text.,exact per-ID ledger
KBDL-VAL-003,Final validation methodology; evidence classification; complete inventory; authority and status integrity,exact per-ID ledger,KBDL-011,exact per-ID ledger,validation.md#9-lifecycle-status-audit; validation.md#12-approved-authority-audit,exact per-ID ledger,Approved,exact per-ID ledger,Confirmed,exact per-ID ledger,Verified,exact per-ID ledger,Verified,exact per-ID ledger,None,exact per-ID ledger,approved prompt and GOV-003,exact per-ID ledger,Documentary comparison; zero mismatches/unsupported authority,exact per-ID ledger,Executed evidence — docs/kbdl/evidence/kbdl-011-r8/artifacts/validation-output.txt; stated repository method PASS.,exact per-ID ledger,Historical GOV provenance format noted,exact per-ID ledger,None — Approved,exact per-ID ledger,None,exact per-ID ledger,None,exact per-ID ledger,Readable group plus authoritative per-ID ledger; group values reconciled without changing normative text.,exact per-ID ledger
KBDL-VAL-004,Final validation methodology; evidence classification; complete inventory; authority and status integrity,exact per-ID ledger,KBDL-011,exact per-ID ledger,validation.md#11-validation-status-audit,exact per-ID ledger,Approved,exact per-ID ledger,Confirmed,exact per-ID ledger,Verified,exact per-ID ledger,Verified,exact per-ID ledger,None,exact per-ID ledger,approved prompt and GOV-003,exact per-ID ledger,Status/evidence audit; unsupported Verified claims zero,exact per-ID ledger,Executed evidence — docs/kbdl/evidence/kbdl-011-r8/artifacts/verified-evidence-audit.csv; stated repository method PASS.,exact per-ID ledger,Implementation ledger remains unverified by design,exact per-ID ledger,None — Approved,exact per-ID ledger,None,exact per-ID ledger,None,exact per-ID ledger,Readable group plus authoritative per-ID ledger; group values reconciled without changing normative text.,exact per-ID ledger
KBDL-VAL-005,Decision and pending integrity; traceability; documentation integrity; static cross-module consistency,exact per-ID ledger,KBDL-011,exact per-ID ledger,validation.md#13-decision-register-audit; validation.md#14-pending-and-deferred-inventory,exact per-ID ledger,Approved,exact per-ID ledger,Confirmed,exact per-ID ledger,Verified,exact per-ID ledger,Verified,exact per-ID ledger,None,exact per-ID ledger,approved prompt,exact per-ID ledger,Decision/packet audit; zero orphan or untracked items,exact per-ID ledger,Executed evidence — docs/kbdl/evidence/kbdl-011-r8/artifacts/validation-output.txt; stated repository method PASS.,exact per-ID ledger,Pending choices remain unavailable for implementation,exact per-ID ledger,None — Approved,exact per-ID ledger,None,exact per-ID ledger,None,exact per-ID ledger,Readable group plus authoritative per-ID ledger; group values reconciled without changing normative text.,exact per-ID ledger
KBDL-VAL-006,Decision and pending integrity; traceability; documentation integrity; static cross-module consistency,exact per-ID ledger,KBDL-011,exact per-ID ledger,validation.md#15-traceability-audit,exact per-ID ledger,Approved,exact per-ID ledger,Confirmed,exact per-ID ledger,Verified,exact per-ID ledger,Verified,exact per-ID ledger,None,exact per-ID ledger,approved prompt,exact per-ID ledger,"R8 independently validates all required fields for 317 effective records, structured mappings, anchors, authority sources, packets, dependencies, 20 Verified evidence claims, and limitations with zero defects",exact per-ID ledger,Executed evidence — docs/kbdl/evidence/kbdl-011-r8/artifacts/validation-output.txt; stated repository method PASS.,exact per-ID ledger,implementation conformance remains Not verified,exact per-ID ledger,None — Approved,exact per-ID ledger,None,exact per-ID ledger,None,exact per-ID ledger,Readable group plus authoritative per-ID ledger; group values reconciled without changing normative text.,exact per-ID ledger
KBDL-VAL-007,Decision and pending integrity; traceability; documentation integrity; static cross-module consistency,exact per-ID ledger,KBDL-011,exact per-ID ledger,validation.md#16-cross-reference-and-documentation-integrity-audit,exact per-ID ledger,Approved,exact per-ID ledger,Confirmed,exact per-ID ledger,Verified,exact per-ID ledger,Verified,exact per-ID ledger,None,exact per-ID ledger,approved prompt,exact per-ID ledger,Dependency-free repository validator; PASS,exact per-ID ledger,Executed evidence — docs/kbdl/evidence/kbdl-011-r8/artifacts/validation-output.txt; stated repository method PASS.,exact per-ID ledger,No external-site availability claim,exact per-ID ledger,None — Approved,exact per-ID ledger,None,exact per-ID ledger,None,exact per-ID ledger,Readable group plus authoritative per-ID ledger; group values reconciled without changing normative text.,exact per-ID ledger
KBDL-VAL-008,Decision and pending integrity; traceability; documentation integrity; static cross-module consistency,exact per-ID ledger,KBDL-011,exact per-ID ledger,validation.md#17-governance-and-conventions-audit; validation.md#28-security-privacy-correctness-and-data-integrity-audit,exact per-ID ledger,Approved,exact per-ID ledger,Confirmed,exact per-ID ledger,Not verified,exact per-ID ledger,None,exact per-ID ledger,Not verified,exact per-ID ledger,approved prompt and prior shared-architecture rules,exact per-ID ledger,No executed independent method covers every stated cross-module invariant; complete method not established,exact per-ID ledger,Executed evidence — No executed independent method covers every stated cross-module invariant; complete method not established,exact per-ID ledger,static and runtime architecture require further evidence,exact per-ID ledger,None — Approved,exact per-ID ledger,None,exact per-ID ledger,None,exact per-ID ledger,Readable group plus authoritative per-ID ledger; group values reconciled without changing normative text.,exact per-ID ledger
KBDL-VAL-009,Reproducible theme calculations; implementation and project ledgers; completion governance,exact per-ID ledger,KBDL-011,exact per-ID ledger,validation.md#20-theme-audit,exact per-ID ledger,Approved,exact per-ID ledger,Confirmed,exact per-ID ledger,Verified,exact per-ID ledger,Verified,exact per-ID ledger,None,exact per-ID ledger,approved prompt,exact per-ID ledger,WCAG contrast script; PASS and checksum recorded,exact per-ID ledger,Executed evidence — docs/kbdl/evidence/kbdl-011-r8/artifacts/validation-output.txt; stated repository method PASS.,exact per-ID ledger,Translucency/media remain unverified,exact per-ID ledger,None — Approved,exact per-ID ledger,None,exact per-ID ledger,None,exact per-ID ledger,Readable group plus authoritative per-ID ledger; group values reconciled without changing normative text.,exact per-ID ledger
KBDL-VAL-010,Reproducible theme calculations; implementation and project ledgers; completion governance,exact per-ID ledger,KBDL-011,exact per-ID ledger,validation.md#29-implementation-dependent-validation-ledger,exact per-ID ledger,Approved,exact per-ID ledger,Confirmed,exact per-ID ledger,Not verified,exact per-ID ledger,None,exact per-ID ledger,Not verified,exact per-ID ledger,approved prompt,exact per-ID ledger,No independent per-ID ledger-coverage proof covers the complete stated method,exact per-ID ledger,Executed evidence — No independent per-ID ledger-coverage proof covers the complete stated method,exact per-ID ledger,listed behavior and ledger completeness remain Not verified,exact per-ID ledger,None — Approved,exact per-ID ledger,Future implementation,exact per-ID ledger,None,exact per-ID ledger,Readable group plus authoritative per-ID ledger; group values reconciled without changing normative text.,exact per-ID ledger
KBDL-VAL-011,Reproducible theme calculations; implementation and project ledgers; completion governance,exact per-ID ledger,KBDL-011,exact per-ID ledger,validation.md#30-project-specific-validation-ledger,exact per-ID ledger,Approved,exact per-ID ledger,Confirmed,exact per-ID ledger,Not verified,exact per-ID ledger,None,exact per-ID ledger,Not verified,exact per-ID ledger,approved prompt,exact per-ID ledger,"Project absence is established, but complete project-ledger coverage is not independently proven",exact per-ID ledger,Not verified — validation method has not been executed,exact per-ID ledger,No adopting project,exact per-ID ledger,None — Approved,exact per-ID ledger,Adopting project,exact per-ID ledger,None,exact per-ID ledger,Readable group plus authoritative per-ID ledger; group values reconciled without changing normative text.,exact per-ID ledger
KBDL-VAL-012,Reproducible theme calculations; implementation and project ledgers; completion governance,exact per-ID ledger,KBDL-011,exact per-ID ledger,validation.md#41-completion-and-approval-boundary,exact per-ID ledger,Approved,exact per-ID ledger,Confirmed,exact per-ID ledger,Verified,exact per-ID ledger,Verified,exact per-ID ledger,None,exact per-ID ledger,approved KBDL-011 prompt,exact per-ID ledger,Completion-claim scan; zero decisions/claims,exact per-ID ledger,Executed evidence — docs/kbdl/evidence/kbdl-011-r8/artifacts/validation-output.txt; stated repository method PASS.,exact per-ID ledger,Candidate status is not approval,exact per-ID ledger,None — Approved,exact per-ID ledger,Planning-agent and project-owner review,exact per-ID ledger,None,exact per-ID ledger,Readable group plus authoritative per-ID ledger; group values reconciled without changing normative text.,exact per-ID ledger
