Requirement ID,Blueprint section,Roadmap prompt,Specification location,Source file,Lifecycle status,Provenance,Validation status,Authority,Validation method,Validation evidence,Known limitation,Packet or tracking destination,Pending dependencies,Related decision,Notes or exclusions
KBDL-A11Y-001,A11Y authoritative requirement,KBDL-006,[§6](#6-text-alternatives).,accessibility.md,Approved,Confirmed,Not Verified,"Lifecycle authority: Approved (directly restates WCAG 2.2 SC 1.1.1, Level A, and SC 1.4.5, Level AA)",Manual + automated static accessibility check once implemented.,Not verified — no executed implementation/project evidence,Implementation/project evidence remains unavailable or method is not yet executed,None — Approved,None,None,Companion metadata inherited by the matching grouped traceability occurrence; authoritative normative text is unchanged.
KBDL-A11Y-002,A11Y authoritative requirement,KBDL-006,[§7](#7-captions-transcripts-and-audio-description).,accessibility.md,Approved,Confirmed,Not Verified,"Lifecycle authority: Approved (directly restates WCAG 2.2 SC 1.2.x, Level A/AA)",Manual review once implemented.,Not verified — no executed implementation/project evidence,Implementation/project evidence remains unavailable or method is not yet executed,None — Approved,None,None,Companion metadata inherited by the matching grouped traceability occurrence; authoritative normative text is unchanged.
KBDL-A11Y-003,A11Y authoritative requirement,KBDL-006,[§8](#8-semantic-structure-and-relationships).,accessibility.md,Approved,Confirmed,Not Verified,"Lifecycle authority: Approved (directly restates WCAG 2.2 SC 1.3.1 and SC 4.1.2, both Level A)",Automated static accessibility check + manual screen-reader review once implemented.,Not verified — no executed implementation/project evidence,Implementation/project evidence remains unavailable or method is not yet executed,None — Approved,None,None,Companion metadata inherited by the matching grouped traceability occurrence; authoritative normative text is unchanged.
KBDL-A11Y-004,A11Y authoritative requirement,KBDL-006,[§9](#9-landmark-and-heading-architecture).,accessibility.md,Approved,Confirmed,Not Verified,"Lifecycle authority: Approved (directly restates WCAG 2.2 SC 2.4.2, Level A, and SC 2.4.6, Level AA)",Automated static check + manual review once implemented.,Not verified — no executed implementation/project evidence,Implementation/project evidence remains unavailable or method is not yet executed,None — Approved,None,None,Companion metadata inherited by the matching grouped traceability occurrence; authoritative normative text is unchanged.
KBDL-A11Y-005,A11Y authoritative requirement,KBDL-006,"[§10](#10-reading-and-focus-order), [responsive.md §12, §25](responsive.md#12-source-order-and-reading-order).",accessibility.md,Approved,Confirmed,Not Verified,"Lifecycle authority: Approved (directly restates WCAG 2.2 SC 1.3.2 and SC 2.4.3, both Level A)",Manual keyboard/screen-reader order review once implemented.,Not verified — no executed implementation/project evidence,Implementation/project evidence remains unavailable or method is not yet executed,None — Approved,None,None,Companion metadata inherited by the matching grouped traceability occurrence; authoritative normative text is unchanged.
KBDL-A11Y-006,A11Y authoritative requirement,KBDL-006,[§11](#11-color-independent-communication).,accessibility.md,Approved,Confirmed,Not Verified,"Lifecycle authority: Approved (directly restates WCAG 2.2 SC 1.4.1, Level A, and the locked component-state-clarity rule)",Manual review once implemented.,Not verified — no executed implementation/project evidence,Implementation/project evidence remains unavailable or method is not yet executed,None — Approved,None,None,Companion metadata inherited by the matching grouped traceability occurrence; authoritative normative text is unchanged.
KBDL-A11Y-007,A11Y authoritative requirement,KBDL-006,[§12](#12-text-contrast).,accessibility.md,Approved,Confirmed,Verified,"Lifecycle authority: Approved (directly restates WCAG 2.2 SC 1.4.3, Level AA)","WCAG relative-luminance contrast calculation (completed for theme role pairs, see cited evidence).",Executed evidence recorded in authoritative requirement and R2/R3 audit,None identified for the documented method,None — Approved,None,None,Companion metadata inherited by the matching grouped traceability occurrence; authoritative normative text is unchanged.
KBDL-A11Y-008,A11Y authoritative requirement,KBDL-006,[§13](#13-non-text-contrast).,accessibility.md,Approved,Confirmed,Verified,"Lifecycle authority: Approved (directly restates WCAG 2.2 SC 1.4.11, Level AA)",WCAG relative-luminance contrast calculation (completed for documented pairs).,Executed evidence recorded in authoritative requirement and R2/R3 audit,None identified for the documented method,None — Approved,None,None,Companion metadata inherited by the matching grouped traceability occurrence; authoritative normative text is unchanged.
KBDL-A11Y-009,A11Y authoritative requirement,KBDL-006,[§14](#14-focus-visibility).,accessibility.md,Approved,Confirmed,Verified,"Lifecycle authority: Approved (directly restates WCAG 2.2 SC 2.4.7, Level AA)",Contrast calculation (completed); manual keyboard review once implemented.,Executed evidence recorded in authoritative requirement and R2/R3 audit,None identified for the documented method,None — Approved,None,None,Companion metadata inherited by the matching grouped traceability occurrence; authoritative normative text is unchanged.
KBDL-A11Y-010,A11Y authoritative requirement,KBDL-006,"[§15](#15-focus-not-obscured), [responsive.md §18](responsive.md#18-sticky-and-fixed-regions).",accessibility.md,Approved,Confirmed,Not Verified,"Lifecycle authority: Approved (directly restates WCAG 2.2 SC 2.4.11, Level AA)",Manual keyboard-focus review once implemented.,Not verified — no executed implementation/project evidence,Implementation/project evidence remains unavailable or method is not yet executed,None — Approved,None,None,Companion metadata inherited by the matching grouped traceability occurrence; authoritative normative text is unchanged.
KBDL-A11Y-011,A11Y authoritative requirement,KBDL-006,[§16](#16-light-dark-forced-colors-and-high-contrast-behavior).,accessibility.md,Recommended,Assumed,Not Verified,Lifecycle authority: Recommended (new KBDL policy — no prior theme decision addresses forced-colors mode; explicitly excluded from `KBDL-DEC-013`),Manual forced-colors testing once implemented; project-owner review (not yet performed).,Not verified — no executed implementation/project evidence,Implementation/project evidence remains unavailable or method is not yet executed,Owning module decision packet — 2,None,KBDL-DEC-013,Companion metadata inherited by the matching grouped traceability occurrence; authoritative normative text is unchanged.
KBDL-A11Y-012,A11Y authoritative requirement,KBDL-006,[§17](#17-resize-text).,accessibility.md,Approved,Confirmed,Not Verified,"Lifecycle authority: Approved (directly restates WCAG 2.2 SC 1.4.4, Level AA)",Manual zoom testing once implemented.,Not verified — no executed implementation/project evidence,Implementation/project evidence remains unavailable or method is not yet executed,None — Approved,None,None,Companion metadata inherited by the matching grouped traceability occurrence; authoritative normative text is unchanged.
KBDL-A11Y-013,A11Y authoritative requirement,KBDL-006,[§18](#18-reflow).,accessibility.md,Approved,Confirmed,Not Verified,"Lifecycle authority: Approved (directly restates WCAG 2.2 SC 1.4.10, Level AA)",Manual reflow testing once implemented.,Not verified — no executed implementation/project evidence,Implementation/project evidence remains unavailable or method is not yet executed,None — Approved,None,None,Companion metadata inherited by the matching grouped traceability occurrence; authoritative normative text is unchanged.
KBDL-A11Y-014,A11Y authoritative requirement,KBDL-006,[§19](#19-text-spacing-overrides).,accessibility.md,Approved,Confirmed,Not Verified,"Lifecycle authority: Approved (directly restates WCAG 2.2 SC 1.4.12, Level AA)",Manual text-spacing override testing once implemented.,Not verified — no executed implementation/project evidence,Implementation/project evidence remains unavailable or method is not yet executed,None — Approved,None,None,Companion metadata inherited by the matching grouped traceability occurrence; authoritative normative text is unchanged.
KBDL-A11Y-015,A11Y authoritative requirement,KBDL-006,"[§20](#20-orientation), [responsive.md §20](responsive.md#20-orientation-changes).",accessibility.md,Approved,Confirmed,Not Verified,"Lifecycle authority: Approved (directly restates WCAG 2.2 SC 1.3.4, Level AA)",Manual orientation testing once implemented.,Not verified — no executed implementation/project evidence,Implementation/project evidence remains unavailable or method is not yet executed,None — Approved,None,None,Companion metadata inherited by the matching grouped traceability occurrence; authoritative normative text is unchanged.
KBDL-A11Y-016,A11Y authoritative requirement,KBDL-006,[§21](#21-keyboard-operability).,accessibility.md,Approved,Confirmed,Not Verified,"Lifecycle authority: Approved (directly restates WCAG 2.2 SC 2.1.1, SC 2.1.4, and SC 3.2.1, all Level A)",Manual keyboard testing once implemented.,Not verified — no executed implementation/project evidence,Implementation/project evidence remains unavailable or method is not yet executed,None — Approved,None,None,Companion metadata inherited by the matching grouped traceability occurrence; authoritative normative text is unchanged.
KBDL-A11Y-017,A11Y authoritative requirement,KBDL-006,[§22](#22-keyboard-traps-and-escape-behavior).,accessibility.md,Approved,Confirmed,Not Verified,"Lifecycle authority: Approved (directly restates WCAG 2.2 SC 2.1.2, Level A)",Manual keyboard testing once implemented.,Not verified — no executed implementation/project evidence,Implementation/project evidence remains unavailable or method is not yet executed,None — Approved,None,None,Companion metadata inherited by the matching grouped traceability occurrence; authoritative normative text is unchanged.
KBDL-A11Y-018,A11Y authoritative requirement,KBDL-006,[§23](#23-bypass-mechanisms).,accessibility.md,Approved,Confirmed,Not Verified,"Lifecycle authority: Approved (directly restates WCAG 2.2 SC 2.4.1, Level A)",Manual keyboard testing once implemented.,Not verified — no executed implementation/project evidence,Implementation/project evidence remains unavailable or method is not yet executed,None — Approved,None,None,Companion metadata inherited by the matching grouped traceability occurrence; authoritative normative text is unchanged.
KBDL-A11Y-019,A11Y authoritative requirement,KBDL-006,[§24](#24-pointer-and-touch-behavior).,accessibility.md,Approved,Confirmed,Not Applicable,Approved module prompt / user-provided blueprint and recorded provenance,Not applicable (umbrella section).,Not verified — no executed implementation/project evidence,Implementation/project evidence remains unavailable or method is not yet executed,None — Approved,None,None,Companion metadata inherited by the matching grouped traceability occurrence; authoritative normative text is unchanged.
KBDL-A11Y-020,A11Y authoritative requirement,KBDL-006,[§25](#25-target-sizing-and-spacing).,accessibility.md,Approved,Confirmed,Not Verified,"Lifecycle authority: Approved (directly restates WCAG 2.2 SC 2.5.8, Level AA)",Manual measurement once implemented.,Not verified — no executed implementation/project evidence,Implementation/project evidence remains unavailable or method is not yet executed,None — Approved,None,None,Companion metadata inherited by the matching grouped traceability occurrence; authoritative normative text is unchanged.
KBDL-A11Y-021,A11Y authoritative requirement,KBDL-006,"[§25](#25-target-sizing-and-spacing), [§49](#49-accessibility-decision-packet).",accessibility.md,Recommended,Assumed,Not Applicable,"Lifecycle authority: Recommended (new KBDL enhancement, not yet approved)",Project-owner review (not yet performed).,Not verified — no executed implementation/project evidence,Implementation/project evidence remains unavailable or method is not yet executed,Owning module decision packet — 1,None,None,Companion metadata inherited by the matching grouped traceability occurrence; authoritative normative text is unchanged.
KBDL-A11Y-022,A11Y authoritative requirement,KBDL-006,[§26](#26-pointer-cancellation).,accessibility.md,Approved,Confirmed,Not Verified,"Lifecycle authority: Approved (directly restates WCAG 2.2 SC 2.5.2, Level A)",Manual testing once implemented.,Not verified — no executed implementation/project evidence,Implementation/project evidence remains unavailable or method is not yet executed,None — Approved,None,None,Companion metadata inherited by the matching grouped traceability occurrence; authoritative normative text is unchanged.
KBDL-A11Y-023,A11Y authoritative requirement,KBDL-006,[§27](#27-dragging-and-gesture-alternatives).,accessibility.md,Approved,Confirmed,Not Verified,"Lifecycle authority: Approved (directly restates WCAG 2.2 SC 2.5.1, Level A, and SC 2.5.7, Level AA)",Manual testing once implemented.,Not verified — no executed implementation/project evidence,Implementation/project evidence remains unavailable or method is not yet executed,None — Approved,None,None,Companion metadata inherited by the matching grouped traceability occurrence; authoritative normative text is unchanged.
KBDL-A11Y-024,A11Y authoritative requirement,KBDL-006,[§28](#28-motion-actuation-alternatives).,accessibility.md,Approved,Confirmed,Not Verified,"Lifecycle authority: Approved (directly restates WCAG 2.2 SC 2.5.4, Level A)",Manual testing once implemented.,Not verified — no executed implementation/project evidence,Implementation/project evidence remains unavailable or method is not yet executed,None — Approved,None,None,Companion metadata inherited by the matching grouped traceability occurrence; authoritative normative text is unchanged.
KBDL-A11Y-025,A11Y authoritative requirement,KBDL-006,[§29](#29-reduced-motion-and-no-motion-parity).,accessibility.md,Approved,Confirmed,Not Verified,"Lifecycle authority: Approved (restates `KBDL-MOT-022`, already Approved under `KBDL-DEC-014`; not reopened)",Cross-reference only; see `KBDL-MOT-022`'s own validation method.,Not verified — no executed implementation/project evidence,Implementation/project evidence remains unavailable or method is not yet executed,None — Approved,None,KBDL-DEC-014,Companion metadata inherited by the matching grouped traceability occurrence; authoritative normative text is unchanged.
KBDL-A11Y-026,A11Y authoritative requirement,KBDL-006,[§30](#30-flashing-vestibular-and-motion-safety-limits).,accessibility.md,Approved,Confirmed,Not Verified,"Lifecycle authority: Approved (directly restates WCAG 2.2 SC 2.3.1, Level A, and restates the already-Approved `KBDL-MOT-023`)",Flash-analysis testing once implemented (exact threshold measurement is implementation-dependent and deferred until an implementation exists).,Not verified — no executed implementation/project evidence,Implementation/project evidence remains unavailable or method is not yet executed,None — Approved,None,None,Companion metadata inherited by the matching grouped traceability occurrence; authoritative normative text is unchanged.
KBDL-A11Y-027,A11Y authoritative requirement,KBDL-006,[§31](#31-timing-automatic-movement-and-interruptions).,accessibility.md,Approved,Confirmed,Not Verified,"Lifecycle authority: Approved (directly restates WCAG 2.2 SC 2.2.1 and SC 2.2.2, both Level A)",Manual testing once implemented.,Not verified — no executed implementation/project evidence,Implementation/project evidence remains unavailable or method is not yet executed,None — Approved,None,None,Companion metadata inherited by the matching grouped traceability occurrence; authoritative normative text is unchanged.
KBDL-A11Y-028,A11Y authoritative requirement,KBDL-006,[§32](#32-forms-labels-instructions-and-autocomplete).,accessibility.md,Approved,Confirmed,Not Verified,"Lifecycle authority: Approved (directly restates WCAG 2.2 SC 1.3.5, SC 2.5.3, SC 3.2.2, SC 3.3.2, and SC 3.3.7, Levels A/AA as listed)",Manual + automated static check once implemented.,Not verified — no executed implementation/project evidence,Implementation/project evidence remains unavailable or method is not yet executed,None — Approved,None,None,Companion metadata inherited by the matching grouped traceability occurrence; authoritative normative text is unchanged.
KBDL-A11Y-029,A11Y authoritative requirement,KBDL-006,[§33](#33-error-identification-and-recovery).,accessibility.md,Approved,Confirmed,Not Verified,"Lifecycle authority: Approved (directly restates WCAG 2.2 SC 3.3.1, Level A, and SC 3.3.3, Level AA)",Manual testing once implemented.,Not verified — no executed implementation/project evidence,Implementation/project evidence remains unavailable or method is not yet executed,None — Approved,None,None,Companion metadata inherited by the matching grouped traceability occurrence; authoritative normative text is unchanged.
KBDL-A11Y-030,A11Y authoritative requirement,KBDL-006,[§34](#34-error-prevention-for-consequential-actions).,accessibility.md,Approved,Confirmed,Not Verified,"Lifecycle authority: Approved (directly restates WCAG 2.2 SC 3.3.4, Level AA)",Manual testing once implemented.,Not verified — no executed implementation/project evidence,Implementation/project evidence remains unavailable or method is not yet executed,None — Approved,None,None,Companion metadata inherited by the matching grouped traceability occurrence; authoritative normative text is unchanged.
KBDL-A11Y-031,A11Y authoritative requirement,KBDL-006,[§35](#35-status-messages-and-live-communication).,accessibility.md,Approved,Confirmed,Not Verified,"Lifecycle authority: Approved (directly restates WCAG 2.2 SC 4.1.3, Level AA)",Manual screen-reader testing once implemented.,Not verified — no executed implementation/project evidence,Implementation/project evidence remains unavailable or method is not yet executed,None — Approved,None,None,Companion metadata inherited by the matching grouped traceability occurrence; authoritative normative text is unchanged.
KBDL-A11Y-032,A11Y authoritative requirement,KBDL-006,[§36](#36-authentication-accessibility).,accessibility.md,Approved,Confirmed,Not Verified,"Lifecycle authority: Approved (directly restates WCAG 2.2 SC 3.3.8, Level AA)",Manual testing once implemented.,Not verified — no executed implementation/project evidence,Implementation/project evidence remains unavailable or method is not yet executed,None — Approved,None,None,Companion metadata inherited by the matching grouped traceability occurrence; authoritative normative text is unchanged.
KBDL-A11Y-033,A11Y authoritative requirement,KBDL-006,[§37](#37-plain-language-and-cognitive-accessibility).,accessibility.md,Approved,Confirmed,Not Verified,"Lifecycle authority: Approved (directly restates WCAG 2.2 SC 3.1.1, Level A, and `KBDL-PRN-003`, Consumer Comprehension)",Manual review once implemented.,Not verified — no executed implementation/project evidence,Implementation/project evidence remains unavailable or method is not yet executed,None — Approved,None,None,Companion metadata inherited by the matching grouped traceability occurrence; authoritative normative text is unchanged.
KBDL-A11Y-034,A11Y authoritative requirement,KBDL-006,[§38](#38-consistent-navigation-identification-and-help).,accessibility.md,Approved,Confirmed,Not Verified,"Lifecycle authority: Approved (directly restates WCAG 2.2 SC 2.4.4, Level A, and SC 3.2.6, Level A)",Manual review once implemented.,Not verified — no executed implementation/project evidence,Implementation/project evidence remains unavailable or method is not yet executed,None — Approved,None,None,Companion metadata inherited by the matching grouped traceability occurrence; authoritative normative text is unchanged.
KBDL-A11Y-035,A11Y authoritative requirement,KBDL-006,"[§39](#39-screen-reader-behavior), [§49](#49-accessibility-decision-packet).",accessibility.md,Recommended,Assumed,Not Applicable,"Lifecycle authority: Recommended (new KBDL testing-process enhancement, not yet approved)",Project-owner review (not yet performed).,Not verified — no executed implementation/project evidence,Implementation/project evidence remains unavailable or method is not yet executed,Owning module decision packet — 3,None,None,Companion metadata inherited by the matching grouped traceability occurrence; authoritative normative text is unchanged.
KBDL-A11Y-036,A11Y authoritative requirement,KBDL-006,[§40](#40-media-and-animation-controls).,accessibility.md,Approved,Confirmed,Not Applicable,Lifecycle authority: Approved (cross-reference to already-Approved requirements),Not applicable (cross-reference section).,Not verified — no executed implementation/project evidence,Implementation/project evidence remains unavailable or method is not yet executed,None — Approved,None,None,Companion metadata inherited by the matching grouped traceability occurrence; authoritative normative text is unchanged.
KBDL-A11Y-037,A11Y authoritative requirement,KBDL-006,[§41](#41-accessible-data-presentation).,accessibility.md,Approved,Confirmed,Not Verified,Lifecycle authority: Approved (restates `KBDL-A11Y-003` applied to tabular data),Automated static check + manual review once implemented.,Not verified — no executed implementation/project evidence,Implementation/project evidence remains unavailable or method is not yet executed,None — Approved,None,None,Companion metadata inherited by the matching grouped traceability occurrence; authoritative normative text is unchanged.
KBDL-A11Y-038,A11Y authoritative requirement,KBDL-006,[§42](#42-mobile-accessibility).,accessibility.md,Approved,Confirmed,Not Applicable,Lifecycle authority: Approved (cross-reference),Not applicable (cross-reference section).,Not verified — no executed implementation/project evidence,Implementation/project evidence remains unavailable or method is not yet executed,None — Approved,None,None,Companion metadata inherited by the matching grouped traceability occurrence; authoritative normative text is unchanged.
KBDL-A11Y-039,A11Y authoritative requirement,KBDL-006,[§43](#43-virtual-keyboard-accessibility).,accessibility.md,Approved,Confirmed,Not Applicable,Lifecycle authority: Approved (cross-reference),Not applicable (cross-reference section).,Not verified — no executed implementation/project evidence,Implementation/project evidence remains unavailable or method is not yet executed,None — Approved,None,None,Companion metadata inherited by the matching grouped traceability occurrence; authoritative normative text is unchanged.
KBDL-A11Y-040,A11Y authoritative requirement,KBDL-006,[§44](#44-profile-interpretation).,accessibility.md,Approved,Confirmed,Not Verified,Lifecycle authority: Approved (directly restates [principles.md §9.4](principles.md#94-shared-constraints-across-profiles)),Manual cross-profile review once the project-profiles module is approved.,Not verified — no executed implementation/project evidence,Implementation/project evidence remains unavailable or method is not yet executed,None — Approved,None,KBDL-DEC-010,Companion metadata inherited by the matching grouped traceability occurrence; authoritative normative text is unchanged.
KBDL-CMP-001,CMP authoritative requirement,KBDL-007/008,"[§6](#6-shared-component-contract), [§7](#7-component-anatomy-model).",components-core.md,Approved,User-provided,Not Verified,Lifecycle authority: Approved (structural completeness requirement),Manual completeness review per component.,Not verified — no executed implementation/project evidence,Implementation/project evidence remains unavailable or method is not yet executed,None — Approved,None,None,Companion metadata inherited by the matching grouped traceability occurrence; authoritative normative text is unchanged.
KBDL-CMP-002,CMP authoritative requirement,KBDL-007/008,[§5](#5-native-semantics-first-rule).,components-core.md,Approved,Confirmed,Not Verified,Lifecycle authority: Approved (directly restates WCAG 2.2 SC 4.1.2 and the WAI-ARIA First Rule of ARIA Use),Manual + automated static accessibility check once implemented.,Not verified — no executed implementation/project evidence,Implementation/project evidence remains unavailable or method is not yet executed,None — Approved,None,None,Companion metadata inherited by the matching grouped traceability occurrence; authoritative normative text is unchanged.
KBDL-CMP-003,CMP authoritative requirement,KBDL-007/008,[§10](#10-accessible-naming-and-description).,components-core.md,Approved,Confirmed,Not Verified,Lifecycle authority: Approved (directly restates WCAG 2.2 SC 4.1.2 and SC 2.5.3),Manual + automated static accessibility check once implemented.,Not verified — no executed implementation/project evidence,Implementation/project evidence remains unavailable or method is not yet executed,None — Approved,None,None,Companion metadata inherited by the matching grouped traceability occurrence; authoritative normative text is unchanged.
KBDL-CMP-004,CMP authoritative requirement,KBDL-007/008,"[§8](#8-component-state-model), [§9](#9-interaction-state-priority).",components-core.md,Approved,Confirmed,Not Verified,Lifecycle authority: Approved (directly restates the locked component-state-clarity rule),Manual review once implemented.,Not verified — no executed implementation/project evidence,Implementation/project evidence remains unavailable or method is not yet executed,None — Approved,None,None,Companion metadata inherited by the matching grouped traceability occurrence; authoritative normative text is unchanged.
KBDL-CMP-005,CMP authoritative requirement,KBDL-007/008,[§11](#11-kbdl-008-scope-boundary).,components-core.md,Approved,Confirmed,Not Applicable,Lifecycle authority: Approved (scope-control requirement),"Manual scope-compliance review (performed, see implementation report).",Not verified — no executed implementation/project evidence,Implementation/project evidence remains unavailable or method is not yet executed,None — Approved,None,None,Companion metadata inherited by the matching grouped traceability occurrence; authoritative normative text is unchanged.
KBDL-CMP-006,CMP authoritative requirement,KBDL-007/008,[§12](#12-focus-behavior).,components-core.md,Approved,Confirmed,Not Verified,Lifecycle authority: Approved (directly restates WCAG 2.2 SC 2.4.7 and SC 2.4.11),Manual keyboard-focus review once implemented.,Not verified — no executed implementation/project evidence,Implementation/project evidence remains unavailable or method is not yet executed,None — Approved,None,None,Companion metadata inherited by the matching grouped traceability occurrence; authoritative normative text is unchanged.
KBDL-CMP-007,CMP authoritative requirement,KBDL-007/008,[§13](#13-keyboard-interaction).,components-core.md,Approved,Confirmed,Not Verified,Lifecycle authority: Approved (directly restates WCAG 2.2 SC 2.1.1 and SC 2.1.2),Manual keyboard testing once implemented.,Not verified — no executed implementation/project evidence,Implementation/project evidence remains unavailable or method is not yet executed,None — Approved,None,None,Companion metadata inherited by the matching grouped traceability occurrence; authoritative normative text is unchanged.
KBDL-CMP-008,CMP authoritative requirement,KBDL-007/008,[§14](#14-pointer-and-touch-interaction).,components-core.md,Approved,Confirmed,Not Verified,Lifecycle authority: Approved (directly restates WCAG 2.2 SC 2.5.2 and SC 2.5.8),Manual pointer/touch testing once implemented.,Not verified — no executed implementation/project evidence,Implementation/project evidence remains unavailable or method is not yet executed,None — Approved,None,None,Companion metadata inherited by the matching grouped traceability occurrence; authoritative normative text is unchanged.
KBDL-CMP-009,CMP authoritative requirement,KBDL-007/008,[§15](#15-responsive-behavior).,components-core.md,Approved,Confirmed,Not Verified,"Lifecycle authority: Approved (directly restates `KBDL-RSP-001`, `006`, `007`, `020`)",Manual reflow/zoom testing once implemented.,Not verified — no executed implementation/project evidence,Implementation/project evidence remains unavailable or method is not yet executed,None — Approved,None,None,Companion metadata inherited by the matching grouped traceability occurrence; authoritative normative text is unchanged.
KBDL-CMP-010,CMP authoritative requirement,KBDL-007/008,[§16](#16-target-size-handling).,components-core.md,Approved,Confirmed,Not Verified,Lifecycle authority: Approved (directly restates `KBDL-A11Y-020`),Manual measurement once implemented.,Not verified — no executed implementation/project evidence,Implementation/project evidence remains unavailable or method is not yet executed,None — Approved,None,None,Companion metadata inherited by the matching grouped traceability occurrence; authoritative normative text is unchanged.
KBDL-CMP-011,CMP authoritative requirement,KBDL-007/008,[§17](#17-theme-and-contrast-behavior).,components-core.md,Approved,Confirmed,Not Verified,Lifecycle authority: Approved (directly restates the approved theme architecture),Manual theme-role mapping review once implemented.,Not verified — no executed implementation/project evidence,Implementation/project evidence remains unavailable or method is not yet executed,None — Approved,None,None,Companion metadata inherited by the matching grouped traceability occurrence; authoritative normative text is unchanged.
KBDL-CMP-012,CMP authoritative requirement,KBDL-007/008,[§18](#18-foundation-behavior).,components-core.md,Approved,Confirmed,Not Verified,Lifecycle authority: Approved (directly restates the approved foundation architecture),Manual foundation-mapping review once implemented.,Not verified — no executed implementation/project evidence,Implementation/project evidence remains unavailable or method is not yet executed,None — Approved,None,None,Companion metadata inherited by the matching grouped traceability occurrence; authoritative normative text is unchanged.
KBDL-CMP-013,CMP authoritative requirement,KBDL-007/008,[§19](#19-motion-behavior).,components-core.md,Approved,Confirmed,Not Verified,"Lifecycle authority: Approved (structural requirement — the obligation to document motion necessity/purpose/hierarchy/parity per component is itself Approved; the *exact* component-specific duration, distance, scale, stagger, easing, choreography, or rendering-technology mapping for any individual component is **not** newly approved by this requirement where no prior approved KBDL rule already supplies it — such exact mappings remain governed by the existing motion unresolved/not-approval-ready items in [motion/README.md §10.3](motion/README.md#103-unresolved-or-not-approval-ready) and this module's own [§36](#36-deferred-and-unresolved-items))",Manual review once implemented.,Not verified — no executed implementation/project evidence,Implementation/project evidence remains unavailable or method is not yet executed,None — Approved,None,None,Companion metadata inherited by the matching grouped traceability occurrence; authoritative normative text is unchanged.
KBDL-CMP-014,CMP authoritative requirement,KBDL-007/008,[§20.1](#201-button).,components-core.md,Approved,Confirmed,Not Verified,Lifecycle authority: Approved (core restates native-semantics-first and state-model rules),Manual review once implemented.,Not verified — no executed implementation/project evidence,Implementation/project evidence remains unavailable or method is not yet executed,None — Approved,None,None,Companion metadata inherited by the matching grouped traceability occurrence; authoritative normative text is unchanged.
KBDL-CMP-015,CMP authoritative requirement,KBDL-007/008,"[§20.1](#201-button), [§35](#35-kbdl-007-decision-packet).",components-core.md,Recommended,Assumed,Not Applicable,Lifecycle authority: Recommended (new component taxonomy),Project-owner review (not yet performed).,Not verified — no executed implementation/project evidence,Implementation/project evidence remains unavailable or method is not yet executed,Owning module decision packet — 1,None,None,Companion metadata inherited by the matching grouped traceability occurrence; authoritative normative text is unchanged.
KBDL-CMP-016,CMP authoritative requirement,KBDL-007/008,[§20.2](#202-icon-button).,components-core.md,Approved,Confirmed,Not Verified,Lifecycle authority: Approved (directly restates WCAG 2.2 SC 4.1.2),Manual + automated static accessibility check once implemented.,Not verified — no executed implementation/project evidence,Implementation/project evidence remains unavailable or method is not yet executed,None — Approved,None,None,Companion metadata inherited by the matching grouped traceability occurrence; authoritative normative text is unchanged.
KBDL-CMP-017,CMP authoritative requirement,KBDL-007/008,[§20.2](#202-icon-button).,components-core.md,Recommended,Assumed,Not Applicable,Lifecycle authority: Recommended (new threshold guidance),Project-owner review (not yet performed).,Not verified — no executed implementation/project evidence,Implementation/project evidence remains unavailable or method is not yet executed,Owning module decision packet — 3,None,None,Companion metadata inherited by the matching grouped traceability occurrence; authoritative normative text is unchanged.
KBDL-CMP-018,CMP authoritative requirement,KBDL-007/008,[§20.3](#203-toggle-button).,components-core.md,Approved,Confirmed,Not Verified,Lifecycle authority: Approved (directly restates WAI-ARIA),Manual ARIA review once implemented.,Not verified — no executed implementation/project evidence,Implementation/project evidence remains unavailable or method is not yet executed,None — Approved,None,None,Companion metadata inherited by the matching grouped traceability occurrence; authoritative normative text is unchanged.
KBDL-CMP-019,CMP authoritative requirement,KBDL-007/008,[§20.4](#204-link).,components-core.md,Approved,Confirmed,Not Verified,Lifecycle authority: Approved (directly restates WCAG 2.2 SC 2.4.4),Manual review once implemented.,Not verified — no executed implementation/project evidence,Implementation/project evidence remains unavailable or method is not yet executed,None — Approved,None,None,Companion metadata inherited by the matching grouped traceability occurrence; authoritative normative text is unchanged.
KBDL-CMP-020,CMP authoritative requirement,KBDL-007/008,"[§20.5](#205-button-group), [§35](#35-kbdl-007-decision-packet) item 9.",components-core.md,Recommended,Assumed,Not Applicable,Lifecycle authority: Recommended (new composition guidance),Project-owner review (not yet performed).,Not verified — no executed implementation/project evidence,Implementation/project evidence remains unavailable or method is not yet executed,Owning module decision packet — 9,None,None,Companion metadata inherited by the matching grouped traceability occurrence; authoritative normative text is unchanged.
KBDL-CMP-021,CMP authoritative requirement,KBDL-007/008,[§20.6](#206-disclosure-and-menu-triggers).,components-core.md,Approved,Confirmed,Not Verified,Lifecycle authority: Approved (directly restates the WAI-ARIA disclosure pattern),Manual keyboard review once implemented.,Not verified — no executed implementation/project evidence,Implementation/project evidence remains unavailable or method is not yet executed,None — Approved,None,None,Companion metadata inherited by the matching grouped traceability occurrence; authoritative normative text is unchanged.
KBDL-CMP-022,CMP authoritative requirement,KBDL-007/008,[§21](#21-form-architecture).,components-core.md,Approved,Confirmed,Not Verified,"Lifecycle authority: Approved (directly restates WCAG 2.2 SC 3.3.2, SC 1.3.5, SC 3.3.7)",Manual + automated static check once implemented.,Not verified — no executed implementation/project evidence,Implementation/project evidence remains unavailable or method is not yet executed,None — Approved,None,None,Companion metadata inherited by the matching grouped traceability occurrence; authoritative normative text is unchanged.
KBDL-CMP-023,CMP authoritative requirement,KBDL-007/008,[§22.1](#221-text-input).,components-core.md,Approved,Confirmed,Not Verified,Approved module prompt / user-provided blueprint and recorded provenance,Manual review once implemented.,Not verified — no executed implementation/project evidence,Implementation/project evidence remains unavailable or method is not yet executed,None — Approved,None,None,Companion metadata inherited by the matching grouped traceability occurrence; authoritative normative text is unchanged.
KBDL-CMP-024,CMP authoritative requirement,KBDL-007/008,[§22.2](#222-password-input).,components-core.md,Approved,Confirmed,Not Verified,Lifecycle authority: Approved (directly restates WCAG 2.2 SC 3.3.8),Manual review once implemented.,Not verified — no executed implementation/project evidence,Implementation/project evidence remains unavailable or method is not yet executed,None — Approved,None,None,Companion metadata inherited by the matching grouped traceability occurrence; authoritative normative text is unchanged.
KBDL-CMP-025,CMP authoritative requirement,KBDL-007/008,[§22.3](#223-search-field).,components-core.md,Recommended,Assumed,Not Applicable,Lifecycle authority: Recommended (new component taxonomy),Project-owner review (not yet performed).,Not verified — no executed implementation/project evidence,Implementation/project evidence remains unavailable or method is not yet executed,Owning module decision packet — 4,None,None,Companion metadata inherited by the matching grouped traceability occurrence; authoritative normative text is unchanged.
KBDL-CMP-026,CMP authoritative requirement,KBDL-007/008,[§22.4](#224-textarea).,components-core.md,Approved,Confirmed,Not Verified,Approved module prompt / user-provided blueprint and recorded provenance,Manual review once implemented.,Not verified — no executed implementation/project evidence,Implementation/project evidence remains unavailable or method is not yet executed,None — Approved,None,None,Companion metadata inherited by the matching grouped traceability occurrence; authoritative normative text is unchanged.
KBDL-CMP-027,CMP authoritative requirement,KBDL-007/008,[§22.5](#225-select).,components-core.md,Approved,Confirmed,Not Verified,Lifecycle authority: Approved (directly restates native-semantics-first),Manual review once implemented.,Not verified — no executed implementation/project evidence,Implementation/project evidence remains unavailable or method is not yet executed,None — Approved,None,None,Companion metadata inherited by the matching grouped traceability occurrence; authoritative normative text is unchanged.
KBDL-CMP-028,CMP authoritative requirement,KBDL-007/008,[§22.6](#226-combobox-boundary).,components-core.md,Approved,Confirmed,Not Verified,Lifecycle authority: Approved (directly restates WAI-ARIA/APG),Manual ARIA/keyboard review once implemented.,Not verified — no executed implementation/project evidence,Implementation/project evidence remains unavailable or method is not yet executed,None — Approved,None,None,Companion metadata inherited by the matching grouped traceability occurrence; authoritative normative text is unchanged.
KBDL-CMP-029,CMP authoritative requirement,KBDL-007/008,[§22.6](#226-combobox-boundary).,components-core.md,Recommended,Assumed,Not Applicable,Lifecycle authority: Recommended (new threshold guidance),Project-owner review (not yet performed).,Not verified — no executed implementation/project evidence,Implementation/project evidence remains unavailable or method is not yet executed,Owning module decision packet — 5,None,None,Companion metadata inherited by the matching grouped traceability occurrence; authoritative normative text is unchanged.
KBDL-CMP-030,CMP authoritative requirement,KBDL-007/008,[§22.7](#227-checkbox).,components-core.md,Approved,Confirmed,Not Verified,Approved module prompt / user-provided blueprint and recorded provenance,Manual review once implemented.,Not verified — no executed implementation/project evidence,Implementation/project evidence remains unavailable or method is not yet executed,None — Approved,None,None,Companion metadata inherited by the matching grouped traceability occurrence; authoritative normative text is unchanged.
KBDL-CMP-031,CMP authoritative requirement,KBDL-007/008,[§22.8](#228-radio-group).,components-core.md,Approved,Confirmed,Not Verified,Approved module prompt / user-provided blueprint and recorded provenance,Manual review once implemented.,Not verified — no executed implementation/project evidence,Implementation/project evidence remains unavailable or method is not yet executed,None — Approved,None,None,Companion metadata inherited by the matching grouped traceability occurrence; authoritative normative text is unchanged.
KBDL-CMP-032,CMP authoritative requirement,KBDL-007/008,[§22.9](#229-switch).,components-core.md,Approved,Confirmed,Not Verified,Lifecycle authority: Approved (directly restates WAI-ARIA switch role),Manual review once implemented.,Not verified — no executed implementation/project evidence,Implementation/project evidence remains unavailable or method is not yet executed,None — Approved,None,None,Companion metadata inherited by the matching grouped traceability occurrence; authoritative normative text is unchanged.
KBDL-CMP-033,CMP authoritative requirement,KBDL-007/008,[§22.10](#2210-file-input).,components-core.md,Approved,Confirmed,Not Verified,Approved module prompt / user-provided blueprint and recorded provenance,Manual review once implemented.,Not verified — no executed implementation/project evidence,Implementation/project evidence remains unavailable or method is not yet executed,None — Approved,None,None,Companion metadata inherited by the matching grouped traceability occurrence; authoritative normative text is unchanged.
KBDL-CMP-034,CMP authoritative requirement,KBDL-007/008,[§22.11](#2211-field-group).,components-core.md,Approved,Confirmed,Not Verified,Approved module prompt / user-provided blueprint and recorded provenance,Manual review once implemented.,Not verified — no executed implementation/project evidence,Implementation/project evidence remains unavailable or method is not yet executed,None — Approved,None,None,Companion metadata inherited by the matching grouped traceability occurrence; authoritative normative text is unchanged.
KBDL-CMP-035,CMP authoritative requirement,KBDL-007/008,[§22.12](#2212-form-action-row).,components-core.md,Approved,Confirmed,Not Verified,Lifecycle authority: Approved (behavioral requirement),Manual review once implemented.,Not verified — no executed implementation/project evidence,Implementation/project evidence remains unavailable or method is not yet executed,None — Approved,None,None,Companion metadata inherited by the matching grouped traceability occurrence; authoritative normative text is unchanged.
KBDL-CMP-036,CMP authoritative requirement,KBDL-007/008,[§22.12](#2212-form-action-row).,components-core.md,Recommended,Assumed,Not Applicable,Lifecycle authority: Recommended (new component-level guidance),Project-owner review (not yet performed).,Not verified — no executed implementation/project evidence,Implementation/project evidence remains unavailable or method is not yet executed,Owning module decision packet — 6,None,None,Companion metadata inherited by the matching grouped traceability occurrence; authoritative normative text is unchanged.
KBDL-CMP-037,CMP authoritative requirement,KBDL-007/008,[§23](#23-form-validation-and-recovery).,components-core.md,Approved,Confirmed,Not Verified,"Lifecycle authority: Approved (directly restates WCAG 2.2 SC 3.3.1, SC 3.3.3, SC 3.3.4, SC 3.3.7, SC 4.1.3)",Manual review once implemented.,Not verified — no executed implementation/project evidence,Implementation/project evidence remains unavailable or method is not yet executed,None — Approved,None,None,Companion metadata inherited by the matching grouped traceability occurrence; authoritative normative text is unchanged.
KBDL-CMP-038,CMP authoritative requirement,KBDL-007/008,[§24.1](#241-skip-link).,components-core.md,Approved,Confirmed,Not Verified,Lifecycle authority: Approved (directly restates WCAG 2.2 SC 2.4.1),Manual keyboard testing once implemented.,Not verified — no executed implementation/project evidence,Implementation/project evidence remains unavailable or method is not yet executed,None — Approved,None,None,Companion metadata inherited by the matching grouped traceability occurrence; authoritative normative text is unchanged.
KBDL-CMP-039,CMP authoritative requirement,KBDL-007/008,[§24.2](#242-navigation-link-and-list).,components-core.md,Approved,Confirmed,Not Verified,Approved module prompt / user-provided blueprint and recorded provenance,Manual review once implemented.,Not verified — no executed implementation/project evidence,Implementation/project evidence remains unavailable or method is not yet executed,None — Approved,None,None,Companion metadata inherited by the matching grouped traceability occurrence; authoritative normative text is unchanged.
KBDL-CMP-040,CMP authoritative requirement,KBDL-007/008,[§24.3](#243-primary-or-global-navigation).,components-core.md,Approved,Confirmed,Not Verified,Approved module prompt / user-provided blueprint and recorded provenance,Manual review once implemented.,Not verified — no executed implementation/project evidence,Implementation/project evidence remains unavailable or method is not yet executed,None — Approved,None,None,Companion metadata inherited by the matching grouped traceability occurrence; authoritative normative text is unchanged.
KBDL-CMP-041,CMP authoritative requirement,KBDL-007/008,[§24.3](#243-primary-or-global-navigation).,components-core.md,Recommended,Assumed,Not Applicable,Lifecycle authority: Recommended (depends on unapproved responsive values),Project-owner review (not yet performed).,Not verified — no executed implementation/project evidence,Implementation/project evidence remains unavailable or method is not yet executed,Owning module decision packet — `KBDL-CMP-041`,None,None,Companion metadata inherited by the matching grouped traceability occurrence; authoritative normative text is unchanged.
KBDL-CMP-042,CMP authoritative requirement,KBDL-007/008,[§24.4](#244-local-or-section-navigation).,components-core.md,Approved,Confirmed,Not Verified,Approved module prompt / user-provided blueprint and recorded provenance,Manual review once implemented.,Not verified — no executed implementation/project evidence,Implementation/project evidence remains unavailable or method is not yet executed,None — Approved,None,None,Companion metadata inherited by the matching grouped traceability occurrence; authoritative normative text is unchanged.
KBDL-CMP-043,CMP authoritative requirement,KBDL-007/008,[§24.5](#245-breadcrumb).,components-core.md,Approved,Confirmed,Not Verified,Approved module prompt / user-provided blueprint and recorded provenance,Manual review once implemented.,Not verified — no executed implementation/project evidence,Implementation/project evidence remains unavailable or method is not yet executed,None — Approved,None,None,Companion metadata inherited by the matching grouped traceability occurrence; authoritative normative text is unchanged.
KBDL-CMP-044,CMP authoritative requirement,KBDL-007/008,[§24.5](#245-breadcrumb).,components-core.md,Recommended,Assumed,Not Applicable,Lifecycle authority: Recommended,Project-owner review (not yet performed).,Not verified — no executed implementation/project evidence,Implementation/project evidence remains unavailable or method is not yet executed,Owning module decision packet — 7,None,None,Companion metadata inherited by the matching grouped traceability occurrence; authoritative normative text is unchanged.
KBDL-CMP-045,CMP authoritative requirement,KBDL-007/008,[§24.6](#246-tabs).,components-core.md,Approved,Confirmed,Not Verified,Lifecycle authority: Approved (directly restates the WAI-ARIA tabs pattern),Manual keyboard/ARIA review once implemented.,Not verified — no executed implementation/project evidence,Implementation/project evidence remains unavailable or method is not yet executed,None — Approved,None,None,Companion metadata inherited by the matching grouped traceability occurrence; authoritative normative text is unchanged.
KBDL-CMP-046,CMP authoritative requirement,KBDL-007/008,[§24.6](#246-tabs).,components-core.md,Recommended,Assumed,Not Applicable,Lifecycle authority: Recommended (new component choice),Project-owner review (not yet performed).,Not verified — no executed implementation/project evidence,Implementation/project evidence remains unavailable or method is not yet executed,Owning module decision packet — 2,None,None,Companion metadata inherited by the matching grouped traceability occurrence; authoritative normative text is unchanged.
KBDL-CMP-047,CMP authoritative requirement,KBDL-007/008,[§24.7](#247-pagination).,components-core.md,Approved,Confirmed,Not Verified,Approved module prompt / user-provided blueprint and recorded provenance,Manual review once implemented.,Not verified — no executed implementation/project evidence,Implementation/project evidence remains unavailable or method is not yet executed,None — Approved,None,None,Companion metadata inherited by the matching grouped traceability occurrence; authoritative normative text is unchanged.
KBDL-CMP-048,CMP authoritative requirement,KBDL-007/008,[§24.7](#247-pagination).,components-core.md,Recommended,Assumed,Not Applicable,Lifecycle authority: Recommended,Project-owner review (not yet performed).,Not verified — no executed implementation/project evidence,Implementation/project evidence remains unavailable or method is not yet executed,Owning module decision packet — 8,None,None,Companion metadata inherited by the matching grouped traceability occurrence; authoritative normative text is unchanged.
KBDL-CMP-049,CMP authoritative requirement,KBDL-007/008,[§24.8](#248-back-link).,components-core.md,Approved,Confirmed,Not Verified,Approved module prompt / user-provided blueprint and recorded provenance,Manual review once implemented.,Not verified — no executed implementation/project evidence,Implementation/project evidence remains unavailable or method is not yet executed,None — Approved,None,None,Companion metadata inherited by the matching grouped traceability occurrence; authoritative normative text is unchanged.
KBDL-CMP-050,CMP authoritative requirement,KBDL-007/008,[§25](#25-cross-component-composition-rules).,components-core.md,Approved,Confirmed,Not Applicable,Lifecycle authority: Approved (restates the shared contract applied compositionally),Manual composition review once implemented.,Not verified — no executed implementation/project evidence,Implementation/project evidence remains unavailable or method is not yet executed,None — Approved,None,None,Companion metadata inherited by the matching grouped traceability occurrence; authoritative normative text is unchanged.
KBDL-CMP-051,CMP authoritative requirement,KBDL-007/008,[§26](#26-profile-compatibility).,components-core.md,Approved,Confirmed,Not Verified,Lifecycle authority: Approved (directly restates [principles.md §9.4](principles.md#94-shared-constraints-across-profiles)),Manual cross-profile review once the project-profiles module is approved.,Not verified — no executed implementation/project evidence,Implementation/project evidence remains unavailable or method is not yet executed,None — Approved,None,None,Companion metadata inherited by the matching grouped traceability occurrence; authoritative normative text is unchanged.
KBDL-CMP-052,CMP authoritative requirement,KBDL-007/008,[§5](#5-kbdl-007-ownership-boundary).,components-system.md,Approved,Confirmed,Not Applicable,"Lifecycle authority: Approved (scope-control requirement, extends `KBDL-CMP-005`)","Manual scope-compliance review (performed, see implementation report).",Not verified — no executed implementation/project evidence,Implementation/project evidence remains unavailable or method is not yet executed,None — Approved,None,None,Companion metadata inherited by the matching grouped traceability occurrence; authoritative normative text is unchanged.
KBDL-CMP-053,CMP authoritative requirement,KBDL-007/008,[§8](#8-surface-architecture).,components-system.md,Approved,Confirmed,Not Verified,"Lifecycle authority: Approved (extends the already-Approved native- semantics-first rule, `KBDL-CMP-002`, and the adopted ARIA 1.2 `region` role definition, to this module's surfaces)",Manual native-structure review once implemented.,Not verified — no executed implementation/project evidence,Implementation/project evidence remains unavailable or method is not yet executed,None — Approved,None,None,Companion metadata inherited by the matching grouped traceability occurrence; authoritative normative text is unchanged.
KBDL-CMP-054,CMP authoritative requirement,KBDL-007/008,"[§9.1](#91-container-surface), [§9.2](#92-panel).",components-system.md,Approved,Confirmed,Not Verified,Lifecycle authority: Approved (restates ARIA 1.2's `region` role definition),Manual semantic-structure review once implemented.,Not verified — no executed implementation/project evidence,Implementation/project evidence remains unavailable or method is not yet executed,None — Approved,None,None,Companion metadata inherited by the matching grouped traceability occurrence; authoritative normative text is unchanged.
KBDL-CMP-055,CMP authoritative requirement,KBDL-007/008,[§9.3](#93-card).,components-system.md,Approved,Confirmed,Not Verified,"Lifecycle authority: Approved (restates the native HTML prohibition on nested interactive elements and the already-Approved hover- independent-discoverability requirement, [responsive.md §24](responsive.md#24-hover-independent-discoverability))",Manual DOM-structure and keyboard review once implemented.,Not verified — no executed implementation/project evidence,Implementation/project evidence remains unavailable or method is not yet executed,None — Approved,None,None,Companion metadata inherited by the matching grouped traceability occurrence; authoritative normative text is unchanged.
KBDL-CMP-056,CMP authoritative requirement,KBDL-007/008,[§10](#10-overlay-architecture).,components-system.md,Approved,Confirmed,Not Applicable,"Lifecycle authority: Approved (dictated outcome of the already-adopted WCAG 2.2 focus, keyboard, and reading-order rules applied to layered content — a structural scope statement, not new policy)","Manual scope-compliance review (performed, see implementation report).",Not verified — no executed implementation/project evidence,Implementation/project evidence remains unavailable or method is not yet executed,None — Approved,None,None,Companion metadata inherited by the matching grouped traceability occurrence; authoritative normative text is unchanged.
KBDL-CMP-057,CMP authoritative requirement,KBDL-007/008,"[§10](#10-overlay-architecture), [§11.2](#112-popover-or-non-modal-dialog).",components-system.md,Approved,Confirmed,Not Verified,"Lifecycle authority: Approved (restates the already-adopted WCAG 2.2 SC 2.1.1 Keyboard and SC 2.1.2 No Keyboard Trap, and the already- Approved KBDL-007 keyboard contract, `KBDL-CMP-007`, applied explicitly to non-modal overlays)",Manual keyboard-trap review once implemented.,Not verified — no executed implementation/project evidence,Implementation/project evidence remains unavailable or method is not yet executed,None — Approved,None,None,Companion metadata inherited by the matching grouped traceability occurrence; authoritative normative text is unchanged.
KBDL-CMP-058,CMP authoritative requirement,KBDL-007/008,"[§10](#10-overlay-architecture), [§20](#20-focus-and-modality).",components-system.md,Approved,Confirmed,Not Verified,Lifecycle authority: Approved (dictated outcome of the already-adopted WCAG 2.2 SC 2.4.3 Focus Order — an unset focus target would violate the requirement that focus order remain determinable),Manual focus-restoration review once implemented.,Not verified — no executed implementation/project evidence,Implementation/project evidence remains unavailable or method is not yet executed,None — Approved,None,None,Companion metadata inherited by the matching grouped traceability occurrence; authoritative normative text is unchanged.
KBDL-CMP-059,CMP authoritative requirement,KBDL-007/008,"[§10](#10-overlay-architecture), [§21](#21-dismissal-and-persistence).",components-system.md,Approved,Confirmed,Not Verified,"Lifecycle authority: Approved (restates the already-adopted WCAG 2.2 SC 2.2.1 Timing Adjustable, extended to this module's dismissible surfaces generally, beyond the Toast-specific case in `KBDL-CMP-090`)",Manual content-persistence review once implemented.,Not verified — no executed implementation/project evidence,Implementation/project evidence remains unavailable or method is not yet executed,None — Approved,None,None,Companion metadata inherited by the matching grouped traceability occurrence; authoritative normative text is unchanged.
KBDL-CMP-060,CMP authoritative requirement,KBDL-007/008,"[§10](#10-overlay-architecture), [§31](#31-theme-and-motion-validation-matrix).",components-system.md,Approved,Confirmed,Not Verified,"Lifecycle authority: Approved (restates the already-Approved motion- parity rule, [motion/accessibility-performance.md §1](motion/accessibility-performance.md#1-reduced-motion-and-no-motion-parity))",Manual reduced/no-motion parity review once implemented.,Not verified — no executed implementation/project evidence,Implementation/project evidence remains unavailable or method is not yet executed,None — Approved,None,None,Companion metadata inherited by the matching grouped traceability occurrence; authoritative normative text is unchanged.
KBDL-CMP-061,CMP authoritative requirement,KBDL-007/008,"[§13](#13-feedback-architecture), [§15](#15-system-state-architecture).",components-system.md,Approved,Confirmed,Not Verified,"Lifecycle authority: Approved (restates the locked component-state- clarity rule, [principles.md §5.1](principles.md#51-locked-identity-rules), and `KBDL-CMP-004`, applied explicitly to the states this document introduces)",Manual color-independence review once implemented.,Not verified — no executed implementation/project evidence,Implementation/project evidence remains unavailable or method is not yet executed,None — Approved,None,None,Companion metadata inherited by the matching grouped traceability occurrence; authoritative normative text is unchanged.
KBDL-CMP-062,CMP authoritative requirement,KBDL-007/008,"[§8](#8-surface-architecture), [§17](#17-complex-presentation-architecture).",components-system.md,Approved,Confirmed,Not Verified,"Lifecycle authority: Approved (restates `KBDL-CMP-053`/`002` as an explicit prohibition, distinguishing the general preference from the specific misuse it forbids)",Manual role-use review once implemented.,Not verified — no executed implementation/project evidence,Implementation/project evidence remains unavailable or method is not yet executed,None — Approved,None,None,Companion metadata inherited by the matching grouped traceability occurrence; authoritative normative text is unchanged.
KBDL-CMP-063,CMP authoritative requirement,KBDL-007/008,[§23](#23-security-and-privacy).,components-system.md,Approved,Confirmed,Not Verified,"Lifecycle authority: Approved (restates the already-Approved correctness/safety priority, [principles.md §4](principles.md#4-relationship-between-luxury-and-utility) item 1, as a general baseline; `KBDL-CMP-103` states its Offline/ Reconnecting-specific application)",Manual claim-accuracy review once implemented.,Not verified — no executed implementation/project evidence,Implementation/project evidence remains unavailable or method is not yet executed,None — Approved,None,None,Companion metadata inherited by the matching grouped traceability occurrence; authoritative normative text is unchanged.
KBDL-CMP-064,CMP authoritative requirement,KBDL-007/008,[§23](#23-security-and-privacy).,components-system.md,Approved,Confirmed,Not Verified,Lifecycle authority: Approved (extends the existing KBDL security principle already established in [components-core.md §37](components-core.md#37-security-and-privacy-in-components) as a general baseline; `KBDL-CMP-101` and `KBDL-CMP-104` state its Error-State- and Permission/Not-Found-specific applications),Manual content review once implemented.,Not verified — no executed implementation/project evidence,Implementation/project evidence remains unavailable or method is not yet executed,None — Approved,None,None,Companion metadata inherited by the matching grouped traceability occurrence; authoritative normative text is unchanged.
KBDL-CMP-065,CMP authoritative requirement,KBDL-007/008,[§7](#7-extended-system-component-contract).,components-system.md,Approved,Confirmed,Not Verified,"Lifecycle authority: Approved (extends the already-Approved KBDL-007 accessible-naming requirement, `KBDL-CMP-003`, to this module)",Manual accessible-name review once implemented.,Not verified — no executed implementation/project evidence,Implementation/project evidence remains unavailable or method is not yet executed,None — Approved,None,None,Companion metadata inherited by the matching grouped traceability occurrence; authoritative normative text is unchanged.
KBDL-CMP-066,CMP authoritative requirement,KBDL-007/008,[§24](#24-cross-component-composition-and-profile-compatibility).,components-system.md,Approved,"Confirmed for `KBDL-CMP-052`, `053`, `054`, `055`, `062`, `065`, `068`, `070`; Assumed for `KBDL-CMP-067`, `069`.",Not Verified,"Lifecycle authority: Approved (restates the already-Approved KBDL-007 profile-consistency requirement, `KBDL-CMP-051`, applied to this module)",Manual cross-profile consistency review once implemented.,Not verified — no implementation exists yet.,Implementation-dependent.,None — Approved,None,None,Companion metadata inherited by the matching grouped traceability occurrence; authoritative normative text is unchanged.
KBDL-CMP-067,CMP authoritative requirement,KBDL-007/008,"[§9.3](#93-card), [§33](#33-kbdl-008-decision-packet) item 1.",components-system.md,Recommended,Assumed,Not Applicable,Lifecycle authority: Recommended (new component-level taxonomy),Project-owner review (not yet performed).,Not verified — no executed implementation/project evidence,Implementation/project evidence remains unavailable or method is not yet executed,Owning module decision packet — 1,None,None,Companion metadata inherited by the matching grouped traceability occurrence; authoritative normative text is unchanged.
KBDL-CMP-068,CMP authoritative requirement,KBDL-007/008,[§9.4](#94-accordion-surface).,components-system.md,Approved,Confirmed,Not Verified,Lifecycle authority: Approved (restates the adopted ARIA disclosure pattern's role/state definitions and the already-Approved KBDL-007 disclosure-trigger contract),Manual ARIA-relationship review once implemented.,Not verified — no executed implementation/project evidence,Implementation/project evidence remains unavailable or method is not yet executed,None — Approved,None,None,Companion metadata inherited by the matching grouped traceability occurrence; authoritative normative text is unchanged.
KBDL-CMP-069,CMP authoritative requirement,KBDL-007/008,"[§9.4](#94-accordion-surface), [§33](#33-kbdl-008-decision-packet) item 2.",components-system.md,Recommended,Assumed,Not Applicable,Lifecycle authority: Recommended (new component-level policy),Project-owner review (not yet performed).,Not verified — no executed implementation/project evidence,Implementation/project evidence remains unavailable or method is not yet executed,Owning module decision packet — 2,None,None,Companion metadata inherited by the matching grouped traceability occurrence; authoritative normative text is unchanged.
KBDL-CMP-070,CMP authoritative requirement,KBDL-007/008,"[§9.5](#95-static-data-table), [§14.1](#181-interactive-grid) (distinction).",components-system.md,Approved,Confirmed,Not Verified,"Lifecycle authority: Approved (restates the already-adopted WCAG 2.2 SC 1.3.1 Info and Relationships and the native-semantics-first rule, `KBDL-CMP-002`)",Manual semantic-structure review once implemented.,Not verified — no executed implementation/project evidence,Implementation/project evidence remains unavailable or method is not yet executed,None — Approved,None,None,Companion metadata inherited by the matching grouped traceability occurrence; authoritative normative text is unchanged.
KBDL-CMP-071,CMP authoritative requirement,KBDL-007/008,"[§10](#10-overlay-architecture), [§11.5](#115-dialog), [§11.6](#116-modal-dialog).",components-system.md,Approved,Confirmed,Not Verified,"Lifecycle authority: Approved. Authority: the adopted WAI-ARIA 1.2 `aria-modal` property definition, which specifies that assistive technology should restrict its reading and navigation to the modal element while it is active, directly requires background content to be excluded from that navigation — this is the primary source for ""unreachable by ... screen-reader virtual cursor."" The already-adopted WCAG 2.2 SC 2.4.3 Focus Order and SC 2.4.11 Focus Not Obscured support, but do not by themselves fully dictate, this outcome for pointer/sequential-navigation reachability. The approved KBDL-008 prompt's Overlay Architecture section explicitly requires ""Background inertness"" as a mandatory field for every modal overlay, which is the source for treating this as a complete, single normative rule rather than an inference from the standards alone",Manual focus-containment review once implemented.,Not verified — no executed implementation/project evidence,Implementation/project evidence remains unavailable or method is not yet executed,None — Approved,None,None,Companion metadata inherited by the matching grouped traceability occurrence; authoritative normative text is unchanged.
KBDL-CMP-072,CMP authoritative requirement,KBDL-007/008,[§11.1](#111-tooltip).,components-system.md,Approved,Confirmed,Not Verified,"Lifecycle authority: Approved. Authority, split by clause: ""dismissible via Escape"" and ""remains visible while the trigger has hover or focus"" restate the already-adopted WCAG 2.2 SC 1.4.13 Content on Hover or Focus, which dictates exactly these three properties (dismissible, hoverable, persistent). ""Must never be the sole source of its trigger's accessible name"" restates the already- Approved KBDL-007 accessible-naming requirement, `KBDL-CMP-003`, and the adopted WCAG 2.2 SC 4.1.2 Name, Role, Value — not SC 1.4.13, which does not address naming. ""Contains only non- interactive text"" and ""leaves focus on its trigger"" are not dictated by SC 1.4.13 or the WAI-ARIA `tooltip` role definition alone (the ARIA 1.2 spec describes tooltip as advisory but does not itself prohibit interactive descendants); these two clauses are normative because the approved KBDL-008 prompt explicitly requires ""Informational, non-interactive purpose"" and ""Interactive-content prohibition"" as mandatory Tooltip fields. This requirement does not treat the APG tooltip pattern (explicitly non-consensus, see [§4](#4-standards-interpretation-for-this-module)) as a source for any clause",Manual hover/focus and accessible-name review once implemented.,Not verified — no executed implementation/project evidence,Implementation/project evidence remains unavailable or method is not yet executed,None — Approved,None,None,Companion metadata inherited by the matching grouped traceability occurrence; authoritative normative text is unchanged.
KBDL-CMP-073,CMP authoritative requirement,KBDL-007/008,"[§11.1](#111-tooltip), [§33](#33-kbdl-008-decision-packet) item 3.",components-system.md,Recommended,Assumed,Not Applicable,"Lifecycle authority: Recommended (new KBDL-specific timing/placement policy, not dictated by the non-consensus APG tooltip pattern)",Project-owner review (not yet performed).,Not verified — no executed implementation/project evidence,Implementation/project evidence remains unavailable or method is not yet executed,Owning module decision packet — 3,None,None,Companion metadata inherited by the matching grouped traceability occurrence; authoritative normative text is unchanged.
KBDL-CMP-074,CMP authoritative requirement,KBDL-007/008,"[§11.2](#112-popover-or-non-modal-dialog), [§33](#33-kbdl-008-decision-packet) item 4.",components-system.md,Recommended,Assumed,Not Applicable,Lifecycle authority: Recommended (new component-level taxonomy and dismissal policy),Project-owner review (not yet performed).,Not verified — no executed implementation/project evidence,Implementation/project evidence remains unavailable or method is not yet executed,Owning module decision packet — 4,None,None,Companion metadata inherited by the matching grouped traceability occurrence; authoritative normative text is unchanged.
KBDL-CMP-075,CMP authoritative requirement,KBDL-007/008,[§11.3](#113-menu-surface).,components-system.md,Approved,Confirmed,Not Verified,Lifecycle authority: Approved (restates the adopted WAI-ARIA 1.2 menu role definitions and the already-Approved KBDL-007 trigger contract),Manual ARIA-relationship review once implemented.,Not verified — no executed implementation/project evidence,Implementation/project evidence remains unavailable or method is not yet executed,None — Approved,None,None,Companion metadata inherited by the matching grouped traceability occurrence; authoritative normative text is unchanged.
KBDL-CMP-076,CMP authoritative requirement,KBDL-007/008,"[§11.3](#113-menu-surface), [§33](#33-kbdl-008-decision-packet) item 5.",components-system.md,Recommended,Assumed,Not Applicable,Lifecycle authority: Recommended (new component-level interaction policy; the underlying APG menu pattern is not automatically Approved),Project-owner review (not yet performed).,Not verified — no executed implementation/project evidence,Implementation/project evidence remains unavailable or method is not yet executed,Owning module decision packet — 5,None,None,Companion metadata inherited by the matching grouped traceability occurrence; authoritative normative text is unchanged.
KBDL-CMP-077,CMP authoritative requirement,KBDL-007/008,[§11.4](#114-listbox-popup).,components-system.md,Approved,Confirmed,Not Verified,Lifecycle authority: Approved (restates the adopted WAI-ARIA 1.2 listbox role definitions and the already-Approved KBDL-007 combobox contract),Manual ARIA-relationship review once implemented.,Not verified — no executed implementation/project evidence,Implementation/project evidence remains unavailable or method is not yet executed,None — Approved,None,None,Companion metadata inherited by the matching grouped traceability occurrence; authoritative normative text is unchanged.
KBDL-CMP-078,CMP authoritative requirement,KBDL-007/008,[§11.5](#115-dialog).,components-system.md,Approved,Confirmed,Not Verified,"Lifecycle authority: Approved (restates the already-adopted WCAG 2.2 SC 4.1.2 Name, Role, Value and SC 2.1.1 Keyboard)",Manual accessible-name and keyboard review once implemented.,Not verified — no executed implementation/project evidence,Implementation/project evidence remains unavailable or method is not yet executed,None — Approved,None,None,Companion metadata inherited by the matching grouped traceability occurrence; authoritative normative text is unchanged.
KBDL-CMP-079,CMP authoritative requirement,KBDL-007/008,[§11.6](#116-modal-dialog).,components-system.md,Approved,Confirmed,Not Verified,"Lifecycle authority: Approved (restates `KBDL-CMP-071` and the already-adopted WCAG 2.2 SC 2.1.2 No Keyboard Trap, applied to the definition of modality itself — this is the ""modal integrity"" rule)",Manual modality-compliance review once implemented.,Not verified — no executed implementation/project evidence,Implementation/project evidence remains unavailable or method is not yet executed,None — Approved,None,None,Companion metadata inherited by the matching grouped traceability occurrence; authoritative normative text is unchanged.
KBDL-CMP-080,CMP authoritative requirement,KBDL-007/008,"[§11.6](#116-modal-dialog), [§33](#33-kbdl-008-decision-packet) item 6.",components-system.md,Recommended,Assumed,Not Applicable,Lifecycle authority: Recommended (new component-level sizing and nesting policy),Project-owner review (not yet performed).,Not verified — no executed implementation/project evidence,Implementation/project evidence remains unavailable or method is not yet executed,Owning module decision packet — 17,None,None,Companion metadata inherited by the matching grouped traceability occurrence; authoritative normative text is unchanged.
KBDL-CMP-081,CMP authoritative requirement,KBDL-007/008,[§11.7](#117-alert-dialog).,components-system.md,Approved,Confirmed,Not Verified,Lifecycle authority: Approved (restates the adopted WAI-ARIA 1.2 `alertdialog` role definition),Manual role-use review once implemented.,Not verified — no executed implementation/project evidence,Implementation/project evidence remains unavailable or method is not yet executed,None — Approved,None,None,Companion metadata inherited by the matching grouped traceability occurrence; authoritative normative text is unchanged.
KBDL-CMP-082,CMP authoritative requirement,KBDL-007/008,[§11.8](#118-drawer-and-sheet).,components-system.md,Approved,Confirmed,Not Applicable,"Lifecycle authority: Approved (scope-control requirement, restates `KBDL-CMP-005`/`KBDL-CMP-052`)","Manual scope-compliance review (performed, see implementation report).",Not verified — no executed implementation/project evidence,Implementation/project evidence remains unavailable or method is not yet executed,None — Approved,None,None,Companion metadata inherited by the matching grouped traceability occurrence; authoritative normative text is unchanged.
KBDL-CMP-083,CMP authoritative requirement,KBDL-007/008,"[§11.8](#118-drawer-and-sheet), [§33](#33-kbdl-008-decision-packet) item 7.",components-system.md,Recommended,Assumed,Not Applicable,Lifecycle authority: Recommended (new component-level taxonomy),Project-owner review (not yet performed). This item's approval would not approve any navigation-collapse threshold; a drawer used for collapsed navigation remains bound by `KBDL-CMP-041`'s existing contingent status (KBDL-007).,Not verified — no executed implementation/project evidence,Implementation/project evidence remains unavailable or method is not yet executed,"Owning module decision packet — `KBDL-CMP-041` (navigation collapse threshold, itself contingent)",None,None,Companion metadata inherited by the matching grouped traceability occurrence; authoritative normative text is unchanged.
KBDL-CMP-084,CMP authoritative requirement,KBDL-007/008,[§12](#12-overlay-layering-and-nesting).,components-system.md,Approved,Confirmed,Not Verified,"Lifecycle authority: Approved (dictated outcome of the already-adopted WCAG 2.2 SC 2.4.3 Focus Order and SC 2.1.2 No Keyboard Trap applied to nested layered content — not a new policy choice, since any other outcome would create an indeterminate or trapped focus state)",Manual nested-focus review once implemented.,Not verified — no executed implementation/project evidence,Implementation/project evidence remains unavailable or method is not yet executed,None — Approved,None,None,Companion metadata inherited by the matching grouped traceability occurrence; authoritative normative text is unchanged.
KBDL-CMP-085,CMP authoritative requirement,KBDL-007/008,"[§12](#12-overlay-layering-and-nesting), [§33](#33-kbdl-008-decision-packet) item 8.",components-system.md,Recommended,Assumed,Not Applicable,Lifecycle authority: Recommended (new component-level policy),Project-owner review (not yet performed).,Not verified — no executed implementation/project evidence,Implementation/project evidence remains unavailable or method is not yet executed,Owning module decision packet — 8,None,None,Companion metadata inherited by the matching grouped traceability occurrence; authoritative normative text is unchanged.
KBDL-CMP-086,CMP authoritative requirement,KBDL-007/008,[§13](#13-feedback-architecture).,components-system.md,Approved,Confirmed,Not Verified,Lifecycle authority: Approved (restates `KBDL-A11Y-031` and the adopted WAI-ARIA 1.2 live-region role definitions),Manual live-region role review once implemented.,Not verified — no executed implementation/project evidence,Implementation/project evidence remains unavailable or method is not yet executed,None — Approved,None,None,Companion metadata inherited by the matching grouped traceability occurrence; authoritative normative text is unchanged.
KBDL-CMP-087,CMP authoritative requirement,KBDL-007/008,[§14.1](#141-inline-feedback).,components-system.md,Approved,Confirmed,Not Verified,Lifecycle authority: Approved (restates `KBDL-CMP-004`'s already- Approved state-clarity rule and the adopted WCAG 2.2 SC 1.4.1 Use of Color),Manual review once implemented.,Not verified — no executed implementation/project evidence,Implementation/project evidence remains unavailable or method is not yet executed,None — Approved,None,None,Companion metadata inherited by the matching grouped traceability occurrence; authoritative normative text is unchanged.
KBDL-CMP-088,CMP authoritative requirement,KBDL-007/008,[§14.2](#142-alert).,components-system.md,Approved,Confirmed,Not Verified,"Lifecycle authority: Approved. Authority, split by clause: ""important, time-sensitive messages"" and ""must not move focus by default"" restate the adopted WAI-ARIA 1.2 `alert` role definition, which specifies an assertive live region for important, time-sensitive information without describing any inherent focus-moving behavior. ""Must not be used for routine or successful updates"" is not itself dictated by the ARIA `alert` role definition (which describes what the role announces, not which messages a component must avoid); this restriction is normative because the approved KBDL-008 prompt explicitly requires ""Do not use alert for every successful or routine update"" as a mandatory Alert constraint",Manual role-use review once implemented.,Not verified — no executed implementation/project evidence,Implementation/project evidence remains unavailable or method is not yet executed,None — Approved,None,None,Companion metadata inherited by the matching grouped traceability occurrence; authoritative normative text is unchanged.
KBDL-CMP-089,CMP authoritative requirement,KBDL-007/008,"[§14.3](#143-banner), [§33](#33-kbdl-008-decision-packet) item 9.",components-system.md,Recommended,Assumed,Not Applicable,Lifecycle authority: Recommended (new component-level taxonomy),Project-owner review (not yet performed).,Not verified — no executed implementation/project evidence,Implementation/project evidence remains unavailable or method is not yet executed,Owning module decision packet — 9,None,None,Companion metadata inherited by the matching grouped traceability occurrence; authoritative normative text is unchanged.
KBDL-CMP-090,CMP authoritative requirement,KBDL-007/008,[§14.4](#144-toast-or-snackbar).,components-system.md,Approved,Confirmed,Not Verified,"Lifecycle authority: Approved. Authority, split by clause: ""sensitive information must not be exposed"" extends the existing KBDL security-safe-disclosure principle, `components-core.md §37`. ""Critical information must not be presented only in a transient toast without a persistent path"" and ""must not move focus to itself by default"" are not directly dictated by WCAG 2.2 SC 2.2.1 Timing Adjustable (which governs user-adjustable time limits on content generally, not the specific toast/persistent-path pattern) or by `KBDL-A11Y-031` (which requires programmatic determinability, not a persistence guarantee); these two clauses are normative because the approved KBDL-008 prompt explicitly lists both as mandatory Toast/Snackbar ""Do not"" constraints. SC 2.2.1's adjustable-timing principle is cited as supporting rationale, not as the direct source of the persistent-path requirement",Manual content-classification review once implemented.,Not verified — no executed implementation/project evidence,Implementation/project evidence remains unavailable or method is not yet executed,None — Approved,None,None,Companion metadata inherited by the matching grouped traceability occurrence; authoritative normative text is unchanged.
KBDL-CMP-091,CMP authoritative requirement,KBDL-007/008,"[§14.4](#144-toast-or-snackbar), [§33](#33-kbdl-008-decision-packet) item 10.",components-system.md,Recommended,Assumed,Not Applicable,Lifecycle authority: Recommended (new component-level timing and queueing policy),Project-owner review (not yet performed).,Not verified — no executed implementation/project evidence,Implementation/project evidence remains unavailable or method is not yet executed,Owning module decision packet — 10,None,None,Companion metadata inherited by the matching grouped traceability occurrence; authoritative normative text is unchanged.
KBDL-CMP-092,CMP authoritative requirement,KBDL-007/008,[§14.5](#145-status-region-and-log).,components-system.md,Approved,Confirmed,Not Verified,Lifecycle authority: Approved (restates `KBDL-A11Y-031` and the adopted WAI-ARIA 1.2 `status`/`log` role and `aria-live`/`aria-atomic` definitions),Manual live-region review once implemented.,Not verified — no executed implementation/project evidence,Implementation/project evidence remains unavailable or method is not yet executed,None — Approved,None,None,Companion metadata inherited by the matching grouped traceability occurrence; authoritative normative text is unchanged.
KBDL-CMP-093,CMP authoritative requirement,KBDL-007/008,[§14.6](#146-badge-or-count-indicator).,components-system.md,Approved,Confirmed,Not Verified,"Lifecycle authority: Approved (restates the adopted WCAG 2.2 SC 1.1.1 Non-text Content and SC 4.1.2 Name, Role, Value)",Manual accessible-text review once implemented.,Not verified — no executed implementation/project evidence,Implementation/project evidence remains unavailable or method is not yet executed,None — Approved,None,None,Companion metadata inherited by the matching grouped traceability occurrence; authoritative normative text is unchanged.
KBDL-CMP-094,CMP authoritative requirement,KBDL-007/008,[§14.7](#147-progress-indicator).,components-system.md,Approved,Confirmed,Not Verified,Lifecycle authority: Approved (restates the adopted WAI-ARIA 1.2 `progressbar` role definition and native `<progress>` semantics),Manual role/value review once implemented.,Not verified — no executed implementation/project evidence,Implementation/project evidence remains unavailable or method is not yet executed,None — Approved,None,None,Companion metadata inherited by the matching grouped traceability occurrence; authoritative normative text is unchanged.
KBDL-CMP-095,CMP authoritative requirement,KBDL-007/008,[§14.8](#148-meter).,components-system.md,Approved,Confirmed,Not Verified,Lifecycle authority: Approved (restates the adopted WAI-ARIA 1.2 `meter` role definition and native `<meter>` semantics),Manual role/value review once implemented.,Not verified — no executed implementation/project evidence,Implementation/project evidence remains unavailable or method is not yet executed,None — Approved,None,None,Companion metadata inherited by the matching grouped traceability occurrence; authoritative normative text is unchanged.
KBDL-CMP-096,CMP authoritative requirement,KBDL-007/008,[§14.9](#149-skeleton).,components-system.md,Approved,Confirmed,Not Verified,"Lifecycle authority: Approved. Authority, split by clause: ""hidden from assistive technology as decorative"" restates the adopted WAI-ARIA 1.2 `aria-hidden` semantics for purely decorative content. ""An equivalent loading announcement must be available through a separate status mechanism"" restates `KBDL-A11Y-031`. ""Must not expose meaningless placeholder shapes as if they were content"" is not itself dictated by either of those sources; it is normative because the approved KBDL-008 prompt explicitly requires ""Decorative accessibility treatment"" and ""Equivalent loading announcement"" as mandatory Skeleton fields, which together imply placeholder shapes must not be presented as meaningful content",Manual accessibility-tree review once implemented.,Not verified — no executed implementation/project evidence,Implementation/project evidence remains unavailable or method is not yet executed,None — Approved,None,None,Companion metadata inherited by the matching grouped traceability occurrence; authoritative normative text is unchanged.
KBDL-CMP-097,CMP authoritative requirement,KBDL-007/008,[§15](#15-system-state-architecture).,components-system.md,Approved,Confirmed,Not Verified,"Lifecycle authority: Approved (restates `KBDL-A11Y-031` and the locked component-state-clarity rule, [principles.md §5.1](principles.md#51-locked-identity-rules))",Manual review once implemented.,Not verified — no executed implementation/project evidence,Implementation/project evidence remains unavailable or method is not yet executed,None — Approved,None,None,Companion metadata inherited by the matching grouped traceability occurrence; authoritative normative text is unchanged.
KBDL-CMP-098,CMP authoritative requirement,KBDL-007/008,[§16.1](#161-loading-state).,components-system.md,Approved,Confirmed,Not Verified,"Lifecycle authority: Approved (extends the already-Approved KBDL-007 submit-loading/duplicate-submission-prevention contract, `components-core.md §23`, to the surface-level loading indicator)",Manual review once implemented.,Not verified — no executed implementation/project evidence,Implementation/project evidence remains unavailable or method is not yet executed,None — Approved,None,None,Companion metadata inherited by the matching grouped traceability occurrence; authoritative normative text is unchanged.
KBDL-CMP-099,CMP authoritative requirement,KBDL-007/008,"[§16.2](#162-empty-state), [§33](#33-kbdl-008-decision-packet) item 11.",components-system.md,Recommended,Assumed,Not Applicable,Lifecycle authority: Recommended (new component-level taxonomy),Project-owner review (not yet performed).,Not verified — no executed implementation/project evidence,Implementation/project evidence remains unavailable or method is not yet executed,Owning module decision packet — 11,None,None,Companion metadata inherited by the matching grouped traceability occurrence; authoritative normative text is unchanged.
KBDL-CMP-100,CMP authoritative requirement,KBDL-007/008,[§16.3](#163-no-results-state).,components-system.md,Approved,Confirmed,Not Verified,"Lifecycle authority: Approved. Authority: this requirement is normative because the approved KBDL-008 prompt explicitly requires ""Preservation of entered criteria"" as a mandatory No-Results State field. WCAG 2.2 SC 3.3.7 Redundant Entry (which prohibits requiring re-entry of information already supplied earlier in the same process) is cited as supporting rationale by analogy, not as a direct restatement — SC 3.3.7 governs multi-step process re-entry generally and does not by itself mandate preserving search/filter state specifically on a no-results result",Manual data-preservation review once implemented.,Not verified — no executed implementation/project evidence,Implementation/project evidence remains unavailable or method is not yet executed,None — Approved,None,None,Companion metadata inherited by the matching grouped traceability occurrence; authoritative normative text is unchanged.
KBDL-CMP-101,CMP authoritative requirement,KBDL-007/008,[§16.4](#164-error-state).,components-system.md,Approved,Confirmed,Not Verified,"Lifecycle authority: Approved. Authority, split by clause: that an error must be identified and described restates the already-adopted WCAG 2.2 SC 3.3.1 Error Identification, which requires errors be identified and described in text, but does not itself require classifying an error as ""recoverable or blocking"" or specifying a ""retry or alternative action"" — SC 3.3.1 governs identification, not remediation-path taxonomy. The recoverable/blocking classification and the retry/alternative-action requirement are normative because the approved KBDL-008 prompt explicitly requires ""Recoverable versus blocking error,"" ""Retry,"" and ""Alternative action"" as mandatory Error State fields, consistent with the already-Approved Technical Utility recovery-support principle, [principles.md §3](principles.md#3-technical-utility). The prohibition on exposing stack traces, internal exception details, credentials, or private data restates `KBDL-CMP-064`",Manual review once implemented.,Not verified — no executed implementation/project evidence,Implementation/project evidence remains unavailable or method is not yet executed,None — Approved,None,None,Companion metadata inherited by the matching grouped traceability occurrence; authoritative normative text is unchanged.
KBDL-CMP-102,CMP authoritative requirement,KBDL-007/008,"[§16.4](#164-error-state), [§16.8](#168-maintenance-unavailable-and-degraded-state), [§33](#33-kbdl-008-decision-packet) item 12.",components-system.md,Recommended,Assumed,Not Applicable,Lifecycle authority: Recommended (new component-level taxonomy),Project-owner review (not yet performed).,Not verified — no executed implementation/project evidence,Implementation/project evidence remains unavailable or method is not yet executed,Owning module decision packet — 12,None,None,Companion metadata inherited by the matching grouped traceability occurrence; authoritative normative text is unchanged.
KBDL-CMP-103,CMP authoritative requirement,KBDL-007/008,[§16.5](#165-offline-and-reconnecting-state).,components-system.md,Approved,Confirmed,Not Verified,"Lifecycle authority: Approved (extends the already-Approved KBDL correctness/safety principle, [principles.md §4](principles.md#4-relationship-between-luxury-and-utility) item 1, and the existing KBDL-007 form-recovery data-preservation pattern)",Manual claim-accuracy review once implemented.,Not verified — no executed implementation/project evidence,Implementation/project evidence remains unavailable or method is not yet executed,None — Approved,None,None,Companion metadata inherited by the matching grouped traceability occurrence; authoritative normative text is unchanged.
KBDL-CMP-104,CMP authoritative requirement,KBDL-007/008,[§16.6](#166-permission-denied-and-restricted-state).,components-system.md,Approved,Confirmed,Not Verified,"Lifecycle authority: Approved (extends the existing KBDL security principle already established in `components-core.md §37`, ""a disabled button is not access control"")",Manual security-review once implemented.,Not verified — no executed implementation/project evidence,Implementation/project evidence remains unavailable or method is not yet executed,None — Approved,None,None,Companion metadata inherited by the matching grouped traceability occurrence; authoritative normative text is unchanged.
KBDL-CMP-105,CMP authoritative requirement,KBDL-007/008,"[§18.1](#181-interactive-grid), [§33](#33-kbdl-008-decision-packet) item 13.",components-system.md,Recommended,Assumed,Not Applicable,Lifecycle authority: Recommended (new component-level threshold and interaction model; the APG grid pattern is not automatically Approved),Project-owner review (not yet performed).,Not verified — no executed implementation/project evidence,Implementation/project evidence remains unavailable or method is not yet executed,Owning module decision packet — 14,None,None,Companion metadata inherited by the matching grouped traceability occurrence; authoritative normative text is unchanged.
KBDL-CMP-106,CMP authoritative requirement,KBDL-007/008,"[§18.2](#182-tree-and-treegrid), [§33](#33-kbdl-008-decision-packet) item 14.",components-system.md,Recommended,Assumed,Not Applicable,Lifecycle authority: Recommended (new component-level threshold and interaction model; the APG tree pattern is not automatically Approved),Project-owner review (not yet performed).,Not verified — no executed implementation/project evidence,Implementation/project evidence remains unavailable or method is not yet executed,Owning module decision packet — 14,None,None,Companion metadata inherited by the matching grouped traceability occurrence; authoritative normative text is unchanged.
KBDL-CMP-107,CMP authoritative requirement,KBDL-007/008,[§18.3](#183-carousel).,components-system.md,Approved,Confirmed,Not Verified,Lifecycle authority: Approved (restates the already-adopted WCAG 2.2 SC 2.2.2),Manual pause/stop/hide review once implemented.,Not verified — no executed implementation/project evidence,Implementation/project evidence remains unavailable or method is not yet executed,None — Approved,None,None,Companion metadata inherited by the matching grouped traceability occurrence; authoritative normative text is unchanged.
KBDL-CMP-108,CMP authoritative requirement,KBDL-007/008,"[§18.3](#183-carousel), [§33](#33-kbdl-008-decision-packet) item 15.",components-system.md,Recommended,Assumed,Not Applicable,Lifecycle authority: Recommended (new component-level policy),Project-owner review (not yet performed).,Not verified — no executed implementation/project evidence,Implementation/project evidence remains unavailable or method is not yet executed,Owning module decision packet — 15,None,None,Companion metadata inherited by the matching grouped traceability occurrence; authoritative normative text is unchanged.
KBDL-CMP-109,CMP authoritative requirement,KBDL-007/008,[§18.4](#184-data-visualization).,components-system.md,Approved,Confirmed,Not Verified,"Lifecycle authority: Approved (restates the already-adopted WCAG 2.2 SC 1.4.1 Use of Color, SC 1.3.1 Info and Relationships, and SC 2.1.1 Keyboard, applied to chart content, using the existing approved Data-display roles rather than inventing new ones)",Manual review once implemented.,Not verified — no executed implementation/project evidence,Implementation/project evidence remains unavailable or method is not yet executed,None — Approved,None,None,Companion metadata inherited by the matching grouped traceability occurrence; authoritative normative text is unchanged.
KBDL-CMP-110,CMP authoritative requirement,KBDL-007/008,"[§18.4](#184-data-visualization), [§33](#33-kbdl-008-decision-packet) item 16.",components-system.md,Recommended,Assumed,Not Applicable,Lifecycle authority: Recommended (new component-level taxonomy and interaction model),Project-owner review (not yet performed).,Not verified — no executed implementation/project evidence,Implementation/project evidence remains unavailable or method is not yet executed,Owning module decision packet — `KBDL-CMP-110`,None,None,Companion metadata inherited by the matching grouped traceability occurrence; authoritative normative text is unchanged.
KBDL-CMP-111,CMP authoritative requirement,KBDL-007/008,"[§19](#19-responsive-transformation-policy), [§33](#33-kbdl-008-decision-packet) item 17.",components-system.md,Recommended,Assumed,Not Applicable,"Lifecycle authority: Recommended (new component-level transformation policy; the exact trigger point depends on the eventual approved `KBDL-RSP-002` breakpoint values, cited here only as related context, not as authority)",Project-owner review (not yet performed).,Not verified — no executed implementation/project evidence,Implementation/project evidence remains unavailable or method is not yet executed,Owning module decision packet — 17,None,None,Companion metadata inherited by the matching grouped traceability occurrence; authoritative normative text is unchanged.
KBDL-CUS-001,CUS authoritative requirement,KBDL-010,[§1](#1-purpose-and-scope). Decision-packet destination: None — Approved. Pending dependencies: None.,customization.md,Approved,Confirmed,Not Verified,`KBDL-DEC-004` plus the mandatory KBDL-010 prompt.,Record and implementation audit.,Not verified — no executed implementation/project evidence,No project customization exists to test.,None — Approved,None,KBDL-DEC-004,Companion metadata inherited by the matching grouped traceability occurrence; authoritative normative text is unchanged.
KBDL-CUS-002,CUS authoritative requirement,KBDL-010,[§5](#5-customization-authority-model). Decision-packet destination: None — Approved. Pending dependencies: None.,customization.md,Approved,Confirmed,Not Verified,KBDL lifecycle conventions and mandatory KBDL-010 prompt.,Authority-source audit.,Not verified — no executed implementation/project evidence,Project records are not available.,None — Approved,None,None,Companion metadata inherited by the matching grouped traceability occurrence; authoritative normative text is unchanged.
KBDL-CUS-003,CUS authoritative requirement,KBDL-010,[§6](#6-locked-controlled-open-proposed-and-exception-classifications). Decision-packet destination: None — Approved. Pending dependencies: None.,customization.md,Approved,Confirmed,Not Verified,Mandatory KBDL-010 classification model.,Classification review.,Not verified — no executed implementation/project evidence,Classification has not been applied to a real request.,None — Approved,None,None,Companion metadata inherited by the matching grouped traceability occurrence; authoritative normative text is unchanged.
KBDL-CUS-004,CUS authoritative requirement,KBDL-010,[§12](#12-approval-and-escalation-paths). Decision-packet destination: None — Approved. Pending dependencies: None.,customization.md,Approved,Confirmed,Not Verified,Mandatory KBDL-010 Class A rule and owning-module lifecycle rules.,Source-bound comparison.,Not verified — no executed implementation/project evidence,Implementation choices are project-specific.,None — Approved,None,None,Companion metadata inherited by the matching grouped traceability occurrence; authoritative normative text is unchanged.
KBDL-CUS-005,CUS authoritative requirement,KBDL-010,[§24](#24-content-and-open-brand-expression). Decision-packet destination: None — Approved. Pending dependencies: None.,customization.md,Approved,Confirmed,Not Verified,"`KBDL-PRN-005`, `KBDL-PRO-005`, and mandatory KBDL-010 prompt.",Content and locked-rule audit.,Not verified — no executed implementation/project evidence,Actual assets require project review.,None — Approved,None,None,Companion metadata inherited by the matching grouped traceability occurrence; authoritative normative text is unchanged.
KBDL-CUS-006,CUS authoritative requirement,KBDL-010,[§26](#26-reusable-versus-project-local-customization). Decision-packet destination: None — Approved. Pending dependencies: None.,customization.md,Approved,Confirmed,Not Verified,KBDL governance plus mandatory KBDL-010 Classes C and D.,Proposal-history audit.,Not verified — no executed implementation/project evidence,Exact reuse threshold is Recommended.,None — Approved,None,None,Companion metadata inherited by the matching grouped traceability occurrence; authoritative normative text is unchanged.
KBDL-CUS-007,CUS authoritative requirement,KBDL-010,[§27](#27-conflict-handling-and-exceptions). Decision-packet destination: None — Approved. Pending dependencies: None.,customization.md,Approved,Confirmed,Not Verified,"`KBDL-GOV-002`, governance exception process, and mandatory KBDL-010 Classes E/F.",Exception/stop-path audit.,Not verified — no executed implementation/project evidence,No exception is created here.,None — Approved,None,None,Companion metadata inherited by the matching grouped traceability occurrence; authoritative normative text is unchanged.
KBDL-CUS-008,CUS authoritative requirement,KBDL-010,[§7](#7-manual-customization-workflow). Decision-packet destination: None — Approved. Pending dependencies: None.,customization.md,Approved,Confirmed,Not Verified,Mandatory KBDL-010 workflow.,Workflow-stage audit.,Not verified — no executed implementation/project evidence,No real workflow history exists.,None — Approved,None,None,Companion metadata inherited by the matching grouped traceability occurrence; authoritative normative text is unchanged.
KBDL-CUS-009,CUS authoritative requirement,KBDL-010,[§8](#8-customization-request-intake). Decision-packet destination: None — Approved. Pending dependencies: None.,customization.md,Approved,Confirmed,Not Verified,Mandatory KBDL-010 intake fields.,Intake-field audit.,Not verified — no executed implementation/project evidence,Inapplicable fields require project rationale.,None — Approved,None,None,Companion metadata inherited by the matching grouped traceability occurrence; authoritative normative text is unchanged.
KBDL-CUS-010,CUS authoritative requirement,KBDL-010,[§11](#11-customization-record). Decision-packet destination: None — Approved. Pending dependencies: None.,customization.md,Approved,Confirmed,Not Verified,"`KBDL-DEC-004`, conventions, and mandatory KBDL-010 record fields.",Programmatic field audit plus manual status review.,Not verified — no executed implementation/project evidence,No machine-readable format is mandated.,None — Approved,None,KBDL-DEC-004,Companion metadata inherited by the matching grouped traceability occurrence; authoritative normative text is unchanged.
KBDL-CUS-011,CUS authoritative requirement,KBDL-010,"[§10](#10-impact-assessment), [§14](#14-validation-and-evidence-planning). Decision-packet destination: None — Approved. Pending dependencies: None.",customization.md,Approved,Confirmed,Not Verified,Mandatory KBDL-010 impact and evidence clauses.,Impact/evidence plan audit.,Not verified — no executed implementation/project evidence,Final KBDL validation remains later scope.,None — Approved,None,None,Companion metadata inherited by the matching grouped traceability occurrence; authoritative normative text is unchanged.
KBDL-CUS-012,CUS authoritative requirement,KBDL-010,[§15](#15-review-expiry-change-and-rollback). Decision-packet destination: None — Approved. Pending dependencies: None.,customization.md,Approved,Confirmed,Not Verified,Mandatory KBDL-010 change and rollback clauses.,Record-history and rollback audit.,Not verified — no executed implementation/project evidence,Exact cadence/expiry are Recommended.,None — Approved,None,None,Companion metadata inherited by the matching grouped traceability occurrence; authoritative normative text is unchanged.
KBDL-CUS-013,CUS authoritative requirement,KBDL-010,[§16](#16-foundations-customization). Decision-packet destination: None — Approved. Pending dependencies: None.,customization.md,Approved,Confirmed,Not Verified,Approved foundation requirements plus mandatory KBDL-010 boundary.,Foundation-role/value audit.,Not verified — no executed implementation/project evidence,Project implementation absent.,None — Approved,None,None,Companion metadata inherited by the matching grouped traceability occurrence; authoritative normative text is unchanged.
KBDL-CUS-014,CUS authoritative requirement,KBDL-010,[§17](#17-theme-customization). Decision-packet destination: None — Approved. Pending dependencies: None.,customization.md,Approved,Confirmed,Not Verified,"Approved `KBDL-THM-003`, `005`, `006`, `013`, `014` plus mandatory KBDL-010 boundary.",Theme-role and parity audit.,Not verified — no executed implementation/project evidence,Pending theme items remain excluded.,None — Approved,None,None,Companion metadata inherited by the matching grouped traceability occurrence; authoritative normative text is unchanged.
KBDL-CUS-015,CUS authoritative requirement,KBDL-010,[§18](#18-motion-customization). Decision-packet destination: None — Approved. Pending dependencies: None.,customization.md,Approved,Confirmed,Not Verified,Approved motion requirements plus mandatory KBDL-010 boundary.,Motion architecture/safety audit.,Not verified — no executed implementation/project evidence,Exact component values and technology remain excluded.,None — Approved,None,None,Companion metadata inherited by the matching grouped traceability occurrence; authoritative normative text is unchanged.
KBDL-CUS-016,CUS authoritative requirement,KBDL-010,[§19](#19-responsive-customization). Decision-packet destination: None — Approved. Pending dependencies: None.,customization.md,Approved,Confirmed,Not Verified,Approved responsive requirements plus mandatory KBDL-010 boundary.,Responsive outcome audit.,Not verified — no executed implementation/project evidence,Pending exact values remain excluded.,None — Approved,None,None,Companion metadata inherited by the matching grouped traceability occurrence; authoritative normative text is unchanged.
KBDL-CUS-017,CUS authoritative requirement,KBDL-010,[§20](#20-accessibility-customization-boundary). Decision-packet destination: None — Approved. Pending dependencies: None.,customization.md,Approved,Confirmed,Not Verified,"`KBDL-GOV-002`, Approved accessibility requirements, and mandatory KBDL-010 boundary.",WCAG/requirement audit.,Not verified — no executed implementation/project evidence,Implementation testing is absent.,None — Approved,None,None,Companion metadata inherited by the matching grouped traceability occurrence; authoritative normative text is unchanged.
KBDL-CUS-018,CUS authoritative requirement,KBDL-010,[§21](#21-core-component-customization). Decision-packet destination: None — Approved. Pending dependencies: None.,customization.md,Approved,Confirmed,Not Verified,Approved KBDL-007 requirements plus mandatory KBDL-010 boundary.,Component-contract audit.,Not verified — no executed implementation/project evidence,Pending KBDL-007 items remain excluded.,None — Approved,None,None,Companion metadata inherited by the matching grouped traceability occurrence; authoritative normative text is unchanged.
KBDL-CUS-019,CUS authoritative requirement,KBDL-010,[§22](#22-system-component-customization). Decision-packet destination: None — Approved. Pending dependencies: None.,customization.md,Approved,Confirmed,Not Verified,Approved KBDL-008 requirements plus mandatory KBDL-010 boundary.,System-component contract audit.,Not verified — no executed implementation/project evidence,Pending KBDL-008 items remain excluded.,None — Approved,None,None,Companion metadata inherited by the matching grouped traceability occurrence; authoritative normative text is unchanged.
KBDL-CUS-020,CUS authoritative requirement,KBDL-010,[§23](#23-project-profile-customization). Decision-packet destination: None — Approved. Pending dependencies: None.,customization.md,Approved,Confirmed,Not Verified,"Approved `KBDL-PRO-001`–`008`, `010`–`015`, `019`–`026` plus mandatory KBDL-010 boundary.",Profile-invariant audit.,Not verified — no executed implementation/project evidence,Pending KBDL-009 policies remain excluded.,None — Approved,None,None,Companion metadata inherited by the matching grouped traceability occurrence; authoritative normative text is unchanged.
KBDL-CUS-021,CUS authoritative requirement,KBDL-010,[§25](#25-security-privacy-correctness-and-data-integrity). Decision-packet destination: None — Approved. Pending dependencies: None.,customization.md,Approved,Confirmed,Not Verified,Prior Approved security/correctness requirements plus mandatory KBDL-010 boundary.,Security/privacy/correctness review.,Not verified — no executed implementation/project evidence,Backend architecture is out of scope.,None — Approved,None,None,Companion metadata inherited by the matching grouped traceability occurrence; authoritative normative text is unchanged.
KBDL-CUS-022,CUS authoritative requirement,KBDL-010,[§13](#13-implementation-handoff-boundary). Decision-packet destination: None — Approved. Pending dependencies: None.,customization.md,Approved,Confirmed,Not Verified,Mandatory KBDL-010 handoff and scope clauses.,Handoff-record and artifact audit.,Not verified — no executed implementation/project evidence,No implementation handoff exists.,None — Approved,None,None,Companion metadata inherited by the matching grouped traceability occurrence; authoritative normative text is unchanged.
KBDL-CUS-023,CUS authoritative requirement,KBDL-010,[§11](#11-customization-record). Decision-packet destination: Approval-ready item 1. Pending dependencies: None.,customization.md,Recommended,Assumed,Not Applicable,Not applicable — pending explicit project-owner approval; assignment of a CUS ID does not grant implementation authority.,Project-owner review.,Not verified — no executed implementation/project evidence,Records use a visible placeholder meanwhile.,Owning module decision packet — `KBDL-CUS-023`,None,None,Companion metadata inherited by the matching grouped traceability occurrence; authoritative normative text is unchanged.
KBDL-CUS-024,CUS authoritative requirement,KBDL-010,[§12](#12-approval-and-escalation-paths). Decision-packet destination: Approval-ready item 2. Pending dependencies: None.,customization.md,Recommended,Assumed,Not Applicable,Not applicable — pending explicit project-owner approval; assignment of a CUS ID does not grant implementation authority.,Project-owner review.,Not verified — no executed implementation/project evidence,Current governance does not define exact local roles.,Owning module decision packet — `KBDL-CUS-024`,None,None,Companion metadata inherited by the matching grouped traceability occurrence; authoritative normative text is unchanged.
KBDL-CUS-025,CUS authoritative requirement,KBDL-010,[§14](#14-validation-and-evidence-planning). Decision-packet destination: Approval-ready item 3. Pending dependencies: None.,customization.md,Recommended,Assumed,Not Applicable,Not applicable — pending explicit project-owner approval; assignment of a CUS ID does not grant implementation authority.,Project-owner review.,Not verified — no executed implementation/project evidence,KBDL-011 does not approve this discretionary policy.,Owning module decision packet — `KBDL-CUS-025`,None,None,Companion metadata inherited by the matching grouped traceability occurrence; authoritative normative text is unchanged.
KBDL-CUS-026,CUS authoritative requirement,KBDL-010,[§15](#15-review-expiry-change-and-rollback). Decision-packet destination: Approval-ready item 4. Pending dependencies: None.,customization.md,Recommended,Assumed,Not Applicable,Not applicable — pending explicit project-owner approval; assignment of a CUS ID does not grant implementation authority.,Project-owner review.,Not verified — no executed implementation/project evidence,No default time period is authorized.,Owning module decision packet — `KBDL-CUS-026`,None,None,Companion metadata inherited by the matching grouped traceability occurrence; authoritative normative text is unchanged.
KBDL-CUS-027,CUS authoritative requirement,KBDL-010,[§15](#15-review-expiry-change-and-rollback). Decision-packet destination: Approval-ready item 5. Pending dependencies: None.,customization.md,Recommended,Assumed,Not Applicable,Not applicable — pending explicit project-owner approval; assignment of a CUS ID does not grant implementation authority.,Project-owner review.,Not verified — no executed implementation/project evidence,Conflicts stop under current rules.,Owning module decision packet — `KBDL-CUS-027`,None,None,Companion metadata inherited by the matching grouped traceability occurrence; authoritative normative text is unchanged.
KBDL-CUS-028,CUS authoritative requirement,KBDL-010,[§26](#26-reusable-versus-project-local-customization). Decision-packet destination: Approval-ready item 6. Pending dependencies: None.,customization.md,Recommended,Assumed,Not Applicable,Not applicable — pending explicit project-owner approval; assignment of a CUS ID does not grant implementation authority.,Project-owner review.,Not verified — no executed implementation/project evidence,Reuse always triggers review until a threshold is approved.,Owning module decision packet — `KBDL-CUS-028`,None,None,Companion metadata inherited by the matching grouped traceability occurrence; authoritative normative text is unchanged.
KBDL-CUS-029,CUS authoritative requirement,KBDL-010,"[§15](#15-review-expiry-change-and-rollback), [§24](#24-content-and-open-brand-expression). Decision-packet destination: Approval-ready item 7. Pending dependencies: None.",customization.md,Recommended,Assumed,Not Applicable,Not applicable — pending explicit project-owner approval; assignment of a CUS ID does not grant implementation authority.,Project-owner review.,Not verified — no executed implementation/project evidence,Exact retention and evidence rules are not authorized.,Owning module decision packet — `KBDL-CUS-029`,None,None,Companion metadata inherited by the matching grouped traceability occurrence; authoritative normative text is unchanged.
KBDL-CUS-030,CUS authoritative requirement,KBDL-010,[§41](#41-deferred-and-unresolved-items). Decision-packet destination: Deferred tracking. Pending dependencies: Later implementation/tooling authorization.,customization.md,Deferred,Assumed,Not Applicable,Not applicable — deliberately deferred; assignment of a CUS ID does not grant implementation authority.,Not applicable until resumed.,Not verified — no executed implementation/project evidence,"No JSON, YAML, schema, API, plugin, or automation is authorized.",Deferred tracking — machine-readable customization format/tooling,None,None,Companion metadata inherited by the matching grouped traceability occurrence; authoritative normative text is unchanged.
KBDL-FND-001,FND authoritative requirement,KBDL-003,foundations/README.md,foundations/README.md,Approved,Confirmed (derived from KBDL-002),Not Verified,Approved module prompt / user-provided blueprint and recorded provenance,Manual review of role names against hue-independence at each later module's approval gate.,Not verified — no executed implementation/project evidence,Implementation/project evidence remains unavailable or method is not yet executed,None — Approved,None,None,Companion metadata inherited by the matching grouped traceability occurrence; authoritative normative text is unchanged.
KBDL-FND-002,FND authoritative requirement,KBDL-003,foundations/README.md,foundations/README.md,Approved,Confirmed,Not Verified,Approved module prompt / user-provided blueprint and recorded provenance,Manual review at component-design time (later module) plus this module's conceptual examples.,Not verified — no executed implementation/project evidence,Implementation/project evidence remains unavailable or method is not yet executed,None — Approved,None,None,Companion metadata inherited by the matching grouped traceability occurrence; authoritative normative text is unchanged.
KBDL-FND-003,FND authoritative requirement,KBDL-003,foundations/README.md,foundations/README.md,Approved,Confirmed,Not Verified,Approved module prompt / user-provided blueprint and recorded provenance,Manual review of spacing usage against the named step set; exceptions checked against [governance.md § Exception process](../governance.md#exception-process).,Not verified — no executed implementation/project evidence,Implementation/project evidence remains unavailable or method is not yet executed,None — Approved,None,None,Companion metadata inherited by the matching grouped traceability occurrence; authoritative normative text is unchanged.
KBDL-FND-004,FND authoritative requirement,KBDL-003,foundations/README.md,foundations/README.md,Approved,Confirmed,Not Verified,Approved module prompt / user-provided blueprint and recorded provenance,Manual review of a layout's content-priority ranking at each supported breakpoint.,Not verified — no executed implementation/project evidence,Implementation/project evidence remains unavailable or method is not yet executed,None — Approved,None,None,Companion metadata inherited by the matching grouped traceability occurrence; authoritative normative text is unchanged.
KBDL-FND-005,FND authoritative requirement,KBDL-003,foundations/README.md,foundations/README.md,Approved,Confirmed,Not Verified,Approved module prompt / user-provided blueprint and recorded provenance,Manual review confirming a simplified fallback exists for each elevation level.,Not verified — no executed implementation/project evidence,Implementation/project evidence remains unavailable or method is not yet executed,None — Approved,None,None,Companion metadata inherited by the matching grouped traceability occurrence; authoritative normative text is unchanged.
KBDL-FND-006,FND authoritative requirement,KBDL-003,foundations/README.md,foundations/README.md,Approved,Confirmed,Not Verified,Approved module prompt / user-provided blueprint and recorded provenance,Manual review of icon usage against the label-pairing rule.,Not verified — no executed implementation/project evidence,Implementation/project evidence remains unavailable or method is not yet executed,None — Approved,None,None,Companion metadata inherited by the matching grouped traceability occurrence; authoritative normative text is unchanged.
KBDL-FND-007,FND authoritative requirement,KBDL-003,foundations/README.md,foundations/README.md,Approved,Confirmed,Not Verified,Approved module prompt / user-provided blueprint and recorded provenance,Manual review confirming a static/paused equivalent and an anticipated accessible-text plan exist per media asset type.,Not verified — no executed implementation/project evidence,Implementation/project evidence remains unavailable or method is not yet executed,None — Approved,None,None,Companion metadata inherited by the matching grouped traceability occurrence; authoritative normative text is unchanged.
KBDL-FND-008,FND authoritative requirement,KBDL-003,foundations/README.md,foundations/README.md,Approved,Confirmed,Not Verified,Approved module prompt / user-provided blueprint and recorded provenance,Manual cross-profile review once the project-profiles module is approved.,Not verified — no executed implementation/project evidence,Implementation/project evidence remains unavailable or method is not yet executed,None — Approved,None,None,Companion metadata inherited by the matching grouped traceability occurrence; authoritative normative text is unchanged.
KBDL-FND-009,FND authoritative requirement,KBDL-003,foundations/README.md,foundations/README.md,Approved,User-provided,Verified,Lifecycle authority: Approved (project owner approved via the foundation decision packet; see [KBDL-DEC-012](../decision-register.md#kbdl-dec-012--foundation-decision-packet-approved)),"Contrast calculation (completed, see evidence); brand suitability review (not yet performed).",Executed evidence recorded in authoritative requirement and R2/R3 audit,None identified for the documented method,None — Approved,None,KBDL-DEC-012,Companion metadata inherited by the matching grouped traceability occurrence; authoritative normative text is unchanged.
KBDL-FND-010,FND authoritative requirement,KBDL-003,foundations/README.md,foundations/README.md,Approved,User-provided,Not Verified,Lifecycle authority: Approved (project owner approved via the foundation decision packet; see [KBDL-DEC-012](../decision-register.md#kbdl-dec-012--foundation-decision-packet-approved)),Licensing verification (not yet performed) plus project-owner review (completed for the strategy; the specific family remains a separate future decision).,Not verified — no executed implementation/project evidence,Implementation/project evidence remains unavailable or method is not yet executed,None — Approved,None,KBDL-DEC-012,Companion metadata inherited by the matching grouped traceability occurrence; authoritative normative text is unchanged.
KBDL-FND-011,FND authoritative requirement,KBDL-003,foundations/README.md,foundations/README.md,Approved,User-provided,Not Verified,Lifecycle authority: Approved (project owner approved via the foundation decision packet; see [KBDL-DEC-012](../decision-register.md#kbdl-dec-012--foundation-decision-packet-approved)),Project-owner review (completed); exact pixel values validated once chosen.,Not verified — no executed implementation/project evidence,Implementation/project evidence remains unavailable or method is not yet executed,None — Approved,None,KBDL-DEC-012,Companion metadata inherited by the matching grouped traceability occurrence; authoritative normative text is unchanged.
KBDL-FND-012,FND authoritative requirement,KBDL-003,foundations/README.md,foundations/README.md,Approved,User-provided,Not Verified,Lifecycle authority: Approved (project owner approved via the foundation decision packet; see [KBDL-DEC-012](../decision-register.md#kbdl-dec-012--foundation-decision-packet-approved)),Project-owner review (completed).,Not verified — no executed implementation/project evidence,Implementation/project evidence remains unavailable or method is not yet executed,None — Approved,None,KBDL-DEC-012,Companion metadata inherited by the matching grouped traceability occurrence; authoritative normative text is unchanged.
KBDL-GOV-001,GOV authoritative requirement,KBDL-001,governance.md#kbdl-gov-001--specification-architecture-is-established,governance.md,Approved,Historical approved prompt/decision,Verified,KBDL-DEC-002 and approved KBDL-001 prompt,Repository documentation review,KBDL-001 evidence,Historical record format,None — Approved,None,KBDL-DEC-002,Companion metadata inherited by the matching grouped traceability occurrence; authoritative normative text is unchanged.
KBDL-GOV-002,GOV authoritative requirement,KBDL-001,governance.md#kbdl-gov-002--accessibility-requirements-are-protected,governance.md,Approved,Historical approved prompt/decision,Not Verified,KBDL-DEC-010 and approved KBDL-001 prompt,Implementation audit,Not verified,No implementation,None — Approved,Implementation,KBDL-DEC-010,Companion metadata inherited by the matching grouped traceability occurrence; authoritative normative text is unchanged.
KBDL-GOV-003,GOV authoritative requirement,KBDL-001,governance.md#kbdl-gov-003--documentation-governance-is-enforced,governance.md,Approved,Historical approved prompt/decision,Verified,KBDL-DEC-011 and approved KBDL-001 prompt,Governance audit,KBDL-001-R1 evidence,Historical record format,None — Approved,None,KBDL-DEC-011,Companion metadata inherited by the matching grouped traceability occurrence; authoritative normative text is unchanged.
KBDL-MOT-001,MOT authoritative requirement,KBDL-005,[foundations.md §1](foundations.md#1-motion-purposes).,motion/README.md,Approved,Confirmed,Not Verified,"Lifecycle authority: Approved (directly restates the locked Motion Purpose rule, [principles.md §5.1](../principles.md#51-locked-identity-rules))",Manual review confirming every documented motion pattern cites a purpose from the approved list.,Not verified — no executed implementation/project evidence,Implementation/project evidence remains unavailable or method is not yet executed,None — Approved,None,None,Companion metadata inherited by the matching grouped traceability occurrence; authoritative normative text is unchanged.
KBDL-MOT-002,MOT authoritative requirement,KBDL-005,[§2](#2-motion-terminology).,motion/README.md,Approved,User-provided,Not Verified,Approved module prompt / user-provided blueprint and recorded provenance,Manual terminology-consistency review.,Not verified — no executed implementation/project evidence,Implementation/project evidence remains unavailable or method is not yet executed,None — Approved,None,None,Companion metadata inherited by the matching grouped traceability occurrence; authoritative normative text is unchanged.
KBDL-MOT-003,MOT authoritative requirement,KBDL-005,[§3.3](#33-relationship-and-conflict-resolution).,motion/README.md,Approved,Confirmed,Not Verified,Lifecycle authority: Approved (directly extends `KBDL-PRN-002`),Manual review of motion decisions against the priority order; disputes escalated per [governance.md](../governance.md).,Not verified — no executed implementation/project evidence,Implementation/project evidence remains unavailable or method is not yet executed,None — Approved,None,None,Companion metadata inherited by the matching grouped traceability occurrence; authoritative normative text is unchanged.
KBDL-MOT-004,MOT authoritative requirement,KBDL-005,[foundations.md §2](foundations.md#2-motion-categories).,motion/README.md,Approved,User-provided,Not Verified,"Lifecycle authority: Approved (structural requirement; the categories' exact intensity defaults remain `Recommended`, see `KBDL-MOT-006`)",Manual completeness review per category.,Not verified — no executed implementation/project evidence,Implementation/project evidence remains unavailable or method is not yet executed,None — Approved,None,None,Companion metadata inherited by the matching grouped traceability occurrence; authoritative normative text is unchanged.
KBDL-MOT-005,MOT authoritative requirement,KBDL-005,[foundations.md §3](foundations.md#3-motion-hierarchy).,motion/README.md,Approved,User-provided,Not Verified,Lifecycle authority: Approved (per [KBDL-DEC-014](../decision-register.md#kbdl-dec-014--kbdl-005-motion-decisions-approved); the specific five-level structure and names were new KBDL-005 policy until this approval),"Manual review of Exceptional-level usage once implemented; project-owner review (performed, see [KBDL-DEC-014](../decision-register.md#kbdl-dec-014--kbdl-005-motion-decisions-approved)).",Not verified — no executed implementation/project evidence,Implementation/project evidence remains unavailable or method is not yet executed,None — Approved,None,KBDL-DEC-014,Companion metadata inherited by the matching grouped traceability occurrence; authoritative normative text is unchanged.
KBDL-MOT-006,MOT authoritative requirement,KBDL-005,[foundations.md §4](foundations.md#4-motion-intensity).,motion/README.md,Approved,User-provided,Not Verified,"Lifecycle authority: Approved (per [KBDL-DEC-014](../decision-register.md#kbdl-dec-014--kbdl-005-motion-decisions-approved), decision packet item 14)","Manual review of intensity assessments once implemented; project-owner review (performed, see [KBDL-DEC-014](../decision-register.md#kbdl-dec-014--kbdl-005-motion-decisions-approved)).",Not verified — no executed implementation/project evidence,Implementation/project evidence remains unavailable or method is not yet executed,None — Approved,None,KBDL-DEC-014,Companion metadata inherited by the matching grouped traceability occurrence; authoritative normative text is unchanged.
KBDL-MOT-007,MOT authoritative requirement,KBDL-005,[timing-easing.md §1](timing-easing.md#1-timing-architecture).,motion/README.md,Approved,User-provided,Not Verified,"Lifecycle authority: Approved (per [KBDL-DEC-014](../decision-register.md#kbdl-dec-014--kbdl-005-motion-decisions-approved), decision packet item 2, together with `KBDL-MOT-008`, as one timing system)","Manual review of timing-class usage once implemented; project-owner review (performed, see [KBDL-DEC-014](../decision-register.md#kbdl-dec-014--kbdl-005-motion-decisions-approved)).",Not verified — no executed implementation/project evidence,Implementation/project evidence remains unavailable or method is not yet executed,None — Approved,None,KBDL-DEC-014,Companion metadata inherited by the matching grouped traceability occurrence; authoritative normative text is unchanged.
KBDL-MOT-008,MOT authoritative requirement,KBDL-005,[timing-easing.md §2](timing-easing.md#2-duration-recommendations).,motion/README.md,Approved,User-provided,Not Applicable,"Lifecycle authority: Approved (per [KBDL-DEC-014](../decision-register.md#kbdl-dec-014--kbdl-005-motion-decisions-approved), decision packet item 2, together with `KBDL-MOT-007`, as one timing system)","Project-owner review (performed, see [KBDL-DEC-014](../decision-register.md#kbdl-dec-014--kbdl-005-motion-decisions-approved)); manual implementation review once an implementation exists.",Not verified — no executed implementation/project evidence,Implementation/project evidence remains unavailable or method is not yet executed,None — Approved,None,KBDL-DEC-014,Companion metadata inherited by the matching grouped traceability occurrence; authoritative normative text is unchanged.
KBDL-MOT-009,MOT authoritative requirement,KBDL-005,[timing-easing.md §3](timing-easing.md#3-easing-architecture).,motion/README.md,Approved,User-provided,Not Applicable,"Lifecycle authority: Approved (per [KBDL-DEC-014](../decision-register.md#kbdl-dec-014--kbdl-005-motion-decisions-approved), decision packet item 3)","Manual conceptual review (performed, see [timing-easing.md §3](timing-easing.md#3-easing-architecture)); project-owner approval (performed, see [KBDL-DEC-014](../decision-register.md#kbdl-dec-014--kbdl-005-motion-decisions-approved)).",Not verified — no executed implementation/project evidence,Implementation/project evidence remains unavailable or method is not yet executed,None — Approved,None,KBDL-DEC-014,Companion metadata inherited by the matching grouped traceability occurrence; authoritative normative text is unchanged.
KBDL-MOT-010,MOT authoritative requirement,KBDL-005,[foundations.md §6](foundations.md#6-spatial-movement).,motion/README.md,Approved,User-provided,Not Verified,"Lifecycle authority: Approved (per [KBDL-DEC-014](../decision-register.md#kbdl-dec-014--kbdl-005-motion-decisions-approved), decision packet item 4)","Manual review once implemented; project-owner review (performed, see [KBDL-DEC-014](../decision-register.md#kbdl-dec-014--kbdl-005-motion-decisions-approved)).",Not verified — no executed implementation/project evidence,Implementation/project evidence remains unavailable or method is not yet executed,None — Approved,None,KBDL-DEC-014,Companion metadata inherited by the matching grouped traceability occurrence; authoritative normative text is unchanged.
KBDL-MOT-011,MOT authoritative requirement,KBDL-005,[foundations.md §5](foundations.md#5-choreography-and-sequencing).,motion/README.md,Approved,User-provided,Not Verified,"Lifecycle authority: Approved (per [KBDL-DEC-014](../decision-register.md#kbdl-dec-014--kbdl-005-motion-decisions-approved), decision packet item 5)","Manual review once implemented; project-owner review (performed, see [KBDL-DEC-014](../decision-register.md#kbdl-dec-014--kbdl-005-motion-decisions-approved)).",Not verified — no executed implementation/project evidence,Implementation/project evidence remains unavailable or method is not yet executed,None — Approved,None,KBDL-DEC-014,Companion metadata inherited by the matching grouped traceability occurrence; authoritative normative text is unchanged.
KBDL-MOT-012,MOT authoritative requirement,KBDL-005,[foundations.md §7](foundations.md#7-entrance-and-exit-behavior).,motion/README.md,Approved,Confirmed,Not Verified,Lifecycle authority: Approved (directly restates the safety/correctness priority already established in `KBDL-PRN-002` and [§3.3](#33-relationship-and-conflict-resolution)),Manual review once implemented; project-owner review (not yet performed).,Not verified — no executed implementation/project evidence,Implementation/project evidence remains unavailable or method is not yet executed,None — Approved,None,None,Companion metadata inherited by the matching grouped traceability occurrence; authoritative normative text is unchanged.
KBDL-MOT-013,MOT authoritative requirement,KBDL-005,[patterns.md §1](patterns.md#1-navigation-and-spatial-continuity).,motion/README.md,Approved,User-provided,Not Verified,"Lifecycle authority: Approved (per [KBDL-DEC-014](../decision-register.md#kbdl-dec-014--kbdl-005-motion-decisions-approved), decision packet item 15)","Manual review once implemented; project-owner review (performed, see [KBDL-DEC-014](../decision-register.md#kbdl-dec-014--kbdl-005-motion-decisions-approved)).",Not verified — no executed implementation/project evidence,Implementation/project evidence remains unavailable or method is not yet executed,None — Approved,None,KBDL-DEC-014,Companion metadata inherited by the matching grouped traceability occurrence; authoritative normative text is unchanged.
KBDL-MOT-014,MOT authoritative requirement,KBDL-005,[patterns.md §2](patterns.md#2-loading-and-progress).,motion/README.md,Approved,Confirmed,Not Verified,"Lifecycle authority: Approved (directly restates Technical Utility's ""visible progress"" and ""error prevention"" qualities)",Manual review once implemented; project-owner review (not yet performed).,Not verified — no executed implementation/project evidence,Implementation/project evidence remains unavailable or method is not yet executed,None — Approved,None,None,Companion metadata inherited by the matching grouped traceability occurrence; authoritative normative text is unchanged.
KBDL-MOT-015,MOT authoritative requirement,KBDL-005,[patterns.md §3](patterns.md#3-direct-manipulation-and-gesture-response).,motion/README.md,Approved,Confirmed,Not Verified,Lifecycle authority: Approved (directly restates accessibility's requirement for a non-gesture equivalent),Manual review once implemented; project-owner review (not yet performed).,Not verified — no executed implementation/project evidence,Implementation/project evidence remains unavailable or method is not yet executed,None — Approved,None,None,Companion metadata inherited by the matching grouped traceability occurrence; authoritative normative text is unchanged.
KBDL-MOT-016,MOT authoritative requirement,KBDL-005,[patterns.md §4](patterns.md#4-attention-motion).,motion/README.md,Approved,Confirmed,Not Verified,"Lifecycle authority: Approved (directly restates the locked component-state-clarity rule — ""must not rely on color/motion alone"" — and Accessibility by Default)",Manual review once implemented; project-owner review (not yet performed).,Not verified — no executed implementation/project evidence,Implementation/project evidence remains unavailable or method is not yet executed,None — Approved,None,None,Companion metadata inherited by the matching grouped traceability occurrence; authoritative normative text is unchanged.
KBDL-MOT-017,MOT authoritative requirement,KBDL-005,[patterns.md §5](patterns.md#5-ambient-and-continuous-motion).,motion/README.md,Approved,Confirmed,Not Verified,"Lifecycle authority: Approved (directly restates the locked Motion Purpose rule that continuous motion must be controlled, and the already-Approved reduced-motion requirement `KBDL-THM-012a`)",Manual review once implemented; project-owner review (not yet performed).,Not verified — no executed implementation/project evidence,Implementation/project evidence remains unavailable or method is not yet executed,None — Approved,None,None,Companion metadata inherited by the matching grouped traceability occurrence; authoritative normative text is unchanged.
KBDL-MOT-018,MOT authoritative requirement,KBDL-005,[patterns.md §6](patterns.md#6-scroll-linked-motion).,motion/README.md,Approved,Confirmed,Not Verified,"Lifecycle authority: Approved (directly restates accessibility's requirement that content remain accessible without script/animation, and the reduced-motion requirement)",Manual review once implemented; project-owner review (not yet performed).,Not verified — no executed implementation/project evidence,Implementation/project evidence remains unavailable or method is not yet executed,None — Approved,None,None,Companion metadata inherited by the matching grouped traceability occurrence; authoritative normative text is unchanged.
KBDL-MOT-019,MOT authoritative requirement,KBDL-005,[patterns.md §7](patterns.md#7-media-motion).,motion/README.md,Approved,Confirmed,Not Verified,"Lifecycle authority: Approved (directly restates WCAG 2.2 AA's autoplay-with-sound prohibition and pause/stop requirement, already adopted under `KBDL-DEC-010`)",Manual review once implemented; project-owner review (not yet performed).,Not verified — no executed implementation/project evidence,Implementation/project evidence remains unavailable or method is not yet executed,None — Approved,None,KBDL-DEC-010,Companion metadata inherited by the matching grouped traceability occurrence; authoritative normative text is unchanged.
KBDL-MOT-020,MOT authoritative requirement,KBDL-005,[patterns.md §8](patterns.md#8-theme-transition-motion).,motion/README.md,Approved,User-provided,Not Verified,"Lifecycle authority: Approved (per [KBDL-DEC-014](../decision-register.md#kbdl-dec-014--kbdl-005-motion-decisions-approved), decision packet item 10; the underlying non-blocking, readable, focus-preserving requirements were already `Approved` under `KBDL-THM-012`/`012a` and are unaffected)","Manual review of the worked example (performed, see [patterns.md §8](patterns.md#8-theme-transition-motion)); project-owner review (performed, see [KBDL-DEC-014](../decision-register.md#kbdl-dec-014--kbdl-005-motion-decisions-approved)).",Not verified — no executed implementation/project evidence,Implementation/project evidence remains unavailable or method is not yet executed,None — Approved,None,KBDL-DEC-014,Companion metadata inherited by the matching grouped traceability occurrence; authoritative normative text is unchanged.
KBDL-MOT-021,MOT authoritative requirement,KBDL-005,[patterns.md §9](patterns.md#9-interruption-reversal-and-recovery).,motion/README.md,Approved,Confirmed,Not Verified,Lifecycle authority: Approved (directly restates safety/correctness and state-comprehension priorities),Manual review once implemented; project-owner review (not yet performed).,Not verified — no executed implementation/project evidence,Implementation/project evidence remains unavailable or method is not yet executed,None — Approved,None,None,Companion metadata inherited by the matching grouped traceability occurrence; authoritative normative text is unchanged.
KBDL-MOT-022,MOT authoritative requirement,KBDL-005,[accessibility-performance.md §1](accessibility-performance.md#1-reduced-motion-and-no-motion-parity).,motion/README.md,Approved,Confirmed,Not Verified,"Lifecycle authority: Approved (directly restates `KBDL-THM-012a` and KBDL's enhanced motion-safety baseline, `KBDL-DEC-010`)","Manual parity review per pattern (performed, see [accessibility-performance.md §1](accessibility-performance.md#1-reduced-motion-and-no-motion-parity)); implementation-level review not yet performed.",Not verified — no executed implementation/project evidence,Implementation/project evidence remains unavailable or method is not yet executed,None — Approved,None,KBDL-DEC-010,Companion metadata inherited by the matching grouped traceability occurrence; authoritative normative text is unchanged.
KBDL-MOT-023,MOT authoritative requirement,KBDL-005,[accessibility-performance.md §2](accessibility-performance.md#2-motion-safety).,motion/README.md,Approved,Confirmed,Not Verified,"Lifecycle authority: Approved (directly restates KBDL's enhanced motion-safety requirement, `KBDL-DEC-010`)",Manual review once implemented; project-owner review (not yet performed).,Not verified — no executed implementation/project evidence,Implementation/project evidence remains unavailable or method is not yet executed,None — Approved,None,KBDL-DEC-010,Companion metadata inherited by the matching grouped traceability occurrence; authoritative normative text is unchanged.
KBDL-MOT-024,MOT authoritative requirement,KBDL-005,[accessibility-performance.md §3](accessibility-performance.md#3-performance-requirements).,motion/README.md,Approved,Confirmed,Not Verified,"Lifecycle authority: Approved (directly restates Performance-Aware Enhancement, `KBDL-PRN-003`/§6.9)",Implementation-level performance measurement (not yet performed — no implementation exists).,Not verified — no executed implementation/project evidence,Implementation/project evidence remains unavailable or method is not yet executed,None — Approved,None,None,Companion metadata inherited by the matching grouped traceability occurrence; authoritative normative text is unchanged.
KBDL-MOT-025,MOT authoritative requirement,KBDL-005,[accessibility-performance.md §4](accessibility-performance.md#4-mobile-and-input-method-considerations).,motion/README.md,Approved,Confirmed,Not Verified,Lifecycle authority: Approved (directly restates Accessibility by Default),Manual review once implemented; project-owner review (not yet performed).,Not verified — no executed implementation/project evidence,Implementation/project evidence remains unavailable or method is not yet executed,None — Approved,None,None,Companion metadata inherited by the matching grouped traceability occurrence; authoritative normative text is unchanged.
KBDL-MOT-026,MOT authoritative requirement,KBDL-005,[patterns.md §10](patterns.md#10-profile-level-motion-interpretation).,motion/README.md,Approved,Confirmed,Not Verified,"Lifecycle authority: Approved (directly restates `KBDL-PRN-007`, Adaptability Without Fragmentation)",Manual cross-profile review once the project-profiles module is approved.,Not verified — no executed implementation/project evidence,Implementation/project evidence remains unavailable or method is not yet executed,None — Approved,None,None,Companion metadata inherited by the matching grouped traceability occurrence; authoritative normative text is unchanged.
KBDL-MOT-027,MOT authoritative requirement,KBDL-005,[§10](#10-motion-decision-packet).,motion/README.md,Approved,Confirmed,Not Applicable,Lifecycle authority: Approved (this governance rule itself directly restates [conventions.md §1.1](../conventions.md#11-lifecycle--approval-status)),Manual review confirming no `Recommended` motion value is implemented or marked `Approved` without a decision-register entry.,Not verified — no executed implementation/project evidence,Implementation/project evidence remains unavailable or method is not yet executed,None — Approved,None,None,Companion metadata inherited by the matching grouped traceability occurrence; authoritative normative text is unchanged.
KBDL-MOT-028,MOT authoritative requirement,KBDL-005,[foundations.md §7](foundations.md#7-entrance-and-exit-behavior).,motion/README.md,Approved,User-provided,Not Applicable,"Lifecycle authority: Approved (per [KBDL-DEC-014](../decision-register.md#kbdl-dec-014--kbdl-005-motion-decisions-approved), decision packet item 6)","Manual review once implemented; project-owner review (performed, see [KBDL-DEC-014](../decision-register.md#kbdl-dec-014--kbdl-005-motion-decisions-approved)).",Not verified — no executed implementation/project evidence,Implementation/project evidence remains unavailable or method is not yet executed,None — Approved,None,KBDL-DEC-014,Companion metadata inherited by the matching grouped traceability occurrence; authoritative normative text is unchanged.
KBDL-MOT-029,MOT authoritative requirement,KBDL-005,[patterns.md §4](patterns.md#4-attention-motion).,motion/README.md,Approved,User-provided,Not Applicable,"Lifecycle authority: Approved (per [KBDL-DEC-014](../decision-register.md#kbdl-dec-014--kbdl-005-motion-decisions-approved), decision packet item 7)","Manual review once implemented; project-owner review (performed, see [KBDL-DEC-014](../decision-register.md#kbdl-dec-014--kbdl-005-motion-decisions-approved)).",Not verified — no executed implementation/project evidence,Implementation/project evidence remains unavailable or method is not yet executed,None — Approved,None,KBDL-DEC-014,Companion metadata inherited by the matching grouped traceability occurrence; authoritative normative text is unchanged.
KBDL-MOT-030,MOT authoritative requirement,KBDL-005,[patterns.md §5](patterns.md#5-ambient-and-continuous-motion).,motion/README.md,Approved,User-provided,Not Verified,"Lifecycle authority: Approved (per [KBDL-DEC-014](../decision-register.md#kbdl-dec-014--kbdl-005-motion-decisions-approved), decision packet item 8)","Manual review once implemented; project-owner review (performed, see [KBDL-DEC-014](../decision-register.md#kbdl-dec-014--kbdl-005-motion-decisions-approved)).",Not verified — no executed implementation/project evidence,Implementation/project evidence remains unavailable or method is not yet executed,None — Approved,None,KBDL-DEC-014,Companion metadata inherited by the matching grouped traceability occurrence; authoritative normative text is unchanged.
KBDL-MOT-031,MOT authoritative requirement,KBDL-005,[patterns.md §6](patterns.md#6-scroll-linked-motion).,motion/README.md,Approved,User-provided,Not Verified,"Lifecycle authority: Approved (per [KBDL-DEC-014](../decision-register.md#kbdl-dec-014--kbdl-005-motion-decisions-approved), decision packet item 9)","Manual review once implemented; project-owner review (performed, see [KBDL-DEC-014](../decision-register.md#kbdl-dec-014--kbdl-005-motion-decisions-approved)).",Not verified — no executed implementation/project evidence,Implementation/project evidence remains unavailable or method is not yet executed,None — Approved,None,KBDL-DEC-014,Companion metadata inherited by the matching grouped traceability occurrence; authoritative normative text is unchanged.
KBDL-MOT-032,MOT authoritative requirement,KBDL-005,[accessibility-performance.md §1.4](accessibility-performance.md#14-per-category-parity-matrix).,motion/README.md,Approved,User-provided,Not Applicable,"Lifecycle authority: Approved (per [KBDL-DEC-014](../decision-register.md#kbdl-dec-014--kbdl-005-motion-decisions-approved), decision packet item 11)","Manual review (performed, see [motion/validation.md §3](validation.md#3-reduced-motion-matrix-review-performed)); project-owner review (performed, see [KBDL-DEC-014](../decision-register.md#kbdl-dec-014--kbdl-005-motion-decisions-approved)).",Not verified — no executed implementation/project evidence,Implementation/project evidence remains unavailable or method is not yet executed,None — Approved,None,KBDL-DEC-014,Companion metadata inherited by the matching grouped traceability occurrence; authoritative normative text is unchanged.
KBDL-MOT-033,MOT authoritative requirement,KBDL-005,[timing-easing.md §4](timing-easing.md#4-conceptual-motion-tokens).,motion/README.md,Approved,User-provided,Not Applicable,"Lifecycle authority: Approved (per [KBDL-DEC-014](../decision-register.md#kbdl-dec-014--kbdl-005-motion-decisions-approved), decision packet item 12)","Manual review once implemented; project-owner review (performed, see [KBDL-DEC-014](../decision-register.md#kbdl-dec-014--kbdl-005-motion-decisions-approved)).",Not verified — no executed implementation/project evidence,Implementation/project evidence remains unavailable or method is not yet executed,None — Approved,None,KBDL-DEC-014,Companion metadata inherited by the matching grouped traceability occurrence; authoritative normative text is unchanged.
KBDL-MOT-034,MOT authoritative requirement,KBDL-005,[patterns.md §10](patterns.md#10-profile-level-motion-interpretation).,motion/README.md,Approved,User-provided,Not Verified,"Lifecycle authority: Approved (per [KBDL-DEC-014](../decision-register.md#kbdl-dec-014--kbdl-005-motion-decisions-approved), decision packet item 13)","Manual cross-profile review once the project-profiles module is approved; project-owner review (performed, see [KBDL-DEC-014](../decision-register.md#kbdl-dec-014--kbdl-005-motion-decisions-approved)).",Not verified — no executed implementation/project evidence,Implementation/project evidence remains unavailable or method is not yet executed,None — Approved,None,KBDL-DEC-014,Companion metadata inherited by the matching grouped traceability occurrence; authoritative normative text is unchanged.
KBDL-PRN-001,PRN authoritative requirement,KBDL-002,principles.md,principles.md,Approved,User-provided (blueprint) and,Not Verified,Approved module prompt / user-provided blueprint and recorded provenance,Manual design review against this section at each later module's approval gate.,Not verified — no executed implementation/project evidence,Implementation/project evidence remains unavailable or method is not yet executed,None — Approved,None,None,Companion metadata inherited by the matching grouped traceability occurrence; authoritative normative text is unchanged.
KBDL-PRN-002,PRN authoritative requirement,KBDL-002,principles.md,principles.md,Approved,User-provided,Not Verified,Approved module prompt / user-provided blueprint and recorded provenance,Manual review of design decisions against the priority order; disputes escalated per Section 8.,Not verified — no executed implementation/project evidence,Implementation/project evidence remains unavailable or method is not yet executed,None — Approved,None,None,Companion metadata inherited by the matching grouped traceability occurrence; authoritative normative text is unchanged.
KBDL-PRN-003,PRN authoritative requirement,KBDL-002,principles.md,principles.md,Approved,User-provided,Not Verified,Approved module prompt / user-provided blueprint and recorded provenance,"Manual review using each principle's review questions, at each later module's approval gate.",Not verified — no executed implementation/project evidence,Implementation/project evidence remains unavailable or method is not yet executed,None — Approved,None,None,Companion metadata inherited by the matching grouped traceability occurrence; authoritative normative text is unchanged.
KBDL-PRN-004,PRN authoritative requirement,KBDL-002,principles.md,principles.md,Approved,User-provided,Not Verified,Approved module prompt / user-provided blueprint and recorded provenance,"Manual cross-reference review once foundation, theme, and responsive modules are approved.",Not verified — no executed implementation/project evidence,Implementation/project evidence remains unavailable or method is not yet executed,None — Approved,None,None,Companion metadata inherited by the matching grouped traceability occurrence; authoritative normative text is unchanged.
KBDL-PRN-005,PRN authoritative requirement,KBDL-002,principles.md,principles.md,Approved,User-provided,Not Verified,Approved module prompt / user-provided blueprint and recorded provenance,Manual review of any proposed exception against the exception process.,Not verified — no executed implementation/project evidence,Implementation/project evidence remains unavailable or method is not yet executed,None — Approved,None,None,Companion metadata inherited by the matching grouped traceability occurrence; authoritative normative text is unchanged.
KBDL-PRN-006,PRN authoritative requirement,KBDL-002,principles.md,principles.md,Approved,User-provided,Not Verified,Approved module prompt / user-provided blueprint and recorded provenance,Manual review of decision records against the hierarchy; conflicts escalated per governance's conflict-resolution process.,Not verified — no executed implementation/project evidence,Implementation/project evidence remains unavailable or method is not yet executed,None — Approved,None,None,Companion metadata inherited by the matching grouped traceability occurrence; authoritative normative text is unchanged.
KBDL-PRN-007,PRN authoritative requirement,KBDL-002,principles.md,principles.md,Approved,User-provided,Not Verified,Approved module prompt / user-provided blueprint and recorded provenance,Manual cross-profile consistency review once the project-profiles module is approved.,Not verified — no executed implementation/project evidence,Implementation/project evidence remains unavailable or method is not yet executed,None — Approved,None,None,Companion metadata inherited by the matching grouped traceability occurrence; authoritative normative text is unchanged.
KBDL-PRN-008,PRN authoritative requirement,KBDL-002,principles.md,principles.md,Approved,User-provided,Not Verified,Approved module prompt / user-provided blueprint and recorded provenance,"Manual conformance review against the pattern list at each later module's approval gate, recorded in the [conformance checklist](conformance-checklist.md).",Not verified — no executed implementation/project evidence,Implementation/project evidence remains unavailable or method is not yet executed,None — Approved,None,None,Companion metadata inherited by the matching grouped traceability occurrence; authoritative normative text is unchanged.
KBDL-PRO-001,PRO authoritative requirement,KBDL-009,"[§5](#5-profile-architecture), [§9](#9-cross-profile-invariants).",profiles.md,Approved,Confirmed,Not Verified,"restates and consolidates the already-Approved `KBDL-PRN-007`, `KBDL-FND-008`, `KBDL-THM-006`, `KBDL-MOT-026`, `KBDL-A11Y-040`, `KBDL-CMP-051`, and `KBDL-CMP-066`, each of which independently requires shared architecture in its own module","Manual cross-profile architecture review (performed for this document's own consistency, see implementation report).",Not verified — no executed implementation/project evidence,Implementation-level profile behavior is not verified; no coded project profile exists yet to test against.,None — Approved,None.,None,Companion metadata inherited by the matching grouped traceability occurrence; authoritative normative text is unchanged.
KBDL-PRO-002,PRO authoritative requirement,KBDL-009,[§4](#4-project-profile-terminology).,profiles.md,Approved,Confirmed,Not Verified,"the accessibility-preference distinction restates the already-Approved independence of reduced-motion and forced-colors preferences from any presentational grouping, [accessibility.md §44](accessibility.md#44-profile-interpretation); the complete terminology distinction is an explicit mandatory clause of the approved KBDL-009 prompt's Terminology section",Manual terminology-consistency review.,Not verified — no executed implementation/project evidence,Implementation-level profile behavior is not verified; no coded project profile exists yet to test against.,None — Approved,None.,KBDL-DEC-010,Companion metadata inherited by the matching grouped traceability occurrence; authoritative normative text is unchanged.
KBDL-PRO-003,PRO authoritative requirement,KBDL-009,[§7](#7-locked-controlled-and-open-profile-decisions).,profiles.md,Approved,Confirmed,Not Verified,"restates [principles.md §9.4](principles.md#94-shared-constraints-across-profiles) and the design-decision hierarchy, [principles.md §8](principles.md#8-design-decision-hierarchy)",Manual review once a project profile is implemented.,Not verified — no executed implementation/project evidence,Implementation-level profile behavior is not verified; no coded project profile exists yet to test against.,None — Approved,None.,None,Companion metadata inherited by the matching grouped traceability occurrence; authoritative normative text is unchanged.
KBDL-PRO-004,PRO authoritative requirement,KBDL-009,[§7](#7-locked-controlled-and-open-profile-decisions).,profiles.md,Approved,Confirmed,Not Verified,restates [principles.md §5.2](principles.md#52-controlled-visual-variables) and the already-Approved per-module profile-interpretation sections cited in [§3](#3-relationship-to-prior-kbdl-modules),Manual review once a project profile is implemented.,Not verified — no executed implementation/project evidence,Implementation-level profile behavior is not verified; no coded project profile exists yet to test against.,None — Approved,None.,None,Companion metadata inherited by the matching grouped traceability occurrence; authoritative normative text is unchanged.
KBDL-PRO-005,PRO authoritative requirement,KBDL-009,[§7](#7-locked-controlled-and-open-profile-decisions).,profiles.md,Approved,Confirmed,Not Verified,restates [principles.md §5.3](principles.md#53-open-brand-expression),Manual review once a project profile is implemented.,Not verified — no executed implementation/project evidence,"Not applicable — restates an existing scope/governance rule, not independently testable against an implementation.",None — Approved,None.,None,Companion metadata inherited by the matching grouped traceability occurrence; authoritative normative text is unchanged.
KBDL-PRO-006,PRO authoritative requirement,KBDL-009,"[§7](#7-locked-controlled-and-open-profile-decisions), [§35](#35-kbdl-006-approval-boundary-audit)–[§37](#37-kbdl-008-approval-boundary-audit).",profiles.md,Approved,Confirmed,Not Applicable,"scope-control requirement, explicit mandatory clause of the approved KBDL-009 prompt's Locked/Controlled/ Open section","Manual scope-compliance review (performed, see implementation report).",Not verified — no executed implementation/project evidence,"Not applicable — scope-control requirement, not independently testable against an implementation.",None — Approved,None.,None,Companion metadata inherited by the matching grouped traceability occurrence; authoritative normative text is unchanged.
KBDL-PRO-007,PRO authoritative requirement,KBDL-009,[§8](#8-profile-selection-and-declaration).,profiles.md,Approved,Confirmed,Not Applicable,the required field list is an explicit mandatory clause of the approved KBDL-009 prompt's Profile Selection and Declaration section,Manual review of a project's declaration once one exists.,Not verified — no executed implementation/project evidence,No project profile declaration exists yet to review against this requirement's field list.,None — Approved,None.,None,Companion metadata inherited by the matching grouped traceability occurrence; authoritative normative text is unchanged.
KBDL-PRO-008,PRO authoritative requirement,KBDL-009,[§8](#8-profile-selection-and-declaration).,profiles.md,Approved,Confirmed,Not Applicable,"explicit mandatory clause of the approved KBDL-009 prompt's Profile Selection and Declaration section; also extends the already-Approved Accessibility by Default principle, [principles.md §6.8](principles.md#68-accessibility-by-default)",Manual review of a project's stated selection rationale.,Not verified — no executed implementation/project evidence,No project profile declaration exists yet to review against this requirement.,None — Approved,None.,None,Companion metadata inherited by the matching grouped traceability occurrence; authoritative normative text is unchanged.
KBDL-PRO-009,PRO authoritative requirement,KBDL-009,"[§8](#8-profile-selection-and-declaration), [§33](#33-kbdl-009-decision-packet) item 1.",profiles.md,Recommended,Assumed,Not Applicable,Not applicable — pending explicit project-owner approval; assignment of a PRO ID does not grant implementation authority.,Project-owner review (not yet performed).,Not verified — no executed implementation/project evidence,Recommended — grants no implementation authority pending project-owner review; see the decision packet.,Approval-ready item 1,None.,None,Companion metadata inherited by the matching grouped traceability occurrence; authoritative normative text is unchanged.
KBDL-PRO-010,PRO authoritative requirement,KBDL-009,[§10.1](#101-purpose).,profiles.md,Approved,Confirmed,Not Verified,"consolidates the already-Approved Showcase interpretation already established in [principles.md §9.1](principles.md#91-showcase-profile), [foundations/README.md §4.1](foundations/README.md#41-showcase), [themes/README.md §8](themes/README.md#8-project-profile-theme-interpretation) Showcase, [motion/patterns.md §10.1](motion/patterns.md#101-showcase), and [responsive.md §28](responsive.md#28-showcase-profile-interpretation)",Manual cross-module consistency review.,Not verified — no executed implementation/project evidence,Implementation-level profile behavior is not verified; no coded project profile exists yet to test against.,None — Approved,None.,None,Companion metadata inherited by the matching grouped traceability occurrence; authoritative normative text is unchanged.
KBDL-PRO-011,PRO authoritative requirement,KBDL-009,[§11.1](#111-purpose).,profiles.md,Approved,Confirmed,Not Verified,"consolidates the already-Approved Precision interpretation in [principles.md §9.2](principles.md#92-precision-profile), [foundations/README.md §4.2](foundations/README.md#42-precision), [themes/README.md §8](themes/README.md#8-project-profile-theme-interpretation) Precision, [motion/patterns.md §10.2](motion/patterns.md#102-precision), and [responsive.md §29](responsive.md#29-precision-profile-interpretation)",Manual cross-module consistency review.,Not verified — no executed implementation/project evidence,Implementation-level profile behavior is not verified; no coded project profile exists yet to test against.,None — Approved,None.,None,Companion metadata inherited by the matching grouped traceability occurrence; authoritative normative text is unchanged.
KBDL-PRO-012,PRO authoritative requirement,KBDL-009,[§12.1](#121-purpose).,profiles.md,Approved,Confirmed,Not Verified,"consolidates the already-Approved Flow interpretation in [principles.md §9.3](principles.md#93-flow-profile), [foundations/README.md §4.3](foundations/README.md#43-flow), [themes/README.md §8](themes/README.md#8-project-profile-theme-interpretation) Flow, [motion/patterns.md §10.3](motion/patterns.md#103-flow), and [responsive.md §30](responsive.md#30-flow-profile-interpretation)",Manual cross-module consistency review.,Not verified — no executed implementation/project evidence,Implementation-level profile behavior is not verified; no coded project profile exists yet to test against.,None — Approved,None.,None,Companion metadata inherited by the matching grouped traceability occurrence; authoritative normative text is unchanged.
KBDL-PRO-013,PRO authoritative requirement,KBDL-009,[§10.2](#102-component-interpretation).,profiles.md,Approved,Confirmed,Not Verified,"restates the already-Approved `KBDL-CMP-051`, `KBDL-CMP-066`, `KBDL-CMP-055` hover-independent- discoverability prohibition, `KBDL-CMP-072` tooltip-naming- independence rule, and `KBDL-CMP-107` carousel pause/stop/hide requirement",Manual component-composition review.,Not verified — no executed implementation/project evidence,Implementation-level profile behavior is not verified; no coded project profile exists yet to test against.,None — Approved,None.,None,Companion metadata inherited by the matching grouped traceability occurrence; authoritative normative text is unchanged.
KBDL-PRO-014,PRO authoritative requirement,KBDL-009,[§11.2](#112-component-interpretation).,profiles.md,Approved,Confirmed,Not Verified,"restates the already-Approved `KBDL-CMP-051`, `KBDL-CMP-066`, `KBDL-CMP-010` WCAG 24×24 target- size minimum, `KBDL-CMP-070` native-table/grid-misuse prohibition, and `KBDL-CMP-055` hover-independent-discoverability prohibition",Manual component-composition review. This requirement does not adopt the pending grid-versus-table threshold (`KBDL-CMP-105`) or data-dense transformation strategy (`KBDL-RSP-011`) as authority — both remain cited only as unapproved context (see [§37](#37-kbdl-008-approval-boundary-audit)).,Not verified — no executed implementation/project evidence,Implementation-level profile behavior is not verified; no coded project profile exists yet to test against.,None — Approved,"None blocking; `KBDL-CMP-105`, `KBDL-RSP-011` cited as unapproved context only, not adopted as authority.",None,Companion metadata inherited by the matching grouped traceability occurrence; authoritative normative text is unchanged.
KBDL-PRO-015,PRO authoritative requirement,KBDL-009,[§12.2](#122-component-interpretation).,profiles.md,Approved,Confirmed,Not Verified,"restates the already-Approved `KBDL-CMP-051`, `KBDL-CMP-066`, and `KBDL-CMP-090` toast critical-information-persistence requirement",Manual component-composition review. This requirement does not adopt the pending button-hierarchy (`KBDL-CMP-015`) or form-action-row-ordering (`KBDL-CMP-036`) recommendations as authority for Flow's action sequences — both remain cited only as unapproved context (see [§36](#36-kbdl-007-approval-boundary-audit)).,Not verified — no executed implementation/project evidence,Implementation-level profile behavior is not verified; no coded project profile exists yet to test against.,None — Approved,"None blocking; `KBDL-CMP-015`, `KBDL-CMP-036` cited as unapproved context only, not adopted as authority.",None,Companion metadata inherited by the matching grouped traceability occurrence; authoritative normative text is unchanged.
KBDL-PRO-016,PRO authoritative requirement,KBDL-009,"[§10.2](#102-component-interpretation), [§34](#34-approval-ready-versus-contingent-decisions) (contingent).",profiles.md,Recommended,Assumed,Not Applicable,Not applicable — pending explicit project-owner approval; assignment of a PRO ID does not grant implementation authority.,Project-owner review (not yet performed); not independently approvable until `KBDL-CMP-067` is approved.,Not verified — no executed implementation/project evidence,Contingent on the unapproved KBDL-008 `KBDL-CMP-067`; cannot be approved independently through the KBDL-009 packet until `KBDL-CMP-067` is approved or replaced.,Contingent — [§33.3](#333-unresolved-or-not-approval-ready); not independently approval-ready,`KBDL-CMP-067` (KBDL-008) — blocking.,None,Companion metadata inherited by the matching grouped traceability occurrence; authoritative normative text is unchanged.
KBDL-PRO-017,PRO authoritative requirement,KBDL-009,"[§11.2](#112-component-interpretation), [§33](#33-kbdl-009-decision-packet) item 2.",profiles.md,Recommended,Assumed,Not Applicable,Not applicable — pending explicit project-owner approval; assignment of a PRO ID does not grant implementation authority.,Project-owner review (not yet performed).,Not verified — no executed implementation/project evidence,Recommended — grants no implementation authority pending project-owner review; see the decision packet.,Approval-ready item 2,"None blocking; `KBDL-RSP-002`, `KBDL-RSP-003` cited as unapproved context only for the eventual exact grid-interaction point, not required for this item's own approval.",None,Companion metadata inherited by the matching grouped traceability occurrence; authoritative normative text is unchanged.
KBDL-PRO-018,PRO authoritative requirement,KBDL-009,"[§12.2](#122-component-interpretation), [§34](#34-approval-ready-versus-contingent-decisions) (contingent).",profiles.md,Recommended,Assumed,Not Applicable,Not applicable — pending explicit project-owner approval; assignment of a PRO ID does not grant implementation authority.,Project-owner review (not yet performed); not independently approvable until `KBDL-CMP-015`/`036` are approved.,Not verified — no executed implementation/project evidence,Contingent on the unapproved KBDL-007 `KBDL-CMP-015`/`036`; cannot be approved independently through the KBDL-009 packet until those are approved or replaced.,Contingent — [§33.3](#333-unresolved-or-not-approval-ready); not independently approval-ready,"`KBDL-CMP-015`, `KBDL-CMP-036` (KBDL-007) — blocking.",None,Companion metadata inherited by the matching grouped traceability occurrence; authoritative normative text is unchanged.
KBDL-PRO-019,PRO authoritative requirement,KBDL-009,[§14](#14-principles-mapping).,profiles.md,Approved,Confirmed,Not Verified,"restates the already-Approved `KBDL-PRN-003`, extended explicitly to per-profile mapping",Manual principle-by-principle review using each principle's review questions ([principles.md §6](principles.md#6-core-principles)).,Not verified — no executed implementation/project evidence,Implementation-level profile behavior is not verified; no coded project profile exists yet to test against.,None — Approved,None.,None,Companion metadata inherited by the matching grouped traceability occurrence; authoritative normative text is unchanged.
KBDL-PRO-020,PRO authoritative requirement,KBDL-009,[§20](#20-core-component-mapping).,profiles.md,Approved,Confirmed,Not Verified,restates and extends the already- Approved `KBDL-CMP-051` explicitly to this module's own mapping,Manual cross-profile component-semantics review.,Not verified — no executed implementation/project evidence,Implementation-level profile behavior is not verified; no coded project profile exists yet to test against.,None — Approved,None.,None,Companion metadata inherited by the matching grouped traceability occurrence; authoritative normative text is unchanged.
KBDL-PRO-021,PRO authoritative requirement,KBDL-009,[§21](#21-system-component-mapping).,profiles.md,Approved,Confirmed,Not Verified,restates and extends the already- Approved `KBDL-CMP-066` explicitly to this module's own mapping,Manual cross-profile component-semantics review.,Not verified — no executed implementation/project evidence,Implementation-level profile behavior is not verified; no coded project profile exists yet to test against.,None — Approved,None.,None,Companion metadata inherited by the matching grouped traceability occurrence; authoritative normative text is unchanged.
KBDL-PRO-022,PRO authoritative requirement,KBDL-009,[§22](#22-content-and-communication-considerations).,profiles.md,Approved,Confirmed,Not Verified,"restates the already-Approved Consumer Comprehension principle, [principles.md §6.3](principles.md#63-consumer-comprehension), and the already-Approved `KBDL-CMP-101`/`103` honest-system-state- communication rules",Manual content review. Showcase may emphasize editorial storytelling and project narrative; Precision may emphasize scannable labels and operational precision; Flow may emphasize reassuring instructions and recovery guidance — none of these emphases changes the shared requirements above.,Not verified — no executed implementation/project evidence,Implementation-level profile behavior is not verified; no coded project profile exists yet to test against.,None — Approved,None.,None,Companion metadata inherited by the matching grouped traceability occurrence; authoritative normative text is unchanged.
KBDL-PRO-023,PRO authoritative requirement,KBDL-009,[§23](#23-security-privacy-and-correctness).,profiles.md,Approved,Confirmed,Not Verified,"restates the already-Approved `KBDL-CMP-063`, `064`, `098`, `101`, `103`, `104` security and correctness principles, extended explicitly to profile emphasis by the approved KBDL-009 prompt's Security Requirements section",Manual security review. Precision density must not obscure permissions or errors; Showcase expression must not expose private media or metadata; Flow reassurance must not make unconfirmed success claims — each restates the shared rule above for its own emphasis area.,Not verified — no executed implementation/project evidence,Implementation-level profile behavior is not verified; no coded project profile exists yet to test against.,None — Approved,None.,None,Companion metadata inherited by the matching grouped traceability occurrence; authoritative normative text is unchanged.
KBDL-PRO-024,PRO authoritative requirement,KBDL-009,[§24](#24-profile-conflicts-and-exception-handling).,profiles.md,Approved,Confirmed,Not Verified,restates [principles.md §8](principles.md#8-design-decision-hierarchy) and [governance.md § Exception process](governance.md#exception-process),Manual review of any proposed exception against the governance exception process.,Not verified — no executed implementation/project evidence,Implementation-level profile behavior is not verified; no coded project profile exists yet to test against.,None — Approved,None.,None,Companion metadata inherited by the matching grouped traceability occurrence; authoritative normative text is unchanged.
KBDL-PRO-025,PRO authoritative requirement,KBDL-009,[§24](#24-profile-conflicts-and-exception-handling).,profiles.md,Approved,Confirmed,Not Applicable,"scope-control requirement, explicit mandatory clause of the approved KBDL-009 prompt","Manual scope-compliance review (performed, see implementation report).",Not verified — no executed implementation/project evidence,"Not applicable — scope-control requirement, not independently testable against an implementation.",None — Approved,None.,None,Companion metadata inherited by the matching grouped traceability occurrence; authoritative normative text is unchanged.
KBDL-PRO-026,PRO authoritative requirement,KBDL-009,[§25](#25-profile-adoption-and-change-management).,profiles.md,Approved,Confirmed,Not Applicable,explicit mandatory field list from the approved KBDL-009 prompt's Profile Adoption and Change Management section,Manual review of a project's adoption record once one exists.,Not verified — no executed implementation/project evidence,No project profile adoption record exists yet to review against this requirement's field list.,None — Approved,None.,None,Companion metadata inherited by the matching grouped traceability occurrence; authoritative normative text is unchanged.
KBDL-PRO-027,PRO authoritative requirement,KBDL-009,"[§25](#25-profile-adoption-and-change-management), [§33](#33-kbdl-009-decision-packet) item 3.",profiles.md,Recommended,Assumed,Not Applicable,Not applicable — pending explicit project-owner approval; assignment of a PRO ID does not grant implementation authority.,Project-owner review (not yet performed).,Not verified — no executed implementation/project evidence,Recommended — grants no implementation authority pending project-owner review; see the decision packet.,Approval-ready item 3,None.,None,Companion metadata inherited by the matching grouped traceability occurrence; authoritative normative text is unchanged.
KBDL-PRO-028,PRO authoritative requirement,KBDL-009,"[§8](#8-profile-selection-and-declaration), [§33](#33-kbdl-009-decision-packet) item 4.",profiles.md,Recommended,Assumed,Not Applicable,Not applicable — pending explicit project-owner approval; assignment of a PRO ID does not grant implementation authority.,Project-owner review (not yet performed).,Not verified — no executed implementation/project evidence,Recommended — grants no implementation authority pending project-owner review; see the decision packet.,Approval-ready item 4,None.,None,Companion metadata inherited by the matching grouped traceability occurrence; authoritative normative text is unchanged.
KBDL-PRO-029,PRO authoritative requirement,KBDL-009,"[§25](#25-profile-adoption-and-change-management), [§33](#33-kbdl-009-decision-packet) item 5.",profiles.md,Recommended,Assumed,Not Applicable,Not applicable — pending explicit project-owner approval; assignment of a PRO ID does not grant implementation authority.,Project-owner review (not yet performed).,Not verified — no executed implementation/project evidence,Recommended — grants no implementation authority pending project-owner review; see the decision packet.,Approval-ready item 5,None.,None,Companion metadata inherited by the matching grouped traceability occurrence; authoritative normative text is unchanged.
KBDL-RSP-001,RSP authoritative requirement,KBDL-006,[§4](#4-responsive-content-priority).,responsive.md,Approved,Confirmed,Not Verified,"Lifecycle authority: Approved (directly restates the locked responsive-content-priority rule, [principles.md §5.1](principles.md#51-locked-identity-rules))",Manual review once implemented; comparing content inventory across breakpoints.,Not verified — no executed implementation/project evidence,Implementation/project evidence remains unavailable or method is not yet executed,None — Approved,None,None,Companion metadata inherited by the matching grouped traceability occurrence; authoritative normative text is unchanged.
KBDL-RSP-002,RSP authoritative requirement,KBDL-006,[§7](#7-proposed-exact-breakpoint-thresholds).,responsive.md,Recommended,Assumed,Not Applicable,Lifecycle authority: Recommended,Project-owner review (not yet performed); manual implementation review once an implementation exists.,Not verified — no executed implementation/project evidence,Implementation/project evidence remains unavailable or method is not yet executed,Owning module decision packet — 5,None,None,Companion metadata inherited by the matching grouped traceability occurrence; authoritative normative text is unchanged.
KBDL-RSP-003,RSP authoritative requirement,KBDL-006,[§8](#8-grid-and-column-behavior).,responsive.md,Recommended,Assumed,Not Applicable,Lifecycle authority: Recommended,Project-owner review (not yet performed).,Not verified — no executed implementation/project evidence,Implementation/project evidence remains unavailable or method is not yet executed,Owning module decision packet — requirement-specific item recorded in authoritative packet,None,None,Companion metadata inherited by the matching grouped traceability occurrence; authoritative normative text is unchanged.
KBDL-RSP-004,RSP authoritative requirement,KBDL-006,[§9](#9-container-widths-and-reading-measures).,responsive.md,Recommended,Assumed,Not Applicable,Lifecycle authority: Recommended,Project-owner review (not yet performed).,Not verified — no executed implementation/project evidence,Implementation/project evidence remains unavailable or method is not yet executed,Owning module decision packet — requirement-specific item recorded in authoritative packet,None,None,Companion metadata inherited by the matching grouped traceability occurrence; authoritative normative text is unchanged.
KBDL-RSP-005,RSP authoritative requirement,KBDL-006,[§10](#10-gutters-and-responsive-spacing).,responsive.md,Recommended,Assumed,Not Applicable,Lifecycle authority: Recommended,Project-owner review (not yet performed).,Not verified — no executed implementation/project evidence,Implementation/project evidence remains unavailable or method is not yet executed,Owning module decision packet — requirement-specific item recorded in authoritative packet,None,None,Companion metadata inherited by the matching grouped traceability occurrence; authoritative normative text is unchanged.
KBDL-RSP-006,RSP authoritative requirement,KBDL-006,[§11](#11-layout-reflow).,responsive.md,Approved,Confirmed,Not Verified,"Lifecycle authority: Approved (directly restates WCAG 2.2 SC 1.4.10, Level AA)",Manual reflow testing once an implementation exists (documented as a distinct method in [§34](#34-responsive-validation-matrix)).,Not verified — no executed implementation/project evidence,Implementation/project evidence remains unavailable or method is not yet executed,None — Approved,None,None,Companion metadata inherited by the matching grouped traceability occurrence; authoritative normative text is unchanged.
KBDL-RSP-007,RSP authoritative requirement,KBDL-006,[§12](#12-source-order-and-reading-order).,responsive.md,Approved,Confirmed,Not Verified,"Lifecycle authority: Approved (directly restates WCAG 2.2 SC 1.3.2 and SC 2.4.3, both cited)",Manual keyboard/screen-reader order review once implemented.,Not verified — no executed implementation/project evidence,Implementation/project evidence remains unavailable or method is not yet executed,None — Approved,None,None,Companion metadata inherited by the matching grouped traceability occurrence; authoritative normative text is unchanged.
KBDL-RSP-008,RSP authoritative requirement,KBDL-006,[§13](#13-navigation-adaptation).,responsive.md,Recommended,Assumed,Not Verified,Lifecycle authority: Recommended (the constant-meaning rule is Approved per `KBDL-PRN-006`; exact collapse thresholds are new),Manual review once implemented; project-owner review of thresholds (not yet performed).,Not verified — no executed implementation/project evidence,Implementation/project evidence remains unavailable or method is not yet executed,Owning module decision packet — 5,None,None,Companion metadata inherited by the matching grouped traceability occurrence; authoritative normative text is unchanged.
KBDL-RSP-009,RSP authoritative requirement,KBDL-006,[§14](#14-content-density-adaptation).,responsive.md,Approved,Confirmed,Not Verified,"Lifecycle authority: Approved (directly restates `KBDL-PRN-003`, Clarity Before Spectacle, and Technical Utility's density exclusion)",Manual review once implemented.,Not verified — no executed implementation/project evidence,Implementation/project evidence remains unavailable or method is not yet executed,None — Approved,None,None,Companion metadata inherited by the matching grouped traceability occurrence; authoritative normative text is unchanged.
KBDL-RSP-010,RSP authoritative requirement,KBDL-006,[§15](#15-media-and-image-adaptation).,responsive.md,Approved,Confirmed,Not Verified,"Lifecycle authority: Approved (directly restates [foundations/iconography-media.md §2.3, §2.5](foundations/iconography-media.md#23-aspect-relationships-cropping-and-focal-point-preservation))",Manual review once implemented.,Not verified — no executed implementation/project evidence,Implementation/project evidence remains unavailable or method is not yet executed,None — Approved,None,None,Companion metadata inherited by the matching grouped traceability occurrence; authoritative normative text is unchanged.
KBDL-RSP-011,RSP authoritative requirement,KBDL-006,[§16](#16-data-dense-and-tabular-content).,responsive.md,Recommended,Assumed,Not Verified,Lifecycle authority: Recommended (new KBDL-006 policy),Manual review once implemented; project-owner review (not yet performed).,Not verified — no executed implementation/project evidence,Implementation/project evidence remains unavailable or method is not yet executed,Owning module decision packet — requirement-specific item recorded in authoritative packet,None,None,Companion metadata inherited by the matching grouped traceability occurrence; authoritative normative text is unchanged.
KBDL-RSP-012,RSP authoritative requirement,KBDL-006,[§17](#17-full-bleed-and-asymmetric-layouts).,responsive.md,Approved,Confirmed,Not Verified,"Lifecycle authority: Approved (restates Showcase's documented compositional emphasis, already `Approved` per [principles.md §9.1](principles.md#91-showcase-profile))",Manual review once implemented.,Not verified — no executed implementation/project evidence,Implementation/project evidence remains unavailable or method is not yet executed,None — Approved,None,None,Companion metadata inherited by the matching grouped traceability occurrence; authoritative normative text is unchanged.
KBDL-RSP-013,RSP authoritative requirement,KBDL-006,[§18](#18-sticky-and-fixed-regions).,responsive.md,Approved,Confirmed,Not Verified,"Lifecycle authority: Approved (directly restates WCAG 2.2 SC 2.4.11, Level AA)",Manual keyboard-focus review once implemented.,Not verified — no executed implementation/project evidence,Implementation/project evidence remains unavailable or method is not yet executed,None — Approved,None,None,Companion metadata inherited by the matching grouped traceability occurrence; authoritative normative text is unchanged.
KBDL-RSP-014,RSP authoritative requirement,KBDL-006,[§19](#19-safe-areas-and-viewport-edges).,responsive.md,Approved,Confirmed,Not Verified,Lifecycle authority: Approved (restates Technical Utility's predictable-behavior quality),Manual review on representative devices once implemented.,Not verified — no executed implementation/project evidence,Implementation/project evidence remains unavailable or method is not yet executed,None — Approved,None,None,Companion metadata inherited by the matching grouped traceability occurrence; authoritative normative text is unchanged.
KBDL-RSP-015,RSP authoritative requirement,KBDL-006,[§20](#20-orientation-changes).,responsive.md,Approved,Confirmed,Not Verified,"Lifecycle authority: Approved (directly restates WCAG 2.2 SC 1.3.4, Level AA)",Manual orientation testing once implemented.,Not verified — no executed implementation/project evidence,Implementation/project evidence remains unavailable or method is not yet executed,None — Approved,None,None,Companion metadata inherited by the matching grouped traceability occurrence; authoritative normative text is unchanged.
KBDL-RSP-016,RSP authoritative requirement,KBDL-006,[§21](#21-zoom-and-enlarged-text).,responsive.md,Approved,Confirmed,Not Verified,"Lifecycle authority: Approved (directly restates WCAG 2.2 SC 1.4.4 and SC 1.4.10, both Level AA)",Manual zoom/reflow testing once implemented.,Not verified — no executed implementation/project evidence,Implementation/project evidence remains unavailable or method is not yet executed,None — Approved,None,None,Companion metadata inherited by the matching grouped traceability occurrence; authoritative normative text is unchanged.
KBDL-RSP-017,RSP authoritative requirement,KBDL-006,[§22](#22-virtual-keyboard-behavior).,responsive.md,Approved,Confirmed,Not Verified,"Lifecycle authority: Approved (restates [motion/accessibility-performance.md §4](motion/accessibility-performance.md#4-mobile-and-input-method-considerations), already Approved, extended with layout detail)",Manual mobile testing once implemented.,Not verified — no executed implementation/project evidence,Implementation/project evidence remains unavailable or method is not yet executed,None — Approved,None,None,Companion metadata inherited by the matching grouped traceability occurrence; authoritative normative text is unchanged.
KBDL-RSP-018,RSP authoritative requirement,KBDL-006,[§23](#23-touch-pointer-keyboard-and-hybrid-input).,responsive.md,Approved,Confirmed,Not Verified,"Lifecycle authority: Approved (directly restates WCAG 2.2 SC 2.5.1 and SC 2.5.2, both Level A)",Manual cross-input testing once implemented.,Not verified — no executed implementation/project evidence,Implementation/project evidence remains unavailable or method is not yet executed,None — Approved,None,None,Companion metadata inherited by the matching grouped traceability occurrence; authoritative normative text is unchanged.
KBDL-RSP-019,RSP authoritative requirement,KBDL-006,[§24](#24-hover-independent-discoverability).,responsive.md,Approved,Confirmed,Not Verified,"Lifecycle authority: Approved (directly restates WCAG 2.2 SC 1.4.13, Level AA)",Manual review once implemented.,Not verified — no executed implementation/project evidence,Implementation/project evidence remains unavailable or method is not yet executed,None — Approved,None,None,Companion metadata inherited by the matching grouped traceability occurrence; authoritative normative text is unchanged.
KBDL-RSP-020,RSP authoritative requirement,KBDL-006,[§25](#25-responsive-focus-management).,responsive.md,Approved,Confirmed,Not Verified,"Lifecycle authority: Approved (directly restates WCAG 2.2 SC 2.4.3, Level A)",Manual keyboard testing once implemented.,Not verified — no executed implementation/project evidence,Implementation/project evidence remains unavailable or method is not yet executed,None — Approved,None,None,Companion metadata inherited by the matching grouped traceability occurrence; authoritative normative text is unchanged.
KBDL-RSP-021,RSP authoritative requirement,KBDL-006,[§26](#26-responsive-motion-behavior).,responsive.md,Approved,Confirmed,Not Verified,"Lifecycle authority: Approved (restates [motion/foundations.md §4](motion/foundations.md#4-motion-intensity), already Approved)",Manual review once implemented.,Not verified — no executed implementation/project evidence,Implementation/project evidence remains unavailable or method is not yet executed,None — Approved,None,None,Companion metadata inherited by the matching grouped traceability occurrence; authoritative normative text is unchanged.
KBDL-RSP-022,RSP authoritative requirement,KBDL-006,[§27](#27-performance-and-low-capability-contexts).,responsive.md,Approved,Confirmed,Not Verified,Lifecycle authority: Approved (restates [principles.md §6.9](principles.md#69-performance-aware-enhancement)),Manual review; implementation-level performance measurement once an implementation exists.,Not verified — no executed implementation/project evidence,Implementation/project evidence remains unavailable or method is not yet executed,None — Approved,None,KBDL-DEC-012,Companion metadata inherited by the matching grouped traceability occurrence; authoritative normative text is unchanged.
KBDL-THM-001,THM authoritative requirement,KBDL-004,[semantic-roles.md §1](semantic-roles.md#1-semantic-role-inventory).,themes/README.md,Approved,Confirmed,Not Verified,Approved module prompt / user-provided blueprint and recorded provenance,Manual review of role usage against the inventory at each later module's approval gate.,Not verified — no executed implementation/project evidence,Implementation/project evidence remains unavailable or method is not yet executed,None — Approved,None,None,Companion metadata inherited by the matching grouped traceability occurrence; authoritative normative text is unchanged.
KBDL-THM-002,THM authoritative requirement,KBDL-004,[semantic-roles.md §2](semantic-roles.md#2-semantic-parity).,themes/README.md,Approved,Confirmed,Verified,Approved module prompt / user-provided blueprint and recorded provenance,"Parity-matrix completeness check (performed, see validation.md).",Executed evidence recorded in authoritative requirement and R2/R3 audit,None identified for the documented method,None — Approved,None,None,Companion metadata inherited by the matching grouped traceability occurrence; authoritative normative text is unchanged.
KBDL-THM-003,THM authoritative requirement,KBDL-004,[§5](#5-theme-selection-precedence).,themes/README.md,Approved,Confirmed,Not Verified,"Lifecycle authority: Approved — directly and explicitly stated in the KBDL-004 preconditions (""explicit user theme choice taking precedence where a control exists"" and ""system preference as the default source when no user choice exists"")",Manual review of precedence logic once implemented.,Not verified — no executed implementation/project evidence,Implementation/project evidence remains unavailable or method is not yet executed,None — Approved,None,None,Companion metadata inherited by the matching grouped traceability occurrence; authoritative normative text is unchanged.
KBDL-THM-004,THM authoritative requirement,KBDL-004,[§7](#7-persistence-guidance).,themes/README.md,Approved,User-provided (project-owner,Not Verified,Approved module prompt / user-provided blueprint and recorded provenance,Manual review of persistence design once implemented (not yet performed — approval does not require this to have happened).,Not verified — no executed implementation/project evidence,Implementation/project evidence remains unavailable or method is not yet executed,None — Approved,None,KBDL-DEC-013,Companion metadata inherited by the matching grouped traceability occurrence; authoritative normative text is unchanged.
KBDL-THM-005,THM authoritative requirement,KBDL-004,[adaptation.md §1.2](adaptation.md#12-projects-must-not).,themes/README.md,Approved,Confirmed,Not Verified,"Lifecycle authority: Approved — directly derived from the locked, already- approved accessibility rule in [governance.md § KBDL-GOV-002](../governance.md#kbdl-gov-002--accessibility-requirements-are-protected) and [principles.md §6.8](../principles.md#68-accessibility-by-default); accessibility cannot be weakened by a project override",Manual review of any project theme against the documented boundaries.,Not verified — no executed implementation/project evidence,Implementation/project evidence remains unavailable or method is not yet executed,None — Approved,None,None,Companion metadata inherited by the matching grouped traceability occurrence; authoritative normative text is unchanged.
KBDL-THM-006,THM authoritative requirement,KBDL-004,[§8](#8-project-profile-theme-interpretation).,themes/README.md,Approved,Confirmed,Not Verified,Approved module prompt / user-provided blueprint and recorded provenance,Manual cross-profile review once the project-profiles module is approved.,Not verified — no executed implementation/project evidence,Implementation/project evidence remains unavailable or method is not yet executed,None — Approved,None,None,Companion metadata inherited by the matching grouped traceability occurrence; authoritative normative text is unchanged.
KBDL-THM-007,THM authoritative requirement,KBDL-004,[light-theme.md](light-theme.md).,themes/README.md,Approved,User-provided (project-owner,Verified,Lifecycle authority: Approved (opaque mappings only; the three excluded opacity values remain Recommended),"WCAG relative-luminance contrast calculation (completed, see validation.md); project-owner approval (recorded, see [KBDL-DEC-013](../decision-register.md#kbdl-dec-013--kbdl-004-theme-decisions-approved)).",Executed evidence recorded in authoritative requirement and R2/R3 audit,None identified for the documented method,None — Approved,None,KBDL-DEC-013,Companion metadata inherited by the matching grouped traceability occurrence; authoritative normative text is unchanged.
KBDL-THM-008,THM authoritative requirement,KBDL-004,[dark-theme.md](dark-theme.md).,themes/README.md,Approved,User-provided (project-owner,Verified,Lifecycle authority: Approved (opaque mappings only; the three excluded opacity values remain Recommended),"WCAG relative-luminance contrast calculation (completed, see validation.md); project-owner approval (recorded, see [KBDL-DEC-013](../decision-register.md#kbdl-dec-013--kbdl-004-theme-decisions-approved)).",Executed evidence recorded in authoritative requirement and R2/R3 audit,None identified for the documented method,None — Approved,None,KBDL-DEC-013,Companion metadata inherited by the matching grouped traceability occurrence; authoritative normative text is unchanged.
KBDL-THM-009,THM authoritative requirement,KBDL-004,[adaptation.md §5](adaptation.md#5-status-family-theme-behavior).,themes/README.md,Approved,User-provided (project-owner,Verified,Approved module prompt / user-provided blueprint and recorded provenance,"WCAG relative-luminance contrast calculation (completed, see validation.md); project-owner approval (recorded, see [KBDL-DEC-013](../decision-register.md#kbdl-dec-013--kbdl-004-theme-decisions-approved)).",Executed evidence recorded in authoritative requirement and R2/R3 audit,None identified for the documented method,None — Approved,None,KBDL-DEC-013,Companion metadata inherited by the matching grouped traceability occurrence; authoritative normative text is unchanged.
KBDL-THM-010,THM authoritative requirement,KBDL-004,[adaptation.md §4](adaptation.md#4-gradient-strategy).,themes/README.md,Approved,User-provided,Verified,Lifecycle authority: Approved (opaque caption-band strategy only; translucent variants remain Not verified and excluded),"Manual review of worst-case text-over-gradient contrast (performed for the documented example, see validation.md); project-owner approval (recorded, see [KBDL-DEC-013](../decision-register.md#kbdl-dec-013--kbdl-004-theme-decisions-approved)).",Executed evidence recorded in authoritative requirement and R2/R3 audit,None identified for the documented method,None — Approved,None,KBDL-DEC-013,Companion metadata inherited by the matching grouped traceability occurrence; authoritative normative text is unchanged.
KBDL-THM-011,THM authoritative requirement,KBDL-004,[adaptation.md §6](adaptation.md#6-color-value-expression).,themes/README.md,Approved,User-provided (project-owner,Not Applicable,Approved module prompt / user-provided blueprint and recorded provenance,"Project-owner approval (recorded, see [KBDL-DEC-013](../decision-register.md#kbdl-dec-013--kbdl-004-theme-decisions-approved)).",Not verified — no executed implementation/project evidence,Implementation/project evidence remains unavailable or method is not yet executed,None — Approved,None,KBDL-DEC-013,Companion metadata inherited by the matching grouped traceability occurrence; authoritative normative text is unchanged.
KBDL-THM-012,THM authoritative requirement,KBDL-004,[adaptation.md §7](adaptation.md#7-theme-transition-guidance).,themes/README.md,Approved,User-provided,Not Verified,Lifecycle authority: Approved (conceptual guidance only; no timing/easing value exists or is approved here),"Manual review confirming no timing/easing values were introduced (performed); project-owner approval (recorded, see [KBDL-DEC-013](../decision-register.md#kbdl-dec-013--kbdl-004-theme-decisions-approved)).",Not verified — no executed implementation/project evidence,Implementation/project evidence remains unavailable or method is not yet executed,None — Approved,None,KBDL-DEC-013,Companion metadata inherited by the matching grouped traceability occurrence; authoritative normative text is unchanged.
KBDL-THM-012a,THM authoritative requirement,KBDL-004,[adaptation.md §7.1](adaptation.md#71-requirements).,themes/README.md,Approved,Confirmed,Not Verified,Lifecycle authority: Approved — directly derived from the already-approved enhanced motion-safety requirement ([decision-register.md § KBDL-DEC-010](../decision-register.md#kbdl-dec-010--wcag-22-aa-baseline-with-enhanced-motion-safety)),Manual review confirming reduced-motion behavior is honored once implemented.,Not verified — no executed implementation/project evidence,Implementation/project evidence remains unavailable or method is not yet executed,None — Approved,None,KBDL-DEC-010,Companion metadata inherited by the matching grouped traceability occurrence; authoritative normative text is unchanged.
KBDL-THM-013,THM authoritative requirement,KBDL-004,[§5](#5-theme-selection-precedence).,themes/README.md,Approved,User-provided (project-owner,Not Verified,Approved module prompt / user-provided blueprint and recorded provenance,"Manual review of the full precedence flow once implemented; project-owner approval (recorded, see [KBDL-DEC-013](../decision-register.md#kbdl-dec-013--kbdl-004-theme-decisions-approved)).",Not verified — no executed implementation/project evidence,Implementation/project evidence remains unavailable or method is not yet executed,None — Approved,None,KBDL-DEC-013,Companion metadata inherited by the matching grouped traceability occurrence; authoritative normative text is unchanged.
KBDL-THM-014,THM authoritative requirement,KBDL-004,"[adaptation.md §1.1, §1.3](adaptation.md#1-project-controlled-adaptation).",themes/README.md,Approved,User-provided (project-owner,Not Verified,Approved module prompt / user-provided blueprint and recorded provenance,"Manual review of the override list once a project theme exists; project-owner approval (recorded, see [KBDL-DEC-013](../decision-register.md#kbdl-dec-013--kbdl-004-theme-decisions-approved)).",Not verified — no executed implementation/project evidence,Implementation/project evidence remains unavailable or method is not yet executed,None — Approved,None,KBDL-DEC-013,Companion metadata inherited by the matching grouped traceability occurrence; authoritative normative text is unchanged.
KBDL-THM-015,THM authoritative requirement,KBDL-004,[adaptation.md §2](adaptation.md#2-local-contrast-contexts).,themes/README.md,Approved,User-provided (project-owner,Not Verified,Approved module prompt / user-provided blueprint and recorded provenance,"Manual review of context usage against the defined set and rules once implemented; project-owner approval (recorded, see [KBDL-DEC-013](../decision-register.md#kbdl-dec-013--kbdl-004-theme-decisions-approved)).",Not verified — no executed implementation/project evidence,Implementation/project evidence remains unavailable or method is not yet executed,None — Approved,None,KBDL-DEC-012; KBDL-DEC-013,Companion metadata inherited by the matching grouped traceability occurrence; authoritative normative text is unchanged.
KBDL-VAL-001,VAL authoritative requirement,KBDL-011,validation.md,validation.md,Approved,Confirmed,Verified,Approved module prompt / user-provided blueprint and recorded provenance,Classification audit executed by the final validator; PASS.,Classification audit executed by the final validator; PASS. Known limitation: Runtime claims remain Class E.,Runtime claims remain Class E.,None — Approved,None,None,Companion metadata inherited by the matching grouped traceability occurrence; authoritative normative text is unchanged.
KBDL-VAL-002,VAL authoritative requirement,KBDL-011,validation.md,validation.md,Approved,Confirmed,Verified,Approved module prompt / user-provided blueprint and recorded provenance,"Parser inventory; 317 unique requirements, zero gaps/duplicates.","Parser inventory; 317 unique requirements, zero gaps/duplicates. Known limitation: None.",None.,None — Approved,None,None,Companion metadata inherited by the matching grouped traceability occurrence; authoritative normative text is unchanged.
KBDL-VAL-003,VAL authoritative requirement,KBDL-011,validation.md,validation.md,Approved,Confirmed,Verified,Approved module prompt / user-provided blueprint and recorded provenance,Documentary comparison; zero mismatches/unsupported authority.,Documentary comparison; zero mismatches/unsupported authority. Known limitation: Historical GOV provenance format noted.,Historical GOV provenance format noted.,None — Approved,None,None,Companion metadata inherited by the matching grouped traceability occurrence; authoritative normative text is unchanged.
KBDL-VAL-004,VAL authoritative requirement,KBDL-011,validation.md,validation.md,Approved,Confirmed,Verified,Approved module prompt / user-provided blueprint and recorded provenance,Status/evidence audit; unsupported Verified claims zero.,Status/evidence audit; unsupported Verified claims zero. Known limitation: Implementation ledger remains unverified by design.,Implementation ledger remains unverified by design.,None — Approved,None,None,Companion metadata inherited by the matching grouped traceability occurrence; authoritative normative text is unchanged.
KBDL-VAL-005,VAL authoritative requirement,KBDL-011,validation.md,validation.md,Approved,Confirmed,Verified,Approved module prompt / user-provided blueprint and recorded provenance,Decision/packet audit; zero orphan or untracked items.,Decision/packet audit; zero orphan or untracked items. Known limitation: Pending choices remain unavailable for implementation.,Pending choices remain unavailable for implementation.,None — Approved,None,None,Companion metadata inherited by the matching grouped traceability occurrence; authoritative normative text is unchanged.
KBDL-VAL-006,VAL authoritative requirement,KBDL-011,validation.md,validation.md,Approved,Confirmed,Verified,Approved module prompt / user-provided blueprint and recorded provenance,R2 ordered parser confirms cardinality but reports incomplete historical per-ID metadata; complete method FAIL.,R2 ordered parser confirms cardinality but reports incomplete historical per-ID metadata; complete method FAIL. Known limitation: grouped historical records require remediation.,grouped historical records require remediation.,None — Approved,None,None,Companion metadata inherited by the matching grouped traceability occurrence; authoritative normative text is unchanged.
KBDL-VAL-007,VAL authoritative requirement,KBDL-011,validation.md,validation.md,Approved,Confirmed,Verified,Approved module prompt / user-provided blueprint and recorded provenance,Dependency-free repository validator; PASS.,Dependency-free repository validator; PASS. Known limitation: No external-site availability claim.,No external-site availability claim.,None — Approved,None,None,Companion metadata inherited by the matching grouped traceability occurrence; authoritative normative text is unchanged.
KBDL-VAL-008,VAL authoritative requirement,KBDL-011,validation.md,validation.md,Approved,Confirmed,Not Verified,Approved module prompt / user-provided blueprint and recorded provenance,R2 does not independently cover every stated cross-module invariant; complete method not established.,R2 does not independently cover every stated cross-module invariant; complete method not established. Known limitation: static and runtime architecture require further evidence.,static and runtime architecture require further evidence.,None — Approved,None,None,Companion metadata inherited by the matching grouped traceability occurrence; authoritative normative text is unchanged.
KBDL-VAL-009,VAL authoritative requirement,KBDL-011,validation.md,validation.md,Approved,Confirmed,Verified,Approved module prompt / user-provided blueprint and recorded provenance,WCAG contrast script; PASS and checksum recorded.,WCAG contrast script; PASS and checksum recorded. Known limitation: Translucency/media remain unverified.,Translucency/media remain unverified.,None — Approved,None,None,Companion metadata inherited by the matching grouped traceability occurrence; authoritative normative text is unchanged.
KBDL-VAL-010,VAL authoritative requirement,KBDL-011,validation.md,validation.md,Approved,Confirmed,Not Verified,Approved module prompt / user-provided blueprint and recorded provenance,No independent per-ID ledger-coverage proof covers the complete stated method.,No independent per-ID ledger-coverage proof covers the complete stated method. Known limitation: listed behavior and ledger completeness remain Not verified.,listed behavior and ledger completeness remain Not verified.,None — Approved,None,None,Companion metadata inherited by the matching grouped traceability occurrence; authoritative normative text is unchanged.
KBDL-VAL-011,VAL authoritative requirement,KBDL-011,validation.md,validation.md,Approved,Confirmed,Not Verified,Approved module prompt / user-provided blueprint and recorded provenance,"Project absence is established, but complete project-ledger coverage is not independently proven.","Project absence is established, but complete project-ledger coverage is not independently proven. Known limitation: No adopting project.",No adopting project.,None — Approved,None,None,Companion metadata inherited by the matching grouped traceability occurrence; authoritative normative text is unchanged.
KBDL-VAL-012,VAL authoritative requirement,KBDL-011,validation.md,validation.md,Approved,Confirmed,Verified,Approved module prompt / user-provided blueprint and recorded provenance,Completion-claim scan; zero decisions/claims.,Completion-claim scan; zero decisions/claims. Known limitation: Candidate status is not approval.,Candidate status is not approval.,None — Approved,None,None,Companion metadata inherited by the matching grouped traceability occurrence; authoritative normative text is unchanged.
