Requirement ID,Authoritative lifecycle,Effective lifecycle,Authoritative provenance,Effective provenance,Authoritative validation status,Effective validation status,Authority source,Effective authority,Exact specification location,Group location,Ledger location,Validation method,Validation evidence,Known limitation,Packet destination,Pending dependencies,Match result,Defect details
KBDL-A11Y-001,Approved,Approved,Confirmed,Confirmed,Not verified,Not verified,authoritative/prompt/decision/standard/prior Approved requirement,"Approved (directly restates WCAG 2.2 SC 1.1.1, Level A, and SC 1.4.5, Level AA)",accessibility.md §6–§45,accessibility.md §6–§45,accessibility.md §6–§45,"WCAG relative-luminance contrast calculation (completed for contrast/focus rows); manual + automated static accessibility review, keyboard testing, screen-reader testing, and flash analysis (all pending an implementation)",themes/validation.md §3 for the three Verified rows; not verified for the rest,"This document does not claim full WCAG conformance, screen-reader compatibility, or real-device support — those require an implementation and recorded test evidence",None — Approved,None,PASS,None
KBDL-A11Y-002,Approved,Approved,Confirmed,Confirmed,Not verified,Not verified,authoritative/prompt/decision/standard/prior Approved requirement,"Approved (directly restates WCAG 2.2 SC 1.2.x, Level A/AA)",accessibility.md §6–§45,accessibility.md §6–§45,accessibility.md §6–§45,"WCAG relative-luminance contrast calculation (completed for contrast/focus rows); manual + automated static accessibility review, keyboard testing, screen-reader testing, and flash analysis (all pending an implementation)",themes/validation.md §3 for the three Verified rows; not verified for the rest,"This document does not claim full WCAG conformance, screen-reader compatibility, or real-device support — those require an implementation and recorded test evidence",None — Approved,None,PASS,None
KBDL-A11Y-003,Approved,Approved,Confirmed,Confirmed,Not verified,Not verified,authoritative/prompt/decision/standard/prior Approved requirement,"Approved (directly restates WCAG 2.2 SC 1.3.1 and SC 4.1.2, both Level A)",accessibility.md §6–§45,accessibility.md §6–§45,accessibility.md §6–§45,"WCAG relative-luminance contrast calculation (completed for contrast/focus rows); manual + automated static accessibility review, keyboard testing, screen-reader testing, and flash analysis (all pending an implementation)",themes/validation.md §3 for the three Verified rows; not verified for the rest,"This document does not claim full WCAG conformance, screen-reader compatibility, or real-device support — those require an implementation and recorded test evidence",None — Approved,None,PASS,None
KBDL-A11Y-004,Approved,Approved,Confirmed,Confirmed,Not verified,Not verified,authoritative/prompt/decision/standard/prior Approved requirement,"Approved (directly restates WCAG 2.2 SC 2.4.2, Level A, and SC 2.4.6, Level AA)",accessibility.md §6–§45,accessibility.md §6–§45,accessibility.md §6–§45,"WCAG relative-luminance contrast calculation (completed for contrast/focus rows); manual + automated static accessibility review, keyboard testing, screen-reader testing, and flash analysis (all pending an implementation)",themes/validation.md §3 for the three Verified rows; not verified for the rest,"This document does not claim full WCAG conformance, screen-reader compatibility, or real-device support — those require an implementation and recorded test evidence",None — Approved,None,PASS,None
KBDL-A11Y-005,Approved,Approved,Confirmed,Confirmed,Not verified,Not verified,authoritative/prompt/decision/standard/prior Approved requirement,"Approved (directly restates WCAG 2.2 SC 1.3.2 and SC 2.4.3, both Level A)",accessibility.md §6–§45,accessibility.md §6–§45,accessibility.md §6–§45,"WCAG relative-luminance contrast calculation (completed for contrast/focus rows); manual + automated static accessibility review, keyboard testing, screen-reader testing, and flash analysis (all pending an implementation)",themes/validation.md §3 for the three Verified rows; not verified for the rest,"This document does not claim full WCAG conformance, screen-reader compatibility, or real-device support — those require an implementation and recorded test evidence",None — Approved,None,PASS,None
KBDL-A11Y-006,Approved,Approved,Confirmed,Confirmed,Not verified,Not verified,authoritative/prompt/decision/standard/prior Approved requirement,"Approved (directly restates WCAG 2.2 SC 1.4.1, Level A, and the locked component-state-clarity rule)",accessibility.md §6–§45,accessibility.md §6–§45,accessibility.md §6–§45,"WCAG relative-luminance contrast calculation (completed for contrast/focus rows); manual + automated static accessibility review, keyboard testing, screen-reader testing, and flash analysis (all pending an implementation)",themes/validation.md §3 for the three Verified rows; not verified for the rest,"This document does not claim full WCAG conformance, screen-reader compatibility, or real-device support — those require an implementation and recorded test evidence",None — Approved,None,PASS,None
KBDL-A11Y-007,Approved,Approved,Confirmed,Confirmed,Verified,Verified,authoritative/prompt/decision/standard/prior Approved requirement,"Approved (directly restates WCAG 2.2 SC 1.4.3, Level AA)",accessibility.md §6–§45,accessibility.md §6–§45,accessibility.md §6–§45,"WCAG relative-luminance contrast calculation (completed for contrast/focus rows); manual + automated static accessibility review, keyboard testing, screen-reader testing, and flash analysis (all pending an implementation)",themes/validation.md §3 for the three Verified rows; not verified for the rest,"This document does not claim full WCAG conformance, screen-reader compatibility, or real-device support — those require an implementation and recorded test evidence",None — Approved,None,PASS,None
KBDL-A11Y-008,Approved,Approved,Confirmed,Confirmed,Verified,Verified,authoritative/prompt/decision/standard/prior Approved requirement,"Approved (directly restates WCAG 2.2 SC 1.4.11, Level AA)",accessibility.md §6–§45,accessibility.md §6–§45,accessibility.md §6–§45,"WCAG relative-luminance contrast calculation (completed for contrast/focus rows); manual + automated static accessibility review, keyboard testing, screen-reader testing, and flash analysis (all pending an implementation)",themes/validation.md §3 for the three Verified rows; not verified for the rest,"This document does not claim full WCAG conformance, screen-reader compatibility, or real-device support — those require an implementation and recorded test evidence",None — Approved,None,PASS,None
KBDL-A11Y-009,Approved,Approved,Confirmed,Confirmed,Verified,Verified,authoritative/prompt/decision/standard/prior Approved requirement,"Approved (directly restates WCAG 2.2 SC 2.4.7, Level AA)",accessibility.md §6–§45,accessibility.md §6–§45,accessibility.md §6–§45,"WCAG relative-luminance contrast calculation (completed for contrast/focus rows); manual + automated static accessibility review, keyboard testing, screen-reader testing, and flash analysis (all pending an implementation)",themes/validation.md §3 for the three Verified rows; not verified for the rest,"This document does not claim full WCAG conformance, screen-reader compatibility, or real-device support — those require an implementation and recorded test evidence",None — Approved,None,PASS,None
KBDL-A11Y-010,Approved,Approved,Confirmed,Confirmed,Not verified,Not verified,authoritative/prompt/decision/standard/prior Approved requirement,"Approved (directly restates WCAG 2.2 SC 2.4.11, Level AA)",accessibility.md §6–§45,accessibility.md §6–§45,accessibility.md §6–§45,"WCAG relative-luminance contrast calculation (completed for contrast/focus rows); manual + automated static accessibility review, keyboard testing, screen-reader testing, and flash analysis (all pending an implementation)",themes/validation.md §3 for the three Verified rows; not verified for the rest,"This document does not claim full WCAG conformance, screen-reader compatibility, or real-device support — those require an implementation and recorded test evidence",None — Approved,None,PASS,None
KBDL-A11Y-011,Recommended,Recommended,Assumed,Assumed,Not verified,Not verified,authoritative/prompt/decision/standard/prior Approved requirement,Recommended (new KBDL policy — no prior theme decision addresses forced-colors mode; explicitly excluded from KBDL-DEC-013),"accessibility.md §16, §25, §39","accessibility.md §16, §25, §39","accessibility.md §16, §25, §39",Project-owner review (not yet performed); implementation-level review once an implementation exists,Not verified — no implementation exists yet,Forced-colors/high-contrast mode is currently unaddressed elsewhere in the specification and was explicitly excluded from the KBDL-004 theme approval (KBDL-DEC-013); these three requirements must not be treated as Approved until reviewed,accessibility.md — 49.2 Recommended Decisions — Ready for Approval — item 2,None,PASS,None
KBDL-A11Y-012,Approved,Approved,Confirmed,Confirmed,Not verified,Not verified,authoritative/prompt/decision/standard/prior Approved requirement,"Approved (directly restates WCAG 2.2 SC 1.4.4, Level AA)",accessibility.md §6–§45,accessibility.md §6–§45,accessibility.md §6–§45,"WCAG relative-luminance contrast calculation (completed for contrast/focus rows); manual + automated static accessibility review, keyboard testing, screen-reader testing, and flash analysis (all pending an implementation)",themes/validation.md §3 for the three Verified rows; not verified for the rest,"This document does not claim full WCAG conformance, screen-reader compatibility, or real-device support — those require an implementation and recorded test evidence",None — Approved,None,PASS,None
KBDL-A11Y-013,Approved,Approved,Confirmed,Confirmed,Not verified,Not verified,authoritative/prompt/decision/standard/prior Approved requirement,"Approved (directly restates WCAG 2.2 SC 1.4.10, Level AA)",accessibility.md §6–§45,accessibility.md §6–§45,accessibility.md §6–§45,"WCAG relative-luminance contrast calculation (completed for contrast/focus rows); manual + automated static accessibility review, keyboard testing, screen-reader testing, and flash analysis (all pending an implementation)",themes/validation.md §3 for the three Verified rows; not verified for the rest,"This document does not claim full WCAG conformance, screen-reader compatibility, or real-device support — those require an implementation and recorded test evidence",None — Approved,None,PASS,None
KBDL-A11Y-014,Approved,Approved,Confirmed,Confirmed,Not verified,Not verified,authoritative/prompt/decision/standard/prior Approved requirement,"Approved (directly restates WCAG 2.2 SC 1.4.12, Level AA)",accessibility.md §6–§45,accessibility.md §6–§45,accessibility.md §6–§45,"WCAG relative-luminance contrast calculation (completed for contrast/focus rows); manual + automated static accessibility review, keyboard testing, screen-reader testing, and flash analysis (all pending an implementation)",themes/validation.md §3 for the three Verified rows; not verified for the rest,"This document does not claim full WCAG conformance, screen-reader compatibility, or real-device support — those require an implementation and recorded test evidence",None — Approved,None,PASS,None
KBDL-A11Y-015,Approved,Approved,Confirmed,Confirmed,Not verified,Not verified,authoritative/prompt/decision/standard/prior Approved requirement,"Approved (directly restates WCAG 2.2 SC 1.3.4, Level AA)",accessibility.md §6–§45,accessibility.md §6–§45,accessibility.md §6–§45,"WCAG relative-luminance contrast calculation (completed for contrast/focus rows); manual + automated static accessibility review, keyboard testing, screen-reader testing, and flash analysis (all pending an implementation)",themes/validation.md §3 for the three Verified rows; not verified for the rest,"This document does not claim full WCAG conformance, screen-reader compatibility, or real-device support — those require an implementation and recorded test evidence",None — Approved,None,PASS,None
KBDL-A11Y-016,Approved,Approved,Confirmed,Confirmed,Not verified,Not verified,authoritative/prompt/decision/standard/prior Approved requirement,"Approved (directly restates WCAG 2.2 SC 2.1.1, SC 2.1.4, and SC 3.2.1, all Level A)",accessibility.md §6–§45,accessibility.md §6–§45,accessibility.md §6–§45,"WCAG relative-luminance contrast calculation (completed for contrast/focus rows); manual + automated static accessibility review, keyboard testing, screen-reader testing, and flash analysis (all pending an implementation)",themes/validation.md §3 for the three Verified rows; not verified for the rest,"This document does not claim full WCAG conformance, screen-reader compatibility, or real-device support — those require an implementation and recorded test evidence",None — Approved,None,PASS,None
KBDL-A11Y-017,Approved,Approved,Confirmed,Confirmed,Not verified,Not verified,authoritative/prompt/decision/standard/prior Approved requirement,"Approved (directly restates WCAG 2.2 SC 2.1.2, Level A)",accessibility.md §6–§45,accessibility.md §6–§45,accessibility.md §6–§45,"WCAG relative-luminance contrast calculation (completed for contrast/focus rows); manual + automated static accessibility review, keyboard testing, screen-reader testing, and flash analysis (all pending an implementation)",themes/validation.md §3 for the three Verified rows; not verified for the rest,"This document does not claim full WCAG conformance, screen-reader compatibility, or real-device support — those require an implementation and recorded test evidence",None — Approved,None,PASS,None
KBDL-A11Y-018,Approved,Approved,Confirmed,Confirmed,Not verified,Not verified,authoritative/prompt/decision/standard/prior Approved requirement,"Approved (directly restates WCAG 2.2 SC 2.4.1, Level A)",accessibility.md §6–§45,accessibility.md §6–§45,accessibility.md §6–§45,"WCAG relative-luminance contrast calculation (completed for contrast/focus rows); manual + automated static accessibility review, keyboard testing, screen-reader testing, and flash analysis (all pending an implementation)",themes/validation.md §3 for the three Verified rows; not verified for the rest,"This document does not claim full WCAG conformance, screen-reader compatibility, or real-device support — those require an implementation and recorded test evidence",None — Approved,None,PASS,None
KBDL-A11Y-019,Approved,Approved,Confirmed,Confirmed,Not applicable,Not applicable,authoritative/prompt/decision/standard/prior Approved requirement,Project-owner-approved KBDL-006 implementation prompt; authoritative provenance: Confirmed,accessibility.md §6–§45,accessibility.md §6–§45,accessibility.md §6–§45,"WCAG relative-luminance contrast calculation (completed for contrast/focus rows); manual + automated static accessibility review, keyboard testing, screen-reader testing, and flash analysis (all pending an implementation)",themes/validation.md §3 for the three Verified rows; not verified for the rest,"This document does not claim full WCAG conformance, screen-reader compatibility, or real-device support — those require an implementation and recorded test evidence",None — Approved,None,PASS,None
KBDL-A11Y-020,Approved,Approved,Confirmed,Confirmed,Not verified,Not verified,authoritative/prompt/decision/standard/prior Approved requirement,"Approved (directly restates WCAG 2.2 SC 2.5.8, Level AA)",accessibility.md §6–§45,accessibility.md §6–§45,accessibility.md §6–§45,"WCAG relative-luminance contrast calculation (completed for contrast/focus rows); manual + automated static accessibility review, keyboard testing, screen-reader testing, and flash analysis (all pending an implementation)",themes/validation.md §3 for the three Verified rows; not verified for the rest,"This document does not claim full WCAG conformance, screen-reader compatibility, or real-device support — those require an implementation and recorded test evidence",None — Approved,None,PASS,None
KBDL-A11Y-021,Recommended,Recommended,Assumed,Assumed,Not applicable,Not applicable,authoritative/prompt/decision/standard/prior Approved requirement,"Recommended (new KBDL enhancement, not yet approved)","accessibility.md §16, §25, §39","accessibility.md §16, §25, §39","accessibility.md §16, §25, §39",Project-owner review (not yet performed); implementation-level review once an implementation exists,Not verified — no implementation exists yet,Forced-colors/high-contrast mode is currently unaddressed elsewhere in the specification and was explicitly excluded from the KBDL-004 theme approval (KBDL-DEC-013); these three requirements must not be treated as Approved until reviewed,accessibility.md — 49.2 Recommended Decisions — Ready for Approval — item 1,None,PASS,None
KBDL-A11Y-022,Approved,Approved,Confirmed,Confirmed,Not verified,Not verified,authoritative/prompt/decision/standard/prior Approved requirement,"Approved (directly restates WCAG 2.2 SC 2.5.2, Level A)",accessibility.md §6–§45,accessibility.md §6–§45,accessibility.md §6–§45,"WCAG relative-luminance contrast calculation (completed for contrast/focus rows); manual + automated static accessibility review, keyboard testing, screen-reader testing, and flash analysis (all pending an implementation)",themes/validation.md §3 for the three Verified rows; not verified for the rest,"This document does not claim full WCAG conformance, screen-reader compatibility, or real-device support — those require an implementation and recorded test evidence",None — Approved,None,PASS,None
KBDL-A11Y-023,Approved,Approved,Confirmed,Confirmed,Not verified,Not verified,authoritative/prompt/decision/standard/prior Approved requirement,"Approved (directly restates WCAG 2.2 SC 2.5.1, Level A, and SC 2.5.7, Level AA)",accessibility.md §6–§45,accessibility.md §6–§45,accessibility.md §6–§45,"WCAG relative-luminance contrast calculation (completed for contrast/focus rows); manual + automated static accessibility review, keyboard testing, screen-reader testing, and flash analysis (all pending an implementation)",themes/validation.md §3 for the three Verified rows; not verified for the rest,"This document does not claim full WCAG conformance, screen-reader compatibility, or real-device support — those require an implementation and recorded test evidence",None — Approved,None,PASS,None
KBDL-A11Y-024,Approved,Approved,Confirmed,Confirmed,Not verified,Not verified,authoritative/prompt/decision/standard/prior Approved requirement,"Approved (directly restates WCAG 2.2 SC 2.5.4, Level A)",accessibility.md §6–§45,accessibility.md §6–§45,accessibility.md §6–§45,"WCAG relative-luminance contrast calculation (completed for contrast/focus rows); manual + automated static accessibility review, keyboard testing, screen-reader testing, and flash analysis (all pending an implementation)",themes/validation.md §3 for the three Verified rows; not verified for the rest,"This document does not claim full WCAG conformance, screen-reader compatibility, or real-device support — those require an implementation and recorded test evidence",None — Approved,None,PASS,None
KBDL-A11Y-025,Approved,Approved,Confirmed,Confirmed,Not verified,Not verified,authoritative/prompt/decision/standard/prior Approved requirement,"Approved (restates KBDL-MOT-022, already Approved under KBDL-DEC-014; not reopened)",accessibility.md §6–§45,accessibility.md §6–§45,accessibility.md §6–§45,"WCAG relative-luminance contrast calculation (completed for contrast/focus rows); manual + automated static accessibility review, keyboard testing, screen-reader testing, and flash analysis (all pending an implementation)",themes/validation.md §3 for the three Verified rows; not verified for the rest,"This document does not claim full WCAG conformance, screen-reader compatibility, or real-device support — those require an implementation and recorded test evidence",None — Approved,None,PASS,None
KBDL-A11Y-026,Approved,Approved,Confirmed,Confirmed,Not verified,Not verified,authoritative/prompt/decision/standard/prior Approved requirement,"Approved (directly restates WCAG 2.2 SC 2.3.1, Level A, and restates the already-Approved KBDL-MOT-023)",accessibility.md §6–§45,accessibility.md §6–§45,accessibility.md §6–§45,"WCAG relative-luminance contrast calculation (completed for contrast/focus rows); manual + automated static accessibility review, keyboard testing, screen-reader testing, and flash analysis (all pending an implementation)",themes/validation.md §3 for the three Verified rows; not verified for the rest,"This document does not claim full WCAG conformance, screen-reader compatibility, or real-device support — those require an implementation and recorded test evidence",None — Approved,None,PASS,None
KBDL-A11Y-027,Approved,Approved,Confirmed,Confirmed,Not verified,Not verified,authoritative/prompt/decision/standard/prior Approved requirement,"Approved (directly restates WCAG 2.2 SC 2.2.1 and SC 2.2.2, both Level A)",accessibility.md §6–§45,accessibility.md §6–§45,accessibility.md §6–§45,"WCAG relative-luminance contrast calculation (completed for contrast/focus rows); manual + automated static accessibility review, keyboard testing, screen-reader testing, and flash analysis (all pending an implementation)",themes/validation.md §3 for the three Verified rows; not verified for the rest,"This document does not claim full WCAG conformance, screen-reader compatibility, or real-device support — those require an implementation and recorded test evidence",None — Approved,None,PASS,None
KBDL-A11Y-028,Approved,Approved,Confirmed,Confirmed,Not verified,Not verified,authoritative/prompt/decision/standard/prior Approved requirement,"Approved (directly restates WCAG 2.2 SC 1.3.5, SC 2.5.3, SC 3.2.2, SC 3.3.2, and SC 3.3.7, Levels A/AA as listed)",accessibility.md §6–§45,accessibility.md §6–§45,accessibility.md §6–§45,"WCAG relative-luminance contrast calculation (completed for contrast/focus rows); manual + automated static accessibility review, keyboard testing, screen-reader testing, and flash analysis (all pending an implementation)",themes/validation.md §3 for the three Verified rows; not verified for the rest,"This document does not claim full WCAG conformance, screen-reader compatibility, or real-device support — those require an implementation and recorded test evidence",None — Approved,None,PASS,None
KBDL-A11Y-029,Approved,Approved,Confirmed,Confirmed,Not verified,Not verified,authoritative/prompt/decision/standard/prior Approved requirement,"Approved (directly restates WCAG 2.2 SC 3.3.1, Level A, and SC 3.3.3, Level AA)",accessibility.md §6–§45,accessibility.md §6–§45,accessibility.md §6–§45,"WCAG relative-luminance contrast calculation (completed for contrast/focus rows); manual + automated static accessibility review, keyboard testing, screen-reader testing, and flash analysis (all pending an implementation)",themes/validation.md §3 for the three Verified rows; not verified for the rest,"This document does not claim full WCAG conformance, screen-reader compatibility, or real-device support — those require an implementation and recorded test evidence",None — Approved,None,PASS,None
KBDL-A11Y-030,Approved,Approved,Confirmed,Confirmed,Not verified,Not verified,authoritative/prompt/decision/standard/prior Approved requirement,"Approved (directly restates WCAG 2.2 SC 3.3.4, Level AA)",accessibility.md §6–§45,accessibility.md §6–§45,accessibility.md §6–§45,"WCAG relative-luminance contrast calculation (completed for contrast/focus rows); manual + automated static accessibility review, keyboard testing, screen-reader testing, and flash analysis (all pending an implementation)",themes/validation.md §3 for the three Verified rows; not verified for the rest,"This document does not claim full WCAG conformance, screen-reader compatibility, or real-device support — those require an implementation and recorded test evidence",None — Approved,None,PASS,None
KBDL-A11Y-031,Approved,Approved,Confirmed,Confirmed,Not verified,Not verified,authoritative/prompt/decision/standard/prior Approved requirement,"Approved (directly restates WCAG 2.2 SC 4.1.3, Level AA)",accessibility.md §6–§45,accessibility.md §6–§45,accessibility.md §6–§45,"WCAG relative-luminance contrast calculation (completed for contrast/focus rows); manual + automated static accessibility review, keyboard testing, screen-reader testing, and flash analysis (all pending an implementation)",themes/validation.md §3 for the three Verified rows; not verified for the rest,"This document does not claim full WCAG conformance, screen-reader compatibility, or real-device support — those require an implementation and recorded test evidence",None — Approved,None,PASS,None
KBDL-A11Y-032,Approved,Approved,Confirmed,Confirmed,Not verified,Not verified,authoritative/prompt/decision/standard/prior Approved requirement,"Approved (directly restates WCAG 2.2 SC 3.3.8, Level AA)",accessibility.md §6–§45,accessibility.md §6–§45,accessibility.md §6–§45,"WCAG relative-luminance contrast calculation (completed for contrast/focus rows); manual + automated static accessibility review, keyboard testing, screen-reader testing, and flash analysis (all pending an implementation)",themes/validation.md §3 for the three Verified rows; not verified for the rest,"This document does not claim full WCAG conformance, screen-reader compatibility, or real-device support — those require an implementation and recorded test evidence",None — Approved,None,PASS,None
KBDL-A11Y-033,Approved,Approved,Confirmed,Confirmed,Not verified,Not verified,authoritative/prompt/decision/standard/prior Approved requirement,"Approved (directly restates WCAG 2.2 SC 3.1.1, Level A, and KBDL-PRN-003, Consumer Comprehension)",accessibility.md §6–§45,accessibility.md §6–§45,accessibility.md §6–§45,"WCAG relative-luminance contrast calculation (completed for contrast/focus rows); manual + automated static accessibility review, keyboard testing, screen-reader testing, and flash analysis (all pending an implementation)",themes/validation.md §3 for the three Verified rows; not verified for the rest,"This document does not claim full WCAG conformance, screen-reader compatibility, or real-device support — those require an implementation and recorded test evidence",None — Approved,None,PASS,None
KBDL-A11Y-034,Approved,Approved,Confirmed,Confirmed,Not verified,Not verified,authoritative/prompt/decision/standard/prior Approved requirement,"Approved (directly restates WCAG 2.2 SC 2.4.4, Level A, and SC 3.2.6, Level A)",accessibility.md §6–§45,accessibility.md §6–§45,accessibility.md §6–§45,"WCAG relative-luminance contrast calculation (completed for contrast/focus rows); manual + automated static accessibility review, keyboard testing, screen-reader testing, and flash analysis (all pending an implementation)",themes/validation.md §3 for the three Verified rows; not verified for the rest,"This document does not claim full WCAG conformance, screen-reader compatibility, or real-device support — those require an implementation and recorded test evidence",None — Approved,None,PASS,None
KBDL-A11Y-035,Recommended,Recommended,Assumed,Assumed,Not applicable,Not applicable,authoritative/prompt/decision/standard/prior Approved requirement,"Recommended (new KBDL testing-process enhancement, not yet approved)","accessibility.md §16, §25, §39","accessibility.md §16, §25, §39","accessibility.md §16, §25, §39",Project-owner review (not yet performed); implementation-level review once an implementation exists,Not verified — no implementation exists yet,Forced-colors/high-contrast mode is currently unaddressed elsewhere in the specification and was explicitly excluded from the KBDL-004 theme approval (KBDL-DEC-013); these three requirements must not be treated as Approved until reviewed,accessibility.md — 49.2 Recommended Decisions — Ready for Approval — item 3,None,PASS,None
KBDL-A11Y-036,Approved,Approved,Confirmed,Confirmed,Not applicable,Not applicable,authoritative/prompt/decision/standard/prior Approved requirement,Approved (cross-reference to already-Approved requirements); project-owner-approved KBDL-006 implementation prompt,accessibility.md §6–§45,accessibility.md §6–§45,accessibility.md §6–§45,"WCAG relative-luminance contrast calculation (completed for contrast/focus rows); manual + automated static accessibility review, keyboard testing, screen-reader testing, and flash analysis (all pending an implementation)",themes/validation.md §3 for the three Verified rows; not verified for the rest,"This document does not claim full WCAG conformance, screen-reader compatibility, or real-device support — those require an implementation and recorded test evidence",None — Approved,None,PASS,None
KBDL-A11Y-037,Approved,Approved,Confirmed,Confirmed,Not verified,Not verified,authoritative/prompt/decision/standard/prior Approved requirement,Approved (restates KBDL-A11Y-003 applied to tabular data),accessibility.md §6–§45,accessibility.md §6–§45,accessibility.md §6–§45,"WCAG relative-luminance contrast calculation (completed for contrast/focus rows); manual + automated static accessibility review, keyboard testing, screen-reader testing, and flash analysis (all pending an implementation)",themes/validation.md §3 for the three Verified rows; not verified for the rest,"This document does not claim full WCAG conformance, screen-reader compatibility, or real-device support — those require an implementation and recorded test evidence",None — Approved,None,PASS,None
KBDL-A11Y-038,Approved,Approved,Confirmed,Confirmed,Not applicable,Not applicable,authoritative/prompt/decision/standard/prior Approved requirement,Approved (cross-reference); project-owner-approved KBDL-006 implementation prompt,accessibility.md §6–§45,accessibility.md §6–§45,accessibility.md §6–§45,"WCAG relative-luminance contrast calculation (completed for contrast/focus rows); manual + automated static accessibility review, keyboard testing, screen-reader testing, and flash analysis (all pending an implementation)",themes/validation.md §3 for the three Verified rows; not verified for the rest,"This document does not claim full WCAG conformance, screen-reader compatibility, or real-device support — those require an implementation and recorded test evidence",None — Approved,None,PASS,None
KBDL-A11Y-039,Approved,Approved,Confirmed,Confirmed,Not applicable,Not applicable,authoritative/prompt/decision/standard/prior Approved requirement,Approved (cross-reference); project-owner-approved KBDL-006 implementation prompt,accessibility.md §6–§45,accessibility.md §6–§45,accessibility.md §6–§45,"WCAG relative-luminance contrast calculation (completed for contrast/focus rows); manual + automated static accessibility review, keyboard testing, screen-reader testing, and flash analysis (all pending an implementation)",themes/validation.md §3 for the three Verified rows; not verified for the rest,"This document does not claim full WCAG conformance, screen-reader compatibility, or real-device support — those require an implementation and recorded test evidence",None — Approved,None,PASS,None
KBDL-A11Y-040,Approved,Approved,Confirmed,Confirmed,Not verified,Not verified,authoritative/prompt/decision/standard/prior Approved requirement,Approved (directly restates principles.md §9.4); project-owner-approved KBDL-006 implementation prompt,accessibility.md §6–§45,accessibility.md §6–§45,accessibility.md §6–§45,"WCAG relative-luminance contrast calculation (completed for contrast/focus rows); manual + automated static accessibility review, keyboard testing, screen-reader testing, and flash analysis (all pending an implementation)",themes/validation.md §3 for the three Verified rows; not verified for the rest,"This document does not claim full WCAG conformance, screen-reader compatibility, or real-device support — those require an implementation and recorded test evidence",None — Approved,None,PASS,None
KBDL-CMP-001,Approved,Approved,User-provided,User-provided,Not verified,Not verified,authoritative/prompt/decision/standard/prior Approved requirement,Approved (structural completeness requirement); project-owner-approved KBDL-007/008 implementation prompt,"components-core.md §5–§19, §25, §26","components-core.md §5–§19, §25, §26","components-core.md §5–§19, §25, §26","Manual completeness/mapping review per component once implemented; manual scope-compliance review (performed, see implementation report)",Not verified — no implementation exists yet,Implementation-dependent; cannot be tested until real components exist,None — Approved,None,PASS,None
KBDL-CMP-002,Approved,Approved,Confirmed,Confirmed,Not verified,Not verified,authoritative/prompt/decision/standard/prior Approved requirement,Approved (directly restates WCAG 2.2 SC 4.1.2 and the WAI-ARIA First Rule of ARIA Use),"components-core.md §5–§19, §25, §26","components-core.md §5–§19, §25, §26","components-core.md §5–§19, §25, §26","Manual completeness/mapping review per component once implemented; manual scope-compliance review (performed, see implementation report)",Not verified — no implementation exists yet,Implementation-dependent; cannot be tested until real components exist,None — Approved,None,PASS,None
KBDL-CMP-003,Approved,Approved,Confirmed,Confirmed,Not verified,Not verified,authoritative/prompt/decision/standard/prior Approved requirement,Approved (directly restates WCAG 2.2 SC 4.1.2 and SC 2.5.3),"components-core.md §5–§19, §25, §26","components-core.md §5–§19, §25, §26","components-core.md §5–§19, §25, §26","Manual completeness/mapping review per component once implemented; manual scope-compliance review (performed, see implementation report)",Not verified — no implementation exists yet,Implementation-dependent; cannot be tested until real components exist,None — Approved,None,PASS,None
KBDL-CMP-004,Approved,Approved,Confirmed,Confirmed,Not verified,Not verified,authoritative/prompt/decision/standard/prior Approved requirement,Approved (directly restates the locked component-state-clarity rule); project-owner-approved KBDL-007/008 implementation prompt,"components-core.md §5–§19, §25, §26","components-core.md §5–§19, §25, §26","components-core.md §5–§19, §25, §26","Manual completeness/mapping review per component once implemented; manual scope-compliance review (performed, see implementation report)",Not verified — no implementation exists yet,Implementation-dependent; cannot be tested until real components exist,None — Approved,None,PASS,None
KBDL-CMP-005,Approved,Approved,Confirmed,Confirmed,Not applicable,Not applicable,authoritative/prompt/decision/standard/prior Approved requirement,Approved (scope-control requirement); project-owner-approved KBDL-007/008 implementation prompt,"components-core.md §5–§19, §25, §26","components-core.md §5–§19, §25, §26","components-core.md §5–§19, §25, §26","Manual completeness/mapping review per component once implemented; manual scope-compliance review (performed, see implementation report)",Not verified — no implementation exists yet,Implementation-dependent; cannot be tested until real components exist,None — Approved,None,PASS,None
KBDL-CMP-006,Approved,Approved,Confirmed,Confirmed,Not verified,Not verified,authoritative/prompt/decision/standard/prior Approved requirement,Approved (directly restates WCAG 2.2 SC 2.4.7 and SC 2.4.11),"components-core.md §5–§19, §25, §26","components-core.md §5–§19, §25, §26","components-core.md §5–§19, §25, §26","Manual completeness/mapping review per component once implemented; manual scope-compliance review (performed, see implementation report)",Not verified — no implementation exists yet,Implementation-dependent; cannot be tested until real components exist,None — Approved,None,PASS,None
KBDL-CMP-007,Approved,Approved,Confirmed,Confirmed,Not verified,Not verified,authoritative/prompt/decision/standard/prior Approved requirement,Approved (directly restates WCAG 2.2 SC 2.1.1 and SC 2.1.2),"components-core.md §5–§19, §25, §26","components-core.md §5–§19, §25, §26","components-core.md §5–§19, §25, §26","Manual completeness/mapping review per component once implemented; manual scope-compliance review (performed, see implementation report)",Not verified — no implementation exists yet,Implementation-dependent; cannot be tested until real components exist,None — Approved,None,PASS,None
KBDL-CMP-008,Approved,Approved,Confirmed,Confirmed,Not verified,Not verified,authoritative/prompt/decision/standard/prior Approved requirement,Approved (directly restates WCAG 2.2 SC 2.5.2 and SC 2.5.8),"components-core.md §5–§19, §25, §26","components-core.md §5–§19, §25, §26","components-core.md §5–§19, §25, §26","Manual completeness/mapping review per component once implemented; manual scope-compliance review (performed, see implementation report)",Not verified — no implementation exists yet,Implementation-dependent; cannot be tested until real components exist,None — Approved,None,PASS,None
KBDL-CMP-009,Approved,Approved,Confirmed,Confirmed,Not verified,Not verified,authoritative/prompt/decision/standard/prior Approved requirement,"Approved (directly restates KBDL-RSP-001, 006, 007, 020)","components-core.md §5–§19, §25, §26","components-core.md §5–§19, §25, §26","components-core.md §5–§19, §25, §26","Manual completeness/mapping review per component once implemented; manual scope-compliance review (performed, see implementation report)",Not verified — no implementation exists yet,Implementation-dependent; cannot be tested until real components exist,None — Approved,None,PASS,None
KBDL-CMP-010,Approved,Approved,Confirmed,Confirmed,Not verified,Not verified,authoritative/prompt/decision/standard/prior Approved requirement,Approved (directly restates KBDL-A11Y-020),"components-core.md §5–§19, §25, §26","components-core.md §5–§19, §25, §26","components-core.md §5–§19, §25, §26","Manual completeness/mapping review per component once implemented; manual scope-compliance review (performed, see implementation report)",Not verified — no implementation exists yet,Implementation-dependent; cannot be tested until real components exist,None — Approved,None,PASS,None
KBDL-CMP-011,Approved,Approved,Confirmed,Confirmed,Not verified,Not verified,authoritative/prompt/decision/standard/prior Approved requirement,Approved (directly restates the approved theme architecture); project-owner-approved KBDL-007/008 implementation prompt,"components-core.md §5–§19, §25, §26","components-core.md §5–§19, §25, §26","components-core.md §5–§19, §25, §26","Manual completeness/mapping review per component once implemented; manual scope-compliance review (performed, see implementation report)",Not verified — no implementation exists yet,Implementation-dependent; cannot be tested until real components exist,None — Approved,None,PASS,None
KBDL-CMP-012,Approved,Approved,Confirmed,Confirmed,Not verified,Not verified,authoritative/prompt/decision/standard/prior Approved requirement,Approved (directly restates the approved foundation architecture); project-owner-approved KBDL-007/008 implementation prompt,"components-core.md §5–§19, §25, §26","components-core.md §5–§19, §25, §26","components-core.md §5–§19, §25, §26","Manual completeness/mapping review per component once implemented; manual scope-compliance review (performed, see implementation report)",Not verified — no implementation exists yet,Implementation-dependent; cannot be tested until real components exist,None — Approved,None,PASS,None
KBDL-CMP-013,Approved,Approved,Confirmed,Confirmed,Not verified,Not verified,authoritative/prompt/decision/standard/prior Approved requirement,"Approved (structural requirement — the obligation to document motion necessity/purpose/hierarchy/parity per component is itself Approved; the *exact* component-specific duration, distance, scale, stagger, easing, choreography, or rendering-technology mapping for any individual component is not newly approved by this requirement where no prior approved KBDL rule already supplies it — such exact mappings remain governed by the existing motion unresolved/not-approval-ready items in motion/README.md §10.3 and this module's own §36); project-owner-approved KBDL-007/008 implementation prompt","components-core.md §5–§19, §25, §26","components-core.md §5–§19, §25, §26","components-core.md §5–§19, §25, §26","Manual completeness/mapping review per component once implemented; manual scope-compliance review (performed, see implementation report)",Not verified — no implementation exists yet,Implementation-dependent; cannot be tested until real components exist,None — Approved,None,PASS,None
KBDL-CMP-014,Approved,Approved,Confirmed,Confirmed,Not verified,Not verified,authoritative/prompt/decision/standard/prior Approved requirement,Approved (core restates native-semantics-first and state-model rules); project-owner-approved KBDL-007/008 implementation prompt,components-core.md §20,components-core.md §20,components-core.md §20,"Manual + automated static accessibility review, manual keyboard/ARIA review once implemented; project-owner review of KBDL-CMP-015/017/020 (not yet performed)",Not verified — no implementation exists yet,Implementation-dependent,None — Approved,None,PASS,None
KBDL-CMP-015,Recommended,Recommended,Assumed,Assumed,Not applicable,Not applicable,authoritative/prompt/decision/standard/prior Approved requirement,Recommended (new component taxonomy),components-core.md §20,components-core.md §20,components-core.md §20,"Manual + automated static accessibility review, manual keyboard/ARIA review once implemented; project-owner review of KBDL-CMP-015/017/020 (not yet performed)",Not verified — no implementation exists yet,Implementation-dependent,components-core.md — 35.2 Recommended Decisions — Ready for Approval — item 1,None,PASS,None
KBDL-CMP-016,Approved,Approved,Confirmed,Confirmed,Not verified,Not verified,authoritative/prompt/decision/standard/prior Approved requirement,Approved (directly restates WCAG 2.2 SC 4.1.2),components-core.md §20,components-core.md §20,components-core.md §20,"Manual + automated static accessibility review, manual keyboard/ARIA review once implemented; project-owner review of KBDL-CMP-015/017/020 (not yet performed)",Not verified — no implementation exists yet,Implementation-dependent,None — Approved,None,PASS,None
KBDL-CMP-017,Recommended,Recommended,Assumed,Assumed,Not applicable,Not applicable,authoritative/prompt/decision/standard/prior Approved requirement,Recommended (new threshold guidance),components-core.md §20,components-core.md §20,components-core.md §20,"Manual + automated static accessibility review, manual keyboard/ARIA review once implemented; project-owner review of KBDL-CMP-015/017/020 (not yet performed)",Not verified — no implementation exists yet,Implementation-dependent,components-core.md — 35.2 Recommended Decisions — Ready for Approval — item 3,None,PASS,None
KBDL-CMP-018,Approved,Approved,Confirmed,Confirmed,Not verified,Not verified,authoritative/prompt/decision/standard/prior Approved requirement,Approved (directly restates WAI-ARIA),components-core.md §20,components-core.md §20,components-core.md §20,"Manual + automated static accessibility review, manual keyboard/ARIA review once implemented; project-owner review of KBDL-CMP-015/017/020 (not yet performed)",Not verified — no implementation exists yet,Implementation-dependent,None — Approved,None,PASS,None
KBDL-CMP-019,Approved,Approved,Confirmed,Confirmed,Not verified,Not verified,authoritative/prompt/decision/standard/prior Approved requirement,Approved (directly restates WCAG 2.2 SC 2.4.4),components-core.md §20,components-core.md §20,components-core.md §20,"Manual + automated static accessibility review, manual keyboard/ARIA review once implemented; project-owner review of KBDL-CMP-015/017/020 (not yet performed)",Not verified — no implementation exists yet,Implementation-dependent,None — Approved,None,PASS,None
KBDL-CMP-020,Recommended,Recommended,Assumed,Assumed,Not applicable,Not applicable,authoritative/prompt/decision/standard/prior Approved requirement,Recommended (new composition guidance),components-core.md §20,components-core.md §20,components-core.md §20,"Manual + automated static accessibility review, manual keyboard/ARIA review once implemented; project-owner review of KBDL-CMP-015/017/020 (not yet performed)",Not verified — no implementation exists yet,Implementation-dependent,components-core.md — 35.2 Recommended Decisions — Ready for Approval — item 9,None,PASS,None
KBDL-CMP-021,Approved,Approved,Confirmed,Confirmed,Not verified,Not verified,authoritative/prompt/decision/standard/prior Approved requirement,Approved (directly restates the WAI-ARIA disclosure pattern),components-core.md §20,components-core.md §20,components-core.md §20,"Manual + automated static accessibility review, manual keyboard/ARIA review once implemented; project-owner review of KBDL-CMP-015/017/020 (not yet performed)",Not verified — no implementation exists yet,Implementation-dependent,None — Approved,None,PASS,None
KBDL-CMP-022,Approved,Approved,Confirmed,Confirmed,Not verified,Not verified,authoritative/prompt/decision/standard/prior Approved requirement,"Approved (directly restates WCAG 2.2 SC 3.3.2, SC 1.3.5, SC 3.3.7)",components-core.md §21–§23,components-core.md §21–§23,components-core.md §21–§23,Manual + automated static accessibility review once implemented; project-owner review of KBDL-CMP-025/029/036 (not yet performed),Not verified — no implementation exists yet,Implementation-dependent,None — Approved,None,PASS,None
KBDL-CMP-023,Approved,Approved,Confirmed,Confirmed,Not verified,Not verified,authoritative/prompt/decision/standard/prior Approved requirement,Project-owner-approved KBDL-007/008 implementation prompt; authoritative provenance: Confirmed,components-core.md §21–§23,components-core.md §21–§23,components-core.md §21–§23,Manual + automated static accessibility review once implemented; project-owner review of KBDL-CMP-025/029/036 (not yet performed),Not verified — no implementation exists yet,Implementation-dependent,None — Approved,None,PASS,None
KBDL-CMP-024,Approved,Approved,Confirmed,Confirmed,Not verified,Not verified,authoritative/prompt/decision/standard/prior Approved requirement,Approved (directly restates WCAG 2.2 SC 3.3.8),components-core.md §21–§23,components-core.md §21–§23,components-core.md §21–§23,Manual + automated static accessibility review once implemented; project-owner review of KBDL-CMP-025/029/036 (not yet performed),Not verified — no implementation exists yet,Implementation-dependent,None — Approved,None,PASS,None
KBDL-CMP-025,Recommended,Recommended,Assumed,Assumed,Not applicable,Not applicable,authoritative/prompt/decision/standard/prior Approved requirement,Recommended (new component taxonomy),components-core.md §21–§23,components-core.md §21–§23,components-core.md §21–§23,Manual + automated static accessibility review once implemented; project-owner review of KBDL-CMP-025/029/036 (not yet performed),Not verified — no implementation exists yet,Implementation-dependent,components-core.md — 35.2 Recommended Decisions — Ready for Approval — item 4,None,PASS,None
KBDL-CMP-026,Approved,Approved,Confirmed,Confirmed,Not verified,Not verified,authoritative/prompt/decision/standard/prior Approved requirement,Project-owner-approved KBDL-007/008 implementation prompt; authoritative provenance: Confirmed,components-core.md §21–§23,components-core.md §21–§23,components-core.md §21–§23,Manual + automated static accessibility review once implemented; project-owner review of KBDL-CMP-025/029/036 (not yet performed),Not verified — no implementation exists yet,Implementation-dependent,None — Approved,None,PASS,None
KBDL-CMP-027,Approved,Approved,Confirmed,Confirmed,Not verified,Not verified,authoritative/prompt/decision/standard/prior Approved requirement,Approved (directly restates native-semantics-first); project-owner-approved KBDL-007/008 implementation prompt,components-core.md §21–§23,components-core.md §21–§23,components-core.md §21–§23,Manual + automated static accessibility review once implemented; project-owner review of KBDL-CMP-025/029/036 (not yet performed),Not verified — no implementation exists yet,Implementation-dependent,None — Approved,None,PASS,None
KBDL-CMP-028,Approved,Approved,Confirmed,Confirmed,Not verified,Not verified,authoritative/prompt/decision/standard/prior Approved requirement,Approved (directly restates WAI-ARIA/APG),components-core.md §21–§23,components-core.md §21–§23,components-core.md §21–§23,Manual + automated static accessibility review once implemented; project-owner review of KBDL-CMP-025/029/036 (not yet performed),Not verified — no implementation exists yet,Implementation-dependent,None — Approved,None,PASS,None
KBDL-CMP-029,Recommended,Recommended,Assumed,Assumed,Not applicable,Not applicable,authoritative/prompt/decision/standard/prior Approved requirement,Recommended (new threshold guidance),components-core.md §21–§23,components-core.md §21–§23,components-core.md §21–§23,Manual + automated static accessibility review once implemented; project-owner review of KBDL-CMP-025/029/036 (not yet performed),Not verified — no implementation exists yet,Implementation-dependent,components-core.md — 35.2 Recommended Decisions — Ready for Approval — item 5,None,PASS,None
KBDL-CMP-030,Approved,Approved,Confirmed,Confirmed,Not verified,Not verified,authoritative/prompt/decision/standard/prior Approved requirement,Project-owner-approved KBDL-007/008 implementation prompt; authoritative provenance: Confirmed,components-core.md §21–§23,components-core.md §21–§23,components-core.md §21–§23,Manual + automated static accessibility review once implemented; project-owner review of KBDL-CMP-025/029/036 (not yet performed),Not verified — no implementation exists yet,Implementation-dependent,None — Approved,None,PASS,None
KBDL-CMP-031,Approved,Approved,Confirmed,Confirmed,Not verified,Not verified,authoritative/prompt/decision/standard/prior Approved requirement,Project-owner-approved KBDL-007/008 implementation prompt; authoritative provenance: Confirmed,components-core.md §21–§23,components-core.md §21–§23,components-core.md §21–§23,Manual + automated static accessibility review once implemented; project-owner review of KBDL-CMP-025/029/036 (not yet performed),Not verified — no implementation exists yet,Implementation-dependent,None — Approved,None,PASS,None
KBDL-CMP-032,Approved,Approved,Confirmed,Confirmed,Not verified,Not verified,authoritative/prompt/decision/standard/prior Approved requirement,Approved (directly restates WAI-ARIA switch role),components-core.md §21–§23,components-core.md §21–§23,components-core.md §21–§23,Manual + automated static accessibility review once implemented; project-owner review of KBDL-CMP-025/029/036 (not yet performed),Not verified — no implementation exists yet,Implementation-dependent,None — Approved,None,PASS,None
KBDL-CMP-033,Approved,Approved,Confirmed,Confirmed,Not verified,Not verified,authoritative/prompt/decision/standard/prior Approved requirement,Project-owner-approved KBDL-007/008 implementation prompt; authoritative provenance: Confirmed,components-core.md §21–§23,components-core.md §21–§23,components-core.md §21–§23,Manual + automated static accessibility review once implemented; project-owner review of KBDL-CMP-025/029/036 (not yet performed),Not verified — no implementation exists yet,Implementation-dependent,None — Approved,None,PASS,None
KBDL-CMP-034,Approved,Approved,Confirmed,Confirmed,Not verified,Not verified,authoritative/prompt/decision/standard/prior Approved requirement,Project-owner-approved KBDL-007/008 implementation prompt; authoritative provenance: Confirmed,components-core.md §21–§23,components-core.md §21–§23,components-core.md §21–§23,Manual + automated static accessibility review once implemented; project-owner review of KBDL-CMP-025/029/036 (not yet performed),Not verified — no implementation exists yet,Implementation-dependent,None — Approved,None,PASS,None
KBDL-CMP-035,Approved,Approved,Confirmed,Confirmed,Not verified,Not verified,authoritative/prompt/decision/standard/prior Approved requirement,Approved (behavioral requirement); project-owner-approved KBDL-007/008 implementation prompt,components-core.md §21–§23,components-core.md §21–§23,components-core.md §21–§23,Manual + automated static accessibility review once implemented; project-owner review of KBDL-CMP-025/029/036 (not yet performed),Not verified — no implementation exists yet,Implementation-dependent,None — Approved,None,PASS,None
KBDL-CMP-036,Recommended,Recommended,Assumed,Assumed,Not applicable,Not applicable,authoritative/prompt/decision/standard/prior Approved requirement,Recommended (new component-level guidance),components-core.md §21–§23,components-core.md §21–§23,components-core.md §21–§23,Manual + automated static accessibility review once implemented; project-owner review of KBDL-CMP-025/029/036 (not yet performed),Not verified — no implementation exists yet,Implementation-dependent,components-core.md — 35.2 Recommended Decisions — Ready for Approval — item 6,None,PASS,None
KBDL-CMP-037,Approved,Approved,Confirmed,Confirmed,Not verified,Not verified,authoritative/prompt/decision/standard/prior Approved requirement,"Approved (directly restates WCAG 2.2 SC 3.3.1, SC 3.3.3, SC 3.3.4, SC 3.3.7, SC 4.1.3)",components-core.md §21–§23,components-core.md §21–§23,components-core.md §21–§23,Manual + automated static accessibility review once implemented; project-owner review of KBDL-CMP-025/029/036 (not yet performed),Not verified — no implementation exists yet,Implementation-dependent,None — Approved,None,PASS,None
KBDL-CMP-038,Approved,Approved,Confirmed,Confirmed,Not verified,Not verified,authoritative/prompt/decision/standard/prior Approved requirement,Approved (directly restates WCAG 2.2 SC 2.4.1),components-core.md §24,components-core.md §24,components-core.md §24,Manual keyboard/ARIA review once implemented; project-owner review of KBDL-CMP-041/044/046/048 (not yet performed),Not verified — no implementation exists yet,KBDL-CMP-041 additionally depends on the unapproved KBDL-RSP-002/008 and cannot be approved independently of them,None — Approved,None,PASS,None
KBDL-CMP-039,Approved,Approved,Confirmed,Confirmed,Not verified,Not verified,authoritative/prompt/decision/standard/prior Approved requirement,Project-owner-approved KBDL-007/008 implementation prompt; authoritative provenance: Confirmed,components-core.md §24,components-core.md §24,components-core.md §24,Manual keyboard/ARIA review once implemented; project-owner review of KBDL-CMP-041/044/046/048 (not yet performed),Not verified — no implementation exists yet,KBDL-CMP-041 additionally depends on the unapproved KBDL-RSP-002/008 and cannot be approved independently of them,None — Approved,None,PASS,None
KBDL-CMP-040,Approved,Approved,Confirmed,Confirmed,Not verified,Not verified,authoritative/prompt/decision/standard/prior Approved requirement,Project-owner-approved KBDL-007/008 implementation prompt; authoritative provenance: Confirmed,components-core.md §24,components-core.md §24,components-core.md §24,Manual keyboard/ARIA review once implemented; project-owner review of KBDL-CMP-041/044/046/048 (not yet performed),Not verified — no implementation exists yet,KBDL-CMP-041 additionally depends on the unapproved KBDL-RSP-002/008 and cannot be approved independently of them,None — Approved,None,PASS,None
KBDL-CMP-041,Recommended,Recommended,Assumed,Assumed,Not applicable,Not applicable,authoritative/prompt/decision/standard/prior Approved requirement,Recommended (depends on unapproved responsive values),components-core.md §24,components-core.md §24,components-core.md §24,Manual keyboard/ARIA review once implemented; project-owner review of KBDL-CMP-041/044/046/048 (not yet performed),Not verified — no implementation exists yet,KBDL-CMP-041 additionally depends on the unapproved KBDL-RSP-002/008 and cannot be approved independently of them,components-system.md — 33.2 Recommended Decisions — Ready for Approval — item 7,None,PASS,None
KBDL-CMP-042,Approved,Approved,Confirmed,Confirmed,Not verified,Not verified,authoritative/prompt/decision/standard/prior Approved requirement,Project-owner-approved KBDL-007/008 implementation prompt; authoritative provenance: Confirmed,components-core.md §24,components-core.md §24,components-core.md §24,Manual keyboard/ARIA review once implemented; project-owner review of KBDL-CMP-041/044/046/048 (not yet performed),Not verified — no implementation exists yet,KBDL-CMP-041 additionally depends on the unapproved KBDL-RSP-002/008 and cannot be approved independently of them,None — Approved,None,PASS,None
KBDL-CMP-043,Approved,Approved,Confirmed,Confirmed,Not verified,Not verified,authoritative/prompt/decision/standard/prior Approved requirement,Project-owner-approved KBDL-007/008 implementation prompt; authoritative provenance: Confirmed,components-core.md §24,components-core.md §24,components-core.md §24,Manual keyboard/ARIA review once implemented; project-owner review of KBDL-CMP-041/044/046/048 (not yet performed),Not verified — no implementation exists yet,KBDL-CMP-041 additionally depends on the unapproved KBDL-RSP-002/008 and cannot be approved independently of them,None — Approved,None,PASS,None
KBDL-CMP-044,Recommended,Recommended,Assumed,Assumed,Not applicable,Not applicable,authoritative/prompt/decision/standard/prior Approved requirement,Project-owner-approved KBDL-007/008 implementation prompt; authoritative provenance: Assumed,components-core.md §24,components-core.md §24,components-core.md §24,Manual keyboard/ARIA review once implemented; project-owner review of KBDL-CMP-041/044/046/048 (not yet performed),Not verified — no implementation exists yet,KBDL-CMP-041 additionally depends on the unapproved KBDL-RSP-002/008 and cannot be approved independently of them,components-core.md — 35.2 Recommended Decisions — Ready for Approval — item 7,None,PASS,None
KBDL-CMP-045,Approved,Approved,Confirmed,Confirmed,Not verified,Not verified,authoritative/prompt/decision/standard/prior Approved requirement,Approved (directly restates the WAI-ARIA tabs pattern),components-core.md §24,components-core.md §24,components-core.md §24,Manual keyboard/ARIA review once implemented; project-owner review of KBDL-CMP-041/044/046/048 (not yet performed),Not verified — no implementation exists yet,KBDL-CMP-041 additionally depends on the unapproved KBDL-RSP-002/008 and cannot be approved independently of them,None — Approved,None,PASS,None
KBDL-CMP-046,Recommended,Recommended,Assumed,Assumed,Not applicable,Not applicable,authoritative/prompt/decision/standard/prior Approved requirement,Recommended (new component choice),components-core.md §24,components-core.md §24,components-core.md §24,Manual keyboard/ARIA review once implemented; project-owner review of KBDL-CMP-041/044/046/048 (not yet performed),Not verified — no implementation exists yet,KBDL-CMP-041 additionally depends on the unapproved KBDL-RSP-002/008 and cannot be approved independently of them,components-core.md — 35.2 Recommended Decisions — Ready for Approval — item 2,None,PASS,None
KBDL-CMP-047,Approved,Approved,Confirmed,Confirmed,Not verified,Not verified,authoritative/prompt/decision/standard/prior Approved requirement,Project-owner-approved KBDL-007/008 implementation prompt; authoritative provenance: Confirmed,components-core.md §24,components-core.md §24,components-core.md §24,Manual keyboard/ARIA review once implemented; project-owner review of KBDL-CMP-041/044/046/048 (not yet performed),Not verified — no implementation exists yet,KBDL-CMP-041 additionally depends on the unapproved KBDL-RSP-002/008 and cannot be approved independently of them,None — Approved,None,PASS,None
KBDL-CMP-048,Recommended,Recommended,Assumed,Assumed,Not applicable,Not applicable,authoritative/prompt/decision/standard/prior Approved requirement,Project-owner-approved KBDL-007/008 implementation prompt; authoritative provenance: Assumed,components-core.md §24,components-core.md §24,components-core.md §24,Manual keyboard/ARIA review once implemented; project-owner review of KBDL-CMP-041/044/046/048 (not yet performed),Not verified — no implementation exists yet,KBDL-CMP-041 additionally depends on the unapproved KBDL-RSP-002/008 and cannot be approved independently of them,components-core.md — 35.2 Recommended Decisions — Ready for Approval — item 8,None,PASS,None
KBDL-CMP-049,Approved,Approved,Confirmed,Confirmed,Not verified,Not verified,authoritative/prompt/decision/standard/prior Approved requirement,Project-owner-approved KBDL-007/008 implementation prompt; authoritative provenance: Confirmed,components-core.md §24,components-core.md §24,components-core.md §24,Manual keyboard/ARIA review once implemented; project-owner review of KBDL-CMP-041/044/046/048 (not yet performed),Not verified — no implementation exists yet,KBDL-CMP-041 additionally depends on the unapproved KBDL-RSP-002/008 and cannot be approved independently of them,None — Approved,None,PASS,None
KBDL-CMP-050,Approved,Approved,Confirmed,Confirmed,Not applicable,Not applicable,authoritative/prompt/decision/standard/prior Approved requirement,Approved (restates the shared contract applied compositionally); project-owner-approved KBDL-007/008 implementation prompt,"components-core.md §5–§19, §25, §26","components-core.md §5–§19, §25, §26","components-core.md §5–§19, §25, §26","Manual completeness/mapping review per component once implemented; manual scope-compliance review (performed, see implementation report)",Not verified — no implementation exists yet,Implementation-dependent; cannot be tested until real components exist,None — Approved,None,PASS,None
KBDL-CMP-051,Approved,Approved,Confirmed,Confirmed,Not verified,Not verified,authoritative/prompt/decision/standard/prior Approved requirement,Approved (directly restates principles.md §9.4); project-owner-approved KBDL-007/008 implementation prompt,"components-core.md §5–§19, §25, §26","components-core.md §5–§19, §25, §26","components-core.md §5–§19, §25, §26","Manual completeness/mapping review per component once implemented; manual scope-compliance review (performed, see implementation report)",Not verified — no implementation exists yet,Implementation-dependent; cannot be tested until real components exist,None — Approved,None,PASS,None
KBDL-CMP-052,Approved,Approved,Confirmed,Confirmed,Not applicable,Not applicable,authoritative/prompt/decision/standard/prior Approved requirement,"Approved (scope-control requirement, extends KBDL-CMP-005)","components-system.md §5, §7, §8, §9","components-system.md §5, §7, §8, §9","components-system.md §5, §7, §8, §9",Manual semantic-structure and DOM-relationship review once implemented; project-owner review of KBDL-CMP-067/069 (not yet performed),Not verified — no implementation exists yet,Implementation-dependent,None — Approved,None,PASS,None
KBDL-CMP-053,Approved,Approved,Confirmed,Confirmed,Not verified,Not verified,authoritative/prompt/decision/standard/prior Approved requirement,"Approved (extends the already-Approved native- semantics-first rule, KBDL-CMP-002, and the adopted ARIA 1.2 region role definition, to this module's surfaces)","components-system.md §5, §7, §8, §9","components-system.md §5, §7, §8, §9","components-system.md §5, §7, §8, §9",Manual semantic-structure and DOM-relationship review once implemented; project-owner review of KBDL-CMP-067/069 (not yet performed),Not verified — no implementation exists yet,Implementation-dependent,None — Approved,None,PASS,None
KBDL-CMP-054,Approved,Approved,Confirmed,Confirmed,Not verified,Not verified,authoritative/prompt/decision/standard/prior Approved requirement,Approved (restates ARIA 1.2's region role definition),"components-system.md §5, §7, §8, §9","components-system.md §5, §7, §8, §9","components-system.md §5, §7, §8, §9",Manual semantic-structure and DOM-relationship review once implemented; project-owner review of KBDL-CMP-067/069 (not yet performed),Not verified — no implementation exists yet,Implementation-dependent,None — Approved,None,PASS,None
KBDL-CMP-055,Approved,Approved,Confirmed,Confirmed,Not verified,Not verified,authoritative/prompt/decision/standard/prior Approved requirement,"Approved (restates the native HTML prohibition on nested interactive elements and the already-Approved hover- independent-discoverability requirement, responsive.md §24); project-owner-approved KBDL-007/008 implementation prompt","components-system.md §5, §7, §8, §9","components-system.md §5, §7, §8, §9","components-system.md §5, §7, §8, §9",Manual semantic-structure and DOM-relationship review once implemented; project-owner review of KBDL-CMP-067/069 (not yet performed),Not verified — no implementation exists yet,Implementation-dependent,None — Approved,None,PASS,None
KBDL-CMP-056,Approved,Approved,Confirmed,Confirmed,Not applicable,Not applicable,authoritative/prompt/decision/standard/prior Approved requirement,"Approved (dictated outcome of the already-adopted WCAG 2.2 focus, keyboard, and reading-order rules applied to layered content — a structural scope statement, not new policy)",components-system.md §10–§12,components-system.md §10–§12,components-system.md §10–§12,"Manual focus-containment, keyboard, and ARIA-relationship review once implemented; project-owner review of the Recommended subset (not yet performed)",Not verified — no implementation exists yet,KBDL-CMP-083 additionally notes that navigation-drawer use remains bound by the unapproved KBDL-CMP-041 (KBDL-007) regardless of this item's own approval,None — Approved,None,PASS,None
KBDL-CMP-057,Approved,Approved,Confirmed,Confirmed,Not verified,Not verified,authoritative/prompt/decision/standard/prior Approved requirement,"Approved (restates the already-adopted WCAG 2.2 SC 2.1.1 Keyboard and SC 2.1.2 No Keyboard Trap, and the already- Approved KBDL-007 keyboard contract, KBDL-CMP-007, applied explicitly to non-modal overlays)",components-system.md §10–§12,components-system.md §10–§12,components-system.md §10–§12,"Manual focus-containment, keyboard, and ARIA-relationship review once implemented; project-owner review of the Recommended subset (not yet performed)",Not verified — no implementation exists yet,KBDL-CMP-083 additionally notes that navigation-drawer use remains bound by the unapproved KBDL-CMP-041 (KBDL-007) regardless of this item's own approval,None — Approved,None,PASS,None
KBDL-CMP-058,Approved,Approved,Confirmed,Confirmed,Not verified,Not verified,authoritative/prompt/decision/standard/prior Approved requirement,Approved (dictated outcome of the already-adopted WCAG 2.2 SC 2.4.3 Focus Order — an unset focus target would violate the requirement that focus order remain determinable),components-system.md §10–§12,components-system.md §10–§12,components-system.md §10–§12,"Manual focus-containment, keyboard, and ARIA-relationship review once implemented; project-owner review of the Recommended subset (not yet performed)",Not verified — no implementation exists yet,KBDL-CMP-083 additionally notes that navigation-drawer use remains bound by the unapproved KBDL-CMP-041 (KBDL-007) regardless of this item's own approval,None — Approved,None,PASS,None
KBDL-CMP-059,Approved,Approved,Confirmed,Confirmed,Not verified,Not verified,authoritative/prompt/decision/standard/prior Approved requirement,"Approved (restates the already-adopted WCAG 2.2 SC 2.2.1 Timing Adjustable, extended to this module's dismissible surfaces generally, beyond the Toast-specific case in KBDL-CMP-090)",components-system.md §10–§12,components-system.md §10–§12,components-system.md §10–§12,"Manual focus-containment, keyboard, and ARIA-relationship review once implemented; project-owner review of the Recommended subset (not yet performed)",Not verified — no implementation exists yet,KBDL-CMP-083 additionally notes that navigation-drawer use remains bound by the unapproved KBDL-CMP-041 (KBDL-007) regardless of this item's own approval,None — Approved,None,PASS,None
KBDL-CMP-060,Approved,Approved,Confirmed,Confirmed,Not verified,Not verified,authoritative/prompt/decision/standard/prior Approved requirement,"Approved (restates the already-Approved motion- parity rule, motion/accessibility-performance.md §1); project-owner-approved KBDL-007/008 implementation prompt",components-system.md §10–§12,components-system.md §10–§12,components-system.md §10–§12,"Manual focus-containment, keyboard, and ARIA-relationship review once implemented; project-owner review of the Recommended subset (not yet performed)",Not verified — no implementation exists yet,KBDL-CMP-083 additionally notes that navigation-drawer use remains bound by the unapproved KBDL-CMP-041 (KBDL-007) regardless of this item's own approval,None — Approved,None,PASS,None
KBDL-CMP-061,Approved,Approved,Confirmed,Confirmed,Not verified,Not verified,authoritative/prompt/decision/standard/prior Approved requirement,"Approved (restates the locked component-state- clarity rule, principles.md §5.1, and KBDL-CMP-004, applied explicitly to the states this document introduces)",components-system.md §13–§14,components-system.md §13–§14,components-system.md §13–§14,"Manual live-region, role, and content-classification review once implemented; project-owner review of KBDL-CMP-089/091 (not yet performed)",Not verified — no implementation exists yet,Implementation-dependent,None — Approved,None,PASS,None
KBDL-CMP-062,Approved,Approved,Confirmed,Confirmed,Not verified,Not verified,authoritative/prompt/decision/standard/prior Approved requirement,"Approved (restates KBDL-CMP-053/002 as an explicit prohibition, distinguishing the general preference from the specific misuse it forbids)","components-system.md §5, §7, §8, §9","components-system.md §5, §7, §8, §9","components-system.md §5, §7, §8, §9",Manual semantic-structure and DOM-relationship review once implemented; project-owner review of KBDL-CMP-067/069 (not yet performed),Not verified — no implementation exists yet,Implementation-dependent,None — Approved,None,PASS,None
KBDL-CMP-063,Approved,Approved,Confirmed,Confirmed,Not verified,Not verified,authoritative/prompt/decision/standard/prior Approved requirement,"Approved (restates the already-Approved correctness/safety priority, principles.md §4 item 1, as a general baseline; KBDL-CMP-103 states its Offline/ Reconnecting-specific application)","components-system.md §15–§19, §23, §24","components-system.md §15–§19, §23, §24","components-system.md §15–§19, §23, §24",Manual review once implemented; project-owner review of the Recommended subset (not yet performed),Not verified — no implementation exists yet,KBDL-CMP-105 additionally cites the unapproved KBDL-RSP-011 as related context; KBDL-CMP-111 additionally depends on the eventual KBDL-RSP-002 value for its exact trigger point,None — Approved,None,PASS,None
KBDL-CMP-064,Approved,Approved,Confirmed,Confirmed,Not verified,Not verified,authoritative/prompt/decision/standard/prior Approved requirement,Approved (extends the existing KBDL security principle already established in components-core.md §37 as a general baseline; KBDL-CMP-101 and KBDL-CMP-104 state its Error-State- and Permission/Not-Found-specific applications),"components-system.md §15–§19, §23, §24","components-system.md §15–§19, §23, §24","components-system.md §15–§19, §23, §24",Manual review once implemented; project-owner review of the Recommended subset (not yet performed),Not verified — no implementation exists yet,KBDL-CMP-105 additionally cites the unapproved KBDL-RSP-011 as related context; KBDL-CMP-111 additionally depends on the eventual KBDL-RSP-002 value for its exact trigger point,None — Approved,None,PASS,None
KBDL-CMP-065,Approved,Approved,Confirmed,Confirmed,Not verified,Not verified,authoritative/prompt/decision/standard/prior Approved requirement,"Approved (extends the already-Approved KBDL-007 accessible-naming requirement, KBDL-CMP-003, to this module)","components-system.md §5, §7, §8, §9","components-system.md §5, §7, §8, §9","components-system.md §5, §7, §8, §9",Manual semantic-structure and DOM-relationship review once implemented; project-owner review of KBDL-CMP-067/069 (not yet performed),Not verified — no implementation exists yet,Implementation-dependent,None — Approved,None,PASS,None
KBDL-CMP-066,Approved,Approved,Confirmed,Confirmed,Not verified,Not verified,authoritative/prompt/decision/standard/prior Approved requirement,"Approved (restates the already-Approved KBDL-007 profile-consistency requirement, KBDL-CMP-051, applied to this module)","components-system.md §15–§19, §23, §24","components-system.md §15–§19, §23, §24","components-system.md §15–§19, §23, §24",Manual review once implemented; project-owner review of the Recommended subset (not yet performed),Not verified — no implementation exists yet,KBDL-CMP-105 additionally cites the unapproved KBDL-RSP-011 as related context; KBDL-CMP-111 additionally depends on the eventual KBDL-RSP-002 value for its exact trigger point,None — Approved,None,PASS,None
KBDL-CMP-067,Recommended,Recommended,Assumed,Assumed,Not applicable,Not applicable,authoritative/prompt/decision/standard/prior Approved requirement,Recommended (new component-level taxonomy),"components-system.md §5, §7, §8, §9","components-system.md §5, §7, §8, §9","components-system.md §5, §7, §8, §9",Manual semantic-structure and DOM-relationship review once implemented; project-owner review of KBDL-CMP-067/069 (not yet performed),Not verified — no implementation exists yet,Implementation-dependent,components-system.md — 33.2 Recommended Decisions — Ready for Approval — item 1,None,PASS,None
KBDL-CMP-068,Approved,Approved,Confirmed,Confirmed,Not verified,Not verified,authoritative/prompt/decision/standard/prior Approved requirement,Approved (restates the adopted ARIA disclosure pattern's role/state definitions and the already-Approved KBDL-007 disclosure-trigger contract),"components-system.md §5, §7, §8, §9","components-system.md §5, §7, §8, §9","components-system.md §5, §7, §8, §9",Manual semantic-structure and DOM-relationship review once implemented; project-owner review of KBDL-CMP-067/069 (not yet performed),Not verified — no implementation exists yet,Implementation-dependent,None — Approved,None,PASS,None
KBDL-CMP-069,Recommended,Recommended,Assumed,Assumed,Not applicable,Not applicable,authoritative/prompt/decision/standard/prior Approved requirement,Recommended (new component-level policy),"components-system.md §5, §7, §8, §9","components-system.md §5, §7, §8, §9","components-system.md §5, §7, §8, §9",Manual semantic-structure and DOM-relationship review once implemented; project-owner review of KBDL-CMP-067/069 (not yet performed),Not verified — no implementation exists yet,Implementation-dependent,components-system.md — 33.2 Recommended Decisions — Ready for Approval — item 2,None,PASS,None
KBDL-CMP-070,Approved,Approved,Confirmed,Confirmed,Not verified,Not verified,authoritative/prompt/decision/standard/prior Approved requirement,"Approved (restates the already-adopted WCAG 2.2 SC 1.3.1 Info and Relationships and the native-semantics-first rule, KBDL-CMP-002)","components-system.md §5, §7, §8, §9","components-system.md §5, §7, §8, §9","components-system.md §5, §7, §8, §9",Manual semantic-structure and DOM-relationship review once implemented; project-owner review of KBDL-CMP-067/069 (not yet performed),Not verified — no implementation exists yet,Implementation-dependent,None — Approved,None,PASS,None
KBDL-CMP-071,Approved,Approved,Confirmed,Confirmed,Not verified,Not verified,authoritative/prompt/decision/standard/prior Approved requirement,"the adopted WAI-ARIA 1.2 aria-modal property definition, which specifies that assistive technology should restrict its reading and navigation to the modal element while it is active, directly requires background content to be excluded from that navigation — this is the primary source for ""unreachable by ... screen-reader virtual cursor."" The already-adopted WCAG 2.2 SC 2.4.3 Focus Order and SC 2.4.11 Focus Not Obscured support, but do not by themselves fully dictate, this outcome for pointer/sequential-navigation reachability. The approved KBDL-008 prompt's Overlay Architecture section explicitly requires ""Background inertness"" as a mandatory field for every modal overlay, which is the source for treating this as a complete, single normative rule rather than an inference from the standards alone",components-system.md §10–§12,components-system.md §10–§12,components-system.md §10–§12,"Manual focus-containment, keyboard, and ARIA-relationship review once implemented; project-owner review of the Recommended subset (not yet performed)",Not verified — no implementation exists yet,KBDL-CMP-083 additionally notes that navigation-drawer use remains bound by the unapproved KBDL-CMP-041 (KBDL-007) regardless of this item's own approval,None — Approved,None,PASS,None
KBDL-CMP-072,Approved,Approved,Confirmed,Confirmed,Not verified,Not verified,authoritative/prompt/decision/standard/prior Approved requirement,"""dismissible via Escape"" and ""remains visible while the trigger has hover or focus"" restate the already-adopted WCAG 2.2 SC 1.4.13 Content on Hover or Focus, which dictates exactly these three properties (dismissible, hoverable, persistent). ""Must never be the sole source of its trigger's accessible name"" restates the already- Approved KBDL-007 accessible-naming requirement, KBDL-CMP-003, and the adopted WCAG 2.2 SC 4.1.2 Name, Role, Value — not SC 1.4.13, which does not address naming. ""Contains only non- interactive text"" and ""leaves focus on its trigger"" are not dictated by SC 1.4.13 or the WAI-ARIA tooltip role definition alone (the ARIA 1.2 spec describes tooltip as advisory but does not itself prohibit interactive descendants); these two clauses are normative because the approved KBDL-008 prompt explicitly requires ""Informational, non-interactive purpose"" and ""Interactive-content prohibition"" as mandatory Tooltip fields. This requirement does not treat the APG tooltip pattern (explicitly non-consensus, see §4) as a source for any clause",components-system.md §10–§12,components-system.md §10–§12,components-system.md §10–§12,"Manual focus-containment, keyboard, and ARIA-relationship review once implemented; project-owner review of the Recommended subset (not yet performed)",Not verified — no implementation exists yet,KBDL-CMP-083 additionally notes that navigation-drawer use remains bound by the unapproved KBDL-CMP-041 (KBDL-007) regardless of this item's own approval,None — Approved,None,PASS,None
KBDL-CMP-073,Recommended,Recommended,Assumed,Assumed,Not applicable,Not applicable,authoritative/prompt/decision/standard/prior Approved requirement,"Recommended (new KBDL-specific timing/placement policy, not dictated by the non-consensus APG tooltip pattern)",components-system.md §10–§12,components-system.md §10–§12,components-system.md §10–§12,"Manual focus-containment, keyboard, and ARIA-relationship review once implemented; project-owner review of the Recommended subset (not yet performed)",Not verified — no implementation exists yet,KBDL-CMP-083 additionally notes that navigation-drawer use remains bound by the unapproved KBDL-CMP-041 (KBDL-007) regardless of this item's own approval,components-system.md — 33.2 Recommended Decisions — Ready for Approval — item 3,None,PASS,None
KBDL-CMP-074,Recommended,Recommended,Assumed,Assumed,Not applicable,Not applicable,authoritative/prompt/decision/standard/prior Approved requirement,Recommended (new component-level taxonomy and dismissal policy),components-system.md §10–§12,components-system.md §10–§12,components-system.md §10–§12,"Manual focus-containment, keyboard, and ARIA-relationship review once implemented; project-owner review of the Recommended subset (not yet performed)",Not verified — no implementation exists yet,KBDL-CMP-083 additionally notes that navigation-drawer use remains bound by the unapproved KBDL-CMP-041 (KBDL-007) regardless of this item's own approval,components-system.md — 33.2 Recommended Decisions — Ready for Approval — item 4,None,PASS,None
KBDL-CMP-075,Approved,Approved,Confirmed,Confirmed,Not verified,Not verified,authoritative/prompt/decision/standard/prior Approved requirement,Approved (restates the adopted WAI-ARIA 1.2 menu role definitions and the already-Approved KBDL-007 trigger contract),components-system.md §10–§12,components-system.md §10–§12,components-system.md §10–§12,"Manual focus-containment, keyboard, and ARIA-relationship review once implemented; project-owner review of the Recommended subset (not yet performed)",Not verified — no implementation exists yet,KBDL-CMP-083 additionally notes that navigation-drawer use remains bound by the unapproved KBDL-CMP-041 (KBDL-007) regardless of this item's own approval,None — Approved,None,PASS,None
KBDL-CMP-076,Recommended,Recommended,Assumed,Assumed,Not applicable,Not applicable,authoritative/prompt/decision/standard/prior Approved requirement,Recommended (new component-level interaction policy; the underlying APG menu pattern is not automatically Approved),components-system.md §10–§12,components-system.md §10–§12,components-system.md §10–§12,"Manual focus-containment, keyboard, and ARIA-relationship review once implemented; project-owner review of the Recommended subset (not yet performed)",Not verified — no implementation exists yet,KBDL-CMP-083 additionally notes that navigation-drawer use remains bound by the unapproved KBDL-CMP-041 (KBDL-007) regardless of this item's own approval,components-system.md — 33.2 Recommended Decisions — Ready for Approval — item 5,None,PASS,None
KBDL-CMP-077,Approved,Approved,Confirmed,Confirmed,Not verified,Not verified,authoritative/prompt/decision/standard/prior Approved requirement,Approved (restates the adopted WAI-ARIA 1.2 listbox role definitions and the already-Approved KBDL-007 combobox contract),components-system.md §10–§12,components-system.md §10–§12,components-system.md §10–§12,"Manual focus-containment, keyboard, and ARIA-relationship review once implemented; project-owner review of the Recommended subset (not yet performed)",Not verified — no implementation exists yet,KBDL-CMP-083 additionally notes that navigation-drawer use remains bound by the unapproved KBDL-CMP-041 (KBDL-007) regardless of this item's own approval,None — Approved,None,PASS,None
KBDL-CMP-078,Approved,Approved,Confirmed,Confirmed,Not verified,Not verified,authoritative/prompt/decision/standard/prior Approved requirement,"Approved (restates the already-adopted WCAG 2.2 SC 4.1.2 Name, Role, Value and SC 2.1.1 Keyboard)",components-system.md §10–§12,components-system.md §10–§12,components-system.md §10–§12,"Manual focus-containment, keyboard, and ARIA-relationship review once implemented; project-owner review of the Recommended subset (not yet performed)",Not verified — no implementation exists yet,KBDL-CMP-083 additionally notes that navigation-drawer use remains bound by the unapproved KBDL-CMP-041 (KBDL-007) regardless of this item's own approval,None — Approved,None,PASS,None
KBDL-CMP-079,Approved,Approved,Confirmed,Confirmed,Not verified,Not verified,authoritative/prompt/decision/standard/prior Approved requirement,"Approved (restates KBDL-CMP-071 and the already-adopted WCAG 2.2 SC 2.1.2 No Keyboard Trap, applied to the definition of modality itself — this is the ""modal integrity"" rule)",components-system.md §10–§12,components-system.md §10–§12,components-system.md §10–§12,"Manual focus-containment, keyboard, and ARIA-relationship review once implemented; project-owner review of the Recommended subset (not yet performed)",Not verified — no implementation exists yet,KBDL-CMP-083 additionally notes that navigation-drawer use remains bound by the unapproved KBDL-CMP-041 (KBDL-007) regardless of this item's own approval,None — Approved,None,PASS,None
KBDL-CMP-080,Recommended,Recommended,Assumed,Assumed,Not applicable,Not applicable,authoritative/prompt/decision/standard/prior Approved requirement,Recommended (new component-level sizing and nesting policy),components-system.md §10–§12,components-system.md §10–§12,components-system.md §10–§12,"Manual focus-containment, keyboard, and ARIA-relationship review once implemented; project-owner review of the Recommended subset (not yet performed)",Not verified — no implementation exists yet,KBDL-CMP-083 additionally notes that navigation-drawer use remains bound by the unapproved KBDL-CMP-041 (KBDL-007) regardless of this item's own approval,components-system.md — 33.2 Recommended Decisions — Ready for Approval — item 17; components-system.md — 33.2 Recommended Decisions — Ready for Approval — item 6; components-system.md — 33.2 Recommended Decisions — Ready for Approval — item 8,None,PASS,None
KBDL-CMP-081,Approved,Approved,Confirmed,Confirmed,Not verified,Not verified,authoritative/prompt/decision/standard/prior Approved requirement,Approved (restates the adopted WAI-ARIA 1.2 alertdialog role definition),components-system.md §10–§12,components-system.md §10–§12,components-system.md §10–§12,"Manual focus-containment, keyboard, and ARIA-relationship review once implemented; project-owner review of the Recommended subset (not yet performed)",Not verified — no implementation exists yet,KBDL-CMP-083 additionally notes that navigation-drawer use remains bound by the unapproved KBDL-CMP-041 (KBDL-007) regardless of this item's own approval,None — Approved,None,PASS,None
KBDL-CMP-082,Approved,Approved,Confirmed,Confirmed,Not applicable,Not applicable,authoritative/prompt/decision/standard/prior Approved requirement,"Approved (scope-control requirement, restates KBDL-CMP-005/KBDL-CMP-052)",components-system.md §10–§12,components-system.md §10–§12,components-system.md §10–§12,"Manual focus-containment, keyboard, and ARIA-relationship review once implemented; project-owner review of the Recommended subset (not yet performed)",Not verified — no implementation exists yet,KBDL-CMP-083 additionally notes that navigation-drawer use remains bound by the unapproved KBDL-CMP-041 (KBDL-007) regardless of this item's own approval,None — Approved,None,PASS,None
KBDL-CMP-083,Recommended,Recommended,Assumed,Assumed,Not applicable,Not applicable,authoritative/prompt/decision/standard/prior Approved requirement,Recommended (new component-level taxonomy),components-system.md §10–§12,components-system.md §10–§12,components-system.md §10–§12,"Manual focus-containment, keyboard, and ARIA-relationship review once implemented; project-owner review of the Recommended subset (not yet performed)",Not verified — no implementation exists yet,KBDL-CMP-083 additionally notes that navigation-drawer use remains bound by the unapproved KBDL-CMP-041 (KBDL-007) regardless of this item's own approval,components-system.md — 33.2 Recommended Decisions — Ready for Approval — item 7,None,PASS,None
KBDL-CMP-084,Approved,Approved,Confirmed,Confirmed,Not verified,Not verified,authoritative/prompt/decision/standard/prior Approved requirement,"Approved (dictated outcome of the already-adopted WCAG 2.2 SC 2.4.3 Focus Order and SC 2.1.2 No Keyboard Trap applied to nested layered content — not a new policy choice, since any other outcome would create an indeterminate or trapped focus state)",components-system.md §10–§12,components-system.md §10–§12,components-system.md §10–§12,"Manual focus-containment, keyboard, and ARIA-relationship review once implemented; project-owner review of the Recommended subset (not yet performed)",Not verified — no implementation exists yet,KBDL-CMP-083 additionally notes that navigation-drawer use remains bound by the unapproved KBDL-CMP-041 (KBDL-007) regardless of this item's own approval,None — Approved,None,PASS,None
KBDL-CMP-085,Recommended,Recommended,Assumed,Assumed,Not applicable,Not applicable,authoritative/prompt/decision/standard/prior Approved requirement,Recommended (new component-level policy),components-system.md §10–§12,components-system.md §10–§12,components-system.md §10–§12,"Manual focus-containment, keyboard, and ARIA-relationship review once implemented; project-owner review of the Recommended subset (not yet performed)",Not verified — no implementation exists yet,KBDL-CMP-083 additionally notes that navigation-drawer use remains bound by the unapproved KBDL-CMP-041 (KBDL-007) regardless of this item's own approval,components-system.md — 33.2 Recommended Decisions — Ready for Approval — item 8,None,PASS,None
KBDL-CMP-086,Approved,Approved,Confirmed,Confirmed,Not verified,Not verified,authoritative/prompt/decision/standard/prior Approved requirement,Approved (restates KBDL-A11Y-031 and the adopted WAI-ARIA 1.2 live-region role definitions),components-system.md §13–§14,components-system.md §13–§14,components-system.md §13–§14,"Manual live-region, role, and content-classification review once implemented; project-owner review of KBDL-CMP-089/091 (not yet performed)",Not verified — no implementation exists yet,Implementation-dependent,None — Approved,None,PASS,None
KBDL-CMP-087,Approved,Approved,Confirmed,Confirmed,Not verified,Not verified,authoritative/prompt/decision/standard/prior Approved requirement,Approved (restates KBDL-CMP-004's already- Approved state-clarity rule and the adopted WCAG 2.2 SC 1.4.1 Use of Color),components-system.md §13–§14,components-system.md §13–§14,components-system.md §13–§14,"Manual live-region, role, and content-classification review once implemented; project-owner review of KBDL-CMP-089/091 (not yet performed)",Not verified — no implementation exists yet,Implementation-dependent,None — Approved,None,PASS,None
KBDL-CMP-088,Approved,Approved,Confirmed,Confirmed,Not verified,Not verified,authoritative/prompt/decision/standard/prior Approved requirement,"""important, time-sensitive messages"" and ""must not move focus by default"" restate the adopted WAI-ARIA 1.2 alert role definition, which specifies an assertive live region for important, time-sensitive information without describing any inherent focus-moving behavior. ""Must not be used for routine or successful updates"" is not itself dictated by the ARIA alert role definition (which describes what the role announces, not which messages a component must avoid); this restriction is normative because the approved KBDL-008 prompt explicitly requires ""Do not use alert for every successful or routine update"" as a mandatory Alert constraint",components-system.md §13–§14,components-system.md §13–§14,components-system.md §13–§14,"Manual live-region, role, and content-classification review once implemented; project-owner review of KBDL-CMP-089/091 (not yet performed)",Not verified — no implementation exists yet,Implementation-dependent,None — Approved,None,PASS,None
KBDL-CMP-089,Recommended,Recommended,Assumed,Assumed,Not applicable,Not applicable,authoritative/prompt/decision/standard/prior Approved requirement,Recommended (new component-level taxonomy),components-system.md §13–§14,components-system.md §13–§14,components-system.md §13–§14,"Manual live-region, role, and content-classification review once implemented; project-owner review of KBDL-CMP-089/091 (not yet performed)",Not verified — no implementation exists yet,Implementation-dependent,components-system.md — 33.2 Recommended Decisions — Ready for Approval — item 9,None,PASS,None
KBDL-CMP-090,Approved,Approved,Confirmed,Confirmed,Not verified,Not verified,authoritative/prompt/decision/standard/prior Approved requirement,"""sensitive information must not be exposed"" extends the existing KBDL security-safe-disclosure principle, components-core.md §37. ""Critical information must not be presented only in a transient toast without a persistent path"" and ""must not move focus to itself by default"" are not directly dictated by WCAG 2.2 SC 2.2.1 Timing Adjustable (which governs user-adjustable time limits on content generally, not the specific toast/persistent-path pattern) or by KBDL-A11Y-031 (which requires programmatic determinability, not a persistence guarantee); these two clauses are normative because the approved KBDL-008 prompt explicitly lists both as mandatory Toast/Snackbar ""Do not"" constraints. SC 2.2.1's adjustable-timing principle is cited as supporting rationale, not as the direct source of the persistent-path requirement",components-system.md §13–§14,components-system.md §13–§14,components-system.md §13–§14,"Manual live-region, role, and content-classification review once implemented; project-owner review of KBDL-CMP-089/091 (not yet performed)",Not verified — no implementation exists yet,Implementation-dependent,None — Approved,None,PASS,None
KBDL-CMP-091,Recommended,Recommended,Assumed,Assumed,Not applicable,Not applicable,authoritative/prompt/decision/standard/prior Approved requirement,Recommended (new component-level timing and queueing policy),components-system.md §13–§14,components-system.md §13–§14,components-system.md §13–§14,"Manual live-region, role, and content-classification review once implemented; project-owner review of KBDL-CMP-089/091 (not yet performed)",Not verified — no implementation exists yet,Implementation-dependent,components-system.md — 33.2 Recommended Decisions — Ready for Approval — item 10,None,PASS,None
KBDL-CMP-092,Approved,Approved,Confirmed,Confirmed,Not verified,Not verified,authoritative/prompt/decision/standard/prior Approved requirement,Approved (restates KBDL-A11Y-031 and the adopted WAI-ARIA 1.2 status/log role and aria-live/aria-atomic definitions),components-system.md §13–§14,components-system.md §13–§14,components-system.md §13–§14,"Manual live-region, role, and content-classification review once implemented; project-owner review of KBDL-CMP-089/091 (not yet performed)",Not verified — no implementation exists yet,Implementation-dependent,None — Approved,None,PASS,None
KBDL-CMP-093,Approved,Approved,Confirmed,Confirmed,Not verified,Not verified,authoritative/prompt/decision/standard/prior Approved requirement,"Approved (restates the adopted WCAG 2.2 SC 1.1.1 Non-text Content and SC 4.1.2 Name, Role, Value)",components-system.md §13–§14,components-system.md §13–§14,components-system.md §13–§14,"Manual live-region, role, and content-classification review once implemented; project-owner review of KBDL-CMP-089/091 (not yet performed)",Not verified — no implementation exists yet,Implementation-dependent,None — Approved,None,PASS,None
KBDL-CMP-094,Approved,Approved,Confirmed,Confirmed,Not verified,Not verified,authoritative/prompt/decision/standard/prior Approved requirement,Approved (restates the adopted WAI-ARIA 1.2 progressbar role definition and native <progress> semantics),components-system.md §13–§14,components-system.md §13–§14,components-system.md §13–§14,"Manual live-region, role, and content-classification review once implemented; project-owner review of KBDL-CMP-089/091 (not yet performed)",Not verified — no implementation exists yet,Implementation-dependent,None — Approved,None,PASS,None
KBDL-CMP-095,Approved,Approved,Confirmed,Confirmed,Not verified,Not verified,authoritative/prompt/decision/standard/prior Approved requirement,Approved (restates the adopted WAI-ARIA 1.2 meter role definition and native <meter> semantics),components-system.md §13–§14,components-system.md §13–§14,components-system.md §13–§14,"Manual live-region, role, and content-classification review once implemented; project-owner review of KBDL-CMP-089/091 (not yet performed)",Not verified — no implementation exists yet,Implementation-dependent,None — Approved,None,PASS,None
KBDL-CMP-096,Approved,Approved,Confirmed,Confirmed,Not verified,Not verified,authoritative/prompt/decision/standard/prior Approved requirement,"""hidden from assistive technology as decorative"" restates the adopted WAI-ARIA 1.2 aria-hidden semantics for purely decorative content. ""An equivalent loading announcement must be available through a separate status mechanism"" restates KBDL-A11Y-031. ""Must not expose meaningless placeholder shapes as if they were content"" is not itself dictated by either of those sources; it is normative because the approved KBDL-008 prompt explicitly requires ""Decorative accessibility treatment"" and ""Equivalent loading announcement"" as mandatory Skeleton fields, which together imply placeholder shapes must not be presented as meaningful content",components-system.md §13–§14,components-system.md §13–§14,components-system.md §13–§14,"Manual live-region, role, and content-classification review once implemented; project-owner review of KBDL-CMP-089/091 (not yet performed)",Not verified — no implementation exists yet,Implementation-dependent,None — Approved,None,PASS,None
KBDL-CMP-097,Approved,Approved,Confirmed,Confirmed,Not verified,Not verified,authoritative/prompt/decision/standard/prior Approved requirement,"Approved (restates KBDL-A11Y-031 and the locked component-state-clarity rule, principles.md §5.1)","components-system.md §15–§19, §23, §24","components-system.md §15–§19, §23, §24","components-system.md §15–§19, §23, §24",Manual review once implemented; project-owner review of the Recommended subset (not yet performed),Not verified — no implementation exists yet,KBDL-CMP-105 additionally cites the unapproved KBDL-RSP-011 as related context; KBDL-CMP-111 additionally depends on the eventual KBDL-RSP-002 value for its exact trigger point,None — Approved,None,PASS,None
KBDL-CMP-098,Approved,Approved,Confirmed,Confirmed,Not verified,Not verified,authoritative/prompt/decision/standard/prior Approved requirement,"Approved (extends the already-Approved KBDL-007 submit-loading/duplicate-submission-prevention contract, components-core.md §23, to the surface-level loading indicator); project-owner-approved KBDL-007/008 implementation prompt",components-system.md §13–§14,components-system.md §13–§14,components-system.md §13–§14,"Manual live-region, role, and content-classification review once implemented; project-owner review of KBDL-CMP-089/091 (not yet performed)",Not verified — no implementation exists yet,Implementation-dependent,None — Approved,None,PASS,None
KBDL-CMP-099,Recommended,Recommended,Assumed,Assumed,Not applicable,Not applicable,authoritative/prompt/decision/standard/prior Approved requirement,Recommended (new component-level taxonomy),"components-system.md §15–§19, §23, §24","components-system.md §15–§19, §23, §24","components-system.md §15–§19, §23, §24",Manual review once implemented; project-owner review of the Recommended subset (not yet performed),Not verified — no implementation exists yet,KBDL-CMP-105 additionally cites the unapproved KBDL-RSP-011 as related context; KBDL-CMP-111 additionally depends on the eventual KBDL-RSP-002 value for its exact trigger point,components-system.md — 33.2 Recommended Decisions — Ready for Approval — item 11,None,PASS,None
KBDL-CMP-100,Approved,Approved,Confirmed,Confirmed,Not verified,Not verified,authoritative/prompt/decision/standard/prior Approved requirement,"this requirement is normative because the approved KBDL-008 prompt explicitly requires ""Preservation of entered criteria"" as a mandatory No-Results State field. WCAG 2.2 SC 3.3.7 Redundant Entry (which prohibits requiring re-entry of information already supplied earlier in the same process) is cited as supporting rationale by analogy, not as a direct restatement — SC 3.3.7 governs multi-step process re-entry generally and does not by itself mandate preserving search/filter state specifically on a no-results result","components-system.md §15–§19, §23, §24","components-system.md §15–§19, §23, §24","components-system.md §15–§19, §23, §24",Manual review once implemented; project-owner review of the Recommended subset (not yet performed),Not verified — no implementation exists yet,KBDL-CMP-105 additionally cites the unapproved KBDL-RSP-011 as related context; KBDL-CMP-111 additionally depends on the eventual KBDL-RSP-002 value for its exact trigger point,None — Approved,None,PASS,None
KBDL-CMP-101,Approved,Approved,Confirmed,Confirmed,Not verified,Not verified,authoritative/prompt/decision/standard/prior Approved requirement,"that an error must be identified and described restates the already-adopted WCAG 2.2 SC 3.3.1 Error Identification, which requires errors be identified and described in text, but does not itself require classifying an error as ""recoverable or blocking"" or specifying a ""retry or alternative action"" — SC 3.3.1 governs identification, not remediation-path taxonomy. The recoverable/blocking classification and the retry/alternative-action requirement are normative because the approved KBDL-008 prompt explicitly requires ""Recoverable versus blocking error,"" ""Retry,"" and ""Alternative action"" as mandatory Error State fields, consistent with the already-Approved Technical Utility recovery-support principle, principles.md §3. The prohibition on exposing stack traces, internal exception details, credentials, or private data restates KBDL-CMP-064","components-system.md §15–§19, §23, §24","components-system.md §15–§19, §23, §24","components-system.md §15–§19, §23, §24",Manual review once implemented; project-owner review of the Recommended subset (not yet performed),Not verified — no implementation exists yet,KBDL-CMP-105 additionally cites the unapproved KBDL-RSP-011 as related context; KBDL-CMP-111 additionally depends on the eventual KBDL-RSP-002 value for its exact trigger point,None — Approved,None,PASS,None
KBDL-CMP-102,Recommended,Recommended,Assumed,Assumed,Not applicable,Not applicable,authoritative/prompt/decision/standard/prior Approved requirement,Recommended (new component-level taxonomy),"components-system.md §15–§19, §23, §24","components-system.md §15–§19, §23, §24","components-system.md §15–§19, §23, §24",Manual review once implemented; project-owner review of the Recommended subset (not yet performed),Not verified — no implementation exists yet,KBDL-CMP-105 additionally cites the unapproved KBDL-RSP-011 as related context; KBDL-CMP-111 additionally depends on the eventual KBDL-RSP-002 value for its exact trigger point,components-system.md — 33.2 Recommended Decisions — Ready for Approval — item 12,None,PASS,None
KBDL-CMP-103,Approved,Approved,Confirmed,Confirmed,Not verified,Not verified,authoritative/prompt/decision/standard/prior Approved requirement,"Approved (extends the already-Approved KBDL correctness/safety principle, principles.md §4 item 1, and the existing KBDL-007 form-recovery data-preservation pattern); project-owner-approved KBDL-007/008 implementation prompt","components-system.md §15–§19, §23, §24","components-system.md §15–§19, §23, §24","components-system.md §15–§19, §23, §24",Manual review once implemented; project-owner review of the Recommended subset (not yet performed),Not verified — no implementation exists yet,KBDL-CMP-105 additionally cites the unapproved KBDL-RSP-011 as related context; KBDL-CMP-111 additionally depends on the eventual KBDL-RSP-002 value for its exact trigger point,None — Approved,None,PASS,None
KBDL-CMP-104,Approved,Approved,Confirmed,Confirmed,Not verified,Not verified,authoritative/prompt/decision/standard/prior Approved requirement,"Approved (extends the existing KBDL security principle already established in components-core.md §37, ""a disabled button is not access control""); project-owner-approved KBDL-007/008 implementation prompt","components-system.md §15–§19, §23, §24","components-system.md §15–§19, §23, §24","components-system.md §15–§19, §23, §24",Manual review once implemented; project-owner review of the Recommended subset (not yet performed),Not verified — no implementation exists yet,KBDL-CMP-105 additionally cites the unapproved KBDL-RSP-011 as related context; KBDL-CMP-111 additionally depends on the eventual KBDL-RSP-002 value for its exact trigger point,None — Approved,None,PASS,None
KBDL-CMP-105,Recommended,Recommended,Assumed,Assumed,Not applicable,Not applicable,authoritative/prompt/decision/standard/prior Approved requirement,Recommended (new component-level threshold and interaction model; the APG grid pattern is not automatically Approved),"components-system.md §15–§19, §23, §24","components-system.md §15–§19, §23, §24","components-system.md §15–§19, §23, §24",Manual review once implemented; project-owner review of the Recommended subset (not yet performed),Not verified — no implementation exists yet,KBDL-CMP-105 additionally cites the unapproved KBDL-RSP-011 as related context; KBDL-CMP-111 additionally depends on the eventual KBDL-RSP-002 value for its exact trigger point,components-system.md — 33.2 Recommended Decisions — Ready for Approval — item 13; components-system.md — 33.2 Recommended Decisions — Ready for Approval — item 14,None,PASS,None
KBDL-CMP-106,Recommended,Recommended,Assumed,Assumed,Not applicable,Not applicable,authoritative/prompt/decision/standard/prior Approved requirement,Recommended (new component-level threshold and interaction model; the APG tree pattern is not automatically Approved),"components-system.md §15–§19, §23, §24","components-system.md §15–§19, §23, §24","components-system.md §15–§19, §23, §24",Manual review once implemented; project-owner review of the Recommended subset (not yet performed),Not verified — no implementation exists yet,KBDL-CMP-105 additionally cites the unapproved KBDL-RSP-011 as related context; KBDL-CMP-111 additionally depends on the eventual KBDL-RSP-002 value for its exact trigger point,components-system.md — 33.2 Recommended Decisions — Ready for Approval — item 14,None,PASS,None
KBDL-CMP-107,Approved,Approved,Confirmed,Confirmed,Not verified,Not verified,authoritative/prompt/decision/standard/prior Approved requirement,Approved (restates the already-adopted WCAG 2.2 SC 2.2.2),"components-system.md §15–§19, §23, §24","components-system.md §15–§19, §23, §24","components-system.md §15–§19, §23, §24",Manual review once implemented; project-owner review of the Recommended subset (not yet performed),Not verified — no implementation exists yet,KBDL-CMP-105 additionally cites the unapproved KBDL-RSP-011 as related context; KBDL-CMP-111 additionally depends on the eventual KBDL-RSP-002 value for its exact trigger point,None — Approved,None,PASS,None
KBDL-CMP-108,Recommended,Recommended,Assumed,Assumed,Not applicable,Not applicable,authoritative/prompt/decision/standard/prior Approved requirement,Recommended (new component-level policy),"components-system.md §15–§19, §23, §24","components-system.md §15–§19, §23, §24","components-system.md §15–§19, §23, §24",Manual review once implemented; project-owner review of the Recommended subset (not yet performed),Not verified — no implementation exists yet,KBDL-CMP-105 additionally cites the unapproved KBDL-RSP-011 as related context; KBDL-CMP-111 additionally depends on the eventual KBDL-RSP-002 value for its exact trigger point,components-system.md — 33.2 Recommended Decisions — Ready for Approval — item 15,None,PASS,None
KBDL-CMP-109,Approved,Approved,Confirmed,Confirmed,Not verified,Not verified,authoritative/prompt/decision/standard/prior Approved requirement,"Approved (restates the already-adopted WCAG 2.2 SC 1.4.1 Use of Color, SC 1.3.1 Info and Relationships, and SC 2.1.1 Keyboard, applied to chart content, using the existing approved Data-display roles rather than inventing new ones)","components-system.md §15–§19, §23, §24","components-system.md §15–§19, §23, §24","components-system.md §15–§19, §23, §24",Manual review once implemented; project-owner review of the Recommended subset (not yet performed),Not verified — no implementation exists yet,KBDL-CMP-105 additionally cites the unapproved KBDL-RSP-011 as related context; KBDL-CMP-111 additionally depends on the eventual KBDL-RSP-002 value for its exact trigger point,None — Approved,None,PASS,None
KBDL-CMP-110,Recommended,Recommended,Assumed,Assumed,Not applicable,Not applicable,authoritative/prompt/decision/standard/prior Approved requirement,Recommended (new component-level taxonomy and interaction model),"components-system.md §15–§19, §23, §24","components-system.md §15–§19, §23, §24","components-system.md §15–§19, §23, §24",Manual review once implemented; project-owner review of the Recommended subset (not yet performed),Not verified — no implementation exists yet,KBDL-CMP-105 additionally cites the unapproved KBDL-RSP-011 as related context; KBDL-CMP-111 additionally depends on the eventual KBDL-RSP-002 value for its exact trigger point,components-system.md — 33.2 Recommended Decisions — Ready for Approval — item 16,None,PASS,None
KBDL-CMP-111,Recommended,Recommended,Assumed,Assumed,Not applicable,Not applicable,authoritative/prompt/decision/standard/prior Approved requirement,"Recommended (new component-level transformation policy; the exact trigger point depends on the eventual approved KBDL-RSP-002 breakpoint values, cited here only as related context, not as authority)","components-system.md §15–§19, §23, §24","components-system.md §15–§19, §23, §24","components-system.md §15–§19, §23, §24",Manual review once implemented; project-owner review of the Recommended subset (not yet performed),Not verified — no implementation exists yet,KBDL-CMP-105 additionally cites the unapproved KBDL-RSP-011 as related context; KBDL-CMP-111 additionally depends on the eventual KBDL-RSP-002 value for its exact trigger point,components-system.md — 33.2 Recommended Decisions — Ready for Approval — item 17,None,PASS,None
KBDL-CUS-001,Approved,Approved,Confirmed,Confirmed,Not verified,Not verified,authoritative/prompt/decision/standard/prior Approved requirement,KBDL-DEC-004 plus the mandatory KBDL-010 prompt,001 → §1; 002 → §5; 003 → §6; 004 → §12; 005 → §24; 006 → §26; 007 → §27; 008 → §7; 009 → §8; 010 → §11; 011 → §10 and §14; 012 → §15,001 → §1; 002 → §5; 003 → §6; 004 → §12; 005 → §24; 006 → §26; 007 → §27; 008 → §7; 009 → §8; 010 → §11; 011 → §10 and §14; 012 → §15,001 → §1; 002 → §5; 003 → §6; 004 → §12; 005 → §24; 006 → §26; 007 → §27; 008 → §7; 009 → §8; 010 → §11; 011 → §10 and §14; 012 → §15,"Per-ID record, authority, classification, workflow, field, impact, proposal, exception, history, or rollback audit; evidence Not verified because no project customization exists",Not verified — validation method has not been executed,Exact local operational policies remain Recommended; implementation behavior is absent,None — Approved,None,PASS,None
KBDL-CUS-002,Approved,Approved,Confirmed,Confirmed,Not verified,Not verified,authoritative/prompt/decision/standard/prior Approved requirement,KBDL lifecycle conventions and mandatory KBDL-010 prompt; project-owner-approved KBDL-010 implementation prompt,001 → §1; 002 → §5; 003 → §6; 004 → §12; 005 → §24; 006 → §26; 007 → §27; 008 → §7; 009 → §8; 010 → §11; 011 → §10 and §14; 012 → §15,001 → §1; 002 → §5; 003 → §6; 004 → §12; 005 → §24; 006 → §26; 007 → §27; 008 → §7; 009 → §8; 010 → §11; 011 → §10 and §14; 012 → §15,001 → §1; 002 → §5; 003 → §6; 004 → §12; 005 → §24; 006 → §26; 007 → §27; 008 → §7; 009 → §8; 010 → §11; 011 → §10 and §14; 012 → §15,"Per-ID record, authority, classification, workflow, field, impact, proposal, exception, history, or rollback audit; evidence Not verified because no project customization exists",Not verified — validation method has not been executed,Exact local operational policies remain Recommended; implementation behavior is absent,None — Approved,None,PASS,None
KBDL-CUS-003,Approved,Approved,Confirmed,Confirmed,Not verified,Not verified,authoritative/prompt/decision/standard/prior Approved requirement,Mandatory KBDL-010 classification model; project-owner-approved KBDL-010 implementation prompt,001 → §1; 002 → §5; 003 → §6; 004 → §12; 005 → §24; 006 → §26; 007 → §27; 008 → §7; 009 → §8; 010 → §11; 011 → §10 and §14; 012 → §15,001 → §1; 002 → §5; 003 → §6; 004 → §12; 005 → §24; 006 → §26; 007 → §27; 008 → §7; 009 → §8; 010 → §11; 011 → §10 and §14; 012 → §15,001 → §1; 002 → §5; 003 → §6; 004 → §12; 005 → §24; 006 → §26; 007 → §27; 008 → §7; 009 → §8; 010 → §11; 011 → §10 and §14; 012 → §15,"Per-ID record, authority, classification, workflow, field, impact, proposal, exception, history, or rollback audit; evidence Not verified because no project customization exists",Not verified — validation method has not been executed,Exact local operational policies remain Recommended; implementation behavior is absent,None — Approved,None,PASS,None
KBDL-CUS-004,Approved,Approved,Confirmed,Confirmed,Not verified,Not verified,authoritative/prompt/decision/standard/prior Approved requirement,Mandatory KBDL-010 Class A rule and owning-module lifecycle rules; project-owner-approved KBDL-010 implementation prompt,001 → §1; 002 → §5; 003 → §6; 004 → §12; 005 → §24; 006 → §26; 007 → §27; 008 → §7; 009 → §8; 010 → §11; 011 → §10 and §14; 012 → §15,001 → §1; 002 → §5; 003 → §6; 004 → §12; 005 → §24; 006 → §26; 007 → §27; 008 → §7; 009 → §8; 010 → §11; 011 → §10 and §14; 012 → §15,001 → §1; 002 → §5; 003 → §6; 004 → §12; 005 → §24; 006 → §26; 007 → §27; 008 → §7; 009 → §8; 010 → §11; 011 → §10 and §14; 012 → §15,"Per-ID record, authority, classification, workflow, field, impact, proposal, exception, history, or rollback audit; evidence Not verified because no project customization exists",Not verified — validation method has not been executed,Exact local operational policies remain Recommended; implementation behavior is absent,None — Approved,None,PASS,None
KBDL-CUS-005,Approved,Approved,Confirmed,Confirmed,Not verified,Not verified,authoritative/prompt/decision/standard/prior Approved requirement,"KBDL-PRN-005, KBDL-PRO-005, and mandatory KBDL-010 prompt",001 → §1; 002 → §5; 003 → §6; 004 → §12; 005 → §24; 006 → §26; 007 → §27; 008 → §7; 009 → §8; 010 → §11; 011 → §10 and §14; 012 → §15,001 → §1; 002 → §5; 003 → §6; 004 → §12; 005 → §24; 006 → §26; 007 → §27; 008 → §7; 009 → §8; 010 → §11; 011 → §10 and §14; 012 → §15,001 → §1; 002 → §5; 003 → §6; 004 → §12; 005 → §24; 006 → §26; 007 → §27; 008 → §7; 009 → §8; 010 → §11; 011 → §10 and §14; 012 → §15,"Per-ID record, authority, classification, workflow, field, impact, proposal, exception, history, or rollback audit; evidence Not verified because no project customization exists",Not verified — validation method has not been executed,Exact local operational policies remain Recommended; implementation behavior is absent,None — Approved,None,PASS,None
KBDL-CUS-006,Approved,Approved,Confirmed,Confirmed,Not verified,Not verified,authoritative/prompt/decision/standard/prior Approved requirement,KBDL governance plus mandatory KBDL-010 Classes C and D; project-owner-approved KBDL-010 implementation prompt,001 → §1; 002 → §5; 003 → §6; 004 → §12; 005 → §24; 006 → §26; 007 → §27; 008 → §7; 009 → §8; 010 → §11; 011 → §10 and §14; 012 → §15,001 → §1; 002 → §5; 003 → §6; 004 → §12; 005 → §24; 006 → §26; 007 → §27; 008 → §7; 009 → §8; 010 → §11; 011 → §10 and §14; 012 → §15,001 → §1; 002 → §5; 003 → §6; 004 → §12; 005 → §24; 006 → §26; 007 → §27; 008 → §7; 009 → §8; 010 → §11; 011 → §10 and §14; 012 → §15,"Per-ID record, authority, classification, workflow, field, impact, proposal, exception, history, or rollback audit; evidence Not verified because no project customization exists",Not verified — validation method has not been executed,Exact local operational policies remain Recommended; implementation behavior is absent,None — Approved,None,PASS,None
KBDL-CUS-007,Approved,Approved,Confirmed,Confirmed,Not verified,Not verified,authoritative/prompt/decision/standard/prior Approved requirement,"KBDL-GOV-002, governance exception process, and mandatory KBDL-010 Classes E/F",001 → §1; 002 → §5; 003 → §6; 004 → §12; 005 → §24; 006 → §26; 007 → §27; 008 → §7; 009 → §8; 010 → §11; 011 → §10 and §14; 012 → §15,001 → §1; 002 → §5; 003 → §6; 004 → §12; 005 → §24; 006 → §26; 007 → §27; 008 → §7; 009 → §8; 010 → §11; 011 → §10 and §14; 012 → §15,001 → §1; 002 → §5; 003 → §6; 004 → §12; 005 → §24; 006 → §26; 007 → §27; 008 → §7; 009 → §8; 010 → §11; 011 → §10 and §14; 012 → §15,"Per-ID record, authority, classification, workflow, field, impact, proposal, exception, history, or rollback audit; evidence Not verified because no project customization exists",Not verified — validation method has not been executed,Exact local operational policies remain Recommended; implementation behavior is absent,None — Approved,None,PASS,None
KBDL-CUS-008,Approved,Approved,Confirmed,Confirmed,Not verified,Not verified,authoritative/prompt/decision/standard/prior Approved requirement,Mandatory KBDL-010 workflow; project-owner-approved KBDL-010 implementation prompt,001 → §1; 002 → §5; 003 → §6; 004 → §12; 005 → §24; 006 → §26; 007 → §27; 008 → §7; 009 → §8; 010 → §11; 011 → §10 and §14; 012 → §15,001 → §1; 002 → §5; 003 → §6; 004 → §12; 005 → §24; 006 → §26; 007 → §27; 008 → §7; 009 → §8; 010 → §11; 011 → §10 and §14; 012 → §15,001 → §1; 002 → §5; 003 → §6; 004 → §12; 005 → §24; 006 → §26; 007 → §27; 008 → §7; 009 → §8; 010 → §11; 011 → §10 and §14; 012 → §15,"Per-ID record, authority, classification, workflow, field, impact, proposal, exception, history, or rollback audit; evidence Not verified because no project customization exists",Not verified — validation method has not been executed,Exact local operational policies remain Recommended; implementation behavior is absent,None — Approved,None,PASS,None
KBDL-CUS-009,Approved,Approved,Confirmed,Confirmed,Not verified,Not verified,authoritative/prompt/decision/standard/prior Approved requirement,Mandatory KBDL-010 intake fields; project-owner-approved KBDL-010 implementation prompt,001 → §1; 002 → §5; 003 → §6; 004 → §12; 005 → §24; 006 → §26; 007 → §27; 008 → §7; 009 → §8; 010 → §11; 011 → §10 and §14; 012 → §15,001 → §1; 002 → §5; 003 → §6; 004 → §12; 005 → §24; 006 → §26; 007 → §27; 008 → §7; 009 → §8; 010 → §11; 011 → §10 and §14; 012 → §15,001 → §1; 002 → §5; 003 → §6; 004 → §12; 005 → §24; 006 → §26; 007 → §27; 008 → §7; 009 → §8; 010 → §11; 011 → §10 and §14; 012 → §15,"Per-ID record, authority, classification, workflow, field, impact, proposal, exception, history, or rollback audit; evidence Not verified because no project customization exists",Not verified — validation method has not been executed,Exact local operational policies remain Recommended; implementation behavior is absent,None — Approved,None,PASS,None
KBDL-CUS-010,Approved,Approved,Confirmed,Confirmed,Not verified,Not verified,authoritative/prompt/decision/standard/prior Approved requirement,"KBDL-DEC-004, conventions, and mandatory KBDL-010 record fields",001 → §1; 002 → §5; 003 → §6; 004 → §12; 005 → §24; 006 → §26; 007 → §27; 008 → §7; 009 → §8; 010 → §11; 011 → §10 and §14; 012 → §15,001 → §1; 002 → §5; 003 → §6; 004 → §12; 005 → §24; 006 → §26; 007 → §27; 008 → §7; 009 → §8; 010 → §11; 011 → §10 and §14; 012 → §15,001 → §1; 002 → §5; 003 → §6; 004 → §12; 005 → §24; 006 → §26; 007 → §27; 008 → §7; 009 → §8; 010 → §11; 011 → §10 and §14; 012 → §15,"Per-ID record, authority, classification, workflow, field, impact, proposal, exception, history, or rollback audit; evidence Not verified because no project customization exists",Not verified — validation method has not been executed,Exact local operational policies remain Recommended; implementation behavior is absent,None — Approved,None,PASS,None
KBDL-CUS-011,Approved,Approved,Confirmed,Confirmed,Not verified,Not verified,authoritative/prompt/decision/standard/prior Approved requirement,Mandatory KBDL-010 impact and evidence clauses; project-owner-approved KBDL-010 implementation prompt,001 → §1; 002 → §5; 003 → §6; 004 → §12; 005 → §24; 006 → §26; 007 → §27; 008 → §7; 009 → §8; 010 → §11; 011 → §10 and §14; 012 → §15,001 → §1; 002 → §5; 003 → §6; 004 → §12; 005 → §24; 006 → §26; 007 → §27; 008 → §7; 009 → §8; 010 → §11; 011 → §10 and §14; 012 → §15,001 → §1; 002 → §5; 003 → §6; 004 → §12; 005 → §24; 006 → §26; 007 → §27; 008 → §7; 009 → §8; 010 → §11; 011 → §10 and §14; 012 → §15,"Per-ID record, authority, classification, workflow, field, impact, proposal, exception, history, or rollback audit; evidence Not verified because no project customization exists",Not verified — validation method has not been executed,Exact local operational policies remain Recommended; implementation behavior is absent,None — Approved,None,PASS,None
KBDL-CUS-012,Approved,Approved,Confirmed,Confirmed,Not verified,Not verified,authoritative/prompt/decision/standard/prior Approved requirement,Mandatory KBDL-010 change and rollback clauses; project-owner-approved KBDL-010 implementation prompt,001 → §1; 002 → §5; 003 → §6; 004 → §12; 005 → §24; 006 → §26; 007 → §27; 008 → §7; 009 → §8; 010 → §11; 011 → §10 and §14; 012 → §15,001 → §1; 002 → §5; 003 → §6; 004 → §12; 005 → §24; 006 → §26; 007 → §27; 008 → §7; 009 → §8; 010 → §11; 011 → §10 and §14; 012 → §15,001 → §1; 002 → §5; 003 → §6; 004 → §12; 005 → §24; 006 → §26; 007 → §27; 008 → §7; 009 → §8; 010 → §11; 011 → §10 and §14; 012 → §15,"Per-ID record, authority, classification, workflow, field, impact, proposal, exception, history, or rollback audit; evidence Not verified because no project customization exists",Not verified — validation method has not been executed,Exact local operational policies remain Recommended; implementation behavior is absent,None — Approved,None,PASS,None
KBDL-CUS-013,Approved,Approved,Confirmed,Confirmed,Not verified,Not verified,authoritative/prompt/decision/standard/prior Approved requirement,Approved foundation requirements plus mandatory KBDL-010 boundary; project-owner-approved KBDL-010 implementation prompt,013 → §16; 014 → §17; 015 → §18; 016 → §19; 017 → §20; 018 → §21; 019 → §22; 020 → §23; 021 → §25; 022 → §13,013 → §16; 014 → §17; 015 → §18; 016 → §19; 017 → §20; 018 → §21; 019 → §22; 020 → §23; 021 → §25; 022 → §13,013 → §16; 014 → §17; 015 → §18; 016 → §19; 017 → §20; 018 → §21; 019 → §22; 020 → §23; 021 → §25; 022 → §13,"Owning-module value, parity, safety, outcome, WCAG, component-contract, invariant, security, or handoff audit; evidence Not verified",Not verified — validation method has not been executed,No project implementation exists; every listed earlier recommendation remains excluded,None — Approved,None,PASS,None
KBDL-CUS-014,Approved,Approved,Confirmed,Confirmed,Not verified,Not verified,authoritative/prompt/decision/standard/prior Approved requirement,"Approved KBDL-THM-003, 005, 006, 013, 014 plus mandatory KBDL-010 boundary",013 → §16; 014 → §17; 015 → §18; 016 → §19; 017 → §20; 018 → §21; 019 → §22; 020 → §23; 021 → §25; 022 → §13,013 → §16; 014 → §17; 015 → §18; 016 → §19; 017 → §20; 018 → §21; 019 → §22; 020 → §23; 021 → §25; 022 → §13,013 → §16; 014 → §17; 015 → §18; 016 → §19; 017 → §20; 018 → §21; 019 → §22; 020 → §23; 021 → §25; 022 → §13,"Owning-module value, parity, safety, outcome, WCAG, component-contract, invariant, security, or handoff audit; evidence Not verified",Not verified — validation method has not been executed,No project implementation exists; every listed earlier recommendation remains excluded,None — Approved,None,PASS,None
KBDL-CUS-015,Approved,Approved,Confirmed,Confirmed,Not verified,Not verified,authoritative/prompt/decision/standard/prior Approved requirement,Approved motion requirements plus mandatory KBDL-010 boundary; project-owner-approved KBDL-010 implementation prompt,013 → §16; 014 → §17; 015 → §18; 016 → §19; 017 → §20; 018 → §21; 019 → §22; 020 → §23; 021 → §25; 022 → §13,013 → §16; 014 → §17; 015 → §18; 016 → §19; 017 → §20; 018 → §21; 019 → §22; 020 → §23; 021 → §25; 022 → §13,013 → §16; 014 → §17; 015 → §18; 016 → §19; 017 → §20; 018 → §21; 019 → §22; 020 → §23; 021 → §25; 022 → §13,"Owning-module value, parity, safety, outcome, WCAG, component-contract, invariant, security, or handoff audit; evidence Not verified",Not verified — validation method has not been executed,No project implementation exists; every listed earlier recommendation remains excluded,None — Approved,None,PASS,None
KBDL-CUS-016,Approved,Approved,Confirmed,Confirmed,Not verified,Not verified,authoritative/prompt/decision/standard/prior Approved requirement,Approved responsive requirements plus mandatory KBDL-010 boundary; project-owner-approved KBDL-010 implementation prompt,013 → §16; 014 → §17; 015 → §18; 016 → §19; 017 → §20; 018 → §21; 019 → §22; 020 → §23; 021 → §25; 022 → §13,013 → §16; 014 → §17; 015 → §18; 016 → §19; 017 → §20; 018 → §21; 019 → §22; 020 → §23; 021 → §25; 022 → §13,013 → §16; 014 → §17; 015 → §18; 016 → §19; 017 → §20; 018 → §21; 019 → §22; 020 → §23; 021 → §25; 022 → §13,"Owning-module value, parity, safety, outcome, WCAG, component-contract, invariant, security, or handoff audit; evidence Not verified",Not verified — validation method has not been executed,No project implementation exists; every listed earlier recommendation remains excluded,None — Approved,None,PASS,None
KBDL-CUS-017,Approved,Approved,Confirmed,Confirmed,Not verified,Not verified,authoritative/prompt/decision/standard/prior Approved requirement,"KBDL-GOV-002, Approved accessibility requirements, and mandatory KBDL-010 boundary",013 → §16; 014 → §17; 015 → §18; 016 → §19; 017 → §20; 018 → §21; 019 → §22; 020 → §23; 021 → §25; 022 → §13,013 → §16; 014 → §17; 015 → §18; 016 → §19; 017 → §20; 018 → §21; 019 → §22; 020 → §23; 021 → §25; 022 → §13,013 → §16; 014 → §17; 015 → §18; 016 → §19; 017 → §20; 018 → §21; 019 → §22; 020 → §23; 021 → §25; 022 → §13,"Owning-module value, parity, safety, outcome, WCAG, component-contract, invariant, security, or handoff audit; evidence Not verified",Not verified — validation method has not been executed,No project implementation exists; every listed earlier recommendation remains excluded,None — Approved,None,PASS,None
KBDL-CUS-018,Approved,Approved,Confirmed,Confirmed,Not verified,Not verified,authoritative/prompt/decision/standard/prior Approved requirement,Approved KBDL-007 requirements plus mandatory KBDL-010 boundary; project-owner-approved KBDL-010 implementation prompt,013 → §16; 014 → §17; 015 → §18; 016 → §19; 017 → §20; 018 → §21; 019 → §22; 020 → §23; 021 → §25; 022 → §13,013 → §16; 014 → §17; 015 → §18; 016 → §19; 017 → §20; 018 → §21; 019 → §22; 020 → §23; 021 → §25; 022 → §13,013 → §16; 014 → §17; 015 → §18; 016 → §19; 017 → §20; 018 → §21; 019 → §22; 020 → §23; 021 → §25; 022 → §13,"Owning-module value, parity, safety, outcome, WCAG, component-contract, invariant, security, or handoff audit; evidence Not verified",Not verified — validation method has not been executed,No project implementation exists; every listed earlier recommendation remains excluded,None — Approved,None,PASS,None
KBDL-CUS-019,Approved,Approved,Confirmed,Confirmed,Not verified,Not verified,authoritative/prompt/decision/standard/prior Approved requirement,Approved KBDL-008 requirements plus mandatory KBDL-010 boundary; project-owner-approved KBDL-010 implementation prompt,013 → §16; 014 → §17; 015 → §18; 016 → §19; 017 → §20; 018 → §21; 019 → §22; 020 → §23; 021 → §25; 022 → §13,013 → §16; 014 → §17; 015 → §18; 016 → §19; 017 → §20; 018 → §21; 019 → §22; 020 → §23; 021 → §25; 022 → §13,013 → §16; 014 → §17; 015 → §18; 016 → §19; 017 → §20; 018 → §21; 019 → §22; 020 → §23; 021 → §25; 022 → §13,"Owning-module value, parity, safety, outcome, WCAG, component-contract, invariant, security, or handoff audit; evidence Not verified",Not verified — validation method has not been executed,No project implementation exists; every listed earlier recommendation remains excluded,None — Approved,None,PASS,None
KBDL-CUS-020,Approved,Approved,Confirmed,Confirmed,Not verified,Not verified,authoritative/prompt/decision/standard/prior Approved requirement,"Approved KBDL-PRO-001–008, 010–015, 019–026 plus mandatory KBDL-010 boundary",013 → §16; 014 → §17; 015 → §18; 016 → §19; 017 → §20; 018 → §21; 019 → §22; 020 → §23; 021 → §25; 022 → §13,013 → §16; 014 → §17; 015 → §18; 016 → §19; 017 → §20; 018 → §21; 019 → §22; 020 → §23; 021 → §25; 022 → §13,013 → §16; 014 → §17; 015 → §18; 016 → §19; 017 → §20; 018 → §21; 019 → §22; 020 → §23; 021 → §25; 022 → §13,"Owning-module value, parity, safety, outcome, WCAG, component-contract, invariant, security, or handoff audit; evidence Not verified",Not verified — validation method has not been executed,No project implementation exists; every listed earlier recommendation remains excluded,None — Approved,None,PASS,None
KBDL-CUS-021,Approved,Approved,Confirmed,Confirmed,Not verified,Not verified,authoritative/prompt/decision/standard/prior Approved requirement,Prior Approved security/correctness requirements plus mandatory KBDL-010 boundary; project-owner-approved KBDL-010 implementation prompt,013 → §16; 014 → §17; 015 → §18; 016 → §19; 017 → §20; 018 → §21; 019 → §22; 020 → §23; 021 → §25; 022 → §13,013 → §16; 014 → §17; 015 → §18; 016 → §19; 017 → §20; 018 → §21; 019 → §22; 020 → §23; 021 → §25; 022 → §13,013 → §16; 014 → §17; 015 → §18; 016 → §19; 017 → §20; 018 → §21; 019 → §22; 020 → §23; 021 → §25; 022 → §13,"Owning-module value, parity, safety, outcome, WCAG, component-contract, invariant, security, or handoff audit; evidence Not verified",Not verified — validation method has not been executed,No project implementation exists; every listed earlier recommendation remains excluded,None — Approved,None,PASS,None
KBDL-CUS-022,Approved,Approved,Confirmed,Confirmed,Not verified,Not verified,authoritative/prompt/decision/standard/prior Approved requirement,Mandatory KBDL-010 handoff and scope clauses; project-owner-approved KBDL-010 implementation prompt,013 → §16; 014 → §17; 015 → §18; 016 → §19; 017 → §20; 018 → §21; 019 → §22; 020 → §23; 021 → §25; 022 → §13,013 → §16; 014 → §17; 015 → §18; 016 → §19; 017 → §20; 018 → §21; 019 → §22; 020 → §23; 021 → §25; 022 → §13,013 → §16; 014 → §17; 015 → §18; 016 → §19; 017 → §20; 018 → §21; 019 → §22; 020 → §23; 021 → §25; 022 → §13,"Owning-module value, parity, safety, outcome, WCAG, component-contract, invariant, security, or handoff audit; evidence Not verified",Not verified — validation method has not been executed,No project implementation exists; every listed earlier recommendation remains excluded,None — Approved,None,PASS,None
KBDL-CUS-023,Recommended,Recommended,Assumed,Assumed,Not applicable,Not applicable,authoritative/prompt/decision/standard/prior Approved requirement,Not applicable — pending explicit project-owner approval; assignment of a CUS ID does not grant implementation authority,"023 → §11; 024 → §12; 025 → §14; 026, 027 → §15; 028 → §26; 029 → §15 and §24","023 → §11; 024 → §12; 025 → §14; 026, 027 → §15; 028 → §26; 029 → §15 and §24","023 → §11; 024 → §12; 025 → §14; 026, 027 → §15; 028 → §26; 029 → §15 and §24",Project-owner review; not yet performed,Not verified — validation method has not been executed,Exact policies are not authorized,Approval-ready item 1,None,PASS,None
KBDL-CUS-024,Recommended,Recommended,Assumed,Assumed,Not applicable,Not applicable,authoritative/prompt/decision/standard/prior Approved requirement,Not applicable — pending explicit project-owner approval; assignment of a CUS ID does not grant implementation authority,"023 → §11; 024 → §12; 025 → §14; 026, 027 → §15; 028 → §26; 029 → §15 and §24","023 → §11; 024 → §12; 025 → §14; 026, 027 → §15; 028 → §26; 029 → §15 and §24","023 → §11; 024 → §12; 025 → §14; 026, 027 → §15; 028 → §26; 029 → §15 and §24",Project-owner review; not yet performed,Not verified — validation method has not been executed,Exact policies are not authorized,Approval-ready item 2,None,PASS,None
KBDL-CUS-025,Recommended,Recommended,Assumed,Assumed,Not applicable,Not applicable,authoritative/prompt/decision/standard/prior Approved requirement,Not applicable — pending explicit project-owner approval; assignment of a CUS ID does not grant implementation authority,"023 → §11; 024 → §12; 025 → §14; 026, 027 → §15; 028 → §26; 029 → §15 and §24","023 → §11; 024 → §12; 025 → §14; 026, 027 → §15; 028 → §26; 029 → §15 and §24","023 → §11; 024 → §12; 025 → §14; 026, 027 → §15; 028 → §26; 029 → §15 and §24",Project-owner review; not yet performed,Not verified — validation method has not been executed,Exact policies are not authorized,Approval-ready item 3,None,PASS,None
KBDL-CUS-026,Recommended,Recommended,Assumed,Assumed,Not applicable,Not applicable,authoritative/prompt/decision/standard/prior Approved requirement,Not applicable — pending explicit project-owner approval; assignment of a CUS ID does not grant implementation authority,"023 → §11; 024 → §12; 025 → §14; 026, 027 → §15; 028 → §26; 029 → §15 and §24","023 → §11; 024 → §12; 025 → §14; 026, 027 → §15; 028 → §26; 029 → §15 and §24","023 → §11; 024 → §12; 025 → §14; 026, 027 → §15; 028 → §26; 029 → §15 and §24",Project-owner review; not yet performed,Not verified — validation method has not been executed,Exact policies are not authorized,Approval-ready item 4,None,PASS,None
KBDL-CUS-027,Recommended,Recommended,Assumed,Assumed,Not applicable,Not applicable,authoritative/prompt/decision/standard/prior Approved requirement,Not applicable — pending explicit project-owner approval; assignment of a CUS ID does not grant implementation authority,"023 → §11; 024 → §12; 025 → §14; 026, 027 → §15; 028 → §26; 029 → §15 and §24","023 → §11; 024 → §12; 025 → §14; 026, 027 → §15; 028 → §26; 029 → §15 and §24","023 → §11; 024 → §12; 025 → §14; 026, 027 → §15; 028 → §26; 029 → §15 and §24",Project-owner review; not yet performed,Not verified — validation method has not been executed,Exact policies are not authorized,Approval-ready item 5,None,PASS,None
KBDL-CUS-028,Recommended,Recommended,Assumed,Assumed,Not applicable,Not applicable,authoritative/prompt/decision/standard/prior Approved requirement,Not applicable — pending explicit project-owner approval; assignment of a CUS ID does not grant implementation authority,"023 → §11; 024 → §12; 025 → §14; 026, 027 → §15; 028 → §26; 029 → §15 and §24","023 → §11; 024 → §12; 025 → §14; 026, 027 → §15; 028 → §26; 029 → §15 and §24","023 → §11; 024 → §12; 025 → §14; 026, 027 → §15; 028 → §26; 029 → §15 and §24",Project-owner review; not yet performed,Not verified — validation method has not been executed,Exact policies are not authorized,Approval-ready item 6,None,PASS,None
KBDL-CUS-029,Recommended,Recommended,Assumed,Assumed,Not applicable,Not applicable,authoritative/prompt/decision/standard/prior Approved requirement,Not applicable — pending explicit project-owner approval; assignment of a CUS ID does not grant implementation authority,"023 → §11; 024 → §12; 025 → §14; 026, 027 → §15; 028 → §26; 029 → §15 and §24","023 → §11; 024 → §12; 025 → §14; 026, 027 → §15; 028 → §26; 029 → §15 and §24","023 → §11; 024 → §12; 025 → §14; 026, 027 → §15; 028 → §26; 029 → §15 and §24",Project-owner review; not yet performed,Not verified — validation method has not been executed,Exact policies are not authorized,Approval-ready item 7,None,PASS,None
KBDL-CUS-030,Deferred,Deferred,Assumed,Assumed,Not applicable,Not applicable,authoritative/prompt/decision/standard/prior Approved requirement,Not applicable — deliberately deferred; assignment of a CUS ID does not grant implementation authority,customization.md §41,customization.md §41,customization.md §41,Not applicable until resumed; no evidence,Not verified — validation method has not been executed,No machine-readable format or tooling is authorized,Deferred tracking,Later implementation/tooling authorization,PASS,None
KBDL-FND-001,Approved,Approved,Confirmed (derived from KBDL-002),Confirmed (derived from KBDL-002),Not verified,Not verified,authoritative/prompt/decision/standard/prior Approved requirement,Project-owner-approved KBDL-003 implementation prompt; authoritative provenance: Confirmed (derived from KBDL-002),foundations/color.md §1–§2,foundations/color.md §1–§2,foundations/color.md §1–§2,Manual review of role names and color-only-meaning usage at each later module's approval gate,Not verified — no theme or component content exists yet to check role usage against,Cannot be fully validated until THM and CMP requirements exist,None — Approved,None,PASS,None
KBDL-FND-002,Approved,Approved,Confirmed,Confirmed,Not verified,Not verified,authoritative/prompt/decision/standard/prior Approved requirement,Project-owner-approved KBDL-003 implementation prompt; authoritative provenance: Confirmed,foundations/color.md §1–§2,foundations/color.md §1–§2,foundations/color.md §1–§2,Manual review of role names and color-only-meaning usage at each later module's approval gate,Not verified — no theme or component content exists yet to check role usage against,Cannot be fully validated until THM and CMP requirements exist,None — Approved,None,PASS,None
KBDL-FND-003,Approved,Approved,Confirmed,Confirmed,Not verified,Not verified,authoritative/prompt/decision/standard/prior Approved requirement,Project-owner-approved KBDL-003 implementation prompt; authoritative provenance: Confirmed,"foundations/spacing-layout.md §1, §3","foundations/spacing-layout.md §1, §3","foundations/spacing-layout.md §1, §3",Manual review of spacing usage and breakpoint justification once RSP requirements exist,Not verified — no responsive-behavior module exists yet,Cannot be fully validated until RSP requirements exist,None — Approved,None,PASS,None
KBDL-FND-004,Approved,Approved,Confirmed,Confirmed,Not verified,Not verified,authoritative/prompt/decision/standard/prior Approved requirement,Project-owner-approved KBDL-003 implementation prompt; authoritative provenance: Confirmed,"foundations/spacing-layout.md §1, §3","foundations/spacing-layout.md §1, §3","foundations/spacing-layout.md §1, §3",Manual review of spacing usage and breakpoint justification once RSP requirements exist,Not verified — no responsive-behavior module exists yet,Cannot be fully validated until RSP requirements exist,None — Approved,None,PASS,None
KBDL-FND-005,Approved,Approved,Confirmed,Confirmed,Not verified,Not verified,authoritative/prompt/decision/standard/prior Approved requirement,Project-owner-approved KBDL-003 implementation prompt; authoritative provenance: Confirmed,"foundations/shape-depth.md §3, foundations/iconography-media.md §1.1, §2.1","foundations/shape-depth.md §3, foundations/iconography-media.md §1.1, §2.1","foundations/shape-depth.md §3, foundations/iconography-media.md §1.1, §2.1","Manual review confirming each elevation level states a simplified fallback, and that icon/media required principles explicitly state the state-clarity and reduced-motion anticipation rules","Manual completeness review recorded in the KBDL-003 commit — confirmed all five elevation levels list a non-shadow-dependent fallback, and both icon and media sections state their respective anticipation requirements",None identified,None — Approved,None,PASS,None
KBDL-FND-006,Approved,Approved,Confirmed,Confirmed,Not verified,Not verified,authoritative/prompt/decision/standard/prior Approved requirement,Project-owner-approved KBDL-003 implementation prompt; authoritative provenance: Confirmed,"foundations/shape-depth.md §3, foundations/iconography-media.md §1.1, §2.1","foundations/shape-depth.md §3, foundations/iconography-media.md §1.1, §2.1","foundations/shape-depth.md §3, foundations/iconography-media.md §1.1, §2.1","Manual review confirming each elevation level states a simplified fallback, and that icon/media required principles explicitly state the state-clarity and reduced-motion anticipation rules","Manual completeness review recorded in the KBDL-003 commit — confirmed all five elevation levels list a non-shadow-dependent fallback, and both icon and media sections state their respective anticipation requirements",None identified,None — Approved,None,PASS,None
KBDL-FND-007,Approved,Approved,Confirmed,Confirmed,Not verified,Not verified,authoritative/prompt/decision/standard/prior Approved requirement,Project-owner-approved KBDL-003 implementation prompt; authoritative provenance: Confirmed,"foundations/shape-depth.md §3, foundations/iconography-media.md §1.1, §2.1","foundations/shape-depth.md §3, foundations/iconography-media.md §1.1, §2.1","foundations/shape-depth.md §3, foundations/iconography-media.md §1.1, §2.1","Manual review confirming each elevation level states a simplified fallback, and that icon/media required principles explicitly state the state-clarity and reduced-motion anticipation rules","Manual completeness review recorded in the KBDL-003 commit — confirmed all five elevation levels list a non-shadow-dependent fallback, and both icon and media sections state their respective anticipation requirements",None identified,None — Approved,None,PASS,None
KBDL-FND-008,Approved,Approved,Confirmed,Confirmed,Not verified,Not verified,authoritative/prompt/decision/standard/prior Approved requirement,Project-owner-approved KBDL-003 implementation prompt; authoritative provenance: Confirmed,foundations/README.md §4,foundations/README.md §4,foundations/README.md §4,Manual cross-profile consistency review once the project-profiles module (PRO) is approved,Not verified — PRO requirements do not exist yet,Cannot be fully validated until PRO requirements exist,None — Approved,None,PASS,None
KBDL-FND-009,Approved,Approved,User-provided,User-provided,Mixed — Verified / Not verified,Mixed — Verified / Not verified,authoritative/prompt/decision/standard/prior Approved requirement,Approved (project owner approved via the foundation decision packet; see KBDL-DEC-012),foundations/README.md §6,foundations/README.md §6,foundations/README.md §6,"WCAG relative-luminance contrast calculation (completed for the color pairs listed); project-owner review (completed — see KBDL-DEC-012); typeface-licensing verification (not yet performed, applies to a future specific font-family decision)","Contrast-ratio table in foundations/color.md §4, computed via a local dependency-free script (see the KBDL-003 validation evidence for the script and full output). Updated under KBDL-003-R1: neutral-50 (3.25:1) was found to fail the 4.5:1 normal-text threshold and is now restricted to large-text/non-text-UI/decorative use only; a new neutral-60 (5.59:1) was added and verified as the safe value for normal-sized secondary/tertiary text","Approval authorizes these defaults for implementation; it does not itself constitute rendering, brand-suitability, or licensing validation — those remain Not verified as noted above",None — Approved,None,PASS,None
KBDL-FND-010,Approved,Approved,User-provided,User-provided,Not verified,Not verified,authoritative/prompt/decision/standard/prior Approved requirement,Approved (project owner approved via the foundation decision packet; see KBDL-DEC-012),foundations/README.md §6,foundations/README.md §6,foundations/README.md §6,"WCAG relative-luminance contrast calculation (completed for the color pairs listed); project-owner review (completed — see KBDL-DEC-012); typeface-licensing verification (not yet performed, applies to a future specific font-family decision)","Contrast-ratio table in foundations/color.md §4, computed via a local dependency-free script (see the KBDL-003 validation evidence for the script and full output). Updated under KBDL-003-R1: neutral-50 (3.25:1) was found to fail the 4.5:1 normal-text threshold and is now restricted to large-text/non-text-UI/decorative use only; a new neutral-60 (5.59:1) was added and verified as the safe value for normal-sized secondary/tertiary text","Approval authorizes these defaults for implementation; it does not itself constitute rendering, brand-suitability, or licensing validation — those remain Not verified as noted above",None — Approved,None,PASS,None
KBDL-FND-011,Approved,Approved,User-provided,User-provided,Not verified,Not verified,authoritative/prompt/decision/standard/prior Approved requirement,Approved (project owner approved via the foundation decision packet; see KBDL-DEC-012),foundations/README.md §6,foundations/README.md §6,foundations/README.md §6,"WCAG relative-luminance contrast calculation (completed for the color pairs listed); project-owner review (completed — see KBDL-DEC-012); typeface-licensing verification (not yet performed, applies to a future specific font-family decision)","Contrast-ratio table in foundations/color.md §4, computed via a local dependency-free script (see the KBDL-003 validation evidence for the script and full output). Updated under KBDL-003-R1: neutral-50 (3.25:1) was found to fail the 4.5:1 normal-text threshold and is now restricted to large-text/non-text-UI/decorative use only; a new neutral-60 (5.59:1) was added and verified as the safe value for normal-sized secondary/tertiary text","Approval authorizes these defaults for implementation; it does not itself constitute rendering, brand-suitability, or licensing validation — those remain Not verified as noted above",None — Approved,None,PASS,None
KBDL-FND-012,Approved,Approved,User-provided,User-provided,Not verified,Not verified,authoritative/prompt/decision/standard/prior Approved requirement,Approved (project owner approved via the foundation decision packet; see KBDL-DEC-012),foundations/README.md §6,foundations/README.md §6,foundations/README.md §6,"WCAG relative-luminance contrast calculation (completed for the color pairs listed); project-owner review (completed — see KBDL-DEC-012); typeface-licensing verification (not yet performed, applies to a future specific font-family decision)","Contrast-ratio table in foundations/color.md §4, computed via a local dependency-free script (see the KBDL-003 validation evidence for the script and full output). Updated under KBDL-003-R1: neutral-50 (3.25:1) was found to fail the 4.5:1 normal-text threshold and is now restricted to large-text/non-text-UI/decorative use only; a new neutral-60 (5.59:1) was added and verified as the safe value for normal-sized secondary/tertiary text","Approval authorizes these defaults for implementation; it does not itself constitute rendering, brand-suitability, or licensing validation — those remain Not verified as noted above",None — Approved,None,PASS,None
KBDL-GOV-001,Approved,Approved,Historical KBDL-001 prompt and approved decision record,Historical KBDL-001 prompt and approved decision record,Verified,Verified,authoritative/prompt/decision/standard/prior Approved requirement,Project-owner-approved KBDL-001 prompt and KBDL-DEC-002,governance.md § KBDL-GOV-001,governance.md § KBDL-GOV-001,governance.md § KBDL-GOV-001,"Manual review — heading hierarchy, relative-link resolution, and heading-anchor correctness checked across all KBDL-001 files",Manual review recorded in commit 2d356b4 (KBDL-001 initial commit); re-checked for this remediation in commit-to-follow (see decision-register.md § KBDL-DEC-011),"No automated Markdown linter or link checker was available in this environment; verification is manual, not tool-based",None — Approved,None,PASS,None
KBDL-GOV-002,Approved,Approved,Historical KBDL-001 prompt and approved decision record,Historical KBDL-001 prompt and approved decision record,Not verified,Not verified,authoritative/prompt/decision/standard/prior Approved requirement,Project-owner-approved KBDL-001 prompt and KBDL-DEC-010,governance.md § KBDL-GOV-002,governance.md § KBDL-GOV-002,governance.md § KBDL-GOV-002,Manual review; no automated check is applicable yet,Not verified — no A11Y requirement exists yet for this rule to be checked against,"Cannot be validated against a real accessibility requirement, since none exist yet",None — Approved,None,PASS,None
KBDL-GOV-003,Approved,Approved,Historical KBDL-001 prompt and approved decision record,Historical KBDL-001 prompt and approved decision record,Verified,Verified,authoritative/prompt/decision/standard/prior Approved requirement,Project-owner-approved KBDL-001 prompt and KBDL-DEC-011,governance.md § KBDL-GOV-003,governance.md § KBDL-GOV-003,governance.md § KBDL-GOV-003,"Manual review against this prompt's required governance topics (ownership, proposal, review, approval, scope-change, exception, deprecation, versioning, documentation-update, accessibility/motion/responsive review, conformance-review, conflict-resolution, restoration, evidence)","Manual review recorded in commit 2d356b4, corrected in the remediation commit for this status-model fix",None identified,None — Approved,None,PASS,None
KBDL-MOT-001,Approved,Approved,Confirmed,Confirmed,Not verified,Not verified,authoritative/prompt/decision/standard/prior Approved requirement,"Approved (directly restates the locked Motion Purpose rule, principles.md §5.1); project-owner-approved KBDL-005 implementation prompt","motion/README.md §2, §3.3, motion/foundations.md §1","motion/README.md §2, §3.3, motion/foundations.md §1","motion/README.md §2, §3.3, motion/foundations.md §1",Manual review confirming every documented pattern cites an approved purpose; manual terminology-consistency review (performed),Manual review recorded in motion/validation.md §6,"Per-component purpose assignment depends on the Components module (CMP), not yet reached",None — Approved,None,PASS,None
KBDL-MOT-002,Approved,Approved,User-provided,User-provided,Not verified,Not verified,authoritative/prompt/decision/standard/prior Approved requirement,Project-owner-approved KBDL-005 implementation prompt; authoritative provenance: User-provided,"motion/README.md §2, §3.3, motion/foundations.md §1","motion/README.md §2, §3.3, motion/foundations.md §1","motion/README.md §2, §3.3, motion/foundations.md §1",Manual review confirming every documented pattern cites an approved purpose; manual terminology-consistency review (performed),Manual review recorded in motion/validation.md §6,"Per-component purpose assignment depends on the Components module (CMP), not yet reached",None — Approved,None,PASS,None
KBDL-MOT-003,Approved,Approved,Confirmed,Confirmed,Not verified,Not verified,authoritative/prompt/decision/standard/prior Approved requirement,Approved (directly extends KBDL-PRN-002),"motion/README.md §2, §3.3, motion/foundations.md §1","motion/README.md §2, §3.3, motion/foundations.md §1","motion/README.md §2, §3.3, motion/foundations.md §1",Manual review confirming every documented pattern cites an approved purpose; manual terminology-consistency review (performed),Manual review recorded in motion/validation.md §6,"Per-component purpose assignment depends on the Components module (CMP), not yet reached",None — Approved,None,PASS,None
KBDL-MOT-004,Approved,Approved,User-provided,User-provided,Not verified,Not verified,authoritative/prompt/decision/standard/prior Approved requirement,"Approved (structural requirement; the categories' exact intensity defaults remain Recommended, see KBDL-MOT-006)","motion/foundations.md §2, §3, §4","motion/foundations.md §2, §3, §4","motion/foundations.md §2, §3, §4","Manual completeness review per category (performed); project-owner review of the hierarchy/intensity model (performed, see KBDL-DEC-014)",Manual review recorded in motion/validation.md §1,"Exceptional-level (Level 4) usage requires project-owner review each time; not yet exercised, since no implementation exists",None — Approved,None,PASS,None
KBDL-MOT-005,Approved,Approved,User-provided,User-provided,Not verified,Not verified,authoritative/prompt/decision/standard/prior Approved requirement,Approved (per KBDL-DEC-014; the specific five-level structure and names were new KBDL-005 policy until this approval),"motion/foundations.md §2, §3, §4","motion/foundations.md §2, §3, §4","motion/foundations.md §2, §3, §4","Manual completeness review per category (performed); project-owner review of the hierarchy/intensity model (performed, see KBDL-DEC-014)",Manual review recorded in motion/validation.md §1,"Exceptional-level (Level 4) usage requires project-owner review each time; not yet exercised, since no implementation exists",None — Approved,None,PASS,None
KBDL-MOT-006,Approved,Approved,User-provided,User-provided,Not verified,Not verified,authoritative/prompt/decision/standard/prior Approved requirement,"Approved (per KBDL-DEC-014, decision packet item 14)","motion/foundations.md §2, §3, §4","motion/foundations.md §2, §3, §4","motion/foundations.md §2, §3, §4","Manual completeness review per category (performed); project-owner review of the hierarchy/intensity model (performed, see KBDL-DEC-014)",Manual review recorded in motion/validation.md §1,"Exceptional-level (Level 4) usage requires project-owner review each time; not yet exercised, since no implementation exists",None — Approved,None,PASS,None
KBDL-MOT-007,Approved,Approved,User-provided,User-provided,Not verified,Not verified,authoritative/prompt/decision/standard/prior Approved requirement,"Approved (per KBDL-DEC-014, decision packet item 2, together with KBDL-MOT-008, as one timing system)","motion/timing-easing.md §1, §2, §3","motion/timing-easing.md §1, §2, §3","motion/timing-easing.md §1, §2, §3","Manual internal-consistency review (performed, see motion/validation.md §2); project-owner review (performed, see KBDL-DEC-014); implementation-level review once an implementation exists","motion/validation.md §2 — every value has a stated purpose, exit durations are equal to or shorter than paired entrances, and no value is marked Verified without implementation evidence","Approval is a lifecycle decision, not implementation validation; these values must not be treated as Verified until an implementation exists and is measured",None — Approved,None,PASS,None
KBDL-MOT-008,Approved,Approved,User-provided,User-provided,Not applicable,Not applicable,authoritative/prompt/decision/standard/prior Approved requirement,"Approved (per KBDL-DEC-014, decision packet item 2, together with KBDL-MOT-007, as one timing system)","motion/timing-easing.md §1, §2, §3","motion/timing-easing.md §1, §2, §3","motion/timing-easing.md §1, §2, §3","Manual internal-consistency review (performed, see motion/validation.md §2); project-owner review (performed, see KBDL-DEC-014); implementation-level review once an implementation exists","motion/validation.md §2 — every value has a stated purpose, exit durations are equal to or shorter than paired entrances, and no value is marked Verified without implementation evidence","Approval is a lifecycle decision, not implementation validation; these values must not be treated as Verified until an implementation exists and is measured",None — Approved,None,PASS,None
KBDL-MOT-009,Approved,Approved,User-provided,User-provided,Not applicable,Not applicable,authoritative/prompt/decision/standard/prior Approved requirement,"Approved (per KBDL-DEC-014, decision packet item 3)","motion/timing-easing.md §1, §2, §3","motion/timing-easing.md §1, §2, §3","motion/timing-easing.md §1, §2, §3","Manual internal-consistency review (performed, see motion/validation.md §2); project-owner review (performed, see KBDL-DEC-014); implementation-level review once an implementation exists","motion/validation.md §2 — every value has a stated purpose, exit durations are equal to or shorter than paired entrances, and no value is marked Verified without implementation evidence","Approval is a lifecycle decision, not implementation validation; these values must not be treated as Verified until an implementation exists and is measured",None — Approved,None,PASS,None
KBDL-MOT-010,Approved,Approved,User-provided,User-provided,Not verified,Not verified,authoritative/prompt/decision/standard/prior Approved requirement,"Approved (per KBDL-DEC-014, decision packet item 4)","motion/foundations.md §6, §5, §7","motion/foundations.md §6, §5, §7","motion/foundations.md §6, §5, §7","Manual review once implemented; project-owner review of KBDL-MOT-010/011 (performed, see KBDL-DEC-014)",Not verified — no implementation exists yet,Exact pixel/percentage movement and scale values are deferred to the Components module,None — Approved,None,PASS,None
KBDL-MOT-011,Approved,Approved,User-provided,User-provided,Not verified,Not verified,authoritative/prompt/decision/standard/prior Approved requirement,"Approved (per KBDL-DEC-014, decision packet item 5)","motion/foundations.md §6, §5, §7","motion/foundations.md §6, §5, §7","motion/foundations.md §6, §5, §7","Manual review once implemented; project-owner review of KBDL-MOT-010/011 (performed, see KBDL-DEC-014)",Not verified — no implementation exists yet,Exact pixel/percentage movement and scale values are deferred to the Components module,None — Approved,None,PASS,None
KBDL-MOT-012,Approved,Approved,Confirmed,Confirmed,Not verified,Not verified,authoritative/prompt/decision/standard/prior Approved requirement,Approved (directly restates the safety/correctness priority already established in KBDL-PRN-002 and §3.3),"motion/foundations.md §6, §5, §7","motion/foundations.md §6, §5, §7","motion/foundations.md §6, §5, §7","Manual review once implemented; project-owner review of KBDL-MOT-010/011 (performed, see KBDL-DEC-014)",Not verified — no implementation exists yet,Exact pixel/percentage movement and scale values are deferred to the Components module,None — Approved,None,PASS,None
KBDL-MOT-013,Approved,Approved,User-provided,User-provided,Not verified,Not verified,authoritative/prompt/decision/standard/prior Approved requirement,"Approved (per KBDL-DEC-014, decision packet item 15)",motion/patterns.md §1–§7,motion/patterns.md §1–§7,motion/patterns.md §1–§7,"Manual review once implemented; project-owner review of KBDL-MOT-013 (performed, see KBDL-DEC-014)",Not verified — no implementation exists yet,Exact repetition limits (attention motion) and scroll thresholds remain qualitative pending implementation-level review,None — Approved,None,PASS,None
KBDL-MOT-014,Approved,Approved,Confirmed,Confirmed,Not verified,Not verified,authoritative/prompt/decision/standard/prior Approved requirement,"Approved (directly restates Technical Utility's ""visible progress"" and ""error prevention"" qualities); project-owner-approved KBDL-005 implementation prompt",motion/patterns.md §1–§7,motion/patterns.md §1–§7,motion/patterns.md §1–§7,"Manual review once implemented; project-owner review of KBDL-MOT-013 (performed, see KBDL-DEC-014)",Not verified — no implementation exists yet,Exact repetition limits (attention motion) and scroll thresholds remain qualitative pending implementation-level review,None — Approved,None,PASS,None
KBDL-MOT-015,Approved,Approved,Confirmed,Confirmed,Not verified,Not verified,authoritative/prompt/decision/standard/prior Approved requirement,Approved (directly restates accessibility's requirement for a non-gesture equivalent); project-owner-approved KBDL-005 implementation prompt,motion/patterns.md §1–§7,motion/patterns.md §1–§7,motion/patterns.md §1–§7,"Manual review once implemented; project-owner review of KBDL-MOT-013 (performed, see KBDL-DEC-014)",Not verified — no implementation exists yet,Exact repetition limits (attention motion) and scroll thresholds remain qualitative pending implementation-level review,None — Approved,None,PASS,None
KBDL-MOT-016,Approved,Approved,Confirmed,Confirmed,Not verified,Not verified,authoritative/prompt/decision/standard/prior Approved requirement,"Approved (directly restates the locked component-state-clarity rule — ""must not rely on color/motion alone"" — and Accessibility by Default); project-owner-approved KBDL-005 implementation prompt",motion/patterns.md §1–§7,motion/patterns.md §1–§7,motion/patterns.md §1–§7,"Manual review once implemented; project-owner review of KBDL-MOT-013 (performed, see KBDL-DEC-014)",Not verified — no implementation exists yet,Exact repetition limits (attention motion) and scroll thresholds remain qualitative pending implementation-level review,None — Approved,None,PASS,None
KBDL-MOT-017,Approved,Approved,Confirmed,Confirmed,Not verified,Not verified,authoritative/prompt/decision/standard/prior Approved requirement,"Approved (directly restates the locked Motion Purpose rule that continuous motion must be controlled, and the already-Approved reduced-motion requirement KBDL-THM-012a)",motion/patterns.md §1–§7,motion/patterns.md §1–§7,motion/patterns.md §1–§7,"Manual review once implemented; project-owner review of KBDL-MOT-013 (performed, see KBDL-DEC-014)",Not verified — no implementation exists yet,Exact repetition limits (attention motion) and scroll thresholds remain qualitative pending implementation-level review,None — Approved,None,PASS,None
KBDL-MOT-018,Approved,Approved,Confirmed,Confirmed,Not verified,Not verified,authoritative/prompt/decision/standard/prior Approved requirement,"Approved (directly restates accessibility's requirement that content remain accessible without script/animation, and the reduced-motion requirement); project-owner-approved KBDL-005 implementation prompt",motion/patterns.md §1–§7,motion/patterns.md §1–§7,motion/patterns.md §1–§7,"Manual review once implemented; project-owner review of KBDL-MOT-013 (performed, see KBDL-DEC-014)",Not verified — no implementation exists yet,Exact repetition limits (attention motion) and scroll thresholds remain qualitative pending implementation-level review,None — Approved,None,PASS,None
KBDL-MOT-019,Approved,Approved,Confirmed,Confirmed,Not verified,Not verified,authoritative/prompt/decision/standard/prior Approved requirement,"Approved (directly restates WCAG 2.2 AA's autoplay-with-sound prohibition and pause/stop requirement, already adopted under KBDL-DEC-010)",motion/patterns.md §1–§7,motion/patterns.md §1–§7,motion/patterns.md §1–§7,"Manual review once implemented; project-owner review of KBDL-MOT-013 (performed, see KBDL-DEC-014)",Not verified — no implementation exists yet,Exact repetition limits (attention motion) and scroll thresholds remain qualitative pending implementation-level review,None — Approved,None,PASS,None
KBDL-MOT-020,Approved,Approved,User-provided,User-provided,Not verified,Not verified,authoritative/prompt/decision/standard/prior Approved requirement,"Approved (per KBDL-DEC-014, decision packet item 10; the underlying non-blocking, readable, focus-preserving requirements were already Approved under KBDL-THM-012/012a and are unaffected)",motion/patterns.md §8,motion/patterns.md §8,motion/patterns.md §8,"Manual review of the worked example (performed); project-owner review (performed, see KBDL-DEC-014)","motion/patterns.md §8 — conceptually verified against the already-Verified opaque contrast pair (17.17:1, unrelated example) and the KBDL-004 non-blocking/readability requirements; no live implementation has been rendered or measured",No intermediate-frame contrast measurement has actually been performed against a live implementation,None — Approved,None,PASS,None
KBDL-MOT-021,Approved,Approved,Confirmed,Confirmed,Not verified,Not verified,authoritative/prompt/decision/standard/prior Approved requirement,Approved (directly restates safety/correctness and state-comprehension priorities); project-owner-approved KBDL-005 implementation prompt,"motion/patterns.md §9, motion/accessibility-performance.md §1–§4, motion/README.md §10","motion/patterns.md §9, motion/accessibility-performance.md §1–§4, motion/README.md §10","motion/patterns.md §9, motion/accessibility-performance.md §1–§4, motion/README.md §10","Manual parity/safety/performance review performed conceptually (see motion/validation.md §3, §4); implementation-level measurement not yet performed","motion/validation.md §3 (reduced-motion parity, passed) and motion/validation.md §4 (pattern coverage, passed)","No implementation exists to measure actual frame rate, input latency, or cross-input-method behavior",None — Approved,None,PASS,None
KBDL-MOT-022,Approved,Approved,Confirmed,Confirmed,Not verified,Not verified,authoritative/prompt/decision/standard/prior Approved requirement,"Approved (directly restates KBDL-THM-012a and KBDL's enhanced motion-safety baseline, KBDL-DEC-010)","motion/patterns.md §9, motion/accessibility-performance.md §1–§4, motion/README.md §10","motion/patterns.md §9, motion/accessibility-performance.md §1–§4, motion/README.md §10","motion/patterns.md §9, motion/accessibility-performance.md §1–§4, motion/README.md §10","Manual parity/safety/performance review performed conceptually (see motion/validation.md §3, §4); implementation-level measurement not yet performed","motion/validation.md §3 (reduced-motion parity, passed) and motion/validation.md §4 (pattern coverage, passed)","No implementation exists to measure actual frame rate, input latency, or cross-input-method behavior",None — Approved,None,PASS,None
KBDL-MOT-023,Approved,Approved,Confirmed,Confirmed,Not verified,Not verified,authoritative/prompt/decision/standard/prior Approved requirement,"Approved (directly restates KBDL's enhanced motion-safety requirement, KBDL-DEC-010)","motion/patterns.md §9, motion/accessibility-performance.md §1–§4, motion/README.md §10","motion/patterns.md §9, motion/accessibility-performance.md §1–§4, motion/README.md §10","motion/patterns.md §9, motion/accessibility-performance.md §1–§4, motion/README.md §10","Manual parity/safety/performance review performed conceptually (see motion/validation.md §3, §4); implementation-level measurement not yet performed","motion/validation.md §3 (reduced-motion parity, passed) and motion/validation.md §4 (pattern coverage, passed)","No implementation exists to measure actual frame rate, input latency, or cross-input-method behavior",None — Approved,None,PASS,None
KBDL-MOT-024,Approved,Approved,Confirmed,Confirmed,Not verified,Not verified,authoritative/prompt/decision/standard/prior Approved requirement,"Approved (directly restates Performance-Aware Enhancement, KBDL-PRN-003/§6.9)","motion/patterns.md §9, motion/accessibility-performance.md §1–§4, motion/README.md §10","motion/patterns.md §9, motion/accessibility-performance.md §1–§4, motion/README.md §10","motion/patterns.md §9, motion/accessibility-performance.md §1–§4, motion/README.md §10","Manual parity/safety/performance review performed conceptually (see motion/validation.md §3, §4); implementation-level measurement not yet performed","motion/validation.md §3 (reduced-motion parity, passed) and motion/validation.md §4 (pattern coverage, passed)","No implementation exists to measure actual frame rate, input latency, or cross-input-method behavior",None — Approved,None,PASS,None
KBDL-MOT-025,Approved,Approved,Confirmed,Confirmed,Not verified,Not verified,authoritative/prompt/decision/standard/prior Approved requirement,Approved (directly restates Accessibility by Default); project-owner-approved KBDL-005 implementation prompt,"motion/patterns.md §9, motion/accessibility-performance.md §1–§4, motion/README.md §10","motion/patterns.md §9, motion/accessibility-performance.md §1–§4, motion/README.md §10","motion/patterns.md §9, motion/accessibility-performance.md §1–§4, motion/README.md §10","Manual parity/safety/performance review performed conceptually (see motion/validation.md §3, §4); implementation-level measurement not yet performed","motion/validation.md §3 (reduced-motion parity, passed) and motion/validation.md §4 (pattern coverage, passed)","No implementation exists to measure actual frame rate, input latency, or cross-input-method behavior",None — Approved,None,PASS,None
KBDL-MOT-026,Approved,Approved,Confirmed,Confirmed,Not verified,Not verified,authoritative/prompt/decision/standard/prior Approved requirement,"Approved (directly restates KBDL-PRN-007, Adaptability Without Fragmentation)","motion/patterns.md §9, motion/accessibility-performance.md §1–§4, motion/README.md §10","motion/patterns.md §9, motion/accessibility-performance.md §1–§4, motion/README.md §10","motion/patterns.md §9, motion/accessibility-performance.md §1–§4, motion/README.md §10","Manual parity/safety/performance review performed conceptually (see motion/validation.md §3, §4); implementation-level measurement not yet performed","motion/validation.md §3 (reduced-motion parity, passed) and motion/validation.md §4 (pattern coverage, passed)","No implementation exists to measure actual frame rate, input latency, or cross-input-method behavior",None — Approved,None,PASS,None
KBDL-MOT-027,Approved,Approved,Confirmed,Confirmed,Not applicable,Not applicable,authoritative/prompt/decision/standard/prior Approved requirement,Approved (this governance rule itself directly restates conventions.md §1.1); project-owner-approved KBDL-005 implementation prompt,"motion/patterns.md §9, motion/accessibility-performance.md §1–§4, motion/README.md §10","motion/patterns.md §9, motion/accessibility-performance.md §1–§4, motion/README.md §10","motion/patterns.md §9, motion/accessibility-performance.md §1–§4, motion/README.md §10","Manual parity/safety/performance review performed conceptually (see motion/validation.md §3, §4); implementation-level measurement not yet performed","motion/validation.md §3 (reduced-motion parity, passed) and motion/validation.md §4 (pattern coverage, passed)","No implementation exists to measure actual frame rate, input latency, or cross-input-method behavior",None — Approved,None,PASS,None
KBDL-MOT-028,Approved,Approved,User-provided,User-provided,Not applicable,Not applicable,authoritative/prompt/decision/standard/prior Approved requirement,"Approved (per KBDL-DEC-014, decision packet item 6)","motion/foundations.md §7, motion/patterns.md §4, §5, §6, §10, motion/accessibility-performance.md §1.4, motion/timing-easing.md §4","motion/foundations.md §7, motion/patterns.md §4, §5, §6, §10, motion/accessibility-performance.md §1.4, motion/timing-easing.md §4","motion/foundations.md §7, motion/patterns.md §4, §5, §6, §10, motion/accessibility-performance.md §1.4, motion/timing-easing.md §4","Manual review once implemented; project-owner review via the motion decision packet (performed, see KBDL-DEC-014, items 6–9 and 11–13)",Not verified — no implementation exists yet; conceptual manual review recorded in motion/validation.md where applicable,"Approval is a lifecycle decision, not implementation validation; these values must not be treated as Verified until an implementation exists and is measured",None — Approved,None,PASS,None
KBDL-MOT-029,Approved,Approved,User-provided,User-provided,Not applicable,Not applicable,authoritative/prompt/decision/standard/prior Approved requirement,"Approved (per KBDL-DEC-014, decision packet item 7)","motion/foundations.md §7, motion/patterns.md §4, §5, §6, §10, motion/accessibility-performance.md §1.4, motion/timing-easing.md §4","motion/foundations.md §7, motion/patterns.md §4, §5, §6, §10, motion/accessibility-performance.md §1.4, motion/timing-easing.md §4","motion/foundations.md §7, motion/patterns.md §4, §5, §6, §10, motion/accessibility-performance.md §1.4, motion/timing-easing.md §4","Manual review once implemented; project-owner review via the motion decision packet (performed, see KBDL-DEC-014, items 6–9 and 11–13)",Not verified — no implementation exists yet; conceptual manual review recorded in motion/validation.md where applicable,"Approval is a lifecycle decision, not implementation validation; these values must not be treated as Verified until an implementation exists and is measured",None — Approved,None,PASS,None
KBDL-MOT-030,Approved,Approved,User-provided,User-provided,Not verified,Not verified,authoritative/prompt/decision/standard/prior Approved requirement,"Approved (per KBDL-DEC-014, decision packet item 8)","motion/foundations.md §7, motion/patterns.md §4, §5, §6, §10, motion/accessibility-performance.md §1.4, motion/timing-easing.md §4","motion/foundations.md §7, motion/patterns.md §4, §5, §6, §10, motion/accessibility-performance.md §1.4, motion/timing-easing.md §4","motion/foundations.md §7, motion/patterns.md §4, §5, §6, §10, motion/accessibility-performance.md §1.4, motion/timing-easing.md §4","Manual review once implemented; project-owner review via the motion decision packet (performed, see KBDL-DEC-014, items 6–9 and 11–13)",Not verified — no implementation exists yet; conceptual manual review recorded in motion/validation.md where applicable,"Approval is a lifecycle decision, not implementation validation; these values must not be treated as Verified until an implementation exists and is measured",None — Approved,None,PASS,None
KBDL-MOT-031,Approved,Approved,User-provided,User-provided,Not verified,Not verified,authoritative/prompt/decision/standard/prior Approved requirement,"Approved (per KBDL-DEC-014, decision packet item 9)","motion/foundations.md §7, motion/patterns.md §4, §5, §6, §10, motion/accessibility-performance.md §1.4, motion/timing-easing.md §4","motion/foundations.md §7, motion/patterns.md §4, §5, §6, §10, motion/accessibility-performance.md §1.4, motion/timing-easing.md §4","motion/foundations.md §7, motion/patterns.md §4, §5, §6, §10, motion/accessibility-performance.md §1.4, motion/timing-easing.md §4","Manual review once implemented; project-owner review via the motion decision packet (performed, see KBDL-DEC-014, items 6–9 and 11–13)",Not verified — no implementation exists yet; conceptual manual review recorded in motion/validation.md where applicable,"Approval is a lifecycle decision, not implementation validation; these values must not be treated as Verified until an implementation exists and is measured",None — Approved,None,PASS,None
KBDL-MOT-032,Approved,Approved,User-provided,User-provided,Not applicable,Not applicable,authoritative/prompt/decision/standard/prior Approved requirement,"Approved (per KBDL-DEC-014, decision packet item 11)","motion/foundations.md §7, motion/patterns.md §4, §5, §6, §10, motion/accessibility-performance.md §1.4, motion/timing-easing.md §4","motion/foundations.md §7, motion/patterns.md §4, §5, §6, §10, motion/accessibility-performance.md §1.4, motion/timing-easing.md §4","motion/foundations.md §7, motion/patterns.md §4, §5, §6, §10, motion/accessibility-performance.md §1.4, motion/timing-easing.md §4","Manual review once implemented; project-owner review via the motion decision packet (performed, see KBDL-DEC-014, items 6–9 and 11–13)",Not verified — no implementation exists yet; conceptual manual review recorded in motion/validation.md where applicable,"Approval is a lifecycle decision, not implementation validation; these values must not be treated as Verified until an implementation exists and is measured",None — Approved,None,PASS,None
KBDL-MOT-033,Approved,Approved,User-provided,User-provided,Not applicable,Not applicable,authoritative/prompt/decision/standard/prior Approved requirement,"Approved (per KBDL-DEC-014, decision packet item 12)","motion/foundations.md §7, motion/patterns.md §4, §5, §6, §10, motion/accessibility-performance.md §1.4, motion/timing-easing.md §4","motion/foundations.md §7, motion/patterns.md §4, §5, §6, §10, motion/accessibility-performance.md §1.4, motion/timing-easing.md §4","motion/foundations.md §7, motion/patterns.md §4, §5, §6, §10, motion/accessibility-performance.md §1.4, motion/timing-easing.md §4","Manual review once implemented; project-owner review via the motion decision packet (performed, see KBDL-DEC-014, items 6–9 and 11–13)",Not verified — no implementation exists yet; conceptual manual review recorded in motion/validation.md where applicable,"Approval is a lifecycle decision, not implementation validation; these values must not be treated as Verified until an implementation exists and is measured",None — Approved,None,PASS,None
KBDL-MOT-034,Approved,Approved,User-provided,User-provided,Not verified,Not verified,authoritative/prompt/decision/standard/prior Approved requirement,"Approved (per KBDL-DEC-014, decision packet item 13)","motion/foundations.md §7, motion/patterns.md §4, §5, §6, §10, motion/accessibility-performance.md §1.4, motion/timing-easing.md §4","motion/foundations.md §7, motion/patterns.md §4, §5, §6, §10, motion/accessibility-performance.md §1.4, motion/timing-easing.md §4","motion/foundations.md §7, motion/patterns.md §4, §5, §6, §10, motion/accessibility-performance.md §1.4, motion/timing-easing.md §4","Manual review once implemented; project-owner review via the motion decision packet (performed, see KBDL-DEC-014, items 6–9 and 11–13)",Not verified — no implementation exists yet; conceptual manual review recorded in motion/validation.md where applicable,"Approval is a lifecycle decision, not implementation validation; these values must not be treated as Verified until an implementation exists and is measured",None — Approved,None,PASS,None
KBDL-PRN-001,Approved,Approved,User-provided (blueprint) and Confirmed (derived from KBDL-001 decisions),User-provided (blueprint) and Confirmed (derived from KBDL-001 decisions),Not verified,Not verified,authoritative/prompt/decision/standard/prior Approved requirement,Project-owner-approved KBDL-002 implementation prompt; authoritative provenance: User-provided (blueprint) and Confirmed (derived from KBDL-001 decisions),principles.md § 1,principles.md § 1,principles.md § 1,Manual design review against Section 1 at each later module's approval gate,"Not verified — validation method has not yet been run against a later module, since none exist yet","Cannot be checked against real foundation, theme, or component content until those modules exist",None — Approved,None,PASS,None
KBDL-PRN-002,Approved,Approved,User-provided,User-provided,Not verified,Not verified,authoritative/prompt/decision/standard/prior Approved requirement,Project-owner-approved KBDL-002 implementation prompt; authoritative provenance: User-provided,principles.md § 4,principles.md § 4,principles.md § 4,Manual review of design decisions against the priority order,Not verified,No real design decisions exist yet to test the priority order against,None — Approved,None,PASS,None
KBDL-PRN-003,Approved,Approved,User-provided,User-provided,Not verified,Not verified,authoritative/prompt/decision/standard/prior Approved requirement,Project-owner-approved KBDL-002 implementation prompt; authoritative provenance: User-provided,principles.md § 6,principles.md § 6,principles.md § 6,"Manual review confirming all nine principles include every required field (normative statement, purpose, required/prohibited behavior, profile interpretation, accessibility/responsive/motion implications, review questions) and that the nine required concepts (clarity before spectacle, precision, comprehension, hierarchy, controlled expression, consistency, adaptability, accessibility by default, performance) are all present",Not verified — the requirement's later-module approval-gate method has not been executed completely,Complete evidence across every later module is unavailable,None — Approved,None,PASS,None
KBDL-PRN-004,Approved,Approved,User-provided,User-provided,Not verified,Not verified,authoritative/prompt/decision/standard/prior Approved requirement,Project-owner-approved KBDL-002 implementation prompt; authoritative provenance: User-provided,principles.md § 7,principles.md § 7,principles.md § 7,"Manual cross-reference review once foundation, theme, and responsive modules are approved",Not verified — dependent modules do not exist yet,"Cannot be fully validated until FND, THM, and RSP requirements exist",None — Approved,None,PASS,None
KBDL-PRN-005,Approved,Approved,User-provided,User-provided,Not verified,Not verified,authoritative/prompt/decision/standard/prior Approved requirement,Project-owner-approved KBDL-002 implementation prompt; authoritative provenance: User-provided,principles.md § 5,principles.md § 5,principles.md § 5,"Manual review confirming all three categories (locked, controlled, open) address every element listed in this prompt's scope, and that no final ranges or values were introduced",Not verified — the requirement's full later-module and implementation review has not been executed,Controlled-variable ranges are intentionally undefined pending later modules,None — Approved,None,PASS,None
KBDL-PRN-006,Approved,Approved,User-provided,User-provided,Not verified,Not verified,authoritative/prompt/decision/standard/prior Approved requirement,Project-owner-approved KBDL-002 implementation prompt; authoritative provenance: User-provided,principles.md § 8,principles.md § 8,principles.md § 8,Manual review of decision records against the hierarchy; conflicts escalated per governance's conflict-resolution process,Not verified — no real design decision has been escalated through this hierarchy yet,None identified,None — Approved,None,PASS,None
KBDL-PRN-007,Approved,Approved,User-provided,User-provided,Not verified,Not verified,authoritative/prompt/decision/standard/prior Approved requirement,Project-owner-approved KBDL-002 implementation prompt; authoritative provenance: User-provided,principles.md § 9,principles.md § 9,principles.md § 9,Manual cross-profile consistency review once the project-profiles module is approved,Not verified — the project-profiles module (PRO) does not exist yet,Cannot be fully validated until PRO requirements exist,None — Approved,None,PASS,None
KBDL-PRN-008,Approved,Approved,User-provided,User-provided,Not verified,Not verified,authoritative/prompt/decision/standard/prior Approved requirement,Project-owner-approved KBDL-002 implementation prompt; authoritative provenance: User-provided,"principles.md § 10, principles.md § 11","principles.md § 10, principles.md § 11","principles.md § 10, principles.md § 11","Manual count and coverage review confirming at least six conforming examples spanning all three profiles, both themes, an expressive moment, a repeated workflow, and a mobile context; and at least eight non-conforming patterns each with reason, broken principle, risk, and correction",Not verified — example-count evidence does not execute the requirement's later-module conformance-review method,Examples are conceptual; no mockups or token values exist to check them against yet,None — Approved,None,PASS,None
KBDL-PRO-001,Approved,Approved,Confirmed,Confirmed,Not verified,Not verified,authoritative/prompt/decision/standard/prior Approved requirement,"restates and consolidates the already-Approved KBDL-PRN-007, KBDL-FND-008, KBDL-THM-006, KBDL-MOT-026, KBDL-A11Y-040, KBDL-CMP-051, and KBDL-CMP-066, each of which independently requires shared architecture in its own module","KBDL-PRO-001 → profiles.md §5; 002 → §4 (terminology distinction, not §5 — verified directly against the requirement's own record); 003 → §7; 004 → §7; 005 → §7; 006 → §7; 007 → §8; 008 → §8; 009 → §8","KBDL-PRO-001 → profiles.md §5; 002 → §4 (terminology distinction, not §5 — verified directly against the requirement's own record); 003 → §7; 004 → §7; 005 → §7; 006 → §7; 007 → §8; 008 → §8; 009 → §8","KBDL-PRO-001 → profiles.md §5; 002 → §4 (terminology distinction, not §5 — verified directly against the requirement's own record); 003 → §7; 004 → §7; 005 → §7; 006 → §7; 007 → §8; 008 → §8; 009 → §8",Manual cross-module architecture review once implemented; project-owner review of KBDL-PRO-009 (not yet performed),Not verified — no implementation exists yet,"KBDL-PRO-001–008: implementation-dependent, not yet verified. KBDL-PRO-009: Recommended, grants no implementation authority pending project-owner review",None — Approved,None,PASS,None
KBDL-PRO-002,Approved,Approved,Confirmed,Confirmed,Not verified,Not verified,authoritative/prompt/decision/standard/prior Approved requirement,"the accessibility-preference distinction restates the already-Approved independence of reduced-motion and forced-colors preferences from any presentational grouping, accessibility.md §44; the complete terminology distinction is an explicit mandatory clause of the approved KBDL-009 prompt's Terminology section","KBDL-PRO-001 → profiles.md §5; 002 → §4 (terminology distinction, not §5 — verified directly against the requirement's own record); 003 → §7; 004 → §7; 005 → §7; 006 → §7; 007 → §8; 008 → §8; 009 → §8","KBDL-PRO-001 → profiles.md §5; 002 → §4 (terminology distinction, not §5 — verified directly against the requirement's own record); 003 → §7; 004 → §7; 005 → §7; 006 → §7; 007 → §8; 008 → §8; 009 → §8","KBDL-PRO-001 → profiles.md §5; 002 → §4 (terminology distinction, not §5 — verified directly against the requirement's own record); 003 → §7; 004 → §7; 005 → §7; 006 → §7; 007 → §8; 008 → §8; 009 → §8",Manual cross-module architecture review once implemented; project-owner review of KBDL-PRO-009 (not yet performed),Not verified — no implementation exists yet,"KBDL-PRO-001–008: implementation-dependent, not yet verified. KBDL-PRO-009: Recommended, grants no implementation authority pending project-owner review",None — Approved,None,PASS,None
KBDL-PRO-003,Approved,Approved,Confirmed,Confirmed,Not verified,Not verified,authoritative/prompt/decision/standard/prior Approved requirement,"restates principles.md §9.4 and the design-decision hierarchy, principles.md §8; project-owner-approved KBDL-009 implementation prompt","KBDL-PRO-001 → profiles.md §5; 002 → §4 (terminology distinction, not §5 — verified directly against the requirement's own record); 003 → §7; 004 → §7; 005 → §7; 006 → §7; 007 → §8; 008 → §8; 009 → §8","KBDL-PRO-001 → profiles.md §5; 002 → §4 (terminology distinction, not §5 — verified directly against the requirement's own record); 003 → §7; 004 → §7; 005 → §7; 006 → §7; 007 → §8; 008 → §8; 009 → §8","KBDL-PRO-001 → profiles.md §5; 002 → §4 (terminology distinction, not §5 — verified directly against the requirement's own record); 003 → §7; 004 → §7; 005 → §7; 006 → §7; 007 → §8; 008 → §8; 009 → §8",Manual cross-module architecture review once implemented; project-owner review of KBDL-PRO-009 (not yet performed),Not verified — no implementation exists yet,"KBDL-PRO-001–008: implementation-dependent, not yet verified. KBDL-PRO-009: Recommended, grants no implementation authority pending project-owner review",None — Approved,None,PASS,None
KBDL-PRO-004,Approved,Approved,Confirmed,Confirmed,Not verified,Not verified,authoritative/prompt/decision/standard/prior Approved requirement,restates principles.md §5.2 and the already-Approved per-module profile-interpretation sections cited in §3; project-owner-approved KBDL-009 implementation prompt,"KBDL-PRO-001 → profiles.md §5; 002 → §4 (terminology distinction, not §5 — verified directly against the requirement's own record); 003 → §7; 004 → §7; 005 → §7; 006 → §7; 007 → §8; 008 → §8; 009 → §8","KBDL-PRO-001 → profiles.md §5; 002 → §4 (terminology distinction, not §5 — verified directly against the requirement's own record); 003 → §7; 004 → §7; 005 → §7; 006 → §7; 007 → §8; 008 → §8; 009 → §8","KBDL-PRO-001 → profiles.md §5; 002 → §4 (terminology distinction, not §5 — verified directly against the requirement's own record); 003 → §7; 004 → §7; 005 → §7; 006 → §7; 007 → §8; 008 → §8; 009 → §8",Manual cross-module architecture review once implemented; project-owner review of KBDL-PRO-009 (not yet performed),Not verified — no implementation exists yet,"KBDL-PRO-001–008: implementation-dependent, not yet verified. KBDL-PRO-009: Recommended, grants no implementation authority pending project-owner review",None — Approved,None,PASS,None
KBDL-PRO-005,Approved,Approved,Confirmed,Confirmed,Not verified,Not verified,authoritative/prompt/decision/standard/prior Approved requirement,restates principles.md §5.3; project-owner-approved KBDL-009 implementation prompt,"KBDL-PRO-001 → profiles.md §5; 002 → §4 (terminology distinction, not §5 — verified directly against the requirement's own record); 003 → §7; 004 → §7; 005 → §7; 006 → §7; 007 → §8; 008 → §8; 009 → §8","KBDL-PRO-001 → profiles.md §5; 002 → §4 (terminology distinction, not §5 — verified directly against the requirement's own record); 003 → §7; 004 → §7; 005 → §7; 006 → §7; 007 → §8; 008 → §8; 009 → §8","KBDL-PRO-001 → profiles.md §5; 002 → §4 (terminology distinction, not §5 — verified directly against the requirement's own record); 003 → §7; 004 → §7; 005 → §7; 006 → §7; 007 → §8; 008 → §8; 009 → §8",Manual cross-module architecture review once implemented; project-owner review of KBDL-PRO-009 (not yet performed),Not verified — no implementation exists yet,"KBDL-PRO-001–008: implementation-dependent, not yet verified. KBDL-PRO-009: Recommended, grants no implementation authority pending project-owner review",None — Approved,None,PASS,None
KBDL-PRO-006,Approved,Approved,Confirmed,Confirmed,Not applicable,Not applicable,authoritative/prompt/decision/standard/prior Approved requirement,"scope-control requirement, explicit mandatory clause of the approved KBDL-009 prompt's Locked/Controlled/ Open section","KBDL-PRO-001 → profiles.md §5; 002 → §4 (terminology distinction, not §5 — verified directly against the requirement's own record); 003 → §7; 004 → §7; 005 → §7; 006 → §7; 007 → §8; 008 → §8; 009 → §8","KBDL-PRO-001 → profiles.md §5; 002 → §4 (terminology distinction, not §5 — verified directly against the requirement's own record); 003 → §7; 004 → §7; 005 → §7; 006 → §7; 007 → §8; 008 → §8; 009 → §8","KBDL-PRO-001 → profiles.md §5; 002 → §4 (terminology distinction, not §5 — verified directly against the requirement's own record); 003 → §7; 004 → §7; 005 → §7; 006 → §7; 007 → §8; 008 → §8; 009 → §8",Manual cross-module architecture review once implemented; project-owner review of KBDL-PRO-009 (not yet performed),Not verified — no implementation exists yet,"KBDL-PRO-001–008: implementation-dependent, not yet verified. KBDL-PRO-009: Recommended, grants no implementation authority pending project-owner review",None — Approved,None,PASS,None
KBDL-PRO-007,Approved,Approved,Confirmed,Confirmed,Not applicable,Not applicable,authoritative/prompt/decision/standard/prior Approved requirement,the required field list is an explicit mandatory clause of the approved KBDL-009 prompt's Profile Selection and Declaration section,"KBDL-PRO-001 → profiles.md §5; 002 → §4 (terminology distinction, not §5 — verified directly against the requirement's own record); 003 → §7; 004 → §7; 005 → §7; 006 → §7; 007 → §8; 008 → §8; 009 → §8","KBDL-PRO-001 → profiles.md §5; 002 → §4 (terminology distinction, not §5 — verified directly against the requirement's own record); 003 → §7; 004 → §7; 005 → §7; 006 → §7; 007 → §8; 008 → §8; 009 → §8","KBDL-PRO-001 → profiles.md §5; 002 → §4 (terminology distinction, not §5 — verified directly against the requirement's own record); 003 → §7; 004 → §7; 005 → §7; 006 → §7; 007 → §8; 008 → §8; 009 → §8",Manual cross-module architecture review once implemented; project-owner review of KBDL-PRO-009 (not yet performed),Not verified — no implementation exists yet,"KBDL-PRO-001–008: implementation-dependent, not yet verified. KBDL-PRO-009: Recommended, grants no implementation authority pending project-owner review",None — Approved,None,PASS,None
KBDL-PRO-008,Approved,Approved,Confirmed,Confirmed,Not applicable,Not applicable,authoritative/prompt/decision/standard/prior Approved requirement,"explicit mandatory clause of the approved KBDL-009 prompt's Profile Selection and Declaration section; also extends the already-Approved Accessibility by Default principle, principles.md §6.8","KBDL-PRO-001 → profiles.md §5; 002 → §4 (terminology distinction, not §5 — verified directly against the requirement's own record); 003 → §7; 004 → §7; 005 → §7; 006 → §7; 007 → §8; 008 → §8; 009 → §8","KBDL-PRO-001 → profiles.md §5; 002 → §4 (terminology distinction, not §5 — verified directly against the requirement's own record); 003 → §7; 004 → §7; 005 → §7; 006 → §7; 007 → §8; 008 → §8; 009 → §8","KBDL-PRO-001 → profiles.md §5; 002 → §4 (terminology distinction, not §5 — verified directly against the requirement's own record); 003 → §7; 004 → §7; 005 → §7; 006 → §7; 007 → §8; 008 → §8; 009 → §8",Manual cross-module architecture review once implemented; project-owner review of KBDL-PRO-009 (not yet performed),Not verified — no implementation exists yet,"KBDL-PRO-001–008: implementation-dependent, not yet verified. KBDL-PRO-009: Recommended, grants no implementation authority pending project-owner review",None — Approved,None,PASS,None
KBDL-PRO-009,Recommended,Recommended,Assumed,Assumed,Not applicable,Not applicable,authoritative/prompt/decision/standard/prior Approved requirement,Not applicable — pending explicit project-owner approval; assignment of a PRO ID does not grant implementation authority,"KBDL-PRO-001 → profiles.md §5; 002 → §4 (terminology distinction, not §5 — verified directly against the requirement's own record); 003 → §7; 004 → §7; 005 → §7; 006 → §7; 007 → §8; 008 → §8; 009 → §8","KBDL-PRO-001 → profiles.md §5; 002 → §4 (terminology distinction, not §5 — verified directly against the requirement's own record); 003 → §7; 004 → §7; 005 → §7; 006 → §7; 007 → §8; 008 → §8; 009 → §8","KBDL-PRO-001 → profiles.md §5; 002 → §4 (terminology distinction, not §5 — verified directly against the requirement's own record); 003 → §7; 004 → §7; 005 → §7; 006 → §7; 007 → §8; 008 → §8; 009 → §8",Manual cross-module architecture review once implemented; project-owner review of KBDL-PRO-009 (not yet performed),Not verified — no implementation exists yet,"KBDL-PRO-001–008: implementation-dependent, not yet verified. KBDL-PRO-009: Recommended, grants no implementation authority pending project-owner review",Approval-ready item 1,None,PASS,None
KBDL-PRO-010,Approved,Approved,Confirmed,Confirmed,Not verified,Not verified,authoritative/prompt/decision/standard/prior Approved requirement,"consolidates the already-Approved Showcase interpretation already established in principles.md §9.1, foundations/README.md §4.1, themes/README.md §8 Showcase, motion/patterns.md §10.1, and responsive.md §28; project-owner-approved KBDL-009 implementation prompt",KBDL-PRO-010 → profiles.md §10.1; 011 → §11.1; 012 → §12.1; 013 → §10.2; 014 → §11.2; 015 → §12.2; 016 → §10.2; 017 → §11.2; 018 → §12.2,KBDL-PRO-010 → profiles.md §10.1; 011 → §11.1; 012 → §12.1; 013 → §10.2; 014 → §11.2; 015 → §12.2; 016 → §10.2; 017 → §11.2; 018 → §12.2,KBDL-PRO-010 → profiles.md §10.1; 011 → §11.1; 012 → §12.1; 013 → §10.2; 014 → §11.2; 015 → §12.2; 016 → §10.2; 017 → §11.2; 018 → §12.2,Manual cross-module consistency review once implemented; project-owner review of KBDL-PRO-016/017/018 (not yet performed),Not verified — no implementation exists yet,KBDL-PRO-016 additionally depends on the unapproved KBDL-008 KBDL-CMP-067; KBDL-PRO-018 additionally depends on the unapproved KBDL-007 KBDL-CMP-015/036,None — Approved,None,PASS,None
KBDL-PRO-011,Approved,Approved,Confirmed,Confirmed,Not verified,Not verified,authoritative/prompt/decision/standard/prior Approved requirement,"consolidates the already-Approved Precision interpretation in principles.md §9.2, foundations/README.md §4.2, themes/README.md §8 Precision, motion/patterns.md §10.2, and responsive.md §29; project-owner-approved KBDL-009 implementation prompt",KBDL-PRO-010 → profiles.md §10.1; 011 → §11.1; 012 → §12.1; 013 → §10.2; 014 → §11.2; 015 → §12.2; 016 → §10.2; 017 → §11.2; 018 → §12.2,KBDL-PRO-010 → profiles.md §10.1; 011 → §11.1; 012 → §12.1; 013 → §10.2; 014 → §11.2; 015 → §12.2; 016 → §10.2; 017 → §11.2; 018 → §12.2,KBDL-PRO-010 → profiles.md §10.1; 011 → §11.1; 012 → §12.1; 013 → §10.2; 014 → §11.2; 015 → §12.2; 016 → §10.2; 017 → §11.2; 018 → §12.2,Manual cross-module consistency review once implemented; project-owner review of KBDL-PRO-016/017/018 (not yet performed),Not verified — no implementation exists yet,KBDL-PRO-016 additionally depends on the unapproved KBDL-008 KBDL-CMP-067; KBDL-PRO-018 additionally depends on the unapproved KBDL-007 KBDL-CMP-015/036,None — Approved,None,PASS,None
KBDL-PRO-012,Approved,Approved,Confirmed,Confirmed,Not verified,Not verified,authoritative/prompt/decision/standard/prior Approved requirement,"consolidates the already-Approved Flow interpretation in principles.md §9.3, foundations/README.md §4.3, themes/README.md §8 Flow, motion/patterns.md §10.3, and responsive.md §30; project-owner-approved KBDL-009 implementation prompt",KBDL-PRO-010 → profiles.md §10.1; 011 → §11.1; 012 → §12.1; 013 → §10.2; 014 → §11.2; 015 → §12.2; 016 → §10.2; 017 → §11.2; 018 → §12.2,KBDL-PRO-010 → profiles.md §10.1; 011 → §11.1; 012 → §12.1; 013 → §10.2; 014 → §11.2; 015 → §12.2; 016 → §10.2; 017 → §11.2; 018 → §12.2,KBDL-PRO-010 → profiles.md §10.1; 011 → §11.1; 012 → §12.1; 013 → §10.2; 014 → §11.2; 015 → §12.2; 016 → §10.2; 017 → §11.2; 018 → §12.2,Manual cross-module consistency review once implemented; project-owner review of KBDL-PRO-016/017/018 (not yet performed),Not verified — no implementation exists yet,KBDL-PRO-016 additionally depends on the unapproved KBDL-008 KBDL-CMP-067; KBDL-PRO-018 additionally depends on the unapproved KBDL-007 KBDL-CMP-015/036,None — Approved,None,PASS,None
KBDL-PRO-013,Approved,Approved,Confirmed,Confirmed,Not verified,Not verified,authoritative/prompt/decision/standard/prior Approved requirement,"restates the already-Approved KBDL-CMP-051, KBDL-CMP-066, KBDL-CMP-055 hover-independent- discoverability prohibition, KBDL-CMP-072 tooltip-naming- independence rule, and KBDL-CMP-107 carousel pause/stop/hide requirement",KBDL-PRO-010 → profiles.md §10.1; 011 → §11.1; 012 → §12.1; 013 → §10.2; 014 → §11.2; 015 → §12.2; 016 → §10.2; 017 → §11.2; 018 → §12.2,KBDL-PRO-010 → profiles.md §10.1; 011 → §11.1; 012 → §12.1; 013 → §10.2; 014 → §11.2; 015 → §12.2; 016 → §10.2; 017 → §11.2; 018 → §12.2,KBDL-PRO-010 → profiles.md §10.1; 011 → §11.1; 012 → §12.1; 013 → §10.2; 014 → §11.2; 015 → §12.2; 016 → §10.2; 017 → §11.2; 018 → §12.2,Manual cross-module consistency review once implemented; project-owner review of KBDL-PRO-016/017/018 (not yet performed),Not verified — no implementation exists yet,KBDL-PRO-016 additionally depends on the unapproved KBDL-008 KBDL-CMP-067; KBDL-PRO-018 additionally depends on the unapproved KBDL-007 KBDL-CMP-015/036,None — Approved,None,PASS,None
KBDL-PRO-014,Approved,Approved,Confirmed,Confirmed,Not verified,Not verified,authoritative/prompt/decision/standard/prior Approved requirement,"restates the already-Approved KBDL-CMP-051, KBDL-CMP-066, KBDL-CMP-010 WCAG 24×24 target- size minimum, KBDL-CMP-070 native-table/grid-misuse prohibition, and KBDL-CMP-055 hover-independent-discoverability prohibition",KBDL-PRO-010 → profiles.md §10.1; 011 → §11.1; 012 → §12.1; 013 → §10.2; 014 → §11.2; 015 → §12.2; 016 → §10.2; 017 → §11.2; 018 → §12.2,KBDL-PRO-010 → profiles.md §10.1; 011 → §11.1; 012 → §12.1; 013 → §10.2; 014 → §11.2; 015 → §12.2; 016 → §10.2; 017 → §11.2; 018 → §12.2,KBDL-PRO-010 → profiles.md §10.1; 011 → §11.1; 012 → §12.1; 013 → §10.2; 014 → §11.2; 015 → §12.2; 016 → §10.2; 017 → §11.2; 018 → §12.2,Manual cross-module consistency review once implemented; project-owner review of KBDL-PRO-016/017/018 (not yet performed),Not verified — no implementation exists yet,KBDL-PRO-016 additionally depends on the unapproved KBDL-008 KBDL-CMP-067; KBDL-PRO-018 additionally depends on the unapproved KBDL-007 KBDL-CMP-015/036,None — Approved,"None blocking; KBDL-CMP-105, KBDL-RSP-011 cited as unapproved context only, not adopted as authority",PASS,None
KBDL-PRO-015,Approved,Approved,Confirmed,Confirmed,Not verified,Not verified,authoritative/prompt/decision/standard/prior Approved requirement,"restates the already-Approved KBDL-CMP-051, KBDL-CMP-066, and KBDL-CMP-090 toast critical-information-persistence requirement",KBDL-PRO-010 → profiles.md §10.1; 011 → §11.1; 012 → §12.1; 013 → §10.2; 014 → §11.2; 015 → §12.2; 016 → §10.2; 017 → §11.2; 018 → §12.2,KBDL-PRO-010 → profiles.md §10.1; 011 → §11.1; 012 → §12.1; 013 → §10.2; 014 → §11.2; 015 → §12.2; 016 → §10.2; 017 → §11.2; 018 → §12.2,KBDL-PRO-010 → profiles.md §10.1; 011 → §11.1; 012 → §12.1; 013 → §10.2; 014 → §11.2; 015 → §12.2; 016 → §10.2; 017 → §11.2; 018 → §12.2,Manual cross-module consistency review once implemented; project-owner review of KBDL-PRO-016/017/018 (not yet performed),Not verified — no implementation exists yet,KBDL-PRO-016 additionally depends on the unapproved KBDL-008 KBDL-CMP-067; KBDL-PRO-018 additionally depends on the unapproved KBDL-007 KBDL-CMP-015/036,None — Approved,"None blocking; KBDL-CMP-015, KBDL-CMP-036 cited as unapproved context only, not adopted as authority",PASS,None
KBDL-PRO-016,Recommended,Recommended,Assumed,Assumed,Not applicable,Not applicable,authoritative/prompt/decision/standard/prior Approved requirement,Not applicable — pending explicit project-owner approval; assignment of a PRO ID does not grant implementation authority,KBDL-PRO-010 → profiles.md §10.1; 011 → §11.1; 012 → §12.1; 013 → §10.2; 014 → §11.2; 015 → §12.2; 016 → §10.2; 017 → §11.2; 018 → §12.2,KBDL-PRO-010 → profiles.md §10.1; 011 → §11.1; 012 → §12.1; 013 → §10.2; 014 → §11.2; 015 → §12.2; 016 → §10.2; 017 → §11.2; 018 → §12.2,KBDL-PRO-010 → profiles.md §10.1; 011 → §11.1; 012 → §12.1; 013 → §10.2; 014 → §11.2; 015 → §12.2; 016 → §10.2; 017 → §11.2; 018 → §12.2,Manual cross-module consistency review once implemented; project-owner review of KBDL-PRO-016/017/018 (not yet performed),Not verified — no implementation exists yet,KBDL-PRO-016 additionally depends on the unapproved KBDL-008 KBDL-CMP-067; KBDL-PRO-018 additionally depends on the unapproved KBDL-007 KBDL-CMP-015/036,Contingent — §33.3; not independently approval-ready,KBDL-CMP-067 (KBDL-008) — blocking,PASS,None
KBDL-PRO-017,Recommended,Recommended,Assumed,Assumed,Not applicable,Not applicable,authoritative/prompt/decision/standard/prior Approved requirement,Not applicable — pending explicit project-owner approval; assignment of a PRO ID does not grant implementation authority,KBDL-PRO-010 → profiles.md §10.1; 011 → §11.1; 012 → §12.1; 013 → §10.2; 014 → §11.2; 015 → §12.2; 016 → §10.2; 017 → §11.2; 018 → §12.2,KBDL-PRO-010 → profiles.md §10.1; 011 → §11.1; 012 → §12.1; 013 → §10.2; 014 → §11.2; 015 → §12.2; 016 → §10.2; 017 → §11.2; 018 → §12.2,KBDL-PRO-010 → profiles.md §10.1; 011 → §11.1; 012 → §12.1; 013 → §10.2; 014 → §11.2; 015 → §12.2; 016 → §10.2; 017 → §11.2; 018 → §12.2,Manual cross-module consistency review once implemented; project-owner review of KBDL-PRO-016/017/018 (not yet performed),Not verified — no implementation exists yet,KBDL-PRO-016 additionally depends on the unapproved KBDL-008 KBDL-CMP-067; KBDL-PRO-018 additionally depends on the unapproved KBDL-007 KBDL-CMP-015/036,Approval-ready item 2,"None blocking; KBDL-RSP-002, KBDL-RSP-003 cited as unapproved context only for the eventual exact grid-interaction point, not required for this item's own approval",PASS,None
KBDL-PRO-018,Recommended,Recommended,Assumed,Assumed,Not applicable,Not applicable,authoritative/prompt/decision/standard/prior Approved requirement,Not applicable — pending explicit project-owner approval; assignment of a PRO ID does not grant implementation authority,KBDL-PRO-010 → profiles.md §10.1; 011 → §11.1; 012 → §12.1; 013 → §10.2; 014 → §11.2; 015 → §12.2; 016 → §10.2; 017 → §11.2; 018 → §12.2,KBDL-PRO-010 → profiles.md §10.1; 011 → §11.1; 012 → §12.1; 013 → §10.2; 014 → §11.2; 015 → §12.2; 016 → §10.2; 017 → §11.2; 018 → §12.2,KBDL-PRO-010 → profiles.md §10.1; 011 → §11.1; 012 → §12.1; 013 → §10.2; 014 → §11.2; 015 → §12.2; 016 → §10.2; 017 → §11.2; 018 → §12.2,Manual cross-module consistency review once implemented; project-owner review of KBDL-PRO-016/017/018 (not yet performed),Not verified — no implementation exists yet,KBDL-PRO-016 additionally depends on the unapproved KBDL-008 KBDL-CMP-067; KBDL-PRO-018 additionally depends on the unapproved KBDL-007 KBDL-CMP-015/036,Contingent — §33.3; not independently approval-ready,"KBDL-CMP-015, KBDL-CMP-036 (KBDL-007) — blocking",PASS,None
KBDL-PRO-019,Approved,Approved,Confirmed,Confirmed,Not verified,Not verified,authoritative/prompt/decision/standard/prior Approved requirement,"restates the already-Approved KBDL-PRN-003, extended explicitly to per-profile mapping","KBDL-PRO-019 → profiles.md §14; 020 → §20; 021 → §21; 022 → §22; 023 → §23; 024, 025 → §24; 026, 027, 029 → §25; 028 → §8 (grouped thematically with adoption/selection governance here, but normatively located at its own authoritative record in §8, not §25)","KBDL-PRO-019 → profiles.md §14; 020 → §20; 021 → §21; 022 → §22; 023 → §23; 024, 025 → §24; 026, 027, 029 → §25; 028 → §8 (grouped thematically with adoption/selection governance here, but normatively located at its own authoritative record in §8, not §25)","KBDL-PRO-019 → profiles.md §14; 020 → §20; 021 → §21; 022 → §22; 023 → §23; 024, 025 → §24; 026, 027, 029 → §25; 028 → §8 (grouped thematically with adoption/selection governance here, but normatively located at its own authoritative record in §8, not §25)",Manual review once implemented; project-owner review of KBDL-PRO-027/028/029 (not yet performed),Not verified — no implementation exists yet,"KBDL-PRO-019–026: implementation-dependent, not yet verified. KBDL-PRO-027, 029: Recommended, grants no implementation authority pending project-owner review. KBDL-PRO-028: Recommended, grants no implementation authority pending project-owner review",None — Approved,None,PASS,None
KBDL-PRO-020,Approved,Approved,Confirmed,Confirmed,Not verified,Not verified,authoritative/prompt/decision/standard/prior Approved requirement,restates and extends the already- Approved KBDL-CMP-051 explicitly to this module's own mapping,"KBDL-PRO-019 → profiles.md §14; 020 → §20; 021 → §21; 022 → §22; 023 → §23; 024, 025 → §24; 026, 027, 029 → §25; 028 → §8 (grouped thematically with adoption/selection governance here, but normatively located at its own authoritative record in §8, not §25)","KBDL-PRO-019 → profiles.md §14; 020 → §20; 021 → §21; 022 → §22; 023 → §23; 024, 025 → §24; 026, 027, 029 → §25; 028 → §8 (grouped thematically with adoption/selection governance here, but normatively located at its own authoritative record in §8, not §25)","KBDL-PRO-019 → profiles.md §14; 020 → §20; 021 → §21; 022 → §22; 023 → §23; 024, 025 → §24; 026, 027, 029 → §25; 028 → §8 (grouped thematically with adoption/selection governance here, but normatively located at its own authoritative record in §8, not §25)",Manual review once implemented; project-owner review of KBDL-PRO-027/028/029 (not yet performed),Not verified — no implementation exists yet,"KBDL-PRO-019–026: implementation-dependent, not yet verified. KBDL-PRO-027, 029: Recommended, grants no implementation authority pending project-owner review. KBDL-PRO-028: Recommended, grants no implementation authority pending project-owner review",None — Approved,None,PASS,None
KBDL-PRO-021,Approved,Approved,Confirmed,Confirmed,Not verified,Not verified,authoritative/prompt/decision/standard/prior Approved requirement,restates and extends the already- Approved KBDL-CMP-066 explicitly to this module's own mapping,"KBDL-PRO-019 → profiles.md §14; 020 → §20; 021 → §21; 022 → §22; 023 → §23; 024, 025 → §24; 026, 027, 029 → §25; 028 → §8 (grouped thematically with adoption/selection governance here, but normatively located at its own authoritative record in §8, not §25)","KBDL-PRO-019 → profiles.md §14; 020 → §20; 021 → §21; 022 → §22; 023 → §23; 024, 025 → §24; 026, 027, 029 → §25; 028 → §8 (grouped thematically with adoption/selection governance here, but normatively located at its own authoritative record in §8, not §25)","KBDL-PRO-019 → profiles.md §14; 020 → §20; 021 → §21; 022 → §22; 023 → §23; 024, 025 → §24; 026, 027, 029 → §25; 028 → §8 (grouped thematically with adoption/selection governance here, but normatively located at its own authoritative record in §8, not §25)",Manual review once implemented; project-owner review of KBDL-PRO-027/028/029 (not yet performed),Not verified — no implementation exists yet,"KBDL-PRO-019–026: implementation-dependent, not yet verified. KBDL-PRO-027, 029: Recommended, grants no implementation authority pending project-owner review. KBDL-PRO-028: Recommended, grants no implementation authority pending project-owner review",None — Approved,None,PASS,None
KBDL-PRO-022,Approved,Approved,Confirmed,Confirmed,Not verified,Not verified,authoritative/prompt/decision/standard/prior Approved requirement,"restates the already-Approved Consumer Comprehension principle, principles.md §6.3, and the already-Approved KBDL-CMP-101/103 honest-system-state- communication rules","KBDL-PRO-019 → profiles.md §14; 020 → §20; 021 → §21; 022 → §22; 023 → §23; 024, 025 → §24; 026, 027, 029 → §25; 028 → §8 (grouped thematically with adoption/selection governance here, but normatively located at its own authoritative record in §8, not §25)","KBDL-PRO-019 → profiles.md §14; 020 → §20; 021 → §21; 022 → §22; 023 → §23; 024, 025 → §24; 026, 027, 029 → §25; 028 → §8 (grouped thematically with adoption/selection governance here, but normatively located at its own authoritative record in §8, not §25)","KBDL-PRO-019 → profiles.md §14; 020 → §20; 021 → §21; 022 → §22; 023 → §23; 024, 025 → §24; 026, 027, 029 → §25; 028 → §8 (grouped thematically with adoption/selection governance here, but normatively located at its own authoritative record in §8, not §25)",Manual review once implemented; project-owner review of KBDL-PRO-027/028/029 (not yet performed),Not verified — no implementation exists yet,"KBDL-PRO-019–026: implementation-dependent, not yet verified. KBDL-PRO-027, 029: Recommended, grants no implementation authority pending project-owner review. KBDL-PRO-028: Recommended, grants no implementation authority pending project-owner review",None — Approved,None,PASS,None
KBDL-PRO-023,Approved,Approved,Confirmed,Confirmed,Not verified,Not verified,authoritative/prompt/decision/standard/prior Approved requirement,"restates the already-Approved KBDL-CMP-063, 064, 098, 101, 103, 104 security and correctness principles, extended explicitly to profile emphasis by the approved KBDL-009 prompt's Security Requirements section","KBDL-PRO-019 → profiles.md §14; 020 → §20; 021 → §21; 022 → §22; 023 → §23; 024, 025 → §24; 026, 027, 029 → §25; 028 → §8 (grouped thematically with adoption/selection governance here, but normatively located at its own authoritative record in §8, not §25)","KBDL-PRO-019 → profiles.md §14; 020 → §20; 021 → §21; 022 → §22; 023 → §23; 024, 025 → §24; 026, 027, 029 → §25; 028 → §8 (grouped thematically with adoption/selection governance here, but normatively located at its own authoritative record in §8, not §25)","KBDL-PRO-019 → profiles.md §14; 020 → §20; 021 → §21; 022 → §22; 023 → §23; 024, 025 → §24; 026, 027, 029 → §25; 028 → §8 (grouped thematically with adoption/selection governance here, but normatively located at its own authoritative record in §8, not §25)",Manual review once implemented; project-owner review of KBDL-PRO-027/028/029 (not yet performed),Not verified — no implementation exists yet,"KBDL-PRO-019–026: implementation-dependent, not yet verified. KBDL-PRO-027, 029: Recommended, grants no implementation authority pending project-owner review. KBDL-PRO-028: Recommended, grants no implementation authority pending project-owner review",None — Approved,None,PASS,None
KBDL-PRO-024,Approved,Approved,Confirmed,Confirmed,Not verified,Not verified,authoritative/prompt/decision/standard/prior Approved requirement,restates principles.md §8 and governance.md § Exception process; project-owner-approved KBDL-009 implementation prompt,"KBDL-PRO-019 → profiles.md §14; 020 → §20; 021 → §21; 022 → §22; 023 → §23; 024, 025 → §24; 026, 027, 029 → §25; 028 → §8 (grouped thematically with adoption/selection governance here, but normatively located at its own authoritative record in §8, not §25)","KBDL-PRO-019 → profiles.md §14; 020 → §20; 021 → §21; 022 → §22; 023 → §23; 024, 025 → §24; 026, 027, 029 → §25; 028 → §8 (grouped thematically with adoption/selection governance here, but normatively located at its own authoritative record in §8, not §25)","KBDL-PRO-019 → profiles.md §14; 020 → §20; 021 → §21; 022 → §22; 023 → §23; 024, 025 → §24; 026, 027, 029 → §25; 028 → §8 (grouped thematically with adoption/selection governance here, but normatively located at its own authoritative record in §8, not §25)",Manual review once implemented; project-owner review of KBDL-PRO-027/028/029 (not yet performed),Not verified — no implementation exists yet,"KBDL-PRO-019–026: implementation-dependent, not yet verified. KBDL-PRO-027, 029: Recommended, grants no implementation authority pending project-owner review. KBDL-PRO-028: Recommended, grants no implementation authority pending project-owner review",None — Approved,None,PASS,None
KBDL-PRO-025,Approved,Approved,Confirmed,Confirmed,Not applicable,Not applicable,authoritative/prompt/decision/standard/prior Approved requirement,"scope-control requirement, explicit mandatory clause of the approved KBDL-009 prompt","KBDL-PRO-019 → profiles.md §14; 020 → §20; 021 → §21; 022 → §22; 023 → §23; 024, 025 → §24; 026, 027, 029 → §25; 028 → §8 (grouped thematically with adoption/selection governance here, but normatively located at its own authoritative record in §8, not §25)","KBDL-PRO-019 → profiles.md §14; 020 → §20; 021 → §21; 022 → §22; 023 → §23; 024, 025 → §24; 026, 027, 029 → §25; 028 → §8 (grouped thematically with adoption/selection governance here, but normatively located at its own authoritative record in §8, not §25)","KBDL-PRO-019 → profiles.md §14; 020 → §20; 021 → §21; 022 → §22; 023 → §23; 024, 025 → §24; 026, 027, 029 → §25; 028 → §8 (grouped thematically with adoption/selection governance here, but normatively located at its own authoritative record in §8, not §25)",Manual review once implemented; project-owner review of KBDL-PRO-027/028/029 (not yet performed),Not verified — no implementation exists yet,"KBDL-PRO-019–026: implementation-dependent, not yet verified. KBDL-PRO-027, 029: Recommended, grants no implementation authority pending project-owner review. KBDL-PRO-028: Recommended, grants no implementation authority pending project-owner review",None — Approved,None,PASS,None
KBDL-PRO-026,Approved,Approved,Confirmed,Confirmed,Not applicable,Not applicable,authoritative/prompt/decision/standard/prior Approved requirement,explicit mandatory field list from the approved KBDL-009 prompt's Profile Adoption and Change Management section,"KBDL-PRO-019 → profiles.md §14; 020 → §20; 021 → §21; 022 → §22; 023 → §23; 024, 025 → §24; 026, 027, 029 → §25; 028 → §8 (grouped thematically with adoption/selection governance here, but normatively located at its own authoritative record in §8, not §25)","KBDL-PRO-019 → profiles.md §14; 020 → §20; 021 → §21; 022 → §22; 023 → §23; 024, 025 → §24; 026, 027, 029 → §25; 028 → §8 (grouped thematically with adoption/selection governance here, but normatively located at its own authoritative record in §8, not §25)","KBDL-PRO-019 → profiles.md §14; 020 → §20; 021 → §21; 022 → §22; 023 → §23; 024, 025 → §24; 026, 027, 029 → §25; 028 → §8 (grouped thematically with adoption/selection governance here, but normatively located at its own authoritative record in §8, not §25)",Manual review once implemented; project-owner review of KBDL-PRO-027/028/029 (not yet performed),Not verified — no implementation exists yet,"KBDL-PRO-019–026: implementation-dependent, not yet verified. KBDL-PRO-027, 029: Recommended, grants no implementation authority pending project-owner review. KBDL-PRO-028: Recommended, grants no implementation authority pending project-owner review",None — Approved,None,PASS,None
KBDL-PRO-027,Recommended,Recommended,Assumed,Assumed,Not applicable,Not applicable,authoritative/prompt/decision/standard/prior Approved requirement,Not applicable — pending explicit project-owner approval; assignment of a PRO ID does not grant implementation authority,"KBDL-PRO-019 → profiles.md §14; 020 → §20; 021 → §21; 022 → §22; 023 → §23; 024, 025 → §24; 026, 027, 029 → §25; 028 → §8 (grouped thematically with adoption/selection governance here, but normatively located at its own authoritative record in §8, not §25)","KBDL-PRO-019 → profiles.md §14; 020 → §20; 021 → §21; 022 → §22; 023 → §23; 024, 025 → §24; 026, 027, 029 → §25; 028 → §8 (grouped thematically with adoption/selection governance here, but normatively located at its own authoritative record in §8, not §25)","KBDL-PRO-019 → profiles.md §14; 020 → §20; 021 → §21; 022 → §22; 023 → §23; 024, 025 → §24; 026, 027, 029 → §25; 028 → §8 (grouped thematically with adoption/selection governance here, but normatively located at its own authoritative record in §8, not §25)",Manual review once implemented; project-owner review of KBDL-PRO-027/028/029 (not yet performed),Not verified — no implementation exists yet,"KBDL-PRO-019–026: implementation-dependent, not yet verified. KBDL-PRO-027, 029: Recommended, grants no implementation authority pending project-owner review. KBDL-PRO-028: Recommended, grants no implementation authority pending project-owner review",Approval-ready item 3,None,PASS,None
KBDL-PRO-028,Recommended,Recommended,Assumed,Assumed,Not applicable,Not applicable,authoritative/prompt/decision/standard/prior Approved requirement,Not applicable — pending explicit project-owner approval; assignment of a PRO ID does not grant implementation authority,"KBDL-PRO-019 → profiles.md §14; 020 → §20; 021 → §21; 022 → §22; 023 → §23; 024, 025 → §24; 026, 027, 029 → §25; 028 → §8 (grouped thematically with adoption/selection governance here, but normatively located at its own authoritative record in §8, not §25)","KBDL-PRO-019 → profiles.md §14; 020 → §20; 021 → §21; 022 → §22; 023 → §23; 024, 025 → §24; 026, 027, 029 → §25; 028 → §8 (grouped thematically with adoption/selection governance here, but normatively located at its own authoritative record in §8, not §25)","KBDL-PRO-019 → profiles.md §14; 020 → §20; 021 → §21; 022 → §22; 023 → §23; 024, 025 → §24; 026, 027, 029 → §25; 028 → §8 (grouped thematically with adoption/selection governance here, but normatively located at its own authoritative record in §8, not §25)",Manual review once implemented; project-owner review of KBDL-PRO-027/028/029 (not yet performed),Not verified — no implementation exists yet,"KBDL-PRO-019–026: implementation-dependent, not yet verified. KBDL-PRO-027, 029: Recommended, grants no implementation authority pending project-owner review. KBDL-PRO-028: Recommended, grants no implementation authority pending project-owner review",Approval-ready item 4,None,PASS,None
KBDL-PRO-029,Recommended,Recommended,Assumed,Assumed,Not applicable,Not applicable,authoritative/prompt/decision/standard/prior Approved requirement,Not applicable — pending explicit project-owner approval; assignment of a PRO ID does not grant implementation authority,"KBDL-PRO-019 → profiles.md §14; 020 → §20; 021 → §21; 022 → §22; 023 → §23; 024, 025 → §24; 026, 027, 029 → §25; 028 → §8 (grouped thematically with adoption/selection governance here, but normatively located at its own authoritative record in §8, not §25)","KBDL-PRO-019 → profiles.md §14; 020 → §20; 021 → §21; 022 → §22; 023 → §23; 024, 025 → §24; 026, 027, 029 → §25; 028 → §8 (grouped thematically with adoption/selection governance here, but normatively located at its own authoritative record in §8, not §25)","KBDL-PRO-019 → profiles.md §14; 020 → §20; 021 → §21; 022 → §22; 023 → §23; 024, 025 → §24; 026, 027, 029 → §25; 028 → §8 (grouped thematically with adoption/selection governance here, but normatively located at its own authoritative record in §8, not §25)",Manual review once implemented; project-owner review of KBDL-PRO-027/028/029 (not yet performed),Not verified — no implementation exists yet,"KBDL-PRO-019–026: implementation-dependent, not yet verified. KBDL-PRO-027, 029: Recommended, grants no implementation authority pending project-owner review. KBDL-PRO-028: Recommended, grants no implementation authority pending project-owner review",Approval-ready item 5,None,PASS,None
KBDL-RSP-001,Approved,Approved,Confirmed,Confirmed,Not verified,Not verified,authoritative/prompt/decision/standard/prior Approved requirement,"Approved (directly restates the locked responsive-content-priority rule, principles.md §5.1); project-owner-approved KBDL-006 implementation prompt","responsive.md §4, §11, §12, §20, §21, §25","responsive.md §4, §11, §12, §20, §21, §25","responsive.md §4, §11, §12, §20, §21, §25",Manual reflow/zoom/orientation/order testing once an implementation exists,Not verified — no implementation exists yet,Implementation-dependent; cannot be tested until a real layout exists,None — Approved,None,PASS,None
KBDL-RSP-002,Recommended,Recommended,Assumed,Assumed,Not applicable,Not applicable,authoritative/prompt/decision/standard/prior Approved requirement,Project-owner-approved KBDL-006 implementation prompt; authoritative provenance: Assumed,"responsive.md §7, §8, §9, §10","responsive.md §7, §8, §9, §10","responsive.md §7, §8, §9, §10",Project-owner review (not yet performed); implementation-level review once an implementation exists,Not verified — no implementation exists yet,These are recommendations awaiting project-owner approval; must not be treated as Approved or implemented until that approval is recorded,responsive.md — 35.2 Recommended Decisions — Ready for Approval — item 1; responsive.md — 35.2 Recommended Decisions — Ready for Approval — item 2; responsive.md — 35.2 Recommended Decisions — Ready for Approval — item 3; responsive.md — 35.2 Recommended Decisions — Ready for Approval — item 4; responsive.md — 35.2 Recommended Decisions — Ready for Approval — item 5,None,PASS,None
KBDL-RSP-003,Recommended,Recommended,Assumed,Assumed,Not applicable,Not applicable,authoritative/prompt/decision/standard/prior Approved requirement,Project-owner-approved KBDL-006 implementation prompt; authoritative provenance: Assumed,"responsive.md §7, §8, §9, §10","responsive.md §7, §8, §9, §10","responsive.md §7, §8, §9, §10",Project-owner review (not yet performed); implementation-level review once an implementation exists,Not verified — no implementation exists yet,These are recommendations awaiting project-owner approval; must not be treated as Approved or implemented until that approval is recorded,responsive.md — 35.2 Recommended Decisions — Ready for Approval — item 2,None,PASS,None
KBDL-RSP-004,Recommended,Recommended,Assumed,Assumed,Not applicable,Not applicable,authoritative/prompt/decision/standard/prior Approved requirement,Project-owner-approved KBDL-006 implementation prompt; authoritative provenance: Assumed,"responsive.md §7, §8, §9, §10","responsive.md §7, §8, §9, §10","responsive.md §7, §8, §9, §10",Project-owner review (not yet performed); implementation-level review once an implementation exists,Not verified — no implementation exists yet,These are recommendations awaiting project-owner approval; must not be treated as Approved or implemented until that approval is recorded,responsive.md — 35.2 Recommended Decisions — Ready for Approval — item 3,None,PASS,None
KBDL-RSP-005,Recommended,Recommended,Assumed,Assumed,Not applicable,Not applicable,authoritative/prompt/decision/standard/prior Approved requirement,Project-owner-approved KBDL-006 implementation prompt; authoritative provenance: Assumed,"responsive.md §7, §8, §9, §10","responsive.md §7, §8, §9, §10","responsive.md §7, §8, §9, §10",Project-owner review (not yet performed); implementation-level review once an implementation exists,Not verified — no implementation exists yet,These are recommendations awaiting project-owner approval; must not be treated as Approved or implemented until that approval is recorded,responsive.md — 35.2 Recommended Decisions — Ready for Approval — item 4,None,PASS,None
KBDL-RSP-006,Approved,Approved,Confirmed,Confirmed,Not verified,Not verified,authoritative/prompt/decision/standard/prior Approved requirement,"Approved (directly restates WCAG 2.2 SC 1.4.10, Level AA)","responsive.md §4, §11, §12, §20, §21, §25","responsive.md §4, §11, §12, §20, §21, §25","responsive.md §4, §11, §12, §20, §21, §25",Manual reflow/zoom/orientation/order testing once an implementation exists,Not verified — no implementation exists yet,Implementation-dependent; cannot be tested until a real layout exists,None — Approved,None,PASS,None
KBDL-RSP-007,Approved,Approved,Confirmed,Confirmed,Not verified,Not verified,authoritative/prompt/decision/standard/prior Approved requirement,"Approved (directly restates WCAG 2.2 SC 1.3.2 and SC 2.4.3, both cited)","responsive.md §4, §11, §12, §20, §21, §25","responsive.md §4, §11, §12, §20, §21, §25","responsive.md §4, §11, §12, §20, §21, §25",Manual reflow/zoom/orientation/order testing once an implementation exists,Not verified — no implementation exists yet,Implementation-dependent; cannot be tested until a real layout exists,None — Approved,None,PASS,None
KBDL-RSP-008,Recommended,Recommended,Assumed,Assumed,Not verified,Not verified,authoritative/prompt/decision/standard/prior Approved requirement,Recommended (the constant-meaning rule is Approved per KBDL-PRN-006; exact collapse thresholds are new),responsive.md §13–§17,responsive.md §13–§17,responsive.md §13–§17,Manual review once implemented; project-owner review of KBDL-RSP-008/011 (not yet performed),Not verified — no implementation exists yet,Exact collapse thresholds and per-project column-priority rules remain qualitative pending implementation-level review,responsive.md — 35.2 Recommended Decisions — Ready for Approval — item 5,None,PASS,None
KBDL-RSP-009,Approved,Approved,Confirmed,Confirmed,Not verified,Not verified,authoritative/prompt/decision/standard/prior Approved requirement,"Approved (directly restates KBDL-PRN-003, Clarity Before Spectacle, and Technical Utility's density exclusion)",responsive.md §13–§17,responsive.md §13–§17,responsive.md §13–§17,Manual review once implemented; project-owner review of KBDL-RSP-008/011 (not yet performed),Not verified — no implementation exists yet,Exact collapse thresholds and per-project column-priority rules remain qualitative pending implementation-level review,None — Approved,None,PASS,None
KBDL-RSP-010,Approved,Approved,Confirmed,Confirmed,Not verified,Not verified,authoritative/prompt/decision/standard/prior Approved requirement,"Approved (directly restates foundations/iconography-media.md §2.3, §2.5); project-owner-approved KBDL-006 implementation prompt",responsive.md §13–§17,responsive.md §13–§17,responsive.md §13–§17,Manual review once implemented; project-owner review of KBDL-RSP-008/011 (not yet performed),Not verified — no implementation exists yet,Exact collapse thresholds and per-project column-priority rules remain qualitative pending implementation-level review,None — Approved,None,PASS,None
KBDL-RSP-011,Recommended,Recommended,Assumed,Assumed,Not verified,Not verified,authoritative/prompt/decision/standard/prior Approved requirement,Recommended (new KBDL-006 policy),responsive.md §13–§17,responsive.md §13–§17,responsive.md §13–§17,Manual review once implemented; project-owner review of KBDL-RSP-008/011 (not yet performed),Not verified — no implementation exists yet,Exact collapse thresholds and per-project column-priority rules remain qualitative pending implementation-level review,responsive.md — 35.2 Recommended Decisions — Ready for Approval — item 6,None,PASS,None
KBDL-RSP-012,Approved,Approved,Confirmed,Confirmed,Not verified,Not verified,authoritative/prompt/decision/standard/prior Approved requirement,"Approved (restates Showcase's documented compositional emphasis, already Approved per principles.md §9.1); project-owner-approved KBDL-006 implementation prompt",responsive.md §13–§17,responsive.md §13–§17,responsive.md §13–§17,Manual review once implemented; project-owner review of KBDL-RSP-008/011 (not yet performed),Not verified — no implementation exists yet,Exact collapse thresholds and per-project column-priority rules remain qualitative pending implementation-level review,None — Approved,None,PASS,None
KBDL-RSP-013,Approved,Approved,Confirmed,Confirmed,Not verified,Not verified,authoritative/prompt/decision/standard/prior Approved requirement,"Approved (directly restates WCAG 2.2 SC 2.4.11, Level AA)","responsive.md §18, §19, §22, §23, §24","responsive.md §18, §19, §22, §23, §24","responsive.md §18, §19, §22, §23, §24","Manual keyboard-focus, device, and cross-input testing once implemented",Not verified — no implementation exists yet,Implementation- and device-dependent,None — Approved,None,PASS,None
KBDL-RSP-014,Approved,Approved,Confirmed,Confirmed,Not verified,Not verified,authoritative/prompt/decision/standard/prior Approved requirement,Approved (restates Technical Utility's predictable-behavior quality); project-owner-approved KBDL-006 implementation prompt,"responsive.md §18, §19, §22, §23, §24","responsive.md §18, §19, §22, §23, §24","responsive.md §18, §19, §22, §23, §24","Manual keyboard-focus, device, and cross-input testing once implemented",Not verified — no implementation exists yet,Implementation- and device-dependent,None — Approved,None,PASS,None
KBDL-RSP-015,Approved,Approved,Confirmed,Confirmed,Not verified,Not verified,authoritative/prompt/decision/standard/prior Approved requirement,"Approved (directly restates WCAG 2.2 SC 1.3.4, Level AA)","responsive.md §4, §11, §12, §20, §21, §25","responsive.md §4, §11, §12, §20, §21, §25","responsive.md §4, §11, §12, §20, §21, §25",Manual reflow/zoom/orientation/order testing once an implementation exists,Not verified — no implementation exists yet,Implementation-dependent; cannot be tested until a real layout exists,None — Approved,None,PASS,None
KBDL-RSP-016,Approved,Approved,Confirmed,Confirmed,Not verified,Not verified,authoritative/prompt/decision/standard/prior Approved requirement,"Approved (directly restates WCAG 2.2 SC 1.4.4 and SC 1.4.10, both Level AA)","responsive.md §4, §11, §12, §20, §21, §25","responsive.md §4, §11, §12, §20, §21, §25","responsive.md §4, §11, §12, §20, §21, §25",Manual reflow/zoom/orientation/order testing once an implementation exists,Not verified — no implementation exists yet,Implementation-dependent; cannot be tested until a real layout exists,None — Approved,None,PASS,None
KBDL-RSP-017,Approved,Approved,Confirmed,Confirmed,Not verified,Not verified,authoritative/prompt/decision/standard/prior Approved requirement,"Approved (restates motion/accessibility-performance.md §4, already Approved, extended with layout detail); project-owner-approved KBDL-006 implementation prompt","responsive.md §18, §19, §22, §23, §24","responsive.md §18, §19, §22, §23, §24","responsive.md §18, §19, §22, §23, §24","Manual keyboard-focus, device, and cross-input testing once implemented",Not verified — no implementation exists yet,Implementation- and device-dependent,None — Approved,None,PASS,None
KBDL-RSP-018,Approved,Approved,Confirmed,Confirmed,Not verified,Not verified,authoritative/prompt/decision/standard/prior Approved requirement,"Approved (directly restates WCAG 2.2 SC 2.5.1 and SC 2.5.2, both Level A)","responsive.md §18, §19, §22, §23, §24","responsive.md §18, §19, §22, §23, §24","responsive.md §18, §19, §22, §23, §24","Manual keyboard-focus, device, and cross-input testing once implemented",Not verified — no implementation exists yet,Implementation- and device-dependent,None — Approved,None,PASS,None
KBDL-RSP-019,Approved,Approved,Confirmed,Confirmed,Not verified,Not verified,authoritative/prompt/decision/standard/prior Approved requirement,"Approved (directly restates WCAG 2.2 SC 1.4.13, Level AA)","responsive.md §18, §19, §22, §23, §24","responsive.md §18, §19, §22, §23, §24","responsive.md §18, §19, §22, §23, §24","Manual keyboard-focus, device, and cross-input testing once implemented",Not verified — no implementation exists yet,Implementation- and device-dependent,None — Approved,None,PASS,None
KBDL-RSP-020,Approved,Approved,Confirmed,Confirmed,Not verified,Not verified,authoritative/prompt/decision/standard/prior Approved requirement,"Approved (directly restates WCAG 2.2 SC 2.4.3, Level A)","responsive.md §4, §11, §12, §20, §21, §25","responsive.md §4, §11, §12, §20, §21, §25","responsive.md §4, §11, §12, §20, §21, §25",Manual reflow/zoom/orientation/order testing once an implementation exists,Not verified — no implementation exists yet,Implementation-dependent; cannot be tested until a real layout exists,None — Approved,None,PASS,None
KBDL-RSP-021,Approved,Approved,Confirmed,Confirmed,Not verified,Not verified,authoritative/prompt/decision/standard/prior Approved requirement,"Approved (restates motion/foundations.md §4, already Approved); project-owner-approved KBDL-006 implementation prompt","responsive.md §26, §27","responsive.md §26, §27","responsive.md §26, §27",Manual review; implementation-level performance measurement once an implementation exists,Not verified — no implementation exists yet,Performance claims cannot be Verified without a real implementation to measure,None — Approved,None,PASS,None
KBDL-RSP-022,Approved,Approved,Confirmed,Confirmed,Not verified,Not verified,authoritative/prompt/decision/standard/prior Approved requirement,Approved (restates principles.md §6.9); project-owner-approved KBDL-006 implementation prompt,"responsive.md §26, §27","responsive.md §26, §27","responsive.md §26, §27",Manual review; implementation-level performance measurement once an implementation exists,Not verified — no implementation exists yet,Performance claims cannot be Verified without a real implementation to measure,None — Approved,None,PASS,None
KBDL-THM-001,Approved,Approved,Confirmed,Confirmed,Not verified,Not verified,authoritative/prompt/decision/standard/prior Approved requirement,Project-owner-approved KBDL-004 implementation prompt; authoritative provenance: Confirmed,themes/semantic-roles.md §1,themes/semantic-roles.md §1,themes/semantic-roles.md §1,Manual review of role usage against the inventory at each later module's approval gate,Not verified — no component module exists yet to check role usage against,Cannot be fully validated until component modules (CMP) exist,None — Approved,None,PASS,None
KBDL-THM-002,Approved,Approved,Confirmed,Confirmed,Verified,Verified,authoritative/prompt/decision/standard/prior Approved requirement,Project-owner-approved KBDL-004 implementation prompt; authoritative provenance: Confirmed,themes/semantic-roles.md §2,themes/semantic-roles.md §2,themes/semantic-roles.md §2,"Direct count of every role in the inventory against the actual light and dark mapping tables (re-run under KBDL-004-R1 and again under KBDL-004-R3, not a re-assertion of the prior report each time)","Parity matrix in themes/semantic-roles.md § Parity Matrix — 72 unique roles, 72 light mappings, 72 dark mappings, 1 role-level alias (corrected under KBDL-004-R3, previously miscounted as 2), 0 unresolved; recorded in the KBDL-004-R3 commit. The KBDL-004-R1 re-run found and fixed a real table-formatting defect (an inserted paragraph had broken the Status Families table in light-theme.md §5, orphaning its ""Neutral status"" row)",None identified,None — Approved,None,PASS,None
KBDL-THM-003,Approved,Approved,Confirmed,Confirmed,Not verified,Not verified,authoritative/prompt/decision/standard/prior Approved requirement,"Approved — directly and explicitly stated in the KBDL-004 preconditions (""explicit user theme choice taking precedence where a control exists"" and ""system preference as the default source when no user choice exists""); project-owner-approved KBDL-004 implementation prompt",themes/README.md §5,themes/README.md §5,themes/README.md §5,Manual review of precedence logic once implemented,Not verified — no implementation exists yet,Cannot be validated until an implementation exists,None — Approved,None,PASS,None
KBDL-THM-004,Approved,Approved,"User-provided (project-owner approval, see KBDL-DEC-013)","User-provided (project-owner approval, see KBDL-DEC-013)",Not verified,Not verified,authoritative/prompt/decision/standard/prior Approved requirement,"Project-owner-approved KBDL-004 implementation prompt; authoritative provenance: User-provided (project-owner approval, see KBDL-DEC-013)",themes/README.md §7,themes/README.md §7,themes/README.md §7,Manual review of persistence design once implemented; project-owner review (performed for approval scope),"Not verified — no implementation exists yet; approval is a lifecycle decision, not validation evidence",Cannot be validated until an implementation exists,None — Approved,None,PASS,None
KBDL-THM-005,Approved,Approved,Confirmed,Confirmed,Not verified,Not verified,authoritative/prompt/decision/standard/prior Approved requirement,"Approved — directly derived from the locked, already- approved accessibility rule in governance.md § KBDL-GOV-002 and principles.md §6.8; accessibility cannot be weakened by a project override","themes/adaptation.md §1.2, themes/README.md §8","themes/adaptation.md §1.2, themes/README.md §8","themes/adaptation.md §1.2, themes/README.md §8",Manual review of any project theme against the documented boundaries; manual cross-profile review once the project-profiles module is approved,Not verified — no project theme or PRO module exists yet,Cannot be fully validated until PRO requirements exist,None — Approved,None,PASS,None
KBDL-THM-006,Approved,Approved,Confirmed,Confirmed,Not verified,Not verified,authoritative/prompt/decision/standard/prior Approved requirement,Project-owner-approved KBDL-004 implementation prompt; authoritative provenance: Confirmed,"themes/adaptation.md §1.2, themes/README.md §8","themes/adaptation.md §1.2, themes/README.md §8","themes/adaptation.md §1.2, themes/README.md §8",Manual review of any project theme against the documented boundaries; manual cross-profile review once the project-profiles module is approved,Not verified — no project theme or PRO module exists yet,Cannot be fully validated until PRO requirements exist,None — Approved,None,PASS,None
KBDL-THM-007,Approved,Approved,User-provided (project-owner approval),User-provided (project-owner approval),Mixed — Verified / Not verified,Mixed — Verified / Not verified,authoritative/prompt/decision/standard/prior Approved requirement,Approved (opaque mappings only; the three excluded opacity values remain Recommended); project-owner-approved KBDL-004 implementation prompt,"themes/light-theme.md §1–§7, themes/dark-theme.md §1–§8","themes/light-theme.md §1–§7, themes/dark-theme.md §1–§8","themes/light-theme.md §1–§7, themes/dark-theme.md §1–§8","WCAG relative-luminance contrast calculation via a local dependency-free script (completed for opaque pairs); project-owner review (performed for approval scope, per KBDL-DEC-013)","themes/validation.md §3 — 52 pairs tested, all opaque, all passing their applicable threshold except 4 explicitly decorative-exempt borders/gridlines. The two Informational failures identified in the original KBDL-004 report (3.78:1, 4.21:1) are resolved by a revised hue (#164499) for the Text/Icon/Border/Strong-surface roles, with neutral-10 correctly retained for On-strong-surface content (role assignment corrected under KBDL-004-R2) — see adaptation.md §5.2. The Media caption row was corrected under KBDL-004-R2 to describe a fully opaque neutral-100 band (17.17:1 is directly correct for this pair, not inherited or assumed)","Approval covers the opaque mappings only; opacity values must not be treated as Approved or implemented until a future decision addresses them. The dark theme was independently designed, not inverted from light — see dark-theme.md § Design Strategy for the neutral-60/neutral-50 asymmetry this produced. Translucent opacity values remain entirely out of scope for this row",None — Approved,None,PASS,None
KBDL-THM-008,Approved,Approved,User-provided (project-owner approval),User-provided (project-owner approval),Mixed — Verified / Not verified,Mixed — Verified / Not verified,authoritative/prompt/decision/standard/prior Approved requirement,Approved (opaque mappings only; the three excluded opacity values remain Recommended); project-owner-approved KBDL-004 implementation prompt,"themes/light-theme.md §1–§7, themes/dark-theme.md §1–§8","themes/light-theme.md §1–§7, themes/dark-theme.md §1–§8","themes/light-theme.md §1–§7, themes/dark-theme.md §1–§8","WCAG relative-luminance contrast calculation via a local dependency-free script (completed for opaque pairs); project-owner review (performed for approval scope, per KBDL-DEC-013)","themes/validation.md §3 — 52 pairs tested, all opaque, all passing their applicable threshold except 4 explicitly decorative-exempt borders/gridlines. The two Informational failures identified in the original KBDL-004 report (3.78:1, 4.21:1) are resolved by a revised hue (#164499) for the Text/Icon/Border/Strong-surface roles, with neutral-10 correctly retained for On-strong-surface content (role assignment corrected under KBDL-004-R2) — see adaptation.md §5.2. The Media caption row was corrected under KBDL-004-R2 to describe a fully opaque neutral-100 band (17.17:1 is directly correct for this pair, not inherited or assumed)","Approval covers the opaque mappings only; opacity values must not be treated as Approved or implemented until a future decision addresses them. The dark theme was independently designed, not inverted from light — see dark-theme.md § Design Strategy for the neutral-60/neutral-50 asymmetry this produced. Translucent opacity values remain entirely out of scope for this row",None — Approved,None,PASS,None
KBDL-THM-009,Approved,Approved,User-provided (project-owner approval),User-provided (project-owner approval),Mixed — Verified / Not verified,Mixed — Verified / Not verified,authoritative/prompt/decision/standard/prior Approved requirement,Project-owner-approved KBDL-004 implementation prompt; authoritative provenance: User-provided (project-owner approval),"themes/adaptation.md §5, §4, §6","themes/adaptation.md §5, §4, §6","themes/adaptation.md §5, §4, §6","WCAG contrast calculation (completed for status pairs and the opaque gradient caption substitute); manual review (color-expression, performed for approval scope)","themes/validation.md §3 for the recalculated pairs and themes/adaptation.md §5.2 for the Informational correction record. themes/adaptation.md §4.3 documents both gradient endpoints tested against both candidate text colors and the corrected, fully-opaque caption-band resolution (KBDL-004-R2)","New dark-mode status hues (#7CC4FF, #6FD19A, #E0A840, #FF8A80) were introduced here since the light-mode-only values from KBDL-003 fail contrast against a dark canvas; these dark hues, along with the light-mode Informational value revised to #164499 under KBDL-004-R1, are now Approved as part of the theme layer under KBDL-004-A1 (its correct role assignment — #164499 for Text/Icon/Border/Strong-surface, neutral-10 for On-strong-surface content — was clarified under KBDL-004-R2). Any translucent caption-band variant remains outside this row's approved scope",None — Approved,None,PASS,None
KBDL-THM-010,Approved,Approved,User-provided (project-owner approval),User-provided (project-owner approval),Mixed — Verified / Not verified,Mixed — Verified / Not verified,authoritative/prompt/decision/standard/prior Approved requirement,Approved (opaque caption-band strategy only; translucent variants remain Not verified and excluded),"themes/adaptation.md §5, §4, §6","themes/adaptation.md §5, §4, §6","themes/adaptation.md §5, §4, §6","WCAG contrast calculation (completed for status pairs and the opaque gradient caption substitute); manual review (color-expression, performed for approval scope)","themes/validation.md §3 for the recalculated pairs and themes/adaptation.md §5.2 for the Informational correction record. themes/adaptation.md §4.3 documents both gradient endpoints tested against both candidate text colors and the corrected, fully-opaque caption-band resolution (KBDL-004-R2)","New dark-mode status hues (#7CC4FF, #6FD19A, #E0A840, #FF8A80) were introduced here since the light-mode-only values from KBDL-003 fail contrast against a dark canvas; these dark hues, along with the light-mode Informational value revised to #164499 under KBDL-004-R1, are now Approved as part of the theme layer under KBDL-004-A1 (its correct role assignment — #164499 for Text/Icon/Border/Strong-surface, neutral-10 for On-strong-surface content — was clarified under KBDL-004-R2). Any translucent caption-band variant remains outside this row's approved scope",None — Approved,None,PASS,None
KBDL-THM-011,Approved,Approved,User-provided (project-owner approval),User-provided (project-owner approval),Not applicable,Not applicable,authoritative/prompt/decision/standard/prior Approved requirement,Project-owner-approved KBDL-004 implementation prompt; authoritative provenance: User-provided (project-owner approval),"themes/adaptation.md §5, §4, §6","themes/adaptation.md §5, §4, §6","themes/adaptation.md §5, §4, §6","WCAG contrast calculation (completed for status pairs and the opaque gradient caption substitute); manual review (color-expression, performed for approval scope)","themes/validation.md §3 for the recalculated pairs and themes/adaptation.md §5.2 for the Informational correction record. themes/adaptation.md §4.3 documents both gradient endpoints tested against both candidate text colors and the corrected, fully-opaque caption-band resolution (KBDL-004-R2)","New dark-mode status hues (#7CC4FF, #6FD19A, #E0A840, #FF8A80) were introduced here since the light-mode-only values from KBDL-003 fail contrast against a dark canvas; these dark hues, along with the light-mode Informational value revised to #164499 under KBDL-004-R1, are now Approved as part of the theme layer under KBDL-004-A1 (its correct role assignment — #164499 for Text/Icon/Border/Strong-surface, neutral-10 for On-strong-surface content — was clarified under KBDL-004-R2). Any translucent caption-band variant remains outside this row's approved scope",None — Approved,None,PASS,None
KBDL-THM-012,Approved,Approved,User-provided (project-owner approval),User-provided (project-owner approval),Not verified,Not verified,authoritative/prompt/decision/standard/prior Approved requirement,Approved (conceptual guidance only; no timing/easing value exists or is approved here); project-owner-approved KBDL-004 implementation prompt,themes/adaptation.md §7,themes/adaptation.md §7,themes/adaptation.md §7,Manual review confirming no timing/easing values were introduced (performed); manual review confirming reduced-motion behavior once implemented,Manual scope-compliance review recorded in the KBDL-004 commit — confirmed zero millisecond/easing values anywhere in docs/kbdl/themes/,"Exact timing/easing depends entirely on KBDL-005, which is eligible for its own future prompt and has not been started by this approval",None — Approved,None,PASS,None
KBDL-THM-012a,Approved,Approved,Confirmed,Confirmed,Not verified,Not verified,authoritative/prompt/decision/standard/prior Approved requirement,Approved — directly derived from the already-approved enhanced motion-safety requirement (decision-register.md § KBDL-DEC-010),themes/adaptation.md §7,themes/adaptation.md §7,themes/adaptation.md §7,Manual review confirming no timing/easing values were introduced (performed); manual review confirming reduced-motion behavior once implemented,Manual scope-compliance review recorded in the KBDL-004 commit — confirmed zero millisecond/easing values anywhere in docs/kbdl/themes/,"Exact timing/easing depends entirely on KBDL-005, which is eligible for its own future prompt and has not been started by this approval",None — Approved,None,PASS,None
KBDL-THM-013,Approved,Approved,User-provided (project-owner approval),User-provided (project-owner approval),Not verified,Not verified,authoritative/prompt/decision/standard/prior Approved requirement,Project-owner-approved KBDL-004 implementation prompt; authoritative provenance: User-provided (project-owner approval),themes/README.md §5,themes/README.md §5,themes/README.md §5,"Manual review of the full precedence flow once implemented; project-owner review (performed for approval scope, not for implementation)","Not verified — approval is a lifecycle decision, not validation evidence",Cannot be validated until an implementation exists,None — Approved,None,PASS,None
KBDL-THM-014,Approved,Approved,User-provided (project-owner approval),User-provided (project-owner approval),Not verified,Not verified,authoritative/prompt/decision/standard/prior Approved requirement,Project-owner-approved KBDL-004 implementation prompt; authoritative provenance: User-provided (project-owner approval),"themes/adaptation.md §1.1, §1.3","themes/adaptation.md §1.1, §1.3","themes/adaptation.md §1.1, §1.3",Manual review of the override list once a project theme exists; project-owner review (performed for approval scope),"Not verified — approval is a lifecycle decision, not validation evidence",Cannot be validated until a project theme exists,None — Approved,None,PASS,None
KBDL-THM-015,Approved,Approved,User-provided (project-owner approval),User-provided (project-owner approval),Not verified,Not verified,authoritative/prompt/decision/standard/prior Approved requirement,Project-owner-approved KBDL-004 implementation prompt; authoritative provenance: User-provided (project-owner approval),themes/adaptation.md §2,themes/adaptation.md §2,themes/adaptation.md §2,Manual review of context usage against the defined set and rules once implemented; project-owner review (performed for approval scope),"Not verified — approval is a lifecycle decision, not validation evidence",Cannot be validated until an implementation exists,None — Approved,None,PASS,None
KBDL-VAL-001,Approved,Approved,Confirmed,Confirmed,Verified,Verified,authoritative/prompt/decision/standard/prior Approved requirement,approved KBDL-011 prompt,001 → §4; 002 → §8; 003 → §9 and §12; 004 → §11,001 → §4; 002 → §8; 003 → §9 and §12; 004 → §11,001 → §4; 002 → §8; 003 → §9 and §12; 004 → §11,"001: class-assignment audit; 002: repository inventory parser; 003: lifecycle/authority comparison; 004: validation-label/evidence comparison. Executed results are recorded in §4, §8, §9, and §11","Executed evidence — 001: class-assignment audit; 002: repository inventory parser; 003: lifecycle/authority comparison; 004: validation-label/evidence comparison. Executed results are recorded in §4, §8, §9, and §11",These methods validate repository evidence only; they do not execute an implementation,None — Approved,None,PASS,None
KBDL-VAL-002,Approved,Approved,Confirmed,Confirmed,Verified,Verified,authoritative/prompt/decision/standard/prior Approved requirement,approved prompt,001 → §4; 002 → §8; 003 → §9 and §12; 004 → §11,001 → §4; 002 → §8; 003 → §9 and §12; 004 → §11,001 → §4; 002 → §8; 003 → §9 and §12; 004 → §11,"001: class-assignment audit; 002: repository inventory parser; 003: lifecycle/authority comparison; 004: validation-label/evidence comparison. Executed results are recorded in §4, §8, §9, and §11","Executed evidence — 001: class-assignment audit; 002: repository inventory parser; 003: lifecycle/authority comparison; 004: validation-label/evidence comparison. Executed results are recorded in §4, §8, §9, and §11",These methods validate repository evidence only; they do not execute an implementation,None — Approved,None,PASS,None
KBDL-VAL-003,Approved,Approved,Confirmed,Confirmed,Verified,Verified,authoritative/prompt/decision/standard/prior Approved requirement,approved prompt and GOV-003,001 → §4; 002 → §8; 003 → §9 and §12; 004 → §11,001 → §4; 002 → §8; 003 → §9 and §12; 004 → §11,001 → §4; 002 → §8; 003 → §9 and §12; 004 → §11,"001: class-assignment audit; 002: repository inventory parser; 003: lifecycle/authority comparison; 004: validation-label/evidence comparison. Executed results are recorded in §4, §8, §9, and §11","Executed evidence — 001: class-assignment audit; 002: repository inventory parser; 003: lifecycle/authority comparison; 004: validation-label/evidence comparison. Executed results are recorded in §4, §8, §9, and §11",These methods validate repository evidence only; they do not execute an implementation,None — Approved,None,PASS,None
KBDL-VAL-004,Approved,Approved,Confirmed,Confirmed,Verified,Verified,authoritative/prompt/decision/standard/prior Approved requirement,approved prompt and GOV-003,001 → §4; 002 → §8; 003 → §9 and §12; 004 → §11,001 → §4; 002 → §8; 003 → §9 and §12; 004 → §11,001 → §4; 002 → §8; 003 → §9 and §12; 004 → §11,"001: class-assignment audit; 002: repository inventory parser; 003: lifecycle/authority comparison; 004: validation-label/evidence comparison. Executed results are recorded in §4, §8, §9, and §11","Executed evidence — 001: class-assignment audit; 002: repository inventory parser; 003: lifecycle/authority comparison; 004: validation-label/evidence comparison. Executed results are recorded in §4, §8, §9, and §11",These methods validate repository evidence only; they do not execute an implementation,None — Approved,None,PASS,None
KBDL-VAL-005,Approved,Approved,Confirmed,Confirmed,Verified,Verified,authoritative/prompt/decision/standard/prior Approved requirement,approved prompt,005 → §13 and §14; 006 → §15; 007 → §16; 008 → §17 through §28,005 → §13 and §14; 006 → §15; 007 → §16; 008 → §17 through §28,005 → §13 and §14; 006 → §15; 007 → §16; 008 → §17 through §28,"005: decision/pending ledger audit; 006: per-ID traceability audit; 007: link, anchor, heading, table, ID, roadmap, and claim checks; 008: static invariant comparison. Executed evidence is recorded in the linked sections","Executed evidence — 005: decision/pending ledger audit; 006: per-ID traceability audit; 007: link, anchor, heading, table, ID, roadmap, and claim checks; 008: static invariant comparison. Executed evidence is recorded in the linked sections","Static agreement does not establish runtime, assistive-technology, device, security, or production conformance",None — Approved,None,PASS,None
KBDL-VAL-006,Approved,Approved,Confirmed,Confirmed,Verified,Verified,authoritative/prompt/decision/standard/prior Approved requirement,approved prompt,005 → §13 and §14; 006 → §15; 007 → §16; 008 → §17 through §28,005 → §13 and §14; 006 → §15; 007 → §16; 008 → §17 through §28,005 → §13 and §14; 006 → §15; 007 → §16; 008 → §17 through §28,"005: decision/pending ledger audit; 006: per-ID traceability audit; 007: link, anchor, heading, table, ID, roadmap, and claim checks; 008: static invariant comparison. Executed evidence is recorded in the linked sections","Executed evidence — 005: decision/pending ledger audit; 006: per-ID traceability audit; 007: link, anchor, heading, table, ID, roadmap, and claim checks; 008: static invariant comparison. Executed evidence is recorded in the linked sections","Static agreement does not establish runtime, assistive-technology, device, security, or production conformance",None — Approved,None,PASS,None
KBDL-VAL-007,Approved,Approved,Confirmed,Confirmed,Verified,Verified,authoritative/prompt/decision/standard/prior Approved requirement,approved prompt,005 → §13 and §14; 006 → §15; 007 → §16; 008 → §17 through §28,005 → §13 and §14; 006 → §15; 007 → §16; 008 → §17 through §28,005 → §13 and §14; 006 → §15; 007 → §16; 008 → §17 through §28,"005: decision/pending ledger audit; 006: per-ID traceability audit; 007: link, anchor, heading, table, ID, roadmap, and claim checks; 008: static invariant comparison. Executed evidence is recorded in the linked sections","Executed evidence — 005: decision/pending ledger audit; 006: per-ID traceability audit; 007: link, anchor, heading, table, ID, roadmap, and claim checks; 008: static invariant comparison. Executed evidence is recorded in the linked sections","Static agreement does not establish runtime, assistive-technology, device, security, or production conformance",None — Approved,None,PASS,None
KBDL-VAL-008,Approved,Approved,Confirmed,Confirmed,Not verified,Not verified,authoritative/prompt/decision/standard/prior Approved requirement,approved prompt and prior shared-architecture rules,005 → §13 and §14; 006 → §15; 007 → §16; 008 → §17 through §28,005 → §13 and §14; 006 → §15; 007 → §16; 008 → §17 through §28,005 → §13 and §14; 006 → §15; 007 → §16; 008 → §17 through §28,"005: decision/pending ledger audit; 006: per-ID traceability audit; 007: link, anchor, heading, table, ID, roadmap, and claim checks; 008: static invariant comparison. Executed evidence is recorded in the linked sections","Executed evidence — 005: decision/pending ledger audit; 006: per-ID traceability audit; 007: link, anchor, heading, table, ID, roadmap, and claim checks; 008: static invariant comparison. Executed evidence is recorded in the linked sections","Static agreement does not establish runtime, assistive-technology, device, security, or production conformance",None — Approved,None,PASS,None
KBDL-VAL-009,Approved,Approved,Confirmed,Confirmed,Verified,Verified,authoritative/prompt/decision/standard/prior Approved requirement,approved prompt,009 → §20; 010 → §29; 011 → §30; 012 → §41,009 → §20; 010 → §29; 011 → §30; 012 → §41,009 → §20; 010 → §29; 011 → §30; 012 → §41,009: independently executed WCAG opaque-color contrast calculation; 010: implementation-evidence ledger audit; 011: project-evidence/exclusion ledger audit; 012: completion-claim and approval-gate audit. Results are retained in the linked sections and validator artifacts named there,Executed evidence — 009: independently executed WCAG opaque-color contrast calculation; 010: implementation-evidence ledger audit; 011: project-evidence/exclusion ledger audit; 012: completion-claim and approval-gate audit. Results are retained in the linked sections and validator artifacts named there,"009 excludes unknown alpha/media contexts; 010 and 011 verify ledger honesty, not implementation or project conformance; 012 records a pending gate",None — Approved,None,PASS,None
KBDL-VAL-010,Approved,Approved,Confirmed,Confirmed,Not verified,Not verified,authoritative/prompt/decision/standard/prior Approved requirement,approved prompt,009 → §20; 010 → §29; 011 → §30; 012 → §41,009 → §20; 010 → §29; 011 → §30; 012 → §41,009 → §20; 010 → §29; 011 → §30; 012 → §41,009: independently executed WCAG opaque-color contrast calculation; 010: implementation-evidence ledger audit; 011: project-evidence/exclusion ledger audit; 012: completion-claim and approval-gate audit. Results are retained in the linked sections and validator artifacts named there,Executed evidence — 009: independently executed WCAG opaque-color contrast calculation; 010: implementation-evidence ledger audit; 011: project-evidence/exclusion ledger audit; 012: completion-claim and approval-gate audit. Results are retained in the linked sections and validator artifacts named there,"009 excludes unknown alpha/media contexts; 010 and 011 verify ledger honesty, not implementation or project conformance; 012 records a pending gate",None — Approved,Future implementation,PASS,None
KBDL-VAL-011,Approved,Approved,Confirmed,Confirmed,Not verified,Not verified,authoritative/prompt/decision/standard/prior Approved requirement,approved prompt,009 → §20; 010 → §29; 011 → §30; 012 → §41,009 → §20; 010 → §29; 011 → §30; 012 → §41,009 → §20; 010 → §29; 011 → §30; 012 → §41,009: independently executed WCAG opaque-color contrast calculation; 010: implementation-evidence ledger audit; 011: project-evidence/exclusion ledger audit; 012: completion-claim and approval-gate audit. Results are retained in the linked sections and validator artifacts named there,Executed evidence — 009: independently executed WCAG opaque-color contrast calculation; 010: implementation-evidence ledger audit; 011: project-evidence/exclusion ledger audit; 012: completion-claim and approval-gate audit. Results are retained in the linked sections and validator artifacts named there,"009 excludes unknown alpha/media contexts; 010 and 011 verify ledger honesty, not implementation or project conformance; 012 records a pending gate",None — Approved,Adopting project,PASS,None
KBDL-VAL-012,Approved,Approved,Confirmed,Confirmed,Verified,Verified,authoritative/prompt/decision/standard/prior Approved requirement,approved KBDL-011 prompt,009 → §20; 010 → §29; 011 → §30; 012 → §41,009 → §20; 010 → §29; 011 → §30; 012 → §41,009 → §20; 010 → §29; 011 → §30; 012 → §41,009: independently executed WCAG opaque-color contrast calculation; 010: implementation-evidence ledger audit; 011: project-evidence/exclusion ledger audit; 012: completion-claim and approval-gate audit. Results are retained in the linked sections and validator artifacts named there,Executed evidence — 009: independently executed WCAG opaque-color contrast calculation; 010: implementation-evidence ledger audit; 011: project-evidence/exclusion ledger audit; 012: completion-claim and approval-gate audit. Results are retained in the linked sections and validator artifacts named there,"009 excludes unknown alpha/media contexts; 010 and 011 verify ledger honesty, not implementation or project conformance; 012 records a pending gate",None — Approved,Planning-agent and project-owner review,PASS,None
