Requirement ID,Validation method,Validation evidence,Known limitation,Method copied as evidence,Generic limitation
KBDL-A11Y-001,"WCAG relative-luminance contrast calculation (completed for contrast/focus rows); manual + automated static accessibility review, keyboard testing, screen-reader testing, and flash analysis (all pending an implementation)",themes/validation.md §3 for the three Verified rows; not verified for the rest,"This document does not claim full WCAG conformance, screen-reader compatibility, or real-device support — those require an implementation and recorded test evidence",False,False
KBDL-A11Y-002,"WCAG relative-luminance contrast calculation (completed for contrast/focus rows); manual + automated static accessibility review, keyboard testing, screen-reader testing, and flash analysis (all pending an implementation)",themes/validation.md §3 for the three Verified rows; not verified for the rest,"This document does not claim full WCAG conformance, screen-reader compatibility, or real-device support — those require an implementation and recorded test evidence",False,False
KBDL-A11Y-003,"WCAG relative-luminance contrast calculation (completed for contrast/focus rows); manual + automated static accessibility review, keyboard testing, screen-reader testing, and flash analysis (all pending an implementation)",themes/validation.md §3 for the three Verified rows; not verified for the rest,"This document does not claim full WCAG conformance, screen-reader compatibility, or real-device support — those require an implementation and recorded test evidence",False,False
KBDL-A11Y-004,"WCAG relative-luminance contrast calculation (completed for contrast/focus rows); manual + automated static accessibility review, keyboard testing, screen-reader testing, and flash analysis (all pending an implementation)",themes/validation.md §3 for the three Verified rows; not verified for the rest,"This document does not claim full WCAG conformance, screen-reader compatibility, or real-device support — those require an implementation and recorded test evidence",False,False
KBDL-A11Y-005,"WCAG relative-luminance contrast calculation (completed for contrast/focus rows); manual + automated static accessibility review, keyboard testing, screen-reader testing, and flash analysis (all pending an implementation)",themes/validation.md §3 for the three Verified rows; not verified for the rest,"This document does not claim full WCAG conformance, screen-reader compatibility, or real-device support — those require an implementation and recorded test evidence",False,False
KBDL-A11Y-006,"WCAG relative-luminance contrast calculation (completed for contrast/focus rows); manual + automated static accessibility review, keyboard testing, screen-reader testing, and flash analysis (all pending an implementation)",themes/validation.md §3 for the three Verified rows; not verified for the rest,"This document does not claim full WCAG conformance, screen-reader compatibility, or real-device support — those require an implementation and recorded test evidence",False,False
KBDL-A11Y-007,"WCAG relative-luminance contrast calculation (completed for contrast/focus rows); manual + automated static accessibility review, keyboard testing, screen-reader testing, and flash analysis (all pending an implementation)",themes/validation.md §3 for the three Verified rows; not verified for the rest,"This document does not claim full WCAG conformance, screen-reader compatibility, or real-device support — those require an implementation and recorded test evidence",False,False
KBDL-A11Y-008,"WCAG relative-luminance contrast calculation (completed for contrast/focus rows); manual + automated static accessibility review, keyboard testing, screen-reader testing, and flash analysis (all pending an implementation)",themes/validation.md §3 for the three Verified rows; not verified for the rest,"This document does not claim full WCAG conformance, screen-reader compatibility, or real-device support — those require an implementation and recorded test evidence",False,False
KBDL-A11Y-009,"WCAG relative-luminance contrast calculation (completed for contrast/focus rows); manual + automated static accessibility review, keyboard testing, screen-reader testing, and flash analysis (all pending an implementation)",themes/validation.md §3 for the three Verified rows; not verified for the rest,"This document does not claim full WCAG conformance, screen-reader compatibility, or real-device support — those require an implementation and recorded test evidence",False,False
KBDL-A11Y-010,"WCAG relative-luminance contrast calculation (completed for contrast/focus rows); manual + automated static accessibility review, keyboard testing, screen-reader testing, and flash analysis (all pending an implementation)",themes/validation.md §3 for the three Verified rows; not verified for the rest,"This document does not claim full WCAG conformance, screen-reader compatibility, or real-device support — those require an implementation and recorded test evidence",False,False
KBDL-A11Y-011,Project-owner review (not yet performed); implementation-level review once an implementation exists,Not verified — no implementation exists yet,Forced-colors/high-contrast mode is currently unaddressed elsewhere in the specification and was explicitly excluded from the KBDL-004 theme approval (KBDL-DEC-013); these three requirements must not be treated as Approved until reviewed,False,False
KBDL-A11Y-012,"WCAG relative-luminance contrast calculation (completed for contrast/focus rows); manual + automated static accessibility review, keyboard testing, screen-reader testing, and flash analysis (all pending an implementation)",themes/validation.md §3 for the three Verified rows; not verified for the rest,"This document does not claim full WCAG conformance, screen-reader compatibility, or real-device support — those require an implementation and recorded test evidence",False,False
KBDL-A11Y-013,"WCAG relative-luminance contrast calculation (completed for contrast/focus rows); manual + automated static accessibility review, keyboard testing, screen-reader testing, and flash analysis (all pending an implementation)",themes/validation.md §3 for the three Verified rows; not verified for the rest,"This document does not claim full WCAG conformance, screen-reader compatibility, or real-device support — those require an implementation and recorded test evidence",False,False
KBDL-A11Y-014,"WCAG relative-luminance contrast calculation (completed for contrast/focus rows); manual + automated static accessibility review, keyboard testing, screen-reader testing, and flash analysis (all pending an implementation)",themes/validation.md §3 for the three Verified rows; not verified for the rest,"This document does not claim full WCAG conformance, screen-reader compatibility, or real-device support — those require an implementation and recorded test evidence",False,False
KBDL-A11Y-015,"WCAG relative-luminance contrast calculation (completed for contrast/focus rows); manual + automated static accessibility review, keyboard testing, screen-reader testing, and flash analysis (all pending an implementation)",themes/validation.md §3 for the three Verified rows; not verified for the rest,"This document does not claim full WCAG conformance, screen-reader compatibility, or real-device support — those require an implementation and recorded test evidence",False,False
KBDL-A11Y-016,"WCAG relative-luminance contrast calculation (completed for contrast/focus rows); manual + automated static accessibility review, keyboard testing, screen-reader testing, and flash analysis (all pending an implementation)",themes/validation.md §3 for the three Verified rows; not verified for the rest,"This document does not claim full WCAG conformance, screen-reader compatibility, or real-device support — those require an implementation and recorded test evidence",False,False
KBDL-A11Y-017,"WCAG relative-luminance contrast calculation (completed for contrast/focus rows); manual + automated static accessibility review, keyboard testing, screen-reader testing, and flash analysis (all pending an implementation)",themes/validation.md §3 for the three Verified rows; not verified for the rest,"This document does not claim full WCAG conformance, screen-reader compatibility, or real-device support — those require an implementation and recorded test evidence",False,False
KBDL-A11Y-018,"WCAG relative-luminance contrast calculation (completed for contrast/focus rows); manual + automated static accessibility review, keyboard testing, screen-reader testing, and flash analysis (all pending an implementation)",themes/validation.md §3 for the three Verified rows; not verified for the rest,"This document does not claim full WCAG conformance, screen-reader compatibility, or real-device support — those require an implementation and recorded test evidence",False,False
KBDL-A11Y-019,"WCAG relative-luminance contrast calculation (completed for contrast/focus rows); manual + automated static accessibility review, keyboard testing, screen-reader testing, and flash analysis (all pending an implementation)",themes/validation.md §3 for the three Verified rows; not verified for the rest,"This document does not claim full WCAG conformance, screen-reader compatibility, or real-device support — those require an implementation and recorded test evidence",False,False
KBDL-A11Y-020,"WCAG relative-luminance contrast calculation (completed for contrast/focus rows); manual + automated static accessibility review, keyboard testing, screen-reader testing, and flash analysis (all pending an implementation)",themes/validation.md §3 for the three Verified rows; not verified for the rest,"This document does not claim full WCAG conformance, screen-reader compatibility, or real-device support — those require an implementation and recorded test evidence",False,False
KBDL-A11Y-021,Project-owner review (not yet performed); implementation-level review once an implementation exists,Not verified — no implementation exists yet,Forced-colors/high-contrast mode is currently unaddressed elsewhere in the specification and was explicitly excluded from the KBDL-004 theme approval (KBDL-DEC-013); these three requirements must not be treated as Approved until reviewed,False,False
KBDL-A11Y-022,"WCAG relative-luminance contrast calculation (completed for contrast/focus rows); manual + automated static accessibility review, keyboard testing, screen-reader testing, and flash analysis (all pending an implementation)",themes/validation.md §3 for the three Verified rows; not verified for the rest,"This document does not claim full WCAG conformance, screen-reader compatibility, or real-device support — those require an implementation and recorded test evidence",False,False
KBDL-A11Y-023,"WCAG relative-luminance contrast calculation (completed for contrast/focus rows); manual + automated static accessibility review, keyboard testing, screen-reader testing, and flash analysis (all pending an implementation)",themes/validation.md §3 for the three Verified rows; not verified for the rest,"This document does not claim full WCAG conformance, screen-reader compatibility, or real-device support — those require an implementation and recorded test evidence",False,False
KBDL-A11Y-024,"WCAG relative-luminance contrast calculation (completed for contrast/focus rows); manual + automated static accessibility review, keyboard testing, screen-reader testing, and flash analysis (all pending an implementation)",themes/validation.md §3 for the three Verified rows; not verified for the rest,"This document does not claim full WCAG conformance, screen-reader compatibility, or real-device support — those require an implementation and recorded test evidence",False,False
KBDL-A11Y-025,"WCAG relative-luminance contrast calculation (completed for contrast/focus rows); manual + automated static accessibility review, keyboard testing, screen-reader testing, and flash analysis (all pending an implementation)",themes/validation.md §3 for the three Verified rows; not verified for the rest,"This document does not claim full WCAG conformance, screen-reader compatibility, or real-device support — those require an implementation and recorded test evidence",False,False
KBDL-A11Y-026,"WCAG relative-luminance contrast calculation (completed for contrast/focus rows); manual + automated static accessibility review, keyboard testing, screen-reader testing, and flash analysis (all pending an implementation)",themes/validation.md §3 for the three Verified rows; not verified for the rest,"This document does not claim full WCAG conformance, screen-reader compatibility, or real-device support — those require an implementation and recorded test evidence",False,False
KBDL-A11Y-027,"WCAG relative-luminance contrast calculation (completed for contrast/focus rows); manual + automated static accessibility review, keyboard testing, screen-reader testing, and flash analysis (all pending an implementation)",themes/validation.md §3 for the three Verified rows; not verified for the rest,"This document does not claim full WCAG conformance, screen-reader compatibility, or real-device support — those require an implementation and recorded test evidence",False,False
KBDL-A11Y-028,"WCAG relative-luminance contrast calculation (completed for contrast/focus rows); manual + automated static accessibility review, keyboard testing, screen-reader testing, and flash analysis (all pending an implementation)",themes/validation.md §3 for the three Verified rows; not verified for the rest,"This document does not claim full WCAG conformance, screen-reader compatibility, or real-device support — those require an implementation and recorded test evidence",False,False
KBDL-A11Y-029,"WCAG relative-luminance contrast calculation (completed for contrast/focus rows); manual + automated static accessibility review, keyboard testing, screen-reader testing, and flash analysis (all pending an implementation)",themes/validation.md §3 for the three Verified rows; not verified for the rest,"This document does not claim full WCAG conformance, screen-reader compatibility, or real-device support — those require an implementation and recorded test evidence",False,False
KBDL-A11Y-030,"WCAG relative-luminance contrast calculation (completed for contrast/focus rows); manual + automated static accessibility review, keyboard testing, screen-reader testing, and flash analysis (all pending an implementation)",themes/validation.md §3 for the three Verified rows; not verified for the rest,"This document does not claim full WCAG conformance, screen-reader compatibility, or real-device support — those require an implementation and recorded test evidence",False,False
KBDL-A11Y-031,"WCAG relative-luminance contrast calculation (completed for contrast/focus rows); manual + automated static accessibility review, keyboard testing, screen-reader testing, and flash analysis (all pending an implementation)",themes/validation.md §3 for the three Verified rows; not verified for the rest,"This document does not claim full WCAG conformance, screen-reader compatibility, or real-device support — those require an implementation and recorded test evidence",False,False
KBDL-A11Y-032,"WCAG relative-luminance contrast calculation (completed for contrast/focus rows); manual + automated static accessibility review, keyboard testing, screen-reader testing, and flash analysis (all pending an implementation)",themes/validation.md §3 for the three Verified rows; not verified for the rest,"This document does not claim full WCAG conformance, screen-reader compatibility, or real-device support — those require an implementation and recorded test evidence",False,False
KBDL-A11Y-033,"WCAG relative-luminance contrast calculation (completed for contrast/focus rows); manual + automated static accessibility review, keyboard testing, screen-reader testing, and flash analysis (all pending an implementation)",themes/validation.md §3 for the three Verified rows; not verified for the rest,"This document does not claim full WCAG conformance, screen-reader compatibility, or real-device support — those require an implementation and recorded test evidence",False,False
KBDL-A11Y-034,"WCAG relative-luminance contrast calculation (completed for contrast/focus rows); manual + automated static accessibility review, keyboard testing, screen-reader testing, and flash analysis (all pending an implementation)",themes/validation.md §3 for the three Verified rows; not verified for the rest,"This document does not claim full WCAG conformance, screen-reader compatibility, or real-device support — those require an implementation and recorded test evidence",False,False
KBDL-A11Y-035,Project-owner review (not yet performed); implementation-level review once an implementation exists,Not verified — no implementation exists yet,Forced-colors/high-contrast mode is currently unaddressed elsewhere in the specification and was explicitly excluded from the KBDL-004 theme approval (KBDL-DEC-013); these three requirements must not be treated as Approved until reviewed,False,False
KBDL-A11Y-036,"WCAG relative-luminance contrast calculation (completed for contrast/focus rows); manual + automated static accessibility review, keyboard testing, screen-reader testing, and flash analysis (all pending an implementation)",themes/validation.md §3 for the three Verified rows; not verified for the rest,"This document does not claim full WCAG conformance, screen-reader compatibility, or real-device support — those require an implementation and recorded test evidence",False,False
KBDL-A11Y-037,"WCAG relative-luminance contrast calculation (completed for contrast/focus rows); manual + automated static accessibility review, keyboard testing, screen-reader testing, and flash analysis (all pending an implementation)",themes/validation.md §3 for the three Verified rows; not verified for the rest,"This document does not claim full WCAG conformance, screen-reader compatibility, or real-device support — those require an implementation and recorded test evidence",False,False
KBDL-A11Y-038,"WCAG relative-luminance contrast calculation (completed for contrast/focus rows); manual + automated static accessibility review, keyboard testing, screen-reader testing, and flash analysis (all pending an implementation)",themes/validation.md §3 for the three Verified rows; not verified for the rest,"This document does not claim full WCAG conformance, screen-reader compatibility, or real-device support — those require an implementation and recorded test evidence",False,False
KBDL-A11Y-039,"WCAG relative-luminance contrast calculation (completed for contrast/focus rows); manual + automated static accessibility review, keyboard testing, screen-reader testing, and flash analysis (all pending an implementation)",themes/validation.md §3 for the three Verified rows; not verified for the rest,"This document does not claim full WCAG conformance, screen-reader compatibility, or real-device support — those require an implementation and recorded test evidence",False,False
KBDL-A11Y-040,"WCAG relative-luminance contrast calculation (completed for contrast/focus rows); manual + automated static accessibility review, keyboard testing, screen-reader testing, and flash analysis (all pending an implementation)",themes/validation.md §3 for the three Verified rows; not verified for the rest,"This document does not claim full WCAG conformance, screen-reader compatibility, or real-device support — those require an implementation and recorded test evidence",False,False
KBDL-CMP-001,"Manual completeness/mapping review per component once implemented; manual scope-compliance review (performed, see implementation report)",Not verified — no implementation exists yet,Implementation-dependent; cannot be tested until real components exist,False,False
KBDL-CMP-002,"Manual completeness/mapping review per component once implemented; manual scope-compliance review (performed, see implementation report)",Not verified — no implementation exists yet,Implementation-dependent; cannot be tested until real components exist,False,False
KBDL-CMP-003,"Manual completeness/mapping review per component once implemented; manual scope-compliance review (performed, see implementation report)",Not verified — no implementation exists yet,Implementation-dependent; cannot be tested until real components exist,False,False
KBDL-CMP-004,"Manual completeness/mapping review per component once implemented; manual scope-compliance review (performed, see implementation report)",Not verified — no implementation exists yet,Implementation-dependent; cannot be tested until real components exist,False,False
KBDL-CMP-005,"Manual completeness/mapping review per component once implemented; manual scope-compliance review (performed, see implementation report)",Not verified — no implementation exists yet,Implementation-dependent; cannot be tested until real components exist,False,False
KBDL-CMP-006,"Manual completeness/mapping review per component once implemented; manual scope-compliance review (performed, see implementation report)",Not verified — no implementation exists yet,Implementation-dependent; cannot be tested until real components exist,False,False
KBDL-CMP-007,"Manual completeness/mapping review per component once implemented; manual scope-compliance review (performed, see implementation report)",Not verified — no implementation exists yet,Implementation-dependent; cannot be tested until real components exist,False,False
KBDL-CMP-008,"Manual completeness/mapping review per component once implemented; manual scope-compliance review (performed, see implementation report)",Not verified — no implementation exists yet,Implementation-dependent; cannot be tested until real components exist,False,False
KBDL-CMP-009,"Manual completeness/mapping review per component once implemented; manual scope-compliance review (performed, see implementation report)",Not verified — no implementation exists yet,Implementation-dependent; cannot be tested until real components exist,False,False
KBDL-CMP-010,"Manual completeness/mapping review per component once implemented; manual scope-compliance review (performed, see implementation report)",Not verified — no implementation exists yet,Implementation-dependent; cannot be tested until real components exist,False,False
KBDL-CMP-011,"Manual completeness/mapping review per component once implemented; manual scope-compliance review (performed, see implementation report)",Not verified — no implementation exists yet,Implementation-dependent; cannot be tested until real components exist,False,False
KBDL-CMP-012,"Manual completeness/mapping review per component once implemented; manual scope-compliance review (performed, see implementation report)",Not verified — no implementation exists yet,Implementation-dependent; cannot be tested until real components exist,False,False
KBDL-CMP-013,"Manual completeness/mapping review per component once implemented; manual scope-compliance review (performed, see implementation report)",Not verified — no implementation exists yet,Implementation-dependent; cannot be tested until real components exist,False,False
KBDL-CMP-014,"Manual + automated static accessibility review, manual keyboard/ARIA review once implemented; project-owner review of KBDL-CMP-015/017/020 (not yet performed)",Not verified — no implementation exists yet,Implementation-dependent,False,False
KBDL-CMP-015,"Manual + automated static accessibility review, manual keyboard/ARIA review once implemented; project-owner review of KBDL-CMP-015/017/020 (not yet performed)",Not verified — no implementation exists yet,Implementation-dependent,False,False
KBDL-CMP-016,"Manual + automated static accessibility review, manual keyboard/ARIA review once implemented; project-owner review of KBDL-CMP-015/017/020 (not yet performed)",Not verified — no implementation exists yet,Implementation-dependent,False,False
KBDL-CMP-017,"Manual + automated static accessibility review, manual keyboard/ARIA review once implemented; project-owner review of KBDL-CMP-015/017/020 (not yet performed)",Not verified — no implementation exists yet,Implementation-dependent,False,False
KBDL-CMP-018,"Manual + automated static accessibility review, manual keyboard/ARIA review once implemented; project-owner review of KBDL-CMP-015/017/020 (not yet performed)",Not verified — no implementation exists yet,Implementation-dependent,False,False
KBDL-CMP-019,"Manual + automated static accessibility review, manual keyboard/ARIA review once implemented; project-owner review of KBDL-CMP-015/017/020 (not yet performed)",Not verified — no implementation exists yet,Implementation-dependent,False,False
KBDL-CMP-020,"Manual + automated static accessibility review, manual keyboard/ARIA review once implemented; project-owner review of KBDL-CMP-015/017/020 (not yet performed)",Not verified — no implementation exists yet,Implementation-dependent,False,False
KBDL-CMP-021,"Manual + automated static accessibility review, manual keyboard/ARIA review once implemented; project-owner review of KBDL-CMP-015/017/020 (not yet performed)",Not verified — no implementation exists yet,Implementation-dependent,False,False
KBDL-CMP-022,Manual + automated static accessibility review once implemented; project-owner review of KBDL-CMP-025/029/036 (not yet performed),Not verified — no implementation exists yet,Implementation-dependent,False,False
KBDL-CMP-023,Manual + automated static accessibility review once implemented; project-owner review of KBDL-CMP-025/029/036 (not yet performed),Not verified — no implementation exists yet,Implementation-dependent,False,False
KBDL-CMP-024,Manual + automated static accessibility review once implemented; project-owner review of KBDL-CMP-025/029/036 (not yet performed),Not verified — no implementation exists yet,Implementation-dependent,False,False
KBDL-CMP-025,Manual + automated static accessibility review once implemented; project-owner review of KBDL-CMP-025/029/036 (not yet performed),Not verified — no implementation exists yet,Implementation-dependent,False,False
KBDL-CMP-026,Manual + automated static accessibility review once implemented; project-owner review of KBDL-CMP-025/029/036 (not yet performed),Not verified — no implementation exists yet,Implementation-dependent,False,False
KBDL-CMP-027,Manual + automated static accessibility review once implemented; project-owner review of KBDL-CMP-025/029/036 (not yet performed),Not verified — no implementation exists yet,Implementation-dependent,False,False
KBDL-CMP-028,Manual + automated static accessibility review once implemented; project-owner review of KBDL-CMP-025/029/036 (not yet performed),Not verified — no implementation exists yet,Implementation-dependent,False,False
KBDL-CMP-029,Manual + automated static accessibility review once implemented; project-owner review of KBDL-CMP-025/029/036 (not yet performed),Not verified — no implementation exists yet,Implementation-dependent,False,False
KBDL-CMP-030,Manual + automated static accessibility review once implemented; project-owner review of KBDL-CMP-025/029/036 (not yet performed),Not verified — no implementation exists yet,Implementation-dependent,False,False
KBDL-CMP-031,Manual + automated static accessibility review once implemented; project-owner review of KBDL-CMP-025/029/036 (not yet performed),Not verified — no implementation exists yet,Implementation-dependent,False,False
KBDL-CMP-032,Manual + automated static accessibility review once implemented; project-owner review of KBDL-CMP-025/029/036 (not yet performed),Not verified — no implementation exists yet,Implementation-dependent,False,False
KBDL-CMP-033,Manual + automated static accessibility review once implemented; project-owner review of KBDL-CMP-025/029/036 (not yet performed),Not verified — no implementation exists yet,Implementation-dependent,False,False
KBDL-CMP-034,Manual + automated static accessibility review once implemented; project-owner review of KBDL-CMP-025/029/036 (not yet performed),Not verified — no implementation exists yet,Implementation-dependent,False,False
KBDL-CMP-035,Manual + automated static accessibility review once implemented; project-owner review of KBDL-CMP-025/029/036 (not yet performed),Not verified — no implementation exists yet,Implementation-dependent,False,False
KBDL-CMP-036,Manual + automated static accessibility review once implemented; project-owner review of KBDL-CMP-025/029/036 (not yet performed),Not verified — no implementation exists yet,Implementation-dependent,False,False
KBDL-CMP-037,Manual + automated static accessibility review once implemented; project-owner review of KBDL-CMP-025/029/036 (not yet performed),Not verified — no implementation exists yet,Implementation-dependent,False,False
KBDL-CMP-038,Manual keyboard/ARIA review once implemented; project-owner review of KBDL-CMP-041/044/046/048 (not yet performed),Not verified — no implementation exists yet,KBDL-CMP-041 additionally depends on the unapproved KBDL-RSP-002/008 and cannot be approved independently of them,False,False
KBDL-CMP-039,Manual keyboard/ARIA review once implemented; project-owner review of KBDL-CMP-041/044/046/048 (not yet performed),Not verified — no implementation exists yet,KBDL-CMP-041 additionally depends on the unapproved KBDL-RSP-002/008 and cannot be approved independently of them,False,False
KBDL-CMP-040,Manual keyboard/ARIA review once implemented; project-owner review of KBDL-CMP-041/044/046/048 (not yet performed),Not verified — no implementation exists yet,KBDL-CMP-041 additionally depends on the unapproved KBDL-RSP-002/008 and cannot be approved independently of them,False,False
KBDL-CMP-041,Manual keyboard/ARIA review once implemented; project-owner review of KBDL-CMP-041/044/046/048 (not yet performed),Not verified — no implementation exists yet,KBDL-CMP-041 additionally depends on the unapproved KBDL-RSP-002/008 and cannot be approved independently of them,False,False
KBDL-CMP-042,Manual keyboard/ARIA review once implemented; project-owner review of KBDL-CMP-041/044/046/048 (not yet performed),Not verified — no implementation exists yet,KBDL-CMP-041 additionally depends on the unapproved KBDL-RSP-002/008 and cannot be approved independently of them,False,False
KBDL-CMP-043,Manual keyboard/ARIA review once implemented; project-owner review of KBDL-CMP-041/044/046/048 (not yet performed),Not verified — no implementation exists yet,KBDL-CMP-041 additionally depends on the unapproved KBDL-RSP-002/008 and cannot be approved independently of them,False,False
KBDL-CMP-044,Manual keyboard/ARIA review once implemented; project-owner review of KBDL-CMP-041/044/046/048 (not yet performed),Not verified — no implementation exists yet,KBDL-CMP-041 additionally depends on the unapproved KBDL-RSP-002/008 and cannot be approved independently of them,False,False
KBDL-CMP-045,Manual keyboard/ARIA review once implemented; project-owner review of KBDL-CMP-041/044/046/048 (not yet performed),Not verified — no implementation exists yet,KBDL-CMP-041 additionally depends on the unapproved KBDL-RSP-002/008 and cannot be approved independently of them,False,False
KBDL-CMP-046,Manual keyboard/ARIA review once implemented; project-owner review of KBDL-CMP-041/044/046/048 (not yet performed),Not verified — no implementation exists yet,KBDL-CMP-041 additionally depends on the unapproved KBDL-RSP-002/008 and cannot be approved independently of them,False,False
KBDL-CMP-047,Manual keyboard/ARIA review once implemented; project-owner review of KBDL-CMP-041/044/046/048 (not yet performed),Not verified — no implementation exists yet,KBDL-CMP-041 additionally depends on the unapproved KBDL-RSP-002/008 and cannot be approved independently of them,False,False
KBDL-CMP-048,Manual keyboard/ARIA review once implemented; project-owner review of KBDL-CMP-041/044/046/048 (not yet performed),Not verified — no implementation exists yet,KBDL-CMP-041 additionally depends on the unapproved KBDL-RSP-002/008 and cannot be approved independently of them,False,False
KBDL-CMP-049,Manual keyboard/ARIA review once implemented; project-owner review of KBDL-CMP-041/044/046/048 (not yet performed),Not verified — no implementation exists yet,KBDL-CMP-041 additionally depends on the unapproved KBDL-RSP-002/008 and cannot be approved independently of them,False,False
KBDL-CMP-050,"Manual completeness/mapping review per component once implemented; manual scope-compliance review (performed, see implementation report)",Not verified — no implementation exists yet,Implementation-dependent; cannot be tested until real components exist,False,False
KBDL-CMP-051,"Manual completeness/mapping review per component once implemented; manual scope-compliance review (performed, see implementation report)",Not verified — no implementation exists yet,Implementation-dependent; cannot be tested until real components exist,False,False
KBDL-CMP-052,Manual semantic-structure and DOM-relationship review once implemented; project-owner review of KBDL-CMP-067/069 (not yet performed),Not verified — no implementation exists yet,Implementation-dependent,False,False
KBDL-CMP-053,Manual semantic-structure and DOM-relationship review once implemented; project-owner review of KBDL-CMP-067/069 (not yet performed),Not verified — no implementation exists yet,Implementation-dependent,False,False
KBDL-CMP-054,Manual semantic-structure and DOM-relationship review once implemented; project-owner review of KBDL-CMP-067/069 (not yet performed),Not verified — no implementation exists yet,Implementation-dependent,False,False
KBDL-CMP-055,Manual semantic-structure and DOM-relationship review once implemented; project-owner review of KBDL-CMP-067/069 (not yet performed),Not verified — no implementation exists yet,Implementation-dependent,False,False
KBDL-CMP-056,"Manual focus-containment, keyboard, and ARIA-relationship review once implemented; project-owner review of the Recommended subset (not yet performed)",Not verified — no implementation exists yet,KBDL-CMP-083 additionally notes that navigation-drawer use remains bound by the unapproved KBDL-CMP-041 (KBDL-007) regardless of this item's own approval,False,False
KBDL-CMP-057,"Manual focus-containment, keyboard, and ARIA-relationship review once implemented; project-owner review of the Recommended subset (not yet performed)",Not verified — no implementation exists yet,KBDL-CMP-083 additionally notes that navigation-drawer use remains bound by the unapproved KBDL-CMP-041 (KBDL-007) regardless of this item's own approval,False,False
KBDL-CMP-058,"Manual focus-containment, keyboard, and ARIA-relationship review once implemented; project-owner review of the Recommended subset (not yet performed)",Not verified — no implementation exists yet,KBDL-CMP-083 additionally notes that navigation-drawer use remains bound by the unapproved KBDL-CMP-041 (KBDL-007) regardless of this item's own approval,False,False
KBDL-CMP-059,"Manual focus-containment, keyboard, and ARIA-relationship review once implemented; project-owner review of the Recommended subset (not yet performed)",Not verified — no implementation exists yet,KBDL-CMP-083 additionally notes that navigation-drawer use remains bound by the unapproved KBDL-CMP-041 (KBDL-007) regardless of this item's own approval,False,False
KBDL-CMP-060,"Manual focus-containment, keyboard, and ARIA-relationship review once implemented; project-owner review of the Recommended subset (not yet performed)",Not verified — no implementation exists yet,KBDL-CMP-083 additionally notes that navigation-drawer use remains bound by the unapproved KBDL-CMP-041 (KBDL-007) regardless of this item's own approval,False,False
KBDL-CMP-061,"Manual live-region, role, and content-classification review once implemented; project-owner review of KBDL-CMP-089/091 (not yet performed)",Not verified — no implementation exists yet,Implementation-dependent,False,False
KBDL-CMP-062,Manual semantic-structure and DOM-relationship review once implemented; project-owner review of KBDL-CMP-067/069 (not yet performed),Not verified — no implementation exists yet,Implementation-dependent,False,False
KBDL-CMP-063,Manual review once implemented; project-owner review of the Recommended subset (not yet performed),Not verified — no implementation exists yet,KBDL-CMP-105 additionally cites the unapproved KBDL-RSP-011 as related context; KBDL-CMP-111 additionally depends on the eventual KBDL-RSP-002 value for its exact trigger point,False,False
KBDL-CMP-064,Manual review once implemented; project-owner review of the Recommended subset (not yet performed),Not verified — no implementation exists yet,KBDL-CMP-105 additionally cites the unapproved KBDL-RSP-011 as related context; KBDL-CMP-111 additionally depends on the eventual KBDL-RSP-002 value for its exact trigger point,False,False
KBDL-CMP-065,Manual semantic-structure and DOM-relationship review once implemented; project-owner review of KBDL-CMP-067/069 (not yet performed),Not verified — no implementation exists yet,Implementation-dependent,False,False
KBDL-CMP-066,Manual review once implemented; project-owner review of the Recommended subset (not yet performed),Not verified — no implementation exists yet,KBDL-CMP-105 additionally cites the unapproved KBDL-RSP-011 as related context; KBDL-CMP-111 additionally depends on the eventual KBDL-RSP-002 value for its exact trigger point,False,False
KBDL-CMP-067,Manual semantic-structure and DOM-relationship review once implemented; project-owner review of KBDL-CMP-067/069 (not yet performed),Not verified — no implementation exists yet,Implementation-dependent,False,False
KBDL-CMP-068,Manual semantic-structure and DOM-relationship review once implemented; project-owner review of KBDL-CMP-067/069 (not yet performed),Not verified — no implementation exists yet,Implementation-dependent,False,False
KBDL-CMP-069,Manual semantic-structure and DOM-relationship review once implemented; project-owner review of KBDL-CMP-067/069 (not yet performed),Not verified — no implementation exists yet,Implementation-dependent,False,False
KBDL-CMP-070,Manual semantic-structure and DOM-relationship review once implemented; project-owner review of KBDL-CMP-067/069 (not yet performed),Not verified — no implementation exists yet,Implementation-dependent,False,False
KBDL-CMP-071,"Manual focus-containment, keyboard, and ARIA-relationship review once implemented; project-owner review of the Recommended subset (not yet performed)",Not verified — no implementation exists yet,KBDL-CMP-083 additionally notes that navigation-drawer use remains bound by the unapproved KBDL-CMP-041 (KBDL-007) regardless of this item's own approval,False,False
KBDL-CMP-072,"Manual focus-containment, keyboard, and ARIA-relationship review once implemented; project-owner review of the Recommended subset (not yet performed)",Not verified — no implementation exists yet,KBDL-CMP-083 additionally notes that navigation-drawer use remains bound by the unapproved KBDL-CMP-041 (KBDL-007) regardless of this item's own approval,False,False
KBDL-CMP-073,"Manual focus-containment, keyboard, and ARIA-relationship review once implemented; project-owner review of the Recommended subset (not yet performed)",Not verified — no implementation exists yet,KBDL-CMP-083 additionally notes that navigation-drawer use remains bound by the unapproved KBDL-CMP-041 (KBDL-007) regardless of this item's own approval,False,False
KBDL-CMP-074,"Manual focus-containment, keyboard, and ARIA-relationship review once implemented; project-owner review of the Recommended subset (not yet performed)",Not verified — no implementation exists yet,KBDL-CMP-083 additionally notes that navigation-drawer use remains bound by the unapproved KBDL-CMP-041 (KBDL-007) regardless of this item's own approval,False,False
KBDL-CMP-075,"Manual focus-containment, keyboard, and ARIA-relationship review once implemented; project-owner review of the Recommended subset (not yet performed)",Not verified — no implementation exists yet,KBDL-CMP-083 additionally notes that navigation-drawer use remains bound by the unapproved KBDL-CMP-041 (KBDL-007) regardless of this item's own approval,False,False
KBDL-CMP-076,"Manual focus-containment, keyboard, and ARIA-relationship review once implemented; project-owner review of the Recommended subset (not yet performed)",Not verified — no implementation exists yet,KBDL-CMP-083 additionally notes that navigation-drawer use remains bound by the unapproved KBDL-CMP-041 (KBDL-007) regardless of this item's own approval,False,False
KBDL-CMP-077,"Manual focus-containment, keyboard, and ARIA-relationship review once implemented; project-owner review of the Recommended subset (not yet performed)",Not verified — no implementation exists yet,KBDL-CMP-083 additionally notes that navigation-drawer use remains bound by the unapproved KBDL-CMP-041 (KBDL-007) regardless of this item's own approval,False,False
KBDL-CMP-078,"Manual focus-containment, keyboard, and ARIA-relationship review once implemented; project-owner review of the Recommended subset (not yet performed)",Not verified — no implementation exists yet,KBDL-CMP-083 additionally notes that navigation-drawer use remains bound by the unapproved KBDL-CMP-041 (KBDL-007) regardless of this item's own approval,False,False
KBDL-CMP-079,"Manual focus-containment, keyboard, and ARIA-relationship review once implemented; project-owner review of the Recommended subset (not yet performed)",Not verified — no implementation exists yet,KBDL-CMP-083 additionally notes that navigation-drawer use remains bound by the unapproved KBDL-CMP-041 (KBDL-007) regardless of this item's own approval,False,False
KBDL-CMP-080,"Manual focus-containment, keyboard, and ARIA-relationship review once implemented; project-owner review of the Recommended subset (not yet performed)",Not verified — no implementation exists yet,KBDL-CMP-083 additionally notes that navigation-drawer use remains bound by the unapproved KBDL-CMP-041 (KBDL-007) regardless of this item's own approval,False,False
KBDL-CMP-081,"Manual focus-containment, keyboard, and ARIA-relationship review once implemented; project-owner review of the Recommended subset (not yet performed)",Not verified — no implementation exists yet,KBDL-CMP-083 additionally notes that navigation-drawer use remains bound by the unapproved KBDL-CMP-041 (KBDL-007) regardless of this item's own approval,False,False
KBDL-CMP-082,"Manual focus-containment, keyboard, and ARIA-relationship review once implemented; project-owner review of the Recommended subset (not yet performed)",Not verified — no implementation exists yet,KBDL-CMP-083 additionally notes that navigation-drawer use remains bound by the unapproved KBDL-CMP-041 (KBDL-007) regardless of this item's own approval,False,False
KBDL-CMP-083,"Manual focus-containment, keyboard, and ARIA-relationship review once implemented; project-owner review of the Recommended subset (not yet performed)",Not verified — no implementation exists yet,KBDL-CMP-083 additionally notes that navigation-drawer use remains bound by the unapproved KBDL-CMP-041 (KBDL-007) regardless of this item's own approval,False,False
KBDL-CMP-084,"Manual focus-containment, keyboard, and ARIA-relationship review once implemented; project-owner review of the Recommended subset (not yet performed)",Not verified — no implementation exists yet,KBDL-CMP-083 additionally notes that navigation-drawer use remains bound by the unapproved KBDL-CMP-041 (KBDL-007) regardless of this item's own approval,False,False
KBDL-CMP-085,"Manual focus-containment, keyboard, and ARIA-relationship review once implemented; project-owner review of the Recommended subset (not yet performed)",Not verified — no implementation exists yet,KBDL-CMP-083 additionally notes that navigation-drawer use remains bound by the unapproved KBDL-CMP-041 (KBDL-007) regardless of this item's own approval,False,False
KBDL-CMP-086,"Manual live-region, role, and content-classification review once implemented; project-owner review of KBDL-CMP-089/091 (not yet performed)",Not verified — no implementation exists yet,Implementation-dependent,False,False
KBDL-CMP-087,"Manual live-region, role, and content-classification review once implemented; project-owner review of KBDL-CMP-089/091 (not yet performed)",Not verified — no implementation exists yet,Implementation-dependent,False,False
KBDL-CMP-088,"Manual live-region, role, and content-classification review once implemented; project-owner review of KBDL-CMP-089/091 (not yet performed)",Not verified — no implementation exists yet,Implementation-dependent,False,False
KBDL-CMP-089,"Manual live-region, role, and content-classification review once implemented; project-owner review of KBDL-CMP-089/091 (not yet performed)",Not verified — no implementation exists yet,Implementation-dependent,False,False
KBDL-CMP-090,"Manual live-region, role, and content-classification review once implemented; project-owner review of KBDL-CMP-089/091 (not yet performed)",Not verified — no implementation exists yet,Implementation-dependent,False,False
KBDL-CMP-091,"Manual live-region, role, and content-classification review once implemented; project-owner review of KBDL-CMP-089/091 (not yet performed)",Not verified — no implementation exists yet,Implementation-dependent,False,False
KBDL-CMP-092,"Manual live-region, role, and content-classification review once implemented; project-owner review of KBDL-CMP-089/091 (not yet performed)",Not verified — no implementation exists yet,Implementation-dependent,False,False
KBDL-CMP-093,"Manual live-region, role, and content-classification review once implemented; project-owner review of KBDL-CMP-089/091 (not yet performed)",Not verified — no implementation exists yet,Implementation-dependent,False,False
KBDL-CMP-094,"Manual live-region, role, and content-classification review once implemented; project-owner review of KBDL-CMP-089/091 (not yet performed)",Not verified — no implementation exists yet,Implementation-dependent,False,False
KBDL-CMP-095,"Manual live-region, role, and content-classification review once implemented; project-owner review of KBDL-CMP-089/091 (not yet performed)",Not verified — no implementation exists yet,Implementation-dependent,False,False
KBDL-CMP-096,"Manual live-region, role, and content-classification review once implemented; project-owner review of KBDL-CMP-089/091 (not yet performed)",Not verified — no implementation exists yet,Implementation-dependent,False,False
KBDL-CMP-097,Manual review once implemented; project-owner review of the Recommended subset (not yet performed),Not verified — no implementation exists yet,KBDL-CMP-105 additionally cites the unapproved KBDL-RSP-011 as related context; KBDL-CMP-111 additionally depends on the eventual KBDL-RSP-002 value for its exact trigger point,False,False
KBDL-CMP-098,"Manual live-region, role, and content-classification review once implemented; project-owner review of KBDL-CMP-089/091 (not yet performed)",Not verified — no implementation exists yet,Implementation-dependent,False,False
KBDL-CMP-099,Manual review once implemented; project-owner review of the Recommended subset (not yet performed),Not verified — no implementation exists yet,KBDL-CMP-105 additionally cites the unapproved KBDL-RSP-011 as related context; KBDL-CMP-111 additionally depends on the eventual KBDL-RSP-002 value for its exact trigger point,False,False
KBDL-CMP-100,Manual review once implemented; project-owner review of the Recommended subset (not yet performed),Not verified — no implementation exists yet,KBDL-CMP-105 additionally cites the unapproved KBDL-RSP-011 as related context; KBDL-CMP-111 additionally depends on the eventual KBDL-RSP-002 value for its exact trigger point,False,False
KBDL-CMP-101,Manual review once implemented; project-owner review of the Recommended subset (not yet performed),Not verified — no implementation exists yet,KBDL-CMP-105 additionally cites the unapproved KBDL-RSP-011 as related context; KBDL-CMP-111 additionally depends on the eventual KBDL-RSP-002 value for its exact trigger point,False,False
KBDL-CMP-102,Manual review once implemented; project-owner review of the Recommended subset (not yet performed),Not verified — no implementation exists yet,KBDL-CMP-105 additionally cites the unapproved KBDL-RSP-011 as related context; KBDL-CMP-111 additionally depends on the eventual KBDL-RSP-002 value for its exact trigger point,False,False
KBDL-CMP-103,Manual review once implemented; project-owner review of the Recommended subset (not yet performed),Not verified — no implementation exists yet,KBDL-CMP-105 additionally cites the unapproved KBDL-RSP-011 as related context; KBDL-CMP-111 additionally depends on the eventual KBDL-RSP-002 value for its exact trigger point,False,False
KBDL-CMP-104,Manual review once implemented; project-owner review of the Recommended subset (not yet performed),Not verified — no implementation exists yet,KBDL-CMP-105 additionally cites the unapproved KBDL-RSP-011 as related context; KBDL-CMP-111 additionally depends on the eventual KBDL-RSP-002 value for its exact trigger point,False,False
KBDL-CMP-105,Manual review once implemented; project-owner review of the Recommended subset (not yet performed),Not verified — no implementation exists yet,KBDL-CMP-105 additionally cites the unapproved KBDL-RSP-011 as related context; KBDL-CMP-111 additionally depends on the eventual KBDL-RSP-002 value for its exact trigger point,False,False
KBDL-CMP-106,Manual review once implemented; project-owner review of the Recommended subset (not yet performed),Not verified — no implementation exists yet,KBDL-CMP-105 additionally cites the unapproved KBDL-RSP-011 as related context; KBDL-CMP-111 additionally depends on the eventual KBDL-RSP-002 value for its exact trigger point,False,False
KBDL-CMP-107,Manual review once implemented; project-owner review of the Recommended subset (not yet performed),Not verified — no implementation exists yet,KBDL-CMP-105 additionally cites the unapproved KBDL-RSP-011 as related context; KBDL-CMP-111 additionally depends on the eventual KBDL-RSP-002 value for its exact trigger point,False,False
KBDL-CMP-108,Manual review once implemented; project-owner review of the Recommended subset (not yet performed),Not verified — no implementation exists yet,KBDL-CMP-105 additionally cites the unapproved KBDL-RSP-011 as related context; KBDL-CMP-111 additionally depends on the eventual KBDL-RSP-002 value for its exact trigger point,False,False
KBDL-CMP-109,Manual review once implemented; project-owner review of the Recommended subset (not yet performed),Not verified — no implementation exists yet,KBDL-CMP-105 additionally cites the unapproved KBDL-RSP-011 as related context; KBDL-CMP-111 additionally depends on the eventual KBDL-RSP-002 value for its exact trigger point,False,False
KBDL-CMP-110,Manual review once implemented; project-owner review of the Recommended subset (not yet performed),Not verified — no implementation exists yet,KBDL-CMP-105 additionally cites the unapproved KBDL-RSP-011 as related context; KBDL-CMP-111 additionally depends on the eventual KBDL-RSP-002 value for its exact trigger point,False,False
KBDL-CMP-111,Manual review once implemented; project-owner review of the Recommended subset (not yet performed),Not verified — no implementation exists yet,KBDL-CMP-105 additionally cites the unapproved KBDL-RSP-011 as related context; KBDL-CMP-111 additionally depends on the eventual KBDL-RSP-002 value for its exact trigger point,False,False
KBDL-CUS-001,"Per-ID record, authority, classification, workflow, field, impact, proposal, exception, history, or rollback audit; evidence Not verified because no project customization exists",Not verified — validation method has not been executed,Exact local operational policies remain Recommended; implementation behavior is absent,False,False
KBDL-CUS-002,"Per-ID record, authority, classification, workflow, field, impact, proposal, exception, history, or rollback audit; evidence Not verified because no project customization exists",Not verified — validation method has not been executed,Exact local operational policies remain Recommended; implementation behavior is absent,False,False
KBDL-CUS-003,"Per-ID record, authority, classification, workflow, field, impact, proposal, exception, history, or rollback audit; evidence Not verified because no project customization exists",Not verified — validation method has not been executed,Exact local operational policies remain Recommended; implementation behavior is absent,False,False
KBDL-CUS-004,"Per-ID record, authority, classification, workflow, field, impact, proposal, exception, history, or rollback audit; evidence Not verified because no project customization exists",Not verified — validation method has not been executed,Exact local operational policies remain Recommended; implementation behavior is absent,False,False
KBDL-CUS-005,"Per-ID record, authority, classification, workflow, field, impact, proposal, exception, history, or rollback audit; evidence Not verified because no project customization exists",Not verified — validation method has not been executed,Exact local operational policies remain Recommended; implementation behavior is absent,False,False
KBDL-CUS-006,"Per-ID record, authority, classification, workflow, field, impact, proposal, exception, history, or rollback audit; evidence Not verified because no project customization exists",Not verified — validation method has not been executed,Exact local operational policies remain Recommended; implementation behavior is absent,False,False
KBDL-CUS-007,"Per-ID record, authority, classification, workflow, field, impact, proposal, exception, history, or rollback audit; evidence Not verified because no project customization exists",Not verified — validation method has not been executed,Exact local operational policies remain Recommended; implementation behavior is absent,False,False
KBDL-CUS-008,"Per-ID record, authority, classification, workflow, field, impact, proposal, exception, history, or rollback audit; evidence Not verified because no project customization exists",Not verified — validation method has not been executed,Exact local operational policies remain Recommended; implementation behavior is absent,False,False
KBDL-CUS-009,"Per-ID record, authority, classification, workflow, field, impact, proposal, exception, history, or rollback audit; evidence Not verified because no project customization exists",Not verified — validation method has not been executed,Exact local operational policies remain Recommended; implementation behavior is absent,False,False
KBDL-CUS-010,"Per-ID record, authority, classification, workflow, field, impact, proposal, exception, history, or rollback audit; evidence Not verified because no project customization exists",Not verified — validation method has not been executed,Exact local operational policies remain Recommended; implementation behavior is absent,False,False
KBDL-CUS-011,"Per-ID record, authority, classification, workflow, field, impact, proposal, exception, history, or rollback audit; evidence Not verified because no project customization exists",Not verified — validation method has not been executed,Exact local operational policies remain Recommended; implementation behavior is absent,False,False
KBDL-CUS-012,"Per-ID record, authority, classification, workflow, field, impact, proposal, exception, history, or rollback audit; evidence Not verified because no project customization exists",Not verified — validation method has not been executed,Exact local operational policies remain Recommended; implementation behavior is absent,False,False
KBDL-CUS-013,"Owning-module value, parity, safety, outcome, WCAG, component-contract, invariant, security, or handoff audit; evidence Not verified",Not verified — validation method has not been executed,No project implementation exists; every listed earlier recommendation remains excluded,False,False
KBDL-CUS-014,"Owning-module value, parity, safety, outcome, WCAG, component-contract, invariant, security, or handoff audit; evidence Not verified",Not verified — validation method has not been executed,No project implementation exists; every listed earlier recommendation remains excluded,False,False
KBDL-CUS-015,"Owning-module value, parity, safety, outcome, WCAG, component-contract, invariant, security, or handoff audit; evidence Not verified",Not verified — validation method has not been executed,No project implementation exists; every listed earlier recommendation remains excluded,False,False
KBDL-CUS-016,"Owning-module value, parity, safety, outcome, WCAG, component-contract, invariant, security, or handoff audit; evidence Not verified",Not verified — validation method has not been executed,No project implementation exists; every listed earlier recommendation remains excluded,False,False
KBDL-CUS-017,"Owning-module value, parity, safety, outcome, WCAG, component-contract, invariant, security, or handoff audit; evidence Not verified",Not verified — validation method has not been executed,No project implementation exists; every listed earlier recommendation remains excluded,False,False
KBDL-CUS-018,"Owning-module value, parity, safety, outcome, WCAG, component-contract, invariant, security, or handoff audit; evidence Not verified",Not verified — validation method has not been executed,No project implementation exists; every listed earlier recommendation remains excluded,False,False
KBDL-CUS-019,"Owning-module value, parity, safety, outcome, WCAG, component-contract, invariant, security, or handoff audit; evidence Not verified",Not verified — validation method has not been executed,No project implementation exists; every listed earlier recommendation remains excluded,False,False
KBDL-CUS-020,"Owning-module value, parity, safety, outcome, WCAG, component-contract, invariant, security, or handoff audit; evidence Not verified",Not verified — validation method has not been executed,No project implementation exists; every listed earlier recommendation remains excluded,False,False
KBDL-CUS-021,"Owning-module value, parity, safety, outcome, WCAG, component-contract, invariant, security, or handoff audit; evidence Not verified",Not verified — validation method has not been executed,No project implementation exists; every listed earlier recommendation remains excluded,False,False
KBDL-CUS-022,"Owning-module value, parity, safety, outcome, WCAG, component-contract, invariant, security, or handoff audit; evidence Not verified",Not verified — validation method has not been executed,No project implementation exists; every listed earlier recommendation remains excluded,False,False
KBDL-CUS-023,Project-owner review; not yet performed,Not verified — validation method has not been executed,Exact policies are not authorized,False,False
KBDL-CUS-024,Project-owner review; not yet performed,Not verified — validation method has not been executed,Exact policies are not authorized,False,False
KBDL-CUS-025,Project-owner review; not yet performed,Not verified — validation method has not been executed,Exact policies are not authorized,False,False
KBDL-CUS-026,Project-owner review; not yet performed,Not verified — validation method has not been executed,Exact policies are not authorized,False,False
KBDL-CUS-027,Project-owner review; not yet performed,Not verified — validation method has not been executed,Exact policies are not authorized,False,False
KBDL-CUS-028,Project-owner review; not yet performed,Not verified — validation method has not been executed,Exact policies are not authorized,False,False
KBDL-CUS-029,Project-owner review; not yet performed,Not verified — validation method has not been executed,Exact policies are not authorized,False,False
KBDL-CUS-030,Not applicable until resumed; no evidence,Not verified — validation method has not been executed,No machine-readable format or tooling is authorized,False,False
KBDL-FND-001,Manual review of role names and color-only-meaning usage at each later module's approval gate,Not verified — no theme or component content exists yet to check role usage against,Cannot be fully validated until THM and CMP requirements exist,False,False
KBDL-FND-002,Manual review of role names and color-only-meaning usage at each later module's approval gate,Not verified — no theme or component content exists yet to check role usage against,Cannot be fully validated until THM and CMP requirements exist,False,False
KBDL-FND-003,Manual review of spacing usage and breakpoint justification once RSP requirements exist,Not verified — no responsive-behavior module exists yet,Cannot be fully validated until RSP requirements exist,False,False
KBDL-FND-004,Manual review of spacing usage and breakpoint justification once RSP requirements exist,Not verified — no responsive-behavior module exists yet,Cannot be fully validated until RSP requirements exist,False,False
KBDL-FND-005,"Manual review confirming each elevation level states a simplified fallback, and that icon/media required principles explicitly state the state-clarity and reduced-motion anticipation rules","Manual completeness review recorded in the KBDL-003 commit — confirmed all five elevation levels list a non-shadow-dependent fallback, and both icon and media sections state their respective anticipation requirements",None identified,False,False
KBDL-FND-006,"Manual review confirming each elevation level states a simplified fallback, and that icon/media required principles explicitly state the state-clarity and reduced-motion anticipation rules","Manual completeness review recorded in the KBDL-003 commit — confirmed all five elevation levels list a non-shadow-dependent fallback, and both icon and media sections state their respective anticipation requirements",None identified,False,False
KBDL-FND-007,"Manual review confirming each elevation level states a simplified fallback, and that icon/media required principles explicitly state the state-clarity and reduced-motion anticipation rules","Manual completeness review recorded in the KBDL-003 commit — confirmed all five elevation levels list a non-shadow-dependent fallback, and both icon and media sections state their respective anticipation requirements",None identified,False,False
KBDL-FND-008,Manual cross-profile consistency review once the project-profiles module (PRO) is approved,Not verified — PRO requirements do not exist yet,Cannot be fully validated until PRO requirements exist,False,False
KBDL-FND-009,"WCAG relative-luminance contrast calculation (completed for the color pairs listed); project-owner review (completed — see KBDL-DEC-012); typeface-licensing verification (not yet performed, applies to a future specific font-family decision)","Contrast-ratio table in foundations/color.md §4, computed via a local dependency-free script (see the KBDL-003 validation evidence for the script and full output). Updated under KBDL-003-R1: neutral-50 (3.25:1) was found to fail the 4.5:1 normal-text threshold and is now restricted to large-text/non-text-UI/decorative use only; a new neutral-60 (5.59:1) was added and verified as the safe value for normal-sized secondary/tertiary text","Approval authorizes these defaults for implementation; it does not itself constitute rendering, brand-suitability, or licensing validation — those remain Not verified as noted above",False,False
KBDL-FND-010,"WCAG relative-luminance contrast calculation (completed for the color pairs listed); project-owner review (completed — see KBDL-DEC-012); typeface-licensing verification (not yet performed, applies to a future specific font-family decision)","Contrast-ratio table in foundations/color.md §4, computed via a local dependency-free script (see the KBDL-003 validation evidence for the script and full output). Updated under KBDL-003-R1: neutral-50 (3.25:1) was found to fail the 4.5:1 normal-text threshold and is now restricted to large-text/non-text-UI/decorative use only; a new neutral-60 (5.59:1) was added and verified as the safe value for normal-sized secondary/tertiary text","Approval authorizes these defaults for implementation; it does not itself constitute rendering, brand-suitability, or licensing validation — those remain Not verified as noted above",False,False
KBDL-FND-011,"WCAG relative-luminance contrast calculation (completed for the color pairs listed); project-owner review (completed — see KBDL-DEC-012); typeface-licensing verification (not yet performed, applies to a future specific font-family decision)","Contrast-ratio table in foundations/color.md §4, computed via a local dependency-free script (see the KBDL-003 validation evidence for the script and full output). Updated under KBDL-003-R1: neutral-50 (3.25:1) was found to fail the 4.5:1 normal-text threshold and is now restricted to large-text/non-text-UI/decorative use only; a new neutral-60 (5.59:1) was added and verified as the safe value for normal-sized secondary/tertiary text","Approval authorizes these defaults for implementation; it does not itself constitute rendering, brand-suitability, or licensing validation — those remain Not verified as noted above",False,False
KBDL-FND-012,"WCAG relative-luminance contrast calculation (completed for the color pairs listed); project-owner review (completed — see KBDL-DEC-012); typeface-licensing verification (not yet performed, applies to a future specific font-family decision)","Contrast-ratio table in foundations/color.md §4, computed via a local dependency-free script (see the KBDL-003 validation evidence for the script and full output). Updated under KBDL-003-R1: neutral-50 (3.25:1) was found to fail the 4.5:1 normal-text threshold and is now restricted to large-text/non-text-UI/decorative use only; a new neutral-60 (5.59:1) was added and verified as the safe value for normal-sized secondary/tertiary text","Approval authorizes these defaults for implementation; it does not itself constitute rendering, brand-suitability, or licensing validation — those remain Not verified as noted above",False,False
KBDL-GOV-001,"Manual review — heading hierarchy, relative-link resolution, and heading-anchor correctness checked across all KBDL-001 files",Manual review recorded in commit 2d356b4 (KBDL-001 initial commit); re-checked for this remediation in commit-to-follow (see decision-register.md § KBDL-DEC-011),"No automated Markdown linter or link checker was available in this environment; verification is manual, not tool-based",False,False
KBDL-GOV-002,Manual review; no automated check is applicable yet,Not verified — no A11Y requirement exists yet for this rule to be checked against,"Cannot be validated against a real accessibility requirement, since none exist yet",False,False
KBDL-GOV-003,"Manual review against this prompt's required governance topics (ownership, proposal, review, approval, scope-change, exception, deprecation, versioning, documentation-update, accessibility/motion/responsive review, conformance-review, conflict-resolution, restoration, evidence)","Manual review recorded in commit 2d356b4, corrected in the remediation commit for this status-model fix",None identified,False,False
KBDL-MOT-001,Manual review confirming every documented pattern cites an approved purpose; manual terminology-consistency review (performed),Manual review recorded in motion/validation.md §6,"Per-component purpose assignment depends on the Components module (CMP), not yet reached",False,False
KBDL-MOT-002,Manual review confirming every documented pattern cites an approved purpose; manual terminology-consistency review (performed),Manual review recorded in motion/validation.md §6,"Per-component purpose assignment depends on the Components module (CMP), not yet reached",False,False
KBDL-MOT-003,Manual review confirming every documented pattern cites an approved purpose; manual terminology-consistency review (performed),Manual review recorded in motion/validation.md §6,"Per-component purpose assignment depends on the Components module (CMP), not yet reached",False,False
KBDL-MOT-004,"Manual completeness review per category (performed); project-owner review of the hierarchy/intensity model (performed, see KBDL-DEC-014)",Manual review recorded in motion/validation.md §1,"Exceptional-level (Level 4) usage requires project-owner review each time; not yet exercised, since no implementation exists",False,False
KBDL-MOT-005,"Manual completeness review per category (performed); project-owner review of the hierarchy/intensity model (performed, see KBDL-DEC-014)",Manual review recorded in motion/validation.md §1,"Exceptional-level (Level 4) usage requires project-owner review each time; not yet exercised, since no implementation exists",False,False
KBDL-MOT-006,"Manual completeness review per category (performed); project-owner review of the hierarchy/intensity model (performed, see KBDL-DEC-014)",Manual review recorded in motion/validation.md §1,"Exceptional-level (Level 4) usage requires project-owner review each time; not yet exercised, since no implementation exists",False,False
KBDL-MOT-007,"Manual internal-consistency review (performed, see motion/validation.md §2); project-owner review (performed, see KBDL-DEC-014); implementation-level review once an implementation exists","motion/validation.md §2 — every value has a stated purpose, exit durations are equal to or shorter than paired entrances, and no value is marked Verified without implementation evidence","Approval is a lifecycle decision, not implementation validation; these values must not be treated as Verified until an implementation exists and is measured",False,False
KBDL-MOT-008,"Manual internal-consistency review (performed, see motion/validation.md §2); project-owner review (performed, see KBDL-DEC-014); implementation-level review once an implementation exists","motion/validation.md §2 — every value has a stated purpose, exit durations are equal to or shorter than paired entrances, and no value is marked Verified without implementation evidence","Approval is a lifecycle decision, not implementation validation; these values must not be treated as Verified until an implementation exists and is measured",False,False
KBDL-MOT-009,"Manual internal-consistency review (performed, see motion/validation.md §2); project-owner review (performed, see KBDL-DEC-014); implementation-level review once an implementation exists","motion/validation.md §2 — every value has a stated purpose, exit durations are equal to or shorter than paired entrances, and no value is marked Verified without implementation evidence","Approval is a lifecycle decision, not implementation validation; these values must not be treated as Verified until an implementation exists and is measured",False,False
KBDL-MOT-010,"Manual review once implemented; project-owner review of KBDL-MOT-010/011 (performed, see KBDL-DEC-014)",Not verified — no implementation exists yet,Exact pixel/percentage movement and scale values are deferred to the Components module,False,False
KBDL-MOT-011,"Manual review once implemented; project-owner review of KBDL-MOT-010/011 (performed, see KBDL-DEC-014)",Not verified — no implementation exists yet,Exact pixel/percentage movement and scale values are deferred to the Components module,False,False
KBDL-MOT-012,"Manual review once implemented; project-owner review of KBDL-MOT-010/011 (performed, see KBDL-DEC-014)",Not verified — no implementation exists yet,Exact pixel/percentage movement and scale values are deferred to the Components module,False,False
KBDL-MOT-013,"Manual review once implemented; project-owner review of KBDL-MOT-013 (performed, see KBDL-DEC-014)",Not verified — no implementation exists yet,Exact repetition limits (attention motion) and scroll thresholds remain qualitative pending implementation-level review,False,False
KBDL-MOT-014,"Manual review once implemented; project-owner review of KBDL-MOT-013 (performed, see KBDL-DEC-014)",Not verified — no implementation exists yet,Exact repetition limits (attention motion) and scroll thresholds remain qualitative pending implementation-level review,False,False
KBDL-MOT-015,"Manual review once implemented; project-owner review of KBDL-MOT-013 (performed, see KBDL-DEC-014)",Not verified — no implementation exists yet,Exact repetition limits (attention motion) and scroll thresholds remain qualitative pending implementation-level review,False,False
KBDL-MOT-016,"Manual review once implemented; project-owner review of KBDL-MOT-013 (performed, see KBDL-DEC-014)",Not verified — no implementation exists yet,Exact repetition limits (attention motion) and scroll thresholds remain qualitative pending implementation-level review,False,False
KBDL-MOT-017,"Manual review once implemented; project-owner review of KBDL-MOT-013 (performed, see KBDL-DEC-014)",Not verified — no implementation exists yet,Exact repetition limits (attention motion) and scroll thresholds remain qualitative pending implementation-level review,False,False
KBDL-MOT-018,"Manual review once implemented; project-owner review of KBDL-MOT-013 (performed, see KBDL-DEC-014)",Not verified — no implementation exists yet,Exact repetition limits (attention motion) and scroll thresholds remain qualitative pending implementation-level review,False,False
KBDL-MOT-019,"Manual review once implemented; project-owner review of KBDL-MOT-013 (performed, see KBDL-DEC-014)",Not verified — no implementation exists yet,Exact repetition limits (attention motion) and scroll thresholds remain qualitative pending implementation-level review,False,False
KBDL-MOT-020,"Manual review of the worked example (performed); project-owner review (performed, see KBDL-DEC-014)","motion/patterns.md §8 — conceptually verified against the already-Verified opaque contrast pair (17.17:1, unrelated example) and the KBDL-004 non-blocking/readability requirements; no live implementation has been rendered or measured",No intermediate-frame contrast measurement has actually been performed against a live implementation,False,False
KBDL-MOT-021,"Manual parity/safety/performance review performed conceptually (see motion/validation.md §3, §4); implementation-level measurement not yet performed","motion/validation.md §3 (reduced-motion parity, passed) and motion/validation.md §4 (pattern coverage, passed)","No implementation exists to measure actual frame rate, input latency, or cross-input-method behavior",False,False
KBDL-MOT-022,"Manual parity/safety/performance review performed conceptually (see motion/validation.md §3, §4); implementation-level measurement not yet performed","motion/validation.md §3 (reduced-motion parity, passed) and motion/validation.md §4 (pattern coverage, passed)","No implementation exists to measure actual frame rate, input latency, or cross-input-method behavior",False,False
KBDL-MOT-023,"Manual parity/safety/performance review performed conceptually (see motion/validation.md §3, §4); implementation-level measurement not yet performed","motion/validation.md §3 (reduced-motion parity, passed) and motion/validation.md §4 (pattern coverage, passed)","No implementation exists to measure actual frame rate, input latency, or cross-input-method behavior",False,False
KBDL-MOT-024,"Manual parity/safety/performance review performed conceptually (see motion/validation.md §3, §4); implementation-level measurement not yet performed","motion/validation.md §3 (reduced-motion parity, passed) and motion/validation.md §4 (pattern coverage, passed)","No implementation exists to measure actual frame rate, input latency, or cross-input-method behavior",False,False
KBDL-MOT-025,"Manual parity/safety/performance review performed conceptually (see motion/validation.md §3, §4); implementation-level measurement not yet performed","motion/validation.md §3 (reduced-motion parity, passed) and motion/validation.md §4 (pattern coverage, passed)","No implementation exists to measure actual frame rate, input latency, or cross-input-method behavior",False,False
KBDL-MOT-026,"Manual parity/safety/performance review performed conceptually (see motion/validation.md §3, §4); implementation-level measurement not yet performed","motion/validation.md §3 (reduced-motion parity, passed) and motion/validation.md §4 (pattern coverage, passed)","No implementation exists to measure actual frame rate, input latency, or cross-input-method behavior",False,False
KBDL-MOT-027,"Manual parity/safety/performance review performed conceptually (see motion/validation.md §3, §4); implementation-level measurement not yet performed","motion/validation.md §3 (reduced-motion parity, passed) and motion/validation.md §4 (pattern coverage, passed)","No implementation exists to measure actual frame rate, input latency, or cross-input-method behavior",False,False
KBDL-MOT-028,"Manual review once implemented; project-owner review via the motion decision packet (performed, see KBDL-DEC-014, items 6–9 and 11–13)",Not verified — no implementation exists yet; conceptual manual review recorded in motion/validation.md where applicable,"Approval is a lifecycle decision, not implementation validation; these values must not be treated as Verified until an implementation exists and is measured",False,False
KBDL-MOT-029,"Manual review once implemented; project-owner review via the motion decision packet (performed, see KBDL-DEC-014, items 6–9 and 11–13)",Not verified — no implementation exists yet; conceptual manual review recorded in motion/validation.md where applicable,"Approval is a lifecycle decision, not implementation validation; these values must not be treated as Verified until an implementation exists and is measured",False,False
KBDL-MOT-030,"Manual review once implemented; project-owner review via the motion decision packet (performed, see KBDL-DEC-014, items 6–9 and 11–13)",Not verified — no implementation exists yet; conceptual manual review recorded in motion/validation.md where applicable,"Approval is a lifecycle decision, not implementation validation; these values must not be treated as Verified until an implementation exists and is measured",False,False
KBDL-MOT-031,"Manual review once implemented; project-owner review via the motion decision packet (performed, see KBDL-DEC-014, items 6–9 and 11–13)",Not verified — no implementation exists yet; conceptual manual review recorded in motion/validation.md where applicable,"Approval is a lifecycle decision, not implementation validation; these values must not be treated as Verified until an implementation exists and is measured",False,False
KBDL-MOT-032,"Manual review once implemented; project-owner review via the motion decision packet (performed, see KBDL-DEC-014, items 6–9 and 11–13)",Not verified — no implementation exists yet; conceptual manual review recorded in motion/validation.md where applicable,"Approval is a lifecycle decision, not implementation validation; these values must not be treated as Verified until an implementation exists and is measured",False,False
KBDL-MOT-033,"Manual review once implemented; project-owner review via the motion decision packet (performed, see KBDL-DEC-014, items 6–9 and 11–13)",Not verified — no implementation exists yet; conceptual manual review recorded in motion/validation.md where applicable,"Approval is a lifecycle decision, not implementation validation; these values must not be treated as Verified until an implementation exists and is measured",False,False
KBDL-MOT-034,"Manual review once implemented; project-owner review via the motion decision packet (performed, see KBDL-DEC-014, items 6–9 and 11–13)",Not verified — no implementation exists yet; conceptual manual review recorded in motion/validation.md where applicable,"Approval is a lifecycle decision, not implementation validation; these values must not be treated as Verified until an implementation exists and is measured",False,False
KBDL-PRN-001,Manual design review against Section 1 at each later module's approval gate,"Not verified — validation method has not yet been run against a later module, since none exist yet","Cannot be checked against real foundation, theme, or component content until those modules exist",False,False
KBDL-PRN-002,Manual review of design decisions against the priority order,Not verified,No real design decisions exist yet to test the priority order against,False,False
KBDL-PRN-003,"Manual review confirming all nine principles include every required field (normative statement, purpose, required/prohibited behavior, profile interpretation, accessibility/responsive/motion implications, review questions) and that the nine required concepts (clarity before spectacle, precision, comprehension, hierarchy, controlled expression, consistency, adaptability, accessibility by default, performance) are all present",Not verified — the requirement's later-module approval-gate method has not been executed completely,Complete evidence across every later module is unavailable,False,False
KBDL-PRN-004,"Manual cross-reference review once foundation, theme, and responsive modules are approved",Not verified — dependent modules do not exist yet,"Cannot be fully validated until FND, THM, and RSP requirements exist",False,False
KBDL-PRN-005,"Manual review confirming all three categories (locked, controlled, open) address every element listed in this prompt's scope, and that no final ranges or values were introduced",Not verified — the requirement's full later-module and implementation review has not been executed,Controlled-variable ranges are intentionally undefined pending later modules,False,False
KBDL-PRN-006,Manual review of decision records against the hierarchy; conflicts escalated per governance's conflict-resolution process,Not verified — no real design decision has been escalated through this hierarchy yet,None identified,False,False
KBDL-PRN-007,Manual cross-profile consistency review once the project-profiles module is approved,Not verified — the project-profiles module (PRO) does not exist yet,Cannot be fully validated until PRO requirements exist,False,False
KBDL-PRN-008,"Manual count and coverage review confirming at least six conforming examples spanning all three profiles, both themes, an expressive moment, a repeated workflow, and a mobile context; and at least eight non-conforming patterns each with reason, broken principle, risk, and correction",Not verified — example-count evidence does not execute the requirement's later-module conformance-review method,Examples are conceptual; no mockups or token values exist to check them against yet,False,False
KBDL-PRO-001,Manual cross-module architecture review once implemented; project-owner review of KBDL-PRO-009 (not yet performed),Not verified — no implementation exists yet,"KBDL-PRO-001–008: implementation-dependent, not yet verified. KBDL-PRO-009: Recommended, grants no implementation authority pending project-owner review",False,False
KBDL-PRO-002,Manual cross-module architecture review once implemented; project-owner review of KBDL-PRO-009 (not yet performed),Not verified — no implementation exists yet,"KBDL-PRO-001–008: implementation-dependent, not yet verified. KBDL-PRO-009: Recommended, grants no implementation authority pending project-owner review",False,False
KBDL-PRO-003,Manual cross-module architecture review once implemented; project-owner review of KBDL-PRO-009 (not yet performed),Not verified — no implementation exists yet,"KBDL-PRO-001–008: implementation-dependent, not yet verified. KBDL-PRO-009: Recommended, grants no implementation authority pending project-owner review",False,False
KBDL-PRO-004,Manual cross-module architecture review once implemented; project-owner review of KBDL-PRO-009 (not yet performed),Not verified — no implementation exists yet,"KBDL-PRO-001–008: implementation-dependent, not yet verified. KBDL-PRO-009: Recommended, grants no implementation authority pending project-owner review",False,False
KBDL-PRO-005,Manual cross-module architecture review once implemented; project-owner review of KBDL-PRO-009 (not yet performed),Not verified — no implementation exists yet,"KBDL-PRO-001–008: implementation-dependent, not yet verified. KBDL-PRO-009: Recommended, grants no implementation authority pending project-owner review",False,False
KBDL-PRO-006,Manual cross-module architecture review once implemented; project-owner review of KBDL-PRO-009 (not yet performed),Not verified — no implementation exists yet,"KBDL-PRO-001–008: implementation-dependent, not yet verified. KBDL-PRO-009: Recommended, grants no implementation authority pending project-owner review",False,False
KBDL-PRO-007,Manual cross-module architecture review once implemented; project-owner review of KBDL-PRO-009 (not yet performed),Not verified — no implementation exists yet,"KBDL-PRO-001–008: implementation-dependent, not yet verified. KBDL-PRO-009: Recommended, grants no implementation authority pending project-owner review",False,False
KBDL-PRO-008,Manual cross-module architecture review once implemented; project-owner review of KBDL-PRO-009 (not yet performed),Not verified — no implementation exists yet,"KBDL-PRO-001–008: implementation-dependent, not yet verified. KBDL-PRO-009: Recommended, grants no implementation authority pending project-owner review",False,False
KBDL-PRO-009,Manual cross-module architecture review once implemented; project-owner review of KBDL-PRO-009 (not yet performed),Not verified — no implementation exists yet,"KBDL-PRO-001–008: implementation-dependent, not yet verified. KBDL-PRO-009: Recommended, grants no implementation authority pending project-owner review",False,False
KBDL-PRO-010,Manual cross-module consistency review once implemented; project-owner review of KBDL-PRO-016/017/018 (not yet performed),Not verified — no implementation exists yet,KBDL-PRO-016 additionally depends on the unapproved KBDL-008 KBDL-CMP-067; KBDL-PRO-018 additionally depends on the unapproved KBDL-007 KBDL-CMP-015/036,False,False
KBDL-PRO-011,Manual cross-module consistency review once implemented; project-owner review of KBDL-PRO-016/017/018 (not yet performed),Not verified — no implementation exists yet,KBDL-PRO-016 additionally depends on the unapproved KBDL-008 KBDL-CMP-067; KBDL-PRO-018 additionally depends on the unapproved KBDL-007 KBDL-CMP-015/036,False,False
KBDL-PRO-012,Manual cross-module consistency review once implemented; project-owner review of KBDL-PRO-016/017/018 (not yet performed),Not verified — no implementation exists yet,KBDL-PRO-016 additionally depends on the unapproved KBDL-008 KBDL-CMP-067; KBDL-PRO-018 additionally depends on the unapproved KBDL-007 KBDL-CMP-015/036,False,False
KBDL-PRO-013,Manual cross-module consistency review once implemented; project-owner review of KBDL-PRO-016/017/018 (not yet performed),Not verified — no implementation exists yet,KBDL-PRO-016 additionally depends on the unapproved KBDL-008 KBDL-CMP-067; KBDL-PRO-018 additionally depends on the unapproved KBDL-007 KBDL-CMP-015/036,False,False
KBDL-PRO-014,Manual cross-module consistency review once implemented; project-owner review of KBDL-PRO-016/017/018 (not yet performed),Not verified — no implementation exists yet,KBDL-PRO-016 additionally depends on the unapproved KBDL-008 KBDL-CMP-067; KBDL-PRO-018 additionally depends on the unapproved KBDL-007 KBDL-CMP-015/036,False,False
KBDL-PRO-015,Manual cross-module consistency review once implemented; project-owner review of KBDL-PRO-016/017/018 (not yet performed),Not verified — no implementation exists yet,KBDL-PRO-016 additionally depends on the unapproved KBDL-008 KBDL-CMP-067; KBDL-PRO-018 additionally depends on the unapproved KBDL-007 KBDL-CMP-015/036,False,False
KBDL-PRO-016,Manual cross-module consistency review once implemented; project-owner review of KBDL-PRO-016/017/018 (not yet performed),Not verified — no implementation exists yet,KBDL-PRO-016 additionally depends on the unapproved KBDL-008 KBDL-CMP-067; KBDL-PRO-018 additionally depends on the unapproved KBDL-007 KBDL-CMP-015/036,False,False
KBDL-PRO-017,Manual cross-module consistency review once implemented; project-owner review of KBDL-PRO-016/017/018 (not yet performed),Not verified — no implementation exists yet,KBDL-PRO-016 additionally depends on the unapproved KBDL-008 KBDL-CMP-067; KBDL-PRO-018 additionally depends on the unapproved KBDL-007 KBDL-CMP-015/036,False,False
KBDL-PRO-018,Manual cross-module consistency review once implemented; project-owner review of KBDL-PRO-016/017/018 (not yet performed),Not verified — no implementation exists yet,KBDL-PRO-016 additionally depends on the unapproved KBDL-008 KBDL-CMP-067; KBDL-PRO-018 additionally depends on the unapproved KBDL-007 KBDL-CMP-015/036,False,False
KBDL-PRO-019,Manual review once implemented; project-owner review of KBDL-PRO-027/028/029 (not yet performed),Not verified — no implementation exists yet,"KBDL-PRO-019–026: implementation-dependent, not yet verified. KBDL-PRO-027, 029: Recommended, grants no implementation authority pending project-owner review. KBDL-PRO-028: Recommended, grants no implementation authority pending project-owner review",False,False
KBDL-PRO-020,Manual review once implemented; project-owner review of KBDL-PRO-027/028/029 (not yet performed),Not verified — no implementation exists yet,"KBDL-PRO-019–026: implementation-dependent, not yet verified. KBDL-PRO-027, 029: Recommended, grants no implementation authority pending project-owner review. KBDL-PRO-028: Recommended, grants no implementation authority pending project-owner review",False,False
KBDL-PRO-021,Manual review once implemented; project-owner review of KBDL-PRO-027/028/029 (not yet performed),Not verified — no implementation exists yet,"KBDL-PRO-019–026: implementation-dependent, not yet verified. KBDL-PRO-027, 029: Recommended, grants no implementation authority pending project-owner review. KBDL-PRO-028: Recommended, grants no implementation authority pending project-owner review",False,False
KBDL-PRO-022,Manual review once implemented; project-owner review of KBDL-PRO-027/028/029 (not yet performed),Not verified — no implementation exists yet,"KBDL-PRO-019–026: implementation-dependent, not yet verified. KBDL-PRO-027, 029: Recommended, grants no implementation authority pending project-owner review. KBDL-PRO-028: Recommended, grants no implementation authority pending project-owner review",False,False
KBDL-PRO-023,Manual review once implemented; project-owner review of KBDL-PRO-027/028/029 (not yet performed),Not verified — no implementation exists yet,"KBDL-PRO-019–026: implementation-dependent, not yet verified. KBDL-PRO-027, 029: Recommended, grants no implementation authority pending project-owner review. KBDL-PRO-028: Recommended, grants no implementation authority pending project-owner review",False,False
KBDL-PRO-024,Manual review once implemented; project-owner review of KBDL-PRO-027/028/029 (not yet performed),Not verified — no implementation exists yet,"KBDL-PRO-019–026: implementation-dependent, not yet verified. KBDL-PRO-027, 029: Recommended, grants no implementation authority pending project-owner review. KBDL-PRO-028: Recommended, grants no implementation authority pending project-owner review",False,False
KBDL-PRO-025,Manual review once implemented; project-owner review of KBDL-PRO-027/028/029 (not yet performed),Not verified — no implementation exists yet,"KBDL-PRO-019–026: implementation-dependent, not yet verified. KBDL-PRO-027, 029: Recommended, grants no implementation authority pending project-owner review. KBDL-PRO-028: Recommended, grants no implementation authority pending project-owner review",False,False
KBDL-PRO-026,Manual review once implemented; project-owner review of KBDL-PRO-027/028/029 (not yet performed),Not verified — no implementation exists yet,"KBDL-PRO-019–026: implementation-dependent, not yet verified. KBDL-PRO-027, 029: Recommended, grants no implementation authority pending project-owner review. KBDL-PRO-028: Recommended, grants no implementation authority pending project-owner review",False,False
KBDL-PRO-027,Manual review once implemented; project-owner review of KBDL-PRO-027/028/029 (not yet performed),Not verified — no implementation exists yet,"KBDL-PRO-019–026: implementation-dependent, not yet verified. KBDL-PRO-027, 029: Recommended, grants no implementation authority pending project-owner review. KBDL-PRO-028: Recommended, grants no implementation authority pending project-owner review",False,False
KBDL-PRO-028,Manual review once implemented; project-owner review of KBDL-PRO-027/028/029 (not yet performed),Not verified — no implementation exists yet,"KBDL-PRO-019–026: implementation-dependent, not yet verified. KBDL-PRO-027, 029: Recommended, grants no implementation authority pending project-owner review. KBDL-PRO-028: Recommended, grants no implementation authority pending project-owner review",False,False
KBDL-PRO-029,Manual review once implemented; project-owner review of KBDL-PRO-027/028/029 (not yet performed),Not verified — no implementation exists yet,"KBDL-PRO-019–026: implementation-dependent, not yet verified. KBDL-PRO-027, 029: Recommended, grants no implementation authority pending project-owner review. KBDL-PRO-028: Recommended, grants no implementation authority pending project-owner review",False,False
KBDL-RSP-001,Manual reflow/zoom/orientation/order testing once an implementation exists,Not verified — no implementation exists yet,Implementation-dependent; cannot be tested until a real layout exists,False,False
KBDL-RSP-002,Project-owner review (not yet performed); implementation-level review once an implementation exists,Not verified — no implementation exists yet,These are recommendations awaiting project-owner approval; must not be treated as Approved or implemented until that approval is recorded,False,False
KBDL-RSP-003,Project-owner review (not yet performed); implementation-level review once an implementation exists,Not verified — no implementation exists yet,These are recommendations awaiting project-owner approval; must not be treated as Approved or implemented until that approval is recorded,False,False
KBDL-RSP-004,Project-owner review (not yet performed); implementation-level review once an implementation exists,Not verified — no implementation exists yet,These are recommendations awaiting project-owner approval; must not be treated as Approved or implemented until that approval is recorded,False,False
KBDL-RSP-005,Project-owner review (not yet performed); implementation-level review once an implementation exists,Not verified — no implementation exists yet,These are recommendations awaiting project-owner approval; must not be treated as Approved or implemented until that approval is recorded,False,False
KBDL-RSP-006,Manual reflow/zoom/orientation/order testing once an implementation exists,Not verified — no implementation exists yet,Implementation-dependent; cannot be tested until a real layout exists,False,False
KBDL-RSP-007,Manual reflow/zoom/orientation/order testing once an implementation exists,Not verified — no implementation exists yet,Implementation-dependent; cannot be tested until a real layout exists,False,False
KBDL-RSP-008,Manual review once implemented; project-owner review of KBDL-RSP-008/011 (not yet performed),Not verified — no implementation exists yet,Exact collapse thresholds and per-project column-priority rules remain qualitative pending implementation-level review,False,False
KBDL-RSP-009,Manual review once implemented; project-owner review of KBDL-RSP-008/011 (not yet performed),Not verified — no implementation exists yet,Exact collapse thresholds and per-project column-priority rules remain qualitative pending implementation-level review,False,False
KBDL-RSP-010,Manual review once implemented; project-owner review of KBDL-RSP-008/011 (not yet performed),Not verified — no implementation exists yet,Exact collapse thresholds and per-project column-priority rules remain qualitative pending implementation-level review,False,False
KBDL-RSP-011,Manual review once implemented; project-owner review of KBDL-RSP-008/011 (not yet performed),Not verified — no implementation exists yet,Exact collapse thresholds and per-project column-priority rules remain qualitative pending implementation-level review,False,False
KBDL-RSP-012,Manual review once implemented; project-owner review of KBDL-RSP-008/011 (not yet performed),Not verified — no implementation exists yet,Exact collapse thresholds and per-project column-priority rules remain qualitative pending implementation-level review,False,False
KBDL-RSP-013,"Manual keyboard-focus, device, and cross-input testing once implemented",Not verified — no implementation exists yet,Implementation- and device-dependent,False,False
KBDL-RSP-014,"Manual keyboard-focus, device, and cross-input testing once implemented",Not verified — no implementation exists yet,Implementation- and device-dependent,False,False
KBDL-RSP-015,Manual reflow/zoom/orientation/order testing once an implementation exists,Not verified — no implementation exists yet,Implementation-dependent; cannot be tested until a real layout exists,False,False
KBDL-RSP-016,Manual reflow/zoom/orientation/order testing once an implementation exists,Not verified — no implementation exists yet,Implementation-dependent; cannot be tested until a real layout exists,False,False
KBDL-RSP-017,"Manual keyboard-focus, device, and cross-input testing once implemented",Not verified — no implementation exists yet,Implementation- and device-dependent,False,False
KBDL-RSP-018,"Manual keyboard-focus, device, and cross-input testing once implemented",Not verified — no implementation exists yet,Implementation- and device-dependent,False,False
KBDL-RSP-019,"Manual keyboard-focus, device, and cross-input testing once implemented",Not verified — no implementation exists yet,Implementation- and device-dependent,False,False
KBDL-RSP-020,Manual reflow/zoom/orientation/order testing once an implementation exists,Not verified — no implementation exists yet,Implementation-dependent; cannot be tested until a real layout exists,False,False
KBDL-RSP-021,Manual review; implementation-level performance measurement once an implementation exists,Not verified — no implementation exists yet,Performance claims cannot be Verified without a real implementation to measure,False,False
KBDL-RSP-022,Manual review; implementation-level performance measurement once an implementation exists,Not verified — no implementation exists yet,Performance claims cannot be Verified without a real implementation to measure,False,False
KBDL-THM-001,Manual review of role usage against the inventory at each later module's approval gate,Not verified — no component module exists yet to check role usage against,Cannot be fully validated until component modules (CMP) exist,False,False
KBDL-THM-002,"Direct count of every role in the inventory against the actual light and dark mapping tables (re-run under KBDL-004-R1 and again under KBDL-004-R3, not a re-assertion of the prior report each time)","Parity matrix in themes/semantic-roles.md § Parity Matrix — 72 unique roles, 72 light mappings, 72 dark mappings, 1 role-level alias (corrected under KBDL-004-R3, previously miscounted as 2), 0 unresolved; recorded in the KBDL-004-R3 commit. The KBDL-004-R1 re-run found and fixed a real table-formatting defect (an inserted paragraph had broken the Status Families table in light-theme.md §5, orphaning its ""Neutral status"" row)",None identified,False,False
KBDL-THM-003,Manual review of precedence logic once implemented,Not verified — no implementation exists yet,Cannot be validated until an implementation exists,False,False
KBDL-THM-004,Manual review of persistence design once implemented; project-owner review (performed for approval scope),"Not verified — no implementation exists yet; approval is a lifecycle decision, not validation evidence",Cannot be validated until an implementation exists,False,False
KBDL-THM-005,Manual review of any project theme against the documented boundaries; manual cross-profile review once the project-profiles module is approved,Not verified — no project theme or PRO module exists yet,Cannot be fully validated until PRO requirements exist,False,False
KBDL-THM-006,Manual review of any project theme against the documented boundaries; manual cross-profile review once the project-profiles module is approved,Not verified — no project theme or PRO module exists yet,Cannot be fully validated until PRO requirements exist,False,False
KBDL-THM-007,"WCAG relative-luminance contrast calculation via a local dependency-free script (completed for opaque pairs); project-owner review (performed for approval scope, per KBDL-DEC-013)","themes/validation.md §3 — 52 pairs tested, all opaque, all passing their applicable threshold except 4 explicitly decorative-exempt borders/gridlines. The two Informational failures identified in the original KBDL-004 report (3.78:1, 4.21:1) are resolved by a revised hue (#164499) for the Text/Icon/Border/Strong-surface roles, with neutral-10 correctly retained for On-strong-surface content (role assignment corrected under KBDL-004-R2) — see adaptation.md §5.2. The Media caption row was corrected under KBDL-004-R2 to describe a fully opaque neutral-100 band (17.17:1 is directly correct for this pair, not inherited or assumed)","Approval covers the opaque mappings only; opacity values must not be treated as Approved or implemented until a future decision addresses them. The dark theme was independently designed, not inverted from light — see dark-theme.md § Design Strategy for the neutral-60/neutral-50 asymmetry this produced. Translucent opacity values remain entirely out of scope for this row",False,False
KBDL-THM-008,"WCAG relative-luminance contrast calculation via a local dependency-free script (completed for opaque pairs); project-owner review (performed for approval scope, per KBDL-DEC-013)","themes/validation.md §3 — 52 pairs tested, all opaque, all passing their applicable threshold except 4 explicitly decorative-exempt borders/gridlines. The two Informational failures identified in the original KBDL-004 report (3.78:1, 4.21:1) are resolved by a revised hue (#164499) for the Text/Icon/Border/Strong-surface roles, with neutral-10 correctly retained for On-strong-surface content (role assignment corrected under KBDL-004-R2) — see adaptation.md §5.2. The Media caption row was corrected under KBDL-004-R2 to describe a fully opaque neutral-100 band (17.17:1 is directly correct for this pair, not inherited or assumed)","Approval covers the opaque mappings only; opacity values must not be treated as Approved or implemented until a future decision addresses them. The dark theme was independently designed, not inverted from light — see dark-theme.md § Design Strategy for the neutral-60/neutral-50 asymmetry this produced. Translucent opacity values remain entirely out of scope for this row",False,False
KBDL-THM-009,"WCAG contrast calculation (completed for status pairs and the opaque gradient caption substitute); manual review (color-expression, performed for approval scope)","themes/validation.md §3 for the recalculated pairs and themes/adaptation.md §5.2 for the Informational correction record. themes/adaptation.md §4.3 documents both gradient endpoints tested against both candidate text colors and the corrected, fully-opaque caption-band resolution (KBDL-004-R2)","New dark-mode status hues (#7CC4FF, #6FD19A, #E0A840, #FF8A80) were introduced here since the light-mode-only values from KBDL-003 fail contrast against a dark canvas; these dark hues, along with the light-mode Informational value revised to #164499 under KBDL-004-R1, are now Approved as part of the theme layer under KBDL-004-A1 (its correct role assignment — #164499 for Text/Icon/Border/Strong-surface, neutral-10 for On-strong-surface content — was clarified under KBDL-004-R2). Any translucent caption-band variant remains outside this row's approved scope",False,False
KBDL-THM-010,"WCAG contrast calculation (completed for status pairs and the opaque gradient caption substitute); manual review (color-expression, performed for approval scope)","themes/validation.md §3 for the recalculated pairs and themes/adaptation.md §5.2 for the Informational correction record. themes/adaptation.md §4.3 documents both gradient endpoints tested against both candidate text colors and the corrected, fully-opaque caption-band resolution (KBDL-004-R2)","New dark-mode status hues (#7CC4FF, #6FD19A, #E0A840, #FF8A80) were introduced here since the light-mode-only values from KBDL-003 fail contrast against a dark canvas; these dark hues, along with the light-mode Informational value revised to #164499 under KBDL-004-R1, are now Approved as part of the theme layer under KBDL-004-A1 (its correct role assignment — #164499 for Text/Icon/Border/Strong-surface, neutral-10 for On-strong-surface content — was clarified under KBDL-004-R2). Any translucent caption-band variant remains outside this row's approved scope",False,False
KBDL-THM-011,"WCAG contrast calculation (completed for status pairs and the opaque gradient caption substitute); manual review (color-expression, performed for approval scope)","themes/validation.md §3 for the recalculated pairs and themes/adaptation.md §5.2 for the Informational correction record. themes/adaptation.md §4.3 documents both gradient endpoints tested against both candidate text colors and the corrected, fully-opaque caption-band resolution (KBDL-004-R2)","New dark-mode status hues (#7CC4FF, #6FD19A, #E0A840, #FF8A80) were introduced here since the light-mode-only values from KBDL-003 fail contrast against a dark canvas; these dark hues, along with the light-mode Informational value revised to #164499 under KBDL-004-R1, are now Approved as part of the theme layer under KBDL-004-A1 (its correct role assignment — #164499 for Text/Icon/Border/Strong-surface, neutral-10 for On-strong-surface content — was clarified under KBDL-004-R2). Any translucent caption-band variant remains outside this row's approved scope",False,False
KBDL-THM-012,Manual review confirming no timing/easing values were introduced (performed); manual review confirming reduced-motion behavior once implemented,Manual scope-compliance review recorded in the KBDL-004 commit — confirmed zero millisecond/easing values anywhere in docs/kbdl/themes/,"Exact timing/easing depends entirely on KBDL-005, which is eligible for its own future prompt and has not been started by this approval",False,False
KBDL-THM-012a,Manual review confirming no timing/easing values were introduced (performed); manual review confirming reduced-motion behavior once implemented,Manual scope-compliance review recorded in the KBDL-004 commit — confirmed zero millisecond/easing values anywhere in docs/kbdl/themes/,"Exact timing/easing depends entirely on KBDL-005, which is eligible for its own future prompt and has not been started by this approval",False,False
KBDL-THM-013,"Manual review of the full precedence flow once implemented; project-owner review (performed for approval scope, not for implementation)","Not verified — approval is a lifecycle decision, not validation evidence",Cannot be validated until an implementation exists,False,False
KBDL-THM-014,Manual review of the override list once a project theme exists; project-owner review (performed for approval scope),"Not verified — approval is a lifecycle decision, not validation evidence",Cannot be validated until a project theme exists,False,False
KBDL-THM-015,Manual review of context usage against the defined set and rules once implemented; project-owner review (performed for approval scope),"Not verified — approval is a lifecycle decision, not validation evidence",Cannot be validated until an implementation exists,False,False
KBDL-VAL-001,"001: class-assignment audit; 002: repository inventory parser; 003: lifecycle/authority comparison; 004: validation-label/evidence comparison. Executed results are recorded in §4, §8, §9, and §11","Executed evidence — 001: class-assignment audit; 002: repository inventory parser; 003: lifecycle/authority comparison; 004: validation-label/evidence comparison. Executed results are recorded in §4, §8, §9, and §11",These methods validate repository evidence only; they do not execute an implementation,False,False
KBDL-VAL-002,"001: class-assignment audit; 002: repository inventory parser; 003: lifecycle/authority comparison; 004: validation-label/evidence comparison. Executed results are recorded in §4, §8, §9, and §11","Executed evidence — 001: class-assignment audit; 002: repository inventory parser; 003: lifecycle/authority comparison; 004: validation-label/evidence comparison. Executed results are recorded in §4, §8, §9, and §11",These methods validate repository evidence only; they do not execute an implementation,False,False
KBDL-VAL-003,"001: class-assignment audit; 002: repository inventory parser; 003: lifecycle/authority comparison; 004: validation-label/evidence comparison. Executed results are recorded in §4, §8, §9, and §11","Executed evidence — 001: class-assignment audit; 002: repository inventory parser; 003: lifecycle/authority comparison; 004: validation-label/evidence comparison. Executed results are recorded in §4, §8, §9, and §11",These methods validate repository evidence only; they do not execute an implementation,False,False
KBDL-VAL-004,"001: class-assignment audit; 002: repository inventory parser; 003: lifecycle/authority comparison; 004: validation-label/evidence comparison. Executed results are recorded in §4, §8, §9, and §11","Executed evidence — 001: class-assignment audit; 002: repository inventory parser; 003: lifecycle/authority comparison; 004: validation-label/evidence comparison. Executed results are recorded in §4, §8, §9, and §11",These methods validate repository evidence only; they do not execute an implementation,False,False
KBDL-VAL-005,"005: decision/pending ledger audit; 006: per-ID traceability audit; 007: link, anchor, heading, table, ID, roadmap, and claim checks; 008: static invariant comparison. Executed evidence is recorded in the linked sections","Executed evidence — 005: decision/pending ledger audit; 006: per-ID traceability audit; 007: link, anchor, heading, table, ID, roadmap, and claim checks; 008: static invariant comparison. Executed evidence is recorded in the linked sections","Static agreement does not establish runtime, assistive-technology, device, security, or production conformance",False,False
KBDL-VAL-006,"005: decision/pending ledger audit; 006: per-ID traceability audit; 007: link, anchor, heading, table, ID, roadmap, and claim checks; 008: static invariant comparison. Executed evidence is recorded in the linked sections","Executed evidence — 005: decision/pending ledger audit; 006: per-ID traceability audit; 007: link, anchor, heading, table, ID, roadmap, and claim checks; 008: static invariant comparison. Executed evidence is recorded in the linked sections","Static agreement does not establish runtime, assistive-technology, device, security, or production conformance",False,False
KBDL-VAL-007,"005: decision/pending ledger audit; 006: per-ID traceability audit; 007: link, anchor, heading, table, ID, roadmap, and claim checks; 008: static invariant comparison. Executed evidence is recorded in the linked sections","Executed evidence — 005: decision/pending ledger audit; 006: per-ID traceability audit; 007: link, anchor, heading, table, ID, roadmap, and claim checks; 008: static invariant comparison. Executed evidence is recorded in the linked sections","Static agreement does not establish runtime, assistive-technology, device, security, or production conformance",False,False
KBDL-VAL-008,"005: decision/pending ledger audit; 006: per-ID traceability audit; 007: link, anchor, heading, table, ID, roadmap, and claim checks; 008: static invariant comparison. Executed evidence is recorded in the linked sections","Executed evidence — 005: decision/pending ledger audit; 006: per-ID traceability audit; 007: link, anchor, heading, table, ID, roadmap, and claim checks; 008: static invariant comparison. Executed evidence is recorded in the linked sections","Static agreement does not establish runtime, assistive-technology, device, security, or production conformance",False,False
KBDL-VAL-009,009: independently executed WCAG opaque-color contrast calculation; 010: implementation-evidence ledger audit; 011: project-evidence/exclusion ledger audit; 012: completion-claim and approval-gate audit. Results are retained in the linked sections and validator artifacts named there,Executed evidence — 009: independently executed WCAG opaque-color contrast calculation; 010: implementation-evidence ledger audit; 011: project-evidence/exclusion ledger audit; 012: completion-claim and approval-gate audit. Results are retained in the linked sections and validator artifacts named there,"009 excludes unknown alpha/media contexts; 010 and 011 verify ledger honesty, not implementation or project conformance; 012 records a pending gate",False,False
KBDL-VAL-010,009: independently executed WCAG opaque-color contrast calculation; 010: implementation-evidence ledger audit; 011: project-evidence/exclusion ledger audit; 012: completion-claim and approval-gate audit. Results are retained in the linked sections and validator artifacts named there,Executed evidence — 009: independently executed WCAG opaque-color contrast calculation; 010: implementation-evidence ledger audit; 011: project-evidence/exclusion ledger audit; 012: completion-claim and approval-gate audit. Results are retained in the linked sections and validator artifacts named there,"009 excludes unknown alpha/media contexts; 010 and 011 verify ledger honesty, not implementation or project conformance; 012 records a pending gate",False,False
KBDL-VAL-011,009: independently executed WCAG opaque-color contrast calculation; 010: implementation-evidence ledger audit; 011: project-evidence/exclusion ledger audit; 012: completion-claim and approval-gate audit. Results are retained in the linked sections and validator artifacts named there,Executed evidence — 009: independently executed WCAG opaque-color contrast calculation; 010: implementation-evidence ledger audit; 011: project-evidence/exclusion ledger audit; 012: completion-claim and approval-gate audit. Results are retained in the linked sections and validator artifacts named there,"009 excludes unknown alpha/media contexts; 010 and 011 verify ledger honesty, not implementation or project conformance; 012 records a pending gate",False,False
KBDL-VAL-012,009: independently executed WCAG opaque-color contrast calculation; 010: implementation-evidence ledger audit; 011: project-evidence/exclusion ledger audit; 012: completion-claim and approval-gate audit. Results are retained in the linked sections and validator artifacts named there,Executed evidence — 009: independently executed WCAG opaque-color contrast calculation; 010: implementation-evidence ledger audit; 011: project-evidence/exclusion ledger audit; 012: completion-claim and approval-gate audit. Results are retained in the linked sections and validator artifacts named there,"009 excludes unknown alpha/media contexts; 010 and 011 verify ledger honesty, not implementation or project conformance; 012 records a pending gate",False,False
